pool_id,family,budget,strategy,rollouts_used,labels_used,cpu_units,selected_utility,regret_vs_oracle
heldout_aligned_20000,aligned,8,blind_more_rollouts,6,2,14,0.7792894690266073,0.012991492801010751
heldout_aligned_20000,aligned,8,audit_fewer_rollouts,1,2,9,0.5087947511042893,0.2834862107233288
heldout_aligned_20000,aligned,8,calibrated_lcb,6,2,14,0.784149393683232,0.008131568144386092
heldout_aligned_20000,aligned,8,conservative_stop_block,1,2,9,0.5087947511042893,0.2834862107233288
heldout_aligned_20000,aligned,8,oracle_upper_bound,6,0,6,0.7922809618276181,0.0
heldout_aligned_20000,aligned,16,blind_more_rollouts,12,4,28,0.8253270657419474,0.022193927714805994
heldout_aligned_20000,aligned,16,audit_fewer_rollouts,12,4,28,0.83516079386655,0.012360199590203402
heldout_aligned_20000,aligned,16,calibrated_lcb,12,4,28,0.8349434134118066,0.012577580044946801
heldout_aligned_20000,aligned,16,conservative_stop_block,12,4,28,0.8253270657419474,0.022193927714805994
heldout_aligned_20000,aligned,16,oracle_upper_bound,12,0,12,0.8475209934567534,0.0
heldout_aligned_20000,aligned,32,blind_more_rollouts,24,8,56,0.8610503198342511,0.029713941182157644
heldout_aligned_20000,aligned,32,audit_fewer_rollouts,24,8,56,0.8763330072569028,0.014431253759505935
heldout_aligned_20000,aligned,32,calibrated_lcb,24,8,56,0.8738106363791589,0.01695362463724981
heldout_aligned_20000,aligned,32,conservative_stop_block,24,8,56,0.8610503198342511,0.029713941182157644
heldout_aligned_20000,aligned,32,oracle_upper_bound,24,0,24,0.8907642610164087,0.0
heldout_aligned_20000,aligned,64,blind_more_rollouts,48,16,112,0.8797261984027291,0.027801390936029735
heldout_aligned_20000,aligned,64,audit_fewer_rollouts,48,16,112,0.8924167706523873,0.015110818686371541
heldout_aligned_20000,aligned,64,calibrated_lcb,48,16,112,0.89160812227026,0.015919467068498894
heldout_aligned_20000,aligned,64,conservative_stop_block,48,16,112,0.8797261984027291,0.027801390936029735
heldout_aligned_20000,aligned,64,oracle_upper_bound,48,0,48,0.9075275893387589,0.0
heldout_aligned_20001,aligned,8,blind_more_rollouts,6,2,14,0.7885193450723864,0.00703679677889868
heldout_aligned_20001,aligned,8,audit_fewer_rollouts,1,2,9,0.5092302068696241,0.28632593498166103
heldout_aligned_20001,aligned,8,calibrated_lcb,6,2,14,0.7859749727315962,0.00958116911968887
heldout_aligned_20001,aligned,8,conservative_stop_block,1,2,9,0.5092302068696241,0.28632593498166103
heldout_aligned_20001,aligned,8,oracle_upper_bound,6,0,6,0.7955561418512851,0.0
heldout_aligned_20001,aligned,16,blind_more_rollouts,12,4,28,0.8309112502314405,0.01339437621499473
heldout_aligned_20001,aligned,16,audit_fewer_rollouts,12,4,28,0.8269722364474187,0.01733338999901657
heldout_aligned_20001,aligned,16,calibrated_lcb,12,4,28,0.8348050132351648,0.009500613211270492
heldout_aligned_20001,aligned,16,conservative_stop_block,12,4,28,0.8309112502314405,0.01339437621499473
heldout_aligned_20001,aligned,16,oracle_upper_bound,12,0,12,0.8443056264464353,0.0
heldout_aligned_20001,aligned,32,blind_more_rollouts,24,8,56,0.8692291395003241,0.01835021634558054
heldout_aligned_20001,aligned,32,audit_fewer_rollouts,24,8,56,0.8625867253103655,0.02499263053553913
heldout_aligned_20001,aligned,32,calibrated_lcb,24,8,56,0.8754409648301743,0.012138391015730332
heldout_aligned_20001,aligned,32,conservative_stop_block,24,8,56,0.8692291395003241,0.01835021634558054
heldout_aligned_20001,aligned,32,oracle_upper_bound,24,0,24,0.8875793558459046,0.0
heldout_aligned_20001,aligned,64,blind_more_rollouts,48,16,112,0.8872593153490893,0.021097651954301355
heldout_aligned_20001,aligned,64,audit_fewer_rollouts,48,16,112,0.8831240603951807,0.025232906908210007
heldout_aligned_20001,aligned,64,calibrated_lcb,48,16,112,0.8979202556381012,0.010436711665289478
heldout_aligned_20001,aligned,64,conservative_stop_block,48,16,112,0.8872593153490893,0.021097651954301355
heldout_aligned_20001,aligned,64,oracle_upper_bound,48,0,48,0.9083569673033907,0.0
heldout_aligned_20002,aligned,8,blind_more_rollouts,6,2,14,0.7972409343810565,0.007763690152044811
heldout_aligned_20002,aligned,8,audit_fewer_rollouts,1,2,9,0.5174181592193091,0.2875864653137922
heldout_aligned_20002,aligned,8,calibrated_lcb,6,2,14,0.798179332867353,0.006825291665748301
heldout_aligned_20002,aligned,8,conservative_stop_block,1,2,9,0.5174181592193091,0.2875864653137922
heldout_aligned_20002,aligned,8,oracle_upper_bound,6,0,6,0.8050046245331013,0.0
heldout_aligned_20002,aligned,16,blind_more_rollouts,12,4,28,0.8449320536343989,0.012165528277184534
heldout_aligned_20002,aligned,16,audit_fewer_rollouts,1,4,17,0.5093167994130902,0.3477807824984933
heldout_aligned_20002,aligned,16,calibrated_lcb,12,4,28,0.848701056108204,0.008396525803379462
heldout_aligned_20002,aligned,16,conservative_stop_block,1,4,17,0.5093167994130902,0.3477807824984933
heldout_aligned_20002,aligned,16,oracle_upper_bound,12,0,12,0.8570975819115835,0.0
heldout_aligned_20002,aligned,32,blind_more_rollouts,24,8,56,0.8892744030038716,0.011089474506668862
heldout_aligned_20002,aligned,32,audit_fewer_rollouts,24,8,56,0.8876007755167745,0.012763101993765957
heldout_aligned_20002,aligned,32,calibrated_lcb,24,8,56,0.8948179565638168,0.005545920946723681
heldout_aligned_20002,aligned,32,conservative_stop_block,24,8,56,0.8892744030038716,0.011089474506668862
heldout_aligned_20002,aligned,32,oracle_upper_bound,24,0,24,0.9003638775105405,0.0
heldout_aligned_20002,aligned,64,blind_more_rollouts,48,16,112,0.9300898091993014,0.01177650026084709
heldout_aligned_20002,aligned,64,audit_fewer_rollouts,48,16,112,0.9278577330781501,0.014008576381998372
heldout_aligned_20002,aligned,64,calibrated_lcb,48,16,112,0.9360266013737628,0.005839708086385675
heldout_aligned_20002,aligned,64,conservative_stop_block,48,16,112,0.9300898091993014,0.01177650026084709
heldout_aligned_20002,aligned,64,oracle_upper_bound,48,0,48,0.9418663094601485,0.0
heldout_aligned_20003,aligned,8,blind_more_rollouts,6,2,14,0.7902633323171917,0.008036276593890612
heldout_aligned_20003,aligned,8,audit_fewer_rollouts,1,2,9,0.5135734469888708,0.28472616192221156
heldout_aligned_20003,aligned,8,calibrated_lcb,6,2,14,0.7902958536606901,0.008003755250392208
heldout_aligned_20003,aligned,8,conservative_stop_block,1,2,9,0.5135734469888708,0.28472616192221156
heldout_aligned_20003,aligned,8,oracle_upper_bound,6,0,6,0.7982996089110823,0.0
heldout_aligned_20003,aligned,16,blind_more_rollouts,12,4,28,0.8366725458367748,0.011435513489107207
heldout_aligned_20003,aligned,16,audit_fewer_rollouts,12,4,28,0.8374565662680736,0.010651493057808326
heldout_aligned_20003,aligned,16,calibrated_lcb,12,4,28,0.840799939225441,0.007308120100440907
heldout_aligned_20003,aligned,16,conservative_stop_block,12,4,28,0.8366725458367748,0.011435513489107207
heldout_aligned_20003,aligned,16,oracle_upper_bound,12,0,12,0.848108059325882,0.0
heldout_aligned_20003,aligned,32,blind_more_rollouts,24,8,56,0.8678499801532682,0.014905243731026863
heldout_aligned_20003,aligned,32,audit_fewer_rollouts,24,8,56,0.8721059461585683,0.010649277725726769
heldout_aligned_20003,aligned,32,calibrated_lcb,24,8,56,0.8764034805551191,0.006351743329175985
heldout_aligned_20003,aligned,32,conservative_stop_block,24,8,56,0.8678499801532682,0.014905243731026863
heldout_aligned_20003,aligned,32,oracle_upper_bound,24,0,24,0.8827552238842951,0.0
heldout_aligned_20003,aligned,64,blind_more_rollouts,48,16,112,0.8624730875297133,0.03294489391828148
heldout_aligned_20003,aligned,64,audit_fewer_rollouts,48,16,112,0.8733269150063383,0.02209106644165648
heldout_aligned_20003,aligned,64,calibrated_lcb,48,16,112,0.8796119647254889,0.015806016722505922
heldout_aligned_20003,aligned,64,conservative_stop_block,48,16,112,0.8624730875297133,0.03294489391828148
heldout_aligned_20003,aligned,64,oracle_upper_bound,48,0,48,0.8954179814479948,0.0
heldout_aligned_20004,aligned,8,blind_more_rollouts,6,2,14,0.7913995897406076,0.007138705409354684
heldout_aligned_20004,aligned,8,audit_fewer_rollouts,1,2,9,0.5118977379464884,0.2866405572034739
heldout_aligned_20004,aligned,8,calibrated_lcb,6,2,14,0.793864014047663,0.0046742811022992825
heldout_aligned_20004,aligned,8,conservative_stop_block,1,2,9,0.5118977379464884,0.2866405572034739
heldout_aligned_20004,aligned,8,oracle_upper_bound,6,0,6,0.7985382951499623,0.0
heldout_aligned_20004,aligned,16,blind_more_rollouts,12,4,28,0.8425194445319457,0.0106660718586854
heldout_aligned_20004,aligned,16,audit_fewer_rollouts,12,4,28,0.8475804834650731,0.005605032925558029
heldout_aligned_20004,aligned,16,calibrated_lcb,12,4,28,0.8486539495447268,0.004531566845904278
heldout_aligned_20004,aligned,16,conservative_stop_block,12,4,28,0.8425194445319457,0.0106660718586854
heldout_aligned_20004,aligned,16,oracle_upper_bound,12,0,12,0.8531855163906311,0.0
heldout_aligned_20004,aligned,32,blind_more_rollouts,24,8,56,0.8862816803870005,0.014047941082554916
heldout_aligned_20004,aligned,32,audit_fewer_rollouts,24,8,56,0.8931800439642748,0.007149577505280669
heldout_aligned_20004,aligned,32,calibrated_lcb,24,8,56,0.8939485379879136,0.006381083481641792
heldout_aligned_20004,aligned,32,conservative_stop_block,24,8,56,0.8862816803870005,0.014047941082554916
heldout_aligned_20004,aligned,32,oracle_upper_bound,24,0,24,0.9003296214695554,0.0
heldout_aligned_20004,aligned,64,blind_more_rollouts,48,16,112,0.9208260315525245,0.013139773344289951
heldout_aligned_20004,aligned,64,audit_fewer_rollouts,48,16,112,0.9207437298783085,0.013222075018505919
heldout_aligned_20004,aligned,64,calibrated_lcb,48,16,112,0.9148168715481652,0.01914893334864931
heldout_aligned_20004,aligned,64,conservative_stop_block,48,16,112,0.9208260315525245,0.013139773344289951
heldout_aligned_20004,aligned,64,oracle_upper_bound,48,0,48,0.9339658048968145,0.0
heldout_aligned_20005,aligned,8,blind_more_rollouts,6,2,14,0.802181090856184,0.008595999100293406
heldout_aligned_20005,aligned,8,audit_fewer_rollouts,1,2,9,0.5153383156704225,0.2954387742860549
heldout_aligned_20005,aligned,8,calibrated_lcb,6,2,14,0.8048395471405088,0.005937542815968699
heldout_aligned_20005,aligned,8,conservative_stop_block,1,2,9,0.5153383156704225,0.2954387742860549
heldout_aligned_20005,aligned,8,oracle_upper_bound,6,0,6,0.8107770899564775,0.0
heldout_aligned_20005,aligned,16,blind_more_rollouts,12,4,28,0.8582964300462592,0.01295182988724497
heldout_aligned_20005,aligned,16,audit_fewer_rollouts,1,4,17,0.5062491557794428,0.36499910415406134
heldout_aligned_20005,aligned,16,calibrated_lcb,12,4,28,0.8635049743788222,0.007743285554681956
heldout_aligned_20005,aligned,16,conservative_stop_block,1,4,17,0.5062491557794428,0.36499910415406134
heldout_aligned_20005,aligned,16,oracle_upper_bound,12,0,12,0.8712482599335042,0.0
heldout_aligned_20005,aligned,32,blind_more_rollouts,24,8,56,0.9070301188413232,0.01627082730434215
heldout_aligned_20005,aligned,32,audit_fewer_rollouts,24,8,56,0.9124413283957407,0.010859617749924722
heldout_aligned_20005,aligned,32,calibrated_lcb,24,8,56,0.9133141706660148,0.009986775479650545
heldout_aligned_20005,aligned,32,conservative_stop_block,24,8,56,0.9070301188413232,0.01627082730434215
heldout_aligned_20005,aligned,32,oracle_upper_bound,24,0,24,0.9233009461456654,0.0
heldout_aligned_20005,aligned,64,blind_more_rollouts,48,16,112,0.9354513487571895,0.02115558825100916
heldout_aligned_20005,aligned,64,audit_fewer_rollouts,48,16,112,0.9467713066147454,0.009835630393453254
heldout_aligned_20005,aligned,64,calibrated_lcb,48,16,112,0.9447980897975377,0.011808847210661
heldout_aligned_20005,aligned,64,conservative_stop_block,48,16,112,0.9354513487571895,0.02115558825100916
heldout_aligned_20005,aligned,64,oracle_upper_bound,48,0,48,0.9566069370081987,0.0
heldout_aligned_20006,aligned,8,blind_more_rollouts,6,2,14,0.7787149473871245,0.006919221083192317
heldout_aligned_20006,aligned,8,audit_fewer_rollouts,1,2,9,0.5003421866552421,0.28529198181507476
heldout_aligned_20006,aligned,8,calibrated_lcb,6,2,14,0.7796155716650123,0.006018596805304588
heldout_aligned_20006,aligned,8,conservative_stop_block,1,2,9,0.5003421866552421,0.28529198181507476
heldout_aligned_20006,aligned,8,oracle_upper_bound,6,0,6,0.7856341684703169,0.0
heldout_aligned_20006,aligned,16,blind_more_rollouts,12,4,28,0.8319904808585187,0.012040728622645713
heldout_aligned_20006,aligned,16,audit_fewer_rollouts,1,4,17,0.4941276100181394,0.349903599463025
heldout_aligned_20006,aligned,16,calibrated_lcb,12,4,28,0.8345570420505586,0.009474167430605807
heldout_aligned_20006,aligned,16,conservative_stop_block,1,4,17,0.4941276100181394,0.349903599463025
heldout_aligned_20006,aligned,16,oracle_upper_bound,12,0,12,0.8440312094811644,0.0
heldout_aligned_20006,aligned,32,blind_more_rollouts,24,8,56,0.8615802810976521,0.026587142900680316
heldout_aligned_20006,aligned,32,audit_fewer_rollouts,24,8,56,0.8639710628723027,0.02419636112602963
heldout_aligned_20006,aligned,32,calibrated_lcb,24,8,56,0.8673389842617972,0.020828439736535143
heldout_aligned_20006,aligned,32,conservative_stop_block,24,8,56,0.8615802810976521,0.026587142900680316
heldout_aligned_20006,aligned,32,oracle_upper_bound,24,0,24,0.8881674239983324,0.0
heldout_aligned_20006,aligned,64,blind_more_rollouts,48,16,112,0.8888313610045948,0.028396911446021855
heldout_aligned_20006,aligned,64,audit_fewer_rollouts,48,16,112,0.8750546588304425,0.04217361362017413
heldout_aligned_20006,aligned,64,calibrated_lcb,48,16,112,0.8858918334262496,0.03133643902436711
heldout_aligned_20006,aligned,64,conservative_stop_block,48,16,112,0.8888313610045948,0.028396911446021855
heldout_aligned_20006,aligned,64,oracle_upper_bound,48,0,48,0.9172282724506167,0.0
heldout_aligned_20007,aligned,8,blind_more_rollouts,6,2,14,0.7982556852211838,0.00751878426876329
heldout_aligned_20007,aligned,8,audit_fewer_rollouts,1,2,9,0.5102238127236146,0.2955506567663325
heldout_aligned_20007,aligned,8,calibrated_lcb,6,2,14,0.8005557577712628,0.005218711718684377
heldout_aligned_20007,aligned,8,conservative_stop_block,1,2,9,0.5102238127236146,0.2955506567663325
heldout_aligned_20007,aligned,8,oracle_upper_bound,6,0,6,0.8057744694899471,0.0
heldout_aligned_20007,aligned,16,blind_more_rollouts,12,4,28,0.8400432124585105,0.010545247084593146
heldout_aligned_20007,aligned,16,audit_fewer_rollouts,1,4,17,0.4997376516340044,0.3508508079090993
heldout_aligned_20007,aligned,16,calibrated_lcb,12,4,28,0.841250203155054,0.009338256388049637
heldout_aligned_20007,aligned,16,conservative_stop_block,1,4,17,0.4997376516340044,0.3508508079090993
heldout_aligned_20007,aligned,16,oracle_upper_bound,12,0,12,0.8505884595431037,0.0
heldout_aligned_20007,aligned,32,blind_more_rollouts,24,8,56,0.9009436858640804,0.014620325680652413
heldout_aligned_20007,aligned,32,audit_fewer_rollouts,24,8,56,0.9095855512550945,0.005978460289638221
heldout_aligned_20007,aligned,32,calibrated_lcb,24,8,56,0.9098676072394396,0.005696404305293168
heldout_aligned_20007,aligned,32,conservative_stop_block,24,8,56,0.9009436858640804,0.014620325680652413
heldout_aligned_20007,aligned,32,oracle_upper_bound,24,0,24,0.9155640115447328,0.0
heldout_aligned_20007,aligned,64,blind_more_rollouts,48,16,112,0.9334428595526706,0.014232628071320863
heldout_aligned_20007,aligned,64,audit_fewer_rollouts,48,16,112,0.9402991134301195,0.007376374193871937
heldout_aligned_20007,aligned,64,calibrated_lcb,48,16,112,0.9443891420422956,0.0032863455816958265
heldout_aligned_20007,aligned,64,conservative_stop_block,48,16,112,0.9334428595526706,0.014232628071320863
heldout_aligned_20007,aligned,64,oracle_upper_bound,48,0,48,0.9476754876239915,0.0
heldout_aligned_20008,aligned,8,blind_more_rollouts,6,2,14,0.7859912233809374,0.00779662677839954
heldout_aligned_20008,aligned,8,audit_fewer_rollouts,1,2,9,0.506037427923605,0.287750422235732
heldout_aligned_20008,aligned,8,calibrated_lcb,6,2,14,0.7870023716903968,0.006785478468940176
heldout_aligned_20008,aligned,8,conservative_stop_block,1,2,9,0.506037427923605,0.287750422235732
heldout_aligned_20008,aligned,8,oracle_upper_bound,6,0,6,0.793787850159337,0.0
heldout_aligned_20008,aligned,16,blind_more_rollouts,12,4,28,0.8322868945370845,0.010916736957826245
heldout_aligned_20008,aligned,16,audit_fewer_rollouts,12,4,28,0.8312799025055979,0.01192372898931282
heldout_aligned_20008,aligned,16,calibrated_lcb,12,4,28,0.835547788848893,0.007655842646017708
heldout_aligned_20008,aligned,16,conservative_stop_block,12,4,28,0.8322868945370845,0.010916736957826245
heldout_aligned_20008,aligned,16,oracle_upper_bound,12,0,12,0.8432036314949107,0.0
heldout_aligned_20008,aligned,32,blind_more_rollouts,24,8,56,0.8712485015318935,0.010710624611147024
heldout_aligned_20008,aligned,32,audit_fewer_rollouts,24,8,56,0.8683198089432785,0.013639317199761969
heldout_aligned_20008,aligned,32,calibrated_lcb,24,8,56,0.8734678198644518,0.00849130627858874
heldout_aligned_20008,aligned,32,conservative_stop_block,24,8,56,0.8712485015318935,0.010710624611147024
heldout_aligned_20008,aligned,32,oracle_upper_bound,24,0,24,0.8819591261430405,0.0
heldout_aligned_20008,aligned,64,blind_more_rollouts,48,16,112,0.8850659843105648,0.010647265791633664
heldout_aligned_20008,aligned,64,audit_fewer_rollouts,48,16,112,0.8673693545644359,0.02834389553776262
heldout_aligned_20008,aligned,64,calibrated_lcb,48,16,112,0.8845326921756971,0.011180557926501411
heldout_aligned_20008,aligned,64,conservative_stop_block,48,16,112,0.8850659843105648,0.010647265791633664
heldout_aligned_20008,aligned,64,oracle_upper_bound,48,0,48,0.8957132501021985,0.0
heldout_aligned_20009,aligned,8,blind_more_rollouts,6,2,14,0.7943329665744538,0.00785081370298868
heldout_aligned_20009,aligned,8,audit_fewer_rollouts,1,2,9,0.509615623502548,0.29256815677489456
heldout_aligned_20009,aligned,8,calibrated_lcb,6,2,14,0.7961349328785785,0.006048847398864021
heldout_aligned_20009,aligned,8,conservative_stop_block,1,2,9,0.509615623502548,0.29256815677489456
heldout_aligned_20009,aligned,8,oracle_upper_bound,6,0,6,0.8021837802774425,0.0
heldout_aligned_20009,aligned,16,blind_more_rollouts,12,4,28,0.8447065534465962,0.010095076087559218
heldout_aligned_20009,aligned,16,audit_fewer_rollouts,1,4,17,0.504111122536993,0.3506905069971624
heldout_aligned_20009,aligned,16,calibrated_lcb,12,4,28,0.8475289875460307,0.007272641988124717
heldout_aligned_20009,aligned,16,conservative_stop_block,1,4,17,0.504111122536993,0.3506905069971624
heldout_aligned_20009,aligned,16,oracle_upper_bound,12,0,12,0.8548016295341554,0.0
heldout_aligned_20009,aligned,32,blind_more_rollouts,24,8,56,0.8792624599661025,0.010738561072584085
heldout_aligned_20009,aligned,32,audit_fewer_rollouts,24,8,56,0.8775248958779012,0.012476125160785445
heldout_aligned_20009,aligned,32,calibrated_lcb,24,8,56,0.8797279268718456,0.010273094166840968
heldout_aligned_20009,aligned,32,conservative_stop_block,24,8,56,0.8792624599661025,0.010738561072584085
heldout_aligned_20009,aligned,32,oracle_upper_bound,24,0,24,0.8900010210386866,0.0
heldout_aligned_20009,aligned,64,blind_more_rollouts,48,16,112,0.9026311925508301,0.013577663553565378
heldout_aligned_20009,aligned,64,audit_fewer_rollouts,48,16,112,0.9015381794281195,0.014670676676275973
heldout_aligned_20009,aligned,64,calibrated_lcb,48,16,112,0.9054637197402581,0.010745136364137431
heldout_aligned_20009,aligned,64,conservative_stop_block,48,16,112,0.9026311925508301,0.013577663553565378
heldout_aligned_20009,aligned,64,oracle_upper_bound,48,0,48,0.9162088561043955,0.0
heldout_deceptive_tail_20000,deceptive_tail,8,blind_more_rollouts,6,2,14,0.3411439088733556,0.40529903192652766
heldout_deceptive_tail_20000,deceptive_tail,8,audit_fewer_rollouts,1,2,9,0.5886010786865282,0.15784186211335505
heldout_deceptive_tail_20000,deceptive_tail,8,calibrated_lcb,6,2,14,0.7149237213357897,0.03151921946409353
heldout_deceptive_tail_20000,deceptive_tail,8,conservative_stop_block,1,2,9,0.5886010786865282,0.15784186211335505
heldout_deceptive_tail_20000,deceptive_tail,8,oracle_upper_bound,6,0,6,0.7464429407998833,0.0
heldout_deceptive_tail_20000,deceptive_tail,16,blind_more_rollouts,12,4,28,0.21437361197248667,0.5576604811291179
heldout_deceptive_tail_20000,deceptive_tail,16,audit_fewer_rollouts,1,4,17,0.5855194254946336,0.18651466760697089
heldout_deceptive_tail_20000,deceptive_tail,16,calibrated_lcb,12,4,28,0.6450404365625082,0.12699365653909633
heldout_deceptive_tail_20000,deceptive_tail,16,conservative_stop_block,1,4,17,0.5855194254946336,0.18651466760697089
heldout_deceptive_tail_20000,deceptive_tail,16,oracle_upper_bound,12,0,12,0.7720340931016045,0.0
heldout_deceptive_tail_20000,deceptive_tail,32,blind_more_rollouts,24,8,56,0.14203411321132137,0.651303835371263
heldout_deceptive_tail_20000,deceptive_tail,32,audit_fewer_rollouts,1,8,33,0.5831973453362901,0.21014060324629436
heldout_deceptive_tail_20000,deceptive_tail,32,calibrated_lcb,24,8,56,0.6522157261866098,0.1411222223959746
heldout_deceptive_tail_20000,deceptive_tail,32,conservative_stop_block,1,8,33,0.5831973453362901,0.21014060324629436
heldout_deceptive_tail_20000,deceptive_tail,32,oracle_upper_bound,24,0,24,0.7933379485825844,0.0
heldout_deceptive_tail_20000,deceptive_tail,64,blind_more_rollouts,48,16,112,0.11167031109279432,0.6981320881151979
heldout_deceptive_tail_20000,deceptive_tail,64,audit_fewer_rollouts,1,16,65,0.5918898939458993,0.21791250526209294
heldout_deceptive_tail_20000,deceptive_tail,64,calibrated_lcb,48,16,112,0.6629685368889593,0.14683386231903295
heldout_deceptive_tail_20000,deceptive_tail,64,conservative_stop_block,1,16,65,0.5918898939458993,0.21791250526209294
heldout_deceptive_tail_20000,deceptive_tail,64,oracle_upper_bound,48,0,48,0.8098023992079922,0.0
heldout_deceptive_tail_20001,deceptive_tail,8,blind_more_rollouts,6,2,14,0.3139346120489136,0.42579175085889565
heldout_deceptive_tail_20001,deceptive_tail,8,audit_fewer_rollouts,1,2,9,0.57883645155179,0.16088991135601927
heldout_deceptive_tail_20001,deceptive_tail,8,calibrated_lcb,6,2,14,0.7149886972663967,0.024737665641412554
heldout_deceptive_tail_20001,deceptive_tail,8,conservative_stop_block,1,2,9,0.57883645155179,0.16088991135601927
heldout_deceptive_tail_20001,deceptive_tail,8,oracle_upper_bound,6,0,6,0.7397263629078092,0.0
heldout_deceptive_tail_20001,deceptive_tail,16,blind_more_rollouts,12,4,28,0.19368200401967808,0.5684491134762638
heldout_deceptive_tail_20001,deceptive_tail,16,audit_fewer_rollouts,1,4,17,0.5777669638764176,0.1843641536195243
heldout_deceptive_tail_20001,deceptive_tail,16,calibrated_lcb,12,4,28,0.19763199496769177,0.5644991225282501
heldout_deceptive_tail_20001,deceptive_tail,16,conservative_stop_block,1,4,17,0.5777669638764176,0.1843641536195243
heldout_deceptive_tail_20001,deceptive_tail,16,oracle_upper_bound,12,0,12,0.7621311174959419,0.0
heldout_deceptive_tail_20001,deceptive_tail,32,blind_more_rollouts,24,8,56,0.12706531361652562,0.6493638359846832
heldout_deceptive_tail_20001,deceptive_tail,32,audit_fewer_rollouts,1,8,33,0.581813324048617,0.19461582555259183
heldout_deceptive_tail_20001,deceptive_tail,32,calibrated_lcb,24,8,56,0.606140679122841,0.17028847047836781
heldout_deceptive_tail_20001,deceptive_tail,32,conservative_stop_block,1,8,33,0.581813324048617,0.19461582555259183
heldout_deceptive_tail_20001,deceptive_tail,32,oracle_upper_bound,24,0,24,0.7764291496012088,0.0
heldout_deceptive_tail_20001,deceptive_tail,64,blind_more_rollouts,48,16,112,0.11419715001079105,0.6762529458574771
heldout_deceptive_tail_20001,deceptive_tail,64,audit_fewer_rollouts,1,16,65,0.5907540429327484,0.19969605293551973
heldout_deceptive_tail_20001,deceptive_tail,64,calibrated_lcb,48,16,112,0.5942865009597712,0.19616359490849689
heldout_deceptive_tail_20001,deceptive_tail,64,conservative_stop_block,1,16,65,0.5907540429327484,0.19969605293551973
heldout_deceptive_tail_20001,deceptive_tail,64,oracle_upper_bound,48,0,48,0.7904500958682681,0.0
heldout_deceptive_tail_20002,deceptive_tail,8,blind_more_rollouts,6,2,14,0.31552044377039673,0.4401180361812021
heldout_deceptive_tail_20002,deceptive_tail,8,audit_fewer_rollouts,1,2,9,0.5837218506392111,0.17191662931238771
heldout_deceptive_tail_20002,deceptive_tail,8,calibrated_lcb,6,2,14,0.7176483409204859,0.037990139031112924
heldout_deceptive_tail_20002,deceptive_tail,8,conservative_stop_block,1,2,9,0.5837218506392111,0.17191662931238771
heldout_deceptive_tail_20002,deceptive_tail,8,oracle_upper_bound,6,0,6,0.7556384799515988,0.0
heldout_deceptive_tail_20002,deceptive_tail,16,blind_more_rollouts,12,4,28,0.20262209147014032,0.5776362841750293
heldout_deceptive_tail_20002,deceptive_tail,16,audit_fewer_rollouts,1,4,17,0.5864788538671869,0.19377952177798274
heldout_deceptive_tail_20002,deceptive_tail,16,calibrated_lcb,12,4,28,0.6231022177948006,0.15715615785036907
heldout_deceptive_tail_20002,deceptive_tail,16,conservative_stop_block,1,4,17,0.5864788538671869,0.19377952177798274
heldout_deceptive_tail_20002,deceptive_tail,16,oracle_upper_bound,12,0,12,0.7802583756451696,0.0
heldout_deceptive_tail_20002,deceptive_tail,32,blind_more_rollouts,24,8,56,0.136197056935256,0.6668196985357615
heldout_deceptive_tail_20002,deceptive_tail,32,audit_fewer_rollouts,1,8,33,0.5845395937385558,0.21847716173246168
heldout_deceptive_tail_20002,deceptive_tail,32,calibrated_lcb,24,8,56,0.6060987854004808,0.19691797007053669
heldout_deceptive_tail_20002,deceptive_tail,32,conservative_stop_block,1,8,33,0.5845395937385558,0.21847716173246168
heldout_deceptive_tail_20002,deceptive_tail,32,oracle_upper_bound,24,0,24,0.8030167554710175,0.0
heldout_deceptive_tail_20002,deceptive_tail,64,blind_more_rollouts,48,16,112,0.10941729825935984,0.7114751991404844
heldout_deceptive_tail_20002,deceptive_tail,64,audit_fewer_rollouts,1,16,65,0.5919270239529073,0.22896547344693696
heldout_deceptive_tail_20002,deceptive_tail,64,calibrated_lcb,48,16,112,0.6173734344053196,0.2035190629945247
heldout_deceptive_tail_20002,deceptive_tail,64,conservative_stop_block,1,16,65,0.5919270239529073,0.22896547344693696
heldout_deceptive_tail_20002,deceptive_tail,64,oracle_upper_bound,48,0,48,0.8208924973998443,0.0
heldout_deceptive_tail_20003,deceptive_tail,8,blind_more_rollouts,6,2,14,0.32045263226545107,0.43022957127494943
heldout_deceptive_tail_20003,deceptive_tail,8,audit_fewer_rollouts,1,2,9,0.5804919432735539,0.17019026026684658
heldout_deceptive_tail_20003,deceptive_tail,8,calibrated_lcb,6,2,14,0.7157471243382314,0.034935079202169095
heldout_deceptive_tail_20003,deceptive_tail,8,conservative_stop_block,1,2,9,0.5804919432735539,0.17019026026684658
heldout_deceptive_tail_20003,deceptive_tail,8,oracle_upper_bound,6,0,6,0.7506822035404005,0.0
heldout_deceptive_tail_20003,deceptive_tail,16,blind_more_rollouts,12,4,28,0.20610727591460734,0.5690628473681428
heldout_deceptive_tail_20003,deceptive_tail,16,audit_fewer_rollouts,1,4,17,0.5793016060815419,0.19586851720120824
heldout_deceptive_tail_20003,deceptive_tail,16,calibrated_lcb,12,4,28,0.24063512131089873,0.5345350019718514
heldout_deceptive_tail_20003,deceptive_tail,16,conservative_stop_block,1,4,17,0.5793016060815419,0.19586851720120824
heldout_deceptive_tail_20003,deceptive_tail,16,oracle_upper_bound,12,0,12,0.7751701232827501,0.0
heldout_deceptive_tail_20003,deceptive_tail,32,blind_more_rollouts,24,8,56,0.13358856909487843,0.6572683373972106
heldout_deceptive_tail_20003,deceptive_tail,32,audit_fewer_rollouts,1,8,33,0.5807700405876692,0.21008686590441983
heldout_deceptive_tail_20003,deceptive_tail,32,calibrated_lcb,24,8,56,0.622551703168994,0.16830520332309507
heldout_deceptive_tail_20003,deceptive_tail,32,conservative_stop_block,1,8,33,0.5807700405876692,0.21008686590441983
heldout_deceptive_tail_20003,deceptive_tail,32,oracle_upper_bound,24,0,24,0.7908569064920891,0.0
heldout_deceptive_tail_20003,deceptive_tail,64,blind_more_rollouts,48,16,112,0.09446937538451095,0.7033349285296793
heldout_deceptive_tail_20003,deceptive_tail,64,audit_fewer_rollouts,1,16,65,0.5777981235673884,0.22000618034680186
heldout_deceptive_tail_20003,deceptive_tail,64,calibrated_lcb,48,16,112,0.6404523906245099,0.15735191328968035
heldout_deceptive_tail_20003,deceptive_tail,64,conservative_stop_block,1,16,65,0.5777981235673884,0.22000618034680186
heldout_deceptive_tail_20003,deceptive_tail,64,oracle_upper_bound,48,0,48,0.7978043039141902,0.0
heldout_deceptive_tail_20004,deceptive_tail,8,blind_more_rollouts,6,2,14,0.3183784080305522,0.42834410689966074
heldout_deceptive_tail_20004,deceptive_tail,8,audit_fewer_rollouts,1,2,9,0.5809794343358067,0.16574308059440623
heldout_deceptive_tail_20004,deceptive_tail,8,calibrated_lcb,6,2,14,0.7102711442156547,0.03645137071455817
heldout_deceptive_tail_20004,deceptive_tail,8,conservative_stop_block,1,2,9,0.5809794343358067,0.16574308059440623
heldout_deceptive_tail_20004,deceptive_tail,8,oracle_upper_bound,6,0,6,0.7467225149302129,0.0
heldout_deceptive_tail_20004,deceptive_tail,16,blind_more_rollouts,12,4,28,0.21453561720247133,0.5563353871041774
heldout_deceptive_tail_20004,deceptive_tail,16,audit_fewer_rollouts,1,4,17,0.5855138336879162,0.18535717061873247
heldout_deceptive_tail_20004,deceptive_tail,16,calibrated_lcb,12,4,28,0.6246235605313182,0.1462474437753305
heldout_deceptive_tail_20004,deceptive_tail,16,conservative_stop_block,1,4,17,0.5855138336879162,0.18535717061873247
heldout_deceptive_tail_20004,deceptive_tail,16,oracle_upper_bound,12,0,12,0.7708710043066487,0.0
heldout_deceptive_tail_20004,deceptive_tail,32,blind_more_rollouts,24,8,56,0.12859570094358203,0.6608353339948201
heldout_deceptive_tail_20004,deceptive_tail,32,audit_fewer_rollouts,1,8,33,0.577217750188597,0.21221328474980505
heldout_deceptive_tail_20004,deceptive_tail,32,calibrated_lcb,24,8,56,0.7279526890791947,0.061478345859207306
heldout_deceptive_tail_20004,deceptive_tail,32,conservative_stop_block,1,8,33,0.577217750188597,0.21221328474980505
heldout_deceptive_tail_20004,deceptive_tail,32,oracle_upper_bound,24,0,24,0.789431034938402,0.0
heldout_deceptive_tail_20004,deceptive_tail,64,blind_more_rollouts,48,16,112,0.08728202540249806,0.7167990967626773
heldout_deceptive_tail_20004,deceptive_tail,64,audit_fewer_rollouts,1,16,65,0.5813633499332709,0.22271777223190448
heldout_deceptive_tail_20004,deceptive_tail,64,calibrated_lcb,48,16,112,0.583560131958827,0.2205209902063483
heldout_deceptive_tail_20004,deceptive_tail,64,conservative_stop_block,1,16,65,0.5813633499332709,0.22271777223190448
heldout_deceptive_tail_20004,deceptive_tail,64,oracle_upper_bound,48,0,48,0.8040811221651754,0.0
heldout_deceptive_tail_20005,deceptive_tail,8,blind_more_rollouts,6,2,14,0.3282323844610496,0.4233370556448585
heldout_deceptive_tail_20005,deceptive_tail,8,audit_fewer_rollouts,1,2,9,0.5865940011744528,0.16497543893145528
heldout_deceptive_tail_20005,deceptive_tail,8,calibrated_lcb,6,2,14,0.7231005222989665,0.028468917806941607
heldout_deceptive_tail_20005,deceptive_tail,8,conservative_stop_block,1,2,9,0.5865940011744528,0.16497543893145528
heldout_deceptive_tail_20005,deceptive_tail,8,oracle_upper_bound,6,0,6,0.7515694401059081,0.0
heldout_deceptive_tail_20005,deceptive_tail,16,blind_more_rollouts,12,4,28,0.20333575934701106,0.5726104043047728
heldout_deceptive_tail_20005,deceptive_tail,16,audit_fewer_rollouts,1,4,17,0.5835818068420383,0.19236435680974562
heldout_deceptive_tail_20005,deceptive_tail,16,calibrated_lcb,12,4,28,0.6114075711062774,0.1645385925455065
heldout_deceptive_tail_20005,deceptive_tail,16,conservative_stop_block,1,4,17,0.5835818068420383,0.19236435680974562
heldout_deceptive_tail_20005,deceptive_tail,16,oracle_upper_bound,12,0,12,0.7759461636517839,0.0
heldout_deceptive_tail_20005,deceptive_tail,32,blind_more_rollouts,24,8,56,0.16385901193797206,0.6297807284793686
heldout_deceptive_tail_20005,deceptive_tail,32,audit_fewer_rollouts,1,8,33,0.5988450094267441,0.19479473099059652
heldout_deceptive_tail_20005,deceptive_tail,32,calibrated_lcb,24,8,56,0.6062926889329177,0.187347051484423
heldout_deceptive_tail_20005,deceptive_tail,32,conservative_stop_block,1,8,33,0.5988450094267441,0.19479473099059652
heldout_deceptive_tail_20005,deceptive_tail,32,oracle_upper_bound,24,0,24,0.7936397404173406,0.0
heldout_deceptive_tail_20005,deceptive_tail,64,blind_more_rollouts,48,16,112,0.07833663710844872,0.7263846211590783
heldout_deceptive_tail_20005,deceptive_tail,64,audit_fewer_rollouts,1,16,65,0.5773850069063188,0.22733625136120827
heldout_deceptive_tail_20005,deceptive_tail,64,calibrated_lcb,48,16,112,0.6314331944255543,0.1732880638419727
heldout_deceptive_tail_20005,deceptive_tail,64,conservative_stop_block,1,16,65,0.5773850069063188,0.22733625136120827
heldout_deceptive_tail_20005,deceptive_tail,64,oracle_upper_bound,48,0,48,0.804721258267527,0.0
heldout_deceptive_tail_20006,deceptive_tail,8,blind_more_rollouts,6,2,14,0.325365029969073,0.42105874735096316
heldout_deceptive_tail_20006,deceptive_tail,8,audit_fewer_rollouts,1,2,9,0.5887750762639314,0.15764870105610473
heldout_deceptive_tail_20006,deceptive_tail,8,calibrated_lcb,6,2,14,0.7136961931832697,0.03272758413676646
heldout_deceptive_tail_20006,deceptive_tail,8,conservative_stop_block,1,2,9,0.5887750762639314,0.15764870105610473
heldout_deceptive_tail_20006,deceptive_tail,8,oracle_upper_bound,6,0,6,0.7464237773200362,0.0
heldout_deceptive_tail_20006,deceptive_tail,16,blind_more_rollouts,12,4,28,0.21394904199256665,0.5535000841531865
heldout_deceptive_tail_20006,deceptive_tail,16,audit_fewer_rollouts,1,4,17,0.586855558993656,0.18059356715209718
heldout_deceptive_tail_20006,deceptive_tail,16,calibrated_lcb,12,4,28,0.6537479867757912,0.11370113936996207
heldout_deceptive_tail_20006,deceptive_tail,16,conservative_stop_block,1,4,17,0.586855558993656,0.18059356715209718
heldout_deceptive_tail_20006,deceptive_tail,16,oracle_upper_bound,12,0,12,0.7674491261457532,0.0
heldout_deceptive_tail_20006,deceptive_tail,32,blind_more_rollouts,24,8,56,0.15339638757463522,0.6343359854836318
heldout_deceptive_tail_20006,deceptive_tail,32,audit_fewer_rollouts,1,8,33,0.5836815523516673,0.20405082070659974
heldout_deceptive_tail_20006,deceptive_tail,32,calibrated_lcb,24,8,56,0.6580676079080284,0.12966476515023861
heldout_deceptive_tail_20006,deceptive_tail,32,conservative_stop_block,1,8,33,0.5836815523516673,0.20405082070659974
heldout_deceptive_tail_20006,deceptive_tail,32,oracle_upper_bound,24,0,24,0.787732373058267,0.0
heldout_deceptive_tail_20006,deceptive_tail,64,blind_more_rollouts,48,16,112,0.13727588885734626,0.6685229217450093
heldout_deceptive_tail_20006,deceptive_tail,64,audit_fewer_rollouts,1,16,65,0.6004871870838642,0.20531162351849142
heldout_deceptive_tail_20006,deceptive_tail,64,calibrated_lcb,48,16,112,0.6460349645246122,0.1597638460777434
heldout_deceptive_tail_20006,deceptive_tail,64,conservative_stop_block,1,16,65,0.6004871870838642,0.20531162351849142
heldout_deceptive_tail_20006,deceptive_tail,64,oracle_upper_bound,48,0,48,0.8057988106023556,0.0
heldout_deceptive_tail_20007,deceptive_tail,8,blind_more_rollouts,6,2,14,0.34525820021933973,0.4042535993987537
heldout_deceptive_tail_20007,deceptive_tail,8,audit_fewer_rollouts,1,2,9,0.5922896685171537,0.15722213110093974
heldout_deceptive_tail_20007,deceptive_tail,8,calibrated_lcb,6,2,14,0.7235683550856582,0.025943444532435245
heldout_deceptive_tail_20007,deceptive_tail,8,conservative_stop_block,1,2,9,0.5922896685171537,0.15722213110093974
heldout_deceptive_tail_20007,deceptive_tail,8,oracle_upper_bound,6,0,6,0.7495117996180934,0.0
heldout_deceptive_tail_20007,deceptive_tail,16,blind_more_rollouts,12,4,28,0.22104371162315298,0.5495587758843627
heldout_deceptive_tail_20007,deceptive_tail,16,audit_fewer_rollouts,1,4,17,0.5876453206201768,0.18295716688733887
heldout_deceptive_tail_20007,deceptive_tail,16,calibrated_lcb,12,4,28,0.6342638026825439,0.1363386848249718
heldout_deceptive_tail_20007,deceptive_tail,16,conservative_stop_block,1,4,17,0.5876453206201768,0.18295716688733887
heldout_deceptive_tail_20007,deceptive_tail,16,oracle_upper_bound,12,0,12,0.7706024875075157,0.0
heldout_deceptive_tail_20007,deceptive_tail,32,blind_more_rollouts,24,8,56,0.14752213953288176,0.6389374432149353
heldout_deceptive_tail_20007,deceptive_tail,32,audit_fewer_rollouts,1,8,33,0.5872355566038912,0.19922402614392587
heldout_deceptive_tail_20007,deceptive_tail,32,calibrated_lcb,24,8,56,0.6294715610893944,0.15698802165842263
heldout_deceptive_tail_20007,deceptive_tail,32,conservative_stop_block,1,8,33,0.5872355566038912,0.19922402614392587
heldout_deceptive_tail_20007,deceptive_tail,32,oracle_upper_bound,24,0,24,0.786459582747817,0.0
heldout_deceptive_tail_20007,deceptive_tail,64,blind_more_rollouts,48,16,112,0.10364194794974023,0.6856478522374976
heldout_deceptive_tail_20007,deceptive_tail,64,audit_fewer_rollouts,1,16,65,0.5843468495003071,0.2049429506869307
heldout_deceptive_tail_20007,deceptive_tail,64,calibrated_lcb,48,16,112,0.7330755067038985,0.056214293483339284
heldout_deceptive_tail_20007,deceptive_tail,64,conservative_stop_block,1,16,65,0.5843468495003071,0.2049429506869307
heldout_deceptive_tail_20007,deceptive_tail,64,oracle_upper_bound,48,0,48,0.7892898001872378,0.0
heldout_deceptive_tail_20008,deceptive_tail,8,blind_more_rollouts,6,2,14,0.3308531616008887,0.4100635723339057
heldout_deceptive_tail_20008,deceptive_tail,8,audit_fewer_rollouts,1,2,9,0.5841318161049883,0.15678491782980608
heldout_deceptive_tail_20008,deceptive_tail,8,calibrated_lcb,6,2,14,0.7101908827796896,0.030725851155104844
heldout_deceptive_tail_20008,deceptive_tail,8,conservative_stop_block,1,2,9,0.5841318161049883,0.15678491782980608
heldout_deceptive_tail_20008,deceptive_tail,8,oracle_upper_bound,6,0,6,0.7409167339347944,0.0
heldout_deceptive_tail_20008,deceptive_tail,16,blind_more_rollouts,12,4,28,0.22983405983250427,0.5328919414989385
heldout_deceptive_tail_20008,deceptive_tail,16,audit_fewer_rollouts,1,4,17,0.5850520081836158,0.17767399314782695
heldout_deceptive_tail_20008,deceptive_tail,16,calibrated_lcb,12,4,28,0.6318979840309231,0.13082801730051963
heldout_deceptive_tail_20008,deceptive_tail,16,conservative_stop_block,1,4,17,0.5850520081836158,0.17767399314782695
heldout_deceptive_tail_20008,deceptive_tail,16,oracle_upper_bound,12,0,12,0.7627260013314427,0.0
heldout_deceptive_tail_20008,deceptive_tail,32,blind_more_rollouts,24,8,56,0.14999021151782693,0.6305812064087719
heldout_deceptive_tail_20008,deceptive_tail,32,audit_fewer_rollouts,1,8,33,0.580270704890736,0.20030071303586283
heldout_deceptive_tail_20008,deceptive_tail,32,calibrated_lcb,24,8,56,0.6228344280942685,0.1577369898323303
heldout_deceptive_tail_20008,deceptive_tail,32,conservative_stop_block,1,8,33,0.580270704890736,0.20030071303586283
heldout_deceptive_tail_20008,deceptive_tail,32,oracle_upper_bound,24,0,24,0.7805714179265988,0.0
heldout_deceptive_tail_20008,deceptive_tail,64,blind_more_rollouts,48,16,112,0.12685803210338195,0.6642640685461649
heldout_deceptive_tail_20008,deceptive_tail,64,audit_fewer_rollouts,1,16,65,0.5882555846934905,0.20286651595605643
heldout_deceptive_tail_20008,deceptive_tail,64,calibrated_lcb,48,16,112,0.6080878442242657,0.18303425642528126
heldout_deceptive_tail_20008,deceptive_tail,64,conservative_stop_block,1,16,65,0.5882555846934905,0.20286651595605643
heldout_deceptive_tail_20008,deceptive_tail,64,oracle_upper_bound,48,0,48,0.7911221006495469,0.0
heldout_deceptive_tail_20009,deceptive_tail,8,blind_more_rollouts,6,2,14,0.311611582143144,0.4288911241091742
heldout_deceptive_tail_20009,deceptive_tail,8,audit_fewer_rollouts,1,2,9,0.5760068160062357,0.16449589024608247
heldout_deceptive_tail_20009,deceptive_tail,8,calibrated_lcb,6,2,14,0.7110636650532837,0.02943904119903451
heldout_deceptive_tail_20009,deceptive_tail,8,conservative_stop_block,1,2,9,0.5760068160062357,0.16449589024608247
heldout_deceptive_tail_20009,deceptive_tail,8,oracle_upper_bound,6,0,6,0.7405027062523182,0.0
heldout_deceptive_tail_20009,deceptive_tail,16,blind_more_rollouts,12,4,28,0.1974343040230623,0.5658082929537354
heldout_deceptive_tail_20009,deceptive_tail,16,audit_fewer_rollouts,1,4,17,0.5750920860333016,0.188150510943496
heldout_deceptive_tail_20009,deceptive_tail,16,calibrated_lcb,12,4,28,0.6324258801783841,0.13081671679841356
heldout_deceptive_tail_20009,deceptive_tail,16,conservative_stop_block,1,4,17,0.5750920860333016,0.188150510943496
heldout_deceptive_tail_20009,deceptive_tail,16,oracle_upper_bound,12,0,12,0.7632425969767976,0.0
heldout_deceptive_tail_20009,deceptive_tail,32,blind_more_rollouts,24,8,56,0.13611978418649187,0.6443559855305343
heldout_deceptive_tail_20009,deceptive_tail,32,audit_fewer_rollouts,1,8,33,0.5766740804862284,0.20380168923079778
heldout_deceptive_tail_20009,deceptive_tail,32,calibrated_lcb,24,8,56,0.6456726159288213,0.13480315378820484
heldout_deceptive_tail_20009,deceptive_tail,32,conservative_stop_block,1,8,33,0.5766740804862284,0.20380168923079778
heldout_deceptive_tail_20009,deceptive_tail,32,oracle_upper_bound,24,0,24,0.7804757697170261,0.0
heldout_deceptive_tail_20009,deceptive_tail,64,blind_more_rollouts,48,16,112,0.10524169707697205,0.6891376475725838
heldout_deceptive_tail_20009,deceptive_tail,64,audit_fewer_rollouts,1,16,65,0.5711950495899919,0.22318429505956394
heldout_deceptive_tail_20009,deceptive_tail,64,calibrated_lcb,48,16,112,0.6407206403619631,0.15365870428759276
heldout_deceptive_tail_20009,deceptive_tail,64,conservative_stop_block,1,16,65,0.5711950495899919,0.22318429505956394
heldout_deceptive_tail_20009,deceptive_tail,64,oracle_upper_bound,48,0,48,0.7943793446495558,0.0
heldout_repairable_20000,repairable,8,blind_more_rollouts,6,2,14,0.3205952249770654,0.15087294559730408
heldout_repairable_20000,repairable,8,audit_fewer_rollouts,1,2,9,0.30592074456449697,0.1655474260098725
heldout_repairable_20000,repairable,8,calibrated_lcb,6,2,14,0.4578560433363951,0.013612127237974336
heldout_repairable_20000,repairable,8,conservative_stop_block,1,2,9,0.30592074456449697,0.1655474260098725
heldout_repairable_20000,repairable,8,oracle_upper_bound,6,0,6,0.47146817057436946,0.0
heldout_repairable_20000,repairable,16,blind_more_rollouts,12,4,28,0.32021382867640624,0.19391692123069326
heldout_repairable_20000,repairable,16,audit_fewer_rollouts,1,4,17,0.30523161978512303,0.20889913012197647
heldout_repairable_20000,repairable,16,calibrated_lcb,12,4,28,0.33475774654698653,0.17937300336011297
heldout_repairable_20000,repairable,16,conservative_stop_block,1,4,17,0.30523161978512303,0.20889913012197647
heldout_repairable_20000,repairable,16,oracle_upper_bound,12,0,12,0.5141307499070995,0.0
heldout_repairable_20000,repairable,32,blind_more_rollouts,24,8,56,0.33762451362932433,0.203826697512014
heldout_repairable_20000,repairable,32,audit_fewer_rollouts,1,8,33,0.2989191457046536,0.2425320654366847
heldout_repairable_20000,repairable,32,calibrated_lcb,24,8,56,0.5157535385328383,0.025697672608499977
heldout_repairable_20000,repairable,32,conservative_stop_block,1,8,33,0.2989191457046536,0.2425320654366847
heldout_repairable_20000,repairable,32,oracle_upper_bound,24,0,24,0.5414512111413383,0.0
heldout_repairable_20000,repairable,64,blind_more_rollouts,48,16,112,0.3558794293429295,0.2072913218836986
heldout_repairable_20000,repairable,64,audit_fewer_rollouts,1,16,65,0.3032813007179225,0.2598894505087056
heldout_repairable_20000,repairable,64,calibrated_lcb,48,16,112,0.541926818372837,0.021243932853791114
heldout_repairable_20000,repairable,64,conservative_stop_block,1,16,65,0.3032813007179225,0.2598894505087056
heldout_repairable_20000,repairable,64,oracle_upper_bound,48,0,48,0.5631707512266281,0.0
heldout_repairable_20001,repairable,8,blind_more_rollouts,6,2,14,0.3208484497760567,0.15777710414231777
heldout_repairable_20001,repairable,8,audit_fewer_rollouts,1,2,9,0.29850071034365055,0.18012484357472391
heldout_repairable_20001,repairable,8,calibrated_lcb,6,2,14,0.4565756480847618,0.02204990583361266
heldout_repairable_20001,repairable,8,conservative_stop_block,1,2,9,0.29850071034365055,0.18012484357472391
heldout_repairable_20001,repairable,8,oracle_upper_bound,6,0,6,0.47862555391837447,0.0
heldout_repairable_20001,repairable,16,blind_more_rollouts,12,4,28,0.32970844731004273,0.19481604505796263
heldout_repairable_20001,repairable,16,audit_fewer_rollouts,1,4,17,0.3009592836273734,0.22356520874063196
heldout_repairable_20001,repairable,16,calibrated_lcb,12,4,28,0.3902320648763734,0.13429242749163195
heldout_repairable_20001,repairable,16,conservative_stop_block,1,4,17,0.3009592836273734,0.22356520874063196
heldout_repairable_20001,repairable,16,oracle_upper_bound,12,0,12,0.5245244923680054,0.0
heldout_repairable_20001,repairable,32,blind_more_rollouts,24,8,56,0.38475402331086306,0.16701942366172862
heldout_repairable_20001,repairable,32,audit_fewer_rollouts,1,8,33,0.2946054436320906,0.25716800334050105
heldout_repairable_20001,repairable,32,calibrated_lcb,24,8,56,0.5170421523823207,0.03473129459027102
heldout_repairable_20001,repairable,32,conservative_stop_block,1,8,33,0.2946054436320906,0.25716800334050105
heldout_repairable_20001,repairable,32,oracle_upper_bound,24,0,24,0.5517734469725917,0.0
heldout_repairable_20001,repairable,64,blind_more_rollouts,48,16,112,0.4104828822506169,0.1699272032418303
heldout_repairable_20001,repairable,64,audit_fewer_rollouts,1,16,65,0.3047404444312318,0.2756696410612154
heldout_repairable_20001,repairable,64,calibrated_lcb,48,16,112,0.5046206952357473,0.07578939025669995
heldout_repairable_20001,repairable,64,conservative_stop_block,1,16,65,0.3047404444312318,0.2756696410612154
heldout_repairable_20001,repairable,64,oracle_upper_bound,48,0,48,0.5804100854924472,0.0
heldout_repairable_20002,repairable,8,blind_more_rollouts,6,2,14,0.3241427601293936,0.14332684647052402
heldout_repairable_20002,repairable,8,audit_fewer_rollouts,1,2,9,0.30054132546749374,0.16692828113242386
heldout_repairable_20002,repairable,8,calibrated_lcb,6,2,14,0.45373767736064763,0.013731929239269969
heldout_repairable_20002,repairable,8,conservative_stop_block,1,2,9,0.30054132546749374,0.16692828113242386
heldout_repairable_20002,repairable,8,oracle_upper_bound,6,0,6,0.4674696065999176,0.0
heldout_repairable_20002,repairable,16,blind_more_rollouts,12,4,28,0.33724531010710973,0.1785582481749141
heldout_repairable_20002,repairable,16,audit_fewer_rollouts,1,4,17,0.29886662773218026,0.2169369305498436
heldout_repairable_20002,repairable,16,calibrated_lcb,12,4,28,0.4999469444379206,0.01585661384410325
heldout_repairable_20002,repairable,16,conservative_stop_block,1,4,17,0.29886662773218026,0.2169369305498436
heldout_repairable_20002,repairable,16,oracle_upper_bound,12,0,12,0.5158035582820238,0.0
heldout_repairable_20002,repairable,32,blind_more_rollouts,24,8,56,0.35431705102637945,0.20675994774191642
heldout_repairable_20002,repairable,32,audit_fewer_rollouts,1,8,33,0.3012058160901067,0.25987118267818915
heldout_repairable_20002,repairable,32,calibrated_lcb,24,8,56,0.5219403035146031,0.03913669525369279
heldout_repairable_20002,repairable,32,conservative_stop_block,1,8,33,0.3012058160901067,0.25987118267818915
heldout_repairable_20002,repairable,32,oracle_upper_bound,24,0,24,0.5610769987682959,0.0
heldout_repairable_20002,repairable,64,blind_more_rollouts,48,16,112,0.3622215230906237,0.23638386394328093
heldout_repairable_20002,repairable,64,audit_fewer_rollouts,1,16,65,0.2928780923573217,0.30572729467658294
heldout_repairable_20002,repairable,64,calibrated_lcb,48,16,112,0.5242989189264912,0.07430646810741348
heldout_repairable_20002,repairable,64,conservative_stop_block,1,16,65,0.2928780923573217,0.30572729467658294
heldout_repairable_20002,repairable,64,oracle_upper_bound,48,0,48,0.5986053870339046,0.0
heldout_repairable_20003,repairable,8,blind_more_rollouts,6,2,14,0.30868012845621384,0.1713484971896299
heldout_repairable_20003,repairable,8,audit_fewer_rollouts,1,2,9,0.29509175431870016,0.1849368713271436
heldout_repairable_20003,repairable,8,calibrated_lcb,6,2,14,0.4653648821676061,0.014663743478237679
heldout_repairable_20003,repairable,8,conservative_stop_block,1,2,9,0.29509175431870016,0.1849368713271436
heldout_repairable_20003,repairable,8,oracle_upper_bound,6,0,6,0.48002862564584375,0.0
heldout_repairable_20003,repairable,16,blind_more_rollouts,12,4,28,0.312565874744079,0.2205137096121122
heldout_repairable_20003,repairable,16,audit_fewer_rollouts,1,4,17,0.2950247467854153,0.2380548375707759
heldout_repairable_20003,repairable,16,calibrated_lcb,12,4,28,0.29197548467411993,0.24110409968207125
heldout_repairable_20003,repairable,16,conservative_stop_block,1,4,17,0.2950247467854153,0.2380548375707759
heldout_repairable_20003,repairable,16,oracle_upper_bound,12,0,12,0.5330795843561912,0.0
heldout_repairable_20003,repairable,32,blind_more_rollouts,24,8,56,0.32720445871404075,0.2448128653171841
heldout_repairable_20003,repairable,32,audit_fewer_rollouts,1,8,33,0.29901085610596395,0.2730064679252609
heldout_repairable_20003,repairable,32,calibrated_lcb,24,8,56,0.5413094449878126,0.030707879043412212
heldout_repairable_20003,repairable,32,conservative_stop_block,1,8,33,0.29901085610596395,0.2730064679252609
heldout_repairable_20003,repairable,32,oracle_upper_bound,24,0,24,0.5720173240312248,0.0
heldout_repairable_20003,repairable,64,blind_more_rollouts,48,16,112,0.3481850565835781,0.23831012473321012
heldout_repairable_20003,repairable,64,audit_fewer_rollouts,1,16,65,0.2887785986477986,0.29771658266898965
heldout_repairable_20003,repairable,64,calibrated_lcb,48,16,112,0.5633613660789742,0.023133815237813993
heldout_repairable_20003,repairable,64,conservative_stop_block,1,16,65,0.2887785986477986,0.29771658266898965
heldout_repairable_20003,repairable,64,oracle_upper_bound,48,0,48,0.5864951813167882,0.0
heldout_repairable_20004,repairable,8,blind_more_rollouts,6,2,14,0.2978710504373042,0.1856854095463623
heldout_repairable_20004,repairable,8,audit_fewer_rollouts,1,2,9,0.3019387340176317,0.18161772596603482
heldout_repairable_20004,repairable,8,calibrated_lcb,6,2,14,0.46719395592266205,0.01636250406100448
heldout_repairable_20004,repairable,8,conservative_stop_block,1,2,9,0.3019387340176317,0.18161772596603482
heldout_repairable_20004,repairable,8,oracle_upper_bound,6,0,6,0.48355645998366653,0.0
heldout_repairable_20004,repairable,16,blind_more_rollouts,12,4,28,0.2965858720663295,0.24624523080737742
heldout_repairable_20004,repairable,16,audit_fewer_rollouts,1,4,17,0.30563825050590665,0.2371928523678003
heldout_repairable_20004,repairable,16,calibrated_lcb,12,4,28,0.21336624693558556,0.32946485593812136
heldout_repairable_20004,repairable,16,conservative_stop_block,1,4,17,0.30563825050590665,0.2371928523678003
heldout_repairable_20004,repairable,16,oracle_upper_bound,12,0,12,0.542831102873707,0.0
heldout_repairable_20004,repairable,32,blind_more_rollouts,24,8,56,0.3035300379229887,0.2768364972996935
heldout_repairable_20004,repairable,32,audit_fewer_rollouts,1,8,33,0.3031199949986327,0.27724654022404954
heldout_repairable_20004,repairable,32,calibrated_lcb,24,8,56,0.5577176845140009,0.02264885070868128
heldout_repairable_20004,repairable,32,conservative_stop_block,1,8,33,0.3031199949986327,0.27724654022404954
heldout_repairable_20004,repairable,32,oracle_upper_bound,24,0,24,0.5803665352226822,0.0
heldout_repairable_20004,repairable,64,blind_more_rollouts,48,16,112,0.31624512254720344,0.2851615598669039
heldout_repairable_20004,repairable,64,audit_fewer_rollouts,1,16,65,0.30132801883341687,0.30007866358069046
heldout_repairable_20004,repairable,64,calibrated_lcb,48,16,112,0.5755770099526449,0.025829672461462394
heldout_repairable_20004,repairable,64,conservative_stop_block,1,16,65,0.30132801883341687,0.30007866358069046
heldout_repairable_20004,repairable,64,oracle_upper_bound,48,0,48,0.6014066824141073,0.0
heldout_repairable_20005,repairable,8,blind_more_rollouts,6,2,14,0.31661202187614623,0.1478033363747131
heldout_repairable_20005,repairable,8,audit_fewer_rollouts,1,2,9,0.29150139705061406,0.17291396120024527
heldout_repairable_20005,repairable,8,calibrated_lcb,6,2,14,0.44072236688559147,0.023692991365267868
heldout_repairable_20005,repairable,8,conservative_stop_block,1,2,9,0.29150139705061406,0.17291396120024527
heldout_repairable_20005,repairable,8,oracle_upper_bound,6,0,6,0.46441535825085933,0.0
heldout_repairable_20005,repairable,16,blind_more_rollouts,12,4,28,0.3356711310835998,0.16839250550795481
heldout_repairable_20005,repairable,16,audit_fewer_rollouts,1,4,17,0.2885275240503397,0.2155361125412149
heldout_repairable_20005,repairable,16,calibrated_lcb,12,4,28,0.3490893729521074,0.15497426363944722
heldout_repairable_20005,repairable,16,conservative_stop_block,1,4,17,0.2885275240503397,0.2155361125412149
heldout_repairable_20005,repairable,16,oracle_upper_bound,12,0,12,0.5040636365915546,0.0
heldout_repairable_20005,repairable,32,blind_more_rollouts,24,8,56,0.3571581518926017,0.1754278739401247
heldout_repairable_20005,repairable,32,audit_fewer_rollouts,1,8,33,0.29548391172962457,0.23710211410310184
heldout_repairable_20005,repairable,32,calibrated_lcb,24,8,56,0.47747479142552607,0.05511123440720034
heldout_repairable_20005,repairable,32,conservative_stop_block,1,8,33,0.29548391172962457,0.23710211410310184
heldout_repairable_20005,repairable,32,oracle_upper_bound,24,0,24,0.5325860258327264,0.0
heldout_repairable_20005,repairable,64,blind_more_rollouts,48,16,112,0.37133353072674496,0.18159880764191122
heldout_repairable_20005,repairable,64,audit_fewer_rollouts,1,16,65,0.2951245022008903,0.25780783616776587
heldout_repairable_20005,repairable,64,calibrated_lcb,48,16,112,0.4872668604217642,0.06566547794689198
heldout_repairable_20005,repairable,64,conservative_stop_block,1,16,65,0.2951245022008903,0.25780783616776587
heldout_repairable_20005,repairable,64,oracle_upper_bound,48,0,48,0.5529323383686562,0.0
heldout_repairable_20006,repairable,8,blind_more_rollouts,6,2,14,0.3159742611316067,0.17716084307514357
heldout_repairable_20006,repairable,8,audit_fewer_rollouts,1,2,9,0.30205079632921783,0.19108430787753244
heldout_repairable_20006,repairable,8,calibrated_lcb,6,2,14,0.4754453643859232,0.017689739820827055
heldout_repairable_20006,repairable,8,conservative_stop_block,1,2,9,0.30205079632921783,0.19108430787753244
heldout_repairable_20006,repairable,8,oracle_upper_bound,6,0,6,0.4931351042067503,0.0
heldout_repairable_20006,repairable,16,blind_more_rollouts,12,4,28,0.3189532491793786,0.21403344308481753
heldout_repairable_20006,repairable,16,audit_fewer_rollouts,1,4,17,0.29409497521676603,0.23889171704743012
heldout_repairable_20006,repairable,16,calibrated_lcb,12,4,28,0.5130403927906799,0.019946299473516227
heldout_repairable_20006,repairable,16,conservative_stop_block,1,4,17,0.29409497521676603,0.23889171704743012
heldout_repairable_20006,repairable,16,oracle_upper_bound,12,0,12,0.5329866922641961,0.0
heldout_repairable_20006,repairable,32,blind_more_rollouts,24,8,56,0.3378974721823403,0.2502096112873308
heldout_repairable_20006,repairable,32,audit_fewer_rollouts,1,8,33,0.3037164837797427,0.2843905996899284
heldout_repairable_20006,repairable,32,calibrated_lcb,24,8,56,0.566475379594358,0.021631703875313102
heldout_repairable_20006,repairable,32,conservative_stop_block,1,8,33,0.3037164837797427,0.2843905996899284
heldout_repairable_20006,repairable,32,oracle_upper_bound,24,0,24,0.5881070834696711,0.0
heldout_repairable_20006,repairable,64,blind_more_rollouts,48,16,112,0.34112664409557725,0.2558985741577412
heldout_repairable_20006,repairable,64,audit_fewer_rollouts,1,16,65,0.2976971370090359,0.29932808124428256
heldout_repairable_20006,repairable,64,calibrated_lcb,48,16,112,0.5771817093464056,0.019843508906912888
heldout_repairable_20006,repairable,64,conservative_stop_block,1,16,65,0.2976971370090359,0.29932808124428256
heldout_repairable_20006,repairable,64,oracle_upper_bound,48,0,48,0.5970252182533184,0.0
heldout_repairable_20007,repairable,8,blind_more_rollouts,6,2,14,0.30893270545115314,0.16866507127486075
heldout_repairable_20007,repairable,8,audit_fewer_rollouts,1,2,9,0.2890520346411655,0.18854574208484837
heldout_repairable_20007,repairable,8,calibrated_lcb,6,2,14,0.46001644792667834,0.01758132879933555
heldout_repairable_20007,repairable,8,conservative_stop_block,1,2,9,0.2890520346411655,0.18854574208484837
heldout_repairable_20007,repairable,8,oracle_upper_bound,6,0,6,0.4775977767260139,0.0
heldout_repairable_20007,repairable,16,blind_more_rollouts,12,4,28,0.3143705635993946,0.21239623835694615
heldout_repairable_20007,repairable,16,audit_fewer_rollouts,1,4,17,0.2837918328830364,0.24297496907330435
heldout_repairable_20007,repairable,16,calibrated_lcb,12,4,28,0.40595465499797556,0.12081214695836517
heldout_repairable_20007,repairable,16,conservative_stop_block,1,4,17,0.2837918328830364,0.24297496907330435
heldout_repairable_20007,repairable,16,oracle_upper_bound,12,0,12,0.5267668019563407,0.0
heldout_repairable_20007,repairable,32,blind_more_rollouts,24,8,56,0.3482650272703116,0.22511391306633455
heldout_repairable_20007,repairable,32,audit_fewer_rollouts,1,8,33,0.28903792605516726,0.2843410142814789
heldout_repairable_20007,repairable,32,calibrated_lcb,24,8,56,0.5553466851104162,0.018032255226229976
heldout_repairable_20007,repairable,32,conservative_stop_block,1,8,33,0.28903792605516726,0.2843410142814789
heldout_repairable_20007,repairable,32,oracle_upper_bound,24,0,24,0.5733789403366462,0.0
heldout_repairable_20007,repairable,64,blind_more_rollouts,48,16,112,0.3446052990413552,0.2597060730062629
heldout_repairable_20007,repairable,64,audit_fewer_rollouts,1,16,65,0.288672111955254,0.3156392600923641
heldout_repairable_20007,repairable,64,calibrated_lcb,48,16,112,0.5879682783745953,0.01634309367302278
heldout_repairable_20007,repairable,64,conservative_stop_block,1,16,65,0.288672111955254,0.3156392600923641
heldout_repairable_20007,repairable,64,oracle_upper_bound,48,0,48,0.6043113720476181,0.0
heldout_repairable_20008,repairable,8,blind_more_rollouts,6,2,14,0.33658872732295275,0.1481970418160246
heldout_repairable_20008,repairable,8,audit_fewer_rollouts,1,2,9,0.29911561928952174,0.18567014984945562
heldout_repairable_20008,repairable,8,calibrated_lcb,6,2,14,0.46587001994840516,0.018915749190572206
heldout_repairable_20008,repairable,8,conservative_stop_block,1,2,9,0.29911561928952174,0.18567014984945562
heldout_repairable_20008,repairable,8,oracle_upper_bound,6,0,6,0.48478576913897736,0.0
heldout_repairable_20008,repairable,16,blind_more_rollouts,12,4,28,0.3487090451129644,0.18537174211523155
heldout_repairable_20008,repairable,16,audit_fewer_rollouts,1,4,17,0.300146828030181,0.23393395919801496
heldout_repairable_20008,repairable,16,calibrated_lcb,12,4,28,0.5004973185293524,0.033583468698843544
heldout_repairable_20008,repairable,16,conservative_stop_block,1,4,17,0.300146828030181,0.23393395919801496
heldout_repairable_20008,repairable,16,oracle_upper_bound,12,0,12,0.534080787228196,0.0
heldout_repairable_20008,repairable,32,blind_more_rollouts,24,8,56,0.3785025957307893,0.197626463712903
heldout_repairable_20008,repairable,32,audit_fewer_rollouts,1,8,33,0.30165012142499464,0.27447893801869766
heldout_repairable_20008,repairable,32,calibrated_lcb,24,8,56,0.5059988272006838,0.07013023224300852
heldout_repairable_20008,repairable,32,conservative_stop_block,1,8,33,0.30165012142499464,0.27447893801869766
heldout_repairable_20008,repairable,32,oracle_upper_bound,24,0,24,0.5761290594436923,0.0
heldout_repairable_20008,repairable,64,blind_more_rollouts,48,16,112,0.3990313135518313,0.20760066708028113
heldout_repairable_20008,repairable,64,audit_fewer_rollouts,1,16,65,0.3006332791068804,0.305998701525232
heldout_repairable_20008,repairable,64,calibrated_lcb,48,16,112,0.5621652507295154,0.044466729902597035
heldout_repairable_20008,repairable,64,conservative_stop_block,1,16,65,0.3006332791068804,0.305998701525232
heldout_repairable_20008,repairable,64,oracle_upper_bound,48,0,48,0.6066319806321124,0.0
heldout_repairable_20009,repairable,8,blind_more_rollouts,6,2,14,0.3322719465313568,0.14344011943134333
heldout_repairable_20009,repairable,8,audit_fewer_rollouts,1,2,9,0.3004790458941213,0.17523302006857883
heldout_repairable_20009,repairable,8,calibrated_lcb,6,2,14,0.4536122407732569,0.0220998251894432
heldout_repairable_20009,repairable,8,conservative_stop_block,1,2,9,0.3004790458941213,0.17523302006857883
heldout_repairable_20009,repairable,8,oracle_upper_bound,6,0,6,0.4757120659627001,0.0
heldout_repairable_20009,repairable,16,blind_more_rollouts,12,4,28,0.35278287693584787,0.1757091704569812
heldout_repairable_20009,repairable,16,audit_fewer_rollouts,1,4,17,0.30036471768597756,0.2281273297068515
heldout_repairable_20009,repairable,16,calibrated_lcb,12,4,28,0.15028296038573583,0.3782090870070932
heldout_repairable_20009,repairable,16,conservative_stop_block,1,4,17,0.30036471768597756,0.2281273297068515
heldout_repairable_20009,repairable,16,oracle_upper_bound,12,0,12,0.5284920473928291,0.0
heldout_repairable_20009,repairable,32,blind_more_rollouts,24,8,56,0.3870805393370752,0.18197752442542725
heldout_repairable_20009,repairable,32,audit_fewer_rollouts,1,8,33,0.30428287282628086,0.2647751909362216
heldout_repairable_20009,repairable,32,calibrated_lcb,24,8,56,0.3943100499534595,0.17474801380904298
heldout_repairable_20009,repairable,32,conservative_stop_block,1,8,33,0.30428287282628086,0.2647751909362216
heldout_repairable_20009,repairable,32,oracle_upper_bound,24,0,24,0.5690580637625025,0.0
heldout_repairable_20009,repairable,64,blind_more_rollouts,48,16,112,0.41097835114932824,0.1865750635957698
heldout_repairable_20009,repairable,64,audit_fewer_rollouts,1,16,65,0.3008683023442126,0.29668511240088546
heldout_repairable_20009,repairable,64,calibrated_lcb,48,16,112,0.5677484930513373,0.0298049216937607
heldout_repairable_20009,repairable,64,conservative_stop_block,1,16,65,0.3008683023442126,0.29668511240088546
heldout_repairable_20009,repairable,64,oracle_upper_bound,48,0,48,0.597553414745098,0.0
heldout_saturated_20000,saturated,8,blind_more_rollouts,6,2,14,0.5748100533140976,0.013838922727140934
heldout_saturated_20000,saturated,8,audit_fewer_rollouts,1,2,9,0.4940502432064175,0.09459873283482106
heldout_saturated_20000,saturated,8,calibrated_lcb,6,2,14,0.5770019117376762,0.011647064303562327
heldout_saturated_20000,saturated,8,conservative_stop_block,1,2,9,0.4940502432064175,0.09459873283482106
heldout_saturated_20000,saturated,8,oracle_upper_bound,6,0,6,0.5886489760412386,0.0
heldout_saturated_20000,saturated,16,blind_more_rollouts,12,4,28,0.5818364739801578,0.022279979557290552
heldout_saturated_20000,saturated,16,audit_fewer_rollouts,1,4,17,0.4931608626889384,0.11095559084850998
heldout_saturated_20000,saturated,16,calibrated_lcb,12,4,28,0.5826119992572518,0.02150445428019654
heldout_saturated_20000,saturated,16,conservative_stop_block,1,4,17,0.4931608626889384,0.11095559084850998
heldout_saturated_20000,saturated,16,oracle_upper_bound,12,0,12,0.6041164535374484,0.0
heldout_saturated_20000,saturated,32,blind_more_rollouts,24,8,56,0.5870717281811056,0.027933120199479466
heldout_saturated_20000,saturated,32,audit_fewer_rollouts,1,8,33,0.4972201008437338,0.11778474753685131
heldout_saturated_20000,saturated,32,calibrated_lcb,24,8,56,0.5881112917152131,0.026893556665371965
heldout_saturated_20000,saturated,32,conservative_stop_block,1,8,33,0.4972201008437338,0.11778474753685131
heldout_saturated_20000,saturated,32,oracle_upper_bound,24,0,24,0.6150048483805851,0.0
heldout_saturated_20000,saturated,64,blind_more_rollouts,48,16,112,0.6014670401943949,0.02201762847820965
heldout_saturated_20000,saturated,64,audit_fewer_rollouts,1,16,65,0.4914877026024648,0.13199696607013972
heldout_saturated_20000,saturated,64,calibrated_lcb,48,16,112,0.5946233446774789,0.028861323995125643
heldout_saturated_20000,saturated,64,conservative_stop_block,1,16,65,0.4914877026024648,0.13199696607013972
heldout_saturated_20000,saturated,64,oracle_upper_bound,48,0,48,0.6234846686726045,0.0
heldout_saturated_20001,saturated,8,blind_more_rollouts,6,2,14,0.5758853159386301,0.015030849067809271
heldout_saturated_20001,saturated,8,audit_fewer_rollouts,1,2,9,0.4943666324818601,0.09654953252457932
heldout_saturated_20001,saturated,8,calibrated_lcb,6,2,14,0.5782757276779478,0.012640437328491627
heldout_saturated_20001,saturated,8,conservative_stop_block,1,2,9,0.4943666324818601,0.09654953252457932
heldout_saturated_20001,saturated,8,oracle_upper_bound,6,0,6,0.5909161650064394,0.0
heldout_saturated_20001,saturated,16,blind_more_rollouts,12,4,28,0.5797135785032758,0.02656449641929648
heldout_saturated_20001,saturated,16,audit_fewer_rollouts,1,4,17,0.49267656739055066,0.11360150753202158
heldout_saturated_20001,saturated,16,calibrated_lcb,12,4,28,0.5832220591992958,0.023056015723276424
heldout_saturated_20001,saturated,16,conservative_stop_block,1,4,17,0.49267656739055066,0.11360150753202158
heldout_saturated_20001,saturated,16,oracle_upper_bound,12,0,12,0.6062780749225722,0.0
heldout_saturated_20001,saturated,32,blind_more_rollouts,24,8,56,0.5776327151071201,0.03472708162133564
heldout_saturated_20001,saturated,32,audit_fewer_rollouts,1,8,33,0.4944055205744303,0.11795427615402543
heldout_saturated_20001,saturated,32,calibrated_lcb,24,8,56,0.5881239150553086,0.024235881673147164
heldout_saturated_20001,saturated,32,conservative_stop_block,1,8,33,0.4944055205744303,0.11795427615402543
heldout_saturated_20001,saturated,32,oracle_upper_bound,24,0,24,0.6123597967284558,0.0
heldout_saturated_20001,saturated,64,blind_more_rollouts,48,16,112,0.5777140824056772,0.056481235552828246
heldout_saturated_20001,saturated,64,audit_fewer_rollouts,1,16,65,0.4969558899272539,0.13723942803125155
heldout_saturated_20001,saturated,64,calibrated_lcb,48,16,112,0.6004230718488505,0.03377224610965501
heldout_saturated_20001,saturated,64,conservative_stop_block,1,16,65,0.4969558899272539,0.13723942803125155
heldout_saturated_20001,saturated,64,oracle_upper_bound,48,0,48,0.6341953179585055,0.0
heldout_saturated_20002,saturated,8,blind_more_rollouts,6,2,14,0.5657810388614176,0.017343085180024698
heldout_saturated_20002,saturated,8,audit_fewer_rollouts,1,2,9,0.487405343440989,0.0957187806004533
heldout_saturated_20002,saturated,8,calibrated_lcb,6,2,14,0.5685612610245163,0.014562863016925998
heldout_saturated_20002,saturated,8,conservative_stop_block,1,2,9,0.487405343440989,0.0957187806004533
heldout_saturated_20002,saturated,8,oracle_upper_bound,6,0,6,0.5831241240414423,0.0
heldout_saturated_20002,saturated,16,blind_more_rollouts,12,4,28,0.5728074786234788,0.027529060199467326
heldout_saturated_20002,saturated,16,audit_fewer_rollouts,1,4,17,0.4869286309671861,0.11340790785576005
heldout_saturated_20002,saturated,16,calibrated_lcb,12,4,28,0.5749458827552666,0.02539065606767954
heldout_saturated_20002,saturated,16,conservative_stop_block,1,4,17,0.4869286309671861,0.11340790785576005
heldout_saturated_20002,saturated,16,oracle_upper_bound,12,0,12,0.6003365388229461,0.0
heldout_saturated_20002,saturated,32,blind_more_rollouts,24,8,56,0.5734894557535359,0.03833234033481803
heldout_saturated_20002,saturated,32,audit_fewer_rollouts,1,8,33,0.48938292412735157,0.1224388719610024
heldout_saturated_20002,saturated,32,calibrated_lcb,24,8,56,0.5777430590641465,0.034078737024207495
heldout_saturated_20002,saturated,32,conservative_stop_block,1,8,33,0.48938292412735157,0.1224388719610024
heldout_saturated_20002,saturated,32,oracle_upper_bound,24,0,24,0.611821796088354,0.0
heldout_saturated_20002,saturated,64,blind_more_rollouts,48,16,112,0.5800185531286243,0.03779116632813129
heldout_saturated_20002,saturated,64,audit_fewer_rollouts,1,16,65,0.48826707235933514,0.12954264709742042
heldout_saturated_20002,saturated,64,calibrated_lcb,48,16,112,0.5897712308387031,0.02803848861805247
heldout_saturated_20002,saturated,64,conservative_stop_block,1,16,65,0.48826707235933514,0.12954264709742042
heldout_saturated_20002,saturated,64,oracle_upper_bound,48,0,48,0.6178097194567556,0.0
heldout_saturated_20003,saturated,8,blind_more_rollouts,6,2,14,0.582618938451425,0.010976946740731908
heldout_saturated_20003,saturated,8,audit_fewer_rollouts,1,2,9,0.4921679698911092,0.10142791530104767
heldout_saturated_20003,saturated,8,calibrated_lcb,6,2,14,0.5800330733735346,0.013562811818622289
heldout_saturated_20003,saturated,8,conservative_stop_block,1,2,9,0.4921679698911092,0.10142791530104767
heldout_saturated_20003,saturated,8,oracle_upper_bound,6,0,6,0.5935958851921569,0.0
heldout_saturated_20003,saturated,16,blind_more_rollouts,12,4,28,0.597183090191638,0.02192033605891419
heldout_saturated_20003,saturated,16,audit_fewer_rollouts,1,4,17,0.49430733428755186,0.12479609196300029
heldout_saturated_20003,saturated,16,calibrated_lcb,12,4,28,0.5968629754969054,0.02224045075364678
heldout_saturated_20003,saturated,16,conservative_stop_block,1,4,17,0.49430733428755186,0.12479609196300029
heldout_saturated_20003,saturated,16,oracle_upper_bound,12,0,12,0.6191034262505521,0.0
heldout_saturated_20003,saturated,32,blind_more_rollouts,24,8,56,0.6080756944177055,0.02647674375841602
heldout_saturated_20003,saturated,32,audit_fewer_rollouts,1,8,33,0.49266698014267096,0.14188545803345054
heldout_saturated_20003,saturated,32,calibrated_lcb,24,8,56,0.6048560696597618,0.029696368516359706
heldout_saturated_20003,saturated,32,conservative_stop_block,1,8,33,0.49266698014267096,0.14188545803345054
heldout_saturated_20003,saturated,32,oracle_upper_bound,24,0,24,0.6345524381761215,0.0
heldout_saturated_20003,saturated,64,blind_more_rollouts,48,16,112,0.6197147593276942,0.03583910133817503
heldout_saturated_20003,saturated,64,audit_fewer_rollouts,1,16,65,0.4926067464482104,0.16294711421765878
heldout_saturated_20003,saturated,64,calibrated_lcb,48,16,112,0.6106693100655773,0.04488455060029184
heldout_saturated_20003,saturated,64,conservative_stop_block,1,16,65,0.4926067464482104,0.16294711421765878
heldout_saturated_20003,saturated,64,oracle_upper_bound,48,0,48,0.6555538606658692,0.0
heldout_saturated_20004,saturated,8,blind_more_rollouts,6,2,14,0.5796198134169351,0.015157267147754672
heldout_saturated_20004,saturated,8,audit_fewer_rollouts,1,2,9,0.49329880606378934,0.10147827450090047
heldout_saturated_20004,saturated,8,calibrated_lcb,6,2,14,0.5804764717954296,0.014300608769260204
heldout_saturated_20004,saturated,8,conservative_stop_block,1,2,9,0.49329880606378934,0.10147827450090047
heldout_saturated_20004,saturated,8,oracle_upper_bound,6,0,6,0.5947770805646898,0.0
heldout_saturated_20004,saturated,16,blind_more_rollouts,12,4,28,0.5872238982574453,0.028880762826512085
heldout_saturated_20004,saturated,16,audit_fewer_rollouts,1,4,17,0.49160822586432723,0.12449643521963011
heldout_saturated_20004,saturated,16,calibrated_lcb,12,4,28,0.5879597905812789,0.028144870502678443
heldout_saturated_20004,saturated,16,conservative_stop_block,1,4,17,0.49160822586432723,0.12449643521963011
heldout_saturated_20004,saturated,16,oracle_upper_bound,12,0,12,0.6161046610839573,0.0
heldout_saturated_20004,saturated,32,blind_more_rollouts,24,8,56,0.582734869216682,0.04225109182742126
heldout_saturated_20004,saturated,32,audit_fewer_rollouts,1,8,33,0.4917245194261361,0.1332614416179672
heldout_saturated_20004,saturated,32,calibrated_lcb,24,8,56,0.5869947553270506,0.03799120571705272
heldout_saturated_20004,saturated,32,conservative_stop_block,1,8,33,0.4917245194261361,0.1332614416179672
heldout_saturated_20004,saturated,32,oracle_upper_bound,24,0,24,0.6249859610441033,0.0
heldout_saturated_20004,saturated,64,blind_more_rollouts,48,16,112,0.5881514961363401,0.05038953708407323
heldout_saturated_20004,saturated,64,audit_fewer_rollouts,1,16,65,0.4931704507298177,0.14537058249059565
heldout_saturated_20004,saturated,64,calibrated_lcb,48,16,112,0.5948818001249918,0.043659233095421524
heldout_saturated_20004,saturated,64,conservative_stop_block,1,16,65,0.4931704507298177,0.14537058249059565
heldout_saturated_20004,saturated,64,oracle_upper_bound,48,0,48,0.6385410332204133,0.0
heldout_saturated_20005,saturated,8,blind_more_rollouts,6,2,14,0.5747198797384049,0.01326078226183447
heldout_saturated_20005,saturated,8,audit_fewer_rollouts,1,2,9,0.4843273658223053,0.10365329617793406
heldout_saturated_20005,saturated,8,calibrated_lcb,6,2,14,0.5760881902635034,0.01189247173673591
heldout_saturated_20005,saturated,8,conservative_stop_block,1,2,9,0.4843273658223053,0.10365329617793406
heldout_saturated_20005,saturated,8,oracle_upper_bound,6,0,6,0.5879806620002394,0.0
heldout_saturated_20005,saturated,16,blind_more_rollouts,12,4,28,0.581686717517141,0.023868795303742307
heldout_saturated_20005,saturated,16,audit_fewer_rollouts,1,4,17,0.483213105255314,0.12234240756556924
heldout_saturated_20005,saturated,16,calibrated_lcb,12,4,28,0.5820530622084261,0.02350245061245715
heldout_saturated_20005,saturated,16,conservative_stop_block,1,4,17,0.483213105255314,0.12234240756556924
heldout_saturated_20005,saturated,16,oracle_upper_bound,12,0,12,0.6055555128208833,0.0
heldout_saturated_20005,saturated,32,blind_more_rollouts,24,8,56,0.5749814540910095,0.04297143100213108
heldout_saturated_20005,saturated,32,audit_fewer_rollouts,1,8,33,0.48349177786824354,0.13446110722489707
heldout_saturated_20005,saturated,32,calibrated_lcb,24,8,56,0.5769109442723044,0.04104194082083623
heldout_saturated_20005,saturated,32,conservative_stop_block,1,8,33,0.48349177786824354,0.13446110722489707
heldout_saturated_20005,saturated,32,oracle_upper_bound,24,0,24,0.6179528850931406,0.0
heldout_saturated_20005,saturated,64,blind_more_rollouts,48,16,112,0.5767396128964983,0.051385189266166864
heldout_saturated_20005,saturated,64,audit_fewer_rollouts,1,16,65,0.48527529460992136,0.14284950755274384
heldout_saturated_20005,saturated,64,calibrated_lcb,48,16,112,0.5749913481679251,0.05313345399474012
heldout_saturated_20005,saturated,64,conservative_stop_block,1,16,65,0.48527529460992136,0.14284950755274384
heldout_saturated_20005,saturated,64,oracle_upper_bound,48,0,48,0.6281248021626652,0.0
heldout_saturated_20006,saturated,8,blind_more_rollouts,6,2,14,0.5676220659509732,0.013595437427377122
heldout_saturated_20006,saturated,8,audit_fewer_rollouts,1,2,9,0.48781305210282616,0.09340445127552416
heldout_saturated_20006,saturated,8,calibrated_lcb,6,2,14,0.5681993457908835,0.013018157587466828
heldout_saturated_20006,saturated,8,conservative_stop_block,1,2,9,0.48781305210282616,0.09340445127552416
heldout_saturated_20006,saturated,8,oracle_upper_bound,6,0,6,0.5812175033783503,0.0
heldout_saturated_20006,saturated,16,blind_more_rollouts,12,4,28,0.5767621882810738,0.020834136192348307
heldout_saturated_20006,saturated,16,audit_fewer_rollouts,1,4,17,0.4902915530824405,0.10730477139098166
heldout_saturated_20006,saturated,16,calibrated_lcb,12,4,28,0.5771770128667171,0.02041931160670507
heldout_saturated_20006,saturated,16,conservative_stop_block,1,4,17,0.4902915530824405,0.10730477139098166
heldout_saturated_20006,saturated,16,oracle_upper_bound,12,0,12,0.5975963244734221,0.0
heldout_saturated_20006,saturated,32,blind_more_rollouts,24,8,56,0.584675450217178,0.02378469763507085
heldout_saturated_20006,saturated,32,audit_fewer_rollouts,1,8,33,0.4843418482908397,0.12411829956140918
heldout_saturated_20006,saturated,32,calibrated_lcb,24,8,56,0.586187060704996,0.022273087147252846
heldout_saturated_20006,saturated,32,conservative_stop_block,1,8,33,0.4843418482908397,0.12411829956140918
heldout_saturated_20006,saturated,32,oracle_upper_bound,24,0,24,0.6084601478522489,0.0
heldout_saturated_20006,saturated,64,blind_more_rollouts,48,16,112,0.5839191856648847,0.031184534461277336
heldout_saturated_20006,saturated,64,audit_fewer_rollouts,48,16,112,0.5848532913531544,0.030250428773007543
heldout_saturated_20006,saturated,64,calibrated_lcb,48,16,112,0.5895679607197801,0.025535759406381864
heldout_saturated_20006,saturated,64,conservative_stop_block,48,16,112,0.5839191856648847,0.031184534461277336
heldout_saturated_20006,saturated,64,oracle_upper_bound,48,0,48,0.615103720126162,0.0
heldout_saturated_20007,saturated,8,blind_more_rollouts,6,2,14,0.5780772547355283,0.016660236965315822
heldout_saturated_20007,saturated,8,audit_fewer_rollouts,1,2,9,0.4945720165770544,0.1001654751237897
heldout_saturated_20007,saturated,8,calibrated_lcb,6,2,14,0.5808134648097285,0.013924026891115604
heldout_saturated_20007,saturated,8,conservative_stop_block,1,2,9,0.4945720165770544,0.1001654751237897
heldout_saturated_20007,saturated,8,oracle_upper_bound,6,0,6,0.5947374917008441,0.0
heldout_saturated_20007,saturated,16,blind_more_rollouts,12,4,28,0.5852879335623918,0.0280628923372096
heldout_saturated_20007,saturated,16,audit_fewer_rollouts,1,4,17,0.49178421055348925,0.12156661534611218
heldout_saturated_20007,saturated,16,calibrated_lcb,12,4,28,0.5818115487834855,0.03153927711611593
heldout_saturated_20007,saturated,16,conservative_stop_block,1,4,17,0.49178421055348925,0.12156661534611218
heldout_saturated_20007,saturated,16,oracle_upper_bound,12,0,12,0.6133508258996014,0.0
heldout_saturated_20007,saturated,32,blind_more_rollouts,24,8,56,0.5941559541472753,0.03627165589708403
heldout_saturated_20007,saturated,32,audit_fewer_rollouts,1,8,33,0.4969035028058473,0.13352410723851205
heldout_saturated_20007,saturated,32,calibrated_lcb,24,8,56,0.5955621330881112,0.03486547695624809
heldout_saturated_20007,saturated,32,conservative_stop_block,1,8,33,0.4969035028058473,0.13352410723851205
heldout_saturated_20007,saturated,32,oracle_upper_bound,24,0,24,0.6304276100443593,0.0
heldout_saturated_20007,saturated,64,blind_more_rollouts,48,16,112,0.5990053859466544,0.045376686832941826
heldout_saturated_20007,saturated,64,audit_fewer_rollouts,1,16,65,0.4963604520326993,0.14802162074689695
heldout_saturated_20007,saturated,64,calibrated_lcb,48,16,112,0.6028711567724669,0.041510916007129306
heldout_saturated_20007,saturated,64,conservative_stop_block,1,16,65,0.4963604520326993,0.14802162074689695
heldout_saturated_20007,saturated,64,oracle_upper_bound,48,0,48,0.6443820727795962,0.0
heldout_saturated_20008,saturated,8,blind_more_rollouts,6,2,14,0.5843283245053679,0.016681211510929272
heldout_saturated_20008,saturated,8,audit_fewer_rollouts,1,2,9,0.4992448126041426,0.10176472341215453
heldout_saturated_20008,saturated,8,calibrated_lcb,6,2,14,0.5870852515523536,0.01392428446394356
heldout_saturated_20008,saturated,8,conservative_stop_block,1,2,9,0.4992448126041426,0.10176472341215453
heldout_saturated_20008,saturated,8,oracle_upper_bound,6,0,6,0.6010095360162971,0.0
heldout_saturated_20008,saturated,16,blind_more_rollouts,12,4,28,0.5922534361227128,0.030357471906494404
heldout_saturated_20008,saturated,16,audit_fewer_rollouts,1,4,17,0.5007835103210081,0.12182739770819906
heldout_saturated_20008,saturated,16,calibrated_lcb,12,4,28,0.6060628585153085,0.016548049513898655
heldout_saturated_20008,saturated,16,conservative_stop_block,1,4,17,0.5007835103210081,0.12182739770819906
heldout_saturated_20008,saturated,16,oracle_upper_bound,12,0,12,0.6226109080292072,0.0
heldout_saturated_20008,saturated,32,blind_more_rollouts,24,8,56,0.5925945394001222,0.045152955856819776
heldout_saturated_20008,saturated,32,audit_fewer_rollouts,1,8,33,0.49815597824712193,0.13959151700982003
heldout_saturated_20008,saturated,32,calibrated_lcb,24,8,56,0.5995070321065379,0.03824046315040408
heldout_saturated_20008,saturated,32,conservative_stop_block,1,8,33,0.49815597824712193,0.13959151700982003
heldout_saturated_20008,saturated,32,oracle_upper_bound,24,0,24,0.637747495256942,0.0
heldout_saturated_20008,saturated,64,blind_more_rollouts,48,16,112,0.6048880524782994,0.04316748210811827
heldout_saturated_20008,saturated,64,audit_fewer_rollouts,1,16,65,0.49550289374930867,0.15255264083710895
heldout_saturated_20008,saturated,64,calibrated_lcb,48,16,112,0.6183517071351109,0.02970382745130673
heldout_saturated_20008,saturated,64,conservative_stop_block,1,16,65,0.49550289374930867,0.15255264083710895
heldout_saturated_20008,saturated,64,oracle_upper_bound,48,0,48,0.6480555345864176,0.0
heldout_saturated_20009,saturated,8,blind_more_rollouts,6,2,14,0.5806991880234373,0.010625204590795967
heldout_saturated_20009,saturated,8,audit_fewer_rollouts,1,2,9,0.4842330305080394,0.10709136210619391
heldout_saturated_20009,saturated,8,calibrated_lcb,6,2,14,0.580067102650756,0.011257289963477302
heldout_saturated_20009,saturated,8,conservative_stop_block,1,2,9,0.4842330305080394,0.10709136210619391
heldout_saturated_20009,saturated,8,oracle_upper_bound,6,0,6,0.5913243926142333,0.0
heldout_saturated_20009,saturated,16,blind_more_rollouts,12,4,28,0.5944900551519469,0.0173711124358934
heldout_saturated_20009,saturated,16,audit_fewer_rollouts,1,4,17,0.4879485541358192,0.12391261345202104
heldout_saturated_20009,saturated,16,calibrated_lcb,12,4,28,0.46039982268536095,0.1514613449024793
heldout_saturated_20009,saturated,16,conservative_stop_block,1,4,17,0.4879485541358192,0.12391261345202104
heldout_saturated_20009,saturated,16,oracle_upper_bound,12,0,12,0.6118611675878403,0.0
heldout_saturated_20009,saturated,32,blind_more_rollouts,24,8,56,0.5999243175480224,0.024121213373277106
heldout_saturated_20009,saturated,32,audit_fewer_rollouts,24,8,56,0.5981690280010226,0.02587650292027699
heldout_saturated_20009,saturated,32,calibrated_lcb,24,8,56,0.6025476663183723,0.02149786460292724
heldout_saturated_20009,saturated,32,conservative_stop_block,24,8,56,0.5999243175480224,0.024121213373277106
heldout_saturated_20009,saturated,32,oracle_upper_bound,24,0,24,0.6240455309212996,0.0
heldout_saturated_20009,saturated,64,blind_more_rollouts,48,16,112,0.6026418550640531,0.02638180527046674
heldout_saturated_20009,saturated,64,audit_fewer_rollouts,48,16,112,0.6112897511947251,0.01773390913979478
heldout_saturated_20009,saturated,64,calibrated_lcb,48,16,112,0.608392287079116,0.020631373255403873
heldout_saturated_20009,saturated,64,conservative_stop_block,48,16,112,0.6026418550640531,0.02638180527046674
heldout_saturated_20009,saturated,64,oracle_upper_bound,48,0,48,0.6290236603345198,0.0
heldout_hidden_flip_20000,hidden_flip,8,blind_more_rollouts,6,2,14,0.6313342069548016,0.008027178100353694
heldout_hidden_flip_20000,hidden_flip,8,audit_fewer_rollouts,1,2,9,0.49874910756025137,0.1406122774949039
heldout_hidden_flip_20000,hidden_flip,8,calibrated_lcb,6,2,14,0.6314128018888862,0.007948583166269119
heldout_hidden_flip_20000,hidden_flip,8,conservative_stop_block,1,2,9,0.49874910756025137,0.1406122774949039
heldout_hidden_flip_20000,hidden_flip,8,oracle_upper_bound,6,0,6,0.6393613850551553,0.0
heldout_hidden_flip_20000,hidden_flip,16,blind_more_rollouts,12,4,28,0.6592891854903361,0.013521085290828516
heldout_hidden_flip_20000,hidden_flip,16,audit_fewer_rollouts,1,4,17,0.49673617698176864,0.17607409379939598
heldout_hidden_flip_20000,hidden_flip,16,calibrated_lcb,12,4,28,0.6612906620949366,0.011519608686228033
heldout_hidden_flip_20000,hidden_flip,16,conservative_stop_block,1,4,17,0.49673617698176864,0.17607409379939598
heldout_hidden_flip_20000,hidden_flip,16,oracle_upper_bound,12,0,12,0.6728102707811646,0.0
heldout_hidden_flip_20000,hidden_flip,32,blind_more_rollouts,24,8,56,0.6797261959181206,0.02236816694240229
heldout_hidden_flip_20000,hidden_flip,32,audit_fewer_rollouts,1,8,33,0.5036821490233133,0.19841221383720953
heldout_hidden_flip_20000,hidden_flip,32,calibrated_lcb,24,8,56,0.6829913604429569,0.019103002417565906
heldout_hidden_flip_20000,hidden_flip,32,conservative_stop_block,1,8,33,0.5036821490233133,0.19841221383720953
heldout_hidden_flip_20000,hidden_flip,32,oracle_upper_bound,24,0,24,0.7020943628605228,0.0
heldout_hidden_flip_20000,hidden_flip,64,blind_more_rollouts,48,16,112,0.6891544300148975,0.03514498405946187
heldout_hidden_flip_20000,hidden_flip,64,audit_fewer_rollouts,48,16,112,0.7111863993749268,0.013113014699432601
heldout_hidden_flip_20000,hidden_flip,64,calibrated_lcb,48,16,112,0.6960588944213115,0.028240519653047857
heldout_hidden_flip_20000,hidden_flip,64,conservative_stop_block,48,16,112,0.6891544300148975,0.03514498405946187
heldout_hidden_flip_20000,hidden_flip,64,oracle_upper_bound,48,0,48,0.7242994140743594,0.0
heldout_hidden_flip_20001,hidden_flip,8,blind_more_rollouts,6,2,14,0.3698241185795064,0.28854806743575884
heldout_hidden_flip_20001,hidden_flip,8,audit_fewer_rollouts,1,2,9,0.5079351032276778,0.1504370827875875
heldout_hidden_flip_20001,hidden_flip,8,calibrated_lcb,6,2,14,0.3725088084042434,0.2858633776110219
heldout_hidden_flip_20001,hidden_flip,8,conservative_stop_block,1,2,9,0.5079351032276778,0.1504370827875875
heldout_hidden_flip_20001,hidden_flip,8,oracle_upper_bound,6,0,6,0.6583721860152653,0.0
heldout_hidden_flip_20001,hidden_flip,16,blind_more_rollouts,12,4,28,0.3439975520755427,0.3500095052223344
heldout_hidden_flip_20001,hidden_flip,16,audit_fewer_rollouts,1,4,17,0.5112154698976267,0.18279158740025048
heldout_hidden_flip_20001,hidden_flip,16,calibrated_lcb,12,4,28,0.6759535440521875,0.0180535132456896
heldout_hidden_flip_20001,hidden_flip,16,conservative_stop_block,1,4,17,0.5112154698976267,0.18279158740025048
heldout_hidden_flip_20001,hidden_flip,16,oracle_upper_bound,12,0,12,0.6940070572978772,0.0
heldout_hidden_flip_20001,hidden_flip,32,blind_more_rollouts,24,8,56,0.32969616779231947,0.37874640083871547
heldout_hidden_flip_20001,hidden_flip,32,audit_fewer_rollouts,1,8,33,0.5093390320294993,0.19910353660153568
heldout_hidden_flip_20001,hidden_flip,32,calibrated_lcb,24,8,56,0.6799955936630748,0.028446974967960115
heldout_hidden_flip_20001,hidden_flip,32,conservative_stop_block,1,8,33,0.5093390320294993,0.19910353660153568
heldout_hidden_flip_20001,hidden_flip,32,oracle_upper_bound,24,0,24,0.7084425686310349,0.0
heldout_hidden_flip_20001,hidden_flip,64,blind_more_rollouts,48,16,112,0.31696192638280185,0.4126857756625575
heldout_hidden_flip_20001,hidden_flip,64,audit_fewer_rollouts,1,16,65,0.5097792845527408,0.21986841749261854
heldout_hidden_flip_20001,hidden_flip,64,calibrated_lcb,48,16,112,0.6714108054613739,0.058236896583985454
heldout_hidden_flip_20001,hidden_flip,64,conservative_stop_block,1,16,65,0.5097792845527408,0.21986841749261854
heldout_hidden_flip_20001,hidden_flip,64,oracle_upper_bound,48,0,48,0.7296477020453593,0.0
heldout_hidden_flip_20002,hidden_flip,8,blind_more_rollouts,6,2,14,0.63950237927085,0.0072087796930634385
heldout_hidden_flip_20002,hidden_flip,8,audit_fewer_rollouts,1,2,9,0.4980290313229588,0.14868212764095462
heldout_hidden_flip_20002,hidden_flip,8,calibrated_lcb,6,2,14,0.6370910738827928,0.009620085081120555
heldout_hidden_flip_20002,hidden_flip,8,conservative_stop_block,1,2,9,0.4980290313229588,0.14868212764095462
heldout_hidden_flip_20002,hidden_flip,8,oracle_upper_bound,6,0,6,0.6467111589639134,0.0
heldout_hidden_flip_20002,hidden_flip,16,blind_more_rollouts,12,4,28,0.6681621419570248,0.011032379826832583
heldout_hidden_flip_20002,hidden_flip,16,audit_fewer_rollouts,1,4,17,0.49818057324025145,0.18101394854360597
heldout_hidden_flip_20002,hidden_flip,16,calibrated_lcb,12,4,28,0.6693355312371928,0.009858990546664614
heldout_hidden_flip_20002,hidden_flip,16,conservative_stop_block,1,4,17,0.49818057324025145,0.18101394854360597
heldout_hidden_flip_20002,hidden_flip,16,oracle_upper_bound,12,0,12,0.6791945217838574,0.0
heldout_hidden_flip_20002,hidden_flip,32,blind_more_rollouts,24,8,56,0.6841090960652805,0.016689849901637133
heldout_hidden_flip_20002,hidden_flip,32,audit_fewer_rollouts,1,8,33,0.49960685848733194,0.20119208747958567
heldout_hidden_flip_20002,hidden_flip,32,calibrated_lcb,24,8,56,0.6879090016450186,0.01288994432189905
heldout_hidden_flip_20002,hidden_flip,32,conservative_stop_block,1,8,33,0.49960685848733194,0.20119208747958567
heldout_hidden_flip_20002,hidden_flip,32,oracle_upper_bound,24,0,24,0.7007989459669176,0.0
heldout_hidden_flip_20002,hidden_flip,64,blind_more_rollouts,48,16,112,0.6983753229255382,0.0163388818372473
heldout_hidden_flip_20002,hidden_flip,64,audit_fewer_rollouts,48,16,112,0.6903439115314147,0.024370293231370743
heldout_hidden_flip_20002,hidden_flip,64,calibrated_lcb,48,16,112,0.695878267578565,0.018835937184220497
heldout_hidden_flip_20002,hidden_flip,64,conservative_stop_block,48,16,112,0.6983753229255382,0.0163388818372473
heldout_hidden_flip_20002,hidden_flip,64,oracle_upper_bound,48,0,48,0.7147142047627855,0.0
heldout_hidden_flip_20003,hidden_flip,8,blind_more_rollouts,6,2,14,0.35742261205448894,0.28752966056441226
heldout_hidden_flip_20003,hidden_flip,8,audit_fewer_rollouts,1,2,9,0.4981843398728088,0.1467679327460924
heldout_hidden_flip_20003,hidden_flip,8,calibrated_lcb,6,2,14,0.35899661068938066,0.28595566192952054
heldout_hidden_flip_20003,hidden_flip,8,conservative_stop_block,1,2,9,0.4981843398728088,0.1467679327460924
heldout_hidden_flip_20003,hidden_flip,8,oracle_upper_bound,6,0,6,0.6449522726189012,0.0
heldout_hidden_flip_20003,hidden_flip,16,blind_more_rollouts,12,4,28,0.3291749529960992,0.3476041300531255
heldout_hidden_flip_20003,hidden_flip,16,audit_fewer_rollouts,1,4,17,0.49871777554499697,0.17806130750422777
heldout_hidden_flip_20003,hidden_flip,16,calibrated_lcb,12,4,28,0.6597695008908033,0.01700958215842141
heldout_hidden_flip_20003,hidden_flip,16,conservative_stop_block,1,4,17,0.49871777554499697,0.17806130750422777
heldout_hidden_flip_20003,hidden_flip,16,oracle_upper_bound,12,0,12,0.6767790830492247,0.0
heldout_hidden_flip_20003,hidden_flip,32,blind_more_rollouts,24,8,56,0.31579772141520634,0.375878369379665
heldout_hidden_flip_20003,hidden_flip,32,audit_fewer_rollouts,1,8,33,0.4975741789859347,0.19410191180893666
heldout_hidden_flip_20003,hidden_flip,32,calibrated_lcb,24,8,56,0.6674086413925839,0.024267449402287422
heldout_hidden_flip_20003,hidden_flip,32,conservative_stop_block,1,8,33,0.4975741789859347,0.19410191180893666
heldout_hidden_flip_20003,hidden_flip,32,oracle_upper_bound,24,0,24,0.6916760907948714,0.0
heldout_hidden_flip_20003,hidden_flip,64,blind_more_rollouts,48,16,112,0.31250795225150874,0.4124300074154984
heldout_hidden_flip_20003,hidden_flip,64,audit_fewer_rollouts,1,16,65,0.5005756094613335,0.22436235020567363
heldout_hidden_flip_20003,hidden_flip,64,calibrated_lcb,48,16,112,0.684679438143951,0.04025852152305609
heldout_hidden_flip_20003,hidden_flip,64,conservative_stop_block,1,16,65,0.5005756094613335,0.22436235020567363
heldout_hidden_flip_20003,hidden_flip,64,oracle_upper_bound,48,0,48,0.7249379596670071,0.0
heldout_hidden_flip_20004,hidden_flip,8,blind_more_rollouts,6,2,14,0.6424982457454814,0.006218387648642576
heldout_hidden_flip_20004,hidden_flip,8,audit_fewer_rollouts,1,2,9,0.5021161131218519,0.1466005202722721
heldout_hidden_flip_20004,hidden_flip,8,calibrated_lcb,6,2,14,0.6401483491289897,0.00856828426513434
heldout_hidden_flip_20004,hidden_flip,8,conservative_stop_block,1,2,9,0.5021161131218519,0.1466005202722721
heldout_hidden_flip_20004,hidden_flip,8,oracle_upper_bound,6,0,6,0.648716633394124,0.0
heldout_hidden_flip_20004,hidden_flip,16,blind_more_rollouts,12,4,28,0.669764565075781,0.011795115857309857
heldout_hidden_flip_20004,hidden_flip,16,audit_fewer_rollouts,1,4,17,0.5006481007427435,0.18091158019034737
heldout_hidden_flip_20004,hidden_flip,16,calibrated_lcb,12,4,28,0.6705955987477572,0.010964082185333623
heldout_hidden_flip_20004,hidden_flip,16,conservative_stop_block,1,4,17,0.5006481007427435,0.18091158019034737
heldout_hidden_flip_20004,hidden_flip,16,oracle_upper_bound,12,0,12,0.6815596809330908,0.0
heldout_hidden_flip_20004,hidden_flip,32,blind_more_rollouts,24,8,56,0.6804617512353316,0.023936293054489077
heldout_hidden_flip_20004,hidden_flip,32,audit_fewer_rollouts,24,8,56,0.6804082277339276,0.02398981655589305
heldout_hidden_flip_20004,hidden_flip,32,calibrated_lcb,24,8,56,0.6822410003834332,0.022157043906387508
heldout_hidden_flip_20004,hidden_flip,32,conservative_stop_block,24,8,56,0.6804617512353316,0.023936293054489077
heldout_hidden_flip_20004,hidden_flip,32,oracle_upper_bound,24,0,24,0.7043980442898207,0.0
heldout_hidden_flip_20004,hidden_flip,64,blind_more_rollouts,48,16,112,0.700653978828096,0.021908963256017988
heldout_hidden_flip_20004,hidden_flip,64,audit_fewer_rollouts,48,16,112,0.6878260859257747,0.034736856158339324
heldout_hidden_flip_20004,hidden_flip,64,calibrated_lcb,48,16,112,0.7098124252163727,0.012750516867741313
heldout_hidden_flip_20004,hidden_flip,64,conservative_stop_block,48,16,112,0.700653978828096,0.021908963256017988
heldout_hidden_flip_20004,hidden_flip,64,oracle_upper_bound,48,0,48,0.722562942084114,0.0
heldout_hidden_flip_20005,hidden_flip,8,blind_more_rollouts,6,2,14,0.3595393801253825,0.2823526414377823
heldout_hidden_flip_20005,hidden_flip,8,audit_fewer_rollouts,1,2,9,0.4981385184389179,0.14375350312424695
heldout_hidden_flip_20005,hidden_flip,8,calibrated_lcb,6,2,14,0.3585560689030266,0.2833359526601382
heldout_hidden_flip_20005,hidden_flip,8,conservative_stop_block,1,2,9,0.4981385184389179,0.14375350312424695
heldout_hidden_flip_20005,hidden_flip,8,oracle_upper_bound,6,0,6,0.6418920215631648,0.0
heldout_hidden_flip_20005,hidden_flip,16,blind_more_rollouts,12,4,28,0.33362016871186256,0.3400413557119601
heldout_hidden_flip_20005,hidden_flip,16,audit_fewer_rollouts,1,4,17,0.5021139871851285,0.1715475372386942
heldout_hidden_flip_20005,hidden_flip,16,calibrated_lcb,12,4,28,0.6594208221313307,0.014240702292491969
heldout_hidden_flip_20005,hidden_flip,16,conservative_stop_block,1,4,17,0.5021139871851285,0.1715475372386942
heldout_hidden_flip_20005,hidden_flip,16,oracle_upper_bound,12,0,12,0.6736615244238227,0.0
heldout_hidden_flip_20005,hidden_flip,32,blind_more_rollouts,24,8,56,0.32125232402500276,0.37600062490126335
heldout_hidden_flip_20005,hidden_flip,32,audit_fewer_rollouts,1,8,33,0.499943764631682,0.1973091842945841
heldout_hidden_flip_20005,hidden_flip,32,calibrated_lcb,24,8,56,0.6763202718376539,0.02093267708861224
heldout_hidden_flip_20005,hidden_flip,32,conservative_stop_block,1,8,33,0.499943764631682,0.1973091842945841
heldout_hidden_flip_20005,hidden_flip,32,oracle_upper_bound,24,0,24,0.6972529489262661,0.0
heldout_hidden_flip_20005,hidden_flip,64,blind_more_rollouts,48,16,112,0.3223576242302159,0.3943801194626369
heldout_hidden_flip_20005,hidden_flip,64,audit_fewer_rollouts,1,16,65,0.5061041597013319,0.21063358399152088
heldout_hidden_flip_20005,hidden_flip,64,calibrated_lcb,48,16,112,0.6836812727964554,0.033056470896397405
heldout_hidden_flip_20005,hidden_flip,64,conservative_stop_block,1,16,65,0.5061041597013319,0.21063358399152088
heldout_hidden_flip_20005,hidden_flip,64,oracle_upper_bound,48,0,48,0.7167377436928528,0.0
heldout_hidden_flip_20006,hidden_flip,8,blind_more_rollouts,6,2,14,0.6383632414875113,0.0065728436916029365
heldout_hidden_flip_20006,hidden_flip,8,audit_fewer_rollouts,1,2,9,0.5050891743093894,0.1398469108697249
heldout_hidden_flip_20006,hidden_flip,8,calibrated_lcb,6,2,14,0.6346833200663858,0.010252765112728435
heldout_hidden_flip_20006,hidden_flip,8,conservative_stop_block,1,2,9,0.5050891743093894,0.1398469108697249
heldout_hidden_flip_20006,hidden_flip,8,oracle_upper_bound,6,0,6,0.6449360851791143,0.0
heldout_hidden_flip_20006,hidden_flip,16,blind_more_rollouts,12,4,28,0.6683504028316439,0.009875869403762505
heldout_hidden_flip_20006,hidden_flip,16,audit_fewer_rollouts,1,4,17,0.5056471527019116,0.1725791195334948
heldout_hidden_flip_20006,hidden_flip,16,calibrated_lcb,12,4,28,0.6684991488245224,0.009727123410883998
heldout_hidden_flip_20006,hidden_flip,16,conservative_stop_block,1,4,17,0.5056471527019116,0.1725791195334948
heldout_hidden_flip_20006,hidden_flip,16,oracle_upper_bound,12,0,12,0.6782262722354064,0.0
heldout_hidden_flip_20006,hidden_flip,32,blind_more_rollouts,24,8,56,0.6908389053795386,0.012959308765182476
heldout_hidden_flip_20006,hidden_flip,32,audit_fewer_rollouts,24,8,56,0.6795987867001987,0.024199427444522414
heldout_hidden_flip_20006,hidden_flip,32,calibrated_lcb,24,8,56,0.6923870723809873,0.011411141763733812
heldout_hidden_flip_20006,hidden_flip,32,conservative_stop_block,24,8,56,0.6908389053795386,0.012959308765182476
heldout_hidden_flip_20006,hidden_flip,32,oracle_upper_bound,24,0,24,0.7037982141447211,0.0
heldout_hidden_flip_20006,hidden_flip,64,blind_more_rollouts,48,16,112,0.7033564623680075,0.018460316015344036
heldout_hidden_flip_20006,hidden_flip,64,audit_fewer_rollouts,48,16,112,0.6872297212196163,0.034587057163735224
heldout_hidden_flip_20006,hidden_flip,64,calibrated_lcb,48,16,112,0.7055235651125246,0.016293213270827
heldout_hidden_flip_20006,hidden_flip,64,conservative_stop_block,48,16,112,0.7033564623680075,0.018460316015344036
heldout_hidden_flip_20006,hidden_flip,64,oracle_upper_bound,48,0,48,0.7218167783833516,0.0
heldout_hidden_flip_20007,hidden_flip,8,blind_more_rollouts,6,2,14,0.36975232297834887,0.2718350378522734
heldout_hidden_flip_20007,hidden_flip,8,audit_fewer_rollouts,1,2,9,0.5019141461338541,0.1396732146967682
heldout_hidden_flip_20007,hidden_flip,8,calibrated_lcb,6,2,14,0.37083711062094865,0.27075025020967364
heldout_hidden_flip_20007,hidden_flip,8,conservative_stop_block,1,2,9,0.5019141461338541,0.1396732146967682
heldout_hidden_flip_20007,hidden_flip,8,oracle_upper_bound,6,0,6,0.6415873608306223,0.0
heldout_hidden_flip_20007,hidden_flip,16,blind_more_rollouts,12,4,28,0.3476523441373051,0.32356044510836807
heldout_hidden_flip_20007,hidden_flip,16,audit_fewer_rollouts,1,4,17,0.5023381388972425,0.16887465034843063
heldout_hidden_flip_20007,hidden_flip,16,calibrated_lcb,12,4,28,0.6573881579005716,0.01382463134510159
heldout_hidden_flip_20007,hidden_flip,16,conservative_stop_block,1,4,17,0.5023381388972425,0.16887465034843063
heldout_hidden_flip_20007,hidden_flip,16,oracle_upper_bound,12,0,12,0.6712127892456732,0.0
heldout_hidden_flip_20007,hidden_flip,32,blind_more_rollouts,24,8,56,0.33681290256602325,0.35508928717857746
heldout_hidden_flip_20007,hidden_flip,32,audit_fewer_rollouts,1,8,33,0.5020707114424188,0.18983147830218194
heldout_hidden_flip_20007,hidden_flip,32,calibrated_lcb,24,8,56,0.6700787066604919,0.021823483084108863
heldout_hidden_flip_20007,hidden_flip,32,conservative_stop_block,1,8,33,0.5020707114424188,0.18983147830218194
heldout_hidden_flip_20007,hidden_flip,32,oracle_upper_bound,24,0,24,0.6919021897446007,0.0
heldout_hidden_flip_20007,hidden_flip,64,blind_more_rollouts,48,16,112,0.34328754491548574,0.3616171495443936
heldout_hidden_flip_20007,hidden_flip,64,audit_fewer_rollouts,1,16,65,0.5007458664728281,0.2041588279870512
heldout_hidden_flip_20007,hidden_flip,64,calibrated_lcb,48,16,112,0.6770528794633255,0.02785181499655387
heldout_hidden_flip_20007,hidden_flip,64,conservative_stop_block,1,16,65,0.5007458664728281,0.2041588279870512
heldout_hidden_flip_20007,hidden_flip,64,oracle_upper_bound,48,0,48,0.7049046944598794,0.0
heldout_hidden_flip_20008,hidden_flip,8,blind_more_rollouts,6,2,14,0.6306332414317561,0.006263947308831286
heldout_hidden_flip_20008,hidden_flip,8,audit_fewer_rollouts,1,2,9,0.5012678137846066,0.13562937495598082
heldout_hidden_flip_20008,hidden_flip,8,calibrated_lcb,6,2,14,0.6299426396866581,0.0069545490539293375
heldout_hidden_flip_20008,hidden_flip,8,conservative_stop_block,1,2,9,0.5012678137846066,0.13562937495598082
heldout_hidden_flip_20008,hidden_flip,8,oracle_upper_bound,6,0,6,0.6368971887405874,0.0
heldout_hidden_flip_20008,hidden_flip,16,blind_more_rollouts,12,4,28,0.6505900967615951,0.010593841920708447
heldout_hidden_flip_20008,hidden_flip,16,audit_fewer_rollouts,1,4,17,0.4996334552946542,0.16155048338764932
heldout_hidden_flip_20008,hidden_flip,16,calibrated_lcb,12,4,28,0.64890709007821,0.012276848604093504
heldout_hidden_flip_20008,hidden_flip,16,conservative_stop_block,1,4,17,0.4996334552946542,0.16155048338764932
heldout_hidden_flip_20008,hidden_flip,16,oracle_upper_bound,12,0,12,0.6611839386823035,0.0
heldout_hidden_flip_20008,hidden_flip,32,blind_more_rollouts,24,8,56,0.6679432130725592,0.015411208620657035
heldout_hidden_flip_20008,hidden_flip,32,audit_fewer_rollouts,1,8,33,0.5051245505205667,0.17822987117264955
heldout_hidden_flip_20008,hidden_flip,32,calibrated_lcb,24,8,56,0.6621334353906411,0.021220986302575184
heldout_hidden_flip_20008,hidden_flip,32,conservative_stop_block,1,8,33,0.5051245505205667,0.17822987117264955
heldout_hidden_flip_20008,hidden_flip,32,oracle_upper_bound,24,0,24,0.6833544216932163,0.0
heldout_hidden_flip_20008,hidden_flip,64,blind_more_rollouts,48,16,112,0.6741364803055576,0.022895015757773196
heldout_hidden_flip_20008,hidden_flip,64,audit_fewer_rollouts,48,16,112,0.6664713347413829,0.030560161321947943
heldout_hidden_flip_20008,hidden_flip,64,calibrated_lcb,48,16,112,0.6698225545875035,0.02720894147582731
heldout_hidden_flip_20008,hidden_flip,64,conservative_stop_block,48,16,112,0.6741364803055576,0.022895015757773196
heldout_hidden_flip_20008,hidden_flip,64,oracle_upper_bound,48,0,48,0.6970314960633308,0.0
heldout_hidden_flip_20009,hidden_flip,8,blind_more_rollouts,6,2,14,0.3578134188422623,0.28717456655773604
heldout_hidden_flip_20009,hidden_flip,8,audit_fewer_rollouts,1,2,9,0.4989614681786457,0.14602651722135268
heldout_hidden_flip_20009,hidden_flip,8,calibrated_lcb,6,2,14,0.35886321700871077,0.2861247683912876
heldout_hidden_flip_20009,hidden_flip,8,conservative_stop_block,1,2,9,0.4989614681786457,0.14602651722135268
heldout_hidden_flip_20009,hidden_flip,8,oracle_upper_bound,6,0,6,0.6449879853999984,0.0
heldout_hidden_flip_20009,hidden_flip,16,blind_more_rollouts,12,4,28,0.3338710632584693,0.3395311161289621
heldout_hidden_flip_20009,hidden_flip,16,audit_fewer_rollouts,1,4,17,0.4961830392494519,0.17721914013797951
heldout_hidden_flip_20009,hidden_flip,16,calibrated_lcb,12,4,28,0.6586211859736322,0.014780993413799237
heldout_hidden_flip_20009,hidden_flip,16,conservative_stop_block,1,4,17,0.4961830392494519,0.17721914013797951
heldout_hidden_flip_20009,hidden_flip,16,oracle_upper_bound,12,0,12,0.6734021793874314,0.0
heldout_hidden_flip_20009,hidden_flip,32,blind_more_rollouts,24,8,56,0.32670894425602065,0.3686159298658617
heldout_hidden_flip_20009,hidden_flip,32,audit_fewer_rollouts,1,8,33,0.49755748662717847,0.1977673874947039
heldout_hidden_flip_20009,hidden_flip,32,calibrated_lcb,24,8,56,0.6691051099981926,0.02621976412368976
heldout_hidden_flip_20009,hidden_flip,32,conservative_stop_block,1,8,33,0.49755748662717847,0.1977673874947039
heldout_hidden_flip_20009,hidden_flip,32,oracle_upper_bound,24,0,24,0.6953248741218824,0.0
heldout_hidden_flip_20009,hidden_flip,64,blind_more_rollouts,48,16,112,0.3304935155992809,0.3750685330125432
heldout_hidden_flip_20009,hidden_flip,64,audit_fewer_rollouts,1,16,65,0.4933797001402733,0.21218234847155082
heldout_hidden_flip_20009,hidden_flip,64,calibrated_lcb,48,16,112,0.6604256730512479,0.04513637556057626
heldout_hidden_flip_20009,hidden_flip,64,conservative_stop_block,1,16,65,0.4933797001402733,0.21218234847155082
heldout_hidden_flip_20009,hidden_flip,64,oracle_upper_bound,48,0,48,0.7055620486118241,0.0
