env_id,task_index,seed,state_id,scorer,N,real_utility,normalized_real_utility,success
robocasa/OpenDrawer,0,1000324,0,random,1,-0.06707860251474523,0.4419937045509705,0.0
robocasa/OpenDrawer,0,1000324,0,random,2,-0.06705492590386206,0.44256317350219815,0.0
robocasa/OpenDrawer,0,1000324,0,random,4,-0.0699178085079025,0.3737052291766282,0.0
robocasa/OpenDrawer,0,1000324,0,random,8,-0.07603630533627631,0.22654337441886005,0.0
robocasa/OpenDrawer,0,1000324,0,learned_wam,1,-0.06707860251474523,0.4419937045509705,0.0
robocasa/OpenDrawer,0,1000324,0,learned_wam,2,-0.06117732389653456,0.5839310351173507,0.0
robocasa/OpenDrawer,0,1000324,0,learned_wam,4,-0.05626453568606712,0.7020932317097841,0.0
robocasa/OpenDrawer,0,1000324,0,learned_wam,8,-0.055223889988788896,0.7271228027388921,0.0
robocasa/OpenDrawer,0,1000324,0,learned_physics_score,1,-0.06707860251474523,0.4419937045509705,0.0
robocasa/OpenDrawer,0,1000324,0,learned_physics_score,2,-0.06117732389653456,0.5839310351173507,0.0
robocasa/OpenDrawer,0,1000324,0,learned_physics_score,4,-0.05626453568606712,0.7020932317097841,0.0
robocasa/OpenDrawer,0,1000324,0,learned_physics_score,8,-0.055223889988788896,0.7271228027388921,0.0
robocasa/OpenDrawer,0,1000324,0,learned_energy_regularized,1,-0.06707860251474523,0.4419937045509705,0.0
robocasa/OpenDrawer,0,1000324,0,learned_energy_regularized,2,-0.0621187940696985,0.5612868300506061,0.0
robocasa/OpenDrawer,0,1000324,0,learned_energy_regularized,4,-0.058465430767359446,0.649157386292943,0.0
robocasa/OpenDrawer,0,1000324,0,learned_energy_regularized,8,-0.05691686719575931,0.6864033788625854,0.0
robocasa/OpenDrawer,0,1000324,0,predicted_progress,1,-0.06707860251474523,0.4419937045509704,0.0
robocasa/OpenDrawer,0,1000324,0,predicted_progress,2,-0.06253014993575005,0.5513929142880111,0.0
robocasa/OpenDrawer,0,1000324,0,predicted_progress,4,-0.06138425004593303,0.5789540551829746,0.0
robocasa/OpenDrawer,0,1000324,0,predicted_progress,8,-0.06233000394584441,0.5562068180822004,0.0
robocasa/OpenDrawer,0,1000324,0,predicted_success,1,-0.06707860251474522,0.4419937045509705,0.0
robocasa/OpenDrawer,0,1000324,0,predicted_success,2,-0.06707860251474522,0.4419937045509705,0.0
robocasa/OpenDrawer,0,1000324,0,predicted_success,4,-0.06707860251474522,0.4419937045509705,0.0
robocasa/OpenDrawer,0,1000324,0,predicted_success,8,-0.06707860251474522,0.4419937045509705,0.0
robocasa/OpenDrawer,0,1000324,0,low_energy,1,-0.06707860251474523,0.4419937045509705,0.0
robocasa/OpenDrawer,0,1000324,0,low_energy,2,-0.06163578983082579,0.5729040297717446,0.0
robocasa/OpenDrawer,0,1000324,0,low_energy,4,-0.056239083103805584,0.7027054162575658,0.0
robocasa/OpenDrawer,0,1000324,0,low_energy,8,-0.05053510477959462,0.8398972876002685,0.0
robocasa/OpenDrawer,0,1000324,0,distance_progress,1,-0.06707860251474522,0.4419937045509705,0.0
robocasa/OpenDrawer,0,1000324,0,distance_progress,2,-0.05985858339848547,0.6156493317972018,0.0
robocasa/OpenDrawer,0,1000324,0,distance_progress,4,-0.05327710629900434,0.7739467705592713,0.0
robocasa/OpenDrawer,0,1000324,0,distance_progress,8,-0.049604246925273474,0.862286245574795,0.0
robocasa/OpenDrawer,0,1000324,0,oracle_real_utility,1,-0.06707860251474523,0.4419937045509705,0.0
robocasa/OpenDrawer,0,1000324,0,oracle_real_utility,2,-0.05925002110730819,0.6302864490528608,0.0
robocasa/OpenDrawer,0,1000324,0,oracle_real_utility,4,-0.051961029920474106,0.8056009899370187,0.0
robocasa/OpenDrawer,0,1000324,0,oracle_real_utility,8,-0.04695735758846796,0.925949127990048,0.0
robocasa/OpenDrawer,0,1010331,1,random,1,-0.04554407397240652,0.3661613901082522,0.0
robocasa/OpenDrawer,0,1010331,1,random,2,-0.04410744787489207,0.40289969548749094,0.0
robocasa/OpenDrawer,0,1010331,1,random,4,-0.03974270034194849,0.5145177623219938,0.0
robocasa/OpenDrawer,0,1010331,1,random,8,-0.03240446221792989,0.7021757991711075,0.0
robocasa/OpenDrawer,0,1010331,1,learned_wam,1,-0.04554407397240653,0.3661613901082522,0.0
robocasa/OpenDrawer,0,1010331,1,learned_wam,2,-0.03933348653583024,0.5249824349327608,0.0
robocasa/OpenDrawer,0,1010331,1,learned_wam,4,-0.03208493588862041,0.7103469272629533,0.0
robocasa/OpenDrawer,0,1010331,1,learned_wam,8,-0.026240844432685102,0.8597957065548038,0.0
robocasa/OpenDrawer,0,1010331,1,learned_physics_score,1,-0.04554407397240653,0.3661613901082522,0.0
robocasa/OpenDrawer,0,1010331,1,learned_physics_score,2,-0.03933348653583024,0.5249824349327608,0.0
robocasa/OpenDrawer,0,1010331,1,learned_physics_score,4,-0.03208493588862041,0.7103469272629533,0.0
robocasa/OpenDrawer,0,1010331,1,learned_physics_score,8,-0.026240844432685102,0.8597957065548038,0.0
robocasa/OpenDrawer,0,1010331,1,learned_energy_regularized,1,-0.04554407397240652,0.3661613901082522,0.0
robocasa/OpenDrawer,0,1010331,1,learned_energy_regularized,2,-0.04223254976835519,0.4508457681031004,0.0
robocasa/OpenDrawer,0,1010331,1,learned_energy_regularized,4,-0.03904151782714298,0.5324488422321222,0.0
robocasa/OpenDrawer,0,1010331,1,learned_energy_regularized,8,-0.033089436218611115,0.684659213570022,0.0
robocasa/OpenDrawer,0,1010331,1,predicted_progress,1,-0.04554407397240652,0.3661613901082522,0.0
robocasa/OpenDrawer,0,1010331,1,predicted_progress,2,-0.04146692458395789,0.47042481645749734,0.0
robocasa/OpenDrawer,0,1010331,1,predicted_progress,4,-0.040212401019483604,0.5025062814238146,0.0
robocasa/OpenDrawer,0,1010331,1,predicted_progress,8,-0.04053855818791499,0.4941655853469502,0.0
robocasa/OpenDrawer,0,1010331,1,predicted_success,1,-0.04554407397240652,0.3661613901082522,0.0
robocasa/OpenDrawer,0,1010331,1,predicted_success,2,-0.04554407397240652,0.3661613901082522,0.0
robocasa/OpenDrawer,0,1010331,1,predicted_success,4,-0.04554407397240652,0.3661613901082522,0.0
robocasa/OpenDrawer,0,1010331,1,predicted_success,8,-0.04554407397240652,0.3661613901082522,0.0
robocasa/OpenDrawer,0,1010331,1,low_energy,1,-0.04554407397240652,0.3661613901082522,0.0
robocasa/OpenDrawer,0,1010331,1,low_energy,2,-0.042564947398674044,0.4423454870131795,0.0
robocasa/OpenDrawer,0,1010331,1,low_energy,4,-0.03916614050549321,0.5292619127851832,0.0
robocasa/OpenDrawer,0,1010331,1,low_energy,8,-0.03302293116495078,0.6863599225957476,0.0
robocasa/OpenDrawer,0,1010331,1,distance_progress,1,-0.04554407397240653,0.3661613901082522,0.0
robocasa/OpenDrawer,0,1010331,1,distance_progress,2,-0.03932274544056784,0.5252571129707974,0.0
robocasa/OpenDrawer,0,1010331,1,distance_progress,4,-0.033783775461450616,0.6669031341111005,0.0
robocasa/OpenDrawer,0,1010331,1,distance_progress,8,-0.031005153775300182,0.7379597940282383,0.0
robocasa/OpenDrawer,0,1010331,1,oracle_real_utility,1,-0.04554407397240653,0.36616139010825227,0.0
robocasa/OpenDrawer,0,1010331,1,oracle_real_utility,2,-0.038337112539343195,0.5504623369185351,0.0
robocasa/OpenDrawer,0,1010331,1,oracle_real_utility,4,-0.030674696119658357,0.7464104648665875,0.0
robocasa/OpenDrawer,0,1010331,1,oracle_real_utility,8,-0.024798689697957857,0.8966753937191888,0.0
robocasa/OpenCabinet,1,1100327,0,random,1,-0.04959164683500442,0.6124212129404266,0.0
robocasa/OpenCabinet,1,1100327,0,random,2,-0.04554639184006569,0.7458470107515491,0.0
robocasa/OpenCabinet,1,1100327,0,random,4,-0.04298023345705594,0.8304873436826405,0.0
robocasa/OpenCabinet,1,1100327,0,random,8,-0.041757231486771726,0.8708259660473395,0.0
robocasa/OpenCabinet,1,1100327,0,learned_wam,1,-0.04959164683500442,0.6124212129404266,0.0
robocasa/OpenCabinet,1,1100327,0,learned_wam,2,-0.04659871935397665,0.7111377925989634,0.0
robocasa/OpenCabinet,1,1100327,0,learned_wam,4,-0.042462037288781854,0.8475791555118435,0.0
robocasa/OpenCabinet,1,1100327,0,learned_wam,8,-0.03957826192692024,0.9426955397313435,0.0
robocasa/OpenCabinet,1,1100327,0,learned_physics_score,1,-0.04959164683500442,0.6124212129404266,0.0
robocasa/OpenCabinet,1,1100327,0,learned_physics_score,2,-0.04659871935397665,0.7111377925989634,0.0
robocasa/OpenCabinet,1,1100327,0,learned_physics_score,4,-0.042462037288781854,0.8475791555118435,0.0
robocasa/OpenCabinet,1,1100327,0,learned_physics_score,8,-0.03957826192692024,0.9426955397313435,0.0
robocasa/OpenCabinet,1,1100327,0,learned_energy_regularized,1,-0.04959164683500442,0.6124212129404266,0.0
robocasa/OpenCabinet,1,1100327,0,learned_energy_regularized,2,-0.0452949193644079,0.7541413990494827,0.0
robocasa/OpenCabinet,1,1100327,0,learned_energy_regularized,4,-0.042136087291389665,0.8583300571244733,0.0
robocasa/OpenCabinet,1,1100327,0,learned_energy_regularized,8,-0.039570423529766155,0.942954075817487,0.0
robocasa/OpenCabinet,1,1100327,0,predicted_progress,1,-0.04959164683500442,0.6124212129404266,0.0
robocasa/OpenCabinet,1,1100327,0,predicted_progress,2,-0.047688554774467304,0.6751914404793271,0.0
robocasa/OpenCabinet,1,1100327,0,predicted_progress,4,-0.044009548170937024,0.7965371632687626,0.0
robocasa/OpenCabinet,1,1100327,0,predicted_progress,8,-0.04133935795406784,0.884608807810078,0.0
robocasa/OpenCabinet,1,1100327,0,predicted_success,1,-0.049591646835004416,0.6124212129404266,0.0
robocasa/OpenCabinet,1,1100327,0,predicted_success,2,-0.049591646835004416,0.6124212129404266,0.0
robocasa/OpenCabinet,1,1100327,0,predicted_success,4,-0.049591646835004416,0.6124212129404266,0.0
robocasa/OpenCabinet,1,1100327,0,predicted_success,8,-0.049591646835004416,0.6124212129404266,0.0
robocasa/OpenCabinet,1,1100327,0,low_energy,1,-0.04959164683500442,0.6124212129404266,0.0
robocasa/OpenCabinet,1,1100327,0,low_energy,2,-0.04532008519252087,0.7533113473722086,0.0
robocasa/OpenCabinet,1,1100327,0,low_energy,4,-0.042221415177335214,0.8555156631562155,0.0
robocasa/OpenCabinet,1,1100327,0,low_energy,8,-0.039704640863701936,0.9385271472597402,0.0
robocasa/OpenCabinet,1,1100327,0,distance_progress,1,-0.04959164683500442,0.6124212129404266,0.0
robocasa/OpenCabinet,1,1100327,0,distance_progress,2,-0.046414028717603,0.7172294964686157,0.0
robocasa/OpenCabinet,1,1100327,0,distance_progress,4,-0.04560580781444249,0.743887276743713,0.0
robocasa/OpenCabinet,1,1100327,0,distance_progress,8,-0.04629574354501145,0.7211309300103824,0.0
robocasa/OpenCabinet,1,1100327,0,oracle_real_utility,1,-0.04959164683500442,0.6124212129404266,0.0
robocasa/OpenCabinet,1,1100327,0,oracle_real_utility,2,-0.04426110677561079,0.7882399341529602,0.0
robocasa/OpenCabinet,1,1100327,0,oracle_real_utility,4,-0.04103131262861366,0.8947691545279327,0.0
robocasa/OpenCabinet,1,1100327,0,oracle_real_utility,8,-0.039295972157342166,0.9520063836131255,0.0
robocasa/OpenCabinet,1,1110334,1,random,1,-0.05375801272382107,0.45971580549409874,0.0
robocasa/OpenCabinet,1,1110334,1,random,2,-0.05350286996500729,0.46610363186428805,0.0
robocasa/OpenCabinet,1,1110334,1,random,4,-0.05365184957788668,0.46237373608282023,0.0
robocasa/OpenCabinet,1,1110334,1,random,8,-0.05289572415244492,0.48130430638104615,0.0
robocasa/OpenCabinet,1,1110334,1,learned_wam,1,-0.05375801272382107,0.45971580549409874,0.0
robocasa/OpenCabinet,1,1110334,1,learned_wam,2,-0.04751045810760725,0.6161313522734488,0.0
robocasa/OpenCabinet,1,1110334,1,learned_wam,4,-0.042586681302683796,0.7394044228541936,0.0
robocasa/OpenCabinet,1,1110334,1,learned_wam,8,-0.0381812477684546,0.8497001045066968,0.0
robocasa/OpenCabinet,1,1110334,1,learned_physics_score,1,-0.05375801272382107,0.45971580549409874,0.0
robocasa/OpenCabinet,1,1110334,1,learned_physics_score,2,-0.04751045810760725,0.6161313522734488,0.0
robocasa/OpenCabinet,1,1110334,1,learned_physics_score,4,-0.042586681302683796,0.7394044228541936,0.0
robocasa/OpenCabinet,1,1110334,1,learned_physics_score,8,-0.0381812477684546,0.8497001045066968,0.0
robocasa/OpenCabinet,1,1110334,1,learned_energy_regularized,1,-0.05375801272382107,0.45971580549409874,0.0
robocasa/OpenCabinet,1,1110334,1,learned_energy_regularized,2,-0.047188070537468846,0.6242027387847724,0.0
robocasa/OpenCabinet,1,1110334,1,learned_energy_regularized,4,-0.0423096294845961,0.7463407706373623,0.0
robocasa/OpenCabinet,1,1110334,1,learned_energy_regularized,8,-0.0381488606962363,0.8505109564192932,0.0
robocasa/OpenCabinet,1,1110334,1,predicted_progress,1,-0.053758012723821066,0.45971580549409874,0.0
robocasa/OpenCabinet,1,1110334,1,predicted_progress,2,-0.05255692551543764,0.4897865650103763,0.0
robocasa/OpenCabinet,1,1110334,1,predicted_progress,4,-0.05498422845217778,0.42901592123496923,0.0
robocasa/OpenCabinet,1,1110334,1,predicted_progress,8,-0.06039525018455021,0.2935440486550217,0.0
robocasa/OpenCabinet,1,1110334,1,predicted_success,1,-0.053758012723821066,0.4597158054940987,0.0
robocasa/OpenCabinet,1,1110334,1,predicted_success,2,-0.053758012723821066,0.4597158054940987,0.0
robocasa/OpenCabinet,1,1110334,1,predicted_success,4,-0.053758012723821066,0.4597158054940987,0.0
robocasa/OpenCabinet,1,1110334,1,predicted_success,8,-0.053758012723821066,0.4597158054940987,0.0
robocasa/OpenCabinet,1,1110334,1,low_energy,1,-0.05375801272382107,0.45971580549409874,0.0
robocasa/OpenCabinet,1,1110334,1,low_energy,2,-0.047188070537468846,0.6242027387847724,0.0
robocasa/OpenCabinet,1,1110334,1,low_energy,4,-0.0423096294845961,0.7463407706373623,0.0
robocasa/OpenCabinet,1,1110334,1,low_energy,8,-0.0381488606962363,0.8505109564192932,0.0
robocasa/OpenCabinet,1,1110334,1,distance_progress,1,-0.053758012723821066,0.45971580549409874,0.0
robocasa/OpenCabinet,1,1110334,1,distance_progress,2,-0.04952593246971311,0.5656713653290529,0.0
robocasa/OpenCabinet,1,1110334,1,distance_progress,4,-0.04568110400163902,0.6619315797729369,0.0
robocasa/OpenCabinet,1,1110334,1,distance_progress,8,-0.04481205056286873,0.6836894477958833,0.0
robocasa/OpenCabinet,1,1110334,1,oracle_real_utility,1,-0.053758012723821066,0.45971580549409874,0.0
robocasa/OpenCabinet,1,1110334,1,oracle_real_utility,2,-0.0467214348075317,0.635885563078213,0.0
robocasa/OpenCabinet,1,1110334,1,oracle_real_utility,4,-0.04113355606225101,0.7757852779220782,0.0
robocasa/OpenCabinet,1,1110334,1,oracle_real_utility,8,-0.03676005435892052,0.885281505212594,0.0
robocasa/OpenMicrowave,2,1200330,0,random,1,-0.055105965596077895,0.6077709436258314,0.0
robocasa/OpenMicrowave,2,1200330,0,random,2,-0.04926234179541938,0.714116796108613,0.0
robocasa/OpenMicrowave,2,1200330,0,random,4,-0.04210830028025072,0.8443104344366117,0.0
robocasa/OpenMicrowave,2,1200330,0,random,8,-0.03694101198551405,0.9383479182777419,0.0
robocasa/OpenMicrowave,2,1200330,0,learned_wam,1,-0.0551059655960779,0.6077709436258314,0.0
robocasa/OpenMicrowave,2,1200330,0,learned_wam,2,-0.047226942575577156,0.7511582403495165,0.0
robocasa/OpenMicrowave,2,1200330,0,learned_wam,4,-0.042164929359982437,0.8432798636872241,0.0
robocasa/OpenMicrowave,2,1200330,0,learned_wam,8,-0.03793803098146359,0.9202035546631929,0.0
robocasa/OpenMicrowave,2,1200330,0,learned_physics_score,1,-0.0551059655960779,0.6077709436258314,0.0
robocasa/OpenMicrowave,2,1200330,0,learned_physics_score,2,-0.047226942575577156,0.7511582403495165,0.0
robocasa/OpenMicrowave,2,1200330,0,learned_physics_score,4,-0.042164929359982437,0.8432798636872241,0.0
robocasa/OpenMicrowave,2,1200330,0,learned_physics_score,8,-0.03793803098146359,0.9202035546631929,0.0
robocasa/OpenMicrowave,2,1200330,0,learned_energy_regularized,1,-0.0551059655960779,0.6077709436258315,0.0
robocasa/OpenMicrowave,2,1200330,0,learned_energy_regularized,2,-0.04745442219704209,0.7470184265811453,0.0
robocasa/OpenMicrowave,2,1200330,0,learned_energy_regularized,4,-0.04293622745151195,0.8292433076288401,0.0
robocasa/OpenMicrowave,2,1200330,0,learned_energy_regularized,8,-0.03915125186895768,0.8981246163311365,0.0
robocasa/OpenMicrowave,2,1200330,0,predicted_progress,1,-0.055105965596077895,0.6077709436258315,0.0
robocasa/OpenMicrowave,2,1200330,0,predicted_progress,2,-0.050631850909916655,0.6891936286987363,0.0
robocasa/OpenMicrowave,2,1200330,0,predicted_progress,4,-0.051602591475610554,0.6715274960865203,0.0
robocasa/OpenMicrowave,2,1200330,0,predicted_progress,8,-0.055490836566276645,0.6007668254933383,0.0
robocasa/OpenMicrowave,2,1200330,0,predicted_success,1,-0.0551059655960779,0.6077709436258315,0.0
robocasa/OpenMicrowave,2,1200330,0,predicted_success,2,-0.0551059655960779,0.6077709436258315,0.0
robocasa/OpenMicrowave,2,1200330,0,predicted_success,4,-0.0551059655960779,0.6077709436258315,0.0
robocasa/OpenMicrowave,2,1200330,0,predicted_success,8,-0.0551059655960779,0.6077709436258315,0.0
robocasa/OpenMicrowave,2,1200330,0,low_energy,1,-0.0551059655960779,0.6077709436258315,0.0
robocasa/OpenMicrowave,2,1200330,0,low_energy,2,-0.04741936021980749,0.7476565059623547,0.0
robocasa/OpenMicrowave,2,1200330,0,low_energy,4,-0.04292253136665469,0.829492557387125,0.0
robocasa/OpenMicrowave,2,1200330,0,low_energy,8,-0.03915084727270092,0.8981319794221405,0.0
robocasa/OpenMicrowave,2,1200330,0,distance_progress,1,-0.055105965596077895,0.6077709436258315,0.0
robocasa/OpenMicrowave,2,1200330,0,distance_progress,2,-0.04844277181936159,0.7290318335487947,0.0
robocasa/OpenMicrowave,2,1200330,0,distance_progress,4,-0.044166404227244875,0.8068557956358379,0.0
robocasa/OpenMicrowave,2,1200330,0,distance_progress,8,-0.042133262358210084,0.8438561592212854,0.0
robocasa/OpenMicrowave,2,1200330,0,oracle_real_utility,1,-0.055105965596077895,0.6077709436258314,0.0
robocasa/OpenMicrowave,2,1200330,0,oracle_real_utility,2,-0.046405991775414775,0.7660984068742425,0.0
robocasa/OpenMicrowave,2,1200330,0,oracle_real_utility,4,-0.0405596323308263,0.8724940442842787,0.0
robocasa/OpenMicrowave,2,1200330,0,oracle_real_utility,8,-0.03676370154593103,0.9415747224825964,0.0
robocasa/OpenMicrowave,2,1210337,1,random,1,-0.06127072249620247,0.624232091549363,0.0
robocasa/OpenMicrowave,2,1210337,1,random,2,-0.057857160119245944,0.7072680546118948,0.0
robocasa/OpenMicrowave,2,1210337,1,random,4,-0.05555742104156372,0.7632099206217202,0.0
robocasa/OpenMicrowave,2,1210337,1,random,8,-0.056094149176783084,0.7501538423406979,0.0
robocasa/OpenMicrowave,2,1210337,1,learned_wam,1,-0.061270722496202454,0.6242320915493629,0.0
robocasa/OpenMicrowave,2,1210337,1,learned_wam,2,-0.05910257696105721,0.6769729038414853,0.0
robocasa/OpenMicrowave,2,1210337,1,learned_wam,4,-0.056751099551769865,0.734173320807075,0.0
robocasa/OpenMicrowave,2,1210337,1,learned_wam,8,-0.05801892421537216,0.7033330928249196,0.0
robocasa/OpenMicrowave,2,1210337,1,learned_physics_score,1,-0.061270722496202454,0.6242320915493629,0.0
robocasa/OpenMicrowave,2,1210337,1,learned_physics_score,2,-0.05910257696105721,0.6769729038414853,0.0
robocasa/OpenMicrowave,2,1210337,1,learned_physics_score,4,-0.056751099551769865,0.734173320807075,0.0
robocasa/OpenMicrowave,2,1210337,1,learned_physics_score,8,-0.05801892421537216,0.7033330928249196,0.0
robocasa/OpenMicrowave,2,1210337,1,learned_energy_regularized,1,-0.06127072249620247,0.6242320915493629,0.0
robocasa/OpenMicrowave,2,1210337,1,learned_energy_regularized,2,-0.05552116164596935,0.7640919416603774,0.0
robocasa/OpenMicrowave,2,1210337,1,learned_energy_regularized,4,-0.051382884334968,0.864756820163401,0.0
robocasa/OpenMicrowave,2,1210337,1,learned_energy_regularized,8,-0.048048632856190876,0.9458635210404411,0.0
robocasa/OpenMicrowave,2,1210337,1,predicted_progress,1,-0.061270722496202454,0.6242320915493629,0.0
robocasa/OpenMicrowave,2,1210337,1,predicted_progress,2,-0.06444271883475879,0.5470722972591282,0.0
robocasa/OpenMicrowave,2,1210337,1,predicted_progress,4,-0.06999528777549016,0.4120043364164706,0.0
robocasa/OpenMicrowave,2,1210337,1,predicted_progress,8,-0.07752681330318423,0.22879764309695183,0.0
robocasa/OpenMicrowave,2,1210337,1,predicted_success,1,-0.06127072249620246,0.6242320915493629,0.0
robocasa/OpenMicrowave,2,1210337,1,predicted_success,2,-0.06127072249620246,0.6242320915493629,0.0
robocasa/OpenMicrowave,2,1210337,1,predicted_success,4,-0.06127072249620246,0.6242320915493629,0.0
robocasa/OpenMicrowave,2,1210337,1,predicted_success,8,-0.06127072249620246,0.6242320915493629,0.0
robocasa/OpenMicrowave,2,1210337,1,low_energy,1,-0.06127072249620247,0.6242320915493629,0.0
robocasa/OpenMicrowave,2,1210337,1,low_energy,2,-0.055429417097624126,0.7663236562407255,0.0
robocasa/OpenMicrowave,2,1210337,1,low_energy,4,-0.05116642454121602,0.8700222717514099,0.0
robocasa/OpenMicrowave,2,1210337,1,low_energy,8,-0.0478799607644416,0.9499665219625044,0.0
robocasa/OpenMicrowave,2,1210337,1,distance_progress,1,-0.06127072249620247,0.6242320915493629,0.0
robocasa/OpenMicrowave,2,1210337,1,distance_progress,2,-0.05582008263234397,0.7568205959979177,0.0
robocasa/OpenMicrowave,2,1210337,1,distance_progress,4,-0.05231752336537765,0.8420214359999834,0.0
robocasa/OpenMicrowave,2,1210337,1,distance_progress,8,-0.049580854209962666,0.9085917616039392,0.0
robocasa/OpenMicrowave,2,1210337,1,oracle_real_utility,1,-0.061270722496202454,0.6242320915493629,0.0
robocasa/OpenMicrowave,2,1210337,1,oracle_real_utility,2,-0.05508050782187945,0.774810982539049,0.0
robocasa/OpenMicrowave,2,1210337,1,oracle_real_utility,4,-0.050614434768384495,0.8834495940986289,0.0
robocasa/OpenMicrowave,2,1210337,1,oracle_real_utility,8,-0.047390546873303324,0.9618716665883017,0.0
robocasa/TurnOnSinkFaucet,3,1300333,0,random,1,-0.05260889423225777,0.4181298925786456,0.0
robocasa/TurnOnSinkFaucet,3,1300333,0,random,2,-0.05198415919861282,0.4311610786985903,0.0
robocasa/TurnOnSinkFaucet,3,1300333,0,random,4,-0.0514168539505075,0.44299435180919267,0.0
robocasa/TurnOnSinkFaucet,3,1300333,0,random,8,-0.04967358059333793,0.47935683886659075,0.0
robocasa/TurnOnSinkFaucet,3,1300333,0,learned_wam,1,-0.05260889423225777,0.4181298925786456,0.0
robocasa/TurnOnSinkFaucet,3,1300333,0,learned_wam,2,-0.04484004162432584,0.5801783752477241,0.0
robocasa/TurnOnSinkFaucet,3,1300333,0,learned_wam,4,-0.03732244468803109,0.73698598099384,0.0
robocasa/TurnOnSinkFaucet,3,1300333,0,learned_wam,8,-0.030866984999960975,0.871638741211624,0.0
robocasa/TurnOnSinkFaucet,3,1300333,0,learned_physics_score,1,-0.05260889423225777,0.4181298925786456,0.0
robocasa/TurnOnSinkFaucet,3,1300333,0,learned_physics_score,2,-0.04484004162432584,0.5801783752477241,0.0
robocasa/TurnOnSinkFaucet,3,1300333,0,learned_physics_score,4,-0.03732244468803109,0.73698598099384,0.0
robocasa/TurnOnSinkFaucet,3,1300333,0,learned_physics_score,8,-0.030866984999960975,0.871638741211624,0.0
robocasa/TurnOnSinkFaucet,3,1300333,0,learned_energy_regularized,1,-0.05260889423225777,0.41812989257864563,0.0
robocasa/TurnOnSinkFaucet,3,1300333,0,learned_energy_regularized,2,-0.04626535763555624,0.5504480780468207,0.0
robocasa/TurnOnSinkFaucet,3,1300333,0,learned_energy_regularized,4,-0.040643193041081466,0.6677193519181079,0.0
robocasa/TurnOnSinkFaucet,3,1300333,0,learned_energy_regularized,8,-0.0370363166887075,0.7429542507602385,0.0
robocasa/TurnOnSinkFaucet,3,1300333,0,predicted_progress,1,-0.05260889423225777,0.41812989257864563,0.0
robocasa/TurnOnSinkFaucet,3,1300333,0,predicted_progress,2,-0.04840352231955923,0.5058486551686553,0.0
robocasa/TurnOnSinkFaucet,3,1300333,0,predicted_progress,4,-0.04443403895169047,0.5886470797502368,0.0
robocasa/TurnOnSinkFaucet,3,1300333,0,predicted_progress,8,-0.04199138093152838,0.6395978501951007,0.0
robocasa/TurnOnSinkFaucet,3,1300333,0,predicted_success,1,-0.05260889423225777,0.41812989257864563,0.0
robocasa/TurnOnSinkFaucet,3,1300333,0,predicted_success,2,-0.05260889423225777,0.41812989257864563,0.0
robocasa/TurnOnSinkFaucet,3,1300333,0,predicted_success,4,-0.05260889423225777,0.41812989257864563,0.0
robocasa/TurnOnSinkFaucet,3,1300333,0,predicted_success,8,-0.05260889423225777,0.41812989257864563,0.0
robocasa/TurnOnSinkFaucet,3,1300333,0,low_energy,1,-0.05260889423225777,0.41812989257864563,0.0
robocasa/TurnOnSinkFaucet,3,1300333,0,low_energy,2,-0.04626535763555624,0.5504480780468207,0.0
robocasa/TurnOnSinkFaucet,3,1300333,0,low_energy,4,-0.040643193041081466,0.6677193519181079,0.0
robocasa/TurnOnSinkFaucet,3,1300333,0,low_energy,8,-0.0370363166887075,0.7429542507602385,0.0
robocasa/TurnOnSinkFaucet,3,1300333,0,distance_progress,1,-0.05260889423225777,0.41812989257864563,0.0
robocasa/TurnOnSinkFaucet,3,1300333,0,distance_progress,2,-0.04872459315476191,0.4991515218467067,0.0
robocasa/TurnOnSinkFaucet,3,1300333,0,distance_progress,4,-0.04453237575702005,0.5865958978192123,0.0
robocasa/TurnOnSinkFaucet,3,1300333,0,distance_progress,8,-0.04195817686999877,0.6402904451072285,0.0
robocasa/TurnOnSinkFaucet,3,1300333,0,oracle_real_utility,1,-0.05260889423225777,0.4181298925786456,0.0
robocasa/TurnOnSinkFaucet,3,1300333,0,oracle_real_utility,2,-0.04435609660464136,0.5902728589627397,0.0
robocasa/TurnOnSinkFaucet,3,1300333,0,oracle_real_utility,4,-0.036656824761809356,0.7508699744896632,0.0
robocasa/TurnOnSinkFaucet,3,1300333,0,oracle_real_utility,8,-0.030419145553239206,0.8809801081396729,0.0
robocasa/TurnOnSinkFaucet,3,1310340,1,random,1,-0.055409883216274845,0.6573015966085953,0.0
robocasa/TurnOnSinkFaucet,3,1310340,1,random,2,-0.05603399659173994,0.6469365443503533,0.0
robocasa/TurnOnSinkFaucet,3,1310340,1,random,4,-0.05500660321553676,0.6639991269719515,0.0
robocasa/TurnOnSinkFaucet,3,1310340,1,random,8,-0.05287956693360321,0.699324186623155,0.0
robocasa/TurnOnSinkFaucet,3,1310340,1,learned_wam,1,-0.055409883216274845,0.6573015966085953,0.0
robocasa/TurnOnSinkFaucet,3,1310340,1,learned_wam,2,-0.046240836429344484,0.8095778541619256,0.0
robocasa/TurnOnSinkFaucet,3,1310340,1,learned_wam,4,-0.0407751643734267,0.9003497855338247,0.0
robocasa/TurnOnSinkFaucet,3,1310340,1,learned_wam,8,-0.037653831254637476,0.9521877722898735,0.0
robocasa/TurnOnSinkFaucet,3,1310340,1,learned_physics_score,1,-0.055409883216274845,0.6573015966085953,0.0
robocasa/TurnOnSinkFaucet,3,1310340,1,learned_physics_score,2,-0.046240836429344484,0.8095778541619256,0.0
robocasa/TurnOnSinkFaucet,3,1310340,1,learned_physics_score,4,-0.0407751643734267,0.9003497855338247,0.0
robocasa/TurnOnSinkFaucet,3,1310340,1,learned_physics_score,8,-0.037653831254637476,0.9521877722898735,0.0
robocasa/TurnOnSinkFaucet,3,1310340,1,learned_energy_regularized,1,-0.055409883216274845,0.6573015966085954,0.0
robocasa/TurnOnSinkFaucet,3,1310340,1,learned_energy_regularized,2,-0.047561079644241784,0.7876517259070992,0.0
robocasa/TurnOnSinkFaucet,3,1310340,1,learned_energy_regularized,4,-0.043870017044997225,0.8489515765970528,0.0
robocasa/TurnOnSinkFaucet,3,1310340,1,learned_energy_regularized,8,-0.04073960844039563,0.9009402857833715,0.0
robocasa/TurnOnSinkFaucet,3,1310340,1,predicted_progress,1,-0.05540988321627485,0.6573015966085953,0.0
robocasa/TurnOnSinkFaucet,3,1310340,1,predicted_progress,2,-0.056146954714317826,0.645060576153645,0.0
robocasa/TurnOnSinkFaucet,3,1310340,1,predicted_progress,4,-0.056099999674501376,0.6458403887015216,0.0
robocasa/TurnOnSinkFaucet,3,1310340,1,predicted_progress,8,-0.05127814967674725,0.7259199530449105,0.0
robocasa/TurnOnSinkFaucet,3,1310340,1,predicted_success,1,-0.05540988321627485,0.6573015966085953,0.0
robocasa/TurnOnSinkFaucet,3,1310340,1,predicted_success,2,-0.05540988321627485,0.6573015966085953,0.0
robocasa/TurnOnSinkFaucet,3,1310340,1,predicted_success,4,-0.05540988321627485,0.6573015966085953,0.0
robocasa/TurnOnSinkFaucet,3,1310340,1,predicted_success,8,-0.05540988321627485,0.6573015966085953,0.0
robocasa/TurnOnSinkFaucet,3,1310340,1,low_energy,1,-0.055409883216274845,0.6573015966085954,0.0
robocasa/TurnOnSinkFaucet,3,1310340,1,low_energy,2,-0.047561079644241784,0.7876517259070992,0.0
robocasa/TurnOnSinkFaucet,3,1310340,1,low_energy,4,-0.043870017044997225,0.8489515765970528,0.0
robocasa/TurnOnSinkFaucet,3,1310340,1,low_energy,8,-0.04073960844039563,0.9009402857833715,0.0
robocasa/TurnOnSinkFaucet,3,1310340,1,distance_progress,1,-0.055409883216274845,0.6573015966085953,0.0
robocasa/TurnOnSinkFaucet,3,1310340,1,distance_progress,2,-0.04816104307732794,0.7776877472752709,0.0
robocasa/TurnOnSinkFaucet,3,1310340,1,distance_progress,4,-0.04092275679977182,0.8978986231775494,0.0
robocasa/TurnOnSinkFaucet,3,1310340,1,distance_progress,8,-0.03671766359675581,0.9677353107306074,0.0
robocasa/TurnOnSinkFaucet,3,1310340,1,oracle_real_utility,1,-0.055409883216274845,0.6573015966085953,0.0
robocasa/TurnOnSinkFaucet,3,1310340,1,oracle_real_utility,2,-0.04591033486607228,0.8150667062029419,0.0
robocasa/TurnOnSinkFaucet,3,1310340,1,oracle_real_utility,4,-0.040081007856167576,0.9118780892998328,0.0
robocasa/TurnOnSinkFaucet,3,1310340,1,oracle_real_utility,8,-0.03660867723099903,0.9695453174071396,0.0
robocasa/CloseDrawer,4,1400336,0,random,1,-0.05288615628777867,0.38204394845841594,0.0
robocasa/CloseDrawer,4,1400336,0,random,2,-0.05170010236545007,0.42637057664048517,0.0
robocasa/CloseDrawer,4,1400336,0,random,4,-0.050806263280946805,0.45977620180429657,0.0
robocasa/CloseDrawer,4,1400336,0,random,8,-0.048854394905723665,0.5327237652329386,0.0
robocasa/CloseDrawer,4,1400336,0,learned_wam,1,-0.05288615628777867,0.38204394845841594,0.0
robocasa/CloseDrawer,4,1400336,0,learned_wam,2,-0.049680069015975464,0.5018656831544812,0.0
robocasa/CloseDrawer,4,1400336,0,learned_wam,4,-0.04485257457006548,0.6822845893495151,0.0
robocasa/CloseDrawer,4,1400336,0,learned_wam,8,-0.04018952914668418,0.8565575096502299,0.0
robocasa/CloseDrawer,4,1400336,0,learned_physics_score,1,-0.05288615628777867,0.38204394845841594,0.0
robocasa/CloseDrawer,4,1400336,0,learned_physics_score,2,-0.049680069015975464,0.5018656831544812,0.0
robocasa/CloseDrawer,4,1400336,0,learned_physics_score,4,-0.04485257457006548,0.6822845893495151,0.0
robocasa/CloseDrawer,4,1400336,0,learned_physics_score,8,-0.04018952914668418,0.8565575096502299,0.0
robocasa/CloseDrawer,4,1400336,0,learned_energy_regularized,1,-0.05288615628777867,0.38204394845841594,0.0
robocasa/CloseDrawer,4,1400336,0,learned_energy_regularized,2,-0.04965601650930132,0.5027646022509236,0.0
robocasa/CloseDrawer,4,1400336,0,learned_energy_regularized,4,-0.045616763063324475,0.6537244214144843,0.0
robocasa/CloseDrawer,4,1400336,0,learned_energy_regularized,8,-0.04154809148890584,0.8057836901196737,0.0
robocasa/CloseDrawer,4,1400336,0,predicted_progress,1,-0.05288615628777867,0.38204394845841594,0.0
robocasa/CloseDrawer,4,1400336,0,predicted_progress,2,-0.051657059209723924,0.4279792370257651,0.0
robocasa/CloseDrawer,4,1400336,0,predicted_progress,4,-0.05067920230766721,0.464524876727911,0.0
robocasa/CloseDrawer,4,1400336,0,predicted_progress,8,-0.048885012789931986,0.5315794769813899,0.0
robocasa/CloseDrawer,4,1400336,0,predicted_success,1,-0.05288615628777867,0.38204394845841594,0.0
robocasa/CloseDrawer,4,1400336,0,predicted_success,2,-0.05288615628777867,0.38204394845841594,0.0
robocasa/CloseDrawer,4,1400336,0,predicted_success,4,-0.05288615628777867,0.38204394845841594,0.0
robocasa/CloseDrawer,4,1400336,0,predicted_success,8,-0.05288615628777867,0.38204394845841594,0.0
robocasa/CloseDrawer,4,1400336,0,low_energy,1,-0.05288615628777867,0.38204394845841594,0.0
robocasa/CloseDrawer,4,1400336,0,low_energy,2,-0.04965601650930132,0.5027646022509236,0.0
robocasa/CloseDrawer,4,1400336,0,low_energy,4,-0.045616763063324475,0.6537244214144843,0.0
robocasa/CloseDrawer,4,1400336,0,low_energy,8,-0.04154809148890584,0.8057836901196737,0.0
robocasa/CloseDrawer,4,1400336,0,distance_progress,1,-0.05288615628777867,0.382043948458416,0.0
robocasa/CloseDrawer,4,1400336,0,distance_progress,2,-0.05203940681666754,0.4136896841730423,0.0
robocasa/CloseDrawer,4,1400336,0,distance_progress,4,-0.052208592735441685,0.40736666531701976,0.0
robocasa/CloseDrawer,4,1400336,0,distance_progress,8,-0.052430514401353726,0.3990727429369015,0.0
robocasa/CloseDrawer,4,1400336,0,oracle_real_utility,1,-0.05288615628777867,0.38204394845841594,0.0
robocasa/CloseDrawer,4,1400336,0,oracle_real_utility,2,-0.048426335606180676,0.5487217102281093,0.0
robocasa/CloseDrawer,4,1400336,0,oracle_real_utility,4,-0.04383940879043561,0.7201498347274624,0.0
robocasa/CloseDrawer,4,1400336,0,oracle_real_utility,8,-0.039910715821669926,0.8669776552755222,0.0
robocasa/CloseDrawer,4,1410343,1,random,1,-0.05316609002670264,0.3959427612847937,0.0
robocasa/CloseDrawer,4,1410343,1,random,2,-0.051757502426200794,0.4409571731297315,0.0
robocasa/CloseDrawer,4,1410343,1,random,4,-0.04731402671368491,0.5829578876574645,0.0
robocasa/CloseDrawer,4,1410343,1,random,8,-0.041881339527667275,0.7565709581750424,0.0
robocasa/CloseDrawer,4,1410343,1,learned_wam,1,-0.053166090026702646,0.3959427612847937,0.0
robocasa/CloseDrawer,4,1410343,1,learned_wam,2,-0.04750546332594954,0.5768401236620913,0.0
robocasa/CloseDrawer,4,1410343,1,learned_wam,4,-0.04275424532489964,0.7286753973704096,0.0
robocasa/CloseDrawer,4,1410343,1,learned_wam,8,-0.039334363000762956,0.8379650087123414,0.0
robocasa/CloseDrawer,4,1410343,1,learned_physics_score,1,-0.053166090026702646,0.3959427612847937,0.0
robocasa/CloseDrawer,4,1410343,1,learned_physics_score,2,-0.04750546332594954,0.5768401236620913,0.0
robocasa/CloseDrawer,4,1410343,1,learned_physics_score,4,-0.04275424532489964,0.7286753973704096,0.0
robocasa/CloseDrawer,4,1410343,1,learned_physics_score,8,-0.039334363000762956,0.8379650087123414,0.0
robocasa/CloseDrawer,4,1410343,1,learned_energy_regularized,1,-0.053166090026702646,0.3959427612847937,0.0
robocasa/CloseDrawer,4,1410343,1,learned_energy_regularized,2,-0.04807793373522344,0.558545614493535,0.0
robocasa/CloseDrawer,4,1410343,1,learned_energy_regularized,4,-0.043915788800422906,0.6915558058275222,0.0
robocasa/CloseDrawer,4,1410343,1,learned_energy_regularized,8,-0.04123571322617025,0.777203319430499,0.0
robocasa/CloseDrawer,4,1410343,1,predicted_progress,1,-0.053166090026702646,0.3959427612847937,0.0
robocasa/CloseDrawer,4,1410343,1,predicted_progress,2,-0.05058919418482005,0.4782929471494733,0.0
robocasa/CloseDrawer,4,1410343,1,predicted_progress,4,-0.04875684245574767,0.5368496427698672,0.0
robocasa/CloseDrawer,4,1410343,1,predicted_progress,8,-0.04904345814031512,0.527690229140398,0.0
robocasa/CloseDrawer,4,1410343,1,predicted_success,1,-0.05316609002670264,0.3959427612847937,0.0
robocasa/CloseDrawer,4,1410343,1,predicted_success,2,-0.05316609002670264,0.3959427612847937,0.0
robocasa/CloseDrawer,4,1410343,1,predicted_success,4,-0.05316609002670264,0.3959427612847937,0.0
robocasa/CloseDrawer,4,1410343,1,predicted_success,8,-0.05316609002670264,0.3959427612847937,0.0
robocasa/CloseDrawer,4,1410343,1,low_energy,1,-0.053166090026702646,0.3959427612847937,0.0
robocasa/CloseDrawer,4,1410343,1,low_energy,2,-0.04807793373522344,0.558545614493535,0.0
robocasa/CloseDrawer,4,1410343,1,low_energy,4,-0.043915788800422906,0.6915558058275222,0.0
robocasa/CloseDrawer,4,1410343,1,low_energy,8,-0.04123571322617025,0.777203319430499,0.0
robocasa/CloseDrawer,4,1410343,1,distance_progress,1,-0.053166090026702646,0.3959427612847937,0.0
robocasa/CloseDrawer,4,1410343,1,distance_progress,2,-0.04921803420467542,0.5221112798037838,0.0
robocasa/CloseDrawer,4,1410343,1,distance_progress,4,-0.044850520259380064,0.6616844745429602,0.0
robocasa/CloseDrawer,4,1410343,1,distance_progress,8,-0.0397617046629452,0.8243083972434355,0.0
robocasa/CloseDrawer,4,1410343,1,oracle_real_utility,1,-0.053166090026702646,0.3959427612847937,0.0
robocasa/CloseDrawer,4,1410343,1,oracle_real_utility,2,-0.04698206875694847,0.5935663100050803,0.0
robocasa/CloseDrawer,4,1410343,1,oracle_real_utility,4,-0.04122173233827806,0.7776501084305675,0.0
robocasa/CloseDrawer,4,1410343,1,oracle_real_utility,8,-0.03728994500144049,0.9032987329137449,0.0
robocasa/CloseCabinet,5,1500339,0,random,1,-0.05560265317416645,0.3718090612368731,0.0
robocasa/CloseCabinet,5,1500339,0,random,2,-0.05466541848263325,0.3922301278514439,0.0
robocasa/CloseCabinet,5,1500339,0,random,4,-0.04928703946751511,0.5094176766461491,0.0
robocasa/CloseCabinet,5,1500339,0,random,8,-0.0454289475290995,0.59348024196865,0.0
robocasa/CloseCabinet,5,1500339,0,learned_wam,1,-0.05560265317416646,0.3718090612368732,0.0
robocasa/CloseCabinet,5,1500339,0,learned_wam,2,-0.04993383716950694,0.4953248362105061,0.0
robocasa/CloseCabinet,5,1500339,0,learned_wam,4,-0.042760537118705144,0.6516212681576564,0.0
robocasa/CloseCabinet,5,1500339,0,learned_wam,8,-0.03799202640667987,0.7555206177893524,0.0
robocasa/CloseCabinet,5,1500339,0,learned_physics_score,1,-0.05560265317416646,0.3718090612368732,0.0
robocasa/CloseCabinet,5,1500339,0,learned_physics_score,2,-0.04993383716950694,0.4953248362105061,0.0
robocasa/CloseCabinet,5,1500339,0,learned_physics_score,4,-0.042760537118705144,0.6516212681576564,0.0
robocasa/CloseCabinet,5,1500339,0,learned_physics_score,8,-0.03799202640667987,0.7555206177893524,0.0
robocasa/CloseCabinet,5,1500339,0,learned_energy_regularized,1,-0.05560265317416645,0.3718090612368732,0.0
robocasa/CloseCabinet,5,1500339,0,learned_energy_regularized,2,-0.04721709290187453,0.5545189912767449,0.0
robocasa/CloseCabinet,5,1500339,0,learned_energy_regularized,4,-0.04032620531689616,0.7046620404805283,0.0
robocasa/CloseCabinet,5,1500339,0,learned_energy_regularized,8,-0.037465784422042944,0.7669867134436594,0.0
robocasa/CloseCabinet,5,1500339,0,predicted_progress,1,-0.05560265317416645,0.37180906123687313,0.0
robocasa/CloseCabinet,5,1500339,0,predicted_progress,2,-0.05863990880912262,0.30563140028681063,0.0
robocasa/CloseCabinet,5,1500339,0,predicted_progress,4,-0.06357273716765836,0.1981517930785944,0.0
robocasa/CloseCabinet,5,1500339,0,predicted_progress,8,-0.06893500893061888,0.08131519935657275,0.0
robocasa/CloseCabinet,5,1500339,0,predicted_success,1,-0.05560265317416646,0.37180906123687313,0.0
robocasa/CloseCabinet,5,1500339,0,predicted_success,2,-0.05560265317416646,0.37180906123687313,0.0
robocasa/CloseCabinet,5,1500339,0,predicted_success,4,-0.05560265317416646,0.37180906123687313,0.0
robocasa/CloseCabinet,5,1500339,0,predicted_success,8,-0.05560265317416646,0.37180906123687313,0.0
robocasa/CloseCabinet,5,1500339,0,low_energy,1,-0.05560265317416645,0.37180906123687313,0.0
robocasa/CloseCabinet,5,1500339,0,low_energy,2,-0.04682680532086525,0.563022825761992,0.0
robocasa/CloseCabinet,5,1500339,0,low_energy,4,-0.038527223498181544,0.7438594025609646,0.0
robocasa/CloseCabinet,5,1500339,0,low_energy,8,-0.032309054075754524,0.8793448398193134,0.0
robocasa/CloseCabinet,5,1500339,0,distance_progress,1,-0.055602653174166454,0.37180906123687313,0.0
robocasa/CloseCabinet,5,1500339,0,distance_progress,2,-0.04904066282975199,0.5147858878076503,0.0
robocasa/CloseCabinet,5,1500339,0,distance_progress,4,-0.04199104439586619,0.6683874658821729,0.0
robocasa/CloseCabinet,5,1500339,0,distance_progress,8,-0.03447630577707238,0.8321233788949917,0.0
robocasa/CloseCabinet,5,1500339,0,oracle_real_utility,1,-0.05560265317416645,0.37180906123687313,0.0
robocasa/CloseCabinet,5,1500339,0,oracle_real_utility,2,-0.04647454095739874,0.5706981861570722,0.0
robocasa/CloseCabinet,5,1500339,0,oracle_real_utility,4,-0.03771606454448452,0.7615334506708938,0.0
robocasa/CloseCabinet,5,1500339,0,oracle_real_utility,8,-0.03168286842286858,0.8929885717961503,0.0
robocasa/CloseCabinet,5,1510346,1,random,1,-0.0549855188140285,0.5048319547422673,0.0
robocasa/CloseCabinet,5,1510346,1,random,2,-0.05139106103497333,0.6655967066864897,0.0
robocasa/CloseCabinet,5,1510346,1,random,4,-0.0488237273704613,0.7804225817150787,0.0
robocasa/CloseCabinet,5,1510346,1,random,8,-0.04721479550160755,0.8523832357805213,0.0
robocasa/CloseCabinet,5,1510346,1,learned_wam,1,-0.05498551881402848,0.5048319547422674,0.0
robocasa/CloseCabinet,5,1510346,1,learned_wam,2,-0.05167004237130083,0.6531190624662399,0.0
robocasa/CloseCabinet,5,1510346,1,learned_wam,4,-0.050853545857239474,0.6896374659682283,0.0
robocasa/CloseCabinet,5,1510346,1,learned_wam,8,-0.052138848573066846,0.6321513623652706,0.0
robocasa/CloseCabinet,5,1510346,1,learned_physics_score,1,-0.05498551881402848,0.5048319547422674,0.0
robocasa/CloseCabinet,5,1510346,1,learned_physics_score,2,-0.05167004237130083,0.6531190624662399,0.0
robocasa/CloseCabinet,5,1510346,1,learned_physics_score,4,-0.050853545857239474,0.6896374659682283,0.0
robocasa/CloseCabinet,5,1510346,1,learned_physics_score,8,-0.052138848573066846,0.6321513623652706,0.0
robocasa/CloseCabinet,5,1510346,1,learned_energy_regularized,1,-0.054985518814028495,0.5048319547422673,0.0
robocasa/CloseCabinet,5,1510346,1,learned_energy_regularized,2,-0.05087279510914272,0.6887765291044347,0.0
robocasa/CloseCabinet,5,1510346,1,learned_energy_regularized,4,-0.047280349311128886,0.8494512937256986,0.0
robocasa/CloseCabinet,5,1510346,1,learned_energy_regularized,8,-0.04494357312044098,0.9539653171854079,0.0
robocasa/CloseCabinet,5,1510346,1,predicted_progress,1,-0.054985518814028495,0.5048319547422673,0.0
robocasa/CloseCabinet,5,1510346,1,predicted_progress,2,-0.05529663059741713,0.4909172527878193,0.0
robocasa/CloseCabinet,5,1510346,1,predicted_progress,4,-0.056110724178942945,0.45450632220017934,0.0
robocasa/CloseCabinet,5,1510346,1,predicted_progress,8,-0.05840583488675824,0.35185581792205034,0.0
robocasa/CloseCabinet,5,1510346,1,predicted_success,1,-0.054985518814028495,0.5048319547422673,0.0
robocasa/CloseCabinet,5,1510346,1,predicted_success,2,-0.054985518814028495,0.5048319547422673,0.0
robocasa/CloseCabinet,5,1510346,1,predicted_success,4,-0.054985518814028495,0.5048319547422673,0.0
robocasa/CloseCabinet,5,1510346,1,predicted_success,8,-0.054985518814028495,0.5048319547422673,0.0
robocasa/CloseCabinet,5,1510346,1,low_energy,1,-0.0549855188140285,0.5048319547422673,0.0
robocasa/CloseCabinet,5,1510346,1,low_energy,2,-0.05181755400142079,0.6465214969687935,0.0
robocasa/CloseCabinet,5,1510346,1,low_energy,4,-0.04901813906361523,0.7717273766115251,0.0
robocasa/CloseCabinet,5,1510346,1,low_energy,8,-0.04590561436132433,0.9109373193739052,0.0
robocasa/CloseCabinet,5,1510346,1,distance_progress,1,-0.054985518814028495,0.5048319547422674,0.0
robocasa/CloseCabinet,5,1510346,1,distance_progress,2,-0.05503944774568835,0.5024199438483201,0.0
robocasa/CloseCabinet,5,1510346,1,distance_progress,4,-0.05750216232052868,0.3922732340884689,0.0
robocasa/CloseCabinet,5,1510346,1,distance_progress,8,-0.06074576731804844,0.24720062929399161,0.0
robocasa/CloseCabinet,5,1510346,1,oracle_real_utility,1,-0.054985518814028495,0.5048319547422673,0.0
robocasa/CloseCabinet,5,1510346,1,oracle_real_utility,2,-0.050167400018507835,0.7203258402215063,0.0
robocasa/CloseCabinet,5,1510346,1,oracle_real_utility,4,-0.046423518167836256,0.8877736930072202,0.0
robocasa/CloseCabinet,5,1510346,1,oracle_real_utility,8,-0.044505597390526695,0.9735541018937841,0.0
robocasa/CloseMicrowave,6,1600342,0,random,1,-0.05629093590537307,0.5609086498229346,0.0
robocasa/CloseMicrowave,6,1600342,0,random,2,-0.05438422811928881,0.6060394329136689,0.0
robocasa/CloseMicrowave,6,1600342,0,random,4,-0.053833280228203995,0.6190800833732288,0.0
robocasa/CloseMicrowave,6,1600342,0,random,8,-0.04961895586215372,0.7188309525028973,0.0
robocasa/CloseMicrowave,6,1600342,0,learned_wam,1,-0.05629093590537307,0.5609086498229346,0.0
robocasa/CloseMicrowave,6,1600342,0,learned_wam,2,-0.05124489567575449,0.6803458015103044,0.0
robocasa/CloseMicrowave,6,1600342,0,learned_wam,4,-0.050609976812727234,0.6953740012673031,0.0
robocasa/CloseMicrowave,6,1600342,0,learned_wam,8,-0.05207788530507186,0.6606293695788245,0.0
robocasa/CloseMicrowave,6,1600342,0,learned_physics_score,1,-0.05629093590537307,0.5609086498229346,0.0
robocasa/CloseMicrowave,6,1600342,0,learned_physics_score,2,-0.05124489567575449,0.6803458015103044,0.0
robocasa/CloseMicrowave,6,1600342,0,learned_physics_score,4,-0.050609976812727234,0.6953740012673031,0.0
robocasa/CloseMicrowave,6,1600342,0,learned_physics_score,8,-0.05207788530507186,0.6606293695788245,0.0
robocasa/CloseMicrowave,6,1600342,0,learned_energy_regularized,1,-0.05629093590537307,0.5609086498229346,0.0
robocasa/CloseMicrowave,6,1600342,0,learned_energy_regularized,2,-0.05037559207929856,0.7009217661851108,0.0
robocasa/CloseMicrowave,6,1600342,0,learned_energy_regularized,4,-0.04786099212412723,0.7604410412229862,0.0
robocasa/CloseMicrowave,6,1600342,0,learned_energy_regularized,8,-0.04695130440795982,0.781972877038777,0.0
robocasa/CloseMicrowave,6,1600342,0,predicted_progress,1,-0.05629093590537307,0.5609086498229346,0.0
robocasa/CloseMicrowave,6,1600342,0,predicted_progress,2,-0.052554507351873864,0.6493479732539802,0.0
robocasa/CloseMicrowave,6,1600342,0,predicted_progress,4,-0.053135400029618446,0.6355985452453363,0.0
robocasa/CloseMicrowave,6,1600342,0,predicted_progress,8,-0.05407877379042552,0.6132693782470151,0.0
robocasa/CloseMicrowave,6,1600342,0,predicted_success,1,-0.056290935905373075,0.5609086498229346,0.0
robocasa/CloseMicrowave,6,1600342,0,predicted_success,2,-0.056290935905373075,0.5609086498229346,0.0
robocasa/CloseMicrowave,6,1600342,0,predicted_success,4,-0.056290935905373075,0.5609086498229346,0.0
robocasa/CloseMicrowave,6,1600342,0,predicted_success,8,-0.056290935905373075,0.5609086498229346,0.0
robocasa/CloseMicrowave,6,1600342,0,low_energy,1,-0.05629093590537307,0.5609086498229346,0.0
robocasa/CloseMicrowave,6,1600342,0,low_energy,2,-0.05013260553533815,0.7066731314910475,0.0
robocasa/CloseMicrowave,6,1600342,0,low_energy,4,-0.04765217556291125,0.7653836207827754,0.0
robocasa/CloseMicrowave,6,1600342,0,low_energy,8,-0.046926893966999145,0.7825506594993019,0.0
robocasa/CloseMicrowave,6,1600342,0,distance_progress,1,-0.05629093590537307,0.5609086498229346,0.0
robocasa/CloseMicrowave,6,1600342,0,distance_progress,2,-0.05038217186008406,0.7007660261909792,0.0
robocasa/CloseMicrowave,6,1600342,0,distance_progress,4,-0.04528411074262732,0.8214344852775981,0.0
robocasa/CloseMicrowave,6,1600342,0,distance_progress,8,-0.04125912055139912,0.9167039128156811,0.0
robocasa/CloseMicrowave,6,1600342,0,oracle_real_utility,1,-0.05629093590537307,0.5609086498229346,0.0
robocasa/CloseMicrowave,6,1600342,0,oracle_real_utility,2,-0.04863827977832635,0.7420430461149847,0.0
robocasa/CloseMicrowave,6,1600342,0,oracle_real_utility,4,-0.043613292121817505,0.8609818943300283,0.0
robocasa/CloseMicrowave,6,1600342,0,oracle_real_utility,8,-0.040478177521150446,0.9351884287764379,0.0
robocasa/CloseMicrowave,6,1610349,1,random,1,-0.05157315326532076,0.5767925718203875,0.0
robocasa/CloseMicrowave,6,1610349,1,random,2,-0.058172537087035785,0.4734759262617631,0.0
robocasa/CloseMicrowave,6,1610349,1,random,4,-0.06336284565493748,0.3922190566604986,0.0
robocasa/CloseMicrowave,6,1610349,1,random,8,-0.06857466365930587,0.3106254461022555,0.0
robocasa/CloseMicrowave,6,1610349,1,learned_wam,1,-0.05157315326532077,0.5767925718203873,0.0
robocasa/CloseMicrowave,6,1610349,1,learned_wam,2,-0.04145179754164316,0.735247444294254,0.0
robocasa/CloseMicrowave,6,1610349,1,learned_wam,4,-0.03455769528380283,0.8431780539785229,0.0
robocasa/CloseMicrowave,6,1610349,1,learned_wam,8,-0.030453647145664467,0.9074289747157533,0.0
robocasa/CloseMicrowave,6,1610349,1,learned_physics_score,1,-0.05157315326532077,0.5767925718203873,0.0
robocasa/CloseMicrowave,6,1610349,1,learned_physics_score,2,-0.04145179754164316,0.735247444294254,0.0
robocasa/CloseMicrowave,6,1610349,1,learned_physics_score,4,-0.03455769528380283,0.8431780539785229,0.0
robocasa/CloseMicrowave,6,1610349,1,learned_physics_score,8,-0.030453647145664467,0.9074289747157533,0.0
robocasa/CloseMicrowave,6,1610349,1,learned_energy_regularized,1,-0.05157315326532077,0.5767925718203873,0.0
robocasa/CloseMicrowave,6,1610349,1,learned_energy_regularized,2,-0.04036879302964837,0.7522024201415415,0.0
robocasa/CloseMicrowave,6,1610349,1,learned_energy_regularized,4,-0.03418196243222594,0.8490603391887521,0.0
robocasa/CloseMicrowave,6,1610349,1,learned_energy_regularized,8,-0.030443009683847094,0.9075955094865622,0.0
robocasa/CloseMicrowave,6,1610349,1,predicted_progress,1,-0.05157315326532076,0.5767925718203873,0.0
robocasa/CloseMicrowave,6,1610349,1,predicted_progress,2,-0.053080259950086764,0.5531980649125383,0.0
robocasa/CloseMicrowave,6,1610349,1,predicted_progress,4,-0.05788050905418886,0.4780477707820878,0.0
robocasa/CloseMicrowave,6,1610349,1,predicted_progress,8,-0.06838607429737556,0.31357790663327795,0.0
robocasa/CloseMicrowave,6,1610349,1,predicted_success,1,-0.05157315326532076,0.5767925718203873,0.0
robocasa/CloseMicrowave,6,1610349,1,predicted_success,2,-0.05157315326532076,0.5767925718203873,0.0
robocasa/CloseMicrowave,6,1610349,1,predicted_success,4,-0.05157315326532076,0.5767925718203873,0.0
robocasa/CloseMicrowave,6,1610349,1,predicted_success,8,-0.05157315326532076,0.5767925718203873,0.0
robocasa/CloseMicrowave,6,1610349,1,low_energy,1,-0.05157315326532077,0.5767925718203873,0.0
robocasa/CloseMicrowave,6,1610349,1,low_energy,2,-0.04003091251821242,0.75749210808579,0.0
robocasa/CloseMicrowave,6,1610349,1,low_energy,4,-0.033210555961847577,0.8642681920284668,0.0
robocasa/CloseMicrowave,6,1610349,1,low_energy,8,-0.02923140159866464,0.926563838420676,0.0
robocasa/CloseMicrowave,6,1610349,1,distance_progress,1,-0.05157315326532077,0.5767925718203873,0.0
robocasa/CloseMicrowave,6,1610349,1,distance_progress,2,-0.04007444107445178,0.7568106468254427,0.0
robocasa/CloseMicrowave,6,1610349,1,distance_progress,4,-0.03392853511191707,0.8530278702999248,0.0
robocasa/CloseMicrowave,6,1610349,1,distance_progress,8,-0.03230054742804375,0.8785148295452858,0.0
robocasa/CloseMicrowave,6,1610349,1,oracle_real_utility,1,-0.05157315326532077,0.5767925718203873,0.0
robocasa/CloseMicrowave,6,1610349,1,oracle_real_utility,2,-0.039742828657245904,0.76200220462794,0.0
robocasa/CloseMicrowave,6,1610349,1,oracle_real_utility,4,-0.032482113930288055,0.8756723153857109,0.0
robocasa/CloseMicrowave,6,1610349,1,oracle_real_utility,8,-0.028334125271022286,0.9406111468991026,0.0
robocasa/TurnOffSinkFaucet,7,1700345,0,random,1,-0.05380429677575732,0.46883809431848883,0.0
robocasa/TurnOffSinkFaucet,7,1700345,0,random,2,-0.05137078709213095,0.5007293221755057,0.0
robocasa/TurnOffSinkFaucet,7,1700345,0,random,4,-0.05090124191904154,0.5068827277710989,0.0
robocasa/TurnOffSinkFaucet,7,1700345,0,random,8,-0.0524307990671882,0.48683782889106497,0.0
robocasa/TurnOffSinkFaucet,7,1700345,0,learned_wam,1,-0.05380429677575732,0.46883809431848883,0.0
robocasa/TurnOffSinkFaucet,7,1700345,0,learned_wam,2,-0.043199959889040816,0.6078082928766828,0.0
robocasa/TurnOffSinkFaucet,7,1700345,0,learned_wam,4,-0.03337883628914727,0.7365144544520887,0.0
robocasa/TurnOffSinkFaucet,7,1700345,0,learned_wam,8,-0.02383347845090092,0.8616066962641883,0.0
robocasa/TurnOffSinkFaucet,7,1700345,0,learned_physics_score,1,-0.05380429677575732,0.46883809431848883,0.0
robocasa/TurnOffSinkFaucet,7,1700345,0,learned_physics_score,2,-0.043199959889040816,0.6078082928766828,0.0
robocasa/TurnOffSinkFaucet,7,1700345,0,learned_physics_score,4,-0.03337883628914727,0.7365144544520887,0.0
robocasa/TurnOffSinkFaucet,7,1700345,0,learned_physics_score,8,-0.02383347845090092,0.8616066962641883,0.0
robocasa/TurnOffSinkFaucet,7,1700345,0,learned_energy_regularized,1,-0.053804296775757335,0.46883809431848883,0.0
robocasa/TurnOffSinkFaucet,7,1700345,0,learned_energy_regularized,2,-0.0432187658359442,0.6075618402975959,0.0
robocasa/TurnOffSinkFaucet,7,1700345,0,learned_energy_regularized,4,-0.033407946080472636,0.7361329696384988,0.0
robocasa/TurnOffSinkFaucet,7,1700345,0,learned_energy_regularized,8,-0.023837823979212885,0.8615497479666374,0.0
robocasa/TurnOffSinkFaucet,7,1700345,0,predicted_progress,1,-0.05380429677575732,0.4688380943184889,0.0
robocasa/TurnOffSinkFaucet,7,1700345,0,predicted_progress,2,-0.05100719599211009,0.5054941960100201,0.0
robocasa/TurnOffSinkFaucet,7,1700345,0,predicted_progress,4,-0.045513814896526145,0.5774851436538488,0.0
robocasa/TurnOffSinkFaucet,7,1700345,0,predicted_progress,8,-0.03508597612176608,0.7141423284021499,0.0
robocasa/TurnOffSinkFaucet,7,1700345,0,predicted_success,1,-0.05380429677575732,0.4688380943184889,0.0
robocasa/TurnOffSinkFaucet,7,1700345,0,predicted_success,2,-0.05380429677575732,0.4688380943184889,0.0
robocasa/TurnOffSinkFaucet,7,1700345,0,predicted_success,4,-0.05380429677575732,0.4688380943184889,0.0
robocasa/TurnOffSinkFaucet,7,1700345,0,predicted_success,8,-0.05380429677575732,0.4688380943184889,0.0
robocasa/TurnOffSinkFaucet,7,1700345,0,low_energy,1,-0.053804296775757335,0.46883809431848883,0.0
robocasa/TurnOffSinkFaucet,7,1700345,0,low_energy,2,-0.0432187658359442,0.6075618402975959,0.0
robocasa/TurnOffSinkFaucet,7,1700345,0,low_energy,4,-0.033407946080472636,0.7361329696384988,0.0
robocasa/TurnOffSinkFaucet,7,1700345,0,low_energy,8,-0.023837823979212885,0.8615497479666374,0.0
robocasa/TurnOffSinkFaucet,7,1700345,0,distance_progress,1,-0.05380429677575732,0.4688380943184889,0.0
robocasa/TurnOffSinkFaucet,7,1700345,0,distance_progress,2,-0.0463434620019244,0.5666125898862622,0.0
robocasa/TurnOffSinkFaucet,7,1700345,0,distance_progress,4,-0.035185235268188716,0.7128415338843569,0.0
robocasa/TurnOffSinkFaucet,7,1700345,0,distance_progress,8,-0.024453880212428093,0.853476309903747,0.0
robocasa/TurnOffSinkFaucet,7,1700345,0,oracle_real_utility,1,-0.05380429677575732,0.46883809431848883,0.0
robocasa/TurnOffSinkFaucet,7,1700345,0,oracle_real_utility,2,-0.043125755948913165,0.6087807380567543,0.0
robocasa/TurnOffSinkFaucet,7,1700345,0,oracle_real_utility,4,-0.03325814477687067,0.7380961208593846,0.0
robocasa/TurnOffSinkFaucet,7,1700345,0,oracle_real_utility,8,-0.023747521352700265,0.8627331669838609,0.0
robocasa/TurnOffSinkFaucet,7,1710352,1,random,1,-0.03374791681622158,0.38751434739714546,0.0
robocasa/TurnOffSinkFaucet,7,1710352,1,random,2,-0.035523779819452525,0.3219150851939944,0.0
robocasa/TurnOffSinkFaucet,7,1710352,1,random,4,-0.037855359495604514,0.2357879986759688,0.0
robocasa/TurnOffSinkFaucet,7,1710352,1,random,8,-0.03880250614704237,0.20080099719023076,0.0
robocasa/TurnOffSinkFaucet,7,1710352,1,learned_wam,1,-0.03374791681622158,0.3875143473971455,0.0
robocasa/TurnOffSinkFaucet,7,1710352,1,learned_wam,2,-0.031115025311584162,0.4847717033141986,0.0
robocasa/TurnOffSinkFaucet,7,1710352,1,learned_wam,4,-0.027323063230877236,0.6248443971786085,0.0
robocasa/TurnOffSinkFaucet,7,1710352,1,learned_wam,8,-0.023083361203868315,0.7814563230011435,0.0
robocasa/TurnOffSinkFaucet,7,1710352,1,learned_physics_score,1,-0.03374791681622158,0.3875143473971455,0.0
robocasa/TurnOffSinkFaucet,7,1710352,1,learned_physics_score,2,-0.031115025311584162,0.4847717033141986,0.0
robocasa/TurnOffSinkFaucet,7,1710352,1,learned_physics_score,4,-0.027323063230877236,0.6248443971786085,0.0
robocasa/TurnOffSinkFaucet,7,1710352,1,learned_physics_score,8,-0.023083361203868315,0.7814563230011435,0.0
robocasa/TurnOffSinkFaucet,7,1710352,1,learned_energy_regularized,1,-0.03374791681622158,0.3875143473971455,0.0
robocasa/TurnOffSinkFaucet,7,1710352,1,learned_energy_regularized,2,-0.03257858454712667,0.4307087458295718,0.0
robocasa/TurnOffSinkFaucet,7,1710352,1,learned_energy_regularized,4,-0.029624401114314615,0.5398344234593571,0.0
robocasa/TurnOffSinkFaucet,7,1710352,1,learned_energy_regularized,8,-0.024362234377399986,0.7342155524673537,0.0
robocasa/TurnOffSinkFaucet,7,1710352,1,predicted_progress,1,-0.03374791681622158,0.3875143473971455,0.0
robocasa/TurnOffSinkFaucet,7,1710352,1,predicted_progress,2,-0.03041647781097174,0.5105756085538815,0.0
robocasa/TurnOffSinkFaucet,7,1710352,1,predicted_progress,4,-0.025507912493398406,0.6918949235702727,0.0
robocasa/TurnOffSinkFaucet,7,1710352,1,predicted_progress,8,-0.021053007432743076,0.8564563140786535,0.0
robocasa/TurnOffSinkFaucet,7,1710352,1,predicted_success,1,-0.03374791681622158,0.3875143473971455,0.0
robocasa/TurnOffSinkFaucet,7,1710352,1,predicted_success,2,-0.03374791681622158,0.3875143473971455,0.0
robocasa/TurnOffSinkFaucet,7,1710352,1,predicted_success,4,-0.03374791681622158,0.3875143473971455,0.0
robocasa/TurnOffSinkFaucet,7,1710352,1,predicted_success,8,-0.03374791681622158,0.3875143473971455,0.0
robocasa/TurnOffSinkFaucet,7,1710352,1,low_energy,1,-0.03374791681622158,0.3875143473971455,0.0
robocasa/TurnOffSinkFaucet,7,1710352,1,low_energy,2,-0.03292312872445221,0.4179815006604196,0.0
robocasa/TurnOffSinkFaucet,7,1710352,1,low_energy,4,-0.029920493766703755,0.528896947142117,0.0
robocasa/TurnOffSinkFaucet,7,1710352,1,low_energy,8,-0.024396847303539314,0.7329369727496046,0.0
robocasa/TurnOffSinkFaucet,7,1710352,1,distance_progress,1,-0.03374791681622158,0.3875143473971455,0.0
robocasa/TurnOffSinkFaucet,7,1710352,1,distance_progress,2,-0.029875225603786304,0.5305691246035958,0.0
robocasa/TurnOffSinkFaucet,7,1710352,1,distance_progress,4,-0.026417546758646125,0.658293606032607,0.0
robocasa/TurnOffSinkFaucet,7,1710352,1,distance_progress,8,-0.024838121143981116,0.7166365946743434,0.0
robocasa/TurnOffSinkFaucet,7,1710352,1,oracle_real_utility,1,-0.03374791681622158,0.3875143473971455,0.0
robocasa/TurnOffSinkFaucet,7,1710352,1,oracle_real_utility,2,-0.02939571075205699,0.5482821015796725,0.0
robocasa/TurnOffSinkFaucet,7,1710352,1,oracle_real_utility,4,-0.024984225692726125,0.7112395845532026,0.0
robocasa/TurnOffSinkFaucet,7,1710352,1,oracle_real_utility,8,-0.020992412253315763,0.8586946618882916,0.0
robocasa/TurnOnStove,8,1800348,0,random,1,-0.0645449557138235,0.5152525956993292,0.0
robocasa/TurnOnStove,8,1800348,0,random,2,-0.05827612324491465,0.6605985397434105,0.0
robocasa/TurnOnStove,8,1800348,0,random,4,-0.05217831370708953,0.8019792335603027,0.0
robocasa/TurnOnStove,8,1800348,0,random,8,-0.049658875181558045,0.8603936468933394,0.0
robocasa/TurnOnStove,8,1800348,0,learned_wam,1,-0.0645449557138235,0.5152525956993292,0.0
robocasa/TurnOnStove,8,1800348,0,learned_wam,2,-0.056835362261524115,0.6940032871682889,0.0
robocasa/TurnOnStove,8,1800348,0,learned_wam,4,-0.05116791861609858,0.8254057374724654,0.0
robocasa/TurnOnStove,8,1800348,0,learned_wam,8,-0.0493765806420894,0.8669387837335812,0.0
robocasa/TurnOnStove,8,1800348,0,learned_physics_score,1,-0.0645449557138235,0.5152525956993292,0.0
robocasa/TurnOnStove,8,1800348,0,learned_physics_score,2,-0.056835362261524115,0.6940032871682889,0.0
robocasa/TurnOnStove,8,1800348,0,learned_physics_score,4,-0.05116791861609858,0.8254057374724654,0.0
robocasa/TurnOnStove,8,1800348,0,learned_physics_score,8,-0.0493765806420894,0.8669387837335812,0.0
robocasa/TurnOnStove,8,1800348,0,learned_energy_regularized,1,-0.0645449557138235,0.5152525956993292,0.0
robocasa/TurnOnStove,8,1800348,0,learned_energy_regularized,2,-0.05800375542023175,0.6669135208506756,0.0
robocasa/TurnOnStove,8,1800348,0,learned_energy_regularized,4,-0.054482521729515856,0.7485550446137137,0.0
robocasa/TurnOnStove,8,1800348,0,learned_energy_regularized,8,-0.05341543082635176,0.7732960686354057,0.0
robocasa/TurnOnStove,8,1800348,0,predicted_progress,1,-0.0645449557138235,0.5152525956993292,0.0
robocasa/TurnOnStove,8,1800348,0,predicted_progress,2,-0.058555843844090204,0.6541130809666149,0.0
robocasa/TurnOnStove,8,1800348,0,predicted_progress,4,-0.0534372094752501,0.7727911200186043,0.0
robocasa/TurnOnStove,8,1800348,0,predicted_progress,8,-0.04769586343289527,0.905907033507845,0.0
robocasa/TurnOnStove,8,1800348,0,predicted_success,1,-0.0645449557138235,0.5152525956993292,0.0
robocasa/TurnOnStove,8,1800348,0,predicted_success,2,-0.0645449557138235,0.5152525956993292,0.0
robocasa/TurnOnStove,8,1800348,0,predicted_success,4,-0.0645449557138235,0.5152525956993292,0.0
robocasa/TurnOnStove,8,1800348,0,predicted_success,8,-0.0645449557138235,0.5152525956993292,0.0
robocasa/TurnOnStove,8,1800348,0,low_energy,1,-0.0645449557138235,0.5152525956993292,0.0
robocasa/TurnOnStove,8,1800348,0,low_energy,2,-0.06192554217792513,0.5759849785003105,0.0
robocasa/TurnOnStove,8,1800348,0,low_energy,4,-0.05804567566143927,0.6659415795740374,0.0
robocasa/TurnOnStove,8,1800348,0,low_energy,8,-0.0542341764250568,0.7543130518510324,0.0
robocasa/TurnOnStove,8,1800348,0,distance_progress,1,-0.0645449557138235,0.5152525956993292,0.0
robocasa/TurnOnStove,8,1800348,0,distance_progress,2,-0.05593920054492146,0.7147812344753492,0.0
robocasa/TurnOnStove,8,1800348,0,distance_progress,4,-0.04918610106514645,0.8713551458024674,0.0
robocasa/TurnOnStove,8,1800348,0,distance_progress,8,-0.04538556794804758,0.9594723632452999,0.0
robocasa/TurnOnStove,8,1800348,0,oracle_real_utility,1,-0.0645449557138235,0.5152525956993292,0.0
robocasa/TurnOnStove,8,1800348,0,oracle_real_utility,2,-0.0558235573955835,0.7174624774015432,0.0
robocasa/TurnOnStove,8,1800348,0,oracle_real_utility,4,-0.04901082941693109,0.8754189046124801,0.0
robocasa/TurnOnStove,8,1800348,0,oracle_real_utility,8,-0.045326870703321545,0.9608332875465642,0.0
robocasa/TurnOnStove,8,1810355,1,random,1,-0.046394486108542715,0.5265949079878903,0.0
robocasa/TurnOnStove,8,1810355,1,random,2,-0.046766072517989365,0.5185390727204616,0.0
robocasa/TurnOnStove,8,1810355,1,random,4,-0.0535430495163184,0.37161709462392445,0.0
robocasa/TurnOnStove,8,1810355,1,random,8,-0.0626188873444083,0.1748567917757476,0.0
robocasa/TurnOnStove,8,1810355,1,learned_wam,1,-0.046394486108542715,0.5265949079878904,0.0
robocasa/TurnOnStove,8,1810355,1,learned_wam,2,-0.03893216686941067,0.6883748142899857,0.0
robocasa/TurnOnStove,8,1810355,1,learned_wam,4,-0.032240438670791176,0.8334486346774488,0.0
robocasa/TurnOnStove,8,1810355,1,learned_wam,8,-0.027912156591095562,0.9272839487216706,0.0
robocasa/TurnOnStove,8,1810355,1,learned_physics_score,1,-0.046394486108542715,0.5265949079878904,0.0
robocasa/TurnOnStove,8,1810355,1,learned_physics_score,2,-0.03893216686941067,0.6883748142899857,0.0
robocasa/TurnOnStove,8,1810355,1,learned_physics_score,4,-0.032240438670791176,0.8334486346774488,0.0
robocasa/TurnOnStove,8,1810355,1,learned_physics_score,8,-0.027912156591095562,0.9272839487216706,0.0
robocasa/TurnOnStove,8,1810355,1,learned_energy_regularized,1,-0.046394486108542715,0.5265949079878904,0.0
robocasa/TurnOnStove,8,1810355,1,learned_energy_regularized,2,-0.03951892955475312,0.6756540489066879,0.0
robocasa/TurnOnStove,8,1810355,1,learned_energy_regularized,4,-0.03402910159854344,0.7946711833804909,0.0
robocasa/TurnOnStove,8,1810355,1,learned_energy_regularized,8,-0.02979974498770551,0.8863618353471698,0.0
robocasa/TurnOnStove,8,1810355,1,predicted_progress,1,-0.04639448610854271,0.5265949079878903,0.0
robocasa/TurnOnStove,8,1810355,1,predicted_progress,2,-0.04028526417874731,0.6590402402913049,0.0
robocasa/TurnOnStove,8,1810355,1,predicted_progress,4,-0.034383057742626975,0.7869975647654363,0.0
robocasa/TurnOnStove,8,1810355,1,predicted_progress,8,-0.03102474132246582,0.8598044359774554,0.0
robocasa/TurnOnStove,8,1810355,1,predicted_success,1,-0.046394486108542715,0.5265949079878903,0.0
robocasa/TurnOnStove,8,1810355,1,predicted_success,2,-0.046394486108542715,0.5265949079878903,0.0
robocasa/TurnOnStove,8,1810355,1,predicted_success,4,-0.046394486108542715,0.5265949079878903,0.0
robocasa/TurnOnStove,8,1810355,1,predicted_success,8,-0.046394486108542715,0.5265949079878903,0.0
robocasa/TurnOnStove,8,1810355,1,low_energy,1,-0.046394486108542715,0.5265949079878903,0.0
robocasa/TurnOnStove,8,1810355,1,low_energy,2,-0.04093869073969408,0.6448742304466812,0.0
robocasa/TurnOnStove,8,1810355,1,low_energy,4,-0.036770141635566946,0.7352466015380861,0.0
robocasa/TurnOnStove,8,1810355,1,low_energy,8,-0.035260440460696,0.7679762807153057,0.0
robocasa/TurnOnStove,8,1810355,1,distance_progress,1,-0.04639448610854271,0.5265949079878903,0.0
robocasa/TurnOnStove,8,1810355,1,distance_progress,2,-0.039936453651066,0.6666023041319331,0.0
robocasa/TurnOnStove,8,1810355,1,distance_progress,4,-0.03693668813166958,0.7316359443588631,0.0
robocasa/TurnOnStove,8,1810355,1,distance_progress,8,-0.035378325115226844,0.7654205915584487,0.0
robocasa/TurnOnStove,8,1810355,1,oracle_real_utility,1,-0.04639448610854271,0.5265949079878904,0.0
robocasa/TurnOnStove,8,1810355,1,oracle_real_utility,2,-0.03744798512568641,0.7205512430570454,0.0
robocasa/TurnOnStove,8,1810355,1,oracle_real_utility,4,-0.031094975546880094,0.8582817878729148,0.0
robocasa/TurnOnStove,8,1810355,1,oracle_real_utility,8,-0.0275025153465677,0.9361647966234417,0.0
robocasa/TurnOffStove,9,1900351,0,random,1,-0.059757156564581144,0.3183565729304553,0.0
robocasa/TurnOffStove,9,1900351,0,random,2,-0.052451500953395874,0.4402489510024609,0.0
robocasa/TurnOffStove,9,1900351,0,random,4,-0.04386972896217296,0.5834328966678358,0.0
robocasa/TurnOffStove,9,1900351,0,random,8,-0.03400268868052181,0.7480611064374452,0.0
robocasa/TurnOffStove,9,1900351,0,learned_wam,1,-0.059757156564581144,0.3183565729304552,0.0
robocasa/TurnOffStove,9,1900351,0,learned_wam,2,-0.05108541448197936,0.46304163895753114,0.0
robocasa/TurnOffStove,9,1900351,0,learned_wam,4,-0.04052698515765091,0.6392054396542348,0.0
robocasa/TurnOffStove,9,1900351,0,learned_wam,8,-0.02997042821944367,0.8153380002255983,0.0
robocasa/TurnOffStove,9,1900351,0,learned_physics_score,1,-0.059757156564581144,0.3183565729304552,0.0
robocasa/TurnOffStove,9,1900351,0,learned_physics_score,2,-0.05108541448197936,0.46304163895753114,0.0
robocasa/TurnOffStove,9,1900351,0,learned_physics_score,4,-0.04052698515765091,0.6392054396542348,0.0
robocasa/TurnOffStove,9,1900351,0,learned_physics_score,8,-0.02997042821944367,0.8153380002255983,0.0
robocasa/TurnOffStove,9,1900351,0,learned_energy_regularized,1,-0.05975715656458115,0.3183565729304553,0.0
robocasa/TurnOffStove,9,1900351,0,learned_energy_regularized,2,-0.0518477640240945,0.4503220962421249,0.0
robocasa/TurnOffStove,9,1900351,0,learned_energy_regularized,4,-0.0419160074667174,0.6160300750520544,0.0
robocasa/TurnOffStove,9,1900351,0,learned_energy_regularized,8,-0.031914985498233274,0.7828937236782622,0.0
robocasa/TurnOffStove,9,1900351,0,predicted_progress,1,-0.05975715656458115,0.3183565729304552,0.0
robocasa/TurnOffStove,9,1900351,0,predicted_progress,2,-0.05281861902325772,0.43412371092131713,0.0
robocasa/TurnOffStove,9,1900351,0,predicted_progress,4,-0.0460167237693722,0.5476110188397755,0.0
robocasa/TurnOffStove,9,1900351,0,predicted_progress,8,-0.042268865499694115,0.6101427588342614,0.0
robocasa/TurnOffStove,9,1900351,0,predicted_success,1,-0.05975715656458115,0.3183565729304553,0.0
robocasa/TurnOffStove,9,1900351,0,predicted_success,2,-0.05975715656458115,0.3183565729304553,0.0
robocasa/TurnOffStove,9,1900351,0,predicted_success,4,-0.05975715656458115,0.3183565729304553,0.0
robocasa/TurnOffStove,9,1900351,0,predicted_success,8,-0.05975715656458115,0.3183565729304553,0.0
robocasa/TurnOffStove,9,1900351,0,low_energy,1,-0.05975715656458115,0.3183565729304553,0.0
robocasa/TurnOffStove,9,1900351,0,low_energy,2,-0.05319366638913288,0.42786617323418985,0.0
robocasa/TurnOffStove,9,1900351,0,low_energy,4,-0.04452369329897927,0.5725217242241804,0.0
robocasa/TurnOffStove,9,1900351,0,low_energy,8,-0.033493775632124426,0.7565521474887172,0.0
robocasa/TurnOffStove,9,1900351,0,distance_progress,1,-0.05975715656458115,0.3183565729304552,0.0
robocasa/TurnOffStove,9,1900351,0,distance_progress,2,-0.053010562729854944,0.43092119548693636,0.0
robocasa/TurnOffStove,9,1900351,0,distance_progress,4,-0.04646959095212503,0.5400550839867834,0.0
robocasa/TurnOffStove,9,1900351,0,distance_progress,8,-0.04262175345951101,0.6042549432973227,0.0
robocasa/TurnOffStove,9,1900351,0,oracle_real_utility,1,-0.059757156564581144,0.3183565729304552,0.0
robocasa/TurnOffStove,9,1900351,0,oracle_real_utility,2,-0.05075486982702356,0.46855666405532875,0.0
robocasa/TurnOffStove,9,1900351,0,oracle_real_utility,4,-0.04036936917580565,0.6418352086813783,0.0
robocasa/TurnOffStove,9,1900351,0,oracle_real_utility,8,-0.029940170867669237,0.8158428338446783,0.0
robocasa/TurnOffStove,9,1910358,1,random,1,-0.05566971752944131,0.3787794957096157,0.0
robocasa/TurnOffStove,9,1910358,1,random,2,-0.05376962795706967,0.4258234141487761,0.0
robocasa/TurnOffStove,9,1910358,1,random,4,-0.04966653274495758,0.5274110862845591,0.0
robocasa/TurnOffStove,9,1910358,1,random,8,-0.042551245140692945,0.7035769968781276,0.0
robocasa/TurnOffStove,9,1910358,1,learned_wam,1,-0.055669717529441304,0.37877949570961567,0.0
robocasa/TurnOffStove,9,1910358,1,learned_wam,2,-0.04823024717478514,0.5629717788966436,0.0
robocasa/TurnOffStove,9,1910358,1,learned_wam,4,-0.04067273416930743,0.750086655269981,0.0
robocasa/TurnOffStove,9,1910358,1,learned_wam,8,-0.035924198837856955,0.8676546436882311,0.0
robocasa/TurnOffStove,9,1910358,1,learned_physics_score,1,-0.055669717529441304,0.37877949570961567,0.0
robocasa/TurnOffStove,9,1910358,1,learned_physics_score,2,-0.04823024717478514,0.5629717788966436,0.0
robocasa/TurnOffStove,9,1910358,1,learned_physics_score,4,-0.04067273416930743,0.750086655269981,0.0
robocasa/TurnOffStove,9,1910358,1,learned_physics_score,8,-0.035924198837856955,0.8676546436882311,0.0
robocasa/TurnOffStove,9,1910358,1,learned_energy_regularized,1,-0.05566971752944131,0.3787794957096157,0.0
robocasa/TurnOffStove,9,1910358,1,learned_energy_regularized,2,-0.04925669632743497,0.5375581400233291,0.0
robocasa/TurnOffStove,9,1910358,1,learned_energy_regularized,4,-0.041650548828886524,0.725877147590594,0.0
robocasa/TurnOffStove,9,1910358,1,learned_energy_regularized,8,-0.03473314262279922,0.8971437542293168,0.0
robocasa/TurnOffStove,9,1910358,1,predicted_progress,1,-0.05566971752944131,0.37877949570961567,0.0
robocasa/TurnOffStove,9,1910358,1,predicted_progress,2,-0.05210863459936913,0.46694759965236743,0.0
robocasa/TurnOffStove,9,1910358,1,predicted_progress,4,-0.049236950356903265,0.5380470263583222,0.0
robocasa/TurnOffStove,9,1910358,1,predicted_progress,8,-0.04448759231979432,0.6556353839730877,0.0
robocasa/TurnOffStove,9,1910358,1,predicted_success,1,-0.055669717529441304,0.3787794957096157,0.0
robocasa/TurnOffStove,9,1910358,1,predicted_success,2,-0.055669717529441304,0.3787794957096157,0.0
robocasa/TurnOffStove,9,1910358,1,predicted_success,4,-0.055669717529441304,0.3787794957096157,0.0
robocasa/TurnOffStove,9,1910358,1,predicted_success,8,-0.055669717529441304,0.3787794957096157,0.0
robocasa/TurnOffStove,9,1910358,1,low_energy,1,-0.05566971752944131,0.3787794957096157,0.0
robocasa/TurnOffStove,9,1910358,1,low_energy,2,-0.04925669632743497,0.5375581400233291,0.0
robocasa/TurnOffStove,9,1910358,1,low_energy,4,-0.041650548828886524,0.725877147590594,0.0
robocasa/TurnOffStove,9,1910358,1,low_energy,8,-0.03473314262279922,0.8971437542293168,0.0
robocasa/TurnOffStove,9,1910358,1,distance_progress,1,-0.055669717529441304,0.37877949570961567,0.0
robocasa/TurnOffStove,9,1910358,1,distance_progress,2,-0.04887053601657446,0.5471190020125285,0.0
robocasa/TurnOffStove,9,1910358,1,distance_progress,4,-0.04130476752130566,0.7344382743228022,0.0
robocasa/TurnOffStove,9,1910358,1,distance_progress,8,-0.03605720201664832,0.8643616459337096,0.0
robocasa/TurnOffStove,9,1910358,1,oracle_real_utility,1,-0.05566971752944131,0.3787794957096157,0.0
robocasa/TurnOffStove,9,1910358,1,oracle_real_utility,2,-0.047959523220912355,0.569674576380881,0.0
robocasa/TurnOffStove,9,1910358,1,oracle_real_utility,4,-0.039974684996147,0.7673695080608068,0.0
robocasa/TurnOffStove,9,1910358,1,oracle_real_utility,8,-0.034002109105094575,0.915243259475411,0.0
robocasa/OpenOven,10,2000354,0,random,1,-0.04635085436773612,0.5015105988594067,0.0
robocasa/OpenOven,10,2000354,0,random,2,-0.04850149317817272,0.4320525320037492,0.0
robocasa/OpenOven,10,2000354,0,random,4,-0.04981943109625826,0.38948777422956515,0.0
robocasa/OpenOven,10,2000354,0,random,8,-0.05144390402406647,0.337023014141839,0.0
robocasa/OpenOven,10,2000354,0,learned_wam,1,-0.04635085436773613,0.5015105988594069,0.0
robocasa/OpenOven,10,2000354,0,learned_wam,2,-0.04187402358441019,0.6460964820587312,0.0
robocasa/OpenOven,10,2000354,0,learned_wam,4,-0.039021269091065576,0.7382304151766235,0.0
robocasa/OpenOven,10,2000354,0,learned_wam,8,-0.036049748591359496,0.8342000724384316,0.0
robocasa/OpenOven,10,2000354,0,learned_physics_score,1,-0.04635085436773613,0.5015105988594069,0.0
robocasa/OpenOven,10,2000354,0,learned_physics_score,2,-0.04187402358441019,0.6460964820587312,0.0
robocasa/OpenOven,10,2000354,0,learned_physics_score,4,-0.039021269091065576,0.7382304151766235,0.0
robocasa/OpenOven,10,2000354,0,learned_physics_score,8,-0.036049748591359496,0.8342000724384316,0.0
robocasa/OpenOven,10,2000354,0,learned_energy_regularized,1,-0.04635085436773612,0.5015105988594067,0.0
robocasa/OpenOven,10,2000354,0,learned_energy_regularized,2,-0.0414100839563826,0.6610800997374189,0.0
robocasa/OpenOven,10,2000354,0,learned_energy_regularized,4,-0.035904789956497304,0.838881726327826,0.0
robocasa/OpenOven,10,2000354,0,learned_energy_regularized,8,-0.032591772751285636,0.9458805256691349,0.0
robocasa/OpenOven,10,2000354,0,predicted_progress,1,-0.04635085436773612,0.5015105988594069,0.0
robocasa/OpenOven,10,2000354,0,predicted_progress,2,-0.04484498749751253,0.5501448005859518,0.0
robocasa/OpenOven,10,2000354,0,predicted_progress,4,-0.04344555502296366,0.5953415458067179,0.0
robocasa/OpenOven,10,2000354,0,predicted_progress,8,-0.04291265522683317,0.612552334288436,0.0
robocasa/OpenOven,10,2000354,0,predicted_success,1,-0.04635085436773612,0.5015105988594067,0.0
robocasa/OpenOven,10,2000354,0,predicted_success,2,-0.04635085436773612,0.5015105988594067,0.0
robocasa/OpenOven,10,2000354,0,predicted_success,4,-0.04635085436773612,0.5015105988594067,0.0
robocasa/OpenOven,10,2000354,0,predicted_success,8,-0.04635085436773612,0.5015105988594067,0.0
robocasa/OpenOven,10,2000354,0,low_energy,1,-0.04635085436773612,0.5015105988594067,0.0
robocasa/OpenOven,10,2000354,0,low_energy,2,-0.041384410899551624,0.6619092491460045,0.0
robocasa/OpenOven,10,2000354,0,low_energy,4,-0.035894761418672705,0.8392056128155547,0.0
robocasa/OpenOven,10,2000354,0,low_energy,8,-0.03259147649809306,0.9458900936049297,0.0
robocasa/OpenOven,10,2000354,0,distance_progress,1,-0.04635085436773612,0.5015105988594069,0.0
robocasa/OpenOven,10,2000354,0,distance_progress,2,-0.04146026045663671,0.6594595753181994,0.0
robocasa/OpenOven,10,2000354,0,distance_progress,4,-0.03963302695642451,0.7184727885098987,0.0
robocasa/OpenOven,10,2000354,0,distance_progress,8,-0.04141070607589187,0.6610600074661098,0.0
robocasa/OpenOven,10,2000354,0,oracle_real_utility,1,-0.04635085436773612,0.5015105988594067,0.0
robocasa/OpenOven,10,2000354,0,oracle_real_utility,2,-0.04025018456628071,0.6985407690941569,0.0
robocasa/OpenOven,10,2000354,0,oracle_real_utility,4,-0.03546942752937438,0.8529424009621717,0.0
robocasa/OpenOven,10,2000354,0,oracle_real_utility,8,-0.0325463338549809,0.9473480421493852,0.0
robocasa/OpenOven,10,2010361,1,random,1,-0.057027450345056366,0.4171472049219484,0.0
robocasa/OpenOven,10,2010361,1,random,2,-0.05663588277782544,0.423905216110824,0.0
robocasa/OpenOven,10,2010361,1,random,4,-0.05833471569182459,0.39458529076045457,0.0
robocasa/OpenOven,10,2010361,1,random,8,-0.05879904388751166,0.38657151381780763,0.0
robocasa/OpenOven,10,2010361,1,learned_wam,1,-0.057027450345056366,0.41714720492194834,0.0
robocasa/OpenOven,10,2010361,1,learned_wam,2,-0.04952129640518136,0.5466948910845828,0.0
robocasa/OpenOven,10,2010361,1,learned_wam,4,-0.0426498250239537,0.6652886776097799,0.0
robocasa/OpenOven,10,2010361,1,learned_wam,8,-0.03476871200219398,0.8013077313799696,0.0
robocasa/OpenOven,10,2010361,1,learned_physics_score,1,-0.057027450345056366,0.41714720492194834,0.0
robocasa/OpenOven,10,2010361,1,learned_physics_score,2,-0.04952129640518136,0.5466948910845828,0.0
robocasa/OpenOven,10,2010361,1,learned_physics_score,4,-0.0426498250239537,0.6652886776097799,0.0
robocasa/OpenOven,10,2010361,1,learned_physics_score,8,-0.03476871200219398,0.8013077313799696,0.0
robocasa/OpenOven,10,2010361,1,learned_energy_regularized,1,-0.057027450345056366,0.41714720492194834,0.0
robocasa/OpenOven,10,2010361,1,learned_energy_regularized,2,-0.049488111870989594,0.5472676184300865,0.0
robocasa/OpenOven,10,2010361,1,learned_energy_regularized,4,-0.04259952971431931,0.6661567174928091,0.0
robocasa/OpenOven,10,2010361,1,learned_energy_regularized,8,-0.03475186845602869,0.8015984318438776,0.0
robocasa/OpenOven,10,2010361,1,predicted_progress,1,-0.057027450345056366,0.41714720492194834,0.0
robocasa/OpenOven,10,2010361,1,predicted_progress,2,-0.049608412490950875,0.5451913664527426,0.0
robocasa/OpenOven,10,2010361,1,predicted_progress,4,-0.04289088277828802,0.6611282947351793,0.0
robocasa/OpenOven,10,2010361,1,predicted_progress,8,-0.03505981342717323,0.7962836516253069,0.0
robocasa/OpenOven,10,2010361,1,predicted_success,1,-0.05702745034505637,0.4171472049219483,0.0
robocasa/OpenOven,10,2010361,1,predicted_success,2,-0.05702745034505637,0.4171472049219483,0.0
robocasa/OpenOven,10,2010361,1,predicted_success,4,-0.05702745034505637,0.4171472049219483,0.0
robocasa/OpenOven,10,2010361,1,predicted_success,8,-0.05702745034505637,0.4171472049219483,0.0
robocasa/OpenOven,10,2010361,1,low_energy,1,-0.057027450345056366,0.41714720492194834,0.0
robocasa/OpenOven,10,2010361,1,low_energy,2,-0.049488111870989594,0.5472676184300865,0.0
robocasa/OpenOven,10,2010361,1,low_energy,4,-0.04259952971431931,0.6661567174928091,0.0
robocasa/OpenOven,10,2010361,1,low_energy,8,-0.03475186845602869,0.8015984318438776,0.0
robocasa/OpenOven,10,2010361,1,distance_progress,1,-0.057027450345056366,0.41714720492194834,0.0
robocasa/OpenOven,10,2010361,1,distance_progress,2,-0.048581488986212354,0.5629148990328794,0.0
robocasa/OpenOven,10,2010361,1,distance_progress,4,-0.04075795197961555,0.6979402562172323,0.0
robocasa/OpenOven,10,2010361,1,distance_progress,8,-0.032988521806734714,0.8320317909447534,0.0
robocasa/OpenOven,10,2010361,1,oracle_real_utility,1,-0.057027450345056366,0.41714720492194834,0.0
robocasa/OpenOven,10,2010361,1,oracle_real_utility,2,-0.048498501434422144,0.5643471698603684,0.0
robocasa/OpenOven,10,2010361,1,oracle_real_utility,4,-0.04059104284578542,0.7008209181727827,0.0
robocasa/OpenOven,10,2010361,1,oracle_real_utility,8,-0.03278913480865675,0.8354729839257147,0.0
robocasa/CloseOven,11,2100357,0,random,1,-0.04918205734237744,0.4939149226328731,0.0
robocasa/CloseOven,11,2100357,0,random,2,-0.04982045033838392,0.4700027461663736,0.0
robocasa/CloseOven,11,2100357,0,random,4,-0.049390608051934265,0.486103274634959,0.0
robocasa/CloseOven,11,2100357,0,random,8,-0.048798738239564154,0.5082728402271928,0.0
robocasa/CloseOven,11,2100357,0,learned_wam,1,-0.04918205734237745,0.4939149226328731,0.0
robocasa/CloseOven,11,2100357,0,learned_wam,2,-0.04331014307649762,0.7138582036529082,0.0
robocasa/CloseOven,11,2100357,0,learned_wam,4,-0.03898926567545485,0.8757045640456161,0.0
robocasa/CloseOven,11,2100357,0,learned_wam,8,-0.037010177318446205,0.9498349356687805,0.0
robocasa/CloseOven,11,2100357,0,learned_physics_score,1,-0.04918205734237745,0.4939149226328731,0.0
robocasa/CloseOven,11,2100357,0,learned_physics_score,2,-0.04331014307649762,0.7138582036529082,0.0
robocasa/CloseOven,11,2100357,0,learned_physics_score,4,-0.03898926567545485,0.8757045640456161,0.0
robocasa/CloseOven,11,2100357,0,learned_physics_score,8,-0.037010177318446205,0.9498349356687805,0.0
robocasa/CloseOven,11,2100357,0,learned_energy_regularized,1,-0.04918205734237745,0.4939149226328731,0.0
robocasa/CloseOven,11,2100357,0,learned_energy_regularized,2,-0.04330856834233848,0.7139171881990057,0.0
robocasa/CloseOven,11,2100357,0,learned_energy_regularized,4,-0.03898865054492393,0.8757276048839355,0.0
robocasa/CloseOven,11,2100357,0,learned_energy_regularized,8,-0.037010159146865576,0.9498356163185454,0.0
robocasa/CloseOven,11,2100357,0,predicted_progress,1,-0.049182057342377454,0.4939149226328731,0.0
robocasa/CloseOven,11,2100357,0,predicted_progress,2,-0.04597118717075945,0.6141839334695307,0.0
robocasa/CloseOven,11,2100357,0,predicted_progress,4,-0.04415658796634078,0.682153063242986,0.0
robocasa/CloseOven,11,2100357,0,predicted_progress,8,-0.04221782823656373,0.7547728524239145,0.0
robocasa/CloseOven,11,2100357,0,predicted_success,1,-0.04918205734237745,0.4939149226328731,0.0
robocasa/CloseOven,11,2100357,0,predicted_success,2,-0.04918205734237745,0.4939149226328731,0.0
robocasa/CloseOven,11,2100357,0,predicted_success,4,-0.04918205734237745,0.4939149226328731,0.0
robocasa/CloseOven,11,2100357,0,predicted_success,8,-0.04918205734237745,0.4939149226328731,0.0
robocasa/CloseOven,11,2100357,0,low_energy,1,-0.04918205734237745,0.4939149226328731,0.0
robocasa/CloseOven,11,2100357,0,low_energy,2,-0.043271208445600576,0.7153165714146038,0.0
robocasa/CloseOven,11,2100357,0,low_energy,4,-0.03890050453855796,0.8790292746582373,0.0
robocasa/CloseOven,11,2100357,0,low_energy,8,-0.036941473082745376,0.9524083783887842,0.0
robocasa/CloseOven,11,2100357,0,distance_progress,1,-0.04918205734237745,0.49391492263287307,0.0
robocasa/CloseOven,11,2100357,0,distance_progress,2,-0.0463576370623735,0.5997087464584862,0.0
robocasa/CloseOven,11,2100357,0,distance_progress,4,-0.04464555099083446,0.6638380594750439,0.0
robocasa/CloseOven,11,2100357,0,distance_progress,8,-0.041930726266748805,0.7655267814441892,0.0
robocasa/CloseOven,11,2100357,0,oracle_real_utility,1,-0.04918205734237745,0.4939149226328731,0.0
robocasa/CloseOven,11,2100357,0,oracle_real_utility,2,-0.04323260805858848,0.7167624194606859,0.0
robocasa/CloseOven,11,2100357,0,oracle_real_utility,4,-0.03889107588879606,0.8793824419679628,0.0
robocasa/CloseOven,11,2100357,0,oracle_real_utility,8,-0.03694124972298839,0.9524167447367202,0.0
robocasa/CloseOven,11,2110364,1,random,1,-0.05432870583183469,0.5834322819172981,0.0
robocasa/CloseOven,11,2110364,1,random,2,-0.05554079815960337,0.553766990476005,0.0
robocasa/CloseOven,11,2110364,1,random,4,-0.061238756783784265,0.41431259468923926,0.0
robocasa/CloseOven,11,2110364,1,random,8,-0.06958430455114618,0.21005991435771962,0.0
robocasa/CloseOven,11,2110364,1,learned_wam,1,-0.05432870583183469,0.5834322819172981,0.0
robocasa/CloseOven,11,2110364,1,learned_wam,2,-0.047594243856258225,0.7482545257587001,0.0
robocasa/CloseOven,11,2110364,1,learned_wam,4,-0.04165237979392657,0.893678372668202,0.0
robocasa/CloseOven,11,2110364,1,learned_wam,8,-0.038297815855742864,0.9757794755337447,0.0
robocasa/CloseOven,11,2110364,1,learned_physics_score,1,-0.05432870583183469,0.5834322819172981,0.0
robocasa/CloseOven,11,2110364,1,learned_physics_score,2,-0.047594243856258225,0.7482545257587001,0.0
robocasa/CloseOven,11,2110364,1,learned_physics_score,4,-0.04165237979392657,0.893678372668202,0.0
robocasa/CloseOven,11,2110364,1,learned_physics_score,8,-0.038297815855742864,0.9757794755337447,0.0
robocasa/CloseOven,11,2110364,1,learned_energy_regularized,1,-0.05432870583183469,0.5834322819172981,0.0
robocasa/CloseOven,11,2110364,1,learned_energy_regularized,2,-0.050564538190786205,0.67555820957757,0.0
robocasa/CloseOven,11,2110364,1,learned_energy_regularized,4,-0.048511333101740134,0.72580927210795,0.0
robocasa/CloseOven,11,2110364,1,learned_energy_regularized,8,-0.05095639938171521,0.6659676229802265,0.0
robocasa/CloseOven,11,2110364,1,predicted_progress,1,-0.05432870583183469,0.5834322819172981,0.0
robocasa/CloseOven,11,2110364,1,predicted_progress,2,-0.048947101922591316,0.7151440704765062,0.0
robocasa/CloseOven,11,2110364,1,predicted_progress,4,-0.04416614046056103,0.8321554663012853,0.0
robocasa/CloseOven,11,2110364,1,predicted_progress,8,-0.03960550858705826,0.9437744169244344,0.0
robocasa/CloseOven,11,2110364,1,predicted_success,1,-0.05432870583183469,0.5834322819172981,0.0
robocasa/CloseOven,11,2110364,1,predicted_success,2,-0.05432870583183469,0.5834322819172981,0.0
robocasa/CloseOven,11,2110364,1,predicted_success,4,-0.05432870583183469,0.5834322819172981,0.0
robocasa/CloseOven,11,2110364,1,predicted_success,8,-0.05432870583183469,0.5834322819172981,0.0
robocasa/CloseOven,11,2110364,1,low_energy,1,-0.054328705831834696,0.5834322819172981,0.0
robocasa/CloseOven,11,2110364,1,low_energy,2,-0.050763148409229526,0.670697333983888,0.0
robocasa/CloseOven,11,2110364,1,low_energy,4,-0.04897992908587985,0.7143406437541064,0.0
robocasa/CloseOven,11,2110364,1,low_energy,8,-0.05132154370464069,0.6570309169970621,0.0
robocasa/CloseOven,11,2110364,1,distance_progress,1,-0.05432870583183469,0.5834322819172981,0.0
robocasa/CloseOven,11,2110364,1,distance_progress,2,-0.04762955403284444,0.747390328654836,0.0
robocasa/CloseOven,11,2110364,1,distance_progress,4,-0.04235248377959239,0.8765437136177481,0.0
robocasa/CloseOven,11,2110364,1,distance_progress,8,-0.03887277887377645,0.9617075726702633,0.0
robocasa/CloseOven,11,2110364,1,oracle_real_utility,1,-0.05432870583183469,0.5834322819172981,0.0
robocasa/CloseOven,11,2110364,1,oracle_real_utility,2,-0.0468606660463593,0.7662084382016392,0.0
robocasa/CloseOven,11,2110364,1,oracle_real_utility,4,-0.0412774791403644,0.9028538594645967,0.0
robocasa/CloseOven,11,2110364,1,oracle_real_utility,8,-0.038218777936783334,0.9777138850231306,0.0
robocasa/OpenDishwasher,12,2200360,0,random,1,-0.05331649392843246,0.5473879096672017,0.0
robocasa/OpenDishwasher,12,2200360,0,random,2,-0.055029400847852225,0.4676305908480686,0.0
robocasa/OpenDishwasher,12,2200360,0,random,4,-0.05650983813160564,0.3986976517061974,0.0
robocasa/OpenDishwasher,12,2200360,0,random,8,-0.05752480072872444,0.3514384022220979,0.0
robocasa/OpenDishwasher,12,2200360,0,learned_wam,1,-0.05331649392843247,0.5473879096672017,0.0
robocasa/OpenDishwasher,12,2200360,0,learned_wam,2,-0.05177602980285883,0.6191158517987173,0.0
robocasa/OpenDishwasher,12,2200360,0,learned_wam,4,-0.051869751820922835,0.6147519153872543,0.0
robocasa/OpenDishwasher,12,2200360,0,learned_wam,8,-0.05289681187911825,0.566929377233437,0.0
robocasa/OpenDishwasher,12,2200360,0,learned_physics_score,1,-0.05331649392843247,0.5473879096672017,0.0
robocasa/OpenDishwasher,12,2200360,0,learned_physics_score,2,-0.05177602980285883,0.6191158517987173,0.0
robocasa/OpenDishwasher,12,2200360,0,learned_physics_score,4,-0.051869751820922835,0.6147519153872543,0.0
robocasa/OpenDishwasher,12,2200360,0,learned_physics_score,8,-0.05289681187911825,0.566929377233437,0.0
robocasa/OpenDishwasher,12,2200360,0,learned_energy_regularized,1,-0.053316493928432476,0.5473879096672017,0.0
robocasa/OpenDishwasher,12,2200360,0,learned_energy_regularized,2,-0.049829829446971424,0.7097359085633917,0.0
robocasa/OpenDishwasher,12,2200360,0,learned_energy_regularized,4,-0.04708465561212506,0.8375582101009148,0.0
robocasa/OpenDishwasher,12,2200360,0,learned_energy_regularized,8,-0.0454625872298378,0.9130858547416083,0.0
robocasa/OpenDishwasher,12,2200360,0,predicted_progress,1,-0.05331649392843247,0.5473879096672019,0.0
robocasa/OpenDishwasher,12,2200360,0,predicted_progress,2,-0.05402744483202696,0.5142842207043801,0.0
robocasa/OpenDishwasher,12,2200360,0,predicted_progress,4,-0.05456719063629862,0.48915227821262663,0.0
robocasa/OpenDishwasher,12,2200360,0,predicted_progress,8,-0.05559453567690398,0.4413164705503092,0.0
robocasa/OpenDishwasher,12,2200360,0,predicted_success,1,-0.05331649392843246,0.5473879096672017,0.0
robocasa/OpenDishwasher,12,2200360,0,predicted_success,2,-0.05331649392843246,0.5473879096672017,0.0
robocasa/OpenDishwasher,12,2200360,0,predicted_success,4,-0.05331649392843246,0.5473879096672017,0.0
robocasa/OpenDishwasher,12,2200360,0,predicted_success,8,-0.05331649392843246,0.5473879096672017,0.0
robocasa/OpenDishwasher,12,2200360,0,low_energy,1,-0.053316493928432476,0.5473879096672017,0.0
robocasa/OpenDishwasher,12,2200360,0,low_energy,2,-0.049762349687516694,0.7128779384236554,0.0
robocasa/OpenDishwasher,12,2200360,0,low_energy,4,-0.04684149065229576,0.8488805913738663,0.0
robocasa/OpenDishwasher,12,2200360,0,low_energy,8,-0.04478339097542218,0.9447109661764652,0.0
robocasa/OpenDishwasher,12,2200360,0,distance_progress,1,-0.05331649392843246,0.5473879096672017,0.0
robocasa/OpenDishwasher,12,2200360,0,distance_progress,2,-0.05331649392843246,0.5473879096672017,0.0
robocasa/OpenDishwasher,12,2200360,0,distance_progress,4,-0.05331649392843246,0.5473879096672017,0.0
robocasa/OpenDishwasher,12,2200360,0,distance_progress,8,-0.05331649392843246,0.5473879096672017,0.0
robocasa/OpenDishwasher,12,2200360,0,oracle_real_utility,1,-0.053316493928432476,0.5473879096672017,0.0
robocasa/OpenDishwasher,12,2200360,0,oracle_real_utility,2,-0.049762349687516694,0.7128779384236554,0.0
robocasa/OpenDishwasher,12,2200360,0,oracle_real_utility,4,-0.04684149065229576,0.8488805913738663,0.0
robocasa/OpenDishwasher,12,2200360,0,oracle_real_utility,8,-0.04478339097542218,0.9447109661764652,0.0
robocasa/OpenDishwasher,12,2210367,1,random,1,-0.05737376883625984,0.45251722563963304,0.0
robocasa/OpenDishwasher,12,2210367,1,random,2,-0.059977102745324376,0.3652917459470734,0.0
robocasa/OpenDishwasher,12,2210367,1,random,4,-0.060612359659571666,0.34400727341732934,0.0
robocasa/OpenDishwasher,12,2210367,1,random,8,-0.06037624329546084,0.3519184226752556,0.0
robocasa/OpenDishwasher,12,2210367,1,learned_wam,1,-0.05737376883625984,0.45251722563963304,0.0
robocasa/OpenDishwasher,12,2210367,1,learned_wam,2,-0.05394360484555364,0.567445894018176,0.0
robocasa/OpenDishwasher,12,2210367,1,learned_wam,4,-0.049358911897579676,0.7210573997254186,0.0
robocasa/OpenDishwasher,12,2210367,1,learned_wam,8,-0.046089440677966775,0.8306020088432817,0.0
robocasa/OpenDishwasher,12,2210367,1,learned_physics_score,1,-0.05737376883625984,0.45251722563963304,0.0
robocasa/OpenDishwasher,12,2210367,1,learned_physics_score,2,-0.05394360484555364,0.567445894018176,0.0
robocasa/OpenDishwasher,12,2210367,1,learned_physics_score,4,-0.049358911897579676,0.7210573997254186,0.0
robocasa/OpenDishwasher,12,2210367,1,learned_physics_score,8,-0.046089440677966775,0.8306020088432817,0.0
robocasa/OpenDishwasher,12,2210367,1,learned_energy_regularized,1,-0.05737376883625984,0.45251722563963304,0.0
robocasa/OpenDishwasher,12,2210367,1,learned_energy_regularized,2,-0.052513511683791876,0.6153615922716292,0.0
robocasa/OpenDishwasher,12,2210367,1,learned_energy_regularized,4,-0.047747638172877485,0.7750436068207919,0.0
robocasa/OpenDishwasher,12,2210367,1,learned_energy_regularized,8,-0.043767074321261465,0.9084135868280181,0.0
robocasa/OpenDishwasher,12,2210367,1,predicted_progress,1,-0.05737376883625983,0.4525172256396331,0.0
robocasa/OpenDishwasher,12,2210367,1,predicted_progress,2,-0.05694695880636573,0.46681762308979624,0.0
robocasa/OpenDishwasher,12,2210367,1,predicted_progress,4,-0.05743560073984554,0.4504455292537842,0.0
robocasa/OpenDishwasher,12,2210367,1,predicted_progress,8,-0.058252133392994884,0.4230873589831169,0.0
robocasa/OpenDishwasher,12,2210367,1,predicted_success,1,-0.057373768836259845,0.45251722563963304,0.0
robocasa/OpenDishwasher,12,2210367,1,predicted_success,2,-0.057373768836259845,0.45251722563963304,0.0
robocasa/OpenDishwasher,12,2210367,1,predicted_success,4,-0.057373768836259845,0.45251722563963304,0.0
robocasa/OpenDishwasher,12,2210367,1,predicted_success,8,-0.057373768836259845,0.45251722563963304,0.0
robocasa/OpenDishwasher,12,2210367,1,low_energy,1,-0.05737376883625984,0.45251722563963304,0.0
robocasa/OpenDishwasher,12,2210367,1,low_energy,2,-0.05244620805606246,0.6176166204081687,0.0
robocasa/OpenDishwasher,12,2210367,1,low_energy,4,-0.04765413556568092,0.7781764395845139,0.0
robocasa/OpenDishwasher,12,2210367,1,low_energy,8,-0.04373818870673027,0.9093814079649551,0.0
robocasa/OpenDishwasher,12,2210367,1,distance_progress,1,-0.057373768836259845,0.45251722563963304,0.0
robocasa/OpenDishwasher,12,2210367,1,distance_progress,2,-0.057373768836259845,0.45251722563963304,0.0
robocasa/OpenDishwasher,12,2210367,1,distance_progress,4,-0.057373768836259845,0.45251722563963304,0.0
robocasa/OpenDishwasher,12,2210367,1,distance_progress,8,-0.057373768836259845,0.45251722563963304,0.0
robocasa/OpenDishwasher,12,2210367,1,oracle_real_utility,1,-0.05737376883625984,0.45251722563963304,0.0
robocasa/OpenDishwasher,12,2210367,1,oracle_real_utility,2,-0.05244620805606246,0.6176166204081687,0.0
robocasa/OpenDishwasher,12,2210367,1,oracle_real_utility,4,-0.04765413556568092,0.7781764395845139,0.0
robocasa/OpenDishwasher,12,2210367,1,oracle_real_utility,8,-0.04373818870673027,0.9093814079649551,0.0
robocasa/CloseDishwasher,13,2300363,0,random,1,-0.04690048053860664,0.5632485412564499,0.0
robocasa/CloseDishwasher,13,2300363,0,random,2,-0.0467399406246841,0.5708511662200162,0.0
robocasa/CloseDishwasher,13,2300363,0,random,4,-0.045308976880914995,0.6386167480901164,0.0
robocasa/CloseDishwasher,13,2300363,0,random,8,-0.04398765086738869,0.7011902594991924,0.0
robocasa/CloseDishwasher,13,2300363,0,learned_wam,1,-0.04690048053860665,0.5632485412564499,0.0
robocasa/CloseDishwasher,13,2300363,0,learned_wam,2,-0.04395972425118089,0.7025127691750844,0.0
robocasa/CloseDishwasher,13,2300363,0,learned_wam,4,-0.04251855916721979,0.7707614518623618,0.0
robocasa/CloseDishwasher,13,2300363,0,learned_wam,8,-0.041600154835685785,0.8142539611515873,0.0
robocasa/CloseDishwasher,13,2300363,0,learned_physics_score,1,-0.04690048053860665,0.5632485412564499,0.0
robocasa/CloseDishwasher,13,2300363,0,learned_physics_score,2,-0.04395972425118089,0.7025127691750844,0.0
robocasa/CloseDishwasher,13,2300363,0,learned_physics_score,4,-0.04251855916721979,0.7707614518623618,0.0
robocasa/CloseDishwasher,13,2300363,0,learned_physics_score,8,-0.041600154835685785,0.8142539611515873,0.0
robocasa/CloseDishwasher,13,2300363,0,learned_energy_regularized,1,-0.04690048053860665,0.5632485412564499,0.0
robocasa/CloseDishwasher,13,2300363,0,learned_energy_regularized,2,-0.043314206991344695,0.7330822737558037,0.0
robocasa/CloseDishwasher,13,2300363,0,learned_energy_regularized,4,-0.040662697045190724,0.8586487775319296,0.0
robocasa/CloseDishwasher,13,2300363,0,learned_energy_regularized,8,-0.03928538998636533,0.9238733610767659,0.0
robocasa/CloseDishwasher,13,2300363,0,predicted_progress,1,-0.04690048053860665,0.5632485412564499,0.0
robocasa/CloseDishwasher,13,2300363,0,predicted_progress,2,-0.046279239263385535,0.5926684176721828,0.0
robocasa/CloseDishwasher,13,2300363,0,predicted_progress,4,-0.046203922056301965,0.5962351847444258,0.0
robocasa/CloseDishwasher,13,2300363,0,predicted_progress,8,-0.04616272665417562,0.5981860590468815,0.0
robocasa/CloseDishwasher,13,2300363,0,predicted_success,1,-0.04690048053860664,0.5632485412564499,0.0
robocasa/CloseDishwasher,13,2300363,0,predicted_success,2,-0.04690048053860664,0.5632485412564499,0.0
robocasa/CloseDishwasher,13,2300363,0,predicted_success,4,-0.04690048053860664,0.5632485412564499,0.0
robocasa/CloseDishwasher,13,2300363,0,predicted_success,8,-0.04690048053860664,0.5632485412564499,0.0
robocasa/CloseDishwasher,13,2300363,0,low_energy,1,-0.04690048053860665,0.5632485412564499,0.0
robocasa/CloseDishwasher,13,2300363,0,low_energy,2,-0.04326479790732265,0.7354221201306694,0.0
robocasa/CloseDishwasher,13,2300363,0,low_energy,4,-0.04043495204852661,0.8694340069160766,0.0
robocasa/CloseDishwasher,13,2300363,0,low_energy,8,-0.03863256541454597,0.9547889151298089,0.0
robocasa/CloseDishwasher,13,2300363,0,distance_progress,1,-0.04690048053860664,0.5632485412564499,0.0
robocasa/CloseDishwasher,13,2300363,0,distance_progress,2,-0.04690048053860664,0.5632485412564499,0.0
robocasa/CloseDishwasher,13,2300363,0,distance_progress,4,-0.04690048053860664,0.5632485412564499,0.0
robocasa/CloseDishwasher,13,2300363,0,distance_progress,8,-0.04690048053860664,0.5632485412564499,0.0
robocasa/CloseDishwasher,13,2300363,0,oracle_real_utility,1,-0.04690048053860665,0.5632485412564499,0.0
robocasa/CloseDishwasher,13,2300363,0,oracle_real_utility,2,-0.04326479790732265,0.7354221201306694,0.0
robocasa/CloseDishwasher,13,2300363,0,oracle_real_utility,4,-0.04043495204852661,0.8694340069160766,0.0
robocasa/CloseDishwasher,13,2300363,0,oracle_real_utility,8,-0.03863256541454597,0.9547889151298089,0.0
robocasa/CloseDishwasher,13,2310370,1,random,1,-0.0542320042103529,0.38499194385624574,0.0
robocasa/CloseDishwasher,13,2310370,1,random,2,-0.05628840087912977,0.33696161922454443,0.0
robocasa/CloseDishwasher,13,2310370,1,random,4,-0.054053665201499825,0.3891573272279294,0.0
robocasa/CloseDishwasher,13,2310370,1,random,8,-0.05282572477533844,0.41783777501916275,0.0
robocasa/CloseDishwasher,13,2310370,1,learned_wam,1,-0.0542320042103529,0.38499194385624574,0.0
robocasa/CloseDishwasher,13,2310370,1,learned_wam,2,-0.04722540662623942,0.5486418668688275,0.0
robocasa/CloseDishwasher,13,2310370,1,learned_wam,4,-0.039987283283990115,0.7176994320414596,0.0
robocasa/CloseDishwasher,13,2310370,1,learned_wam,8,-0.03349934238566792,0.8692353260006025,0.0
robocasa/CloseDishwasher,13,2310370,1,learned_physics_score,1,-0.0542320042103529,0.38499194385624574,0.0
robocasa/CloseDishwasher,13,2310370,1,learned_physics_score,2,-0.04722540662623942,0.5486418668688275,0.0
robocasa/CloseDishwasher,13,2310370,1,learned_physics_score,4,-0.039987283283990115,0.7176994320414596,0.0
robocasa/CloseDishwasher,13,2310370,1,learned_physics_score,8,-0.03349934238566792,0.8692353260006025,0.0
robocasa/CloseDishwasher,13,2310370,1,learned_energy_regularized,1,-0.05423200421035289,0.38499194385624574,0.0
robocasa/CloseDishwasher,13,2310370,1,learned_energy_regularized,2,-0.04706199728883803,0.5524585446734596,0.0
robocasa/CloseDishwasher,13,2310370,1,learned_energy_regularized,4,-0.039848251548974076,0.7209467332398712,0.0
robocasa/CloseDishwasher,13,2310370,1,learned_energy_regularized,8,-0.033455573862665094,0.8702576075479297,0.0
robocasa/CloseDishwasher,13,2310370,1,predicted_progress,1,-0.0542320042103529,0.3849919438562458,0.0
robocasa/CloseDishwasher,13,2310370,1,predicted_progress,2,-0.05179206483997405,0.44198050147274365,0.0
robocasa/CloseDishwasher,13,2310370,1,predicted_progress,4,-0.053241570738755406,0.40812504939430594,0.0
robocasa/CloseDishwasher,13,2310370,1,predicted_progress,8,-0.054640857202034605,0.3754425499016277,0.0
robocasa/CloseDishwasher,13,2310370,1,predicted_success,1,-0.0542320042103529,0.38499194385624574,0.0
robocasa/CloseDishwasher,13,2310370,1,predicted_success,2,-0.0542320042103529,0.38499194385624574,0.0
robocasa/CloseDishwasher,13,2310370,1,predicted_success,4,-0.0542320042103529,0.38499194385624574,0.0
robocasa/CloseDishwasher,13,2310370,1,predicted_success,8,-0.0542320042103529,0.38499194385624574,0.0
robocasa/CloseDishwasher,13,2310370,1,low_energy,1,-0.0542320042103529,0.38499194385624574,0.0
robocasa/CloseDishwasher,13,2310370,1,low_energy,2,-0.04703739219345153,0.5530332347305635,0.0
robocasa/CloseDishwasher,13,2310370,1,low_energy,4,-0.0398271065451263,0.7214406075076949,0.0
robocasa/CloseDishwasher,13,2310370,1,low_energy,8,-0.03345310203349104,0.870315340941232,0.0
robocasa/CloseDishwasher,13,2310370,1,distance_progress,1,-0.0542320042103529,0.38499194385624574,0.0
robocasa/CloseDishwasher,13,2310370,1,distance_progress,2,-0.0542320042103529,0.38499194385624574,0.0
robocasa/CloseDishwasher,13,2310370,1,distance_progress,4,-0.0542320042103529,0.38499194385624574,0.0
robocasa/CloseDishwasher,13,2310370,1,distance_progress,8,-0.0542320042103529,0.38499194385624574,0.0
robocasa/CloseDishwasher,13,2310370,1,oracle_real_utility,1,-0.0542320042103529,0.38499194385624574,0.0
robocasa/CloseDishwasher,13,2310370,1,oracle_real_utility,2,-0.04703739219345153,0.5530332347305635,0.0
robocasa/CloseDishwasher,13,2310370,1,oracle_real_utility,4,-0.0398271065451263,0.7214406075076949,0.0
robocasa/CloseDishwasher,13,2310370,1,oracle_real_utility,8,-0.03345310203349104,0.870315340941232,0.0
robocasa/OpenFridge,14,2400366,0,random,1,-0.055102510348603514,0.5953196821177859,0.0
robocasa/OpenFridge,14,2400366,0,random,2,-0.05584909415307967,0.5833466101822433,0.0
robocasa/OpenFridge,14,2400366,0,random,4,-0.05710080765135801,0.5632727006389041,0.0
robocasa/OpenFridge,14,2400366,0,random,8,-0.05231793261299361,0.6399763560754547,0.0
robocasa/OpenFridge,14,2400366,0,learned_wam,1,-0.055102510348603514,0.5953196821177857,0.0
robocasa/OpenFridge,14,2400366,0,learned_wam,2,-0.04493574650981444,0.7583655372028766,0.0
robocasa/OpenFridge,14,2400366,0,learned_wam,4,-0.038852916802821214,0.8559167527755037,0.0
robocasa/OpenFridge,14,2400366,0,learned_wam,8,-0.03472935726182058,0.9220468706790599,0.0
robocasa/OpenFridge,14,2400366,0,learned_physics_score,1,-0.055102510348603514,0.5953196821177857,0.0
robocasa/OpenFridge,14,2400366,0,learned_physics_score,2,-0.04493574650981444,0.7583655372028766,0.0
robocasa/OpenFridge,14,2400366,0,learned_physics_score,4,-0.038852916802821214,0.8559167527755037,0.0
robocasa/OpenFridge,14,2400366,0,learned_physics_score,8,-0.03472935726182058,0.9220468706790599,0.0
robocasa/OpenFridge,14,2400366,0,learned_energy_regularized,1,-0.055102510348603514,0.5953196821177857,0.0
robocasa/OpenFridge,14,2400366,0,learned_energy_regularized,2,-0.04493574650981444,0.7583655372028766,0.0
robocasa/OpenFridge,14,2400366,0,learned_energy_regularized,4,-0.038852916802821214,0.8559167527755037,0.0
robocasa/OpenFridge,14,2400366,0,learned_energy_regularized,8,-0.03472935726182058,0.9220468706790599,0.0
robocasa/OpenFridge,14,2400366,0,predicted_progress,1,-0.055102510348603514,0.5953196821177857,0.0
robocasa/OpenFridge,14,2400366,0,predicted_progress,2,-0.04826266585727229,0.7050112527514335,0.0
robocasa/OpenFridge,14,2400366,0,predicted_progress,4,-0.04107549124524831,0.8202730065252752,0.0
robocasa/OpenFridge,14,2400366,0,predicted_progress,8,-0.035044993467567453,0.9169849674148701,0.0
robocasa/OpenFridge,14,2400366,0,predicted_success,1,-0.055102510348603514,0.5953196821177857,0.0
robocasa/OpenFridge,14,2400366,0,predicted_success,2,-0.055102510348603514,0.5953196821177857,0.0
robocasa/OpenFridge,14,2400366,0,predicted_success,4,-0.055102510348603514,0.5953196821177857,0.0
robocasa/OpenFridge,14,2400366,0,predicted_success,8,-0.055102510348603514,0.5953196821177857,0.0
robocasa/OpenFridge,14,2400366,0,low_energy,1,-0.055102510348603514,0.5953196821177857,0.0
robocasa/OpenFridge,14,2400366,0,low_energy,2,-0.04460552617181744,0.7636613282951994,0.0
robocasa/OpenFridge,14,2400366,0,low_energy,4,-0.03807380319285954,0.8684115098839528,0.0
robocasa/OpenFridge,14,2400366,0,low_energy,8,-0.03412224810762292,0.9317831675721265,0.0
robocasa/OpenFridge,14,2400366,0,distance_progress,1,-0.05510251034860352,0.5953196821177857,0.0
robocasa/OpenFridge,14,2400366,0,distance_progress,2,-0.04691682871958003,0.7265946366481959,0.0
robocasa/OpenFridge,14,2400366,0,distance_progress,4,-0.042397960868009885,0.7990643708289731,0.0
robocasa/OpenFridge,14,2400366,0,distance_progress,8,-0.04266552370402459,0.7947734271148514,0.0
robocasa/OpenFridge,14,2400366,0,oracle_real_utility,1,-0.055102510348603514,0.5953196821177857,0.0
robocasa/OpenFridge,14,2400366,0,oracle_real_utility,2,-0.04443378836666955,0.7664155121962694,0.0
robocasa/OpenFridge,14,2400366,0,oracle_real_utility,4,-0.037597957688814077,0.8760427127254589,0.0
robocasa/OpenFridge,14,2400366,0,oracle_real_utility,8,-0.033480297293521914,0.9420782251801662,0.0
robocasa/OpenFridge,14,2410373,1,random,1,-0.04623785934870629,0.4626474474140249,0.0
robocasa/OpenFridge,14,2410373,1,random,2,-0.050102921337280934,0.35382835294916015,0.0
robocasa/OpenFridge,14,2410373,1,random,4,-0.05323603753156514,0.26561686549486874,0.0
robocasa/OpenFridge,14,2410373,1,random,8,-0.05686936876871193,0.16332204686428123,0.0
robocasa/OpenFridge,14,2410373,1,learned_wam,1,-0.04623785934870629,0.4626474474140249,0.0
robocasa/OpenFridge,14,2410373,1,learned_wam,2,-0.041162045095189476,0.605554731274496,0.0
robocasa/OpenFridge,14,2410373,1,learned_wam,4,-0.036802567260549285,0.7282938831192873,0.0
robocasa/OpenFridge,14,2410373,1,learned_wam,8,-0.03207798441854881,0.8613124034199999,0.0
robocasa/OpenFridge,14,2410373,1,learned_physics_score,1,-0.04623785934870629,0.4626474474140249,0.0
robocasa/OpenFridge,14,2410373,1,learned_physics_score,2,-0.041162045095189476,0.605554731274496,0.0
robocasa/OpenFridge,14,2410373,1,learned_physics_score,4,-0.036802567260549285,0.7282938831192873,0.0
robocasa/OpenFridge,14,2410373,1,learned_physics_score,8,-0.03207798441854881,0.8613124034199999,0.0
robocasa/OpenFridge,14,2410373,1,learned_energy_regularized,1,-0.046237859348706285,0.4626474474140249,0.0
robocasa/OpenFridge,14,2410373,1,learned_energy_regularized,2,-0.040422132165665856,0.6263866494200827,0.0
robocasa/OpenFridge,14,2410373,1,learned_energy_regularized,4,-0.03577428532942507,0.7572447017427124,0.0
robocasa/OpenFridge,14,2410373,1,learned_energy_regularized,8,-0.0316035177038648,0.8746708019135451,0.0
robocasa/OpenFridge,14,2410373,1,predicted_progress,1,-0.046237859348706285,0.4626474474140249,0.0
robocasa/OpenFridge,14,2410373,1,predicted_progress,2,-0.04688026274014675,0.44456086677331197,0.0
robocasa/OpenFridge,14,2410373,1,predicted_progress,4,-0.04586197451336661,0.4732303171133083,0.0
robocasa/OpenFridge,14,2410373,1,predicted_progress,8,-0.046050292022275355,0.46792832173732046,0.0
robocasa/OpenFridge,14,2410373,1,predicted_success,1,-0.04623785934870629,0.46264744741402486,0.0
robocasa/OpenFridge,14,2410373,1,predicted_success,2,-0.04623785934870629,0.46264744741402486,0.0
robocasa/OpenFridge,14,2410373,1,predicted_success,4,-0.04623785934870629,0.46264744741402486,0.0
robocasa/OpenFridge,14,2410373,1,predicted_success,8,-0.04623785934870629,0.46264744741402486,0.0
robocasa/OpenFridge,14,2410373,1,low_energy,1,-0.046237859348706285,0.4626474474140249,0.0
robocasa/OpenFridge,14,2410373,1,low_energy,2,-0.04027546487304457,0.6305160015541081,0.0
robocasa/OpenFridge,14,2410373,1,low_energy,4,-0.03565436669906652,0.7606209572345154,0.0
robocasa/OpenFridge,14,2410373,1,low_energy,8,-0.03169055743144826,0.8722202372483212,0.0
robocasa/OpenFridge,14,2410373,1,distance_progress,1,-0.04623785934870629,0.4626474474140249,0.0
robocasa/OpenFridge,14,2410373,1,distance_progress,2,-0.044446083197681965,0.5130941048840935,0.0
robocasa/OpenFridge,14,2410373,1,distance_progress,4,-0.042075503303304326,0.5798367233014302,0.0
robocasa/OpenFridge,14,2410373,1,distance_progress,8,-0.03949621912128673,0.6524553177468484,0.0
robocasa/OpenFridge,14,2410373,1,oracle_real_utility,1,-0.04623785934870629,0.4626474474140249,0.0
robocasa/OpenFridge,14,2410373,1,oracle_real_utility,2,-0.03966969282175984,0.6475712431693244,0.0
robocasa/OpenFridge,14,2410373,1,oracle_real_utility,4,-0.03433139669275406,0.7978685870310532,0.0
robocasa/OpenFridge,14,2410373,1,oracle_real_utility,8,-0.03057168691779677,0.9037215369632823,0.0
robocasa/CloseFridge,15,2500369,0,random,1,-0.053130670990449394,0.5550992846498771,0.0
robocasa/CloseFridge,15,2500369,0,random,2,-0.051923365676848174,0.5986822108103331,0.0
robocasa/CloseFridge,15,2500369,0,random,4,-0.048238218740679246,0.7317135865527331,0.0
robocasa/CloseFridge,15,2500369,0,random,8,-0.043508354070899743,0.9024585839693834,0.0
robocasa/CloseFridge,15,2500369,0,learned_wam,1,-0.053130670990449394,0.5550992846498771,0.0
robocasa/CloseFridge,15,2500369,0,learned_wam,2,-0.048800337405430494,0.7114214732129922,0.0
robocasa/CloseFridge,15,2500369,0,learned_wam,4,-0.047534304695557916,0.7571244196752351,0.0
robocasa/CloseFridge,15,2500369,0,learned_wam,8,-0.04912880137718923,0.6995641403028683,0.0
robocasa/CloseFridge,15,2500369,0,learned_physics_score,1,-0.053130670990449394,0.5550992846498771,0.0
robocasa/CloseFridge,15,2500369,0,learned_physics_score,2,-0.048800337405430494,0.7114214732129922,0.0
robocasa/CloseFridge,15,2500369,0,learned_physics_score,4,-0.047534304695557916,0.7571244196752351,0.0
robocasa/CloseFridge,15,2500369,0,learned_physics_score,8,-0.04912880137718923,0.6995641403028683,0.0
robocasa/CloseFridge,15,2500369,0,learned_energy_regularized,1,-0.053130670990449394,0.5550992846498771,0.0
robocasa/CloseFridge,15,2500369,0,learned_energy_regularized,2,-0.049028536310579254,0.7031836431289605,0.0
robocasa/CloseFridge,15,2500369,0,learned_energy_regularized,4,-0.04753949196641778,0.7569371626158046,0.0
robocasa/CloseFridge,15,2500369,0,learned_energy_regularized,8,-0.047365442334847956,0.7632202396100868,0.0
robocasa/CloseFridge,15,2500369,0,predicted_progress,1,-0.0531306709904494,0.5550992846498771,0.0
robocasa/CloseFridge,15,2500369,0,predicted_progress,2,-0.05091360432231977,0.6351339302373127,0.0
robocasa/CloseFridge,15,2500369,0,predicted_progress,4,-0.050054943305723576,0.6661310270458625,0.0
robocasa/CloseFridge,15,2500369,0,predicted_progress,8,-0.05029667201331432,0.6574047800103344,0.0
robocasa/CloseFridge,15,2500369,0,predicted_success,1,-0.0531306709904494,0.5550992846498771,0.0
robocasa/CloseFridge,15,2500369,0,predicted_success,2,-0.0531306709904494,0.5550992846498771,0.0
robocasa/CloseFridge,15,2500369,0,predicted_success,4,-0.0531306709904494,0.5550992846498771,0.0
robocasa/CloseFridge,15,2500369,0,predicted_success,8,-0.0531306709904494,0.5550992846498771,0.0
robocasa/CloseFridge,15,2500369,0,low_energy,1,-0.053130670990449394,0.5550992846498771,0.0
robocasa/CloseFridge,15,2500369,0,low_energy,2,-0.04891969386404957,0.7071127837173316,0.0
robocasa/CloseFridge,15,2500369,0,low_energy,4,-0.047522864490905134,0.7575374035236666,0.0
robocasa/CloseFridge,15,2500369,0,low_energy,8,-0.047363686571064316,0.7632836215255605,0.0
robocasa/CloseFridge,15,2500369,0,distance_progress,1,-0.053130670990449394,0.5550992846498771,0.0
robocasa/CloseFridge,15,2500369,0,distance_progress,2,-0.04909554901067287,0.700764528819523,0.0
robocasa/CloseFridge,15,2500369,0,distance_progress,4,-0.04451812580086183,0.866006489996086,0.0
robocasa/CloseFridge,15,2500369,0,distance_progress,8,-0.04171610809341271,0.9671574825977647,0.0
robocasa/CloseFridge,15,2500369,0,oracle_real_utility,1,-0.053130670990449394,0.5550992846498771,0.0
robocasa/CloseFridge,15,2500369,0,oracle_real_utility,2,-0.0473913121476809,0.7622863564160175,0.0
robocasa/CloseFridge,15,2500369,0,oracle_real_utility,4,-0.04338654084420849,0.9068559611733451,0.0
robocasa/CloseFridge,15,2500369,0,oracle_real_utility,8,-0.04148178171823625,0.9756165103115582,0.0
robocasa/CloseFridge,15,2510376,1,random,1,-0.04760961955647183,0.49929176597530023,0.0
robocasa/CloseFridge,15,2510376,1,random,2,-0.04506627695655586,0.5833966903224755,0.0
robocasa/CloseFridge,15,2510376,1,random,4,-0.041360050886574296,0.705956609398902,0.0
robocasa/CloseFridge,15,2510376,1,random,8,-0.03699334308469534,0.8503577723941603,0.0
robocasa/CloseFridge,15,2510376,1,learned_wam,1,-0.04760961955647183,0.4992917659753003,0.0
robocasa/CloseFridge,15,2510376,1,learned_wam,2,-0.04233631072626358,0.6736730075109905,0.0
robocasa/CloseFridge,15,2510376,1,learned_wam,4,-0.03930286914779904,0.7739848469292292,0.0
robocasa/CloseFridge,15,2510376,1,learned_wam,8,-0.038962691208365166,0.7852340745643931,0.0
robocasa/CloseFridge,15,2510376,1,learned_physics_score,1,-0.04760961955647183,0.4992917659753003,0.0
robocasa/CloseFridge,15,2510376,1,learned_physics_score,2,-0.04233631072626358,0.6736730075109905,0.0
robocasa/CloseFridge,15,2510376,1,learned_physics_score,4,-0.03930286914779904,0.7739848469292292,0.0
robocasa/CloseFridge,15,2510376,1,learned_physics_score,8,-0.038962691208365166,0.7852340745643931,0.0
robocasa/CloseFridge,15,2510376,1,learned_energy_regularized,1,-0.04760961955647183,0.49929176597530023,0.0
robocasa/CloseFridge,15,2510376,1,learned_energy_regularized,2,-0.04304105243107075,0.6503681457243538,0.0
robocasa/CloseFridge,15,2510376,1,learned_energy_regularized,4,-0.04051616154844198,0.733862896559488,0.0
robocasa/CloseFridge,15,2510376,1,learned_energy_regularized,8,-0.0408854432789012,0.7216512456383366,0.0
robocasa/CloseFridge,15,2510376,1,predicted_progress,1,-0.04760961955647183,0.4992917659753003,0.0
robocasa/CloseFridge,15,2510376,1,predicted_progress,2,-0.04434633457141628,0.6072042181948472,0.0
robocasa/CloseFridge,15,2510376,1,predicted_progress,4,-0.04371862925923499,0.6279615899288291,0.0
robocasa/CloseFridge,15,2510376,1,predicted_progress,8,-0.043737096551601455,0.6273509013698318,0.0
robocasa/CloseFridge,15,2510376,1,predicted_success,1,-0.047609619556471826,0.49929176597530023,0.0
robocasa/CloseFridge,15,2510376,1,predicted_success,2,-0.047609619556471826,0.49929176597530023,0.0
robocasa/CloseFridge,15,2510376,1,predicted_success,4,-0.047609619556471826,0.49929176597530023,0.0
robocasa/CloseFridge,15,2510376,1,predicted_success,8,-0.047609619556471826,0.49929176597530023,0.0
robocasa/CloseFridge,15,2510376,1,low_energy,1,-0.047609619556471826,0.49929176597530023,0.0
robocasa/CloseFridge,15,2510376,1,low_energy,2,-0.04329513769088691,0.6419658873910582,0.0
robocasa/CloseFridge,15,2510376,1,low_energy,4,-0.04111564395832071,0.7140388183043687,0.0
robocasa/CloseFridge,15,2510376,1,low_energy,8,-0.04135257830794498,0.7062037175393141,0.0
robocasa/CloseFridge,15,2510376,1,distance_progress,1,-0.04760961955647183,0.4992917659753003,0.0
robocasa/CloseFridge,15,2510376,1,distance_progress,2,-0.04372995321933251,0.6275871217752488,0.0
robocasa/CloseFridge,15,2510376,1,distance_progress,4,-0.041484872720705744,0.7018289189663003,0.0
robocasa/CloseFridge,15,2510376,1,distance_progress,8,-0.0387840258158708,0.7911422991660227,0.0
robocasa/CloseFridge,15,2510376,1,oracle_real_utility,1,-0.04760961955647183,0.49929176597530023,0.0
robocasa/CloseFridge,15,2510376,1,oracle_real_utility,2,-0.04197294778139748,0.6856889321408615,0.0
robocasa/CloseFridge,15,2510376,1,oracle_real_utility,4,-0.037950957435074706,0.818690751798867,0.0
robocasa/CloseFridge,15,2510376,1,oracle_real_utility,8,-0.035337476936853456,0.905115042255441,0.0
robocasa/OpenFridgeDrawer,16,2600372,0,random,1,-0.0487353379635971,0.4114520008495834,0.0
robocasa/OpenFridgeDrawer,16,2600372,0,random,2,-0.04955451256502637,0.392520631038703,0.0
robocasa/OpenFridgeDrawer,16,2600372,0,random,4,-0.051762215290679744,0.341499961380598,0.0
robocasa/OpenFridgeDrawer,16,2600372,0,random,8,-0.05466903961946601,0.27432238257444097,0.0
robocasa/OpenFridgeDrawer,16,2600372,0,learned_wam,1,-0.048735337963597095,0.4114520008495834,0.0
robocasa/OpenFridgeDrawer,16,2600372,0,learned_wam,2,-0.04102650789445116,0.5896053671693,0.0
robocasa/OpenFridgeDrawer,16,2600372,0,learned_wam,4,-0.03382812089806138,0.7559622415556871,0.0
robocasa/OpenFridgeDrawer,16,2600372,0,learned_wam,8,-0.028548486497196164,0.877976170130419,0.0
robocasa/OpenFridgeDrawer,16,2600372,0,learned_physics_score,1,-0.048735337963597095,0.4114520008495834,0.0
robocasa/OpenFridgeDrawer,16,2600372,0,learned_physics_score,2,-0.04102650789445116,0.5896053671693,0.0
robocasa/OpenFridgeDrawer,16,2600372,0,learned_physics_score,4,-0.03382812089806138,0.7559622415556871,0.0
robocasa/OpenFridgeDrawer,16,2600372,0,learned_physics_score,8,-0.028548486497196164,0.877976170130419,0.0
robocasa/OpenFridgeDrawer,16,2600372,0,learned_energy_regularized,1,-0.048735337963597095,0.4114520008495834,0.0
robocasa/OpenFridgeDrawer,16,2600372,0,learned_energy_regularized,2,-0.042105047749909946,0.5646799888386749,0.0
robocasa/OpenFridgeDrawer,16,2600372,0,learned_energy_regularized,4,-0.0346625486739182,0.7366783663260913,0.0
robocasa/OpenFridgeDrawer,16,2600372,0,learned_energy_regularized,8,-0.028774347782327233,0.8727564483430045,0.0
robocasa/OpenFridgeDrawer,16,2600372,0,predicted_progress,1,-0.048735337963597095,0.4114520008495834,0.0
robocasa/OpenFridgeDrawer,16,2600372,0,predicted_progress,2,-0.043844922333083625,0.5244709673417403,0.0
robocasa/OpenFridgeDrawer,16,2600372,0,predicted_progress,4,-0.040802432974613334,0.5947838055210164,0.0
robocasa/OpenFridgeDrawer,16,2600372,0,predicted_progress,8,-0.03837683265962722,0.6508401535770603,0.0
robocasa/OpenFridgeDrawer,16,2600372,0,predicted_success,1,-0.04873533796359711,0.41145200084958333,0.0
robocasa/OpenFridgeDrawer,16,2600372,0,predicted_success,2,-0.04873533796359711,0.41145200084958333,0.0
robocasa/OpenFridgeDrawer,16,2600372,0,predicted_success,4,-0.04873533796359711,0.41145200084958333,0.0
robocasa/OpenFridgeDrawer,16,2600372,0,predicted_success,8,-0.04873533796359711,0.41145200084958333,0.0
robocasa/OpenFridgeDrawer,16,2600372,0,low_energy,1,-0.04873533796359711,0.4114520008495834,0.0
robocasa/OpenFridgeDrawer,16,2600372,0,low_energy,2,-0.042733217588673225,0.5501627961658067,0.0
robocasa/OpenFridgeDrawer,16,2600372,0,low_energy,4,-0.03520238212910539,0.7242026538728452,0.0
robocasa/OpenFridgeDrawer,16,2600372,0,low_energy,8,-0.02883745375730217,0.8712980504050774,0.0
robocasa/OpenFridgeDrawer,16,2600372,0,distance_progress,1,-0.048735337963597095,0.4114520008495834,0.0
robocasa/OpenFridgeDrawer,16,2600372,0,distance_progress,2,-0.043943379265435706,0.5221955982158544,0.0
robocasa/OpenFridgeDrawer,16,2600372,0,distance_progress,4,-0.042395083583848074,0.5579771740527797,0.0
robocasa/OpenFridgeDrawer,16,2600372,0,distance_progress,8,-0.041334440319245956,0.5824889568211519,0.0
robocasa/OpenFridgeDrawer,16,2600372,0,oracle_real_utility,1,-0.0487353379635971,0.4114520008495834,0.0
robocasa/OpenFridgeDrawer,16,2600372,0,oracle_real_utility,2,-0.04069674316150985,0.5972263286822742,0.0
robocasa/OpenFridgeDrawer,16,2600372,0,oracle_real_utility,4,-0.03344010862163715,0.7649293212030935,0.0
robocasa/OpenFridgeDrawer,16,2600372,0,oracle_real_utility,8,-0.028170581968468965,0.8867096567083214,0.0
robocasa/OpenFridgeDrawer,16,2610379,1,random,1,-0.05515404566107111,0.3430872417479282,0.0
robocasa/OpenFridgeDrawer,16,2610379,1,random,2,-0.05378055263005262,0.39656434772054827,0.0
robocasa/OpenFridgeDrawer,16,2610379,1,random,4,-0.05374565250358803,0.3979231880781294,0.0
robocasa/OpenFridgeDrawer,16,2610379,1,random,8,-0.054753164908368436,0.3586955790387024,0.0
robocasa/OpenFridgeDrawer,16,2610379,1,learned_wam,1,-0.055154045661071106,0.34308724174792826,0.0
robocasa/OpenFridgeDrawer,16,2610379,1,learned_wam,2,-0.0516269674587608,0.48041442910089127,0.0
robocasa/OpenFridgeDrawer,16,2610379,1,learned_wam,4,-0.046407710537889446,0.6836267855908237,0.0
robocasa/OpenFridgeDrawer,16,2610379,1,learned_wam,8,-0.04157293258796145,0.8718694100114671,0.0
robocasa/OpenFridgeDrawer,16,2610379,1,learned_physics_score,1,-0.055154045661071106,0.34308724174792826,0.0
robocasa/OpenFridgeDrawer,16,2610379,1,learned_physics_score,2,-0.0516269674587608,0.48041442910089127,0.0
robocasa/OpenFridgeDrawer,16,2610379,1,learned_physics_score,4,-0.046407710537889446,0.6836267855908237,0.0
robocasa/OpenFridgeDrawer,16,2610379,1,learned_physics_score,8,-0.04157293258796145,0.8718694100114671,0.0
robocasa/OpenFridgeDrawer,16,2610379,1,learned_energy_regularized,1,-0.05515404566107111,0.34308724174792826,0.0
robocasa/OpenFridgeDrawer,16,2610379,1,learned_energy_regularized,2,-0.05229888830257469,0.4542531153130796,0.0
robocasa/OpenFridgeDrawer,16,2610379,1,learned_energy_regularized,4,-0.050425736607801,0.527184487676815,0.0
robocasa/OpenFridgeDrawer,16,2610379,1,learned_energy_regularized,8,-0.05161525925998253,0.48087028913998464,0.0
robocasa/OpenFridgeDrawer,16,2610379,1,predicted_progress,1,-0.05515404566107111,0.34308724174792826,0.0
robocasa/OpenFridgeDrawer,16,2610379,1,predicted_progress,2,-0.05278143843110723,0.43546497166920495,0.0
robocasa/OpenFridgeDrawer,16,2610379,1,predicted_progress,4,-0.050289363908847654,0.5324941740814794,0.0
robocasa/OpenFridgeDrawer,16,2610379,1,predicted_progress,8,-0.04612905144749206,0.6944764086838252,0.0
robocasa/OpenFridgeDrawer,16,2610379,1,predicted_success,1,-0.05515404566107111,0.34308724174792826,0.0
robocasa/OpenFridgeDrawer,16,2610379,1,predicted_success,2,-0.05515404566107111,0.34308724174792826,0.0
robocasa/OpenFridgeDrawer,16,2610379,1,predicted_success,4,-0.05515404566107111,0.34308724174792826,0.0
robocasa/OpenFridgeDrawer,16,2610379,1,predicted_success,8,-0.05515404566107111,0.34308724174792826,0.0
robocasa/OpenFridgeDrawer,16,2610379,1,low_energy,1,-0.05515404566107111,0.34308724174792826,0.0
robocasa/OpenFridgeDrawer,16,2610379,1,low_energy,2,-0.05256650441525648,0.4438334518021172,0.0
robocasa/OpenFridgeDrawer,16,2610379,1,low_energy,4,-0.051145445280273,0.49916254939391136,0.0
robocasa/OpenFridgeDrawer,16,2610379,1,low_energy,8,-0.05255951021788513,0.4441057716651046,0.0
robocasa/OpenFridgeDrawer,16,2610379,1,distance_progress,1,-0.05515404566107111,0.34308724174792826,0.0
robocasa/OpenFridgeDrawer,16,2610379,1,distance_progress,2,-0.05215743791843078,0.4597605019629577,0.0
robocasa/OpenFridgeDrawer,16,2610379,1,distance_progress,4,-0.05004226472434283,0.5421150086813562,0.0
robocasa/OpenFridgeDrawer,16,2610379,1,distance_progress,8,-0.04989631744662778,0.5477974823892832,0.0
robocasa/OpenFridgeDrawer,16,2610379,1,oracle_real_utility,1,-0.055154045661071106,0.34308724174792826,0.0
robocasa/OpenFridgeDrawer,16,2610379,1,oracle_real_utility,2,-0.050348255136827065,0.5302012374823201,0.0
robocasa/OpenFridgeDrawer,16,2610379,1,oracle_real_utility,4,-0.04525467743571634,0.7285202593852456,0.0
robocasa/OpenFridgeDrawer,16,2610379,1,oracle_real_utility,8,-0.041176396700727404,0.8873085794754995,0.0
robocasa/PickPlaceCounterToCabinet,17,2700375,0,random,1,-0.050273310391133544,0.45509537934215194,0.0
robocasa/PickPlaceCounterToCabinet,17,2700375,0,random,2,-0.05419968736116557,0.3830623886177726,0.0
robocasa/PickPlaceCounterToCabinet,17,2700375,0,random,4,-0.0586565775085128,0.30129664653702126,0.0
robocasa/PickPlaceCounterToCabinet,17,2700375,0,random,8,-0.061566271455057955,0.24791563939940042,0.0
robocasa/PickPlaceCounterToCabinet,17,2700375,0,learned_wam,1,-0.050273310391133544,0.45509537934215194,0.0
robocasa/PickPlaceCounterToCabinet,17,2700375,0,learned_wam,2,-0.0431474437773883,0.5858259453598333,0.0
robocasa/PickPlaceCounterToCabinet,17,2700375,0,learned_wam,4,-0.03617249887404383,0.7137877140235211,0.0
robocasa/PickPlaceCounterToCabinet,17,2700375,0,learned_wam,8,-0.029198342434225956,0.8417350175998441,0.0
robocasa/PickPlaceCounterToCabinet,17,2700375,0,learned_physics_score,1,-0.050273310391133544,0.45509537934215194,0.0
robocasa/PickPlaceCounterToCabinet,17,2700375,0,learned_physics_score,2,-0.0431474437773883,0.5858259453598333,0.0
robocasa/PickPlaceCounterToCabinet,17,2700375,0,learned_physics_score,4,-0.03617249887404383,0.7137877140235211,0.0
robocasa/PickPlaceCounterToCabinet,17,2700375,0,learned_physics_score,8,-0.029198342434225956,0.8417350175998441,0.0
robocasa/PickPlaceCounterToCabinet,17,2700375,0,learned_energy_regularized,1,-0.050273310391133544,0.45509537934215194,0.0
robocasa/PickPlaceCounterToCabinet,17,2700375,0,learned_energy_regularized,2,-0.04349827367911199,0.5793896486798201,0.0
robocasa/PickPlaceCounterToCabinet,17,2700375,0,learned_energy_regularized,4,-0.03684332500079334,0.7014807927740759,0.0
robocasa/PickPlaceCounterToCabinet,17,2700375,0,learned_energy_regularized,8,-0.029462705916064227,0.8368850267863116,0.0
robocasa/PickPlaceCounterToCabinet,17,2700375,0,predicted_progress,1,-0.050273310391133544,0.45509537934215194,0.0
robocasa/PickPlaceCounterToCabinet,17,2700375,0,predicted_progress,2,-0.04361475272370702,0.5772527336553746,0.0
robocasa/PickPlaceCounterToCabinet,17,2700375,0,predicted_progress,4,-0.03948205454787747,0.653070876344756,0.0
robocasa/PickPlaceCounterToCabinet,17,2700375,0,predicted_progress,8,-0.03905821182747948,0.6608466602239017,0.0
robocasa/PickPlaceCounterToCabinet,17,2700375,0,predicted_success,1,-0.050273310391133544,0.455095379342152,0.0
robocasa/PickPlaceCounterToCabinet,17,2700375,0,predicted_success,2,-0.050273310391133544,0.455095379342152,0.0
robocasa/PickPlaceCounterToCabinet,17,2700375,0,predicted_success,4,-0.050273310391133544,0.455095379342152,0.0
robocasa/PickPlaceCounterToCabinet,17,2700375,0,predicted_success,8,-0.050273310391133544,0.455095379342152,0.0
robocasa/PickPlaceCounterToCabinet,17,2700375,0,low_energy,1,-0.050273310391133544,0.455095379342152,0.0
robocasa/PickPlaceCounterToCabinet,17,2700375,0,low_energy,2,-0.04394114189146478,0.5712648246815094,0.0
robocasa/PickPlaceCounterToCabinet,17,2700375,0,low_energy,4,-0.03818492614828532,0.6768678878618106,0.0
robocasa/PickPlaceCounterToCabinet,17,2700375,0,low_energy,8,-0.031061351050921428,0.8075564139074001,0.0
robocasa/PickPlaceCounterToCabinet,17,2700375,0,distance_progress,1,-0.05027331039113354,0.455095379342152,0.0
robocasa/PickPlaceCounterToCabinet,17,2700375,0,distance_progress,2,-0.04572432726090421,0.5385506517538824,0.0
robocasa/PickPlaceCounterToCabinet,17,2700375,0,distance_progress,4,-0.04232233703145333,0.6009632862290855,0.0
robocasa/PickPlaceCounterToCabinet,17,2700375,0,distance_progress,8,-0.04230723742017142,0.601240302462553,0.0
robocasa/PickPlaceCounterToCabinet,17,2700375,0,oracle_real_utility,1,-0.050273310391133544,0.45509537934215194,0.0
robocasa/PickPlaceCounterToCabinet,17,2700375,0,oracle_real_utility,2,-0.04174341356054215,0.6115841688719285,0.0
robocasa/PickPlaceCounterToCabinet,17,2700375,0,oracle_real_utility,4,-0.03434322380060009,0.7473474448907883,0.0
robocasa/PickPlaceCounterToCabinet,17,2700375,0,oracle_real_utility,8,-0.02779303886744482,0.8675166018856895,0.0
robocasa/PickPlaceCounterToCabinet,17,2710382,1,random,1,-0.06157983737785397,0.4056541595624991,0.0
robocasa/PickPlaceCounterToCabinet,17,2710382,1,random,2,-0.06569355202833414,0.3102747728862556,0.0
robocasa/PickPlaceCounterToCabinet,17,2710382,1,random,4,-0.06912616281078063,0.23068726161106518,0.0
robocasa/PickPlaceCounterToCabinet,17,2710382,1,random,8,-0.07400819917176309,0.11749379210600977,0.0
robocasa/PickPlaceCounterToCabinet,17,2710382,1,learned_wam,1,-0.06157983737785397,0.4056541595624992,0.0
robocasa/PickPlaceCounterToCabinet,17,2710382,1,learned_wam,2,-0.05476565605188199,0.5636457780370709,0.0
robocasa/PickPlaceCounterToCabinet,17,2710382,1,learned_wam,4,-0.04781415399406172,0.7248212749024526,0.0
robocasa/PickPlaceCounterToCabinet,17,2710382,1,learned_wam,8,-0.043324386847787895,0.8289197049383719,0.0
robocasa/PickPlaceCounterToCabinet,17,2710382,1,learned_physics_score,1,-0.06157983737785397,0.4056541595624992,0.0
robocasa/PickPlaceCounterToCabinet,17,2710382,1,learned_physics_score,2,-0.05476565605188199,0.5636457780370709,0.0
robocasa/PickPlaceCounterToCabinet,17,2710382,1,learned_physics_score,4,-0.04781415399406172,0.7248212749024526,0.0
robocasa/PickPlaceCounterToCabinet,17,2710382,1,learned_physics_score,8,-0.043324386847787895,0.8289197049383719,0.0
robocasa/PickPlaceCounterToCabinet,17,2710382,1,learned_energy_regularized,1,-0.06157983737785396,0.4056541595624992,0.0
robocasa/PickPlaceCounterToCabinet,17,2710382,1,learned_energy_regularized,2,-0.054781559810295026,0.5632770381384232,0.0
robocasa/PickPlaceCounterToCabinet,17,2710382,1,learned_energy_regularized,4,-0.047824093843069876,0.7245908124657978,0.0
robocasa/PickPlaceCounterToCabinet,17,2710382,1,learned_energy_regularized,8,-0.04332527745437627,0.828899055594072,0.0
robocasa/PickPlaceCounterToCabinet,17,2710382,1,predicted_progress,1,-0.06157983737785397,0.4056541595624992,0.0
robocasa/PickPlaceCounterToCabinet,17,2710382,1,predicted_progress,2,-0.05928775511908777,0.4587977095233844,0.0
robocasa/PickPlaceCounterToCabinet,17,2710382,1,predicted_progress,4,-0.05802592583186077,0.4880541149213099,0.0
robocasa/PickPlaceCounterToCabinet,17,2710382,1,predicted_progress,8,-0.053568790338747244,0.5913959569755375,0.0
robocasa/PickPlaceCounterToCabinet,17,2710382,1,predicted_success,1,-0.06157983737785397,0.4056541595624991,0.0
robocasa/PickPlaceCounterToCabinet,17,2710382,1,predicted_success,2,-0.06157983737785397,0.4056541595624991,0.0
robocasa/PickPlaceCounterToCabinet,17,2710382,1,predicted_success,4,-0.06157983737785397,0.4056541595624991,0.0
robocasa/PickPlaceCounterToCabinet,17,2710382,1,predicted_success,8,-0.06157983737785397,0.4056541595624991,0.0
robocasa/PickPlaceCounterToCabinet,17,2710382,1,low_energy,1,-0.06157983737785396,0.4056541595624992,0.0
robocasa/PickPlaceCounterToCabinet,17,2710382,1,low_energy,2,-0.05435177995337469,0.5732417884047263,0.0
robocasa/PickPlaceCounterToCabinet,17,2710382,1,low_energy,4,-0.04678334271688636,0.7487213641768665,0.0
robocasa/PickPlaceCounterToCabinet,17,2710382,1,low_energy,8,-0.04040740205417843,0.8965520625998165,0.0
robocasa/PickPlaceCounterToCabinet,17,2710382,1,distance_progress,1,-0.06157983737785396,0.4056541595624992,0.0
robocasa/PickPlaceCounterToCabinet,17,2710382,1,distance_progress,2,-0.055276842721841274,0.5517935531745379,0.0
robocasa/PickPlaceCounterToCabinet,17,2710382,1,distance_progress,4,-0.051793459624632984,0.6325582565142163,0.0
robocasa/PickPlaceCounterToCabinet,17,2710382,1,distance_progress,8,-0.05206661476347712,0.6262249612266162,0.0
robocasa/PickPlaceCounterToCabinet,17,2710382,1,oracle_real_utility,1,-0.06157983737785396,0.4056541595624991,0.0
robocasa/PickPlaceCounterToCabinet,17,2710382,1,oracle_real_utility,2,-0.05332736455231726,0.5969935847630735,0.0
robocasa/PickPlaceCounterToCabinet,17,2710382,1,oracle_real_utility,4,-0.04563619127169489,0.7753188826154287,0.0
robocasa/PickPlaceCounterToCabinet,17,2710382,1,oracle_real_utility,8,-0.039910002937134176,0.9080846132864442,0.0
robocasa/PickPlaceCounterToDrawer,18,2800378,0,random,1,-0.05980399339992657,0.5259108415824354,0.0
robocasa/PickPlaceCounterToDrawer,18,2800378,0,random,2,-0.05746954263683645,0.5728921440391098,0.0
robocasa/PickPlaceCounterToDrawer,18,2800378,0,random,4,-0.05485790810930667,0.625451826849363,0.0
robocasa/PickPlaceCounterToDrawer,18,2800378,0,random,8,-0.05445997175647341,0.633460377916946,0.0
robocasa/PickPlaceCounterToDrawer,18,2800378,0,learned_wam,1,-0.05980399339992657,0.5259108415824354,0.0
robocasa/PickPlaceCounterToDrawer,18,2800378,0,learned_wam,2,-0.05153682924827792,0.6922892230024194,0.0
robocasa/PickPlaceCounterToDrawer,18,2800378,0,learned_wam,4,-0.04379045033633369,0.8481866942021606,0.0
robocasa/PickPlaceCounterToDrawer,18,2800378,0,learned_wam,8,-0.038612800838704046,0.952387956832687,0.0
robocasa/PickPlaceCounterToDrawer,18,2800378,0,learned_physics_score,1,-0.05980399339992657,0.5259108415824354,0.0
robocasa/PickPlaceCounterToDrawer,18,2800378,0,learned_physics_score,2,-0.05153682924827792,0.6922892230024194,0.0
robocasa/PickPlaceCounterToDrawer,18,2800378,0,learned_physics_score,4,-0.04379045033633369,0.8481866942021606,0.0
robocasa/PickPlaceCounterToDrawer,18,2800378,0,learned_physics_score,8,-0.038612800838704046,0.952387956832687,0.0
robocasa/PickPlaceCounterToDrawer,18,2800378,0,learned_energy_regularized,1,-0.05980399339992657,0.5259108415824354,0.0
robocasa/PickPlaceCounterToDrawer,18,2800378,0,learned_energy_regularized,2,-0.05581703521285014,0.6061491963298301,0.0
robocasa/PickPlaceCounterToDrawer,18,2800378,0,learned_energy_regularized,4,-0.04878648027619789,0.7476405625816073,0.0
robocasa/PickPlaceCounterToDrawer,18,2800378,0,learned_energy_regularized,8,-0.04095911819092496,0.9051678368254787,0.0
robocasa/PickPlaceCounterToDrawer,18,2800378,0,predicted_progress,1,-0.05980399339992657,0.5259108415824354,0.0
robocasa/PickPlaceCounterToDrawer,18,2800378,0,predicted_progress,2,-0.054895260112406565,0.6247001100932229,0.0
robocasa/PickPlaceCounterToDrawer,18,2800378,0,predicted_progress,4,-0.05596515932964131,0.6031681679688459,0.0
robocasa/PickPlaceCounterToDrawer,18,2800378,0,predicted_progress,8,-0.059474573282798864,0.53254048929349,0.0
robocasa/PickPlaceCounterToDrawer,18,2800378,0,predicted_success,1,-0.059803993399926564,0.5259108415824354,0.0
robocasa/PickPlaceCounterToDrawer,18,2800378,0,predicted_success,2,-0.059803993399926564,0.5259108415824354,0.0
robocasa/PickPlaceCounterToDrawer,18,2800378,0,predicted_success,4,-0.059803993399926564,0.5259108415824354,0.0
robocasa/PickPlaceCounterToDrawer,18,2800378,0,predicted_success,8,-0.059803993399926564,0.5259108415824354,0.0
robocasa/PickPlaceCounterToDrawer,18,2800378,0,low_energy,1,-0.05980399339992657,0.5259108415824354,0.0
robocasa/PickPlaceCounterToDrawer,18,2800378,0,low_energy,2,-0.05581703521285014,0.6061491963298301,0.0
robocasa/PickPlaceCounterToDrawer,18,2800378,0,low_energy,4,-0.04878648027619789,0.7476405625816073,0.0
robocasa/PickPlaceCounterToDrawer,18,2800378,0,low_energy,8,-0.04095911819092496,0.9051678368254787,0.0
robocasa/PickPlaceCounterToDrawer,18,2800378,0,distance_progress,1,-0.05980399339992657,0.5259108415824354,0.0
robocasa/PickPlaceCounterToDrawer,18,2800378,0,distance_progress,2,-0.05248140681841997,0.6732794048394989,0.0
robocasa/PickPlaceCounterToDrawer,18,2800378,0,distance_progress,4,-0.049828090647527135,0.7266779393080063,0.0
robocasa/PickPlaceCounterToDrawer,18,2800378,0,distance_progress,8,-0.05246242194828347,0.6736614792614941,0.0
robocasa/PickPlaceCounterToDrawer,18,2800378,0,oracle_real_utility,1,-0.05980399339992657,0.5259108415824354,0.0
robocasa/PickPlaceCounterToDrawer,18,2800378,0,oracle_real_utility,2,-0.05052288518519944,0.7126950561237754,0.0
robocasa/PickPlaceCounterToDrawer,18,2800378,0,oracle_real_utility,4,-0.04293554269711705,0.8653918865350211,0.0
robocasa/PickPlaceCounterToDrawer,18,2800378,0,oracle_real_utility,8,-0.038435670858433385,0.9559527341708156,0.0
robocasa/PickPlaceCounterToDrawer,18,2810385,1,random,1,-0.045201616403492205,0.6029592212181373,0.0
robocasa/PickPlaceCounterToDrawer,18,2810385,1,random,2,-0.04208514343525064,0.6719458263202182,0.0
robocasa/PickPlaceCounterToDrawer,18,2810385,1,random,4,-0.041581839384439885,0.6830870228437838,0.0
robocasa/PickPlaceCounterToDrawer,18,2810385,1,random,8,-0.041548284965477335,0.6838297873323541,0.0
robocasa/PickPlaceCounterToDrawer,18,2810385,1,learned_wam,1,-0.04520161640349221,0.6029592212181372,0.0
robocasa/PickPlaceCounterToDrawer,18,2810385,1,learned_wam,2,-0.037356968591986485,0.7766092500334362,0.0
robocasa/PickPlaceCounterToDrawer,18,2810385,1,learned_wam,4,-0.03300615995023527,0.8729192519817497,0.0
robocasa/PickPlaceCounterToDrawer,18,2810385,1,learned_wam,8,-0.031255128179573176,0.9116802932341056,0.0
robocasa/PickPlaceCounterToDrawer,18,2810385,1,learned_physics_score,1,-0.04520161640349221,0.6029592212181372,0.0
robocasa/PickPlaceCounterToDrawer,18,2810385,1,learned_physics_score,2,-0.037356968591986485,0.7766092500334362,0.0
robocasa/PickPlaceCounterToDrawer,18,2810385,1,learned_physics_score,4,-0.03300615995023527,0.8729192519817497,0.0
robocasa/PickPlaceCounterToDrawer,18,2810385,1,learned_physics_score,8,-0.031255128179573176,0.9116802932341056,0.0
robocasa/PickPlaceCounterToDrawer,18,2810385,1,learned_energy_regularized,1,-0.04520161640349221,0.6029592212181372,0.0
robocasa/PickPlaceCounterToDrawer,18,2810385,1,learned_energy_regularized,2,-0.03832119759581258,0.7552649655834235,0.0
robocasa/PickPlaceCounterToDrawer,18,2810385,1,learned_energy_regularized,4,-0.0335671194760307,0.8605017872135137,0.0
robocasa/PickPlaceCounterToDrawer,18,2810385,1,learned_energy_regularized,8,-0.03130121750313583,0.9106600546514387,0.0
robocasa/PickPlaceCounterToDrawer,18,2810385,1,predicted_progress,1,-0.04520161640349221,0.6029592212181372,0.0
robocasa/PickPlaceCounterToDrawer,18,2810385,1,predicted_progress,2,-0.03791890364378209,0.764170190909136,0.0
robocasa/PickPlaceCounterToDrawer,18,2810385,1,predicted_progress,4,-0.031911993267908945,0.8971398518710184,0.0
robocasa/PickPlaceCounterToDrawer,18,2810385,1,predicted_progress,8,-0.028789546509679707,0.9662586934773276,0.0
robocasa/PickPlaceCounterToDrawer,18,2810385,1,predicted_success,1,-0.04520161640349221,0.6029592212181372,0.0
robocasa/PickPlaceCounterToDrawer,18,2810385,1,predicted_success,2,-0.04520161640349221,0.6029592212181372,0.0
robocasa/PickPlaceCounterToDrawer,18,2810385,1,predicted_success,4,-0.04520161640349221,0.6029592212181372,0.0
robocasa/PickPlaceCounterToDrawer,18,2810385,1,predicted_success,8,-0.04520161640349221,0.6029592212181372,0.0
robocasa/PickPlaceCounterToDrawer,18,2810385,1,low_energy,1,-0.04520161640349221,0.6029592212181372,0.0
robocasa/PickPlaceCounterToDrawer,18,2810385,1,low_energy,2,-0.03950058980896585,0.7291578035132255,0.0
robocasa/PickPlaceCounterToDrawer,18,2810385,1,low_energy,4,-0.03490929068691597,0.8307913304733843,0.0
robocasa/PickPlaceCounterToDrawer,18,2810385,1,low_energy,8,-0.03162356928758698,0.9035244383683845,0.0
robocasa/PickPlaceCounterToDrawer,18,2810385,1,distance_progress,1,-0.04520161640349221,0.6029592212181372,0.0
robocasa/PickPlaceCounterToDrawer,18,2810385,1,distance_progress,2,-0.041227551755819304,0.6909295746570895,0.0
robocasa/PickPlaceCounterToDrawer,18,2810385,1,distance_progress,4,-0.0371275425893849,0.7816878504907201,0.0
robocasa/PickPlaceCounterToDrawer,18,2810385,1,distance_progress,8,-0.032020301096871304,0.8947423372760801,0.0
robocasa/PickPlaceCounterToDrawer,18,2810385,1,oracle_real_utility,1,-0.04520161640349221,0.6029592212181372,0.0
robocasa/PickPlaceCounterToDrawer,18,2810385,1,oracle_real_utility,2,-0.036978132302772374,0.7849952138292646,0.0
robocasa/PickPlaceCounterToDrawer,18,2810385,1,oracle_real_utility,4,-0.03165179027169899,0.9028997354088637,0.0
robocasa/PickPlaceCounterToDrawer,18,2810385,1,oracle_real_utility,8,-0.02878290756188026,0.9664056539916015,0.0
robocasa/PickPlaceCounterToMicrowave,19,2900381,0,random,1,-0.05847462320062281,0.3602843432382566,0.0
robocasa/PickPlaceCounterToMicrowave,19,2900381,0,random,2,-0.059179659218129135,0.33768680376679766,0.0
robocasa/PickPlaceCounterToMicrowave,19,2900381,0,random,4,-0.05885604403918002,0.3480591912736534,0.0
robocasa/PickPlaceCounterToMicrowave,19,2900381,0,random,8,-0.06018217903246963,0.3055544296568812,0.0
robocasa/PickPlaceCounterToMicrowave,19,2900381,0,learned_wam,1,-0.0584746232006228,0.3602843432382566,0.0
robocasa/PickPlaceCounterToMicrowave,19,2900381,0,learned_wam,2,-0.05397760162400563,0.5044211249888377,0.0
robocasa/PickPlaceCounterToMicrowave,19,2900381,0,learned_wam,4,-0.04790138433784634,0.6991736717406958,0.0
robocasa/PickPlaceCounterToMicrowave,19,2900381,0,learned_wam,8,-0.041769034474721106,0.8957253579579516,0.0
robocasa/PickPlaceCounterToMicrowave,19,2900381,0,learned_physics_score,1,-0.0584746232006228,0.3602843432382566,0.0
robocasa/PickPlaceCounterToMicrowave,19,2900381,0,learned_physics_score,2,-0.05397760162400563,0.5044211249888377,0.0
robocasa/PickPlaceCounterToMicrowave,19,2900381,0,learned_physics_score,4,-0.04790138433784634,0.6991736717406958,0.0
robocasa/PickPlaceCounterToMicrowave,19,2900381,0,learned_physics_score,8,-0.041769034474721106,0.8957253579579516,0.0
robocasa/PickPlaceCounterToMicrowave,19,2900381,0,learned_energy_regularized,1,-0.0584746232006228,0.3602843432382566,0.0
robocasa/PickPlaceCounterToMicrowave,19,2900381,0,learned_energy_regularized,2,-0.05403611651442364,0.5025456285417687,0.0
robocasa/PickPlaceCounterToMicrowave,19,2900381,0,learned_energy_regularized,4,-0.047924241716915866,0.6984410559410594,0.0
robocasa/PickPlaceCounterToMicrowave,19,2900381,0,learned_energy_regularized,8,-0.04176970970491335,0.8957037157431674,0.0
robocasa/PickPlaceCounterToMicrowave,19,2900381,0,predicted_progress,1,-0.0584746232006228,0.3602843432382566,0.0
robocasa/PickPlaceCounterToMicrowave,19,2900381,0,predicted_progress,2,-0.054613944748941774,0.48402530332004357,0.0
robocasa/PickPlaceCounterToMicrowave,19,2900381,0,predicted_progress,4,-0.052089393412704035,0.5649412381826825,0.0
robocasa/PickPlaceCounterToMicrowave,19,2900381,0,predicted_progress,8,-0.054235503414538117,0.49615495737951376,0.0
robocasa/PickPlaceCounterToMicrowave,19,2900381,0,predicted_success,1,-0.0584746232006228,0.36028434323825653,0.0
robocasa/PickPlaceCounterToMicrowave,19,2900381,0,predicted_success,2,-0.0584746232006228,0.36028434323825653,0.0
robocasa/PickPlaceCounterToMicrowave,19,2900381,0,predicted_success,4,-0.0584746232006228,0.36028434323825653,0.0
robocasa/PickPlaceCounterToMicrowave,19,2900381,0,predicted_success,8,-0.0584746232006228,0.36028434323825653,0.0
robocasa/PickPlaceCounterToMicrowave,19,2900381,0,low_energy,1,-0.0584746232006228,0.3602843432382566,0.0
robocasa/PickPlaceCounterToMicrowave,19,2900381,0,low_energy,2,-0.05407195440057138,0.5013969665916149,0.0
robocasa/PickPlaceCounterToMicrowave,19,2900381,0,low_energy,4,-0.0479550399003241,0.6974539245776461,0.0
robocasa/PickPlaceCounterToMicrowave,19,2900381,0,low_energy,8,-0.04177330998083689,0.8955883211033615,0.0
robocasa/PickPlaceCounterToMicrowave,19,2900381,0,distance_progress,1,-0.05847462320062281,0.3602843432382566,0.0
robocasa/PickPlaceCounterToMicrowave,19,2900381,0,distance_progress,2,-0.05765467223031227,0.38656509196055433,0.0
robocasa/PickPlaceCounterToMicrowave,19,2900381,0,distance_progress,4,-0.06088949297821912,0.28288387891775674,0.0
robocasa/PickPlaceCounterToMicrowave,19,2900381,0,distance_progress,8,-0.06485122435331478,0.15590400994498166,0.0
robocasa/PickPlaceCounterToMicrowave,19,2900381,0,oracle_real_utility,1,-0.05847462320062281,0.36028434323825653,0.0
robocasa/PickPlaceCounterToMicrowave,19,2900381,0,oracle_real_utility,2,-0.05251588768852555,0.5512714099853712,0.0
robocasa/PickPlaceCounterToMicrowave,19,2900381,0,oracle_real_utility,4,-0.046071994470662514,0.7578085623078326,0.0
robocasa/PickPlaceCounterToMicrowave,19,2900381,0,oracle_real_utility,8,-0.04097366218800799,0.9212183202991879,0.0
robocasa/PickPlaceCounterToMicrowave,19,2910388,1,random,1,-0.047050305855816335,0.5021902330699759,0.0
robocasa/PickPlaceCounterToMicrowave,19,2910388,1,random,2,-0.04863733236670738,0.47590304504156866,0.0
robocasa/PickPlaceCounterToMicrowave,19,2910388,1,random,4,-0.051822537271872485,0.423143951430669,0.0
robocasa/PickPlaceCounterToMicrowave,19,2910388,1,random,8,-0.05957611761785159,0.29471520556574987,0.0
robocasa/PickPlaceCounterToMicrowave,19,2910388,1,learned_wam,1,-0.047050305855816335,0.5021902330699759,0.0
robocasa/PickPlaceCounterToMicrowave,19,2910388,1,learned_wam,2,-0.03961293903865763,0.6253812816234865,0.0
robocasa/PickPlaceCounterToMicrowave,19,2910388,1,learned_wam,4,-0.0328329944391822,0.7376829207489279,0.0
robocasa/PickPlaceCounterToMicrowave,19,2910388,1,learned_wam,8,-0.025683040244493867,0.8561133244129122,0.0
robocasa/PickPlaceCounterToMicrowave,19,2910388,1,learned_physics_score,1,-0.047050305855816335,0.5021902330699759,0.0
robocasa/PickPlaceCounterToMicrowave,19,2910388,1,learned_physics_score,2,-0.03961293903865763,0.6253812816234865,0.0
robocasa/PickPlaceCounterToMicrowave,19,2910388,1,learned_physics_score,4,-0.0328329944391822,0.7376829207489279,0.0
robocasa/PickPlaceCounterToMicrowave,19,2910388,1,learned_physics_score,8,-0.025683040244493867,0.8561133244129122,0.0
robocasa/PickPlaceCounterToMicrowave,19,2910388,1,learned_energy_regularized,1,-0.047050305855816335,0.5021902330699759,0.0
robocasa/PickPlaceCounterToMicrowave,19,2910388,1,learned_energy_regularized,2,-0.039622230763423825,0.6252273753627147,0.0
robocasa/PickPlaceCounterToMicrowave,19,2910388,1,learned_energy_regularized,4,-0.03285099715591669,0.7373847273686825,0.0
robocasa/PickPlaceCounterToMicrowave,19,2910388,1,learned_energy_regularized,8,-0.025693939759769833,0.8559327870334094,0.0
robocasa/PickPlaceCounterToMicrowave,19,2910388,1,predicted_progress,1,-0.047050305855816335,0.5021902330699759,0.0
robocasa/PickPlaceCounterToMicrowave,19,2910388,1,predicted_progress,2,-0.043483872985419315,0.5612639100447739,0.0
robocasa/PickPlaceCounterToMicrowave,19,2910388,1,predicted_progress,4,-0.04136460181271533,0.5963670916348371,0.0
robocasa/PickPlaceCounterToMicrowave,19,2910388,1,predicted_progress,8,-0.042531739875311905,0.5770348514384456,0.0
robocasa/PickPlaceCounterToMicrowave,19,2910388,1,predicted_success,1,-0.047050305855816335,0.5021902330699759,0.0
robocasa/PickPlaceCounterToMicrowave,19,2910388,1,predicted_success,2,-0.047050305855816335,0.5021902330699759,0.0
robocasa/PickPlaceCounterToMicrowave,19,2910388,1,predicted_success,4,-0.047050305855816335,0.5021902330699759,0.0
robocasa/PickPlaceCounterToMicrowave,19,2910388,1,predicted_success,8,-0.047050305855816335,0.5021902330699759,0.0
robocasa/PickPlaceCounterToMicrowave,19,2910388,1,low_energy,1,-0.047050305855816335,0.5021902330699759,0.0
robocasa/PickPlaceCounterToMicrowave,19,2910388,1,low_energy,2,-0.039622230763423825,0.6252273753627147,0.0
robocasa/PickPlaceCounterToMicrowave,19,2910388,1,low_energy,4,-0.03285099715591669,0.7373847273686825,0.0
robocasa/PickPlaceCounterToMicrowave,19,2910388,1,low_energy,8,-0.025693939759769833,0.8559327870334094,0.0
robocasa/PickPlaceCounterToMicrowave,19,2910388,1,distance_progress,1,-0.047050305855816335,0.5021902330699759,0.0
robocasa/PickPlaceCounterToMicrowave,19,2910388,1,distance_progress,2,-0.043724361477535084,0.5572805070155669,0.0
robocasa/PickPlaceCounterToMicrowave,19,2910388,1,distance_progress,4,-0.03984102509131381,0.6216033101077719,0.0
robocasa/PickPlaceCounterToMicrowave,19,2910388,1,distance_progress,8,-0.03842664974106118,0.6450307390257429,0.0
robocasa/PickPlaceCounterToMicrowave,19,2910388,1,oracle_real_utility,1,-0.047050305855816335,0.5021902330699759,0.0
robocasa/PickPlaceCounterToMicrowave,19,2910388,1,oracle_real_utility,2,-0.03878019811009269,0.6391746349278661,0.0
robocasa/PickPlaceCounterToMicrowave,19,2910388,1,oracle_real_utility,4,-0.03217000243333339,0.7486645870282728,0.0
robocasa/PickPlaceCounterToMicrowave,19,2910388,1,oracle_real_utility,8,-0.02554749067182674,0.8583585402800816,0.0
robocasa/PickPlaceCounterToSink,20,3000384,0,random,1,-0.05708844768274445,0.4352623905299924,0.0
robocasa/PickPlaceCounterToSink,20,3000384,0,random,2,-0.05597503793374567,0.45943461183945344,0.0
robocasa/PickPlaceCounterToSink,20,3000384,0,random,4,-0.05557219071174348,0.4681804596397761,0.0
robocasa/PickPlaceCounterToSink,20,3000384,0,random,8,-0.052564500033661074,0.5334776826669573,0.0
robocasa/PickPlaceCounterToSink,20,3000384,0,learned_wam,1,-0.05708844768274446,0.4352623905299923,0.0
robocasa/PickPlaceCounterToSink,20,3000384,0,learned_wam,2,-0.053434846045159835,0.514582395981464,0.0
robocasa/PickPlaceCounterToSink,20,3000384,0,learned_wam,4,-0.04829340146478962,0.6262035995489696,0.0
robocasa/PickPlaceCounterToSink,20,3000384,0,learned_wam,8,-0.046012839488219694,0.6757147959949878,0.0
robocasa/PickPlaceCounterToSink,20,3000384,0,learned_physics_score,1,-0.05708844768274446,0.4352623905299923,0.0
robocasa/PickPlaceCounterToSink,20,3000384,0,learned_physics_score,2,-0.053434846045159835,0.514582395981464,0.0
robocasa/PickPlaceCounterToSink,20,3000384,0,learned_physics_score,4,-0.04829340146478962,0.6262035995489696,0.0
robocasa/PickPlaceCounterToSink,20,3000384,0,learned_physics_score,8,-0.046012839488219694,0.6757147959949878,0.0
robocasa/PickPlaceCounterToSink,20,3000384,0,learned_energy_regularized,1,-0.05708844768274446,0.4352623905299923,0.0
robocasa/PickPlaceCounterToSink,20,3000384,0,learned_energy_regularized,2,-0.05251191359131301,0.5346193388483024,0.0
robocasa/PickPlaceCounterToSink,20,3000384,0,learned_energy_regularized,4,-0.045835670451395805,0.679561151005928,0.0
robocasa/PickPlaceCounterToSink,20,3000384,0,learned_energy_regularized,8,-0.042819031831297594,0.7450526346230355,0.0
robocasa/PickPlaceCounterToSink,20,3000384,0,predicted_progress,1,-0.05708844768274445,0.4352623905299924,0.0
robocasa/PickPlaceCounterToSink,20,3000384,0,predicted_progress,2,-0.05505123618280354,0.4794904272209168,0.0
robocasa/PickPlaceCounterToSink,20,3000384,0,predicted_progress,4,-0.053416993405269966,0.5149699783272843,0.0
robocasa/PickPlaceCounterToSink,20,3000384,0,predicted_progress,8,-0.051806426343367476,0.5499355276131996,0.0
robocasa/PickPlaceCounterToSink,20,3000384,0,predicted_success,1,-0.05708844768274446,0.43526239052999227,0.0
robocasa/PickPlaceCounterToSink,20,3000384,0,predicted_success,2,-0.05708844768274446,0.43526239052999227,0.0
robocasa/PickPlaceCounterToSink,20,3000384,0,predicted_success,4,-0.05708844768274446,0.43526239052999227,0.0
robocasa/PickPlaceCounterToSink,20,3000384,0,predicted_success,8,-0.05708844768274446,0.43526239052999227,0.0
robocasa/PickPlaceCounterToSink,20,3000384,0,low_energy,1,-0.05708844768274445,0.4352623905299923,0.0
robocasa/PickPlaceCounterToSink,20,3000384,0,low_energy,2,-0.05384104649033032,0.5057637494180655,0.0
robocasa/PickPlaceCounterToSink,20,3000384,0,low_energy,4,-0.04825975840470746,0.6269339932737998,0.0
robocasa/PickPlaceCounterToSink,20,3000384,0,low_energy,8,-0.04413979567909613,0.7163787380137858,0.0
robocasa/PickPlaceCounterToSink,20,3000384,0,distance_progress,1,-0.05708844768274445,0.4352623905299923,0.0
robocasa/PickPlaceCounterToSink,20,3000384,0,distance_progress,2,-0.050126929679498625,0.5863975444798978,0.0
robocasa/PickPlaceCounterToSink,20,3000384,0,distance_progress,4,-0.0447491813614144,0.7031489224952312,0.0
robocasa/PickPlaceCounterToSink,20,3000384,0,distance_progress,8,-0.03915721776723899,0.8245509325588288,0.0
robocasa/PickPlaceCounterToSink,20,3000384,0,oracle_real_utility,1,-0.05708844768274445,0.4352623905299923,0.0
robocasa/PickPlaceCounterToSink,20,3000384,0,oracle_real_utility,2,-0.048847901725383086,0.6141653512515464,0.0
robocasa/PickPlaceCounterToSink,20,3000384,0,oracle_real_utility,4,-0.041901233564025316,0.7649781138582363,0.0
robocasa/PickPlaceCounterToSink,20,3000384,0,oracle_real_utility,8,-0.03654874387236263,0.8811811249238612,0.0
robocasa/PickPlaceCounterToSink,20,3010391,1,random,1,-0.06268526079467564,0.5665402548466961,0.0
robocasa/PickPlaceCounterToSink,20,3010391,1,random,2,-0.06113307025329373,0.6118268141418595,0.0
robocasa/PickPlaceCounterToSink,20,3010391,1,random,4,-0.062157285020427014,0.5819444243538965,0.0
robocasa/PickPlaceCounterToSink,20,3010391,1,random,8,-0.06426811128451775,0.5203591638964867,0.0
robocasa/PickPlaceCounterToSink,20,3010391,1,learned_wam,1,-0.06268526079467562,0.5665402548466962,0.0
robocasa/PickPlaceCounterToSink,20,3010391,1,learned_wam,2,-0.056130492369181065,0.7577815367984251,0.0
robocasa/PickPlaceCounterToSink,20,3010391,1,learned_wam,4,-0.05120150198272996,0.9015892778265195,0.0
robocasa/PickPlaceCounterToSink,20,3010391,1,learned_wam,8,-0.04889079783192722,0.9690061559410741,0.0
robocasa/PickPlaceCounterToSink,20,3010391,1,learned_physics_score,1,-0.06268526079467562,0.5665402548466962,0.0
robocasa/PickPlaceCounterToSink,20,3010391,1,learned_physics_score,2,-0.056130492369181065,0.7577815367984251,0.0
robocasa/PickPlaceCounterToSink,20,3010391,1,learned_physics_score,4,-0.05120150198272996,0.9015892778265195,0.0
robocasa/PickPlaceCounterToSink,20,3010391,1,learned_physics_score,8,-0.04889079783192722,0.9690061559410741,0.0
robocasa/PickPlaceCounterToSink,20,3010391,1,learned_energy_regularized,1,-0.06268526079467562,0.5665402548466962,0.0
robocasa/PickPlaceCounterToSink,20,3010391,1,learned_energy_regularized,2,-0.05648752022694167,0.7473649269689989,0.0
robocasa/PickPlaceCounterToSink,20,3010391,1,learned_energy_regularized,4,-0.05124055190467254,0.9004499611264261,0.0
robocasa/PickPlaceCounterToSink,20,3010391,1,learned_energy_regularized,8,-0.0488909707999827,0.9690011094420189,0.0
robocasa/PickPlaceCounterToSink,20,3010391,1,predicted_progress,1,-0.06268526079467564,0.5665402548466961,0.0
robocasa/PickPlaceCounterToSink,20,3010391,1,predicted_progress,2,-0.05628510492937693,0.7532705758768016,0.0
robocasa/PickPlaceCounterToSink,20,3010391,1,predicted_progress,4,-0.052206210746064526,0.8722759932959927,0.0
robocasa/PickPlaceCounterToSink,20,3010391,1,predicted_progress,8,-0.051136666789046464,0.9034809030908684,0.0
robocasa/PickPlaceCounterToSink,20,3010391,1,predicted_success,1,-0.06268526079467564,0.5665402548466961,0.0
robocasa/PickPlaceCounterToSink,20,3010391,1,predicted_success,2,-0.06268526079467564,0.5665402548466961,0.0
robocasa/PickPlaceCounterToSink,20,3010391,1,predicted_success,4,-0.06268526079467564,0.5665402548466961,0.0
robocasa/PickPlaceCounterToSink,20,3010391,1,predicted_success,8,-0.06268526079467564,0.5665402548466961,0.0
robocasa/PickPlaceCounterToSink,20,3010391,1,low_energy,1,-0.06268526079467565,0.5665402548466962,0.0
robocasa/PickPlaceCounterToSink,20,3010391,1,low_energy,2,-0.0589093873334446,0.67670476934041,0.0
robocasa/PickPlaceCounterToSink,20,3010391,1,low_energy,4,-0.05344733950732175,0.8360649420486581,0.0
robocasa/PickPlaceCounterToSink,20,3010391,1,low_energy,8,-0.049409929947376585,0.9538600081573163,0.0
robocasa/PickPlaceCounterToSink,20,3010391,1,distance_progress,1,-0.06268526079467565,0.5665402548466961,0.0
robocasa/PickPlaceCounterToSink,20,3010391,1,distance_progress,2,-0.05665893959450421,0.7423636122808238,0.0
robocasa/PickPlaceCounterToSink,20,3010391,1,distance_progress,4,-0.05315555916689006,0.8445778966994182,0.0
robocasa/PickPlaceCounterToSink,20,3010391,1,distance_progress,8,-0.05149517853298953,0.8930209995434369,0.0
robocasa/PickPlaceCounterToSink,20,3010391,1,oracle_real_utility,1,-0.06268526079467564,0.5665402548466962,0.0
robocasa/PickPlaceCounterToSink,20,3010391,1,oracle_real_utility,2,-0.05546792075000244,0.77711266150204,0.0
robocasa/PickPlaceCounterToSink,20,3010391,1,oracle_real_utility,4,-0.0506768080659397,0.9168976961817683,0.0
robocasa/PickPlaceCounterToSink,20,3010391,1,oracle_real_utility,8,-0.04875416617861408,0.9729925076835946,0.0
robocasa/PickPlaceCounterToStove,21,3100387,0,random,1,-0.051265379479868055,0.5116992305967369,0.0
robocasa/PickPlaceCounterToStove,21,3100387,0,random,2,-0.05129112462043141,0.511212563398034,0.0
robocasa/PickPlaceCounterToStove,21,3100387,0,random,4,-0.053233632960383026,0.47449281467749826,0.0
robocasa/PickPlaceCounterToStove,21,3100387,0,random,8,-0.05344346248030432,0.47052635178660923,0.0
robocasa/PickPlaceCounterToStove,21,3100387,0,learned_wam,1,-0.051265379479868055,0.5116992305967369,0.0
robocasa/PickPlaceCounterToStove,21,3100387,0,learned_wam,2,-0.04344823432909898,0.6594687921191056,0.0
robocasa/PickPlaceCounterToStove,21,3100387,0,learned_wam,4,-0.036910722568102496,0.7830491053584901,0.0
robocasa/PickPlaceCounterToStove,21,3100387,0,learned_wam,8,-0.03138691453255156,0.8874671090675289,0.0
robocasa/PickPlaceCounterToStove,21,3100387,0,learned_physics_score,1,-0.051265379479868055,0.5116992305967369,0.0
robocasa/PickPlaceCounterToStove,21,3100387,0,learned_physics_score,2,-0.04344823432909898,0.6594687921191056,0.0
robocasa/PickPlaceCounterToStove,21,3100387,0,learned_physics_score,4,-0.036910722568102496,0.7830491053584901,0.0
robocasa/PickPlaceCounterToStove,21,3100387,0,learned_physics_score,8,-0.03138691453255156,0.8874671090675289,0.0
robocasa/PickPlaceCounterToStove,21,3100387,0,learned_energy_regularized,1,-0.051265379479868055,0.5116992305967369,0.0
robocasa/PickPlaceCounterToStove,21,3100387,0,learned_energy_regularized,2,-0.043980545199929715,0.6494063789926832,0.0
robocasa/PickPlaceCounterToStove,21,3100387,0,learned_energy_regularized,4,-0.03736817722272266,0.774401719077971,0.0
robocasa/PickPlaceCounterToStove,21,3100387,0,learned_energy_regularized,8,-0.03144039051057634,0.8864562385166701,0.0
robocasa/PickPlaceCounterToStove,21,3100387,0,predicted_progress,1,-0.051265379479868055,0.5116992305967369,0.0
robocasa/PickPlaceCounterToStove,21,3100387,0,predicted_progress,2,-0.04377907936370319,0.653214740959456,0.0
robocasa/PickPlaceCounterToStove,21,3100387,0,predicted_progress,4,-0.038210274397599026,0.7584833335432641,0.0
robocasa/PickPlaceCounterToStove,21,3100387,0,predicted_progress,8,-0.032833829123342324,0.8601157000150266,0.0
robocasa/PickPlaceCounterToStove,21,3100387,0,predicted_success,1,-0.05126537947986805,0.5116992305967369,0.0
robocasa/PickPlaceCounterToStove,21,3100387,0,predicted_success,2,-0.05126537947986805,0.5116992305967369,0.0
robocasa/PickPlaceCounterToStove,21,3100387,0,predicted_success,4,-0.05126537947986805,0.5116992305967369,0.0
robocasa/PickPlaceCounterToStove,21,3100387,0,predicted_success,8,-0.05126537947986805,0.5116992305967369,0.0
robocasa/PickPlaceCounterToStove,21,3100387,0,low_energy,1,-0.051265379479868055,0.5116992305967369,0.0
robocasa/PickPlaceCounterToStove,21,3100387,0,low_energy,2,-0.043980545199929715,0.6494063789926832,0.0
robocasa/PickPlaceCounterToStove,21,3100387,0,low_energy,4,-0.03736817722272266,0.774401719077971,0.0
robocasa/PickPlaceCounterToStove,21,3100387,0,low_energy,8,-0.03144039051057634,0.8864562385166701,0.0
robocasa/PickPlaceCounterToStove,21,3100387,0,distance_progress,1,-0.051265379479868055,0.5116992305967369,0.0
robocasa/PickPlaceCounterToStove,21,3100387,0,distance_progress,2,-0.04429380675149244,0.6434847130617792,0.0
robocasa/PickPlaceCounterToStove,21,3100387,0,distance_progress,4,-0.03861665384979722,0.7508014353176543,0.0
robocasa/PickPlaceCounterToStove,21,3100387,0,distance_progress,8,-0.032710765375633485,0.8624420065741987,0.0
robocasa/PickPlaceCounterToStove,21,3100387,0,oracle_real_utility,1,-0.051265379479868055,0.5116992305967369,0.0
robocasa/PickPlaceCounterToStove,21,3100387,0,oracle_real_utility,2,-0.0428440850997566,0.6708891847294715,0.0
robocasa/PickPlaceCounterToStove,21,3100387,0,oracle_real_utility,4,-0.036418238583207294,0.7923586603304346,0.0
robocasa/PickPlaceCounterToStove,21,3100387,0,oracle_real_utility,8,-0.03114192744529399,0.8920981647489156,0.0
robocasa/PickPlaceCounterToStove,21,3110394,1,random,1,-0.07007426962207815,0.7192747956269989,0.0
robocasa/PickPlaceCounterToStove,21,3110394,1,random,2,-0.07172660197285421,0.6883660605503807,0.0
robocasa/PickPlaceCounterToStove,21,3110394,1,random,4,-0.0707615578390818,0.7064182965027941,0.0
robocasa/PickPlaceCounterToStove,21,3110394,1,random,8,-0.07103336053850555,0.7013339213008851,0.0
robocasa/PickPlaceCounterToStove,21,3110394,1,learned_wam,1,-0.07007426962207815,0.7192747956269988,0.0
robocasa/PickPlaceCounterToStove,21,3110394,1,learned_wam,2,-0.06354432575251945,0.8414247402398831,0.0
robocasa/PickPlaceCounterToStove,21,3110394,1,learned_wam,4,-0.05945489792591861,0.9179220873068864,0.0
robocasa/PickPlaceCounterToStove,21,3110394,1,learned_wam,8,-0.056426711472264385,0.9745677208651956,0.0
robocasa/PickPlaceCounterToStove,21,3110394,1,learned_physics_score,1,-0.07007426962207815,0.7192747956269988,0.0
robocasa/PickPlaceCounterToStove,21,3110394,1,learned_physics_score,2,-0.06354432575251945,0.8414247402398831,0.0
robocasa/PickPlaceCounterToStove,21,3110394,1,learned_physics_score,4,-0.05945489792591861,0.9179220873068864,0.0
robocasa/PickPlaceCounterToStove,21,3110394,1,learned_physics_score,8,-0.056426711472264385,0.9745677208651956,0.0
robocasa/PickPlaceCounterToStove,21,3110394,1,learned_energy_regularized,1,-0.07007426962207813,0.7192747956269988,0.0
robocasa/PickPlaceCounterToStove,21,3110394,1,learned_energy_regularized,2,-0.06397515210518434,0.8333656487427697,0.0
robocasa/PickPlaceCounterToStove,21,3110394,1,learned_energy_regularized,4,-0.06033843674638785,0.9013944999126406,0.0
robocasa/PickPlaceCounterToStove,21,3110394,1,learned_energy_regularized,8,-0.057114112427766824,0.9617091128405694,0.0
robocasa/PickPlaceCounterToStove,21,3110394,1,predicted_progress,1,-0.07007426962207813,0.7192747956269988,0.0
robocasa/PickPlaceCounterToStove,21,3110394,1,predicted_progress,2,-0.06534477293432112,0.8077453506572647,0.0
robocasa/PickPlaceCounterToStove,21,3110394,1,predicted_progress,4,-0.060720833915964806,0.8942413307557507,0.0
robocasa/PickPlaceCounterToStove,21,3110394,1,predicted_progress,8,-0.058333145242919104,0.9389057329300154,0.0
robocasa/PickPlaceCounterToStove,21,3110394,1,predicted_success,1,-0.07007426962207813,0.7192747956269988,0.0
robocasa/PickPlaceCounterToStove,21,3110394,1,predicted_success,2,-0.07007426962207813,0.7192747956269988,0.0
robocasa/PickPlaceCounterToStove,21,3110394,1,predicted_success,4,-0.07007426962207813,0.7192747956269988,0.0
robocasa/PickPlaceCounterToStove,21,3110394,1,predicted_success,8,-0.07007426962207813,0.7192747956269988,0.0
robocasa/PickPlaceCounterToStove,21,3110394,1,low_energy,1,-0.07007426962207813,0.7192747956269988,0.0
robocasa/PickPlaceCounterToStove,21,3110394,1,low_energy,2,-0.06414419043207917,0.8302035967129026,0.0
robocasa/PickPlaceCounterToStove,21,3110394,1,low_energy,4,-0.06050384850375294,0.8983002869447991,0.0
robocasa/PickPlaceCounterToStove,21,3110394,1,low_energy,8,-0.05714359086173186,0.9611576855774823,0.0
robocasa/PickPlaceCounterToStove,21,3110394,1,distance_progress,1,-0.07007426962207813,0.7192747956269989,0.0
robocasa/PickPlaceCounterToStove,21,3110394,1,distance_progress,2,-0.06417038440400576,0.8297136090064323,0.0
robocasa/PickPlaceCounterToStove,21,3110394,1,distance_progress,4,-0.06248154462722146,0.8613052565481407,0.0
robocasa/PickPlaceCounterToStove,21,3110394,1,distance_progress,8,-0.06178370342462841,0.8743591611372303,0.0
robocasa/PickPlaceCounterToStove,21,3110394,1,oracle_real_utility,1,-0.07007426962207813,0.7192747956269988,0.0
robocasa/PickPlaceCounterToStove,21,3110394,1,oracle_real_utility,2,-0.062215422355659945,0.8662833729578445,0.0
robocasa/PickPlaceCounterToStove,21,3110394,1,oracle_real_utility,4,-0.05803911184549693,0.9444059583418895,0.0
robocasa/PickPlaceCounterToStove,21,3110394,1,oracle_real_utility,8,-0.05586363213494227,0.9851007531914298,0.0
robocasa/PickPlaceCounterToOven,22,3200390,0,random,1,-0.04732668539700105,0.5663746163092551,0.0
robocasa/PickPlaceCounterToOven,22,3200390,0,random,2,-0.04609032369334003,0.6004391564960689,0.0
robocasa/PickPlaceCounterToOven,22,3200390,0,random,4,-0.04273808834501018,0.6928007650776848,0.0
robocasa/PickPlaceCounterToOven,22,3200390,0,random,8,-0.039310115185551914,0.7872491203639308,0.0
robocasa/PickPlaceCounterToOven,22,3200390,0,learned_wam,1,-0.04732668539700106,0.566374616309255,0.0
robocasa/PickPlaceCounterToOven,22,3200390,0,learned_wam,2,-0.04181975848937124,0.7181028139680152,0.0
robocasa/PickPlaceCounterToOven,22,3200390,0,learned_wam,4,-0.03753800473882758,0.836074741012938,0.0
robocasa/PickPlaceCounterToOven,22,3200390,0,learned_wam,8,-0.03454333111871248,0.9185847213663658,0.0
robocasa/PickPlaceCounterToOven,22,3200390,0,learned_physics_score,1,-0.04732668539700106,0.566374616309255,0.0
robocasa/PickPlaceCounterToOven,22,3200390,0,learned_physics_score,2,-0.04181975848937124,0.7181028139680152,0.0
robocasa/PickPlaceCounterToOven,22,3200390,0,learned_physics_score,4,-0.03753800473882758,0.836074741012938,0.0
robocasa/PickPlaceCounterToOven,22,3200390,0,learned_physics_score,8,-0.03454333111871248,0.9185847213663658,0.0
robocasa/PickPlaceCounterToOven,22,3200390,0,learned_energy_regularized,1,-0.04732668539700106,0.566374616309255,0.0
robocasa/PickPlaceCounterToOven,22,3200390,0,learned_energy_regularized,2,-0.04309520846289967,0.6829613042052365,0.0
robocasa/PickPlaceCounterToOven,22,3200390,0,learned_energy_regularized,4,-0.03792991517681982,0.8252767287281136,0.0
robocasa/PickPlaceCounterToOven,22,3200390,0,learned_energy_regularized,8,-0.03456339349226012,0.9180319579412832,0.0
robocasa/PickPlaceCounterToOven,22,3200390,0,predicted_progress,1,-0.04732668539700105,0.566374616309255,0.0
robocasa/PickPlaceCounterToOven,22,3200390,0,predicted_progress,2,-0.043381524107638125,0.6750726655023183,0.0
robocasa/PickPlaceCounterToOven,22,3200390,0,predicted_progress,4,-0.04337209358345612,0.6753324976121526,0.0
robocasa/PickPlaceCounterToOven,22,3200390,0,predicted_progress,8,-0.046106359920051465,0.5999973224537825,0.0
robocasa/PickPlaceCounterToOven,22,3200390,0,predicted_success,1,-0.04732668539700105,0.566374616309255,0.0
robocasa/PickPlaceCounterToOven,22,3200390,0,predicted_success,2,-0.04732668539700105,0.566374616309255,0.0
robocasa/PickPlaceCounterToOven,22,3200390,0,predicted_success,4,-0.04732668539700105,0.566374616309255,0.0
robocasa/PickPlaceCounterToOven,22,3200390,0,predicted_success,8,-0.04732668539700105,0.566374616309255,0.0
robocasa/PickPlaceCounterToOven,22,3200390,0,low_energy,1,-0.04732668539700106,0.566374616309255,0.0
robocasa/PickPlaceCounterToOven,22,3200390,0,low_energy,2,-0.0433747423509027,0.6752595181233327,0.0
robocasa/PickPlaceCounterToOven,22,3200390,0,low_energy,4,-0.03873778630622132,0.8030180656914192,0.0
robocasa/PickPlaceCounterToOven,22,3200390,0,low_energy,8,-0.03519849867572236,0.9005333845215142,0.0
robocasa/PickPlaceCounterToOven,22,3200390,0,distance_progress,1,-0.04732668539700105,0.566374616309255,0.0
robocasa/PickPlaceCounterToOven,22,3200390,0,distance_progress,2,-0.044009514254269834,0.6577701273182948,0.0
robocasa/PickPlaceCounterToOven,22,3200390,0,distance_progress,4,-0.043932197732353434,0.659900371048853,0.0
robocasa/PickPlaceCounterToOven,22,3200390,0,distance_progress,8,-0.0454787176710277,0.617290275277784,0.0
robocasa/PickPlaceCounterToOven,22,3200390,0,oracle_real_utility,1,-0.04732668539700106,0.5663746163092551,0.0
robocasa/PickPlaceCounterToOven,22,3200390,0,oracle_real_utility,2,-0.041430600820038674,0.7288249812971486,0.0
robocasa/PickPlaceCounterToOven,22,3200390,0,oracle_real_utility,4,-0.03698846612575805,0.8512157633478108,0.0
robocasa/PickPlaceCounterToOven,22,3200390,0,oracle_real_utility,8,-0.033882623754419736,0.9367886923370201,0.0
robocasa/PickPlaceCounterToOven,22,3210397,1,random,1,-0.052962939369281745,0.5596877431797987,0.0
robocasa/PickPlaceCounterToOven,22,3210397,1,random,2,-0.04715006510839482,0.6648533298440218,0.0
robocasa/PickPlaceCounterToOven,22,3210397,1,random,4,-0.04375519949301547,0.726272692807,0.0
robocasa/PickPlaceCounterToOven,22,3210397,1,random,8,-0.04200770212507542,0.7578881342642803,0.0
robocasa/PickPlaceCounterToOven,22,3210397,1,learned_wam,1,-0.05296293936928175,0.5596877431797987,0.0
robocasa/PickPlaceCounterToOven,22,3210397,1,learned_wam,2,-0.04544500584303232,0.6957009879717166,0.0
robocasa/PickPlaceCounterToOven,22,3210397,1,learned_wam,4,-0.04187625811072979,0.7602661982411965,0.0
robocasa/PickPlaceCounterToOven,22,3210397,1,learned_wam,8,-0.04094634476819532,0.7770900409436885,0.0
robocasa/PickPlaceCounterToOven,22,3210397,1,learned_physics_score,1,-0.05296293936928175,0.5596877431797987,0.0
robocasa/PickPlaceCounterToOven,22,3210397,1,learned_physics_score,2,-0.04544500584303232,0.6957009879717166,0.0
robocasa/PickPlaceCounterToOven,22,3210397,1,learned_physics_score,4,-0.04187625811072979,0.7602661982411965,0.0
robocasa/PickPlaceCounterToOven,22,3210397,1,learned_physics_score,8,-0.04094634476819532,0.7770900409436885,0.0
robocasa/PickPlaceCounterToOven,22,3210397,1,learned_energy_regularized,1,-0.052962939369281745,0.5596877431797987,0.0
robocasa/PickPlaceCounterToOven,22,3210397,1,learned_energy_regularized,2,-0.04836483276720094,0.6428759486440407,0.0
robocasa/PickPlaceCounterToOven,22,3210397,1,learned_energy_regularized,4,-0.046110538508828264,0.6836602779715737,0.0
robocasa/PickPlaceCounterToOven,22,3210397,1,learned_energy_regularized,8,-0.04327823194875998,0.7349019129415104,0.0
robocasa/PickPlaceCounterToOven,22,3210397,1,predicted_progress,1,-0.052962939369281745,0.5596877431797987,0.0
robocasa/PickPlaceCounterToOven,22,3210397,1,predicted_progress,2,-0.04494817927805875,0.7046894943165699,0.0
robocasa/PickPlaceCounterToOven,22,3210397,1,predicted_progress,4,-0.040578293615661974,0.7837487632283001,0.0
robocasa/PickPlaceCounterToOven,22,3210397,1,predicted_progress,8,-0.036833761007505156,0.8514942452129801,0.0
robocasa/PickPlaceCounterToOven,22,3210397,1,predicted_success,1,-0.052962939369281745,0.5596877431797987,0.0
robocasa/PickPlaceCounterToOven,22,3210397,1,predicted_success,2,-0.052962939369281745,0.5596877431797987,0.0
robocasa/PickPlaceCounterToOven,22,3210397,1,predicted_success,4,-0.052962939369281745,0.5596877431797987,0.0
robocasa/PickPlaceCounterToOven,22,3210397,1,predicted_success,8,-0.052962939369281745,0.5596877431797987,0.0
robocasa/PickPlaceCounterToOven,22,3210397,1,low_energy,1,-0.052962939369281745,0.5596877431797987,0.0
robocasa/PickPlaceCounterToOven,22,3210397,1,low_energy,2,-0.04836483276720094,0.6428759486440407,0.0
robocasa/PickPlaceCounterToOven,22,3210397,1,low_energy,4,-0.046110538508828264,0.6836602779715737,0.0
robocasa/PickPlaceCounterToOven,22,3210397,1,low_energy,8,-0.04327823194875998,0.7349019129415104,0.0
robocasa/PickPlaceCounterToOven,22,3210397,1,distance_progress,1,-0.052962939369281745,0.5596877431797987,0.0
robocasa/PickPlaceCounterToOven,22,3210397,1,distance_progress,2,-0.04447381640189273,0.7132715912147257,0.0
robocasa/PickPlaceCounterToOven,22,3210397,1,distance_progress,4,-0.03664052202866408,0.8549902937535374,0.0
robocasa/PickPlaceCounterToOven,22,3210397,1,distance_progress,8,-0.03216332307028529,0.9359910575647458,0.0
robocasa/PickPlaceCounterToOven,22,3210397,1,oracle_real_utility,1,-0.052962939369281745,0.5596877431797987,0.0
robocasa/PickPlaceCounterToOven,22,3210397,1,oracle_real_utility,2,-0.04326449366944797,0.7351504636822904,0.0
robocasa/PickPlaceCounterToOven,22,3210397,1,oracle_real_utility,4,-0.03633819134555289,0.8604600118704285,0.0
robocasa/PickPlaceCounterToOven,22,3210397,1,oracle_real_utility,8,-0.032156052666895044,0.9361225925341095,0.0
robocasa/PickPlaceCounterToBlender,23,3300393,0,random,1,-0.05522019337384458,0.42919305059400925,0.0
robocasa/PickPlaceCounterToBlender,23,3300393,0,random,2,-0.05351784130695948,0.48222624087949206,0.0
robocasa/PickPlaceCounterToBlender,23,3300393,0,random,4,-0.05072314916917666,0.5692889835491509,0.0
robocasa/PickPlaceCounterToBlender,23,3300393,0,random,8,-0.04573858356714825,0.7245726180011818,0.0
robocasa/PickPlaceCounterToBlender,23,3300393,0,learned_wam,1,-0.05522019337384459,0.42919305059400925,0.0
robocasa/PickPlaceCounterToBlender,23,3300393,0,learned_wam,2,-0.04946181664904167,0.6085831394730684,0.0
robocasa/PickPlaceCounterToBlender,23,3300393,0,learned_wam,4,-0.04380522745329455,0.7848022524405572,0.0
robocasa/PickPlaceCounterToBlender,23,3300393,0,learned_wam,8,-0.04025705788075182,0.8953379963481775,0.0
robocasa/PickPlaceCounterToBlender,23,3300393,0,learned_physics_score,1,-0.05522019337384459,0.42919305059400925,0.0
robocasa/PickPlaceCounterToBlender,23,3300393,0,learned_physics_score,2,-0.04946181664904167,0.6085831394730684,0.0
robocasa/PickPlaceCounterToBlender,23,3300393,0,learned_physics_score,4,-0.04380522745329455,0.7848022524405572,0.0
robocasa/PickPlaceCounterToBlender,23,3300393,0,learned_physics_score,8,-0.04025705788075182,0.8953379963481775,0.0
robocasa/PickPlaceCounterToBlender,23,3300393,0,learned_energy_regularized,1,-0.05522019337384459,0.4291930505940092,0.0
robocasa/PickPlaceCounterToBlender,23,3300393,0,learned_energy_regularized,2,-0.04931100419632911,0.6132813835423816,0.0
robocasa/PickPlaceCounterToBlender,23,3300393,0,learned_energy_regularized,4,-0.043448093306958514,0.7959280139727991,0.0
robocasa/PickPlaceCounterToBlender,23,3300393,0,learned_energy_regularized,8,-0.03977153478991577,0.9104634448174931,0.0
robocasa/PickPlaceCounterToBlender,23,3300393,0,predicted_progress,1,-0.05522019337384458,0.4291930505940092,0.0
robocasa/PickPlaceCounterToBlender,23,3300393,0,predicted_progress,2,-0.05208263485078185,0.5269370727749717,0.0
robocasa/PickPlaceCounterToBlender,23,3300393,0,predicted_progress,4,-0.049346692678506554,0.6121695841072742,0.0
robocasa/PickPlaceCounterToBlender,23,3300393,0,predicted_progress,8,-0.04724430740770015,0.6776649656378902,0.0
robocasa/PickPlaceCounterToBlender,23,3300393,0,predicted_success,1,-0.05522019337384459,0.42919305059400925,0.0
robocasa/PickPlaceCounterToBlender,23,3300393,0,predicted_success,2,-0.05522019337384459,0.42919305059400925,0.0
robocasa/PickPlaceCounterToBlender,23,3300393,0,predicted_success,4,-0.05522019337384459,0.42919305059400925,0.0
robocasa/PickPlaceCounterToBlender,23,3300393,0,predicted_success,8,-0.05522019337384459,0.42919305059400925,0.0
robocasa/PickPlaceCounterToBlender,23,3300393,0,low_energy,1,-0.05522019337384459,0.4291930505940092,0.0
robocasa/PickPlaceCounterToBlender,23,3300393,0,low_energy,2,-0.049226158060235205,0.6159245860666922,0.0
robocasa/PickPlaceCounterToBlender,23,3300393,0,low_energy,4,-0.04341495028504683,0.7969605149588579,0.0
robocasa/PickPlaceCounterToBlender,23,3300393,0,low_energy,8,-0.03977055571138762,0.910493945945255,0.0
robocasa/PickPlaceCounterToBlender,23,3300393,0,distance_progress,1,-0.05522019337384459,0.4291930505940092,0.0
robocasa/PickPlaceCounterToBlender,23,3300393,0,distance_progress,2,-0.05137870507997443,0.5488665209831526,0.0
robocasa/PickPlaceCounterToBlender,23,3300393,0,distance_progress,4,-0.05042034055419928,0.5787223476637569,0.0
robocasa/PickPlaceCounterToBlender,23,3300393,0,distance_progress,8,-0.05101655384742766,0.5601485792608606,0.0
robocasa/PickPlaceCounterToBlender,23,3300393,0,oracle_real_utility,1,-0.05522019337384459,0.4291930505940092,0.0
robocasa/PickPlaceCounterToBlender,23,3300393,0,oracle_real_utility,2,-0.04878555534872385,0.6296506348050338,0.0
robocasa/PickPlaceCounterToBlender,23,3300393,0,oracle_real_utility,4,-0.043236244867659514,0.8025277055475177,0.0
robocasa/PickPlaceCounterToBlender,23,3300393,0,oracle_real_utility,8,-0.03975629027836506,0.9109383554412147,0.0
robocasa/PickPlaceCounterToBlender,23,3310400,1,random,1,-0.05824691267098721,0.34702748344605666,0.0
robocasa/PickPlaceCounterToBlender,23,3310400,1,random,2,-0.057996537379518744,0.35381410015275083,0.0
robocasa/PickPlaceCounterToBlender,23,3310400,1,random,4,-0.0610903561483895,0.26995373988654886,0.0
robocasa/PickPlaceCounterToBlender,23,3310400,1,random,8,-0.06395264665036846,0.19236913309004422,0.0
robocasa/PickPlaceCounterToBlender,23,3310400,1,learned_wam,1,-0.05824691267098722,0.3470274834460566,0.0
robocasa/PickPlaceCounterToBlender,23,3310400,1,learned_wam,2,-0.05283913243330996,0.4936095662542196,0.0
robocasa/PickPlaceCounterToBlender,23,3310400,1,learned_wam,4,-0.0476135656102243,0.6352526129602248,0.0
robocasa/PickPlaceCounterToBlender,23,3310400,1,learned_wam,8,-0.04536650005454081,0.6961610698282948,0.0
robocasa/PickPlaceCounterToBlender,23,3310400,1,learned_physics_score,1,-0.05824691267098722,0.3470274834460566,0.0
robocasa/PickPlaceCounterToBlender,23,3310400,1,learned_physics_score,2,-0.05283913243330996,0.4936095662542196,0.0
robocasa/PickPlaceCounterToBlender,23,3310400,1,learned_physics_score,4,-0.0476135656102243,0.6352526129602248,0.0
robocasa/PickPlaceCounterToBlender,23,3310400,1,learned_physics_score,8,-0.04536650005454081,0.6961610698282948,0.0
robocasa/PickPlaceCounterToBlender,23,3310400,1,learned_energy_regularized,1,-0.05824691267098723,0.3470274834460567,0.0
robocasa/PickPlaceCounterToBlender,23,3310400,1,learned_energy_regularized,2,-0.05302713153184949,0.4885137046957222,0.0
robocasa/PickPlaceCounterToBlender,23,3310400,1,learned_energy_regularized,4,-0.047846940439772605,0.6289268069757559,0.0
robocasa/PickPlaceCounterToBlender,23,3310400,1,learned_energy_regularized,8,-0.04612448495377127,0.675615300513886,0.0
robocasa/PickPlaceCounterToBlender,23,3310400,1,predicted_progress,1,-0.05824691267098722,0.34702748344605666,0.0
robocasa/PickPlaceCounterToBlender,23,3310400,1,predicted_progress,2,-0.05199074054291107,0.5166058872707034,0.0
robocasa/PickPlaceCounterToBlender,23,3310400,1,predicted_progress,4,-0.045350367533774354,0.6965983543315404,0.0
robocasa/PickPlaceCounterToBlender,23,3310400,1,predicted_progress,8,-0.039540949929221414,0.8540671298643895,0.0
robocasa/PickPlaceCounterToBlender,23,3310400,1,predicted_success,1,-0.05824691267098722,0.3470274834460567,0.0
robocasa/PickPlaceCounterToBlender,23,3310400,1,predicted_success,2,-0.05824691267098722,0.3470274834460567,0.0
robocasa/PickPlaceCounterToBlender,23,3310400,1,predicted_success,4,-0.05824691267098722,0.3470274834460567,0.0
robocasa/PickPlaceCounterToBlender,23,3310400,1,predicted_success,8,-0.05824691267098722,0.3470274834460567,0.0
robocasa/PickPlaceCounterToBlender,23,3310400,1,low_energy,1,-0.05824691267098723,0.3470274834460567,0.0
robocasa/PickPlaceCounterToBlender,23,3310400,1,low_energy,2,-0.05302713153184949,0.4885137046957222,0.0
robocasa/PickPlaceCounterToBlender,23,3310400,1,low_energy,4,-0.047846940439772605,0.6289268069757559,0.0
robocasa/PickPlaceCounterToBlender,23,3310400,1,low_energy,8,-0.04612448495377127,0.675615300513886,0.0
robocasa/PickPlaceCounterToBlender,23,3310400,1,distance_progress,1,-0.05824691267098722,0.3470274834460567,0.0
robocasa/PickPlaceCounterToBlender,23,3310400,1,distance_progress,2,-0.05372497235714413,0.4695981872108269,0.0
robocasa/PickPlaceCounterToBlender,23,3310400,1,distance_progress,4,-0.04984575324163563,0.5747474337831525,0.0
robocasa/PickPlaceCounterToBlender,23,3310400,1,distance_progress,8,-0.044287634551467406,0.7254045570929145,0.0
robocasa/PickPlaceCounterToBlender,23,3310400,1,oracle_real_utility,1,-0.05824691267098722,0.34702748344605666,0.0
robocasa/PickPlaceCounterToBlender,23,3310400,1,oracle_real_utility,2,-0.051308525124411725,0.5350978659703464,0.0
robocasa/PickPlaceCounterToBlender,23,3310400,1,oracle_real_utility,4,-0.04403220877905509,0.7323280710075929,0.0
robocasa/PickPlaceCounterToBlender,23,3310400,1,oracle_real_utility,8,-0.03854042415558568,0.8811871579270993,0.0
robocasa/PickPlaceCounterToStandMixer,24,3400396,0,random,1,-0.04141672761409136,0.45289979691942,0.0
robocasa/PickPlaceCounterToStandMixer,24,3400396,0,random,2,-0.03881618971717453,0.514656844044778,0.0
robocasa/PickPlaceCounterToStandMixer,24,3400396,0,random,4,-0.03759752556744898,0.5435974333797052,0.0
robocasa/PickPlaceCounterToStandMixer,24,3400396,0,random,8,-0.03821341599292931,0.5289713923304513,0.0
robocasa/PickPlaceCounterToStandMixer,24,3400396,0,learned_wam,1,-0.04141672761409136,0.45289979691942006,0.0
robocasa/PickPlaceCounterToStandMixer,24,3400396,0,learned_wam,2,-0.0362970939345183,0.5744798203402729,0.0
robocasa/PickPlaceCounterToStandMixer,24,3400396,0,learned_wam,4,-0.029688220867930413,0.7314259990145648,0.0
robocasa/PickPlaceCounterToStandMixer,24,3400396,0,learned_wam,8,-0.02413365013162127,0.8633348195436081,0.0
robocasa/PickPlaceCounterToStandMixer,24,3400396,0,learned_physics_score,1,-0.04141672761409136,0.45289979691942006,0.0
robocasa/PickPlaceCounterToStandMixer,24,3400396,0,learned_physics_score,2,-0.0362970939345183,0.5744798203402729,0.0
robocasa/PickPlaceCounterToStandMixer,24,3400396,0,learned_physics_score,4,-0.029688220867930413,0.7314259990145648,0.0
robocasa/PickPlaceCounterToStandMixer,24,3400396,0,learned_physics_score,8,-0.02413365013162127,0.8633348195436081,0.0
robocasa/PickPlaceCounterToStandMixer,24,3400396,0,learned_energy_regularized,1,-0.04141672761409136,0.45289979691942006,0.0
robocasa/PickPlaceCounterToStandMixer,24,3400396,0,learned_energy_regularized,2,-0.037024162233558144,0.5572135496735802,0.0
robocasa/PickPlaceCounterToStandMixer,24,3400396,0,learned_energy_regularized,4,-0.03081195488635563,0.7047397912055835,0.0
robocasa/PickPlaceCounterToStandMixer,24,3400396,0,learned_energy_regularized,8,-0.02455872278354633,0.853240280322411,0.0
robocasa/PickPlaceCounterToStandMixer,24,3400396,0,predicted_progress,1,-0.04141672761409136,0.45289979691942,0.0
robocasa/PickPlaceCounterToStandMixer,24,3400396,0,predicted_progress,2,-0.036133177357460564,0.5783724780038981,0.0
robocasa/PickPlaceCounterToStandMixer,24,3400396,0,predicted_progress,4,-0.03191230435055236,0.6786089150528747,0.0
robocasa/PickPlaceCounterToStandMixer,24,3400396,0,predicted_progress,8,-0.026394195149033337,0.8096518544405716,0.0
robocasa/PickPlaceCounterToStandMixer,24,3400396,0,predicted_success,1,-0.04141672761409136,0.45289979691942006,0.0
robocasa/PickPlaceCounterToStandMixer,24,3400396,0,predicted_success,2,-0.04141672761409136,0.45289979691942006,0.0
robocasa/PickPlaceCounterToStandMixer,24,3400396,0,predicted_success,4,-0.04141672761409136,0.45289979691942006,0.0
robocasa/PickPlaceCounterToStandMixer,24,3400396,0,predicted_success,8,-0.04141672761409136,0.45289979691942006,0.0
robocasa/PickPlaceCounterToStandMixer,24,3400396,0,low_energy,1,-0.04141672761409136,0.45289979691942006,0.0
robocasa/PickPlaceCounterToStandMixer,24,3400396,0,low_energy,2,-0.037024162233558144,0.5572135496735802,0.0
robocasa/PickPlaceCounterToStandMixer,24,3400396,0,low_energy,4,-0.03081195488635563,0.7047397912055835,0.0
robocasa/PickPlaceCounterToStandMixer,24,3400396,0,low_energy,8,-0.02455872278354633,0.853240280322411,0.0
robocasa/PickPlaceCounterToStandMixer,24,3400396,0,distance_progress,1,-0.04141672761409136,0.45289979691942,0.0
robocasa/PickPlaceCounterToStandMixer,24,3400396,0,distance_progress,2,-0.03690662575628274,0.5600047821238556,0.0
robocasa/PickPlaceCounterToStandMixer,24,3400396,0,distance_progress,4,-0.03518659072758741,0.600851825518356,0.0
robocasa/PickPlaceCounterToStandMixer,24,3400396,0,distance_progress,8,-0.035419154911499315,0.5953289383946782,0.0
robocasa/PickPlaceCounterToStandMixer,24,3400396,0,oracle_real_utility,1,-0.04141672761409136,0.45289979691942006,0.0
robocasa/PickPlaceCounterToStandMixer,24,3400396,0,oracle_real_utility,2,-0.03441573322909798,0.6191579932221942,0.0
robocasa/PickPlaceCounterToStandMixer,24,3400396,0,oracle_real_utility,4,-0.028758196682219097,0.7535120249605014,0.0
robocasa/PickPlaceCounterToStandMixer,24,3400396,0,oracle_real_utility,8,-0.02405940263610918,0.8650980340250107,0.0
robocasa/PickPlaceCounterToStandMixer,24,3410403,1,random,1,-0.05927847795110339,0.587922919839081,0.0
robocasa/PickPlaceCounterToStandMixer,24,3410403,1,random,2,-0.06398573387804246,0.5134934705522067,0.0
robocasa/PickPlaceCounterToStandMixer,24,3410403,1,random,4,-0.06925310270813131,0.4302077161128274,0.0
robocasa/PickPlaceCounterToStandMixer,24,3410403,1,random,8,-0.07079218737800498,0.40587225907319785,0.0
robocasa/PickPlaceCounterToStandMixer,24,3410403,1,learned_wam,1,-0.05927847795110339,0.5879229198390811,0.0
robocasa/PickPlaceCounterToStandMixer,24,3410403,1,learned_wam,2,-0.049713194383540174,0.7391657668940237,0.0
robocasa/PickPlaceCounterToStandMixer,24,3410403,1,learned_wam,4,-0.042266243769722704,0.8569142899520008,0.0
robocasa/PickPlaceCounterToStandMixer,24,3410403,1,learned_wam,8,-0.03689881721370444,0.9417821214131974,0.0
robocasa/PickPlaceCounterToStandMixer,24,3410403,1,learned_physics_score,1,-0.05927847795110339,0.5879229198390811,0.0
robocasa/PickPlaceCounterToStandMixer,24,3410403,1,learned_physics_score,2,-0.049713194383540174,0.7391657668940237,0.0
robocasa/PickPlaceCounterToStandMixer,24,3410403,1,learned_physics_score,4,-0.042266243769722704,0.8569142899520008,0.0
robocasa/PickPlaceCounterToStandMixer,24,3410403,1,learned_physics_score,8,-0.03689881721370444,0.9417821214131974,0.0
robocasa/PickPlaceCounterToStandMixer,24,3410403,1,learned_energy_regularized,1,-0.05927847795110339,0.5879229198390812,0.0
robocasa/PickPlaceCounterToStandMixer,24,3410403,1,learned_energy_regularized,2,-0.051680380550105334,0.7080613219063872,0.0
robocasa/PickPlaceCounterToStandMixer,24,3410403,1,learned_energy_regularized,4,-0.046054953382424935,0.7970085668814728,0.0
robocasa/PickPlaceCounterToStandMixer,24,3410403,1,learned_energy_regularized,8,-0.04170750442368351,0.8657488769101074,0.0
robocasa/PickPlaceCounterToStandMixer,24,3410403,1,predicted_progress,1,-0.05927847795110339,0.5879229198390811,0.0
robocasa/PickPlaceCounterToStandMixer,24,3410403,1,predicted_progress,2,-0.05340473370110124,0.6807964658210782,0.0
robocasa/PickPlaceCounterToStandMixer,24,3410403,1,predicted_progress,4,-0.04522343720158552,0.810156203715667,0.0
robocasa/PickPlaceCounterToStandMixer,24,3410403,1,predicted_progress,8,-0.038451643835276925,0.9172293815419256,0.0
robocasa/PickPlaceCounterToStandMixer,24,3410403,1,predicted_success,1,-0.05927847795110339,0.5879229198390811,0.0
robocasa/PickPlaceCounterToStandMixer,24,3410403,1,predicted_success,2,-0.05927847795110339,0.5879229198390811,0.0
robocasa/PickPlaceCounterToStandMixer,24,3410403,1,predicted_success,4,-0.05927847795110339,0.5879229198390811,0.0
robocasa/PickPlaceCounterToStandMixer,24,3410403,1,predicted_success,8,-0.05927847795110339,0.5879229198390811,0.0
robocasa/PickPlaceCounterToStandMixer,24,3410403,1,low_energy,1,-0.05927847795110339,0.5879229198390812,0.0
robocasa/PickPlaceCounterToStandMixer,24,3410403,1,low_energy,2,-0.051680380550105334,0.7080613219063872,0.0
robocasa/PickPlaceCounterToStandMixer,24,3410403,1,low_energy,4,-0.046054953382424935,0.7970085668814728,0.0
robocasa/PickPlaceCounterToStandMixer,24,3410403,1,low_energy,8,-0.04170750442368351,0.8657488769101074,0.0
robocasa/PickPlaceCounterToStandMixer,24,3410403,1,distance_progress,1,-0.05927847795110338,0.5879229198390811,0.0
robocasa/PickPlaceCounterToStandMixer,24,3410403,1,distance_progress,2,-0.05123722331760165,0.7150683657711538,0.0
robocasa/PickPlaceCounterToStandMixer,24,3410403,1,distance_progress,4,-0.045268604478181665,0.8094420348718613,0.0
robocasa/PickPlaceCounterToStandMixer,24,3410403,1,distance_progress,8,-0.042421560083590173,0.854458483876052,0.0
robocasa/PickPlaceCounterToStandMixer,24,3410403,1,oracle_real_utility,1,-0.05927847795110339,0.5879229198390812,0.0
robocasa/PickPlaceCounterToStandMixer,24,3410403,1,oracle_real_utility,2,-0.04900569387063637,0.7503525122851658,0.0
robocasa/PickPlaceCounterToStandMixer,24,3410403,1,oracle_real_utility,4,-0.041512348919603176,0.8688346060311596,0.0
robocasa/PickPlaceCounterToStandMixer,24,3410403,1,oracle_real_utility,8,-0.03670115295393887,0.9449075180830182,0.0
robocasa/PickPlaceCounterToToasterOven,25,3500399,0,random,1,-0.06660197166203723,0.5945189226468193,0.0
robocasa/PickPlaceCounterToToasterOven,25,3500399,0,random,2,-0.06588294408940049,0.6098013378679452,0.0
robocasa/PickPlaceCounterToToasterOven,25,3500399,0,random,4,-0.06101311897246364,0.7133059770828002,0.0
robocasa/PickPlaceCounterToToasterOven,25,3500399,0,random,8,-0.053534765101152404,0.8722530235956247,0.0
robocasa/PickPlaceCounterToToasterOven,25,3500399,0,learned_wam,1,-0.06660197166203723,0.5945189226468192,0.0
robocasa/PickPlaceCounterToToasterOven,25,3500399,0,learned_wam,2,-0.061320226820227815,0.70677862009983,0.0
robocasa/PickPlaceCounterToToasterOven,25,3500399,0,learned_wam,4,-0.057012399591310416,0.798338397385936,0.0
robocasa/PickPlaceCounterToToasterOven,25,3500399,0,learned_wam,8,-0.05322420398035681,0.8788537774194763,0.0
robocasa/PickPlaceCounterToToasterOven,25,3500399,0,learned_physics_score,1,-0.06660197166203723,0.5945189226468192,0.0
robocasa/PickPlaceCounterToToasterOven,25,3500399,0,learned_physics_score,2,-0.061320226820227815,0.70677862009983,0.0
robocasa/PickPlaceCounterToToasterOven,25,3500399,0,learned_physics_score,4,-0.057012399591310416,0.798338397385936,0.0
robocasa/PickPlaceCounterToToasterOven,25,3500399,0,learned_physics_score,8,-0.05322420398035681,0.8788537774194763,0.0
robocasa/PickPlaceCounterToToasterOven,25,3500399,0,learned_energy_regularized,1,-0.06660197166203723,0.5945189226468193,0.0
robocasa/PickPlaceCounterToToasterOven,25,3500399,0,learned_energy_regularized,2,-0.05930164804049002,0.7496820639210204,0.0
robocasa/PickPlaceCounterToToasterOven,25,3500399,0,learned_energy_regularized,4,-0.05552958891974737,0.8298544744315545,0.0
robocasa/PickPlaceCounterToToasterOven,25,3500399,0,learned_energy_regularized,8,-0.05299007389082783,0.8838300445058973,0.0
robocasa/PickPlaceCounterToToasterOven,25,3500399,0,predicted_progress,1,-0.06660197166203723,0.5945189226468192,0.0
robocasa/PickPlaceCounterToToasterOven,25,3500399,0,predicted_progress,2,-0.0669289257272419,0.5875697485499624,0.0
robocasa/PickPlaceCounterToToasterOven,25,3500399,0,predicted_progress,4,-0.0673208314848504,0.5792400728278482,0.0
robocasa/PickPlaceCounterToToasterOven,25,3500399,0,predicted_progress,8,-0.06792131421627808,0.5664772431617457,0.0
robocasa/PickPlaceCounterToToasterOven,25,3500399,0,predicted_success,1,-0.06660197166203723,0.5945189226468193,0.0
robocasa/PickPlaceCounterToToasterOven,25,3500399,0,predicted_success,2,-0.06660197166203723,0.5945189226468193,0.0
robocasa/PickPlaceCounterToToasterOven,25,3500399,0,predicted_success,4,-0.06660197166203723,0.5945189226468193,0.0
robocasa/PickPlaceCounterToToasterOven,25,3500399,0,predicted_success,8,-0.06660197166203723,0.5945189226468193,0.0
robocasa/PickPlaceCounterToToasterOven,25,3500399,0,low_energy,1,-0.06660197166203723,0.5945189226468193,0.0
robocasa/PickPlaceCounterToToasterOven,25,3500399,0,low_energy,2,-0.0594506032204643,0.7465161284321259,0.0
robocasa/PickPlaceCounterToToasterOven,25,3500399,0,low_energy,4,-0.05588103004749916,0.8223848453874438,0.0
robocasa/PickPlaceCounterToToasterOven,25,3500399,0,low_energy,8,-0.05326392756645564,0.8780094810949162,0.0
robocasa/PickPlaceCounterToToasterOven,25,3500399,0,distance_progress,1,-0.06660197166203723,0.5945189226468192,0.0
robocasa/PickPlaceCounterToToasterOven,25,3500399,0,distance_progress,2,-0.06029095529446212,0.7286550479735916,0.0
robocasa/PickPlaceCounterToToasterOven,25,3500399,0,distance_progress,4,-0.055142835570684764,0.838074639406399,0.0
robocasa/PickPlaceCounterToToasterOven,25,3500399,0,distance_progress,8,-0.052638177161783865,0.8913093570286215,0.0
robocasa/PickPlaceCounterToToasterOven,25,3500399,0,oracle_real_utility,1,-0.06660197166203721,0.5945189226468192,0.0
robocasa/PickPlaceCounterToToasterOven,25,3500399,0,oracle_real_utility,2,-0.0580924963179645,0.7753817163296364,0.0
robocasa/PickPlaceCounterToToasterOven,25,3500399,0,oracle_real_utility,4,-0.052398544487172946,0.8964025776133671,0.0
robocasa/PickPlaceCounterToToasterOven,25,3500399,0,oracle_real_utility,8,-0.04921473797018197,0.9640721010475755,0.0
robocasa/PickPlaceCounterToToasterOven,25,3510406,1,random,1,-0.04695160889448761,0.5909571081287694,0.0
robocasa/PickPlaceCounterToToasterOven,25,3510406,1,random,2,-0.04482780463692767,0.6354169005688474,0.0
robocasa/PickPlaceCounterToToasterOven,25,3510406,1,random,4,-0.03906084735469988,0.7561425855588663,0.0
robocasa/PickPlaceCounterToToasterOven,25,3510406,1,random,8,-0.03180406402255075,0.9080563410669398,0.0
robocasa/PickPlaceCounterToToasterOven,25,3510406,1,learned_wam,1,-0.04695160889448761,0.5909571081287694,0.0
robocasa/PickPlaceCounterToToasterOven,25,3510406,1,learned_wam,2,-0.039712041559198295,0.7425104633578098,0.0
robocasa/PickPlaceCounterToToasterOven,25,3510406,1,learned_wam,4,-0.034561568138308935,0.8503306536817365,0.0
robocasa/PickPlaceCounterToToasterOven,25,3510406,1,learned_wam,8,-0.030986401811258002,0.9251733103313,0.0
robocasa/PickPlaceCounterToToasterOven,25,3510406,1,learned_physics_score,1,-0.04695160889448761,0.5909571081287694,0.0
robocasa/PickPlaceCounterToToasterOven,25,3510406,1,learned_physics_score,2,-0.039712041559198295,0.7425104633578098,0.0
robocasa/PickPlaceCounterToToasterOven,25,3510406,1,learned_physics_score,4,-0.034561568138308935,0.8503306536817365,0.0
robocasa/PickPlaceCounterToToasterOven,25,3510406,1,learned_physics_score,8,-0.030986401811258002,0.9251733103313,0.0
robocasa/PickPlaceCounterToToasterOven,25,3510406,1,learned_energy_regularized,1,-0.04695160889448761,0.5909571081287694,0.0
robocasa/PickPlaceCounterToToasterOven,25,3510406,1,learned_energy_regularized,2,-0.039712041559198295,0.7425104633578098,0.0
robocasa/PickPlaceCounterToToasterOven,25,3510406,1,learned_energy_regularized,4,-0.034561568138308935,0.8503306536817365,0.0
robocasa/PickPlaceCounterToToasterOven,25,3510406,1,learned_energy_regularized,8,-0.030986401811258002,0.9251733103313,0.0
robocasa/PickPlaceCounterToToasterOven,25,3510406,1,predicted_progress,1,-0.04695160889448761,0.5909571081287694,0.0
robocasa/PickPlaceCounterToToasterOven,25,3510406,1,predicted_progress,2,-0.03924235522545696,0.7523428934585352,0.0
robocasa/PickPlaceCounterToToasterOven,25,3510406,1,predicted_progress,4,-0.033209114298146755,0.8786429695669493,0.0
robocasa/PickPlaceCounterToToasterOven,25,3510406,1,predicted_progress,8,-0.02899498032819443,0.9668617971504387,0.0
robocasa/PickPlaceCounterToToasterOven,25,3510406,1,predicted_success,1,-0.04695160889448761,0.5909571081287694,0.0
robocasa/PickPlaceCounterToToasterOven,25,3510406,1,predicted_success,2,-0.04695160889448761,0.5909571081287694,0.0
robocasa/PickPlaceCounterToToasterOven,25,3510406,1,predicted_success,4,-0.04695160889448761,0.5909571081287694,0.0
robocasa/PickPlaceCounterToToasterOven,25,3510406,1,predicted_success,8,-0.04695160889448761,0.5909571081287694,0.0
robocasa/PickPlaceCounterToToasterOven,25,3510406,1,low_energy,1,-0.04695160889448761,0.5909571081287694,0.0
robocasa/PickPlaceCounterToToasterOven,25,3510406,1,low_energy,2,-0.039712041559198295,0.7425104633578098,0.0
robocasa/PickPlaceCounterToToasterOven,25,3510406,1,low_energy,4,-0.034561568138308935,0.8503306536817365,0.0
robocasa/PickPlaceCounterToToasterOven,25,3510406,1,low_energy,8,-0.030986401811258002,0.9251733103313,0.0
robocasa/PickPlaceCounterToToasterOven,25,3510406,1,distance_progress,1,-0.04695160889448761,0.5909571081287693,0.0
robocasa/PickPlaceCounterToToasterOven,25,3510406,1,distance_progress,2,-0.040124618016615064,0.7338735734009705,0.0
robocasa/PickPlaceCounterToToasterOven,25,3510406,1,distance_progress,4,-0.03578366485474965,0.8247472383734538,0.0
robocasa/PickPlaceCounterToToasterOven,25,3510406,1,distance_progress,8,-0.032016273581324306,0.9036139387583051,0.0
robocasa/PickPlaceCounterToToasterOven,25,3510406,1,oracle_real_utility,1,-0.04695160889448761,0.5909571081287694,0.0
robocasa/PickPlaceCounterToToasterOven,25,3510406,1,oracle_real_utility,2,-0.03808689695529086,0.7765312972070881,0.0
robocasa/PickPlaceCounterToToasterOven,25,3510406,1,oracle_real_utility,4,-0.03181793861072288,0.9077658899539768,0.0
robocasa/PickPlaceCounterToToasterOven,25,3510406,1,oracle_real_utility,8,-0.028579341757202475,0.9755627894997166,0.0
robocasa/PickPlaceDrawerToCounter,26,3600402,0,random,1,-0.04267694160816975,0.5921785481253238,0.0
robocasa/PickPlaceDrawerToCounter,26,3600402,0,random,2,-0.04076366712779288,0.62811893130579,0.0
robocasa/PickPlaceDrawerToCounter,26,3600402,0,random,4,-0.035715686079998414,0.7229439943096765,0.0
robocasa/PickPlaceDrawerToCounter,26,3600402,0,random,8,-0.032475977092414836,0.7838011183664502,0.0
robocasa/PickPlaceDrawerToCounter,26,3600402,0,learned_wam,1,-0.04267694160816976,0.5921785481253238,0.0
robocasa/PickPlaceDrawerToCounter,26,3600402,0,learned_wam,2,-0.03450900059311109,0.7456112797524298,0.0
robocasa/PickPlaceDrawerToCounter,26,3600402,0,learned_wam,4,-0.03039921759416883,0.8228125267692488,0.0
robocasa/PickPlaceDrawerToCounter,26,3600402,0,learned_wam,8,-0.02912286864449807,0.8467884229585488,0.0
robocasa/PickPlaceDrawerToCounter,26,3600402,0,learned_physics_score,1,-0.04267694160816976,0.5921785481253238,0.0
robocasa/PickPlaceDrawerToCounter,26,3600402,0,learned_physics_score,2,-0.03450900059311109,0.7456112797524298,0.0
robocasa/PickPlaceDrawerToCounter,26,3600402,0,learned_physics_score,4,-0.03039921759416883,0.8228125267692488,0.0
robocasa/PickPlaceDrawerToCounter,26,3600402,0,learned_physics_score,8,-0.02912286864449807,0.8467884229585488,0.0
robocasa/PickPlaceDrawerToCounter,26,3600402,0,learned_energy_regularized,1,-0.04267694160816976,0.5921785481253238,0.0
robocasa/PickPlaceDrawerToCounter,26,3600402,0,learned_energy_regularized,2,-0.03519736638492196,0.7326805003061191,0.0
robocasa/PickPlaceDrawerToCounter,26,3600402,0,learned_energy_regularized,4,-0.030857492701365022,0.8142039433570789,0.0
robocasa/PickPlaceDrawerToCounter,26,3600402,0,learned_energy_regularized,8,-0.029306554644674968,0.8433379273297437,0.0
robocasa/PickPlaceDrawerToCounter,26,3600402,0,predicted_progress,1,-0.04267694160816975,0.5921785481253238,0.0
robocasa/PickPlaceDrawerToCounter,26,3600402,0,predicted_progress,2,-0.036253740310789526,0.7128367799894946,0.0
robocasa/PickPlaceDrawerToCounter,26,3600402,0,predicted_progress,4,-0.035859297670208054,0.7202462864615722,0.0
robocasa/PickPlaceDrawerToCounter,26,3600402,0,predicted_progress,8,-0.038988149638935654,0.6614715838120726,0.0
robocasa/PickPlaceDrawerToCounter,26,3600402,0,predicted_success,1,-0.04267694160816975,0.5921785481253237,0.0
robocasa/PickPlaceDrawerToCounter,26,3600402,0,predicted_success,2,-0.04267694160816975,0.5921785481253237,0.0
robocasa/PickPlaceDrawerToCounter,26,3600402,0,predicted_success,4,-0.04267694160816975,0.5921785481253237,0.0
robocasa/PickPlaceDrawerToCounter,26,3600402,0,predicted_success,8,-0.04267694160816975,0.5921785481253237,0.0
robocasa/PickPlaceDrawerToCounter,26,3600402,0,low_energy,1,-0.04267694160816975,0.5921785481253238,0.0
robocasa/PickPlaceDrawerToCounter,26,3600402,0,low_energy,2,-0.03609736973053718,0.7157741622783728,0.0
robocasa/PickPlaceDrawerToCounter,26,3600402,0,low_energy,4,-0.03163093307650308,0.7996750591144843,0.0
robocasa/PickPlaceDrawerToCounter,26,3600402,0,low_energy,8,-0.029396969028016858,0.8416395157240586,0.0
robocasa/PickPlaceDrawerToCounter,26,3600402,0,distance_progress,1,-0.04267694160816975,0.5921785481253237,0.0
robocasa/PickPlaceDrawerToCounter,26,3600402,0,distance_progress,2,-0.03523393507590103,0.7319935665808877,0.0
robocasa/PickPlaceDrawerToCounter,26,3600402,0,distance_progress,4,-0.030323662221837987,0.8242318155648525,0.0
robocasa/PickPlaceDrawerToCounter,26,3600402,0,distance_progress,8,-0.02606045537605392,0.9043150912195225,0.0
robocasa/PickPlaceDrawerToCounter,26,3600402,0,oracle_real_utility,1,-0.04267694160816975,0.5921785481253237,0.0
robocasa/PickPlaceDrawerToCounter,26,3600402,0,oracle_real_utility,2,-0.03389906216991975,0.7570688206702745,0.0
robocasa/PickPlaceDrawerToCounter,26,3600402,0,oracle_real_utility,4,-0.028426965267679204,0.8598607940563558,0.0
robocasa/PickPlaceDrawerToCounter,26,3600402,0,oracle_real_utility,8,-0.02472652012721697,0.9293727316536786,0.0
robocasa/PickPlaceDrawerToCounter,26,3610409,1,random,1,-0.05084592081087564,0.4707904741243918,0.0
robocasa/PickPlaceDrawerToCounter,26,3610409,1,random,2,-0.05137888804230845,0.45610401083742236,0.0
robocasa/PickPlaceDrawerToCounter,26,3610409,1,random,4,-0.0502658858249905,0.48677393806542724,0.0
robocasa/PickPlaceDrawerToCounter,26,3610409,1,random,8,-0.04543694681732603,0.6198403467833116,0.0
robocasa/PickPlaceDrawerToCounter,26,3610409,1,learned_wam,1,-0.05084592081087564,0.4707904741243918,0.0
robocasa/PickPlaceDrawerToCounter,26,3610409,1,learned_wam,2,-0.04506045918396964,0.6302148529052394,0.0
robocasa/PickPlaceDrawerToCounter,26,3610409,1,learned_wam,4,-0.04001722319678307,0.7691864365319053,0.0
robocasa/PickPlaceDrawerToCounter,26,3610409,1,learned_wam,8,-0.035394564714276794,0.8965685720320762,0.0
robocasa/PickPlaceDrawerToCounter,26,3610409,1,learned_physics_score,1,-0.05084592081087564,0.4707904741243918,0.0
robocasa/PickPlaceDrawerToCounter,26,3610409,1,learned_physics_score,2,-0.04506045918396964,0.6302148529052394,0.0
robocasa/PickPlaceDrawerToCounter,26,3610409,1,learned_physics_score,4,-0.04001722319678307,0.7691864365319053,0.0
robocasa/PickPlaceDrawerToCounter,26,3610409,1,learned_physics_score,8,-0.035394564714276794,0.8965685720320762,0.0
robocasa/PickPlaceDrawerToCounter,26,3610409,1,learned_energy_regularized,1,-0.05084592081087564,0.47079047412439184,0.0
robocasa/PickPlaceDrawerToCounter,26,3610409,1,learned_energy_regularized,2,-0.04830934008422564,0.5406885795224069,0.0
robocasa/PickPlaceDrawerToCounter,26,3610409,1,learned_energy_regularized,4,-0.047977391751510806,0.549835759150094,0.0
robocasa/PickPlaceDrawerToCounter,26,3610409,1,learned_energy_regularized,8,-0.04948792141400622,0.5082115520248691,0.0
robocasa/PickPlaceDrawerToCounter,26,3610409,1,predicted_progress,1,-0.05084592081087564,0.4707904741243918,0.0
robocasa/PickPlaceDrawerToCounter,26,3610409,1,predicted_progress,2,-0.0453904796432537,0.6211207978238529,0.0
robocasa/PickPlaceDrawerToCounter,26,3610409,1,predicted_progress,4,-0.039174829988056006,0.7923994526490544,0.0
robocasa/PickPlaceDrawerToCounter,26,3610409,1,predicted_progress,8,-0.03454930100089867,0.9198606878737237,0.0
robocasa/PickPlaceDrawerToCounter,26,3610409,1,predicted_success,1,-0.05084592081087563,0.47079047412439184,0.0
robocasa/PickPlaceDrawerToCounter,26,3610409,1,predicted_success,2,-0.05084592081087563,0.47079047412439184,0.0
robocasa/PickPlaceDrawerToCounter,26,3610409,1,predicted_success,4,-0.05084592081087563,0.47079047412439184,0.0
robocasa/PickPlaceDrawerToCounter,26,3610409,1,predicted_success,8,-0.05084592081087563,0.47079047412439184,0.0
robocasa/PickPlaceDrawerToCounter,26,3610409,1,low_energy,1,-0.05084592081087564,0.4707904741243918,0.0
robocasa/PickPlaceDrawerToCounter,26,3610409,1,low_energy,2,-0.04894484697230556,0.5231765299442174,0.0
robocasa/PickPlaceDrawerToCounter,26,3610409,1,low_energy,4,-0.050132157293906784,0.49045896604904526,0.0
robocasa/PickPlaceDrawerToCounter,26,3610409,1,low_energy,8,-0.05287728097861144,0.4148142437549183,0.0
robocasa/PickPlaceDrawerToCounter,26,3610409,1,distance_progress,1,-0.05084592081087564,0.4707904741243918,0.0
robocasa/PickPlaceDrawerToCounter,26,3610409,1,distance_progress,2,-0.04558572780715787,0.6157405327307856,0.0
robocasa/PickPlaceDrawerToCounter,26,3610409,1,distance_progress,4,-0.03993382038288365,0.7714846873288086,0.0
robocasa/PickPlaceDrawerToCounter,26,3610409,1,distance_progress,8,-0.037027184866594995,0.8515800351868985,0.0
robocasa/PickPlaceDrawerToCounter,26,3610409,1,oracle_real_utility,1,-0.05084592081087564,0.4707904741243918,0.0
robocasa/PickPlaceDrawerToCounter,26,3610409,1,oracle_real_utility,2,-0.04418965233735363,0.654210836201409,0.0
robocasa/PickPlaceDrawerToCounter,26,3610409,1,oracle_real_utility,4,-0.03833003493146454,0.8156786541682342,0.0
robocasa/PickPlaceDrawerToCounter,26,3610409,1,oracle_real_utility,8,-0.03437307809409166,0.9247166923304823,0.0
robocasa/PickPlaceMicrowaveToCounter,27,3700405,0,random,1,-0.05771883966148034,0.3789843519878626,0.0
robocasa/PickPlaceMicrowaveToCounter,27,3700405,0,random,2,-0.05804430849060076,0.3727603864522885,0.0
robocasa/PickPlaceMicrowaveToCounter,27,3700405,0,random,4,-0.05758486339196801,0.38154639052864403,0.0
robocasa/PickPlaceMicrowaveToCounter,27,3700405,0,random,8,-0.05341439176443833,0.46129864129558257,0.0
robocasa/PickPlaceMicrowaveToCounter,27,3700405,0,learned_wam,1,-0.05771883966148032,0.3789843519878626,0.0
robocasa/PickPlaceMicrowaveToCounter,27,3700405,0,learned_wam,2,-0.04848447926708188,0.555573738421978,0.0
robocasa/PickPlaceMicrowaveToCounter,27,3700405,0,learned_wam,4,-0.03807844791958088,0.7545690789096695,0.0
robocasa/PickPlaceMicrowaveToCounter,27,3700405,0,learned_wam,8,-0.0304469941938361,0.9005059574234306,0.0
robocasa/PickPlaceMicrowaveToCounter,27,3700405,0,learned_physics_score,1,-0.05771883966148032,0.3789843519878626,0.0
robocasa/PickPlaceMicrowaveToCounter,27,3700405,0,learned_physics_score,2,-0.04848447926708188,0.555573738421978,0.0
robocasa/PickPlaceMicrowaveToCounter,27,3700405,0,learned_physics_score,4,-0.03807844791958088,0.7545690789096695,0.0
robocasa/PickPlaceMicrowaveToCounter,27,3700405,0,learned_physics_score,8,-0.0304469941938361,0.9005059574234306,0.0
robocasa/PickPlaceMicrowaveToCounter,27,3700405,0,learned_energy_regularized,1,-0.05771883966148032,0.3789843519878626,0.0
robocasa/PickPlaceMicrowaveToCounter,27,3700405,0,learned_energy_regularized,2,-0.04848447926708188,0.555573738421978,0.0
robocasa/PickPlaceMicrowaveToCounter,27,3700405,0,learned_energy_regularized,4,-0.03807844791958088,0.7545690789096695,0.0
robocasa/PickPlaceMicrowaveToCounter,27,3700405,0,learned_energy_regularized,8,-0.0304469941938361,0.9005059574234306,0.0
robocasa/PickPlaceMicrowaveToCounter,27,3700405,0,predicted_progress,1,-0.05771883966148033,0.3789843519878626,0.0
robocasa/PickPlaceMicrowaveToCounter,27,3700405,0,predicted_progress,2,-0.05038986480971469,0.5191369036523426,0.0
robocasa/PickPlaceMicrowaveToCounter,27,3700405,0,predicted_progress,4,-0.04360122781377373,0.6489565328022229,0.0
robocasa/PickPlaceMicrowaveToCounter,27,3700405,0,predicted_progress,8,-0.040477977287309126,0.7086826936398454,0.0
robocasa/PickPlaceMicrowaveToCounter,27,3700405,0,predicted_success,1,-0.05771883966148032,0.3789843519878626,0.0
robocasa/PickPlaceMicrowaveToCounter,27,3700405,0,predicted_success,2,-0.05771883966148032,0.3789843519878626,0.0
robocasa/PickPlaceMicrowaveToCounter,27,3700405,0,predicted_success,4,-0.05771883966148032,0.3789843519878626,0.0
robocasa/PickPlaceMicrowaveToCounter,27,3700405,0,predicted_success,8,-0.05771883966148032,0.3789843519878626,0.0
robocasa/PickPlaceMicrowaveToCounter,27,3700405,0,low_energy,1,-0.05771883966148032,0.3789843519878626,0.0
robocasa/PickPlaceMicrowaveToCounter,27,3700405,0,low_energy,2,-0.04848447926708188,0.555573738421978,0.0
robocasa/PickPlaceMicrowaveToCounter,27,3700405,0,low_energy,4,-0.03807844791958088,0.7545690789096695,0.0
robocasa/PickPlaceMicrowaveToCounter,27,3700405,0,low_energy,8,-0.0304469941938361,0.9005059574234306,0.0
robocasa/PickPlaceMicrowaveToCounter,27,3700405,0,distance_progress,1,-0.05771883966148033,0.3789843519878626,0.0
robocasa/PickPlaceMicrowaveToCounter,27,3700405,0,distance_progress,2,-0.05135195174849347,0.5007388408781975,0.0
robocasa/PickPlaceMicrowaveToCounter,27,3700405,0,distance_progress,4,-0.04943051656570646,0.5374825941550462,0.0
robocasa/PickPlaceMicrowaveToCounter,27,3700405,0,distance_progress,8,-0.05475258062428878,0.4357083524611435,0.0
robocasa/PickPlaceMicrowaveToCounter,27,3700405,0,oracle_real_utility,1,-0.05771883966148032,0.3789843519878626,0.0
robocasa/PickPlaceMicrowaveToCounter,27,3700405,0,oracle_real_utility,2,-0.0477405698447013,0.5697995757133654,0.0
robocasa/PickPlaceMicrowaveToCounter,27,3700405,0,oracle_real_utility,4,-0.03769631129138764,0.7618767071399452,0.0
robocasa/PickPlaceMicrowaveToCounter,27,3700405,0,oracle_real_utility,8,-0.03037390948888506,0.901903561876128,0.0
robocasa/PickPlaceMicrowaveToCounter,27,3710412,1,random,1,-0.06205650473330737,0.6455301611424552,0.0
robocasa/PickPlaceMicrowaveToCounter,27,3710412,1,random,2,-0.06665414118716945,0.5500093476163137,0.0
robocasa/PickPlaceMicrowaveToCounter,27,3710412,1,random,4,-0.0728335930085516,0.42162462841386633,0.0
robocasa/PickPlaceMicrowaveToCounter,27,3710412,1,random,8,-0.078162342537793,0.31091415897633423,0.0
robocasa/PickPlaceMicrowaveToCounter,27,3710412,1,learned_wam,1,-0.06205650473330738,0.6455301611424552,0.0
robocasa/PickPlaceMicrowaveToCounter,27,3710412,1,learned_wam,2,-0.05338842225094861,0.8256188433894145,0.0
robocasa/PickPlaceMicrowaveToCounter,27,3710412,1,learned_wam,4,-0.048250708381386356,0.9323603427249877,0.0
robocasa/PickPlaceMicrowaveToCounter,27,3710412,1,learned_wam,8,-0.04563246433498841,0.9867571624456558,0.0
robocasa/PickPlaceMicrowaveToCounter,27,3710412,1,learned_physics_score,1,-0.06205650473330738,0.6455301611424552,0.0
robocasa/PickPlaceMicrowaveToCounter,27,3710412,1,learned_physics_score,2,-0.05338842225094861,0.8256188433894145,0.0
robocasa/PickPlaceMicrowaveToCounter,27,3710412,1,learned_physics_score,4,-0.048250708381386356,0.9323603427249877,0.0
robocasa/PickPlaceMicrowaveToCounter,27,3710412,1,learned_physics_score,8,-0.04563246433498841,0.9867571624456558,0.0
robocasa/PickPlaceMicrowaveToCounter,27,3710412,1,learned_energy_regularized,1,-0.06205650473330738,0.6455301611424552,0.0
robocasa/PickPlaceMicrowaveToCounter,27,3710412,1,learned_energy_regularized,2,-0.053361961722514006,0.8261685891615669,0.0
robocasa/PickPlaceMicrowaveToCounter,27,3710412,1,learned_energy_regularized,4,-0.04805950754417494,0.9363327445668016,0.0
robocasa/PickPlaceMicrowaveToCounter,27,3710412,1,learned_energy_regularized,8,-0.045751710260795164,0.9842797008287916,0.0
robocasa/PickPlaceMicrowaveToCounter,27,3710412,1,predicted_progress,1,-0.06205650473330737,0.6455301611424551,0.0
robocasa/PickPlaceMicrowaveToCounter,27,3710412,1,predicted_progress,2,-0.06329798258775338,0.6197371312190572,0.0
robocasa/PickPlaceMicrowaveToCounter,27,3710412,1,predicted_progress,4,-0.06017089894944591,0.6847056375576784,0.0
robocasa/PickPlaceMicrowaveToCounter,27,3710412,1,predicted_progress,8,-0.05410441926745027,0.8107432397646261,0.0
robocasa/PickPlaceMicrowaveToCounter,27,3710412,1,predicted_success,1,-0.06205650473330737,0.6455301611424551,0.0
robocasa/PickPlaceMicrowaveToCounter,27,3710412,1,predicted_success,2,-0.06205650473330737,0.6455301611424551,0.0
robocasa/PickPlaceMicrowaveToCounter,27,3710412,1,predicted_success,4,-0.06205650473330737,0.6455301611424551,0.0
robocasa/PickPlaceMicrowaveToCounter,27,3710412,1,predicted_success,8,-0.06205650473330737,0.6455301611424551,0.0
robocasa/PickPlaceMicrowaveToCounter,27,3710412,1,low_energy,1,-0.06205650473330738,0.6455301611424552,0.0
robocasa/PickPlaceMicrowaveToCounter,27,3710412,1,low_energy,2,-0.053361961722514006,0.8261685891615669,0.0
robocasa/PickPlaceMicrowaveToCounter,27,3710412,1,low_energy,4,-0.04805950754417494,0.9363327445668016,0.0
robocasa/PickPlaceMicrowaveToCounter,27,3710412,1,low_energy,8,-0.045751710260795164,0.9842797008287916,0.0
robocasa/PickPlaceMicrowaveToCounter,27,3710412,1,distance_progress,1,-0.06205650473330738,0.6455301611424551,0.0
robocasa/PickPlaceMicrowaveToCounter,27,3710412,1,distance_progress,2,-0.05339086575457882,0.825568076988688,0.0
robocasa/PickPlaceMicrowaveToCounter,27,3710412,1,distance_progress,4,-0.048904965043062895,0.9187674609899075,0.0
robocasa/PickPlaceMicrowaveToCounter,27,3710412,1,distance_progress,8,-0.048717311968818906,0.9226661542624932,0.0
robocasa/PickPlaceMicrowaveToCounter,27,3710412,1,oracle_real_utility,1,-0.06205650473330738,0.6455301611424551,0.0
robocasa/PickPlaceMicrowaveToCounter,27,3710412,1,oracle_real_utility,2,-0.05227526891808247,0.8487457941611292,0.0
robocasa/PickPlaceMicrowaveToCounter,27,3710412,1,oracle_real_utility,4,-0.046925593459262165,0.9598910221615069,0.0
robocasa/PickPlaceMicrowaveToCounter,27,3710412,1,oracle_real_utility,8,-0.045281805118968795,0.9940424826141299,0.0
robocasa/CloseFridgeDrawer,28,3800408,0,random,1,-0.049742414580088753,0.5883294806431031,0.0
robocasa/CloseFridgeDrawer,28,3800408,0,random,2,-0.04723299784768759,0.6402256148698318,0.0
robocasa/CloseFridgeDrawer,28,3800408,0,random,4,-0.04142039455416669,0.7604334850224503,0.0
robocasa/CloseFridgeDrawer,28,3800408,0,random,8,-0.038141275642166184,0.8282474885736861,0.0
robocasa/CloseFridgeDrawer,28,3800408,0,learned_wam,1,-0.04974241458008876,0.5883294806431031,0.0
robocasa/CloseFridgeDrawer,28,3800408,0,learned_wam,2,-0.04117966205418642,0.7654119670618835,0.0
robocasa/CloseFridgeDrawer,28,3800408,0,learned_wam,4,-0.03649561578956073,0.862280649945266,0.0
robocasa/CloseFridgeDrawer,28,3800408,0,learned_wam,8,-0.03370102764799778,0.9200742875784237,0.0
robocasa/CloseFridgeDrawer,28,3800408,0,learned_physics_score,1,-0.04974241458008876,0.5883294806431031,0.0
robocasa/CloseFridgeDrawer,28,3800408,0,learned_physics_score,2,-0.04117966205418642,0.7654119670618835,0.0
robocasa/CloseFridgeDrawer,28,3800408,0,learned_physics_score,4,-0.03649561578956073,0.862280649945266,0.0
robocasa/CloseFridgeDrawer,28,3800408,0,learned_physics_score,8,-0.03370102764799778,0.9200742875784237,0.0
robocasa/CloseFridgeDrawer,28,3800408,0,learned_energy_regularized,1,-0.04974241458008876,0.5883294806431031,0.0
robocasa/CloseFridgeDrawer,28,3800408,0,learned_energy_regularized,2,-0.04266399832249092,0.7347150671715955,0.0
robocasa/CloseFridgeDrawer,28,3800408,0,learned_energy_regularized,4,-0.036938878373164445,0.8531137330918929,0.0
robocasa/CloseFridgeDrawer,28,3800408,0,learned_energy_regularized,8,-0.033761607860449495,0.9188214550790287,0.0
robocasa/CloseFridgeDrawer,28,3800408,0,predicted_progress,1,-0.04974241458008877,0.5883294806431031,0.0
robocasa/CloseFridgeDrawer,28,3800408,0,predicted_progress,2,-0.04450246552935969,0.6966945424388192,0.0
robocasa/CloseFridgeDrawer,28,3800408,0,predicted_progress,4,-0.04580752679949675,0.6697051492564711,0.0
robocasa/CloseFridgeDrawer,28,3800408,0,predicted_progress,8,-0.05008796305622083,0.581183345898862,0.0
robocasa/CloseFridgeDrawer,28,3800408,0,predicted_success,1,-0.04974241458008876,0.5883294806431031,0.0
robocasa/CloseFridgeDrawer,28,3800408,0,predicted_success,2,-0.04974241458008876,0.5883294806431031,0.0
robocasa/CloseFridgeDrawer,28,3800408,0,predicted_success,4,-0.04974241458008876,0.5883294806431031,0.0
robocasa/CloseFridgeDrawer,28,3800408,0,predicted_success,8,-0.04974241458008876,0.5883294806431031,0.0
robocasa/CloseFridgeDrawer,28,3800408,0,low_energy,1,-0.04974241458008876,0.5883294806431031,0.0
robocasa/CloseFridgeDrawer,28,3800408,0,low_energy,2,-0.04265934223231793,0.7348113577069494,0.0
robocasa/CloseFridgeDrawer,28,3800408,0,low_energy,4,-0.03692789291041256,0.8533409185737434,0.0
robocasa/CloseFridgeDrawer,28,3800408,0,low_energy,8,-0.03375304765188107,0.9189984849549913,0.0
robocasa/CloseFridgeDrawer,28,3800408,0,distance_progress,1,-0.04974241458008876,0.5883294806431031,0.0
robocasa/CloseFridgeDrawer,28,3800408,0,distance_progress,2,-0.04343084279683651,0.7188562967817191,0.0
robocasa/CloseFridgeDrawer,28,3800408,0,distance_progress,4,-0.0422184202429985,0.7439298697682533,0.0
robocasa/CloseFridgeDrawer,28,3800408,0,distance_progress,8,-0.04236032907677407,0.7409951161298933,0.0
robocasa/CloseFridgeDrawer,28,3800408,0,oracle_real_utility,1,-0.04974241458008877,0.5883294806431031,0.0
robocasa/CloseFridgeDrawer,28,3800408,0,oracle_real_utility,2,-0.04097397898533172,0.7696656073646782,0.0
robocasa/CloseFridgeDrawer,28,3800408,0,oracle_real_utility,4,-0.03597957831675338,0.8729525919981936,0.0
robocasa/CloseFridgeDrawer,28,3800408,0,oracle_real_utility,8,-0.03312327702324624,0.9320224919498008,0.0
robocasa/CloseFridgeDrawer,28,3810415,1,random,1,-0.0568831245148053,0.534630157187674,0.0
robocasa/CloseFridgeDrawer,28,3810415,1,random,2,-0.060267260112244384,0.43464341306423204,0.0
robocasa/CloseFridgeDrawer,28,3810415,1,random,4,-0.06222730108686492,0.37673257889164485,0.0
robocasa/CloseFridgeDrawer,28,3810415,1,random,8,-0.0653636975698362,0.28406546683803013,0.0
robocasa/CloseFridgeDrawer,28,3810415,1,learned_wam,1,-0.056883124514805296,0.5346301571876741,0.0
robocasa/CloseFridgeDrawer,28,3810415,1,learned_wam,2,-0.051672261384231255,0.6885888930294826,0.0
robocasa/CloseFridgeDrawer,28,3810415,1,learned_wam,4,-0.047578041591794316,0.8095555904281653,0.0
robocasa/CloseFridgeDrawer,28,3810415,1,learned_wam,8,-0.044671579938122534,0.8954291109484989,0.0
robocasa/CloseFridgeDrawer,28,3810415,1,learned_physics_score,1,-0.056883124514805296,0.5346301571876741,0.0
robocasa/CloseFridgeDrawer,28,3810415,1,learned_physics_score,2,-0.051672261384231255,0.6885888930294826,0.0
robocasa/CloseFridgeDrawer,28,3810415,1,learned_physics_score,4,-0.047578041591794316,0.8095555904281653,0.0
robocasa/CloseFridgeDrawer,28,3810415,1,learned_physics_score,8,-0.044671579938122534,0.8954291109484989,0.0
robocasa/CloseFridgeDrawer,28,3810415,1,learned_energy_regularized,1,-0.056883124514805296,0.5346301571876741,0.0
robocasa/CloseFridgeDrawer,28,3810415,1,learned_energy_regularized,2,-0.05265034791981456,0.6596906159515905,0.0
robocasa/CloseFridgeDrawer,28,3810415,1,learned_energy_regularized,4,-0.04852462431407473,0.7815881163955216,0.0
robocasa/CloseFridgeDrawer,28,3810415,1,learned_energy_regularized,8,-0.045558621343822256,0.8692208283590795,0.0
robocasa/CloseFridgeDrawer,28,3810415,1,predicted_progress,1,-0.0568831245148053,0.5346301571876741,0.0
robocasa/CloseFridgeDrawer,28,3810415,1,predicted_progress,2,-0.05813162384713781,0.4977423376290591,0.0
robocasa/CloseFridgeDrawer,28,3810415,1,predicted_progress,4,-0.062109035858623,0.380226810956067,0.0
robocasa/CloseFridgeDrawer,28,3810415,1,predicted_progress,8,-0.06708531251435872,0.23319910289347354,0.0
robocasa/CloseFridgeDrawer,28,3810415,1,predicted_success,1,-0.0568831245148053,0.5346301571876741,0.0
robocasa/CloseFridgeDrawer,28,3810415,1,predicted_success,2,-0.0568831245148053,0.5346301571876741,0.0
robocasa/CloseFridgeDrawer,28,3810415,1,predicted_success,4,-0.0568831245148053,0.5346301571876741,0.0
robocasa/CloseFridgeDrawer,28,3810415,1,predicted_success,8,-0.0568831245148053,0.5346301571876741,0.0
robocasa/CloseFridgeDrawer,28,3810415,1,low_energy,1,-0.0568831245148053,0.5346301571876741,0.0
robocasa/CloseFridgeDrawer,28,3810415,1,low_energy,2,-0.053266629540588306,0.6414821278605949,0.0
robocasa/CloseFridgeDrawer,28,3810415,1,low_energy,4,-0.04905424133192716,0.7659401969423223,0.0
robocasa/CloseFridgeDrawer,28,3810415,1,low_energy,8,-0.04562053302779395,0.8673916026896904,0.0
robocasa/CloseFridgeDrawer,28,3810415,1,distance_progress,1,-0.0568831245148053,0.534630157187674,0.0
robocasa/CloseFridgeDrawer,28,3810415,1,distance_progress,2,-0.05541366814271233,0.5780463129670723,0.0
robocasa/CloseFridgeDrawer,28,3810415,1,distance_progress,4,-0.054610302123540455,0.6017823454881073,0.0
robocasa/CloseFridgeDrawer,28,3810415,1,distance_progress,8,-0.055168304424640865,0.5852957622251197,0.0
robocasa/CloseFridgeDrawer,28,3810415,1,oracle_real_utility,1,-0.0568831245148053,0.5346301571876741,0.0
robocasa/CloseFridgeDrawer,28,3810415,1,oracle_real_utility,2,-0.05097202828826878,0.7092777884288715,0.0
robocasa/CloseFridgeDrawer,28,3810415,1,oracle_real_utility,4,-0.046800537867771205,0.8325275026552497,0.0
robocasa/CloseFridgeDrawer,28,3810415,1,oracle_real_utility,8,-0.04376948507806919,0.9220821587801173,0.0
robocasa/TurnOnBlender,29,3900411,0,random,1,-0.051936657172355655,0.4037152481090558,0.0
robocasa/TurnOnBlender,29,3900411,0,random,2,-0.051981963922246716,0.4025938460051897,0.0
robocasa/TurnOnBlender,29,3900411,0,random,4,-0.05530758874934374,0.32028022415541046,0.0
robocasa/TurnOnBlender,29,3900411,0,random,8,-0.05787543974369272,0.25672250892752385,0.0
robocasa/TurnOnBlender,29,3900411,0,learned_wam,1,-0.051936657172355655,0.4037152481090558,0.0
robocasa/TurnOnBlender,29,3900411,0,learned_wam,2,-0.04668615957992991,0.5336720218932385,0.0
robocasa/TurnOnBlender,29,3900411,0,learned_wam,4,-0.04133884400861186,0.6660251689657929,0.0
robocasa/TurnOnBlender,29,3900411,0,learned_wam,8,-0.035719366936357196,0.8051146738763182,0.0
robocasa/TurnOnBlender,29,3900411,0,learned_physics_score,1,-0.051936657172355655,0.4037152481090558,0.0
robocasa/TurnOnBlender,29,3900411,0,learned_physics_score,2,-0.04668615957992991,0.5336720218932385,0.0
robocasa/TurnOnBlender,29,3900411,0,learned_physics_score,4,-0.04133884400861186,0.6660251689657929,0.0
robocasa/TurnOnBlender,29,3900411,0,learned_physics_score,8,-0.035719366936357196,0.8051146738763182,0.0
robocasa/TurnOnBlender,29,3900411,0,learned_energy_regularized,1,-0.051936657172355655,0.4037152481090558,0.0
robocasa/TurnOnBlender,29,3900411,0,learned_energy_regularized,2,-0.04719699745992754,0.5210281073608308,0.0
robocasa/TurnOnBlender,29,3900411,0,learned_energy_regularized,4,-0.04018395041856854,0.6946103158750256,0.0
robocasa/TurnOnBlender,29,3900411,0,learned_energy_regularized,8,-0.03373578200837005,0.8542110296464852,0.0
robocasa/TurnOnBlender,29,3900411,0,predicted_progress,1,-0.051936657172355655,0.4037152481090558,0.0
robocasa/TurnOnBlender,29,3900411,0,predicted_progress,2,-0.05252041051906402,0.3892665791422561,0.0
robocasa/TurnOnBlender,29,3900411,0,predicted_progress,4,-0.056119636176238684,0.30018097415075345,0.0
robocasa/TurnOnBlender,29,3900411,0,predicted_progress,8,-0.05970629374650661,0.2114064459664084,0.0
robocasa/TurnOnBlender,29,3900411,0,predicted_success,1,-0.051936657172355655,0.4037152481090558,0.0
robocasa/TurnOnBlender,29,3900411,0,predicted_success,2,-0.051936657172355655,0.4037152481090558,0.0
robocasa/TurnOnBlender,29,3900411,0,predicted_success,4,-0.051936657172355655,0.4037152481090558,0.0
robocasa/TurnOnBlender,29,3900411,0,predicted_success,8,-0.051936657172355655,0.4037152481090558,0.0
robocasa/TurnOnBlender,29,3900411,0,low_energy,1,-0.05193665717235565,0.4037152481090558,0.0
robocasa/TurnOnBlender,29,3900411,0,low_energy,2,-0.04745475739170004,0.5146482074457621,0.0
robocasa/TurnOnBlender,29,3900411,0,low_energy,4,-0.04038550670712629,0.6896215306150029,0.0
robocasa/TurnOnBlender,29,3900411,0,low_energy,8,-0.033783231291705705,0.853036597000412,0.0
robocasa/TurnOnBlender,29,3900411,0,distance_progress,1,-0.051936657172355655,0.4037152481090558,0.0
robocasa/TurnOnBlender,29,3900411,0,distance_progress,2,-0.046747751029803254,0.532147551883048,0.0
robocasa/TurnOnBlender,29,3900411,0,distance_progress,4,-0.0427489570003568,0.6311230036276558,0.0
robocasa/TurnOnBlender,29,3900411,0,distance_progress,8,-0.042374492685021053,0.6403914917017269,0.0
robocasa/TurnOnBlender,29,3900411,0,oracle_real_utility,1,-0.051936657172355655,0.4037152481090558,0.0
robocasa/TurnOnBlender,29,3900411,0,oracle_real_utility,2,-0.045255789960887895,0.569075565602651,0.0
robocasa/TurnOnBlender,29,3900411,0,oracle_real_utility,4,-0.038785417232872786,0.7292258656669772,0.0
robocasa/TurnOnBlender,29,3900411,0,oracle_real_utility,8,-0.03322580045297162,0.8668337490101942,0.0
robocasa/TurnOnBlender,29,3910418,1,random,1,-0.056355953737376556,0.4429382314438205,0.0
robocasa/TurnOnBlender,29,3910418,1,random,2,-0.05078417204613925,0.6147612397906502,0.0
robocasa/TurnOnBlender,29,3910418,1,random,4,-0.04487457694036292,0.79700176274278,0.0
robocasa/TurnOnBlender,29,3910418,1,random,8,-0.04073381413675995,0.924694906730214,0.0
robocasa/TurnOnBlender,29,3910418,1,learned_wam,1,-0.056355953737376556,0.4429382314438205,0.0
robocasa/TurnOnBlender,29,3910418,1,learned_wam,2,-0.050479403583718746,0.6241597117632125,0.0
robocasa/TurnOnBlender,29,3910418,1,learned_wam,4,-0.04536356591148642,0.7819222853470669,0.0
robocasa/TurnOnBlender,29,3910418,1,learned_wam,8,-0.04198131292917978,0.8862244483919564,0.0
robocasa/TurnOnBlender,29,3910418,1,learned_physics_score,1,-0.056355953737376556,0.4429382314438205,0.0
robocasa/TurnOnBlender,29,3910418,1,learned_physics_score,2,-0.050479403583718746,0.6241597117632125,0.0
robocasa/TurnOnBlender,29,3910418,1,learned_physics_score,4,-0.04536356591148642,0.7819222853470669,0.0
robocasa/TurnOnBlender,29,3910418,1,learned_physics_score,8,-0.04198131292917978,0.8862244483919564,0.0
robocasa/TurnOnBlender,29,3910418,1,learned_energy_regularized,1,-0.05635595373737656,0.4429382314438205,0.0
robocasa/TurnOnBlender,29,3910418,1,learned_energy_regularized,2,-0.050621285234009106,0.6197843551299038,0.0
robocasa/TurnOnBlender,29,3910418,1,learned_energy_regularized,4,-0.04487612810968067,0.7969539276707329,0.0
robocasa/TurnOnBlender,29,3910418,1,learned_energy_regularized,8,-0.04073582038205539,0.9246330379921249,0.0
robocasa/TurnOnBlender,29,3910418,1,predicted_progress,1,-0.056355953737376556,0.4429382314438205,0.0
robocasa/TurnOnBlender,29,3910418,1,predicted_progress,2,-0.05427129353507492,0.5072251341241075,0.0
robocasa/TurnOnBlender,29,3910418,1,predicted_progress,4,-0.05140031520090256,0.5957605724475208,0.0
robocasa/TurnOnBlender,29,3910418,1,predicted_progress,8,-0.049232375947879235,0.6626156405406368,0.0
robocasa/TurnOnBlender,29,3910418,1,predicted_success,1,-0.05635595373737656,0.4429382314438205,0.0
robocasa/TurnOnBlender,29,3910418,1,predicted_success,2,-0.05635595373737656,0.4429382314438205,0.0
robocasa/TurnOnBlender,29,3910418,1,predicted_success,4,-0.05635595373737656,0.4429382314438205,0.0
robocasa/TurnOnBlender,29,3910418,1,predicted_success,8,-0.05635595373737656,0.4429382314438205,0.0
robocasa/TurnOnBlender,29,3910418,1,low_energy,1,-0.05635595373737656,0.4429382314438205,0.0
robocasa/TurnOnBlender,29,3910418,1,low_energy,2,-0.05145948778316484,0.5939358040593506,0.0
robocasa/TurnOnBlender,29,3910418,1,low_energy,4,-0.04631496039977785,0.7525831130388775,0.0
robocasa/TurnOnBlender,29,3910418,1,low_energy,8,-0.04142695135155355,0.9033198909735342,0.0
robocasa/TurnOnBlender,29,3910418,1,distance_progress,1,-0.056355953737376556,0.4429382314438205,0.0
robocasa/TurnOnBlender,29,3910418,1,distance_progress,2,-0.05456081587932607,0.4982968230506326,0.0
robocasa/TurnOnBlender,29,3910418,1,distance_progress,4,-0.0536121315677842,0.5275524187314404,0.0
robocasa/TurnOnBlender,29,3910418,1,distance_progress,8,-0.049980549171025526,0.6395434203623563,0.0
robocasa/TurnOnBlender,29,3910418,1,oracle_real_utility,1,-0.056355953737376556,0.4429382314438205,0.0
robocasa/TurnOnBlender,29,3910418,1,oracle_real_utility,2,-0.05000065890223304,0.638923275011264,0.0
robocasa/TurnOnBlender,29,3910418,1,oracle_real_utility,4,-0.04445962500636691,0.8097980806119205,0.0
robocasa/TurnOnBlender,29,3910418,1,oracle_real_utility,8,-0.04069484356189537,0.9258966841474391,0.0
robocasa/PickPlaceCabinetToCounter,30,4000414,0,random,1,-0.057695966631248825,0.5077666599903918,0.0
robocasa/PickPlaceCabinetToCounter,30,4000414,0,random,2,-0.05541712665431284,0.5851210156768576,0.0
robocasa/PickPlaceCabinetToCounter,30,4000414,0,random,4,-0.05132016742577709,0.7241907373793943,0.0
robocasa/PickPlaceCabinetToCounter,30,4000414,0,random,8,-0.047437823466246046,0.8559754254585265,0.0
robocasa/PickPlaceCabinetToCounter,30,4000414,0,learned_wam,1,-0.05769596663124883,0.5077666599903918,0.0
robocasa/PickPlaceCabinetToCounter,30,4000414,0,learned_wam,2,-0.05399745278237026,0.6333113049294994,0.0
robocasa/PickPlaceCabinetToCounter,30,4000414,0,learned_wam,4,-0.050243657932218244,0.7607324424167845,0.0
robocasa/PickPlaceCabinetToCounter,30,4000414,0,learned_wam,8,-0.04788561090976668,0.8407754511169311,0.0
robocasa/PickPlaceCabinetToCounter,30,4000414,0,learned_physics_score,1,-0.05769596663124883,0.5077666599903918,0.0
robocasa/PickPlaceCabinetToCounter,30,4000414,0,learned_physics_score,2,-0.05399745278237026,0.6333113049294994,0.0
robocasa/PickPlaceCabinetToCounter,30,4000414,0,learned_physics_score,4,-0.050243657932218244,0.7607324424167845,0.0
robocasa/PickPlaceCabinetToCounter,30,4000414,0,learned_physics_score,8,-0.04788561090976668,0.8407754511169311,0.0
robocasa/PickPlaceCabinetToCounter,30,4000414,0,learned_energy_regularized,1,-0.057695966631248825,0.5077666599903918,0.0
robocasa/PickPlaceCabinetToCounter,30,4000414,0,learned_energy_regularized,2,-0.05248792926908429,0.6845515060606059,0.0
robocasa/PickPlaceCabinetToCounter,30,4000414,0,learned_energy_regularized,4,-0.048110718178335704,0.8331342705615902,0.0
robocasa/PickPlaceCabinetToCounter,30,4000414,0,learned_energy_regularized,8,-0.046612140600116446,0.8840029160928998,0.0
robocasa/PickPlaceCabinetToCounter,30,4000414,0,predicted_progress,1,-0.05769596663124883,0.5077666599903918,0.0
robocasa/PickPlaceCabinetToCounter,30,4000414,0,predicted_progress,2,-0.05537097906735676,0.5866874779522264,0.0
robocasa/PickPlaceCabinetToCounter,30,4000414,0,predicted_progress,4,-0.054475804522702204,0.617073837165471,0.0
robocasa/PickPlaceCabinetToCounter,30,4000414,0,predicted_progress,8,-0.057614676656899004,0.510526017230585,0.0
robocasa/PickPlaceCabinetToCounter,30,4000414,0,predicted_success,1,-0.05769596663124883,0.5077666599903918,0.0
robocasa/PickPlaceCabinetToCounter,30,4000414,0,predicted_success,2,-0.05769596663124883,0.5077666599903918,0.0
robocasa/PickPlaceCabinetToCounter,30,4000414,0,predicted_success,4,-0.05769596663124883,0.5077666599903918,0.0
robocasa/PickPlaceCabinetToCounter,30,4000414,0,predicted_success,8,-0.05769596663124883,0.5077666599903918,0.0
robocasa/PickPlaceCabinetToCounter,30,4000414,0,low_energy,1,-0.05769596663124883,0.5077666599903918,0.0
robocasa/PickPlaceCabinetToCounter,30,4000414,0,low_energy,2,-0.05223699698424964,0.6930693069640353,0.0
robocasa/PickPlaceCabinetToCounter,30,4000414,0,low_energy,4,-0.0477303989341332,0.8460440625558503,0.0
robocasa/PickPlaceCabinetToCounter,30,4000414,0,low_energy,8,-0.04648477435475801,0.8883263148157682,0.0
robocasa/PickPlaceCabinetToCounter,30,4000414,0,distance_progress,1,-0.05769596663124883,0.5077666599903918,0.0
robocasa/PickPlaceCabinetToCounter,30,4000414,0,distance_progress,2,-0.054275865664428526,0.623860685612479,0.0
robocasa/PickPlaceCabinetToCounter,30,4000414,0,distance_progress,4,-0.04904145617735415,0.8015407234254788,0.0
robocasa/PickPlaceCabinetToCounter,30,4000414,0,distance_progress,8,-0.04480583279397849,0.9453173470882272,0.0
robocasa/PickPlaceCabinetToCounter,30,4000414,0,oracle_real_utility,1,-0.05769596663124883,0.5077666599903918,0.0
robocasa/PickPlaceCabinetToCounter,30,4000414,0,oracle_real_utility,2,-0.0515917831509476,0.714970844965919,0.0
robocasa/PickPlaceCabinetToCounter,30,4000414,0,oracle_real_utility,4,-0.04653288187008343,0.8866933235178542,0.0
robocasa/PickPlaceCabinetToCounter,30,4000414,0,oracle_real_utility,8,-0.043920213195630574,0.9753793672857227,0.0
robocasa/PickPlaceCabinetToCounter,30,4010421,1,random,1,-0.04690159779201451,0.5566063351126151,0.0
robocasa/PickPlaceCabinetToCounter,30,4010421,1,random,2,-0.04680863404787342,0.5580836335644177,0.0
robocasa/PickPlaceCabinetToCounter,30,4010421,1,random,4,-0.043452058218113036,0.6114233986790486,0.0
robocasa/PickPlaceCabinetToCounter,30,4010421,1,random,8,-0.03762131124395872,0.7040805260070607,0.0
robocasa/PickPlaceCabinetToCounter,30,4010421,1,learned_wam,1,-0.04690159779201452,0.5566063351126151,0.0
robocasa/PickPlaceCabinetToCounter,30,4010421,1,learned_wam,2,-0.036553603464663964,0.7210476034833685,0.0
robocasa/PickPlaceCabinetToCounter,30,4010421,1,learned_wam,4,-0.02895797602713264,0.8417506663559535,0.0
robocasa/PickPlaceCabinetToCounter,30,4010421,1,learned_wam,8,-0.025083034243047145,0.9033278494970072,0.0
robocasa/PickPlaceCabinetToCounter,30,4010421,1,learned_physics_score,1,-0.04690159779201452,0.5566063351126151,0.0
robocasa/PickPlaceCabinetToCounter,30,4010421,1,learned_physics_score,2,-0.036553603464663964,0.7210476034833685,0.0
robocasa/PickPlaceCabinetToCounter,30,4010421,1,learned_physics_score,4,-0.02895797602713264,0.8417506663559535,0.0
robocasa/PickPlaceCabinetToCounter,30,4010421,1,learned_physics_score,8,-0.025083034243047145,0.9033278494970072,0.0
robocasa/PickPlaceCabinetToCounter,30,4010421,1,learned_energy_regularized,1,-0.04690159779201452,0.5566063351126151,0.0
robocasa/PickPlaceCabinetToCounter,30,4010421,1,learned_energy_regularized,2,-0.035846173102461416,0.7322894675938946,0.0
robocasa/PickPlaceCabinetToCounter,30,4010421,1,learned_energy_regularized,4,-0.0278857768844194,0.8587891166484696,0.0
robocasa/PickPlaceCabinetToCounter,30,4010421,1,learned_energy_regularized,8,-0.024723962276099267,0.9090339069042119,0.0
robocasa/PickPlaceCabinetToCounter,30,4010421,1,predicted_progress,1,-0.04690159779201451,0.5566063351126151,0.0
robocasa/PickPlaceCabinetToCounter,30,4010421,1,predicted_progress,2,-0.048845145871213046,0.5257211702031,0.0
robocasa/PickPlaceCabinetToCounter,30,4010421,1,predicted_progress,4,-0.05110700990987593,0.48977760668404746,0.0
robocasa/PickPlaceCabinetToCounter,30,4010421,1,predicted_progress,8,-0.05388443323450216,0.44564122625553326,0.0
robocasa/PickPlaceCabinetToCounter,30,4010421,1,predicted_success,1,-0.04690159779201451,0.5566063351126151,0.0
robocasa/PickPlaceCabinetToCounter,30,4010421,1,predicted_success,2,-0.04690159779201451,0.5566063351126151,0.0
robocasa/PickPlaceCabinetToCounter,30,4010421,1,predicted_success,4,-0.04690159779201451,0.5566063351126151,0.0
robocasa/PickPlaceCabinetToCounter,30,4010421,1,predicted_success,8,-0.04690159779201451,0.5566063351126151,0.0
robocasa/PickPlaceCabinetToCounter,30,4010421,1,low_energy,1,-0.04690159779201452,0.5566063351126151,0.0
robocasa/PickPlaceCabinetToCounter,30,4010421,1,low_energy,2,-0.035976081039039445,0.7302250843727077,0.0
robocasa/PickPlaceCabinetToCounter,30,4010421,1,low_energy,4,-0.027902448437866316,0.8585241869135087,0.0
robocasa/PickPlaceCabinetToCounter,30,4010421,1,low_energy,8,-0.024718997649214536,0.9091128004091837,0.0
robocasa/PickPlaceCabinetToCounter,30,4010421,1,distance_progress,1,-0.04690159779201451,0.5566063351126151,0.0
robocasa/PickPlaceCabinetToCounter,30,4010421,1,distance_progress,2,-0.03866642118331359,0.6874725536234502,0.0
robocasa/PickPlaceCabinetToCounter,30,4010421,1,distance_progress,4,-0.03588774392181593,0.731628860519169,0.0
robocasa/PickPlaceCabinetToCounter,30,4010421,1,distance_progress,8,-0.0363684880002747,0.7239892964140221,0.0
robocasa/PickPlaceCabinetToCounter,30,4010421,1,oracle_real_utility,1,-0.04690159779201451,0.5566063351126151,0.0
robocasa/PickPlaceCabinetToCounter,30,4010421,1,oracle_real_utility,2,-0.03528679444236783,0.7411786236424438,0.0
robocasa/PickPlaceCabinetToCounter,30,4010421,1,oracle_real_utility,4,-0.02664638899219008,0.8784843842099203,0.0
robocasa/PickPlaceCabinetToCounter,30,4010421,1,oracle_real_utility,8,-0.021902330773705726,0.9538728049988987,0.0
robocasa/PickPlaceSinkToCounter,31,4100417,0,random,1,-0.05718678711564136,0.48627535450038345,0.0
robocasa/PickPlaceSinkToCounter,31,4100417,0,random,2,-0.054233611269020876,0.5486197092613007,0.0
robocasa/PickPlaceSinkToCounter,31,4100417,0,random,4,-0.05503013036024845,0.5318044326315114,0.0
robocasa/PickPlaceSinkToCounter,31,4100417,0,random,8,-0.056572500409408304,0.4992435319227118,0.0
robocasa/PickPlaceSinkToCounter,31,4100417,0,learned_wam,1,-0.057186787115641374,0.4862753545003834,0.0
robocasa/PickPlaceSinkToCounter,31,4100417,0,learned_wam,2,-0.04951861058233281,0.6481578643783552,0.0
robocasa/PickPlaceSinkToCounter,31,4100417,0,learned_wam,4,-0.04331129235288673,0.7792002641234821,0.0
robocasa/PickPlaceSinkToCounter,31,4100417,0,learned_wam,8,-0.038744331364585466,0.875613160212874,0.0
robocasa/PickPlaceSinkToCounter,31,4100417,0,learned_physics_score,1,-0.057186787115641374,0.4862753545003834,0.0
robocasa/PickPlaceSinkToCounter,31,4100417,0,learned_physics_score,2,-0.04951861058233281,0.6481578643783552,0.0
robocasa/PickPlaceSinkToCounter,31,4100417,0,learned_physics_score,4,-0.04331129235288673,0.7792002641234821,0.0
robocasa/PickPlaceSinkToCounter,31,4100417,0,learned_physics_score,8,-0.038744331364585466,0.875613160212874,0.0
robocasa/PickPlaceSinkToCounter,31,4100417,0,learned_energy_regularized,1,-0.05718678711564136,0.4862753545003834,0.0
robocasa/PickPlaceSinkToCounter,31,4100417,0,learned_energy_regularized,2,-0.050218269888449005,0.6333873900626446,0.0
robocasa/PickPlaceSinkToCounter,31,4100417,0,learned_energy_regularized,4,-0.0438379171136896,0.7680827138594335,0.0
robocasa/PickPlaceSinkToCounter,31,4100417,0,learned_energy_regularized,8,-0.03880045923127286,0.8744282474902751,0.0
robocasa/PickPlaceSinkToCounter,31,4100417,0,predicted_progress,1,-0.057186787115641374,0.48627535450038345,0.0
robocasa/PickPlaceSinkToCounter,31,4100417,0,predicted_progress,2,-0.05534339106712103,0.5251912007563189,0.0
robocasa/PickPlaceSinkToCounter,31,4100417,0,predicted_progress,4,-0.05423745774470179,0.5485385064962488,0.0
robocasa/PickPlaceSinkToCounter,31,4100417,0,predicted_progress,8,-0.05414914213861948,0.5504029330534488,0.0
robocasa/PickPlaceSinkToCounter,31,4100417,0,predicted_success,1,-0.05718678711564136,0.4862753545003834,0.0
robocasa/PickPlaceSinkToCounter,31,4100417,0,predicted_success,2,-0.05718678711564136,0.4862753545003834,0.0
robocasa/PickPlaceSinkToCounter,31,4100417,0,predicted_success,4,-0.05718678711564136,0.4862753545003834,0.0
robocasa/PickPlaceSinkToCounter,31,4100417,0,predicted_success,8,-0.05718678711564136,0.4862753545003834,0.0
robocasa/PickPlaceSinkToCounter,31,4100417,0,low_energy,1,-0.05718678711564136,0.4862753545003834,0.0
robocasa/PickPlaceSinkToCounter,31,4100417,0,low_energy,2,-0.05144404321276261,0.6075101477457239,0.0
robocasa/PickPlaceSinkToCounter,31,4100417,0,low_energy,4,-0.044121966958150786,0.7620861511105078,0.0
robocasa/PickPlaceSinkToCounter,31,4100417,0,low_energy,8,-0.03880694832228015,0.8742912565988261,0.0
robocasa/PickPlaceSinkToCounter,31,4100417,0,distance_progress,1,-0.05718678711564136,0.48627535450038345,0.0
robocasa/PickPlaceSinkToCounter,31,4100417,0,distance_progress,2,-0.053648547234719686,0.5609709682471371,0.0
robocasa/PickPlaceSinkToCounter,31,4100417,0,distance_progress,4,-0.05370968980492917,0.5596801903571256,0.0
robocasa/PickPlaceSinkToCounter,31,4100417,0,distance_progress,8,-0.054570788635942974,0.5415015739139596,0.0
robocasa/PickPlaceSinkToCounter,31,4100417,0,oracle_real_utility,1,-0.057186787115641374,0.4862753545003834,0.0
robocasa/PickPlaceSinkToCounter,31,4100417,0,oracle_real_utility,2,-0.04884735417688854,0.6623287264096311,0.0
robocasa/PickPlaceSinkToCounter,31,4100417,0,oracle_real_utility,4,-0.04217883609252454,0.8031074943441397,0.0
robocasa/PickPlaceSinkToCounter,31,4100417,0,oracle_real_utility,8,-0.03719283232361493,0.9083667826333545,0.0
robocasa/PickPlaceSinkToCounter,31,4110424,1,random,1,-0.060553816845258394,0.6852046925989369,0.0
robocasa/PickPlaceSinkToCounter,31,4110424,1,random,2,-0.0529278468636773,0.8474639210998582,0.0
robocasa/PickPlaceSinkToCounter,31,4110424,1,random,4,-0.04976739415328596,0.914709480647081,0.0
robocasa/PickPlaceSinkToCounter,31,4110424,1,random,8,-0.047861191732187405,0.9552681158057672,0.0
robocasa/PickPlaceSinkToCounter,31,4110424,1,learned_wam,1,-0.060553816845258394,0.6852046925989369,0.0
robocasa/PickPlaceSinkToCounter,31,4110424,1,learned_wam,2,-0.054197452850559706,0.8204502705833664,0.0
robocasa/PickPlaceSinkToCounter,31,4110424,1,learned_wam,4,-0.052285963359888527,0.8611213997371715,0.0
robocasa/PickPlaceSinkToCounter,31,4110424,1,learned_wam,8,-0.051589146261539875,0.8759477110205081,0.0
robocasa/PickPlaceSinkToCounter,31,4110424,1,learned_physics_score,1,-0.060553816845258394,0.6852046925989369,0.0
robocasa/PickPlaceSinkToCounter,31,4110424,1,learned_physics_score,2,-0.054197452850559706,0.8204502705833664,0.0
robocasa/PickPlaceSinkToCounter,31,4110424,1,learned_physics_score,4,-0.052285963359888527,0.8611213997371715,0.0
robocasa/PickPlaceSinkToCounter,31,4110424,1,learned_physics_score,8,-0.051589146261539875,0.8759477110205081,0.0
robocasa/PickPlaceSinkToCounter,31,4110424,1,learned_energy_regularized,1,-0.060553816845258394,0.685204692598937,0.0
robocasa/PickPlaceSinkToCounter,31,4110424,1,learned_energy_regularized,2,-0.05441875235614807,0.8157416384839572,0.0
robocasa/PickPlaceSinkToCounter,31,4110424,1,learned_energy_regularized,4,-0.05326458432017438,0.8402990935394894,0.0
robocasa/PickPlaceSinkToCounter,31,4110424,1,learned_energy_regularized,8,-0.05391410343169853,0.8264791506093361,0.0
robocasa/PickPlaceSinkToCounter,31,4110424,1,predicted_progress,1,-0.060553816845258394,0.685204692598937,0.0
robocasa/PickPlaceSinkToCounter,31,4110424,1,predicted_progress,2,-0.05626495530690855,0.7764596235835508,0.0
robocasa/PickPlaceSinkToCounter,31,4110424,1,predicted_progress,4,-0.053661569496777715,0.8318523636628259,0.0
robocasa/PickPlaceSinkToCounter,31,4110424,1,predicted_progress,8,-0.04956167804523463,0.9190865418030049,0.0
robocasa/PickPlaceSinkToCounter,31,4110424,1,predicted_success,1,-0.0605538168452584,0.685204692598937,0.0
robocasa/PickPlaceSinkToCounter,31,4110424,1,predicted_success,2,-0.0605538168452584,0.685204692598937,0.0
robocasa/PickPlaceSinkToCounter,31,4110424,1,predicted_success,4,-0.0605538168452584,0.685204692598937,0.0
robocasa/PickPlaceSinkToCounter,31,4110424,1,predicted_success,8,-0.0605538168452584,0.685204692598937,0.0
robocasa/PickPlaceSinkToCounter,31,4110424,1,low_energy,1,-0.060553816845258394,0.685204692598937,0.0
robocasa/PickPlaceSinkToCounter,31,4110424,1,low_energy,2,-0.05601078180259657,0.7818677220699924,0.0
robocasa/PickPlaceSinkToCounter,31,4110424,1,low_energy,4,-0.0541878219157098,0.8206551898345912,0.0
robocasa/PickPlaceSinkToCounter,31,4110424,1,low_energy,8,-0.05421212193056582,0.8201381537496575,0.0
robocasa/PickPlaceSinkToCounter,31,4110424,1,distance_progress,1,-0.060553816845258394,0.685204692598937,0.0
robocasa/PickPlaceSinkToCounter,31,4110424,1,distance_progress,2,-0.05626495530690855,0.7764596235835508,0.0
robocasa/PickPlaceSinkToCounter,31,4110424,1,distance_progress,4,-0.053661569496777715,0.8318523636628259,0.0
robocasa/PickPlaceSinkToCounter,31,4110424,1,distance_progress,8,-0.04956167804523463,0.9190865418030049,0.0
robocasa/PickPlaceSinkToCounter,31,4110424,1,oracle_real_utility,1,-0.060553816845258394,0.685204692598937,0.0
robocasa/PickPlaceSinkToCounter,31,4110424,1,oracle_real_utility,2,-0.05213579712331151,0.8643165156047559,0.0
robocasa/PickPlaceSinkToCounter,31,4110424,1,oracle_real_utility,4,-0.048157244740448385,0.9489689390673551,0.0
robocasa/PickPlaceSinkToCounter,31,4110424,1,oracle_real_utility,8,-0.046539383398430764,0.9833924856865115,0.0
robocasa/CleanMicrowave,32,4200420,0,random,1,-0.046331605584846565,0.4658361533569248,0.0
robocasa/CleanMicrowave,32,4200420,0,random,2,-0.048806876548854634,0.4140456519921366,0.0
robocasa/CleanMicrowave,32,4200420,0,random,4,-0.05254597329041999,0.3358119160848768,0.0
robocasa/CleanMicrowave,32,4200420,0,random,8,-0.05872597079915562,0.2065068120924251,0.0
robocasa/CleanMicrowave,32,4200420,0,learned_wam,1,-0.046331605584846565,0.46583615335692485,0.0
robocasa/CleanMicrowave,32,4200420,0,learned_wam,2,-0.0384561470433985,0.6306156673050665,0.0
robocasa/CleanMicrowave,32,4200420,0,learned_wam,4,-0.03006618097763207,0.8061603067800138,0.0
robocasa/CleanMicrowave,32,4200420,0,learned_wam,8,-0.024811637167029887,0.916101990883025,0.0
robocasa/CleanMicrowave,32,4200420,0,learned_physics_score,1,-0.046331605584846565,0.46583615335692485,0.0
robocasa/CleanMicrowave,32,4200420,0,learned_physics_score,2,-0.0384561470433985,0.6306156673050665,0.0
robocasa/CleanMicrowave,32,4200420,0,learned_physics_score,4,-0.03006618097763207,0.8061603067800138,0.0
robocasa/CleanMicrowave,32,4200420,0,learned_physics_score,8,-0.024811637167029887,0.916101990883025,0.0
robocasa/CleanMicrowave,32,4200420,0,learned_energy_regularized,1,-0.046331605584846565,0.46583615335692485,0.0
robocasa/CleanMicrowave,32,4200420,0,learned_energy_regularized,2,-0.03733073731989929,0.6541627999900688,0.0
robocasa/CleanMicrowave,32,4200420,0,learned_energy_regularized,4,-0.030162664856183886,0.804141558725164,0.0
robocasa/CleanMicrowave,32,4200420,0,learned_energy_regularized,8,-0.025272446056110634,0.906460410730443,0.0
robocasa/CleanMicrowave,32,4200420,0,predicted_progress,1,-0.04633160558484655,0.4658361533569248,0.0
robocasa/CleanMicrowave,32,4200420,0,predicted_progress,2,-0.0448661012704038,0.49649914108670085,0.0
robocasa/CleanMicrowave,32,4200420,0,predicted_progress,4,-0.04593999859051817,0.4740298108874055,0.0
robocasa/CleanMicrowave,32,4200420,0,predicted_progress,8,-0.053219565605778965,0.3217182333183562,0.0
robocasa/CleanMicrowave,32,4200420,0,predicted_success,1,-0.04633160558484656,0.4658361533569248,0.0
robocasa/CleanMicrowave,32,4200420,0,predicted_success,2,-0.04633160558484656,0.4658361533569248,0.0
robocasa/CleanMicrowave,32,4200420,0,predicted_success,4,-0.04633160558484656,0.4658361533569248,0.0
robocasa/CleanMicrowave,32,4200420,0,predicted_success,8,-0.04633160558484656,0.4658361533569248,0.0
robocasa/CleanMicrowave,32,4200420,0,low_energy,1,-0.046331605584846565,0.4658361533569248,0.0
robocasa/CleanMicrowave,32,4200420,0,low_energy,2,-0.037395141045519505,0.6528152702496357,0.0
robocasa/CleanMicrowave,32,4200420,0,low_energy,4,-0.030932851674637662,0.7880268132882914,0.0
robocasa/CleanMicrowave,32,4200420,0,low_energy,8,-0.026756705538156206,0.8754050055451825,0.0
robocasa/CleanMicrowave,32,4200420,0,distance_progress,1,-0.04633160558484656,0.46583615335692485,0.0
robocasa/CleanMicrowave,32,4200420,0,distance_progress,2,-0.04021374000268072,0.5938412608340056,0.0
robocasa/CleanMicrowave,32,4200420,0,distance_progress,4,-0.03563129034901756,0.6897206083854441,0.0
robocasa/CleanMicrowave,32,4200420,0,distance_progress,8,-0.03310965574380868,0.7424811838382016,0.0
robocasa/CleanMicrowave,32,4200420,0,oracle_real_utility,1,-0.046331605584846565,0.46583615335692485,0.0
robocasa/CleanMicrowave,32,4200420,0,oracle_real_utility,2,-0.036832040925327734,0.6645971066495109,0.0
robocasa/CleanMicrowave,32,4200420,0,oracle_real_utility,4,-0.02933335982456308,0.8214932442563658,0.0
robocasa/CleanMicrowave,32,4200420,0,oracle_real_utility,8,-0.024751075833889594,0.9173691256138333,0.0
robocasa/CleanMicrowave,32,4210427,1,random,1,-0.06547075253362057,0.4864028267202031,0.0
robocasa/CleanMicrowave,32,4210427,1,random,2,-0.06297971273489068,0.528924215407989,0.0
robocasa/CleanMicrowave,32,4210427,1,random,4,-0.05920239048586718,0.593402104372928,0.0
robocasa/CleanMicrowave,32,4210427,1,random,8,-0.05482476752256454,0.6681269673181436,0.0
robocasa/CleanMicrowave,32,4210427,1,learned_wam,1,-0.06547075253362059,0.4864028267202031,0.0
robocasa/CleanMicrowave,32,4210427,1,learned_wam,2,-0.0556642535746206,0.6537971630590341,0.0
robocasa/CleanMicrowave,32,4210427,1,learned_wam,4,-0.04838391318865815,0.7780706425468911,0.0
robocasa/CleanMicrowave,32,4210427,1,learned_wam,8,-0.042727918424279865,0.8746169730851807,0.0
robocasa/CleanMicrowave,32,4210427,1,learned_physics_score,1,-0.06547075253362059,0.4864028267202031,0.0
robocasa/CleanMicrowave,32,4210427,1,learned_physics_score,2,-0.0556642535746206,0.6537971630590341,0.0
robocasa/CleanMicrowave,32,4210427,1,learned_physics_score,4,-0.04838391318865815,0.7780706425468911,0.0
robocasa/CleanMicrowave,32,4210427,1,learned_physics_score,8,-0.042727918424279865,0.8746169730851807,0.0
robocasa/CleanMicrowave,32,4210427,1,learned_energy_regularized,1,-0.06547075253362057,0.4864028267202031,0.0
robocasa/CleanMicrowave,32,4210427,1,learned_energy_regularized,2,-0.055756129387926644,0.6522288672933123,0.0
robocasa/CleanMicrowave,32,4210427,1,learned_energy_regularized,4,-0.04881190557452239,0.7707649260328373,0.0
robocasa/CleanMicrowave,32,4210427,1,learned_energy_regularized,8,-0.04329311312027441,0.8649692495261623,0.0
robocasa/CleanMicrowave,32,4210427,1,predicted_progress,1,-0.06547075253362057,0.4864028267202031,0.0
robocasa/CleanMicrowave,32,4210427,1,predicted_progress,2,-0.05867161262902508,0.6024623416156892,0.0
robocasa/CleanMicrowave,32,4210427,1,predicted_progress,4,-0.053718374667858816,0.6870127999091434,0.0
robocasa/CleanMicrowave,32,4210427,1,predicted_progress,8,-0.05227486262667037,0.7116531676022526,0.0
robocasa/CleanMicrowave,32,4210427,1,predicted_success,1,-0.06547075253362059,0.4864028267202031,0.0
robocasa/CleanMicrowave,32,4210427,1,predicted_success,2,-0.06547075253362059,0.4864028267202031,0.0
robocasa/CleanMicrowave,32,4210427,1,predicted_success,4,-0.06547075253362059,0.4864028267202031,0.0
robocasa/CleanMicrowave,32,4210427,1,predicted_success,8,-0.06547075253362059,0.4864028267202031,0.0
robocasa/CleanMicrowave,32,4210427,1,low_energy,1,-0.06547075253362057,0.4864028267202031,0.0
robocasa/CleanMicrowave,32,4210427,1,low_energy,2,-0.055756129387926644,0.6522288672933123,0.0
robocasa/CleanMicrowave,32,4210427,1,low_energy,4,-0.04881190557452239,0.7707649260328373,0.0
robocasa/CleanMicrowave,32,4210427,1,low_energy,8,-0.04329311312027441,0.8649692495261623,0.0
robocasa/CleanMicrowave,32,4210427,1,distance_progress,1,-0.06547075253362059,0.4864028267202031,0.0
robocasa/CleanMicrowave,32,4210427,1,distance_progress,2,-0.055328478462725685,0.6595287551644065,0.0
robocasa/CleanMicrowave,32,4210427,1,distance_progress,4,-0.04764222355332669,0.7907310879101933,0.0
robocasa/CleanMicrowave,32,4210427,1,distance_progress,8,-0.0420303517627645,0.8865242509877899,0.0
robocasa/CleanMicrowave,32,4210427,1,oracle_real_utility,1,-0.06547075253362059,0.486402826720203,0.0
robocasa/CleanMicrowave,32,4210427,1,oracle_real_utility,2,-0.05525052956965668,0.6608593220953962,0.0
robocasa/CleanMicrowave,32,4210427,1,oracle_real_utility,4,-0.04757578399431178,0.7918651935613992,0.0
robocasa/CleanMicrowave,32,4210427,1,oracle_real_utility,8,-0.04196560731518263,0.8876294215364131,0.0
robocasa/ClearSink,33,4300423,0,random,1,-0.04441838018953103,0.5797574621450957,0.0
robocasa/ClearSink,33,4300423,0,random,2,-0.04495779456323633,0.5640186659845677,0.0
robocasa/ClearSink,33,4300423,0,random,4,-0.04367763621337134,0.6013705651994936,0.0
robocasa/ClearSink,33,4300423,0,random,8,-0.039974504562326554,0.7094189173615635,0.0
robocasa/ClearSink,33,4300423,0,learned_wam,1,-0.04441838018953103,0.5797574621450957,0.0
robocasa/ClearSink,33,4300423,0,learned_wam,2,-0.0399584604274447,0.7098870460967006,0.0
robocasa/ClearSink,33,4300423,0,learned_wam,4,-0.03747493432531038,0.7823502821286663,0.0
robocasa/ClearSink,33,4300423,0,learned_wam,8,-0.034662876847352066,0.8643992626429557,0.0
robocasa/ClearSink,33,4300423,0,learned_physics_score,1,-0.04441838018953103,0.5797574621450957,0.0
robocasa/ClearSink,33,4300423,0,learned_physics_score,2,-0.0399584604274447,0.7098870460967006,0.0
robocasa/ClearSink,33,4300423,0,learned_physics_score,4,-0.03747493432531038,0.7823502821286663,0.0
robocasa/ClearSink,33,4300423,0,learned_physics_score,8,-0.034662876847352066,0.8643992626429557,0.0
robocasa/ClearSink,33,4300423,0,learned_energy_regularized,1,-0.04441838018953102,0.5797574621450957,0.0
robocasa/ClearSink,33,4300423,0,learned_energy_regularized,2,-0.04087308521076205,0.6832005250662782,0.0
robocasa/ClearSink,33,4300423,0,learned_energy_regularized,4,-0.04109519341054384,0.6767199493672382,0.0
robocasa/ClearSink,33,4300423,0,learned_energy_regularized,8,-0.04289694865790327,0.6241491245029309,0.0
robocasa/ClearSink,33,4300423,0,predicted_progress,1,-0.04441838018953102,0.5797574621450957,0.0
robocasa/ClearSink,33,4300423,0,predicted_progress,2,-0.0408059351006409,0.6851598015462395,0.0
robocasa/ClearSink,33,4300423,0,predicted_progress,4,-0.036769563659851755,0.8029312782282149,0.0
robocasa/ClearSink,33,4300423,0,predicted_progress,8,-0.03301605588035041,0.9124494829855873,0.0
robocasa/ClearSink,33,4300423,0,predicted_success,1,-0.04441838018953102,0.5797574621450957,0.0
robocasa/ClearSink,33,4300423,0,predicted_success,2,-0.04441838018953102,0.5797574621450957,0.0
robocasa/ClearSink,33,4300423,0,predicted_success,4,-0.04441838018953102,0.5797574621450957,0.0
robocasa/ClearSink,33,4300423,0,predicted_success,8,-0.04441838018953102,0.5797574621450957,0.0
robocasa/ClearSink,33,4300423,0,low_energy,1,-0.04441838018953102,0.5797574621450957,0.0
robocasa/ClearSink,33,4300423,0,low_energy,2,-0.04134749007207769,0.6693585479633662,0.0
robocasa/ClearSink,33,4300423,0,low_energy,4,-0.04181421327847536,0.6557407028206373,0.0
robocasa/ClearSink,33,4300423,0,low_energy,8,-0.0431377433647517,0.6171233220913473,0.0
robocasa/ClearSink,33,4300423,0,distance_progress,1,-0.04441838018953103,0.5797574621450957,0.0
robocasa/ClearSink,33,4300423,0,distance_progress,2,-0.041287609464865566,0.6711057180738073,0.0
robocasa/ClearSink,33,4300423,0,distance_progress,4,-0.036295402206415375,0.8167661532827158,0.0
robocasa/ClearSink,33,4300423,0,distance_progress,8,-0.033253565957059014,0.9055195180725086,0.0
robocasa/ClearSink,33,4300423,0,oracle_real_utility,1,-0.04441838018953103,0.5797574621450957,0.0
robocasa/ClearSink,33,4300423,0,oracle_real_utility,2,-0.03799948713671134,0.7670451101189528,0.0
robocasa/ClearSink,33,4300423,0,oracle_real_utility,4,-0.033572633775741795,0.8962098971123966,0.0
robocasa/ClearSink,33,4300423,0,oracle_real_utility,8,-0.03125593253137451,0.9638055905669027,0.0
robocasa/ClearSink,33,4310430,1,random,1,-0.05323341588809513,0.4363735794813904,0.0
robocasa/ClearSink,33,4310430,1,random,2,-0.05650429809783847,0.37583116242845327,0.0
robocasa/ClearSink,33,4310430,1,random,4,-0.05555255043896943,0.3934475423521214,0.0
robocasa/ClearSink,33,4310430,1,random,8,-0.055120482471530265,0.4014449074061107,0.0
robocasa/ClearSink,33,4310430,1,learned_wam,1,-0.053233415888095124,0.4363735794813904,0.0
robocasa/ClearSink,33,4310430,1,learned_wam,2,-0.042566269702505564,0.6338171961328398,0.0
robocasa/ClearSink,33,4310430,1,learned_wam,4,-0.0330060468957693,0.8107722067902992,0.0
robocasa/ClearSink,33,4310430,1,learned_wam,8,-0.026858475842517743,0.9245607160370826,0.0
robocasa/ClearSink,33,4310430,1,learned_physics_score,1,-0.053233415888095124,0.4363735794813904,0.0
robocasa/ClearSink,33,4310430,1,learned_physics_score,2,-0.042566269702505564,0.6338171961328398,0.0
robocasa/ClearSink,33,4310430,1,learned_physics_score,4,-0.0330060468957693,0.8107722067902992,0.0
robocasa/ClearSink,33,4310430,1,learned_physics_score,8,-0.026858475842517743,0.9245607160370826,0.0
robocasa/ClearSink,33,4310430,1,learned_energy_regularized,1,-0.053233415888095124,0.43637357948139033,0.0
robocasa/ClearSink,33,4310430,1,learned_energy_regularized,2,-0.04473378834437985,0.593697494727675,0.0
robocasa/ClearSink,33,4310430,1,learned_energy_regularized,4,-0.03476990301954414,0.7781240995766393,0.0
robocasa/ClearSink,33,4310430,1,learned_energy_regularized,8,-0.02718731067705563,0.9184741453758638,0.0
robocasa/ClearSink,33,4310430,1,predicted_progress,1,-0.053233415888095124,0.43637357948139033,0.0
robocasa/ClearSink,33,4310430,1,predicted_progress,2,-0.04340126434202932,0.618361857034285,0.0
robocasa/ClearSink,33,4310430,1,predicted_progress,4,-0.0340679397855178,0.7911170929481695,0.0
robocasa/ClearSink,33,4310430,1,predicted_progress,8,-0.02742201477715547,0.9141298881996343,0.0
robocasa/ClearSink,33,4310430,1,predicted_success,1,-0.05323341588809513,0.4363735794813904,0.0
robocasa/ClearSink,33,4310430,1,predicted_success,2,-0.05323341588809513,0.4363735794813904,0.0
robocasa/ClearSink,33,4310430,1,predicted_success,4,-0.05323341588809513,0.4363735794813904,0.0
robocasa/ClearSink,33,4310430,1,predicted_success,8,-0.05323341588809513,0.4363735794813904,0.0
robocasa/ClearSink,33,4310430,1,low_energy,1,-0.053233415888095124,0.43637357948139033,0.0
robocasa/ClearSink,33,4310430,1,low_energy,2,-0.04473378834437985,0.593697494727675,0.0
robocasa/ClearSink,33,4310430,1,low_energy,4,-0.03476990301954414,0.7781240995766393,0.0
robocasa/ClearSink,33,4310430,1,low_energy,8,-0.02718731067705563,0.9184741453758638,0.0
robocasa/ClearSink,33,4310430,1,distance_progress,1,-0.05323341588809512,0.43637357948139033,0.0
robocasa/ClearSink,33,4310430,1,distance_progress,2,-0.045069793174940864,0.5874782109751051,0.0
robocasa/ClearSink,33,4310430,1,distance_progress,4,-0.040742055117164014,0.66758250871145,0.0
robocasa/ClearSink,33,4310430,1,distance_progress,8,-0.042894248834223506,0.6277464641089294,0.0
robocasa/ClearSink,33,4310430,1,oracle_real_utility,1,-0.053233415888095124,0.4363735794813904,0.0
robocasa/ClearSink,33,4310430,1,oracle_real_utility,2,-0.042485696246152574,0.6353085710846459,0.0
robocasa/ClearSink,33,4310430,1,oracle_real_utility,4,-0.03299723417398069,0.8109353259256529,0.0
robocasa/ClearSink,33,4310430,1,oracle_real_utility,8,-0.026858436807373102,0.9245614385583643,0.0
robocasa/ClearCuttingBoard,34,4400426,0,random,1,-0.05414334940702856,0.5855609527554012,0.0
robocasa/ClearCuttingBoard,34,4400426,0,random,2,-0.05082254544541194,0.7255770823772872,0.0
robocasa/ClearCuttingBoard,34,4400426,0,random,4,-0.04930155754395425,0.7897069863479349,0.0
robocasa/ClearCuttingBoard,34,4400426,0,random,8,-0.04886574720222035,0.8080821984965814,0.0
robocasa/ClearCuttingBoard,34,4400426,0,learned_wam,1,-0.05414334940702855,0.5855609527554012,0.0
robocasa/ClearCuttingBoard,34,4400426,0,learned_wam,2,-0.050722271482350034,0.7298049658573285,0.0
robocasa/ClearCuttingBoard,34,4400426,0,learned_wam,4,-0.04752966252216591,0.864415968243486,0.0
robocasa/ClearCuttingBoard,34,4400426,0,learned_wam,8,-0.045902025546665906,0.9330425515567747,0.0
robocasa/ClearCuttingBoard,34,4400426,0,learned_physics_score,1,-0.05414334940702855,0.5855609527554012,0.0
robocasa/ClearCuttingBoard,34,4400426,0,learned_physics_score,2,-0.050722271482350034,0.7298049658573285,0.0
robocasa/ClearCuttingBoard,34,4400426,0,learned_physics_score,4,-0.04752966252216591,0.864415968243486,0.0
robocasa/ClearCuttingBoard,34,4400426,0,learned_physics_score,8,-0.045902025546665906,0.9330425515567747,0.0
robocasa/ClearCuttingBoard,34,4400426,0,learned_energy_regularized,1,-0.05414334940702856,0.5855609527554011,0.0
robocasa/ClearCuttingBoard,34,4400426,0,learned_energy_regularized,2,-0.05386733167880519,0.5971987773483491,0.0
robocasa/ClearCuttingBoard,34,4400426,0,learned_energy_regularized,4,-0.05109852957852795,0.7139406742656973,0.0
robocasa/ClearCuttingBoard,34,4400426,0,learned_energy_regularized,8,-0.047219301568620926,0.8775018173340692,0.0
robocasa/ClearCuttingBoard,34,4400426,0,predicted_progress,1,-0.05414334940702856,0.5855609527554012,0.0
robocasa/ClearCuttingBoard,34,4400426,0,predicted_progress,2,-0.05051577691343184,0.7385114630375446,0.0
robocasa/ClearCuttingBoard,34,4400426,0,predicted_progress,4,-0.04844508069868296,0.8258188961058568,0.0
robocasa/ClearCuttingBoard,34,4400426,0,predicted_progress,8,-0.04803175866544729,0.8432459264424907,0.0
robocasa/ClearCuttingBoard,34,4400426,0,predicted_success,1,-0.05414334940702856,0.5855609527554012,0.0
robocasa/ClearCuttingBoard,34,4400426,0,predicted_success,2,-0.05414334940702856,0.5855609527554012,0.0
robocasa/ClearCuttingBoard,34,4400426,0,predicted_success,4,-0.05414334940702856,0.5855609527554012,0.0
robocasa/ClearCuttingBoard,34,4400426,0,predicted_success,8,-0.05414334940702856,0.5855609527554012,0.0
robocasa/ClearCuttingBoard,34,4400426,0,low_energy,1,-0.05414334940702856,0.5855609527554011,0.0
robocasa/ClearCuttingBoard,34,4400426,0,low_energy,2,-0.0546618170887319,0.5637006324940406,0.0
robocasa/ClearCuttingBoard,34,4400426,0,low_energy,4,-0.05337285281514868,0.6180476493291294,0.0
robocasa/ClearCuttingBoard,34,4400426,0,low_energy,8,-0.05003496534039359,0.7587840766312283,0.0
robocasa/ClearCuttingBoard,34,4400426,0,distance_progress,1,-0.05414334940702856,0.5855609527554012,0.0
robocasa/ClearCuttingBoard,34,4400426,0,distance_progress,2,-0.05035807677896246,0.7451606247238325,0.0
robocasa/ClearCuttingBoard,34,4400426,0,distance_progress,4,-0.04827940615244722,0.8328042854901483,0.0
robocasa/ClearCuttingBoard,34,4400426,0,distance_progress,8,-0.04683128203907949,0.8938620100380217,0.0
robocasa/ClearCuttingBoard,34,4400426,0,oracle_real_utility,1,-0.05414334940702855,0.5855609527554012,0.0
robocasa/ClearCuttingBoard,34,4400426,0,oracle_real_utility,2,-0.049554073056366596,0.7790600932683891,0.0
robocasa/ClearCuttingBoard,34,4400426,0,oracle_real_utility,4,-0.04647536840529734,0.9088685114930426,0.0
robocasa/ClearCuttingBoard,34,4400426,0,oracle_real_utility,8,-0.04500236389233016,0.9709752763623645,0.0
robocasa/ClearCuttingBoard,34,4410433,1,random,1,-0.041703818823926944,0.42412458715334456,0.0
robocasa/ClearCuttingBoard,34,4410433,1,random,2,-0.0363178535373866,0.5092931153282492,0.0
robocasa/ClearCuttingBoard,34,4410433,1,random,4,-0.02710676414840669,0.654948514947584,0.0
robocasa/ClearCuttingBoard,34,4410433,1,random,8,-0.016705485822577814,0.8194244294808934,0.0
robocasa/ClearCuttingBoard,34,4410433,1,learned_wam,1,-0.041703818823926944,0.42412458715334456,0.0
robocasa/ClearCuttingBoard,34,4410433,1,learned_wam,2,-0.03474712480475945,0.5341311243392239,0.0
robocasa/ClearCuttingBoard,34,4410433,1,learned_wam,4,-0.025661173845489178,0.6778077039496142,0.0
robocasa/ClearCuttingBoard,34,4410433,1,learned_wam,8,-0.016687301755460626,0.8197119750089856,0.0
robocasa/ClearCuttingBoard,34,4410433,1,learned_physics_score,1,-0.041703818823926944,0.42412458715334456,0.0
robocasa/ClearCuttingBoard,34,4410433,1,learned_physics_score,2,-0.03474712480475945,0.5341311243392239,0.0
robocasa/ClearCuttingBoard,34,4410433,1,learned_physics_score,4,-0.025661173845489178,0.6778077039496142,0.0
robocasa/ClearCuttingBoard,34,4410433,1,learned_physics_score,8,-0.016687301755460626,0.8197119750089856,0.0
robocasa/ClearCuttingBoard,34,4410433,1,learned_energy_regularized,1,-0.041703818823926944,0.4241245871533445,0.0
robocasa/ClearCuttingBoard,34,4410433,1,learned_energy_regularized,2,-0.03536093310897524,0.5244249440966156,0.0
robocasa/ClearCuttingBoard,34,4410433,1,learned_energy_regularized,4,-0.026429504608862404,0.665658052626846,0.0
robocasa/ClearCuttingBoard,34,4410433,1,learned_energy_regularized,8,-0.017260401878084412,0.8106495152002113,0.0
robocasa/ClearCuttingBoard,34,4410433,1,predicted_progress,1,-0.041703818823926944,0.42412458715334456,0.0
robocasa/ClearCuttingBoard,34,4410433,1,predicted_progress,2,-0.03664902780666019,0.5040562406766582,0.0
robocasa/ClearCuttingBoard,34,4410433,1,predicted_progress,4,-0.03355828326323314,0.5529303328261431,0.0
robocasa/ClearCuttingBoard,34,4410433,1,predicted_progress,8,-0.03403424330987739,0.5454039537118824,0.0
robocasa/ClearCuttingBoard,34,4410433,1,predicted_success,1,-0.04170381882392694,0.42412458715334456,0.0
robocasa/ClearCuttingBoard,34,4410433,1,predicted_success,2,-0.04170381882392694,0.42412458715334456,0.0
robocasa/ClearCuttingBoard,34,4410433,1,predicted_success,4,-0.04170381882392694,0.42412458715334456,0.0
robocasa/ClearCuttingBoard,34,4410433,1,predicted_success,8,-0.04170381882392694,0.42412458715334456,0.0
robocasa/ClearCuttingBoard,34,4410433,1,low_energy,1,-0.041703818823926944,0.4241245871533445,0.0
robocasa/ClearCuttingBoard,34,4410433,1,low_energy,2,-0.03536093310897524,0.5244249440966156,0.0
robocasa/ClearCuttingBoard,34,4410433,1,low_energy,4,-0.026429504608862404,0.665658052626846,0.0
robocasa/ClearCuttingBoard,34,4410433,1,low_energy,8,-0.017260401878084412,0.8106495152002113,0.0
robocasa/ClearCuttingBoard,34,4410433,1,distance_progress,1,-0.041703818823926944,0.42412458715334456,0.0
robocasa/ClearCuttingBoard,34,4410433,1,distance_progress,2,-0.03440527310017895,0.5395368417889749,0.0
robocasa/ClearCuttingBoard,34,4410433,1,distance_progress,4,-0.026577061578728328,0.6633247271639368,0.0
robocasa/ClearCuttingBoard,34,4410433,1,distance_progress,8,-0.017444780155626664,0.8077339326276797,0.0
robocasa/ClearCuttingBoard,34,4410433,1,oracle_real_utility,1,-0.04170381882392694,0.42412458715334456,0.0
robocasa/ClearCuttingBoard,34,4410433,1,oracle_real_utility,2,-0.03291032764099809,0.5631764862512911,0.0
robocasa/ClearCuttingBoard,34,4410433,1,oracle_real_utility,4,-0.024412083714490666,0.6975596262801935,0.0
robocasa/ClearCuttingBoard,34,4410433,1,oracle_real_utility,8,-0.01573920561666942,0.8347042648610847,0.0
robocasa/RinseCuttingBoard,35,4500429,0,random,1,-0.05833520806007271,0.5409285359454912,0.0
robocasa/RinseCuttingBoard,35,4500429,0,random,2,-0.06725171998306531,0.40595832520732644,0.0
robocasa/RinseCuttingBoard,35,4500429,0,random,4,-0.07368554102162264,0.3085688764043157,0.0
robocasa/RinseCuttingBoard,35,4500429,0,random,8,-0.07730656559412055,0.25375703362778673,0.0
robocasa/RinseCuttingBoard,35,4500429,0,learned_wam,1,-0.05833520806007272,0.5409285359454912,0.0
robocasa/RinseCuttingBoard,35,4500429,0,learned_wam,2,-0.046467964688735486,0.7205642895387976,0.0
robocasa/RinseCuttingBoard,35,4500429,0,learned_wam,4,-0.037308502106835735,0.8592120708241533,0.0
robocasa/RinseCuttingBoard,35,4500429,0,learned_wam,8,-0.03195183942717301,0.9402964563968346,0.0
robocasa/RinseCuttingBoard,35,4500429,0,learned_physics_score,1,-0.05833520806007272,0.5409285359454912,0.0
robocasa/RinseCuttingBoard,35,4500429,0,learned_physics_score,2,-0.046467964688735486,0.7205642895387976,0.0
robocasa/RinseCuttingBoard,35,4500429,0,learned_physics_score,4,-0.037308502106835735,0.8592120708241533,0.0
robocasa/RinseCuttingBoard,35,4500429,0,learned_physics_score,8,-0.03195183942717301,0.9402964563968346,0.0
robocasa/RinseCuttingBoard,35,4500429,0,learned_energy_regularized,1,-0.05833520806007272,0.5409285359454912,0.0
robocasa/RinseCuttingBoard,35,4500429,0,learned_energy_regularized,2,-0.04878927618623033,0.6854263449353823,0.0
robocasa/RinseCuttingBoard,35,4500429,0,learned_energy_regularized,4,-0.04169079240774726,0.7928768659213679,0.0
robocasa/RinseCuttingBoard,35,4500429,0,learned_energy_regularized,8,-0.0372798602134345,0.8596456262796601,0.0
robocasa/RinseCuttingBoard,35,4500429,0,predicted_progress,1,-0.05833520806007272,0.5409285359454912,0.0
robocasa/RinseCuttingBoard,35,4500429,0,predicted_progress,2,-0.04983655726257547,0.6695735373804573,0.0
robocasa/RinseCuttingBoard,35,4500429,0,predicted_progress,4,-0.04216629932153431,0.7856790660512418,0.0
robocasa/RinseCuttingBoard,35,4500429,0,predicted_progress,8,-0.0372929070955606,0.8594481342059385,0.0
robocasa/RinseCuttingBoard,35,4500429,0,predicted_success,1,-0.05833520806007271,0.5409285359454912,0.0
robocasa/RinseCuttingBoard,35,4500429,0,predicted_success,2,-0.05833520806007271,0.5409285359454912,0.0
robocasa/RinseCuttingBoard,35,4500429,0,predicted_success,4,-0.05833520806007271,0.5409285359454912,0.0
robocasa/RinseCuttingBoard,35,4500429,0,predicted_success,8,-0.05833520806007271,0.5409285359454912,0.0
robocasa/RinseCuttingBoard,35,4500429,0,low_energy,1,-0.05833520806007271,0.5409285359454912,0.0
robocasa/RinseCuttingBoard,35,4500429,0,low_energy,2,-0.052786144529037966,0.6249253141309071,0.0
robocasa/RinseCuttingBoard,35,4500429,0,low_energy,4,-0.051073070230010564,0.6508563061092435,0.0
robocasa/RinseCuttingBoard,35,4500429,0,low_energy,8,-0.05150775280890181,0.64427646863649,0.0
robocasa/RinseCuttingBoard,35,4500429,0,distance_progress,1,-0.05833520806007271,0.5409285359454912,0.0
robocasa/RinseCuttingBoard,35,4500429,0,distance_progress,2,-0.047085452343293074,0.7112173117538028,0.0
robocasa/RinseCuttingBoard,35,4500429,0,distance_progress,4,-0.03752532589208479,0.8559299856050837,0.0
robocasa/RinseCuttingBoard,35,4500429,0,distance_progress,8,-0.03135273924749836,0.9493651009747046,0.0
robocasa/RinseCuttingBoard,35,4500429,0,oracle_real_utility,1,-0.05833520806007271,0.5409285359454912,0.0
robocasa/RinseCuttingBoard,35,4500429,0,oracle_real_utility,2,-0.046310910218563046,0.7229416401350417,0.0
robocasa/RinseCuttingBoard,35,4500429,0,oracle_real_utility,4,-0.03691337877206428,0.8651930957162023,0.0
robocasa/RinseCuttingBoard,35,4500429,0,oracle_real_utility,8,-0.03092167141732072,0.9558902216030402,0.0
robocasa/RinseCuttingBoard,35,4510436,1,random,1,-0.05613034517579642,0.5028680751809944,0.0
robocasa/RinseCuttingBoard,35,4510436,1,random,2,-0.05874578877282346,0.4412231247551019,0.0
robocasa/RinseCuttingBoard,35,4510436,1,random,4,-0.05909940514504418,0.43288852952234325,0.0
robocasa/RinseCuttingBoard,35,4510436,1,random,8,-0.05784392424233348,0.462479707896914,0.0
robocasa/RinseCuttingBoard,35,4510436,1,learned_wam,1,-0.05613034517579641,0.5028680751809944,0.0
robocasa/RinseCuttingBoard,35,4510436,1,learned_wam,2,-0.049150800873137716,0.6673731186167553,0.0
robocasa/RinseCuttingBoard,35,4510436,1,learned_wam,4,-0.04294863699665289,0.8135556190284492,0.0
robocasa/RinseCuttingBoard,35,4510436,1,learned_wam,8,-0.038957218293797335,0.9076317475850716,0.0
robocasa/RinseCuttingBoard,35,4510436,1,learned_physics_score,1,-0.05613034517579641,0.5028680751809944,0.0
robocasa/RinseCuttingBoard,35,4510436,1,learned_physics_score,2,-0.049150800873137716,0.6673731186167553,0.0
robocasa/RinseCuttingBoard,35,4510436,1,learned_physics_score,4,-0.04294863699665289,0.8135556190284492,0.0
robocasa/RinseCuttingBoard,35,4510436,1,learned_physics_score,8,-0.038957218293797335,0.9076317475850716,0.0
robocasa/RinseCuttingBoard,35,4510436,1,learned_energy_regularized,1,-0.05613034517579642,0.5028680751809944,0.0
robocasa/RinseCuttingBoard,35,4510436,1,learned_energy_regularized,2,-0.053510425332110166,0.5646185289347792,0.0
robocasa/RinseCuttingBoard,35,4510436,1,learned_energy_regularized,4,-0.04760126561519433,0.7038950395129545,0.0
robocasa/RinseCuttingBoard,35,4510436,1,learned_energy_regularized,8,-0.04077578322830877,0.8647689057475899,0.0
robocasa/RinseCuttingBoard,35,4510436,1,predicted_progress,1,-0.05613034517579641,0.5028680751809944,0.0
robocasa/RinseCuttingBoard,35,4510436,1,predicted_progress,2,-0.0485861170929348,0.6806824875041142,0.0
robocasa/RinseCuttingBoard,35,4510436,1,predicted_progress,4,-0.042580451688641725,0.8222335982002003,0.0
robocasa/RinseCuttingBoard,35,4510436,1,predicted_progress,8,-0.03815108868682289,0.9266318972022417,0.0
robocasa/RinseCuttingBoard,35,4510436,1,predicted_success,1,-0.05613034517579642,0.5028680751809944,0.0
robocasa/RinseCuttingBoard,35,4510436,1,predicted_success,2,-0.05613034517579642,0.5028680751809944,0.0
robocasa/RinseCuttingBoard,35,4510436,1,predicted_success,4,-0.05613034517579642,0.5028680751809944,0.0
robocasa/RinseCuttingBoard,35,4510436,1,predicted_success,8,-0.05613034517579642,0.5028680751809944,0.0
robocasa/RinseCuttingBoard,35,4510436,1,low_energy,1,-0.05613034517579642,0.5028680751809944,0.0
robocasa/RinseCuttingBoard,35,4510436,1,low_energy,2,-0.058632155124050817,0.44390142401311894,0.0
robocasa/RinseCuttingBoard,35,4510436,1,low_energy,4,-0.06209767946253726,0.36222041346157996,0.0
robocasa/RinseCuttingBoard,35,4510436,1,low_energy,8,-0.06897762105016125,0.2000629658361736,0.0
robocasa/RinseCuttingBoard,35,4510436,1,distance_progress,1,-0.05613034517579641,0.5028680751809944,0.0
robocasa/RinseCuttingBoard,35,4510436,1,distance_progress,2,-0.04843814576830595,0.6841701119291133,0.0
robocasa/RinseCuttingBoard,35,4510436,1,distance_progress,4,-0.042550097443782534,0.8229490355056299,0.0
robocasa/RinseCuttingBoard,35,4510436,1,distance_progress,8,-0.03949045996336106,0.8950634565606957,0.0
robocasa/RinseCuttingBoard,35,4510436,1,oracle_real_utility,1,-0.05613034517579641,0.5028680751809944,0.0
robocasa/RinseCuttingBoard,35,4510436,1,oracle_real_utility,2,-0.04820496208332734,0.6896661573100852,0.0
robocasa/RinseCuttingBoard,35,4510436,1,oracle_real_utility,4,-0.04181842921585905,0.8401941604587403,0.0
robocasa/RinseCuttingBoard,35,4510436,1,oracle_real_utility,8,-0.03760938420763176,0.9393996532353595,0.0
robocasa/RinseSinkBasin,36,4600432,0,random,1,-0.05181614304791124,0.432170988924964,0.0
robocasa/RinseSinkBasin,36,4600432,0,random,2,-0.05242138873210421,0.4117281577530968,0.0
robocasa/RinseSinkBasin,36,4600432,0,random,4,-0.05086224091220096,0.464390070901253,0.0
robocasa/RinseSinkBasin,36,4600432,0,random,8,-0.04827631276982987,0.5517326060364843,0.0
robocasa/RinseSinkBasin,36,4600432,0,learned_wam,1,-0.05181614304791123,0.432170988924964,0.0
robocasa/RinseSinkBasin,36,4600432,0,learned_wam,2,-0.04941597067169358,0.5132394210540108,0.0
robocasa/RinseSinkBasin,36,4600432,0,learned_wam,4,-0.04615331205444948,0.6234392639040963,0.0
robocasa/RinseSinkBasin,36,4600432,0,learned_wam,8,-0.04144361065618091,0.7825145503030209,0.0
robocasa/RinseSinkBasin,36,4600432,0,learned_physics_score,1,-0.05181614304791123,0.432170988924964,0.0
robocasa/RinseSinkBasin,36,4600432,0,learned_physics_score,2,-0.04941597067169358,0.5132394210540108,0.0
robocasa/RinseSinkBasin,36,4600432,0,learned_physics_score,4,-0.04615331205444948,0.6234392639040963,0.0
robocasa/RinseSinkBasin,36,4600432,0,learned_physics_score,8,-0.04144361065618091,0.7825145503030209,0.0
robocasa/RinseSinkBasin,36,4600432,0,learned_energy_regularized,1,-0.05181614304791124,0.432170988924964,0.0
robocasa/RinseSinkBasin,36,4600432,0,learned_energy_regularized,2,-0.05046293504885109,0.47787706067018015,0.0
robocasa/RinseSinkBasin,36,4600432,0,learned_energy_regularized,4,-0.04639758604031836,0.6151886443900474,0.0
robocasa/RinseSinkBasin,36,4600432,0,learned_energy_regularized,8,-0.04139403771685032,0.7841889302381373,0.0
robocasa/RinseSinkBasin,36,4600432,0,predicted_progress,1,-0.05181614304791123,0.432170988924964,0.0
robocasa/RinseSinkBasin,36,4600432,0,predicted_progress,2,-0.04943957292765534,0.5124422291920897,0.0
robocasa/RinseSinkBasin,36,4600432,0,predicted_progress,4,-0.049026671802239415,0.5263884137217764,0.0
robocasa/RinseSinkBasin,36,4600432,0,predicted_progress,8,-0.051654524855854714,0.4376298191170691,0.0
robocasa/RinseSinkBasin,36,4600432,0,predicted_success,1,-0.05181614304791124,0.432170988924964,0.0
robocasa/RinseSinkBasin,36,4600432,0,predicted_success,2,-0.05181614304791124,0.432170988924964,0.0
robocasa/RinseSinkBasin,36,4600432,0,predicted_success,4,-0.05181614304791124,0.432170988924964,0.0
robocasa/RinseSinkBasin,36,4600432,0,predicted_success,8,-0.05181614304791124,0.432170988924964,0.0
robocasa/RinseSinkBasin,36,4600432,0,low_energy,1,-0.05181614304791124,0.432170988924964,0.0
robocasa/RinseSinkBasin,36,4600432,0,low_energy,2,-0.05040687670730966,0.47977049211766676,0.0
robocasa/RinseSinkBasin,36,4600432,0,low_energy,4,-0.046375688250653725,0.6159282660492218,0.0
robocasa/RinseSinkBasin,36,4600432,0,low_energy,8,-0.041393390833903684,0.7842107794131274,0.0
robocasa/RinseSinkBasin,36,4600432,0,distance_progress,1,-0.05181614304791123,0.432170988924964,0.0
robocasa/RinseSinkBasin,36,4600432,0,distance_progress,2,-0.04812874155603561,0.556716984262074,0.0
robocasa/RinseSinkBasin,36,4600432,0,distance_progress,4,-0.04508093407627526,0.659659996298867,0.0
robocasa/RinseSinkBasin,36,4600432,0,distance_progress,8,-0.04308665384933993,0.7270189796892104,0.0
robocasa/RinseSinkBasin,36,4600432,0,oracle_real_utility,1,-0.05181614304791123,0.432170988924964,0.0
robocasa/RinseSinkBasin,36,4600432,0,oracle_real_utility,2,-0.04731255712768394,0.5842845009080583,0.0
robocasa/RinseSinkBasin,36,4600432,0,oracle_real_utility,4,-0.042881355890235964,0.7339531415139038,0.0
robocasa/RinseSinkBasin,36,4600432,0,oracle_real_utility,8,-0.0388479104121475,0.870187148798792,0.0
robocasa/RinseSinkBasin,36,4610439,1,random,1,-0.04529997452153445,0.45774735752655893,0.0
robocasa/RinseSinkBasin,36,4610439,1,random,2,-0.04853237058639817,0.335563612996565,0.0
robocasa/RinseSinkBasin,36,4610439,1,random,4,-0.05129879387048924,0.23099352040196866,0.0
robocasa/RinseSinkBasin,36,4610439,1,random,8,-0.05422717496403623,0.12030146403247988,0.0
robocasa/RinseSinkBasin,36,4610439,1,learned_wam,1,-0.04529997452153445,0.45774735752655893,0.0
robocasa/RinseSinkBasin,36,4610439,1,learned_wam,2,-0.044414050494599414,0.49123505915961224,0.0
robocasa/RinseSinkBasin,36,4610439,1,learned_wam,4,-0.041691248399841646,0.5941562819540226,0.0
robocasa/RinseSinkBasin,36,4610439,1,learned_wam,8,-0.037224967548972684,0.7629805558150236,0.0
robocasa/RinseSinkBasin,36,4610439,1,learned_physics_score,1,-0.04529997452153445,0.45774735752655893,0.0
robocasa/RinseSinkBasin,36,4610439,1,learned_physics_score,2,-0.044414050494599414,0.49123505915961224,0.0
robocasa/RinseSinkBasin,36,4610439,1,learned_physics_score,4,-0.041691248399841646,0.5941562819540226,0.0
robocasa/RinseSinkBasin,36,4610439,1,learned_physics_score,8,-0.037224967548972684,0.7629805558150236,0.0
robocasa/RinseSinkBasin,36,4610439,1,learned_energy_regularized,1,-0.04529997452153444,0.45774735752655893,0.0
robocasa/RinseSinkBasin,36,4610439,1,learned_energy_regularized,2,-0.04410200716681625,0.5030302171412053,0.0
robocasa/RinseSinkBasin,36,4610439,1,learned_energy_regularized,4,-0.041226933463443964,0.6117072677960582,0.0
robocasa/RinseSinkBasin,36,4610439,1,learned_energy_regularized,8,-0.03716554337124576,0.7652267745346959,0.0
robocasa/RinseSinkBasin,36,4610439,1,predicted_progress,1,-0.04529997452153445,0.457747357526559,0.0
robocasa/RinseSinkBasin,36,4610439,1,predicted_progress,2,-0.04660437987839036,0.40844116865382923,0.0
robocasa/RinseSinkBasin,36,4610439,1,predicted_progress,4,-0.046888572166355044,0.39769877285415645,0.0
robocasa/RinseSinkBasin,36,4610439,1,predicted_progress,8,-0.04538049565439317,0.4547036792986896,0.0
robocasa/RinseSinkBasin,36,4610439,1,predicted_success,1,-0.04529997452153444,0.45774735752655893,0.0
robocasa/RinseSinkBasin,36,4610439,1,predicted_success,2,-0.04529997452153444,0.45774735752655893,0.0
robocasa/RinseSinkBasin,36,4610439,1,predicted_success,4,-0.04529997452153444,0.45774735752655893,0.0
robocasa/RinseSinkBasin,36,4610439,1,predicted_success,8,-0.04529997452153444,0.45774735752655893,0.0
robocasa/RinseSinkBasin,36,4610439,1,low_energy,1,-0.04529997452153444,0.45774735752655893,0.0
robocasa/RinseSinkBasin,36,4610439,1,low_energy,2,-0.04410200716681625,0.5030302171412053,0.0
robocasa/RinseSinkBasin,36,4610439,1,low_energy,4,-0.041226933463443964,0.6117072677960582,0.0
robocasa/RinseSinkBasin,36,4610439,1,low_energy,8,-0.03716554337124576,0.7652267745346959,0.0
robocasa/RinseSinkBasin,36,4610439,1,distance_progress,1,-0.04529997452153444,0.4577473575265589,0.0
robocasa/RinseSinkBasin,36,4610439,1,distance_progress,2,-0.04474144670515547,0.4788595661358773,0.0
robocasa/RinseSinkBasin,36,4610439,1,distance_progress,4,-0.043562963501245534,0.5234059298332638,0.0
robocasa/RinseSinkBasin,36,4610439,1,distance_progress,8,-0.04293346382695279,0.5472008565198676,0.0
robocasa/RinseSinkBasin,36,4610439,1,oracle_real_utility,1,-0.04529997452153444,0.45774735752655893,0.0
robocasa/RinseSinkBasin,36,4610439,1,oracle_real_utility,2,-0.04138213969267004,0.6058405120270611,0.0
robocasa/RinseSinkBasin,36,4610439,1,oracle_real_utility,4,-0.03780276132976472,0.7411400986783796,0.0
robocasa/RinseSinkBasin,36,4610439,1,oracle_real_utility,8,-0.034509708567154185,0.8656166508695662,0.0
robocasa/WashFruitColander,37,4700435,0,random,1,-0.06439012853640522,0.4848151791982991,0.0
robocasa/WashFruitColander,37,4700435,0,random,2,-0.06601009088630459,0.4560073739793565,0.0
robocasa/WashFruitColander,37,4700435,0,random,4,-0.06794977955203121,0.4215138727747672,0.0
robocasa/WashFruitColander,37,4700435,0,random,8,-0.06762924434147302,0.42721395334277973,0.0
robocasa/WashFruitColander,37,4700435,0,learned_wam,1,-0.06439012853640522,0.4848151791982991,0.0
robocasa/WashFruitColander,37,4700435,0,learned_wam,2,-0.056071599400875145,0.632743658560387,0.0
robocasa/WashFruitColander,37,4700435,0,learned_wam,4,-0.0483108185356742,0.7707536953525955,0.0
robocasa/WashFruitColander,37,4700435,0,learned_wam,8,-0.041407416919476456,0.8935169491528527,0.0
robocasa/WashFruitColander,37,4700435,0,learned_physics_score,1,-0.06439012853640522,0.4848151791982991,0.0
robocasa/WashFruitColander,37,4700435,0,learned_physics_score,2,-0.056071599400875145,0.632743658560387,0.0
robocasa/WashFruitColander,37,4700435,0,learned_physics_score,4,-0.0483108185356742,0.7707536953525955,0.0
robocasa/WashFruitColander,37,4700435,0,learned_physics_score,8,-0.041407416919476456,0.8935169491528527,0.0
robocasa/WashFruitColander,37,4700435,0,learned_energy_regularized,1,-0.06439012853640522,0.4848151791982991,0.0
robocasa/WashFruitColander,37,4700435,0,learned_energy_regularized,2,-0.05578577226926457,0.6378265250444368,0.0
robocasa/WashFruitColander,37,4700435,0,learned_energy_regularized,4,-0.04806518584444636,0.775121783737326,0.0
robocasa/WashFruitColander,37,4700435,0,learned_energy_regularized,8,-0.04137870271083173,0.8940275741866412,0.0
robocasa/WashFruitColander,37,4700435,0,predicted_progress,1,-0.06439012853640522,0.4848151791982991,0.0
robocasa/WashFruitColander,37,4700435,0,predicted_progress,2,-0.05904847442206774,0.5798058629523726,0.0
robocasa/WashFruitColander,37,4700435,0,predicted_progress,4,-0.052992530056525496,0.6874987767476408,0.0
robocasa/WashFruitColander,37,4700435,0,predicted_progress,8,-0.046874688123190594,0.7962924155545789,0.0
robocasa/WashFruitColander,37,4700435,0,predicted_success,1,-0.06439012853640522,0.4848151791982991,0.0
robocasa/WashFruitColander,37,4700435,0,predicted_success,2,-0.06439012853640522,0.4848151791982991,0.0
robocasa/WashFruitColander,37,4700435,0,predicted_success,4,-0.06439012853640522,0.4848151791982991,0.0
robocasa/WashFruitColander,37,4700435,0,predicted_success,8,-0.06439012853640522,0.4848151791982991,0.0
robocasa/WashFruitColander,37,4700435,0,low_energy,1,-0.06439012853640522,0.4848151791982991,0.0
robocasa/WashFruitColander,37,4700435,0,low_energy,2,-0.057095796789573286,0.614530347071266,0.0
robocasa/WashFruitColander,37,4700435,0,low_energy,4,-0.05299071104470045,0.6875311242514889,0.0
robocasa/WashFruitColander,37,4700435,0,low_energy,8,-0.05149279221819968,0.7141686283825581,0.0
robocasa/WashFruitColander,37,4700435,0,distance_progress,1,-0.06439012853640522,0.4848151791982991,0.0
robocasa/WashFruitColander,37,4700435,0,distance_progress,2,-0.05778758717569351,0.6022282323357436,0.0
robocasa/WashFruitColander,37,4700435,0,distance_progress,4,-0.04952016374822242,0.749247898426072,0.0
robocasa/WashFruitColander,37,4700435,0,distance_progress,8,-0.04194357165962744,0.8839825045267529,0.0
robocasa/WashFruitColander,37,4700435,0,oracle_real_utility,1,-0.06439012853640522,0.48481517919829914,0.0
robocasa/WashFruitColander,37,4700435,0,oracle_real_utility,2,-0.055537788093642924,0.6422364298975543,0.0
robocasa/WashFruitColander,37,4700435,0,oracle_real_utility,4,-0.047744430125395025,0.7808257856098799,0.0
robocasa/WashFruitColander,37,4700435,0,oracle_real_utility,8,-0.04116807887400116,0.8977730997948496,0.0
robocasa/WashFruitColander,37,4710442,1,random,1,-0.051999683952923176,0.41304228072320326,0.0
robocasa/WashFruitColander,37,4710442,1,random,2,-0.05144018212056598,0.43441546016466054,0.0
robocasa/WashFruitColander,37,4710442,1,random,4,-0.04927489230679641,0.5171303416110399,0.0
robocasa/WashFruitColander,37,4710442,1,random,8,-0.048601161807931656,0.5428670988737507,0.0
robocasa/WashFruitColander,37,4710442,1,learned_wam,1,-0.05199968395292317,0.41304228072320326,0.0
robocasa/WashFruitColander,37,4710442,1,learned_wam,2,-0.047599600646691415,0.5811271101602125,0.0
robocasa/WashFruitColander,37,4710442,1,learned_wam,4,-0.04330384868438542,0.7452264432035831,0.0
robocasa/WashFruitColander,37,4710442,1,learned_wam,8,-0.04053541053309741,0.8509818169273291,0.0
robocasa/WashFruitColander,37,4710442,1,learned_physics_score,1,-0.05199968395292317,0.41304228072320326,0.0
robocasa/WashFruitColander,37,4710442,1,learned_physics_score,2,-0.047599600646691415,0.5811271101602125,0.0
robocasa/WashFruitColander,37,4710442,1,learned_physics_score,4,-0.04330384868438542,0.7452264432035831,0.0
robocasa/WashFruitColander,37,4710442,1,learned_physics_score,8,-0.04053541053309741,0.8509818169273291,0.0
robocasa/WashFruitColander,37,4710442,1,learned_energy_regularized,1,-0.05199968395292317,0.41304228072320326,0.0
robocasa/WashFruitColander,37,4710442,1,learned_energy_regularized,2,-0.048066998183426246,0.5632723492900975,0.0
robocasa/WashFruitColander,37,4710442,1,learned_energy_regularized,4,-0.04340232185021298,0.7414647314062623,0.0
robocasa/WashFruitColander,37,4710442,1,learned_energy_regularized,8,-0.039241364558596406,0.9004148575698994,0.0
robocasa/WashFruitColander,37,4710442,1,predicted_progress,1,-0.051999683952923176,0.41304228072320326,0.0
robocasa/WashFruitColander,37,4710442,1,predicted_progress,2,-0.0509210102622972,0.45424801949871046,0.0
robocasa/WashFruitColander,37,4710442,1,predicted_progress,4,-0.052473252593199904,0.39495178138768056,0.0
robocasa/WashFruitColander,37,4710442,1,predicted_progress,8,-0.05302342878613335,0.37393484486319484,0.0
robocasa/WashFruitColander,37,4710442,1,predicted_success,1,-0.051999683952923176,0.4130422807232033,0.0
robocasa/WashFruitColander,37,4710442,1,predicted_success,2,-0.051999683952923176,0.4130422807232033,0.0
robocasa/WashFruitColander,37,4710442,1,predicted_success,4,-0.051999683952923176,0.4130422807232033,0.0
robocasa/WashFruitColander,37,4710442,1,predicted_success,8,-0.051999683952923176,0.4130422807232033,0.0
robocasa/WashFruitColander,37,4710442,1,low_energy,1,-0.05199968395292317,0.41304228072320326,0.0
robocasa/WashFruitColander,37,4710442,1,low_energy,2,-0.0481131744628641,0.5615083981298195,0.0
robocasa/WashFruitColander,37,4710442,1,low_energy,4,-0.043472307773735966,0.738791242928966,0.0
robocasa/WashFruitColander,37,4710442,1,low_energy,8,-0.03926480235314124,0.8995195250445198,0.0
robocasa/WashFruitColander,37,4710442,1,distance_progress,1,-0.051999683952923176,0.41304228072320326,0.0
robocasa/WashFruitColander,37,4710442,1,distance_progress,2,-0.050860077043361984,0.45657569127193975,0.0
robocasa/WashFruitColander,37,4710442,1,distance_progress,4,-0.050000026014483036,0.48942996252891874,0.0
robocasa/WashFruitColander,37,4710442,1,distance_progress,8,-0.05071245180824473,0.46221503051584456,0.0
robocasa/WashFruitColander,37,4710442,1,oracle_real_utility,1,-0.05199968395292317,0.41304228072320326,0.0
robocasa/WashFruitColander,37,4710442,1,oracle_real_utility,2,-0.046626805522804064,0.6182882480514384,0.0
robocasa/WashFruitColander,37,4710442,1,oracle_real_utility,4,-0.04154936158848587,0.812248507046339,0.0
robocasa/WashFruitColander,37,4710442,1,oracle_real_utility,8,-0.03812159127639887,0.9431906161287711,0.0
robocasa/WashLettuce,38,4800438,0,random,1,-0.06675183106167047,0.5223683587965463,0.0
robocasa/WashLettuce,38,4800438,0,random,2,-0.06579481967630749,0.5404127987584151,0.0
robocasa/WashLettuce,38,4800438,0,random,4,-0.06282040767440487,0.596495306878041,0.0
robocasa/WashLettuce,38,4800438,0,random,8,-0.05631044372828398,0.7192406110367313,0.0
robocasa/WashLettuce,38,4800438,0,learned_wam,1,-0.06675183106167047,0.5223683587965463,0.0
robocasa/WashLettuce,38,4800438,0,learned_wam,2,-0.05983644501188072,0.6527578926067916,0.0
robocasa/WashLettuce,38,4800438,0,learned_wam,4,-0.05476638498393288,0.7483538229965601,0.0
robocasa/WashLettuce,38,4800438,0,learned_wam,8,-0.053247895795022385,0.7769849212479668,0.0
robocasa/WashLettuce,38,4800438,0,learned_physics_score,1,-0.06675183106167047,0.5223683587965463,0.0
robocasa/WashLettuce,38,4800438,0,learned_physics_score,2,-0.05983644501188072,0.6527578926067916,0.0
robocasa/WashLettuce,38,4800438,0,learned_physics_score,4,-0.05476638498393288,0.7483538229965601,0.0
robocasa/WashLettuce,38,4800438,0,learned_physics_score,8,-0.053247895795022385,0.7769849212479668,0.0
robocasa/WashLettuce,38,4800438,0,learned_energy_regularized,1,-0.06675183106167047,0.5223683587965462,0.0
robocasa/WashLettuce,38,4800438,0,learned_energy_regularized,2,-0.05875790768865356,0.6730937028941744,0.0
robocasa/WashLettuce,38,4800438,0,learned_energy_regularized,4,-0.05264638624649427,0.7883263776829803,0.0
robocasa/WashLettuce,38,4800438,0,learned_energy_regularized,8,-0.04819476316373007,0.8722616857455285,0.0
robocasa/WashLettuce,38,4800438,0,predicted_progress,1,-0.06675183106167047,0.5223683587965462,0.0
robocasa/WashLettuce,38,4800438,0,predicted_progress,2,-0.06698906183251638,0.5178953750190196,0.0
robocasa/WashLettuce,38,4800438,0,predicted_progress,4,-0.06614534938359073,0.5338035646838122,0.0
robocasa/WashLettuce,38,4800438,0,predicted_progress,8,-0.06340132660113224,0.5855420864081826,0.0
robocasa/WashLettuce,38,4800438,0,predicted_success,1,-0.06675183106167047,0.5223683587965462,0.0
robocasa/WashLettuce,38,4800438,0,predicted_success,2,-0.06675183106167047,0.5223683587965462,0.0
robocasa/WashLettuce,38,4800438,0,predicted_success,4,-0.06675183106167047,0.5223683587965462,0.0
robocasa/WashLettuce,38,4800438,0,predicted_success,8,-0.06675183106167047,0.5223683587965462,0.0
robocasa/WashLettuce,38,4800438,0,low_energy,1,-0.06675183106167047,0.5223683587965462,0.0
robocasa/WashLettuce,38,4800438,0,low_energy,2,-0.05875790768865356,0.6730937028941744,0.0
robocasa/WashLettuce,38,4800438,0,low_energy,4,-0.05264638624649427,0.7883263776829803,0.0
robocasa/WashLettuce,38,4800438,0,low_energy,8,-0.04819476316373007,0.8722616857455285,0.0
robocasa/WashLettuce,38,4800438,0,distance_progress,1,-0.06675183106167047,0.5223683587965462,0.0
robocasa/WashLettuce,38,4800438,0,distance_progress,2,-0.06254237233524958,0.6017376603770673,0.0
robocasa/WashLettuce,38,4800438,0,distance_progress,4,-0.06539423808801363,0.5479657605416827,0.0
robocasa/WashLettuce,38,4800438,0,distance_progress,8,-0.07185373523968575,0.4261720072803242,0.0
robocasa/WashLettuce,38,4800438,0,oracle_real_utility,1,-0.06675183106167047,0.5223683587965463,0.0
robocasa/WashLettuce,38,4800438,0,oracle_real_utility,2,-0.05757951971895693,0.6953121961077263,0.0
robocasa/WashLettuce,38,4800438,0,oracle_real_utility,4,-0.05110176704644173,0.8174501570293738,0.0
robocasa/WashLettuce,38,4800438,0,oracle_real_utility,8,-0.04660589992458804,0.9022196860000864,0.0
robocasa/WashLettuce,38,4810445,1,random,1,-0.052895216610264736,0.4509426652533605,0.0
robocasa/WashLettuce,38,4810445,1,random,2,-0.05407978022074025,0.4218927229868313,0.0
robocasa/WashLettuce,38,4810445,1,random,4,-0.05517510012688731,0.3950313710462812,0.0
robocasa/WashLettuce,38,4810445,1,random,8,-0.05293462708683993,0.44997617256433875,0.0
robocasa/WashLettuce,38,4810445,1,learned_wam,1,-0.052895216610264736,0.4509426652533605,0.0
robocasa/WashLettuce,38,4810445,1,learned_wam,2,-0.04589213145074057,0.622684577441678,0.0
robocasa/WashLettuce,38,4810445,1,learned_wam,4,-0.04007391611231417,0.7653690379306098,0.0
robocasa/WashLettuce,38,4810445,1,learned_wam,8,-0.03555570190871267,0.8761725951239174,0.0
robocasa/WashLettuce,38,4810445,1,learned_physics_score,1,-0.052895216610264736,0.4509426652533605,0.0
robocasa/WashLettuce,38,4810445,1,learned_physics_score,2,-0.04589213145074057,0.622684577441678,0.0
robocasa/WashLettuce,38,4810445,1,learned_physics_score,4,-0.04007391611231417,0.7653690379306098,0.0
robocasa/WashLettuce,38,4810445,1,learned_physics_score,8,-0.03555570190871267,0.8761725951239174,0.0
robocasa/WashLettuce,38,4810445,1,learned_energy_regularized,1,-0.052895216610264736,0.4509426652533605,0.0
robocasa/WashLettuce,38,4810445,1,learned_energy_regularized,2,-0.04565358098723622,0.6285347294564552,0.0
robocasa/WashLettuce,38,4810445,1,learned_energy_regularized,4,-0.03924774510310801,0.7856298495134381,0.0
robocasa/WashLettuce,38,4810445,1,learned_energy_regularized,8,-0.03467194369676986,0.8978456608904772,0.0
robocasa/WashLettuce,38,4810445,1,predicted_progress,1,-0.052895216610264736,0.4509426652533605,0.0
robocasa/WashLettuce,38,4810445,1,predicted_progress,2,-0.049473782934354046,0.5348490505880108,0.0
robocasa/WashLettuce,38,4810445,1,predicted_progress,4,-0.04703241886554747,0.5947204535445304,0.0
robocasa/WashLettuce,38,4810445,1,predicted_progress,8,-0.0417212342782229,0.7249706184695877,0.0
robocasa/WashLettuce,38,4810445,1,predicted_success,1,-0.05289521661026473,0.4509426652533605,0.0
robocasa/WashLettuce,38,4810445,1,predicted_success,2,-0.05289521661026473,0.4509426652533605,0.0
robocasa/WashLettuce,38,4810445,1,predicted_success,4,-0.05289521661026473,0.4509426652533605,0.0
robocasa/WashLettuce,38,4810445,1,predicted_success,8,-0.05289521661026473,0.4509426652533605,0.0
robocasa/WashLettuce,38,4810445,1,low_energy,1,-0.052895216610264736,0.4509426652533605,0.0
robocasa/WashLettuce,38,4810445,1,low_energy,2,-0.04565358098723622,0.6285347294564552,0.0
robocasa/WashLettuce,38,4810445,1,low_energy,4,-0.03924774510310801,0.7856298495134381,0.0
robocasa/WashLettuce,38,4810445,1,low_energy,8,-0.03467194369676986,0.8978456608904772,0.0
robocasa/WashLettuce,38,4810445,1,distance_progress,1,-0.05289521661026472,0.4509426652533605,0.0
robocasa/WashLettuce,38,4810445,1,distance_progress,2,-0.05515434426728688,0.39554038256558854,0.0
robocasa/WashLettuce,38,4810445,1,distance_progress,4,-0.058424956390958405,0.31533270732666463,0.0
robocasa/WashLettuce,38,4810445,1,distance_progress,8,-0.062085811916631595,0.22555480031817676,0.0
robocasa/WashLettuce,38,4810445,1,oracle_real_utility,1,-0.052895216610264736,0.4509426652533605,0.0
robocasa/WashLettuce,38,4810445,1,oracle_real_utility,2,-0.045514411948193806,0.6319476762275009,0.0
robocasa/WashLettuce,38,4810445,1,oracle_real_utility,4,-0.03923252348946274,0.7860031405665212,0.0
robocasa/WashLettuce,38,4810445,1,oracle_real_utility,8,-0.03467187627402527,0.897847314349034,0.0
robocasa/CollectWashingSupplies,39,4900441,0,random,1,-0.056147882513390035,0.7081664376464909,0.0
robocasa/CollectWashingSupplies,39,4900441,0,random,2,-0.056221181951179845,0.7069459136405405,0.0
robocasa/CollectWashingSupplies,39,4900441,0,random,4,-0.05996989299997961,0.6445253553880695,0.0
robocasa/CollectWashingSupplies,39,4900441,0,random,8,-0.059290834211056825,0.6558325028686358,0.0
robocasa/CollectWashingSupplies,39,4900441,0,learned_wam,1,-0.05614788251339004,0.7081664376464909,0.0
robocasa/CollectWashingSupplies,39,4900441,0,learned_wam,2,-0.048487710536190984,0.8357175358512435,0.0
robocasa/CollectWashingSupplies,39,4900441,0,learned_wam,4,-0.04718403624449203,0.857425284463476,0.0
robocasa/CollectWashingSupplies,39,4900441,0,learned_wam,8,-0.04903597735389616,0.8265882323688052,0.0
robocasa/CollectWashingSupplies,39,4900441,0,learned_physics_score,1,-0.05614788251339004,0.7081664376464909,0.0
robocasa/CollectWashingSupplies,39,4900441,0,learned_physics_score,2,-0.048487710536190984,0.8357175358512435,0.0
robocasa/CollectWashingSupplies,39,4900441,0,learned_physics_score,4,-0.04718403624449203,0.857425284463476,0.0
robocasa/CollectWashingSupplies,39,4900441,0,learned_physics_score,8,-0.04903597735389616,0.8265882323688052,0.0
robocasa/CollectWashingSupplies,39,4900441,0,learned_energy_regularized,1,-0.05614788251339004,0.708166437646491,0.0
robocasa/CollectWashingSupplies,39,4900441,0,learned_energy_regularized,2,-0.04804253206796645,0.8431302940358074,0.0
robocasa/CollectWashingSupplies,39,4900441,0,learned_energy_regularized,4,-0.046161074163765047,0.8744588363480716,0.0
robocasa/CollectWashingSupplies,39,4900441,0,learned_energy_regularized,8,-0.0479137452036206,0.8452747505872471,0.0
robocasa/CollectWashingSupplies,39,4900441,0,predicted_progress,1,-0.05614788251339004,0.7081664376464909,0.0
robocasa/CollectWashingSupplies,39,4900441,0,predicted_progress,2,-0.05464913773971347,0.7331223449525017,0.0
robocasa/CollectWashingSupplies,39,4900441,0,predicted_progress,4,-0.050131948787679174,0.8083389867387906,0.0
robocasa/CollectWashingSupplies,39,4900441,0,predicted_progress,8,-0.04926064790569941,0.8228471968278185,0.0
robocasa/CollectWashingSupplies,39,4900441,0,predicted_success,1,-0.05614788251339004,0.7081664376464909,0.0
robocasa/CollectWashingSupplies,39,4900441,0,predicted_success,2,-0.05614788251339004,0.7081664376464909,0.0
robocasa/CollectWashingSupplies,39,4900441,0,predicted_success,4,-0.05614788251339004,0.7081664376464909,0.0
robocasa/CollectWashingSupplies,39,4900441,0,predicted_success,8,-0.05614788251339004,0.7081664376464909,0.0
robocasa/CollectWashingSupplies,39,4900441,0,low_energy,1,-0.05614788251339004,0.708166437646491,0.0
robocasa/CollectWashingSupplies,39,4900441,0,low_energy,2,-0.04701749460331582,0.8601984035647283,0.0
robocasa/CollectWashingSupplies,39,4900441,0,low_energy,4,-0.04244022676396247,0.9364154312534845,0.0
robocasa/CollectWashingSupplies,39,4900441,0,low_energy,8,-0.040127400434514696,0.9749267778859132,0.0
robocasa/CollectWashingSupplies,39,4900441,0,distance_progress,1,-0.056147882513390035,0.7081664376464909,0.0
robocasa/CollectWashingSupplies,39,4900441,0,distance_progress,2,-0.05085871239706839,0.796237496486513,0.0
robocasa/CollectWashingSupplies,39,4900441,0,distance_progress,4,-0.04899689928163811,0.8272389293827986,0.0
robocasa/CollectWashingSupplies,39,4900441,0,distance_progress,8,-0.04595709960967341,0.8778552585769268,0.0
robocasa/CollectWashingSupplies,39,4900441,0,oracle_real_utility,1,-0.056147882513390035,0.7081664376464909,0.0
robocasa/CollectWashingSupplies,39,4900441,0,oracle_real_utility,2,-0.04588960246789914,0.8789791673592122,0.0
robocasa/CollectWashingSupplies,39,4900441,0,oracle_real_utility,4,-0.04137828213526522,0.9540980895575217,0.0
robocasa/CollectWashingSupplies,39,4900441,0,oracle_real_utility,8,-0.03960602497947042,0.9836083077609405,0.0
robocasa/CollectWashingSupplies,39,4910448,1,random,1,-0.05671087819357535,0.517732254979202,0.0
robocasa/CollectWashingSupplies,39,4910448,1,random,2,-0.052974165295797904,0.6193382590400378,0.0
robocasa/CollectWashingSupplies,39,4910448,1,random,4,-0.05093703543191257,0.6747304261357483,0.0
robocasa/CollectWashingSupplies,39,4910448,1,random,8,-0.0515729067452452,0.6574402716571759,0.0
robocasa/CollectWashingSupplies,39,4910448,1,learned_wam,1,-0.05671087819357535,0.5177322549792021,0.0
robocasa/CollectWashingSupplies,39,4910448,1,learned_wam,2,-0.05525444154696416,0.5573346306174121,0.0
robocasa/CollectWashingSupplies,39,4910448,1,learned_wam,4,-0.05602585646463121,0.5363588721362915,0.0
robocasa/CollectWashingSupplies,39,4910448,1,learned_wam,8,-0.05868082152022191,0.4641669757826336,0.0
robocasa/CollectWashingSupplies,39,4910448,1,learned_physics_score,1,-0.05671087819357535,0.5177322549792021,0.0
robocasa/CollectWashingSupplies,39,4910448,1,learned_physics_score,2,-0.05525444154696416,0.5573346306174121,0.0
robocasa/CollectWashingSupplies,39,4910448,1,learned_physics_score,4,-0.05602585646463121,0.5363588721362915,0.0
robocasa/CollectWashingSupplies,39,4910448,1,learned_physics_score,8,-0.05868082152022191,0.4641669757826336,0.0
robocasa/CollectWashingSupplies,39,4910448,1,learned_energy_regularized,1,-0.05671087819357534,0.5177322549792021,0.0
robocasa/CollectWashingSupplies,39,4910448,1,learned_energy_regularized,2,-0.053615434745250566,0.6019013223345362,0.0
robocasa/CollectWashingSupplies,39,4910448,1,learned_energy_regularized,4,-0.05395387266534292,0.5926987623241865,0.0
robocasa/CollectWashingSupplies,39,4910448,1,learned_energy_regularized,8,-0.05396682961176173,0.5923464463752601,0.0
robocasa/CollectWashingSupplies,39,4910448,1,predicted_progress,1,-0.05671087819357535,0.5177322549792021,0.0
robocasa/CollectWashingSupplies,39,4910448,1,predicted_progress,2,-0.059776526093315664,0.43437336670727245,0.0
robocasa/CollectWashingSupplies,39,4910448,1,predicted_progress,4,-0.06333782340562572,0.33753713682414654,0.0
robocasa/CollectWashingSupplies,39,4910448,1,predicted_progress,8,-0.0648064428191566,0.29760349616799747,0.0
robocasa/CollectWashingSupplies,39,4910448,1,predicted_success,1,-0.05671087819357535,0.5177322549792021,0.0
robocasa/CollectWashingSupplies,39,4910448,1,predicted_success,2,-0.05671087819357535,0.5177322549792021,0.0
robocasa/CollectWashingSupplies,39,4910448,1,predicted_success,4,-0.05671087819357535,0.5177322549792021,0.0
robocasa/CollectWashingSupplies,39,4910448,1,predicted_success,8,-0.05671087819357535,0.5177322549792021,0.0
robocasa/CollectWashingSupplies,39,4910448,1,low_energy,1,-0.05671087819357534,0.5177322549792021,0.0
robocasa/CollectWashingSupplies,39,4910448,1,low_energy,2,-0.05289868714806022,0.6213906064360879,0.0
robocasa/CollectWashingSupplies,39,4910448,1,low_energy,4,-0.05226279630322194,0.638681292001285,0.0
robocasa/CollectWashingSupplies,39,4910448,1,low_energy,8,-0.05264909118855356,0.628177439882748,0.0
robocasa/CollectWashingSupplies,39,4910448,1,distance_progress,1,-0.05671087819357535,0.5177322549792021,0.0
robocasa/CollectWashingSupplies,39,4910448,1,distance_progress,2,-0.05294308633797114,0.620183335662604,0.0
robocasa/CollectWashingSupplies,39,4910448,1,distance_progress,4,-0.04708149090268687,0.77956761427676,0.0
robocasa/CollectWashingSupplies,39,4910448,1,distance_progress,8,-0.04174855592668672,0.9245769386885809,0.0
robocasa/CollectWashingSupplies,39,4910448,1,oracle_real_utility,1,-0.05671087819357534,0.5177322549792021,0.0
robocasa/CollectWashingSupplies,39,4910448,1,oracle_real_utility,2,-0.050126945068063505,0.6967578194759882,0.0
robocasa/CollectWashingSupplies,39,4910448,1,oracle_real_utility,4,-0.04476855085763207,0.8424594130419498,0.0
robocasa/CollectWashingSupplies,39,4910448,1,oracle_real_utility,8,-0.04112007042707589,0.9416662634433988,0.0
robocasa/MicrowavePressButton,40,5000444,0,random,1,-0.04808933417332999,0.6324509407933261,0.0
robocasa/MicrowavePressButton,40,5000444,0,random,2,-0.04242214056310676,0.7286341718313609,0.0
robocasa/MicrowavePressButton,40,5000444,0,random,4,-0.03982277301591742,0.7727504640457423,0.0
robocasa/MicrowavePressButton,40,5000444,0,random,8,-0.038971101742118,0.7872049719610065,0.0
robocasa/MicrowavePressButton,40,5000444,0,learned_wam,1,-0.04808933417332999,0.632450940793326,0.0
robocasa/MicrowavePressButton,40,5000444,0,learned_wam,2,-0.04137268788832899,0.7464454124601522,0.0
robocasa/MicrowavePressButton,40,5000444,0,learned_wam,4,-0.03650100121632177,0.8291273529312365,0.0
robocasa/MicrowavePressButton,40,5000444,0,learned_wam,8,-0.03367241349886226,0.8771339545495354,0.0
robocasa/MicrowavePressButton,40,5000444,0,learned_physics_score,1,-0.04808933417332999,0.632450940793326,0.0
robocasa/MicrowavePressButton,40,5000444,0,learned_physics_score,2,-0.04137268788832899,0.7464454124601522,0.0
robocasa/MicrowavePressButton,40,5000444,0,learned_physics_score,4,-0.03650100121632177,0.8291273529312365,0.0
robocasa/MicrowavePressButton,40,5000444,0,learned_physics_score,8,-0.03367241349886226,0.8771339545495354,0.0
robocasa/MicrowavePressButton,40,5000444,0,learned_energy_regularized,1,-0.04808933417332999,0.632450940793326,0.0
robocasa/MicrowavePressButton,40,5000444,0,learned_energy_regularized,2,-0.04085628089569786,0.7552098374115596,0.0
robocasa/MicrowavePressButton,40,5000444,0,learned_energy_regularized,4,-0.03781492772548416,0.8068274800682751,0.0
robocasa/MicrowavePressButton,40,5000444,0,learned_energy_regularized,8,-0.03507447654937243,0.8533382341997238,0.0
robocasa/MicrowavePressButton,40,5000444,0,predicted_progress,1,-0.04808933417332999,0.6324509407933261,0.0
robocasa/MicrowavePressButton,40,5000444,0,predicted_progress,2,-0.04594893349891743,0.6687776779299596,0.0
robocasa/MicrowavePressButton,40,5000444,0,predicted_progress,4,-0.04323645887020629,0.7148136159694676,0.0
robocasa/MicrowavePressButton,40,5000444,0,predicted_progress,8,-0.040335529512636595,0.7640479950668764,0.0
robocasa/MicrowavePressButton,40,5000444,0,predicted_success,1,-0.04808933417332999,0.6324509407933261,0.0
robocasa/MicrowavePressButton,40,5000444,0,predicted_success,2,-0.04808933417332999,0.6324509407933261,0.0
robocasa/MicrowavePressButton,40,5000444,0,predicted_success,4,-0.04808933417332999,0.6324509407933261,0.0
robocasa/MicrowavePressButton,40,5000444,0,predicted_success,8,-0.04808933417332999,0.6324509407933261,0.0
robocasa/MicrowavePressButton,40,5000444,0,low_energy,1,-0.04808933417332999,0.632450940793326,0.0
robocasa/MicrowavePressButton,40,5000444,0,low_energy,2,-0.04024908622753433,0.7655151047219411,0.0
robocasa/MicrowavePressButton,40,5000444,0,low_energy,4,-0.0368946483065488,0.8224464008355721,0.0
robocasa/MicrowavePressButton,40,5000444,0,low_energy,8,-0.03476628143156757,0.85856890113285,0.0
robocasa/MicrowavePressButton,40,5000444,0,distance_progress,1,-0.04808933417332998,0.632450940793326,0.0
robocasa/MicrowavePressButton,40,5000444,0,distance_progress,2,-0.039599941713978015,0.7765323420035166,0.0
robocasa/MicrowavePressButton,40,5000444,0,distance_progress,4,-0.0343458682084562,0.8657041262462151,0.0
robocasa/MicrowavePressButton,40,5000444,0,distance_progress,8,-0.03026360178279109,0.9349880790778696,0.0
robocasa/MicrowavePressButton,40,5000444,0,oracle_real_utility,1,-0.04808933417332998,0.632450940793326,0.0
robocasa/MicrowavePressButton,40,5000444,0,oracle_real_utility,2,-0.038176251625887295,0.8006951149891386,0.0
robocasa/MicrowavePressButton,40,5000444,0,oracle_real_utility,4,-0.031519020894042266,0.9136811898603896,0.0
robocasa/MicrowavePressButton,40,5000444,0,oracle_real_utility,8,-0.027934757203908023,0.9745130735616141,0.0
robocasa/MicrowavePressButton,40,5010451,1,random,1,-0.05231462784863738,0.47092773908778457,0.0
robocasa/MicrowavePressButton,40,5010451,1,random,2,-0.049863059585747965,0.5275926570673822,0.0
robocasa/MicrowavePressButton,40,5010451,1,random,4,-0.047934168250505484,0.5721765550389811,0.0
robocasa/MicrowavePressButton,40,5010451,1,random,8,-0.047871391797379044,0.5736275538226199,0.0
robocasa/MicrowavePressButton,40,5010451,1,learned_wam,1,-0.05231462784863737,0.47092773908778457,0.0
robocasa/MicrowavePressButton,40,5010451,1,learned_wam,2,-0.04515367092631024,0.6364442547000617,0.0
robocasa/MicrowavePressButton,40,5010451,1,learned_wam,4,-0.03793326366124604,0.8033348902363275,0.0
robocasa/MicrowavePressButton,40,5010451,1,learned_wam,8,-0.03251891956842902,0.9284806463537596,0.0
robocasa/MicrowavePressButton,40,5010451,1,learned_physics_score,1,-0.05231462784863737,0.47092773908778457,0.0
robocasa/MicrowavePressButton,40,5010451,1,learned_physics_score,2,-0.04515367092631024,0.6364442547000617,0.0
robocasa/MicrowavePressButton,40,5010451,1,learned_physics_score,4,-0.03793326366124604,0.8033348902363275,0.0
robocasa/MicrowavePressButton,40,5010451,1,learned_physics_score,8,-0.03251891956842902,0.9284806463537596,0.0
robocasa/MicrowavePressButton,40,5010451,1,learned_energy_regularized,1,-0.05231462784863737,0.47092773908778457,0.0
robocasa/MicrowavePressButton,40,5010451,1,learned_energy_regularized,2,-0.045232652395758736,0.6346186973391045,0.0
robocasa/MicrowavePressButton,40,5010451,1,learned_energy_regularized,4,-0.03786990295897973,0.8047993932042434,0.0
robocasa/MicrowavePressButton,40,5010451,1,learned_energy_regularized,8,-0.03251612778167975,0.9285451749942868,0.0
robocasa/MicrowavePressButton,40,5010451,1,predicted_progress,1,-0.05231462784863737,0.4709277390877845,0.0
robocasa/MicrowavePressButton,40,5010451,1,predicted_progress,2,-0.05142312165279316,0.49153378389205055,0.0
robocasa/MicrowavePressButton,40,5010451,1,predicted_progress,4,-0.05119257569176522,0.4968625639101026,0.0
robocasa/MicrowavePressButton,40,5010451,1,predicted_progress,8,-0.05338063051203123,0.4462884278348106,0.0
robocasa/MicrowavePressButton,40,5010451,1,predicted_success,1,-0.05231462784863738,0.47092773908778457,0.0
robocasa/MicrowavePressButton,40,5010451,1,predicted_success,2,-0.05231462784863738,0.47092773908778457,0.0
robocasa/MicrowavePressButton,40,5010451,1,predicted_success,4,-0.05231462784863738,0.47092773908778457,0.0
robocasa/MicrowavePressButton,40,5010451,1,predicted_success,8,-0.05231462784863738,0.47092773908778457,0.0
robocasa/MicrowavePressButton,40,5010451,1,low_energy,1,-0.05231462784863737,0.47092773908778457,0.0
robocasa/MicrowavePressButton,40,5010451,1,low_energy,2,-0.045232652395758736,0.6346186973391045,0.0
robocasa/MicrowavePressButton,40,5010451,1,low_energy,4,-0.03786990295897973,0.8047993932042434,0.0
robocasa/MicrowavePressButton,40,5010451,1,low_energy,8,-0.03251612778167975,0.9285451749942868,0.0
robocasa/MicrowavePressButton,40,5010451,1,distance_progress,1,-0.05231462784863738,0.47092773908778457,0.0
robocasa/MicrowavePressButton,40,5010451,1,distance_progress,2,-0.049922601015348664,0.5262164317850663,0.0
robocasa/MicrowavePressButton,40,5010451,1,distance_progress,4,-0.051581542480648064,0.4878720856425888,0.0
robocasa/MicrowavePressButton,40,5010451,1,distance_progress,8,-0.05689683419513551,0.36501580070925266,0.0
robocasa/MicrowavePressButton,40,5010451,1,oracle_real_utility,1,-0.05231462784863738,0.47092773908778457,0.0
robocasa/MicrowavePressButton,40,5010451,1,oracle_real_utility,2,-0.04435414191319428,0.6549243625707386,0.0
robocasa/MicrowavePressButton,40,5010451,1,oracle_real_utility,4,-0.03743355802804856,0.8148849576555006,0.0
robocasa/MicrowavePressButton,40,5010451,1,oracle_real_utility,8,-0.03247414613889203,0.9295155278827724,0.0
robocasa/ToastBagel,41,5100447,0,random,1,-0.06399941233729418,0.5334438862788357,0.0
robocasa/ToastBagel,41,5100447,0,random,2,-0.06587531422607514,0.49033450005942714,0.0
robocasa/ToastBagel,41,5100447,0,random,4,-0.06378311260329503,0.5384145880132338,0.0
robocasa/ToastBagel,41,5100447,0,random,8,-0.05947307580850395,0.6374619006246907,0.0
robocasa/ToastBagel,41,5100447,0,learned_wam,1,-0.06399941233729418,0.5334438862788357,0.0
robocasa/ToastBagel,41,5100447,0,learned_wam,2,-0.0564291794577719,0.7074125223391495,0.0
robocasa/ToastBagel,41,5100447,0,learned_wam,4,-0.050890410043352055,0.8346968708940925,0.0
robocasa/ToastBagel,41,5100447,0,learned_wam,8,-0.04833238432263352,0.8934818848722476,0.0
robocasa/ToastBagel,41,5100447,0,learned_physics_score,1,-0.06399941233729418,0.5334438862788357,0.0
robocasa/ToastBagel,41,5100447,0,learned_physics_score,2,-0.0564291794577719,0.7074125223391495,0.0
robocasa/ToastBagel,41,5100447,0,learned_physics_score,4,-0.050890410043352055,0.8346968708940925,0.0
robocasa/ToastBagel,41,5100447,0,learned_physics_score,8,-0.04833238432263352,0.8934818848722476,0.0
robocasa/ToastBagel,41,5100447,0,learned_energy_regularized,1,-0.06399941233729418,0.5334438862788355,0.0
robocasa/ToastBagel,41,5100447,0,learned_energy_regularized,2,-0.057477366116407594,0.6833245443018112,0.0
robocasa/ToastBagel,41,5100447,0,learned_energy_regularized,4,-0.053470536969712275,0.7754039575339817,0.0
robocasa/ToastBagel,41,5100447,0,learned_energy_regularized,8,-0.05345135738043813,0.7758447163639044,0.0
robocasa/ToastBagel,41,5100447,0,predicted_progress,1,-0.06399941233729417,0.5334438862788357,0.0
robocasa/ToastBagel,41,5100447,0,predicted_progress,2,-0.06116069740914867,0.5986793119352112,0.0
robocasa/ToastBagel,41,5100447,0,predicted_progress,4,-0.05828717029007657,0.6647147432809961,0.0
robocasa/ToastBagel,41,5100447,0,predicted_progress,8,-0.054663694887777926,0.7479844502461763,0.0
robocasa/ToastBagel,41,5100447,0,predicted_success,1,-0.06399941233729418,0.5334438862788357,0.0
robocasa/ToastBagel,41,5100447,0,predicted_success,2,-0.06399941233729418,0.5334438862788357,0.0
robocasa/ToastBagel,41,5100447,0,predicted_success,4,-0.06399941233729418,0.5334438862788357,0.0
robocasa/ToastBagel,41,5100447,0,predicted_success,8,-0.06399941233729418,0.5334438862788357,0.0
robocasa/ToastBagel,41,5100447,0,low_energy,1,-0.06399941233729418,0.5334438862788355,0.0
robocasa/ToastBagel,41,5100447,0,low_energy,2,-0.057477366116407594,0.6833245443018112,0.0
robocasa/ToastBagel,41,5100447,0,low_energy,4,-0.053470536969712275,0.7754039575339817,0.0
robocasa/ToastBagel,41,5100447,0,low_energy,8,-0.05345135738043813,0.7758447163639044,0.0
robocasa/ToastBagel,41,5100447,0,distance_progress,1,-0.06399941233729418,0.5334438862788355,0.0
robocasa/ToastBagel,41,5100447,0,distance_progress,2,-0.05739894659477552,0.6851266734352146,0.0
robocasa/ToastBagel,41,5100447,0,distance_progress,4,-0.05093792644039297,0.8336049146867653,0.0
robocasa/ToastBagel,41,5100447,0,distance_progress,8,-0.046570647300452364,0.9339676918115389,0.0
robocasa/ToastBagel,41,5100447,0,oracle_real_utility,1,-0.06399941233729418,0.5334438862788357,0.0
robocasa/ToastBagel,41,5100447,0,oracle_real_utility,2,-0.05567377409343843,0.7247722050592447,0.0
robocasa/ToastBagel,41,5100447,0,oracle_real_utility,4,-0.049252912077951495,0.8723275874289651,0.0
robocasa/ToastBagel,41,5100447,0,oracle_real_utility,8,-0.04549084428545573,0.9587822332823733,0.0
robocasa/ToastBagel,41,5110454,1,random,1,-0.05287470234307942,0.6040296759538364,0.0
robocasa/ToastBagel,41,5110454,1,random,2,-0.051372454372868574,0.624330199610199,0.0
robocasa/ToastBagel,41,5110454,1,random,4,-0.050494545365492624,0.6361937620351615,0.0
robocasa/ToastBagel,41,5110454,1,random,8,-0.048020592676376,0.6696253499527578,0.0
robocasa/ToastBagel,41,5110454,1,learned_wam,1,-0.05287470234307941,0.6040296759538364,0.0
robocasa/ToastBagel,41,5110454,1,learned_wam,2,-0.03828073849884081,0.8012441932205744,0.0
robocasa/ToastBagel,41,5110454,1,learned_wam,4,-0.029515379252068284,0.9196942668929318,0.0
robocasa/ToastBagel,41,5110454,1,learned_wam,8,-0.02563617523367771,0.9721156210932923,0.0
robocasa/ToastBagel,41,5110454,1,learned_physics_score,1,-0.05287470234307941,0.6040296759538364,0.0
robocasa/ToastBagel,41,5110454,1,learned_physics_score,2,-0.03828073849884081,0.8012441932205744,0.0
robocasa/ToastBagel,41,5110454,1,learned_physics_score,4,-0.029515379252068284,0.9196942668929318,0.0
robocasa/ToastBagel,41,5110454,1,learned_physics_score,8,-0.02563617523367771,0.9721156210932923,0.0
robocasa/ToastBagel,41,5110454,1,learned_energy_regularized,1,-0.05287470234307941,0.6040296759538364,0.0
robocasa/ToastBagel,41,5110454,1,learned_energy_regularized,2,-0.0383158825499248,0.8007692765260217,0.0
robocasa/ToastBagel,41,5110454,1,learned_energy_regularized,4,-0.029598297247594572,0.9185737603167217,0.0
robocasa/ToastBagel,41,5110454,1,learned_energy_regularized,8,-0.025700787471852074,0.9712424880982349,0.0
robocasa/ToastBagel,41,5110454,1,predicted_progress,1,-0.05287470234307941,0.6040296759538364,0.0
robocasa/ToastBagel,41,5110454,1,predicted_progress,2,-0.03881471628212795,0.7940283215159374,0.0
robocasa/ToastBagel,41,5110454,1,predicted_progress,4,-0.030443245521123145,0.9071556104804052,0.0
robocasa/ToastBagel,41,5110454,1,predicted_progress,8,-0.027049522678797056,0.9530164485110999,0.0
robocasa/ToastBagel,41,5110454,1,predicted_success,1,-0.05287470234307942,0.6040296759538364,0.0
robocasa/ToastBagel,41,5110454,1,predicted_success,2,-0.05287470234307942,0.6040296759538364,0.0
robocasa/ToastBagel,41,5110454,1,predicted_success,4,-0.05287470234307942,0.6040296759538364,0.0
robocasa/ToastBagel,41,5110454,1,predicted_success,8,-0.05287470234307942,0.6040296759538364,0.0
robocasa/ToastBagel,41,5110454,1,low_energy,1,-0.05287470234307941,0.6040296759538364,0.0
robocasa/ToastBagel,41,5110454,1,low_energy,2,-0.0383158825499248,0.8007692765260217,0.0
robocasa/ToastBagel,41,5110454,1,low_energy,4,-0.029598297247594572,0.9185737603167217,0.0
robocasa/ToastBagel,41,5110454,1,low_energy,8,-0.025700787471852074,0.9712424880982349,0.0
robocasa/ToastBagel,41,5110454,1,distance_progress,1,-0.05287470234307941,0.6040296759538364,0.0
robocasa/ToastBagel,41,5110454,1,distance_progress,2,-0.04045717816788171,0.771833026845818,0.0
robocasa/ToastBagel,41,5110454,1,distance_progress,4,-0.03554860612099637,0.8381646744384397,0.0
robocasa/ToastBagel,41,5110454,1,distance_progress,8,-0.0351873964692647,0.8430458559912136,0.0
robocasa/ToastBagel,41,5110454,1,oracle_real_utility,1,-0.05287470234307941,0.6040296759538364,0.0
robocasa/ToastBagel,41,5110454,1,oracle_real_utility,2,-0.03828073849884081,0.8012441932205744,0.0
robocasa/ToastBagel,41,5110454,1,oracle_real_utility,4,-0.029515379252068284,0.9196942668929318,0.0
robocasa/ToastBagel,41,5110454,1,oracle_real_utility,8,-0.02563617523367771,0.9721156210932923,0.0
robocasa/AdjustHeat,42,5200450,0,random,1,-0.05375248518188321,0.4472008425569068,0.0
robocasa/AdjustHeat,42,5200450,0,random,2,-0.058156208350659724,0.34534736195296095,0.0
robocasa/AdjustHeat,42,5200450,0,random,4,-0.05837458333152232,0.3402965785532735,0.0
robocasa/AdjustHeat,42,5200450,0,random,8,-0.05766460328291363,0.3567176696025193,0.0
robocasa/AdjustHeat,42,5200450,0,learned_wam,1,-0.053752485181883206,0.44720084255690673,0.0
robocasa/AdjustHeat,42,5200450,0,learned_wam,2,-0.047619392753419955,0.5890528134377748,0.0
robocasa/AdjustHeat,42,5200450,0,learned_wam,4,-0.04075631258246288,0.7477886322631243,0.0
robocasa/AdjustHeat,42,5200450,0,learned_wam,8,-0.0347423338197152,0.8868856294602134,0.0
robocasa/AdjustHeat,42,5200450,0,learned_physics_score,1,-0.053752485181883206,0.44720084255690673,0.0
robocasa/AdjustHeat,42,5200450,0,learned_physics_score,2,-0.047619392753419955,0.5890528134377748,0.0
robocasa/AdjustHeat,42,5200450,0,learned_physics_score,4,-0.04075631258246288,0.7477886322631243,0.0
robocasa/AdjustHeat,42,5200450,0,learned_physics_score,8,-0.0347423338197152,0.8868856294602134,0.0
robocasa/AdjustHeat,42,5200450,0,learned_energy_regularized,1,-0.0537524851818832,0.4472008425569068,0.0
robocasa/AdjustHeat,42,5200450,0,learned_energy_regularized,2,-0.04940800960531261,0.5476839887296692,0.0
robocasa/AdjustHeat,42,5200450,0,learned_energy_regularized,4,-0.04489229789336413,0.6521276464343702,0.0
robocasa/AdjustHeat,42,5200450,0,learned_energy_regularized,8,-0.03906777646549767,0.7868426949384946,0.0
robocasa/AdjustHeat,42,5200450,0,predicted_progress,1,-0.05375248518188321,0.44720084255690673,0.0
robocasa/AdjustHeat,42,5200450,0,predicted_progress,2,-0.05161570457558981,0.4966223283535397,0.0
robocasa/AdjustHeat,42,5200450,0,predicted_progress,4,-0.049578330579440916,0.5437446439139408,0.0
robocasa/AdjustHeat,42,5200450,0,predicted_progress,8,-0.04694986115702242,0.6045383743719677,0.0
robocasa/AdjustHeat,42,5200450,0,predicted_success,1,-0.053752485181883206,0.44720084255690684,0.0
robocasa/AdjustHeat,42,5200450,0,predicted_success,2,-0.053752485181883206,0.44720084255690684,0.0
robocasa/AdjustHeat,42,5200450,0,predicted_success,4,-0.053752485181883206,0.44720084255690684,0.0
robocasa/AdjustHeat,42,5200450,0,predicted_success,8,-0.053752485181883206,0.44720084255690684,0.0
robocasa/AdjustHeat,42,5200450,0,low_energy,1,-0.053752485181883206,0.4472008425569068,0.0
robocasa/AdjustHeat,42,5200450,0,low_energy,2,-0.05087520002036823,0.5137494191041942,0.0
robocasa/AdjustHeat,42,5200450,0,low_energy,4,-0.04944322691612711,0.5468694494077152,0.0
robocasa/AdjustHeat,42,5200450,0,low_energy,8,-0.050719143071003614,0.517358852044466,0.0
robocasa/AdjustHeat,42,5200450,0,distance_progress,1,-0.053752485181883206,0.44720084255690673,0.0
robocasa/AdjustHeat,42,5200450,0,distance_progress,2,-0.04872136631294576,0.5635653251762437,0.0
robocasa/AdjustHeat,42,5200450,0,distance_progress,4,-0.04272453747259507,0.7022656627239243,0.0
robocasa/AdjustHeat,42,5200450,0,distance_progress,8,-0.038662173582617365,0.7962238625961862,0.0
robocasa/AdjustHeat,42,5200450,0,oracle_real_utility,1,-0.05375248518188321,0.4472008425569068,0.0
robocasa/AdjustHeat,42,5200450,0,oracle_real_utility,2,-0.04699800043907027,0.6034249634597846,0.0
robocasa/AdjustHeat,42,5200450,0,oracle_real_utility,4,-0.04029312507800542,0.7585016715921509,0.0
robocasa/AdjustHeat,42,5200450,0,oracle_real_utility,8,-0.034429461357114166,0.894122040124487,0.0
robocasa/AdjustHeat,42,5210457,1,random,1,-0.05130468933488668,0.6654666643219574,0.0
robocasa/AdjustHeat,42,5210457,1,random,2,-0.051800161246724645,0.6538074368862404,0.0
robocasa/AdjustHeat,42,5210457,1,random,4,-0.05035828704168985,0.687736987459215,0.0
robocasa/AdjustHeat,42,5210457,1,random,8,-0.04833004127063306,0.7354647762102675,0.0
robocasa/AdjustHeat,42,5210457,1,learned_wam,1,-0.05130468933488669,0.6654666643219574,0.0
robocasa/AdjustHeat,42,5210457,1,learned_wam,2,-0.0454225151585122,0.8038834037985649,0.0
robocasa/AdjustHeat,42,5210457,1,learned_wam,4,-0.041548248002802865,0.8950509570662799,0.0
robocasa/AdjustHeat,42,5210457,1,learned_wam,8,-0.038876927431821404,0.9579112995935637,0.0
robocasa/AdjustHeat,42,5210457,1,learned_physics_score,1,-0.05130468933488669,0.6654666643219574,0.0
robocasa/AdjustHeat,42,5210457,1,learned_physics_score,2,-0.0454225151585122,0.8038834037985649,0.0
robocasa/AdjustHeat,42,5210457,1,learned_physics_score,4,-0.041548248002802865,0.8950509570662799,0.0
robocasa/AdjustHeat,42,5210457,1,learned_physics_score,8,-0.038876927431821404,0.9579112995935637,0.0
robocasa/AdjustHeat,42,5210457,1,learned_energy_regularized,1,-0.05130468933488669,0.6654666643219576,0.0
robocasa/AdjustHeat,42,5210457,1,learned_energy_regularized,2,-0.04574921363345171,0.7961956787606473,0.0
robocasa/AdjustHeat,42,5210457,1,learned_energy_regularized,4,-0.042472274403827615,0.8733071735969196,0.0
robocasa/AdjustHeat,42,5210457,1,learned_energy_regularized,8,-0.04031303325897155,0.9241174879557041,0.0
robocasa/AdjustHeat,42,5210457,1,predicted_progress,1,-0.05130468933488669,0.6654666643219574,0.0
robocasa/AdjustHeat,42,5210457,1,predicted_progress,2,-0.04623637825099046,0.784731934926111,0.0
robocasa/AdjustHeat,42,5210457,1,predicted_progress,4,-0.04328835755779578,0.8541034632124568,0.0
robocasa/AdjustHeat,42,5210457,1,predicted_progress,8,-0.040418593822249084,0.921633483139105,0.0
robocasa/AdjustHeat,42,5210457,1,predicted_success,1,-0.05130468933488669,0.6654666643219576,0.0
robocasa/AdjustHeat,42,5210457,1,predicted_success,2,-0.05130468933488669,0.6654666643219576,0.0
robocasa/AdjustHeat,42,5210457,1,predicted_success,4,-0.05130468933488669,0.6654666643219576,0.0
robocasa/AdjustHeat,42,5210457,1,predicted_success,8,-0.05130468933488669,0.6654666643219576,0.0
robocasa/AdjustHeat,42,5210457,1,low_energy,1,-0.05130468933488669,0.6654666643219576,0.0
robocasa/AdjustHeat,42,5210457,1,low_energy,2,-0.045875021905461166,0.7932352137542423,0.0
robocasa/AdjustHeat,42,5210457,1,low_energy,4,-0.04271602793084594,0.86757127264701,0.0
robocasa/AdjustHeat,42,5210457,1,low_energy,8,-0.04046061072355589,0.9206447598698828,0.0
robocasa/AdjustHeat,42,5210457,1,distance_progress,1,-0.05130468933488669,0.6654666643219574,0.0
robocasa/AdjustHeat,42,5210457,1,distance_progress,2,-0.04840917780049717,0.7336025701434564,0.0
robocasa/AdjustHeat,42,5210457,1,distance_progress,4,-0.04503715740883656,0.8129514731285048,0.0
robocasa/AdjustHeat,42,5210457,1,distance_progress,8,-0.04405063325672047,0.8361659262297558,0.0
robocasa/AdjustHeat,42,5210457,1,oracle_real_utility,1,-0.051304689334886674,0.6654666643219574,0.0
robocasa/AdjustHeat,42,5210457,1,oracle_real_utility,2,-0.04498812236633139,0.8141053442142888,0.0
robocasa/AdjustHeat,42,5210457,1,oracle_real_utility,4,-0.041201148578753684,0.9032187482792745,0.0
robocasa/AdjustHeat,42,5210457,1,oracle_real_utility,8,-0.038774899886903164,0.9603121669737082,0.0
robocasa/LowerHeat,43,5300453,0,random,1,-0.05428999389495155,0.7116668958657814,0.0
robocasa/LowerHeat,43,5300453,0,random,2,-0.05553066889256687,0.6708740309628296,0.0
robocasa/LowerHeat,43,5300453,0,random,4,-0.05596102705210097,0.6567240381802708,0.0
robocasa/LowerHeat,43,5300453,0,random,8,-0.057201877518749555,0.6159254039303246,0.0
robocasa/LowerHeat,43,5300453,0,learned_wam,1,-0.05428999389495155,0.7116668958657814,0.0
robocasa/LowerHeat,43,5300453,0,learned_wam,2,-0.05117918176213518,0.8139490723554759,0.0
robocasa/LowerHeat,43,5300453,0,learned_wam,4,-0.049725271884841625,0.8617530091797854,0.0
robocasa/LowerHeat,43,5300453,0,learned_wam,8,-0.04770281630402791,0.9282504863103234,0.0
robocasa/LowerHeat,43,5300453,0,learned_physics_score,1,-0.05428999389495155,0.7116668958657814,0.0
robocasa/LowerHeat,43,5300453,0,learned_physics_score,2,-0.05117918176213518,0.8139490723554759,0.0
robocasa/LowerHeat,43,5300453,0,learned_physics_score,4,-0.049725271884841625,0.8617530091797854,0.0
robocasa/LowerHeat,43,5300453,0,learned_physics_score,8,-0.04770281630402791,0.9282504863103234,0.0
robocasa/LowerHeat,43,5300453,0,learned_energy_regularized,1,-0.05428999389495155,0.7116668958657814,0.0
robocasa/LowerHeat,43,5300453,0,learned_energy_regularized,2,-0.05058930615289381,0.8333439308668344,0.0
robocasa/LowerHeat,43,5300453,0,learned_energy_regularized,4,-0.04839080622056932,0.9056296712104701,0.0
robocasa/LowerHeat,43,5300453,0,learned_energy_regularized,8,-0.0467253758351755,0.960388312149655,0.0
robocasa/LowerHeat,43,5300453,0,predicted_progress,1,-0.054289993894951545,0.7116668958657815,0.0
robocasa/LowerHeat,43,5300453,0,predicted_progress,2,-0.05702075122883679,0.6218807591111623,0.0
robocasa/LowerHeat,43,5300453,0,predicted_progress,4,-0.060515185067866246,0.5069852644958757,0.0
robocasa/LowerHeat,43,5300453,0,predicted_progress,8,-0.06236730472696687,0.44608835984073847,0.0
robocasa/LowerHeat,43,5300453,0,predicted_success,1,-0.054289993894951545,0.7116668958657814,0.0
robocasa/LowerHeat,43,5300453,0,predicted_success,2,-0.054289993894951545,0.7116668958657814,0.0
robocasa/LowerHeat,43,5300453,0,predicted_success,4,-0.054289993894951545,0.7116668958657814,0.0
robocasa/LowerHeat,43,5300453,0,predicted_success,8,-0.054289993894951545,0.7116668958657814,0.0
robocasa/LowerHeat,43,5300453,0,low_energy,1,-0.05428999389495155,0.7116668958657814,0.0
robocasa/LowerHeat,43,5300453,0,low_energy,2,-0.05065474345281888,0.8311923803474898,0.0
robocasa/LowerHeat,43,5300453,0,low_energy,4,-0.04869243127491143,0.8957123680353657,0.0
robocasa/LowerHeat,43,5300453,0,low_energy,8,-0.04758997549635394,0.9319606439517941,0.0
robocasa/LowerHeat,43,5300453,0,distance_progress,1,-0.05428999389495155,0.7116668958657815,0.0
robocasa/LowerHeat,43,5300453,0,distance_progress,2,-0.05407915500900064,0.7185991885350267,0.0
robocasa/LowerHeat,43,5300453,0,distance_progress,4,-0.05302010764264815,0.7534202143673201,0.0
robocasa/LowerHeat,43,5300453,0,distance_progress,8,-0.05136306816371413,0.8079029658799539,0.0
robocasa/LowerHeat,43,5300453,0,oracle_real_utility,1,-0.054289993894951545,0.7116668958657814,0.0
robocasa/LowerHeat,43,5300453,0,oracle_real_utility,2,-0.04982067607989746,0.8586161599263004,0.0
robocasa/LowerHeat,43,5300453,0,oracle_real_utility,4,-0.04764960362444784,0.9300000965252517,0.0
robocasa/LowerHeat,43,5300453,0,oracle_real_utility,8,-0.04645376254975928,0.9693188411593691,0.0
robocasa/LowerHeat,43,5310460,1,random,1,-0.048034139807807574,0.4980682772587791,0.0
robocasa/LowerHeat,43,5310460,1,random,2,-0.04885092285445104,0.4672019961497449,0.0
robocasa/LowerHeat,43,5310460,1,random,4,-0.04962055777835926,0.4381174454721751,0.0
robocasa/LowerHeat,43,5310460,1,random,8,-0.05152236073725049,0.3662481957560333,0.0
robocasa/LowerHeat,43,5310460,1,learned_wam,1,-0.048034139807807574,0.49806827725877917,0.0
robocasa/LowerHeat,43,5310460,1,learned_wam,2,-0.04489123750138435,0.6168387469532095,0.0
robocasa/LowerHeat,43,5310460,1,learned_wam,4,-0.04134949093382707,0.7506815655822558,0.0
robocasa/LowerHeat,43,5310460,1,learned_wam,8,-0.03838190587675633,0.862826785739475,0.0
robocasa/LowerHeat,43,5310460,1,learned_physics_score,1,-0.048034139807807574,0.49806827725877917,0.0
robocasa/LowerHeat,43,5310460,1,learned_physics_score,2,-0.04489123750138435,0.6168387469532095,0.0
robocasa/LowerHeat,43,5310460,1,learned_physics_score,4,-0.04134949093382707,0.7506815655822558,0.0
robocasa/LowerHeat,43,5310460,1,learned_physics_score,8,-0.03838190587675633,0.862826785739475,0.0
robocasa/LowerHeat,43,5310460,1,learned_energy_regularized,1,-0.04803413980780757,0.49806827725877917,0.0
robocasa/LowerHeat,43,5310460,1,learned_energy_regularized,2,-0.04554054534965126,0.5923013637970956,0.0
robocasa/LowerHeat,43,5310460,1,learned_energy_regularized,4,-0.04195481203667495,0.7278064442161662,0.0
robocasa/LowerHeat,43,5310460,1,learned_energy_regularized,8,-0.03820097246886778,0.8696642702500238,0.0
robocasa/LowerHeat,43,5310460,1,predicted_progress,1,-0.048034139807807574,0.4980682772587791,0.0
robocasa/LowerHeat,43,5310460,1,predicted_progress,2,-0.04721681302071218,0.5289551063526287,0.0
robocasa/LowerHeat,43,5310460,1,predicted_progress,4,-0.0476006103556101,0.5144513816774658,0.0
robocasa/LowerHeat,43,5310460,1,predicted_progress,8,-0.04835248829733478,0.4860378684387583,0.0
robocasa/LowerHeat,43,5310460,1,predicted_success,1,-0.04803413980780758,0.4980682772587791,0.0
robocasa/LowerHeat,43,5310460,1,predicted_success,2,-0.04803413980780758,0.4980682772587791,0.0
robocasa/LowerHeat,43,5310460,1,predicted_success,4,-0.04803413980780758,0.4980682772587791,0.0
robocasa/LowerHeat,43,5310460,1,predicted_success,8,-0.04803413980780758,0.4980682772587791,0.0
robocasa/LowerHeat,43,5310460,1,low_energy,1,-0.04803413980780757,0.49806827725877917,0.0
robocasa/LowerHeat,43,5310460,1,low_energy,2,-0.04554054534965126,0.5923013637970956,0.0
robocasa/LowerHeat,43,5310460,1,low_energy,4,-0.04195481203667495,0.7278064442161662,0.0
robocasa/LowerHeat,43,5310460,1,low_energy,8,-0.03820097246886778,0.8696642702500238,0.0
robocasa/LowerHeat,43,5310460,1,distance_progress,1,-0.048034139807807574,0.4980682772587791,0.0
robocasa/LowerHeat,43,5310460,1,distance_progress,2,-0.0480322357110132,0.4981402331926781,0.0
robocasa/LowerHeat,43,5310460,1,distance_progress,4,-0.04860095039637356,0.4766484705743098,0.0
robocasa/LowerHeat,43,5310460,1,distance_progress,8,-0.04865756392982781,0.4745090416949326,0.0
robocasa/LowerHeat,43,5310460,1,oracle_real_utility,1,-0.04803413980780758,0.49806827725877917,0.0
robocasa/LowerHeat,43,5310460,1,oracle_real_utility,2,-0.043940414132257286,0.6527704200175823,0.0
robocasa/LowerHeat,43,5310460,1,oracle_real_utility,4,-0.04066727030244303,0.7764627248181362,0.0
robocasa/LowerHeat,43,5310460,1,oracle_real_utility,8,-0.03787819393518084,0.881862090708817,0.0
robocasa/TransportCookware,44,5400456,0,random,1,-0.05614101218509418,0.45151414785214095,0.0
robocasa/TransportCookware,44,5400456,0,random,2,-0.05754395697092814,0.42264264008510655,0.0
robocasa/TransportCookware,44,5400456,0,random,4,-0.06317485459123984,0.3067631656954107,0.0
robocasa/TransportCookware,44,5400456,0,random,8,-0.07028627279180005,0.16041573428879594,0.0
robocasa/TransportCookware,44,5400456,0,learned_wam,1,-0.05614101218509417,0.451514147852141,0.0
robocasa/TransportCookware,44,5400456,0,learned_wam,2,-0.04874744040675583,0.6036680794821234,0.0
robocasa/TransportCookware,44,5400456,0,learned_wam,4,-0.04247552833930253,0.7327391304586549,0.0
robocasa/TransportCookware,44,5400456,0,learned_wam,8,-0.03655053835950183,0.8546707958732206,0.0
robocasa/TransportCookware,44,5400456,0,learned_physics_score,1,-0.05614101218509417,0.451514147852141,0.0
robocasa/TransportCookware,44,5400456,0,learned_physics_score,2,-0.04874744040675583,0.6036680794821234,0.0
robocasa/TransportCookware,44,5400456,0,learned_physics_score,4,-0.04247552833930253,0.7327391304586549,0.0
robocasa/TransportCookware,44,5400456,0,learned_physics_score,8,-0.03655053835950183,0.8546707958732206,0.0
robocasa/TransportCookware,44,5400456,0,learned_energy_regularized,1,-0.05614101218509418,0.451514147852141,0.0
robocasa/TransportCookware,44,5400456,0,learned_energy_regularized,2,-0.05186848669490868,0.5394393849108584,0.0
robocasa/TransportCookware,44,5400456,0,learned_energy_regularized,4,-0.04961592033833642,0.5857954409126465,0.0
robocasa/TransportCookware,44,5400456,0,learned_energy_regularized,8,-0.0494514267637593,0.5891805901815165,0.0
robocasa/TransportCookware,44,5400456,0,predicted_progress,1,-0.05614101218509417,0.451514147852141,0.0
robocasa/TransportCookware,44,5400456,0,predicted_progress,2,-0.0500795558440994,0.5762541843779131,0.0
robocasa/TransportCookware,44,5400456,0,predicted_progress,4,-0.046369217649788755,0.6526100460461868,0.0
robocasa/TransportCookware,44,5400456,0,predicted_progress,8,-0.045778403079185154,0.6647685483880441,0.0
robocasa/TransportCookware,44,5400456,0,predicted_success,1,-0.056141012185094166,0.451514147852141,0.0
robocasa/TransportCookware,44,5400456,0,predicted_success,2,-0.056141012185094166,0.451514147852141,0.0
robocasa/TransportCookware,44,5400456,0,predicted_success,4,-0.056141012185094166,0.451514147852141,0.0
robocasa/TransportCookware,44,5400456,0,predicted_success,8,-0.056141012185094166,0.451514147852141,0.0
robocasa/TransportCookware,44,5400456,0,low_energy,1,-0.05614101218509417,0.451514147852141,0.0
robocasa/TransportCookware,44,5400456,0,low_energy,2,-0.05367922739555573,0.5021757557711414,0.0
robocasa/TransportCookware,44,5400456,0,low_energy,4,-0.05346083900341138,0.5066700182850278,0.0
robocasa/TransportCookware,44,5400456,0,low_energy,8,-0.05210645222076662,0.5345422402780352,0.0
robocasa/TransportCookware,44,5400456,0,distance_progress,1,-0.05614101218509417,0.451514147852141,0.0
robocasa/TransportCookware,44,5400456,0,distance_progress,2,-0.049427976222879685,0.5896631839941764,0.0
robocasa/TransportCookware,44,5400456,0,distance_progress,4,-0.04336584283322914,0.7144171536524004,0.0
robocasa/TransportCookware,44,5400456,0,distance_progress,8,-0.037169314373165126,0.8419368688755771,0.0
robocasa/TransportCookware,44,5400456,0,oracle_real_utility,1,-0.05614101218509417,0.451514147852141,0.0
robocasa/TransportCookware,44,5400456,0,oracle_real_utility,2,-0.04860113307669547,0.6066789700452192,0.0
robocasa/TransportCookware,44,5400456,0,oracle_real_utility,4,-0.042130334482441356,0.7398429503809589,0.0
robocasa/TransportCookware,44,5400456,0,oracle_real_utility,8,-0.036281552748425774,0.860206309628159,0.0
robocasa/TransportCookware,44,5410463,1,random,1,-0.06044426732114158,0.4820019879285273,0.0
robocasa/TransportCookware,44,5410463,1,random,2,-0.06310240566328451,0.4089004499841552,0.0
robocasa/TransportCookware,44,5410463,1,random,4,-0.06816601895919408,0.2696458771058492,0.0
robocasa/TransportCookware,44,5410463,1,random,8,-0.07198217692195494,0.16469760872807013,0.0
robocasa/TransportCookware,44,5410463,1,learned_wam,1,-0.06044426732114159,0.48200198792852733,0.0
robocasa/TransportCookware,44,5410463,1,learned_wam,2,-0.053213029198290844,0.6808684726564093,0.0
robocasa/TransportCookware,44,5410463,1,learned_wam,4,-0.046843905769294245,0.8560259167350479,0.0
robocasa/TransportCookware,44,5410463,1,learned_wam,8,-0.04297322441004951,0.9624736345860658,0.0
robocasa/TransportCookware,44,5410463,1,learned_physics_score,1,-0.06044426732114159,0.48200198792852733,0.0
robocasa/TransportCookware,44,5410463,1,learned_physics_score,2,-0.053213029198290844,0.6808684726564093,0.0
robocasa/TransportCookware,44,5410463,1,learned_physics_score,4,-0.046843905769294245,0.8560259167350479,0.0
robocasa/TransportCookware,44,5410463,1,learned_physics_score,8,-0.04297322441004951,0.9624736345860658,0.0
robocasa/TransportCookware,44,5410463,1,learned_energy_regularized,1,-0.06044426732114158,0.48200198792852733,0.0
robocasa/TransportCookware,44,5410463,1,learned_energy_regularized,2,-0.05401880449316932,0.6587088234164414,0.0
robocasa/TransportCookware,44,5410463,1,learned_energy_regularized,4,-0.048870613595718246,0.8002893673137521,0.0
robocasa/TransportCookware,44,5410463,1,learned_energy_regularized,8,-0.04508947777375429,0.9042744908040858,0.0
robocasa/TransportCookware,44,5410463,1,predicted_progress,1,-0.060444267321141575,0.48200198792852733,0.0
robocasa/TransportCookware,44,5410463,1,predicted_progress,2,-0.057051844800004664,0.575297095907109,0.0
robocasa/TransportCookware,44,5410463,1,predicted_progress,4,-0.05152730026290308,0.7272277519235788,0.0
robocasa/TransportCookware,44,5410463,1,predicted_progress,8,-0.04675036681839008,0.8585983340770608,0.0
robocasa/TransportCookware,44,5410463,1,predicted_success,1,-0.06044426732114158,0.48200198792852733,0.0
robocasa/TransportCookware,44,5410463,1,predicted_success,2,-0.06044426732114158,0.48200198792852733,0.0
robocasa/TransportCookware,44,5410463,1,predicted_success,4,-0.06044426732114158,0.48200198792852733,0.0
robocasa/TransportCookware,44,5410463,1,predicted_success,8,-0.06044426732114158,0.48200198792852733,0.0
robocasa/TransportCookware,44,5410463,1,low_energy,1,-0.06044426732114158,0.48200198792852733,0.0
robocasa/TransportCookware,44,5410463,1,low_energy,2,-0.05355531432120511,0.6714552797823545,0.0
robocasa/TransportCookware,44,5410463,1,low_energy,4,-0.0484723017291865,0.8112433532532086,0.0
robocasa/TransportCookware,44,5410463,1,low_energy,8,-0.04504291552675006,0.90555500047967,0.0
robocasa/TransportCookware,44,5410463,1,distance_progress,1,-0.06044426732114158,0.48200198792852733,0.0
robocasa/TransportCookware,44,5410463,1,distance_progress,2,-0.0542166135994044,0.6532688695750893,0.0
robocasa/TransportCookware,44,5410463,1,distance_progress,4,-0.0495178427282772,0.782489900580836,0.0
robocasa/TransportCookware,44,5410463,1,distance_progress,8,-0.04786360151013814,0.8279832352428118,0.0
robocasa/TransportCookware,44,5410463,1,oracle_real_utility,1,-0.06044426732114158,0.48200198792852733,0.0
robocasa/TransportCookware,44,5410463,1,oracle_real_utility,2,-0.05235118854004089,0.7045699770447292,0.0
robocasa/TransportCookware,44,5410463,1,oracle_real_utility,4,-0.04584853710389139,0.8833995786355516,0.0
robocasa/TransportCookware,44,5410463,1,oracle_real_utility,8,-0.042726884064299024,0.9692482474219017,0.0
robocasa/FillKettle,45,5500459,0,random,1,-0.0519009782271686,0.6026408090859092,0.0
robocasa/FillKettle,45,5500459,0,random,2,-0.05306733912730012,0.5668497893041737,0.0
robocasa/FillKettle,45,5500459,0,random,4,-0.058506043080286355,0.3999573971240332,0.0
robocasa/FillKettle,45,5500459,0,random,8,-0.06460948004444739,0.21266696832431198,0.0
robocasa/FillKettle,45,5500459,0,learned_wam,1,-0.051900978227168604,0.6026408090859092,0.0
robocasa/FillKettle,45,5500459,0,learned_wam,2,-0.047484477185388514,0.7381658220853855,0.0
robocasa/FillKettle,45,5500459,0,learned_wam,4,-0.04432440812445215,0.8351358887764667,0.0
robocasa/FillKettle,45,5500459,0,learned_wam,8,-0.04194694473889178,0.9080908712808933,0.0
robocasa/FillKettle,45,5500459,0,learned_physics_score,1,-0.051900978227168604,0.6026408090859092,0.0
robocasa/FillKettle,45,5500459,0,learned_physics_score,2,-0.047484477185388514,0.7381658220853855,0.0
robocasa/FillKettle,45,5500459,0,learned_physics_score,4,-0.04432440812445215,0.8351358887764667,0.0
robocasa/FillKettle,45,5500459,0,learned_physics_score,8,-0.04194694473889178,0.9080908712808933,0.0
robocasa/FillKettle,45,5500459,0,learned_energy_regularized,1,-0.051900978227168604,0.6026408090859092,0.0
robocasa/FillKettle,45,5500459,0,learned_energy_regularized,2,-0.04620677181270512,0.7773735649579256,0.0
robocasa/FillKettle,45,5500459,0,learned_energy_regularized,4,-0.042111843983713565,0.9030307632708046,0.0
robocasa/FillKettle,45,5500459,0,learned_energy_regularized,8,-0.039891315007979565,0.9711700471643664,0.0
robocasa/FillKettle,45,5500459,0,predicted_progress,1,-0.0519009782271686,0.6026408090859091,0.0
robocasa/FillKettle,45,5500459,0,predicted_progress,2,-0.05131606452435844,0.6205895056733255,0.0
robocasa/FillKettle,45,5500459,0,predicted_progress,4,-0.05540006325582418,0.49526767829554796,0.0
robocasa/FillKettle,45,5500459,0,predicted_progress,8,-0.061913090246384396,0.29540854564472724,0.0
robocasa/FillKettle,45,5500459,0,predicted_success,1,-0.051900978227168604,0.6026408090859092,0.0
robocasa/FillKettle,45,5500459,0,predicted_success,2,-0.051900978227168604,0.6026408090859092,0.0
robocasa/FillKettle,45,5500459,0,predicted_success,4,-0.051900978227168604,0.6026408090859092,0.0
robocasa/FillKettle,45,5500459,0,predicted_success,8,-0.051900978227168604,0.6026408090859092,0.0
robocasa/FillKettle,45,5500459,0,low_energy,1,-0.051900978227168604,0.6026408090859092,0.0
robocasa/FillKettle,45,5500459,0,low_energy,2,-0.0456646577680314,0.7940089086964593,0.0
robocasa/FillKettle,45,5500459,0,low_energy,4,-0.0419000806850129,0.9095289444186693,0.0
robocasa/FillKettle,45,5500459,0,low_energy,8,-0.03988505930506385,0.9713620100351896,0.0
robocasa/FillKettle,45,5500459,0,distance_progress,1,-0.0519009782271686,0.6026408090859092,0.0
robocasa/FillKettle,45,5500459,0,distance_progress,2,-0.05276244571323355,0.5762057666975753,0.0
robocasa/FillKettle,45,5500459,0,distance_progress,4,-0.057531602442953106,0.4298591403348937,0.0
robocasa/FillKettle,45,5500459,0,distance_progress,8,-0.06396371512898986,0.23248294883333304,0.0
robocasa/FillKettle,45,5500459,0,oracle_real_utility,1,-0.05190097822716859,0.6026408090859092,0.0
robocasa/FillKettle,45,5500459,0,oracle_real_utility,2,-0.04562717354656353,0.7951591517403647,0.0
robocasa/FillKettle,45,5500459,0,oracle_real_utility,4,-0.04184326866185066,0.9112722815320882,0.0
robocasa/FillKettle,45,5500459,0,oracle_real_utility,8,-0.03986603335727999,0.971945841397696,0.0
robocasa/FillKettle,45,5510466,1,random,1,-0.054908514217901536,0.5619437719046302,0.0
robocasa/FillKettle,45,5510466,1,random,2,-0.05544257229540353,0.549455591135019,0.0
robocasa/FillKettle,45,5510466,1,random,4,-0.054847047793587275,0.5633810759178722,0.0
robocasa/FillKettle,45,5510466,1,random,8,-0.05253100200666653,0.6175384787850813,0.0
robocasa/FillKettle,45,5510466,1,learned_wam,1,-0.05490851421790153,0.5619437719046302,0.0
robocasa/FillKettle,45,5510466,1,learned_wam,2,-0.04961509396931113,0.6857227984537978,0.0
robocasa/FillKettle,45,5510466,1,learned_wam,4,-0.04558739313417372,0.7799047951953821,0.0
robocasa/FillKettle,45,5510466,1,learned_wam,8,-0.04316424713390413,0.836566582662521,0.0
robocasa/FillKettle,45,5510466,1,learned_physics_score,1,-0.05490851421790153,0.5619437719046302,0.0
robocasa/FillKettle,45,5510466,1,learned_physics_score,2,-0.04961509396931113,0.6857227984537978,0.0
robocasa/FillKettle,45,5510466,1,learned_physics_score,4,-0.04558739313417372,0.7799047951953821,0.0
robocasa/FillKettle,45,5510466,1,learned_physics_score,8,-0.04316424713390413,0.836566582662521,0.0
robocasa/FillKettle,45,5510466,1,learned_energy_regularized,1,-0.054908514217901536,0.5619437719046302,0.0
robocasa/FillKettle,45,5510466,1,learned_energy_regularized,2,-0.048713373211666376,0.7068082427145606,0.0
robocasa/FillKettle,45,5510466,1,learned_energy_regularized,4,-0.043973205689506675,0.8176502492091612,0.0
robocasa/FillKettle,45,5510466,1,learned_energy_regularized,8,-0.04231612741382397,0.8563986436776332,0.0
robocasa/FillKettle,45,5510466,1,predicted_progress,1,-0.054908514217901536,0.5619437719046302,0.0
robocasa/FillKettle,45,5510466,1,predicted_progress,2,-0.05984086965141633,0.44660772725230213,0.0
robocasa/FillKettle,45,5510466,1,predicted_progress,4,-0.06312120424298849,0.3699018162473167,0.0
robocasa/FillKettle,45,5510466,1,predicted_progress,8,-0.06181510047646971,0.400443176124222,0.0
robocasa/FillKettle,45,5510466,1,predicted_success,1,-0.054908514217901536,0.5619437719046302,0.0
robocasa/FillKettle,45,5510466,1,predicted_success,2,-0.054908514217901536,0.5619437719046302,0.0
robocasa/FillKettle,45,5510466,1,predicted_success,4,-0.054908514217901536,0.5619437719046302,0.0
robocasa/FillKettle,45,5510466,1,predicted_success,8,-0.054908514217901536,0.5619437719046302,0.0
robocasa/FillKettle,45,5510466,1,low_energy,1,-0.054908514217901536,0.5619437719046302,0.0
robocasa/FillKettle,45,5510466,1,low_energy,2,-0.048713373211666376,0.7068082427145606,0.0
robocasa/FillKettle,45,5510466,1,low_energy,4,-0.043973205689506675,0.8176502492091612,0.0
robocasa/FillKettle,45,5510466,1,low_energy,8,-0.04231612741382397,0.8563986436776332,0.0
robocasa/FillKettle,45,5510466,1,distance_progress,1,-0.054908514217901536,0.5619437719046302,0.0
robocasa/FillKettle,45,5510466,1,distance_progress,2,-0.04890815669461262,0.7022535108446767,0.0
robocasa/FillKettle,45,5510466,1,distance_progress,4,-0.04488281335597084,0.7963803809181301,0.0
robocasa/FillKettle,45,5510466,1,distance_progress,8,-0.040581456013795376,0.8969614418675932,0.0
robocasa/FillKettle,45,5510466,1,oracle_real_utility,1,-0.054908514217901536,0.5619437719046302,0.0
robocasa/FillKettle,45,5510466,1,oracle_real_utility,2,-0.04684708623154347,0.7504486821303644,0.0
robocasa/FillKettle,45,5510466,1,oracle_real_utility,4,-0.04131850979892691,0.8797264981537904,0.0
robocasa/FillKettle,45,5510466,1,oracle_real_utility,8,-0.03814902287238846,0.9538403957858013,0.0
robocasa/FillBlenderJug,46,5600462,0,random,1,-0.055111437857611065,0.4277247959354858,0.0
robocasa/FillBlenderJug,46,5600462,0,random,2,-0.05903845879405026,0.36138568758699396,0.0
robocasa/FillBlenderJug,46,5600462,0,random,4,-0.060679243689890236,0.3336679318776511,0.0
robocasa/FillBlenderJug,46,5600462,0,random,8,-0.06112520852385659,0.32613425433455717,0.0
robocasa/FillBlenderJug,46,5600462,0,learned_wam,1,-0.055111437857611065,0.42772479593548585,0.0
robocasa/FillBlenderJug,46,5600462,0,learned_wam,2,-0.04693901436615461,0.5657814287481139,0.0
robocasa/FillBlenderJug,46,5600462,0,learned_wam,4,-0.03878861500601269,0.7034660082263687,0.0
robocasa/FillBlenderJug,46,5600462,0,learned_wam,8,-0.0301556420763692,0.8493026960919832,0.0
robocasa/FillBlenderJug,46,5600462,0,learned_physics_score,1,-0.055111437857611065,0.42772479593548585,0.0
robocasa/FillBlenderJug,46,5600462,0,learned_physics_score,2,-0.04693901436615461,0.5657814287481139,0.0
robocasa/FillBlenderJug,46,5600462,0,learned_physics_score,4,-0.03878861500601269,0.7034660082263687,0.0
robocasa/FillBlenderJug,46,5600462,0,learned_physics_score,8,-0.0301556420763692,0.8493026960919832,0.0
robocasa/FillBlenderJug,46,5600462,0,learned_energy_regularized,1,-0.05511143785761107,0.42772479593548585,0.0
robocasa/FillBlenderJug,46,5600462,0,learned_energy_regularized,2,-0.047997030232063996,0.5479083819019139,0.0
robocasa/FillBlenderJug,46,5600462,0,learned_energy_regularized,4,-0.0406197445897097,0.672532762435438,0.0
robocasa/FillBlenderJug,46,5600462,0,learned_energy_regularized,8,-0.0328827168311223,0.8032342613782013,0.0
robocasa/FillBlenderJug,46,5600462,0,predicted_progress,1,-0.05511143785761106,0.42772479593548585,0.0
robocasa/FillBlenderJug,46,5600462,0,predicted_progress,2,-0.04829760246574709,0.542830819469835,0.0
robocasa/FillBlenderJug,46,5600462,0,predicted_progress,4,-0.044183229855911124,0.6123348569495701,0.0
robocasa/FillBlenderJug,46,5600462,0,predicted_progress,8,-0.04518821710537588,0.5953576217603056,0.0
robocasa/FillBlenderJug,46,5600462,0,predicted_success,1,-0.05511143785761106,0.42772479593548585,0.0
robocasa/FillBlenderJug,46,5600462,0,predicted_success,2,-0.05511143785761106,0.42772479593548585,0.0
robocasa/FillBlenderJug,46,5600462,0,predicted_success,4,-0.05511143785761106,0.42772479593548585,0.0
robocasa/FillBlenderJug,46,5600462,0,predicted_success,8,-0.05511143785761106,0.42772479593548585,0.0
robocasa/FillBlenderJug,46,5600462,0,low_energy,1,-0.05511143785761107,0.42772479593548585,0.0
robocasa/FillBlenderJug,46,5600462,0,low_energy,2,-0.047997030232063996,0.5479083819019139,0.0
robocasa/FillBlenderJug,46,5600462,0,low_energy,4,-0.0406197445897097,0.672532762435438,0.0
robocasa/FillBlenderJug,46,5600462,0,low_energy,8,-0.0328827168311223,0.8032342613782013,0.0
robocasa/FillBlenderJug,46,5600462,0,distance_progress,1,-0.05511143785761106,0.42772479593548585,0.0
robocasa/FillBlenderJug,46,5600462,0,distance_progress,2,-0.047523816602496625,0.5559023729582278,0.0
robocasa/FillBlenderJug,46,5600462,0,distance_progress,4,-0.03984830576143272,0.6855646674956906,0.0
robocasa/FillBlenderJug,46,5600462,0,distance_progress,8,-0.03180947677404542,0.821364490267412,0.0
robocasa/FillBlenderJug,46,5600462,0,oracle_real_utility,1,-0.055111437857611065,0.42772479593548585,0.0
robocasa/FillBlenderJug,46,5600462,0,oracle_real_utility,2,-0.04645110545583852,0.574023666971321,0.0
robocasa/FillBlenderJug,46,5600462,0,oracle_real_utility,4,-0.037926629450607506,0.7180275178491592,0.0
robocasa/FillBlenderJug,46,5600462,0,oracle_real_utility,8,-0.02967171175135274,0.8574777241307939,0.0
robocasa/FillBlenderJug,46,5610469,1,random,1,-0.047224412262646544,0.48482614415848985,0.0
robocasa/FillBlenderJug,46,5610469,1,random,2,-0.046578815676998245,0.4985199278134573,0.0
robocasa/FillBlenderJug,46,5610469,1,random,4,-0.049243724775326916,0.44199439861472245,0.0
robocasa/FillBlenderJug,46,5610469,1,random,8,-0.05709997402702611,0.2753550761898149,0.0
robocasa/FillBlenderJug,46,5610469,1,learned_wam,1,-0.04722441226264655,0.4848261441584899,0.0
robocasa/FillBlenderJug,46,5610469,1,learned_wam,2,-0.03783776563664984,0.6839268070174012,0.0
robocasa/FillBlenderJug,46,5610469,1,learned_wam,4,-0.031049482105762728,0.8279134515056122,0.0
robocasa/FillBlenderJug,46,5610469,1,learned_wam,8,-0.027270983197173696,0.9080593936387932,0.0
robocasa/FillBlenderJug,46,5610469,1,learned_physics_score,1,-0.04722441226264655,0.4848261441584899,0.0
robocasa/FillBlenderJug,46,5610469,1,learned_physics_score,2,-0.03783776563664984,0.6839268070174012,0.0
robocasa/FillBlenderJug,46,5610469,1,learned_physics_score,4,-0.031049482105762728,0.8279134515056122,0.0
robocasa/FillBlenderJug,46,5610469,1,learned_physics_score,8,-0.027270983197173696,0.9080593936387932,0.0
robocasa/FillBlenderJug,46,5610469,1,learned_energy_regularized,1,-0.04722441226264655,0.4848261441584899,0.0
robocasa/FillBlenderJug,46,5610469,1,learned_energy_regularized,2,-0.039926851921285623,0.6396150862705601,0.0
robocasa/FillBlenderJug,46,5610469,1,learned_energy_regularized,4,-0.03496461580594327,0.744869341511279,0.0
robocasa/FillBlenderJug,46,5610469,1,learned_energy_regularized,8,-0.033430954385423726,0.7773999158040081,0.0
robocasa/FillBlenderJug,46,5610469,1,predicted_progress,1,-0.04722441226264655,0.4848261441584899,0.0
robocasa/FillBlenderJug,46,5610469,1,predicted_progress,2,-0.04043221570617181,0.6288957880414074,0.0
robocasa/FillBlenderJug,46,5610469,1,predicted_progress,4,-0.033840227490962826,0.7687188021060151,0.0
robocasa/FillBlenderJug,46,5610469,1,predicted_progress,8,-0.030091092301563753,0.8482419088233477,0.0
robocasa/FillBlenderJug,46,5610469,1,predicted_success,1,-0.04722441226264655,0.4848261441584899,0.0
robocasa/FillBlenderJug,46,5610469,1,predicted_success,2,-0.04722441226264655,0.4848261441584899,0.0
robocasa/FillBlenderJug,46,5610469,1,predicted_success,4,-0.04722441226264655,0.4848261441584899,0.0
robocasa/FillBlenderJug,46,5610469,1,predicted_success,8,-0.04722441226264655,0.4848261441584899,0.0
robocasa/FillBlenderJug,46,5610469,1,low_energy,1,-0.04722441226264655,0.4848261441584899,0.0
robocasa/FillBlenderJug,46,5610469,1,low_energy,2,-0.03994990044158832,0.63912620287556,0.0
robocasa/FillBlenderJug,46,5610469,1,low_energy,4,-0.03496713673785137,0.744815869889951,0.0
robocasa/FillBlenderJug,46,5610469,1,low_energy,8,-0.033430965551660904,0.7773996789563551,0.0
robocasa/FillBlenderJug,46,5610469,1,distance_progress,1,-0.04722441226264655,0.4848261441584899,0.0
robocasa/FillBlenderJug,46,5610469,1,distance_progress,2,-0.0426295085411726,0.5822888923762218,0.0
robocasa/FillBlenderJug,46,5610469,1,distance_progress,4,-0.03470389685341546,0.7503994651365152,0.0
robocasa/FillBlenderJug,46,5610469,1,distance_progress,8,-0.03014766135280459,0.8470420196565225,0.0
robocasa/FillBlenderJug,46,5610469,1,oracle_real_utility,1,-0.04722441226264655,0.4848261441584899,0.0
robocasa/FillBlenderJug,46,5610469,1,oracle_real_utility,2,-0.037496130965390784,0.6911732382737863,0.0
robocasa/FillBlenderJug,46,5610469,1,oracle_real_utility,4,-0.030067282425892947,0.8487469413677194,0.0
robocasa/FillBlenderJug,46,5610469,1,oracle_real_utility,8,-0.026045913044068447,0.9340444220787045,0.0
robocasa/LoadDishwasher,47,5700465,0,random,1,-0.054052229741101666,0.35849582946881325,0.0
robocasa/LoadDishwasher,47,5700465,0,random,2,-0.05742603093987121,0.2659530909741107,0.0
robocasa/LoadDishwasher,47,5700465,0,random,4,-0.0596676889305073,0.20446482981110714,0.0
robocasa/LoadDishwasher,47,5700465,0,random,8,-0.06200302575810118,0.1404069755985089,0.0
robocasa/LoadDishwasher,47,5700465,0,learned_wam,1,-0.054052229741101666,0.3584958294688132,0.0
robocasa/LoadDishwasher,47,5700465,0,learned_wam,2,-0.04981435388420359,0.47473997489770353,0.0
robocasa/LoadDishwasher,47,5700465,0,learned_wam,4,-0.04391284386087349,0.6366172956515422,0.0
robocasa/LoadDishwasher,47,5700465,0,learned_wam,8,-0.037845538847749924,0.8030423420952599,0.0
robocasa/LoadDishwasher,47,5700465,0,learned_physics_score,1,-0.054052229741101666,0.3584958294688132,0.0
robocasa/LoadDishwasher,47,5700465,0,learned_physics_score,2,-0.04981435388420359,0.47473997489770353,0.0
robocasa/LoadDishwasher,47,5700465,0,learned_physics_score,4,-0.04391284386087349,0.6366172956515422,0.0
robocasa/LoadDishwasher,47,5700465,0,learned_physics_score,8,-0.037845538847749924,0.8030423420952599,0.0
robocasa/LoadDishwasher,47,5700465,0,learned_energy_regularized,1,-0.05405222974110166,0.3584958294688132,0.0
robocasa/LoadDishwasher,47,5700465,0,learned_energy_regularized,2,-0.050654866235889995,0.4516848776406245,0.0
robocasa/LoadDishwasher,47,5700465,0,learned_energy_regularized,4,-0.045548577354167105,0.591749430594139,0.0
robocasa/LoadDishwasher,47,5700465,0,learned_energy_regularized,8,-0.03907967895570234,0.7691901087989654,0.0
robocasa/LoadDishwasher,47,5700465,0,predicted_progress,1,-0.05405222974110167,0.3584958294688132,0.0
robocasa/LoadDishwasher,47,5700465,0,predicted_progress,2,-0.04937881034755902,0.4866868529856764,0.0
robocasa/LoadDishwasher,47,5700465,0,predicted_progress,4,-0.04317107163897345,0.6569639695394305,0.0
robocasa/LoadDishwasher,47,5700465,0,predicted_progress,8,-0.036974697341129376,0.8269293624232243,0.0
robocasa/LoadDishwasher,47,5700465,0,predicted_success,1,-0.054052229741101666,0.3584958294688132,0.0
robocasa/LoadDishwasher,47,5700465,0,predicted_success,2,-0.054052229741101666,0.3584958294688132,0.0
robocasa/LoadDishwasher,47,5700465,0,predicted_success,4,-0.054052229741101666,0.3584958294688132,0.0
robocasa/LoadDishwasher,47,5700465,0,predicted_success,8,-0.054052229741101666,0.3584958294688132,0.0
robocasa/LoadDishwasher,47,5700465,0,low_energy,1,-0.05405222974110166,0.3584958294688132,0.0
robocasa/LoadDishwasher,47,5700465,0,low_energy,2,-0.05035378160536111,0.45994357297749555,0.0
robocasa/LoadDishwasher,47,5700465,0,low_energy,4,-0.04544502974546353,0.5945897222146121,0.0
robocasa/LoadDishwasher,47,5700465,0,low_energy,8,-0.03907675739377625,0.7692702466984424,0.0
robocasa/LoadDishwasher,47,5700465,0,distance_progress,1,-0.05405222974110167,0.35849582946881325,0.0
robocasa/LoadDishwasher,47,5700465,0,distance_progress,2,-0.04971666183140223,0.47741964971040585,0.0
robocasa/LoadDishwasher,47,5700465,0,distance_progress,4,-0.04548613629624362,0.5934621771830171,0.0
robocasa/LoadDishwasher,47,5700465,0,distance_progress,8,-0.043216689991906115,0.6557126666151367,0.0
robocasa/LoadDishwasher,47,5700465,0,oracle_real_utility,1,-0.054052229741101666,0.3584958294688132,0.0
robocasa/LoadDishwasher,47,5700465,0,oracle_real_utility,2,-0.04827457783074607,0.5169757452529616,0.0
robocasa/LoadDishwasher,47,5700465,0,oracle_real_utility,4,-0.04226168754310589,0.6819082059116878,0.0
robocasa/LoadDishwasher,47,5700465,0,oracle_real_utility,8,-0.03656226068431005,0.8382424231013638,0.0
robocasa/LoadDishwasher,47,5710472,1,random,1,-0.061512930200865276,0.5322678306208101,0.0
robocasa/LoadDishwasher,47,5710472,1,random,2,-0.06339665298273996,0.4334832418974933,0.0
robocasa/LoadDishwasher,47,5710472,1,random,4,-0.0633740048728994,0.43467093481998,0.0
robocasa/LoadDishwasher,47,5710472,1,random,8,-0.062248079646241045,0.4937157483768681,0.0
robocasa/LoadDishwasher,47,5710472,1,learned_wam,1,-0.06151293020086527,0.53226783062081,0.0
robocasa/LoadDishwasher,47,5710472,1,learned_wam,2,-0.059223157486674664,0.6523461447005934,0.0
robocasa/LoadDishwasher,47,5710472,1,learned_wam,4,-0.05686649527442608,0.7759322209729584,0.0
robocasa/LoadDishwasher,47,5710472,1,learned_wam,8,-0.05506027885091681,0.8706522871411304,0.0
robocasa/LoadDishwasher,47,5710472,1,learned_physics_score,1,-0.06151293020086527,0.53226783062081,0.0
robocasa/LoadDishwasher,47,5710472,1,learned_physics_score,2,-0.059223157486674664,0.6523461447005934,0.0
robocasa/LoadDishwasher,47,5710472,1,learned_physics_score,4,-0.05686649527442608,0.7759322209729584,0.0
robocasa/LoadDishwasher,47,5710472,1,learned_physics_score,8,-0.05506027885091681,0.8706522871411304,0.0
robocasa/LoadDishwasher,47,5710472,1,learned_energy_regularized,1,-0.06151293020086527,0.53226783062081,0.0
robocasa/LoadDishwasher,47,5710472,1,learned_energy_regularized,2,-0.05914351286533219,0.6565228002249857,0.0
robocasa/LoadDishwasher,47,5710472,1,learned_energy_regularized,4,-0.056068826160377935,0.8177629065317542,0.0
robocasa/LoadDishwasher,47,5710472,1,learned_energy_regularized,8,-0.053892780126523945,0.9318772627234553,0.0
robocasa/LoadDishwasher,47,5710472,1,predicted_progress,1,-0.061512930200865276,0.53226783062081,0.0
robocasa/LoadDishwasher,47,5710472,1,predicted_progress,2,-0.06096426396029956,0.5610405191725258,0.0
robocasa/LoadDishwasher,47,5710472,1,predicted_progress,4,-0.06016032695005189,0.6031999004153076,0.0
robocasa/LoadDishwasher,47,5710472,1,predicted_progress,8,-0.06085739543837612,0.5666448273474098,0.0
robocasa/LoadDishwasher,47,5710472,1,predicted_success,1,-0.06151293020086527,0.5322678306208101,0.0
robocasa/LoadDishwasher,47,5710472,1,predicted_success,2,-0.06151293020086527,0.5322678306208101,0.0
robocasa/LoadDishwasher,47,5710472,1,predicted_success,4,-0.06151293020086527,0.5322678306208101,0.0
robocasa/LoadDishwasher,47,5710472,1,predicted_success,8,-0.06151293020086527,0.5322678306208101,0.0
robocasa/LoadDishwasher,47,5710472,1,low_energy,1,-0.061512930200865276,0.5322678306208101,0.0
robocasa/LoadDishwasher,47,5710472,1,low_energy,2,-0.059832283411822756,0.6204028807684234,0.0
robocasa/LoadDishwasher,47,5710472,1,low_energy,4,-0.05768844619735472,0.7328281694354764,0.0
robocasa/LoadDishwasher,47,5710472,1,low_energy,8,-0.0557240831252771,0.8358416277031204,0.0
robocasa/LoadDishwasher,47,5710472,1,distance_progress,1,-0.061512930200865276,0.53226783062081,0.0
robocasa/LoadDishwasher,47,5710472,1,distance_progress,2,-0.059832702669322016,0.6203808944230697,0.0
robocasa/LoadDishwasher,47,5710472,1,distance_progress,4,-0.05899786245957896,0.6641608749821415,0.0
robocasa/LoadDishwasher,47,5710472,1,distance_progress,8,-0.05895142118777771,0.6665963086769601,0.0
robocasa/LoadDishwasher,47,5710472,1,oracle_real_utility,1,-0.06151293020086527,0.53226783062081,0.0
robocasa/LoadDishwasher,47,5710472,1,oracle_real_utility,2,-0.05796784206403336,0.7181763289171086,0.0
robocasa/LoadDishwasher,47,5710472,1,oracle_real_utility,4,-0.0552380660470623,0.8613289221425798,0.0
robocasa/LoadDishwasher,47,5710472,1,oracle_real_utility,8,-0.05344462399762474,0.9553790854455239,0.0
robocasa/EmptyDishRack,48,5800468,0,random,1,-0.06032835079583553,0.5514035622955342,0.0
robocasa/EmptyDishRack,48,5800468,0,random,2,-0.05941395289876162,0.5686423756252711,0.0
robocasa/EmptyDishRack,48,5800468,0,random,4,-0.06036047567043801,0.5507979236361656,0.0
robocasa/EmptyDishRack,48,5800468,0,random,8,-0.06145757155889555,0.5301147710540544,0.0
robocasa/EmptyDishRack,48,5800468,0,learned_wam,1,-0.060328350795835525,0.5514035622955342,0.0
robocasa/EmptyDishRack,48,5800468,0,learned_wam,2,-0.05317181776421131,0.6863230950449556,0.0
robocasa/EmptyDishRack,48,5800468,0,learned_wam,4,-0.04860845992547143,0.772354432376946,0.0
robocasa/EmptyDishRack,48,5800468,0,learned_wam,8,-0.04387709814963758,0.8615530872623686,0.0
robocasa/EmptyDishRack,48,5800468,0,learned_physics_score,1,-0.060328350795835525,0.5514035622955342,0.0
robocasa/EmptyDishRack,48,5800468,0,learned_physics_score,2,-0.05317181776421131,0.6863230950449556,0.0
robocasa/EmptyDishRack,48,5800468,0,learned_physics_score,4,-0.04860845992547143,0.772354432376946,0.0
robocasa/EmptyDishRack,48,5800468,0,learned_physics_score,8,-0.04387709814963758,0.8615530872623686,0.0
robocasa/EmptyDishRack,48,5800468,0,learned_energy_regularized,1,-0.060328350795835525,0.5514035622955342,0.0
robocasa/EmptyDishRack,48,5800468,0,learned_energy_regularized,2,-0.05336738894281638,0.6826360622428921,0.0
robocasa/EmptyDishRack,48,5800468,0,learned_energy_regularized,4,-0.04856466716968065,0.7731800413866428,0.0
robocasa/EmptyDishRack,48,5800468,0,learned_energy_regularized,8,-0.04385655564822963,0.8619403676227355,0.0
robocasa/EmptyDishRack,48,5800468,0,predicted_progress,1,-0.060328350795835525,0.5514035622955341,0.0
robocasa/EmptyDishRack,48,5800468,0,predicted_progress,2,-0.05534263211422178,0.6453975160676895,0.0
robocasa/EmptyDishRack,48,5800468,0,predicted_progress,4,-0.050311970848679846,0.7402387561441692,0.0
robocasa/EmptyDishRack,48,5800468,0,predicted_progress,8,-0.04483191209521459,0.8435523247659725,0.0
robocasa/EmptyDishRack,48,5800468,0,predicted_success,1,-0.06032835079583554,0.5514035622955342,0.0
robocasa/EmptyDishRack,48,5800468,0,predicted_success,2,-0.06032835079583554,0.5514035622955342,0.0
robocasa/EmptyDishRack,48,5800468,0,predicted_success,4,-0.06032835079583554,0.5514035622955342,0.0
robocasa/EmptyDishRack,48,5800468,0,predicted_success,8,-0.06032835079583554,0.5514035622955342,0.0
robocasa/EmptyDishRack,48,5800468,0,low_energy,1,-0.060328350795835525,0.5514035622955342,0.0
robocasa/EmptyDishRack,48,5800468,0,low_energy,2,-0.05442895056266374,0.6626228243941151,0.0
robocasa/EmptyDishRack,48,5800468,0,low_energy,4,-0.049592836953862865,0.7537963277566011,0.0
robocasa/EmptyDishRack,48,5800468,0,low_energy,8,-0.04403509402431209,0.858574448095439,0.0
robocasa/EmptyDishRack,48,5800468,0,distance_progress,1,-0.060328350795835525,0.5514035622955342,0.0
robocasa/EmptyDishRack,48,5800468,0,distance_progress,2,-0.052806638264874514,0.6932076922657703,0.0
robocasa/EmptyDishRack,48,5800468,0,distance_progress,4,-0.04674745859659658,0.807439218351987,0.0
robocasa/EmptyDishRack,48,5800468,0,distance_progress,8,-0.041640166465221395,0.9037251524677059,0.0
robocasa/EmptyDishRack,48,5800468,0,oracle_real_utility,1,-0.060328350795835525,0.5514035622955342,0.0
robocasa/EmptyDishRack,48,5800468,0,oracle_real_utility,2,-0.05191979262484801,0.7099270728435584,0.0
robocasa/EmptyDishRack,48,5800468,0,oracle_real_utility,4,-0.04584552079775986,0.8244431259494727,0.0
robocasa/EmptyDishRack,48,5800468,0,oracle_real_utility,8,-0.041104268386526796,0.9138282454121925,0.0
robocasa/EmptyDishRack,48,5810475,1,random,1,-0.06616302442991236,0.5068665413011906,0.0
robocasa/EmptyDishRack,48,5810475,1,random,2,-0.07476072570355526,0.3555349161983645,0.0
robocasa/EmptyDishRack,48,5810475,1,random,4,-0.08083914485288411,0.2485461969294146,0.0
robocasa/EmptyDishRack,48,5810475,1,random,8,-0.08702482978990342,0.1396694490522954,0.0
robocasa/EmptyDishRack,48,5810475,1,learned_wam,1,-0.06616302442991237,0.5068665413011906,0.0
robocasa/EmptyDishRack,48,5810475,1,learned_wam,2,-0.05487721813101666,0.7055125925478574,0.0
robocasa/EmptyDishRack,48,5810475,1,learned_wam,4,-0.045957049145494214,0.8625201025562829,0.0
robocasa/EmptyDishRack,48,5810475,1,learned_wam,8,-0.0408909596725492,0.9516903968542901,0.0
robocasa/EmptyDishRack,48,5810475,1,learned_physics_score,1,-0.06616302442991237,0.5068665413011906,0.0
robocasa/EmptyDishRack,48,5810475,1,learned_physics_score,2,-0.05487721813101666,0.7055125925478574,0.0
robocasa/EmptyDishRack,48,5810475,1,learned_physics_score,4,-0.045957049145494214,0.8625201025562829,0.0
robocasa/EmptyDishRack,48,5810475,1,learned_physics_score,8,-0.0408909596725492,0.9516903968542901,0.0
robocasa/EmptyDishRack,48,5810475,1,learned_energy_regularized,1,-0.06616302442991236,0.5068665413011906,0.0
robocasa/EmptyDishRack,48,5810475,1,learned_energy_regularized,2,-0.05562192082803739,0.692404778520393,0.0
robocasa/EmptyDishRack,48,5810475,1,learned_energy_regularized,4,-0.04749791691043034,0.8353986644515201,0.0
robocasa/EmptyDishRack,48,5810475,1,learned_energy_regularized,8,-0.04296163601621558,0.9152435832031058,0.0
robocasa/EmptyDishRack,48,5810475,1,predicted_progress,1,-0.06616302442991237,0.5068665413011906,0.0
robocasa/EmptyDishRack,48,5810475,1,predicted_progress,2,-0.05612714173534256,0.6835121805450713,0.0
robocasa/EmptyDishRack,48,5810475,1,predicted_progress,4,-0.04866672378164372,0.8148260209480405,0.0
robocasa/EmptyDishRack,48,5810475,1,predicted_progress,8,-0.04406795776711123,0.8957707656300078,0.0
robocasa/EmptyDishRack,48,5810475,1,predicted_success,1,-0.06616302442991236,0.5068665413011906,0.0
robocasa/EmptyDishRack,48,5810475,1,predicted_success,2,-0.06616302442991236,0.5068665413011906,0.0
robocasa/EmptyDishRack,48,5810475,1,predicted_success,4,-0.06616302442991236,0.5068665413011906,0.0
robocasa/EmptyDishRack,48,5810475,1,predicted_success,8,-0.06616302442991236,0.5068665413011906,0.0
robocasa/EmptyDishRack,48,5810475,1,low_energy,1,-0.06616302442991236,0.5068665413011906,0.0
robocasa/EmptyDishRack,48,5810475,1,low_energy,2,-0.05562192082803739,0.692404778520393,0.0
robocasa/EmptyDishRack,48,5810475,1,low_energy,4,-0.04749791691043034,0.8353986644515201,0.0
robocasa/EmptyDishRack,48,5810475,1,low_energy,8,-0.04296163601621558,0.9152435832031058,0.0
robocasa/EmptyDishRack,48,5810475,1,distance_progress,1,-0.06616302442991237,0.5068665413011906,0.0
robocasa/EmptyDishRack,48,5810475,1,distance_progress,2,-0.05671546513189606,0.6731568619717929,0.0
robocasa/EmptyDishRack,48,5810475,1,distance_progress,4,-0.048731071653141764,0.8136934079790881,0.0
robocasa/EmptyDishRack,48,5810475,1,distance_progress,8,-0.04406824279011905,0.8957657488245161,0.0
robocasa/EmptyDishRack,48,5810475,1,oracle_real_utility,1,-0.06616302442991237,0.5068665413011906,0.0
robocasa/EmptyDishRack,48,5810475,1,oracle_real_utility,2,-0.054758938170069826,0.7075944860839884,0.0
robocasa/EmptyDishRack,48,5810475,1,oracle_real_utility,4,-0.04593409266132896,0.8629241689392386,0.0
robocasa/EmptyDishRack,48,5810475,1,oracle_real_utility,8,-0.04088956674756533,0.9517149142915384,0.0
robocasa/LoadFridgeByType,49,5900471,0,random,1,-0.05928765398563565,0.5189873425166908,0.0
robocasa/LoadFridgeByType,49,5900471,0,random,2,-0.05564447002113908,0.578491702868655,0.0
robocasa/LoadFridgeByType,49,5900471,0,random,4,-0.05007999405965566,0.6693766502138015,0.0
robocasa/LoadFridgeByType,49,5900471,0,random,8,-0.048944713447373556,0.6879192622016009,0.0
robocasa/LoadFridgeByType,49,5900471,0,learned_wam,1,-0.05928765398563565,0.5189873425166908,0.0
robocasa/LoadFridgeByType,49,5900471,0,learned_wam,2,-0.04829334184871909,0.6985581568352752,0.0
robocasa/LoadFridgeByType,49,5900471,0,learned_wam,4,-0.03956283989823751,0.84115401232257,0.0
robocasa/LoadFridgeByType,49,5900471,0,learned_wam,8,-0.033599794871636196,0.9385488140991816,0.0
robocasa/LoadFridgeByType,49,5900471,0,learned_physics_score,1,-0.05928765398563565,0.5189873425166908,0.0
robocasa/LoadFridgeByType,49,5900471,0,learned_physics_score,2,-0.04829334184871909,0.6985581568352752,0.0
robocasa/LoadFridgeByType,49,5900471,0,learned_physics_score,4,-0.03956283989823751,0.84115401232257,0.0
robocasa/LoadFridgeByType,49,5900471,0,learned_physics_score,8,-0.033599794871636196,0.9385488140991816,0.0
robocasa/LoadFridgeByType,49,5900471,0,learned_energy_regularized,1,-0.05928765398563565,0.5189873425166908,0.0
robocasa/LoadFridgeByType,49,5900471,0,learned_energy_regularized,2,-0.04890711607604529,0.6885333425098163,0.0
robocasa/LoadFridgeByType,49,5900471,0,learned_energy_regularized,4,-0.04090603288156997,0.8192155540724968,0.0
robocasa/LoadFridgeByType,49,5900471,0,learned_energy_regularized,8,-0.036513724169029656,0.8909554175971175,0.0
robocasa/LoadFridgeByType,49,5900471,0,predicted_progress,1,-0.059287653985635645,0.5189873425166908,0.0
robocasa/LoadFridgeByType,49,5900471,0,predicted_progress,2,-0.05115517535768199,0.65181564422977,0.0
robocasa/LoadFridgeByType,49,5900471,0,predicted_progress,4,-0.044122550986273205,0.7666799549245885,0.0
robocasa/LoadFridgeByType,49,5900471,0,predicted_progress,8,-0.03684330302627927,0.8855723847123428,0.0
robocasa/LoadFridgeByType,49,5900471,0,predicted_success,1,-0.05928765398563565,0.5189873425166909,0.0
robocasa/LoadFridgeByType,49,5900471,0,predicted_success,2,-0.05928765398563565,0.5189873425166909,0.0
robocasa/LoadFridgeByType,49,5900471,0,predicted_success,4,-0.05928765398563565,0.5189873425166909,0.0
robocasa/LoadFridgeByType,49,5900471,0,predicted_success,8,-0.05928765398563565,0.5189873425166909,0.0
robocasa/LoadFridgeByType,49,5900471,0,low_energy,1,-0.05928765398563565,0.5189873425166908,0.0
robocasa/LoadFridgeByType,49,5900471,0,low_energy,2,-0.04890711607604529,0.6885333425098163,0.0
robocasa/LoadFridgeByType,49,5900471,0,low_energy,4,-0.04090603288156997,0.8192155540724968,0.0
robocasa/LoadFridgeByType,49,5900471,0,low_energy,8,-0.036513724169029656,0.8909554175971175,0.0
robocasa/LoadFridgeByType,49,5900471,0,distance_progress,1,-0.05928765398563565,0.5189873425166908,0.0
robocasa/LoadFridgeByType,49,5900471,0,distance_progress,2,-0.050791532097585794,0.6577550532190488,0.0
robocasa/LoadFridgeByType,49,5900471,0,distance_progress,4,-0.04289771082135362,0.7866853489033705,0.0
robocasa/LoadFridgeByType,49,5900471,0,distance_progress,8,-0.03765143800955366,0.8723730635343816,0.0
robocasa/LoadFridgeByType,49,5900471,0,oracle_real_utility,1,-0.05928765398563565,0.5189873425166908,0.0
robocasa/LoadFridgeByType,49,5900471,0,oracle_real_utility,2,-0.047970943633656546,0.7038239078247568,0.0
robocasa/LoadFridgeByType,49,5900471,0,oracle_real_utility,4,-0.03907420510353334,0.8491349161660032,0.0
robocasa/LoadFridgeByType,49,5900471,0,oracle_real_utility,8,-0.033436154508699883,0.941221562777036,0.0
robocasa/LoadFridgeByType,49,5910478,1,random,1,-0.052211544068603746,0.5880708805898089,0.0
robocasa/LoadFridgeByType,49,5910478,1,random,2,-0.05572301698111828,0.5032752772250412,0.0
robocasa/LoadFridgeByType,49,5910478,1,random,4,-0.05634520986802563,0.48825046496846725,0.0
robocasa/LoadFridgeByType,49,5910478,1,random,8,-0.055160116879262366,0.5168682779287777,0.0
robocasa/LoadFridgeByType,49,5910478,1,learned_wam,1,-0.052211544068603746,0.5880708805898089,0.0
robocasa/LoadFridgeByType,49,5910478,1,learned_wam,2,-0.04572773564857861,0.7446429119781661,0.0
robocasa/LoadFridgeByType,49,5910478,1,learned_wam,4,-0.04220745050840112,0.8296513144105286,0.0
robocasa/LoadFridgeByType,49,5910478,1,learned_wam,8,-0.042911363626954746,0.8126531090729894,0.0
robocasa/LoadFridgeByType,49,5910478,1,learned_physics_score,1,-0.052211544068603746,0.5880708805898089,0.0
robocasa/LoadFridgeByType,49,5910478,1,learned_physics_score,2,-0.04572773564857861,0.7446429119781661,0.0
robocasa/LoadFridgeByType,49,5910478,1,learned_physics_score,4,-0.04220745050840112,0.8296513144105286,0.0
robocasa/LoadFridgeByType,49,5910478,1,learned_physics_score,8,-0.042911363626954746,0.8126531090729894,0.0
robocasa/LoadFridgeByType,49,5910478,1,learned_energy_regularized,1,-0.052211544068603746,0.5880708805898089,0.0
robocasa/LoadFridgeByType,49,5910478,1,learned_energy_regularized,2,-0.04743174339355342,0.7034942633986997,0.0
robocasa/LoadFridgeByType,49,5910478,1,learned_energy_regularized,4,-0.044212627808335334,0.7812299757764511,0.0
robocasa/LoadFridgeByType,49,5910478,1,learned_energy_regularized,8,-0.04373309832227355,0.7928097296617482,0.0
robocasa/LoadFridgeByType,49,5910478,1,predicted_progress,1,-0.052211544068603746,0.5880708805898089,0.0
robocasa/LoadFridgeByType,49,5910478,1,predicted_progress,2,-0.04460982861970259,0.7716383077510972,0.0
robocasa/LoadFridgeByType,49,5910478,1,predicted_progress,4,-0.03888305542479353,0.9099293327693578,0.0
robocasa/LoadFridgeByType,49,5910478,1,predicted_progress,8,-0.036309899663884634,0.9720663051265082,0.0
robocasa/LoadFridgeByType,49,5910478,1,predicted_success,1,-0.05221154406860374,0.5880708805898089,0.0
robocasa/LoadFridgeByType,49,5910478,1,predicted_success,2,-0.05221154406860374,0.5880708805898089,0.0
robocasa/LoadFridgeByType,49,5910478,1,predicted_success,4,-0.05221154406860374,0.5880708805898089,0.0
robocasa/LoadFridgeByType,49,5910478,1,predicted_success,8,-0.05221154406860374,0.5880708805898089,0.0
robocasa/LoadFridgeByType,49,5910478,1,low_energy,1,-0.05221154406860374,0.5880708805898089,0.0
robocasa/LoadFridgeByType,49,5910478,1,low_energy,2,-0.048198934885529524,0.6849680018898661,0.0
robocasa/LoadFridgeByType,49,5910478,1,low_energy,4,-0.04637394826339328,0.7290380675324504,0.0
robocasa/LoadFridgeByType,49,5910478,1,low_energy,8,-0.04633385999439807,0.7300061253936353,0.0
robocasa/LoadFridgeByType,49,5910478,1,distance_progress,1,-0.05221154406860374,0.5880708805898089,0.0
robocasa/LoadFridgeByType,49,5910478,1,distance_progress,2,-0.046506694496082655,0.7258324905065877,0.0
robocasa/LoadFridgeByType,49,5910478,1,distance_progress,4,-0.04393586165938812,0.7879133685223505,0.0
robocasa/LoadFridgeByType,49,5910478,1,distance_progress,8,-0.041789578571006944,0.8397421520571077,0.0
robocasa/LoadFridgeByType,49,5910478,1,oracle_real_utility,1,-0.05221154406860374,0.5880708805898089,0.0
robocasa/LoadFridgeByType,49,5910478,1,oracle_real_utility,2,-0.04395859108163873,0.7873644948383179,0.0
robocasa/LoadFridgeByType,49,5910478,1,oracle_real_utility,4,-0.038676022431461024,0.9149287982425154,0.0
robocasa/LoadFridgeByType,49,5910478,1,oracle_real_utility,8,-0.03630424616647392,0.9722028266762983,0.0
robocasa/ArrangeDrinkware,50,6000474,0,random,1,-0.06224396139024263,0.6041554941776421,0.0
robocasa/ArrangeDrinkware,50,6000474,0,random,2,-0.06056398820282103,0.6383750475789063,0.0
robocasa/ArrangeDrinkware,50,6000474,0,random,4,-0.05583291199196084,0.7347428445503892,0.0
robocasa/ArrangeDrinkware,50,6000474,0,random,8,-0.052703343068992214,0.7984893684141567,0.0
robocasa/ArrangeDrinkware,50,6000474,0,learned_wam,1,-0.06224396139024264,0.6041554941776422,0.0
robocasa/ArrangeDrinkware,50,6000474,0,learned_wam,2,-0.054341591860697744,0.7651197036885168,0.0
robocasa/ArrangeDrinkware,50,6000474,0,learned_wam,4,-0.050327942940392514,0.8468741475038408,0.0
robocasa/ArrangeDrinkware,50,6000474,0,learned_wam,8,-0.049669517790265696,0.8602856797557813,0.0
robocasa/ArrangeDrinkware,50,6000474,0,learned_physics_score,1,-0.06224396139024264,0.6041554941776422,0.0
robocasa/ArrangeDrinkware,50,6000474,0,learned_physics_score,2,-0.054341591860697744,0.7651197036885168,0.0
robocasa/ArrangeDrinkware,50,6000474,0,learned_physics_score,4,-0.050327942940392514,0.8468741475038408,0.0
robocasa/ArrangeDrinkware,50,6000474,0,learned_physics_score,8,-0.049669517790265696,0.8602856797557813,0.0
robocasa/ArrangeDrinkware,50,6000474,0,learned_energy_regularized,1,-0.06224396139024264,0.6041554941776422,0.0
robocasa/ArrangeDrinkware,50,6000474,0,learned_energy_regularized,2,-0.05450244427772779,0.7618432836149739,0.0
robocasa/ArrangeDrinkware,50,6000474,0,learned_energy_regularized,4,-0.05046617548627771,0.8440584740031399,0.0
robocasa/ArrangeDrinkware,50,6000474,0,learned_energy_regularized,8,-0.04968567703252371,0.8599565304232131,0.0
robocasa/ArrangeDrinkware,50,6000474,0,predicted_progress,1,-0.06224396139024263,0.6041554941776424,0.0
robocasa/ArrangeDrinkware,50,6000474,0,predicted_progress,2,-0.05433197533466408,0.7653155837350599,0.0
robocasa/ArrangeDrinkware,50,6000474,0,predicted_progress,4,-0.05031112445139305,0.8472167251037424,0.0
robocasa/ArrangeDrinkware,50,6000474,0,predicted_progress,8,-0.049987406277118444,0.8538105751928328,0.0
robocasa/ArrangeDrinkware,50,6000474,0,predicted_success,1,-0.062243961390242644,0.6041554941776422,0.0
robocasa/ArrangeDrinkware,50,6000474,0,predicted_success,2,-0.062243961390242644,0.6041554941776422,0.0
robocasa/ArrangeDrinkware,50,6000474,0,predicted_success,4,-0.062243961390242644,0.6041554941776422,0.0
robocasa/ArrangeDrinkware,50,6000474,0,predicted_success,8,-0.062243961390242644,0.6041554941776422,0.0
robocasa/ArrangeDrinkware,50,6000474,0,low_energy,1,-0.06224396139024264,0.6041554941776422,0.0
robocasa/ArrangeDrinkware,50,6000474,0,low_energy,2,-0.055342268661922434,0.7447368109773125,0.0
robocasa/ArrangeDrinkware,50,6000474,0,low_energy,4,-0.051427825515606235,0.8244705217796641,0.0
robocasa/ArrangeDrinkware,50,6000474,0,low_energy,8,-0.04997473096778719,0.8540687599232712,0.0
robocasa/ArrangeDrinkware,50,6000474,0,distance_progress,1,-0.062243961390242644,0.6041554941776421,0.0
robocasa/ArrangeDrinkware,50,6000474,0,distance_progress,2,-0.056669545296091126,0.7177013713636046,0.0
robocasa/ArrangeDrinkware,50,6000474,0,distance_progress,4,-0.05294222149262088,0.7936236282731984,0.0
robocasa/ArrangeDrinkware,50,6000474,0,distance_progress,8,-0.05111799176752286,0.8307815585077712,0.0
robocasa/ArrangeDrinkware,50,6000474,0,oracle_real_utility,1,-0.06224396139024263,0.6041554941776422,0.0
robocasa/ArrangeDrinkware,50,6000474,0,oracle_real_utility,2,-0.05386323851609149,0.7748633340886839,0.0
robocasa/ArrangeDrinkware,50,6000474,0,oracle_real_utility,4,-0.04844261025307817,0.8852766905061602,0.0
robocasa/ArrangeDrinkware,50,6000474,0,oracle_real_utility,8,-0.04541530105498698,0.9469402751049194,0.0
robocasa/ArrangeDrinkware,50,6010481,1,random,1,4.944528807069017,0.5317962539416846,1.0
robocasa/ArrangeDrinkware,50,6010481,1,random,2,4.946108022145683,0.5612697410099712,1.0
robocasa/ArrangeDrinkware,50,6010481,1,random,4,4.946579831907226,0.5700753046795295,1.0
robocasa/ArrangeDrinkware,50,6010481,1,random,8,4.946552696371398,0.5695688639317735,1.0
robocasa/ArrangeDrinkware,50,6010481,1,learned_wam,1,4.944528807069016,0.5317962539416846,1.0
robocasa/ArrangeDrinkware,50,6010481,1,learned_wam,2,4.95317995675467,0.6932559259986028,1.0
robocasa/ArrangeDrinkware,50,6010481,1,learned_wam,4,4.95959992666499,0.8130742477246442,1.0
robocasa/ArrangeDrinkware,50,6010481,1,learned_wam,8,4.963138509664812,0.8791161579281984,1.0
robocasa/ArrangeDrinkware,50,6010481,1,learned_physics_score,1,4.944528807069016,0.5317962539416846,1.0
robocasa/ArrangeDrinkware,50,6010481,1,learned_physics_score,2,4.95317995675467,0.6932559259986028,1.0
robocasa/ArrangeDrinkware,50,6010481,1,learned_physics_score,4,4.95959992666499,0.8130742477246442,1.0
robocasa/ArrangeDrinkware,50,6010481,1,learned_physics_score,8,4.963138509664812,0.8791161579281984,1.0
robocasa/ArrangeDrinkware,50,6010481,1,learned_energy_regularized,1,4.944528807069016,0.5317962539416846,1.0
robocasa/ArrangeDrinkware,50,6010481,1,learned_energy_regularized,2,4.952037959744132,0.6719424047313404,1.0
robocasa/ArrangeDrinkware,50,6010481,1,learned_energy_regularized,4,4.956057285264891,0.7469565940648322,1.0
robocasa/ArrangeDrinkware,50,6010481,1,learned_energy_regularized,8,4.958114444564109,0.7853501345640104,1.0
robocasa/ArrangeDrinkware,50,6010481,1,predicted_progress,1,4.944528807069016,0.5317962539416847,1.0
robocasa/ArrangeDrinkware,50,6010481,1,predicted_progress,2,4.950896273684126,0.650634686851236,1.0
robocasa/ArrangeDrinkware,50,6010481,1,predicted_progress,4,4.954679563866993,0.721243659579432,1.0
robocasa/ArrangeDrinkware,50,6010481,1,predicted_progress,8,4.959910685059032,0.8188740489318935,1.0
robocasa/ArrangeDrinkware,50,6010481,1,predicted_success,1,4.944528807069016,0.5317962539416847,1.0
robocasa/ArrangeDrinkware,50,6010481,1,predicted_success,2,4.944528807069016,0.5317962539416847,1.0
robocasa/ArrangeDrinkware,50,6010481,1,predicted_success,4,4.944528807069016,0.5317962539416847,1.0
robocasa/ArrangeDrinkware,50,6010481,1,predicted_success,8,4.944528807069016,0.5317962539416847,1.0
robocasa/ArrangeDrinkware,50,6010481,1,low_energy,1,4.944528807069016,0.5317962539416846,1.0
robocasa/ArrangeDrinkware,50,6010481,1,low_energy,2,4.950632233301629,0.6457068015276914,1.0
robocasa/ArrangeDrinkware,50,6010481,1,low_energy,4,4.953429658927158,0.6979162118966558,1.0
robocasa/ArrangeDrinkware,50,6010481,1,low_energy,8,4.956616858941122,0.7574001288016955,1.0
robocasa/ArrangeDrinkware,50,6010481,1,distance_progress,1,4.944528807069016,0.5317962539416846,1.0
robocasa/ArrangeDrinkware,50,6010481,1,distance_progress,2,4.950139457561461,0.6365099418851827,1.0
robocasa/ArrangeDrinkware,50,6010481,1,distance_progress,4,4.955412172047009,0.7349166025742512,1.0
robocasa/ArrangeDrinkware,50,6010481,1,distance_progress,8,4.962078868119686,0.8593396677979125,1.0
robocasa/ArrangeDrinkware,50,6010481,1,oracle_real_utility,1,4.944528807069016,0.5317962539416846,1.0
robocasa/ArrangeDrinkware,50,6010481,1,oracle_real_utility,2,4.953390147472545,0.6971787947051565,1.0
robocasa/ArrangeDrinkware,50,6010481,1,oracle_real_utility,4,4.960568774505196,0.8311562206689156,1.0
robocasa/ArrangeDrinkware,50,6010481,1,oracle_real_utility,8,4.9659156845125825,0.9309476203879543,1.0
robocasa/GatherVegetables,51,6100477,0,random,1,-0.053334712292963694,0.6360567350605143,0.0
robocasa/GatherVegetables,51,6100477,0,random,2,-0.04828167503105239,0.7140091490476128,0.0
robocasa/GatherVegetables,51,6100477,0,random,4,-0.041553813023082135,0.8177988219333803,0.0
robocasa/GatherVegetables,51,6100477,0,random,8,-0.03850993509158455,0.8647562497819417,0.0
robocasa/GatherVegetables,51,6100477,0,learned_wam,1,-0.0533347122929637,0.6360567350605143,0.0
robocasa/GatherVegetables,51,6100477,0,learned_wam,2,-0.043126154992314904,0.7935425487729166,0.0
robocasa/GatherVegetables,51,6100477,0,learned_wam,4,-0.03760572512067785,0.8787053553059965,0.0
robocasa/GatherVegetables,51,6100477,0,learned_wam,8,-0.03644147037266327,0.8966661308553439,0.0
robocasa/GatherVegetables,51,6100477,0,learned_physics_score,1,-0.0533347122929637,0.6360567350605143,0.0
robocasa/GatherVegetables,51,6100477,0,learned_physics_score,2,-0.043126154992314904,0.7935425487729166,0.0
robocasa/GatherVegetables,51,6100477,0,learned_physics_score,4,-0.03760572512067785,0.8787053553059965,0.0
robocasa/GatherVegetables,51,6100477,0,learned_physics_score,8,-0.03644147037266327,0.8966661308553439,0.0
robocasa/GatherVegetables,51,6100477,0,learned_energy_regularized,1,-0.0533347122929637,0.6360567350605142,0.0
robocasa/GatherVegetables,51,6100477,0,learned_energy_regularized,2,-0.04448485058335136,0.7725821648087466,0.0
robocasa/GatherVegetables,51,6100477,0,learned_energy_regularized,4,-0.039587887166467106,0.8481268520466649,0.0
robocasa/GatherVegetables,51,6100477,0,learned_energy_regularized,8,-0.03748173856036027,0.8806180765423042,0.0
robocasa/GatherVegetables,51,6100477,0,predicted_progress,1,-0.0533347122929637,0.6360567350605143,0.0
robocasa/GatherVegetables,51,6100477,0,predicted_progress,2,-0.04684609319149294,0.7361556451190409,0.0
robocasa/GatherVegetables,51,6100477,0,predicted_progress,4,-0.04714989541376508,0.7314689358443499,0.0
robocasa/GatherVegetables,51,6100477,0,predicted_progress,8,-0.052279871616570925,0.6523295968730349,0.0
robocasa/GatherVegetables,51,6100477,0,predicted_success,1,-0.053334712292963694,0.6360567350605143,0.0
robocasa/GatherVegetables,51,6100477,0,predicted_success,2,-0.053334712292963694,0.6360567350605143,0.0
robocasa/GatherVegetables,51,6100477,0,predicted_success,4,-0.053334712292963694,0.6360567350605143,0.0
robocasa/GatherVegetables,51,6100477,0,predicted_success,8,-0.053334712292963694,0.6360567350605143,0.0
robocasa/GatherVegetables,51,6100477,0,low_energy,1,-0.0533347122929637,0.6360567350605142,0.0
robocasa/GatherVegetables,51,6100477,0,low_energy,2,-0.04507912449178231,0.7634143943509808,0.0
robocasa/GatherVegetables,51,6100477,0,low_energy,4,-0.04009859130652496,0.8402482993095224,0.0
robocasa/GatherVegetables,51,6100477,0,low_energy,8,-0.03754143934839482,0.8796970818408987,0.0
robocasa/GatherVegetables,51,6100477,0,distance_progress,1,-0.0533347122929637,0.6360567350605143,0.0
robocasa/GatherVegetables,51,6100477,0,distance_progress,2,-0.043421074127436315,0.7889928774916473,0.0
robocasa/GatherVegetables,51,6100477,0,distance_progress,4,-0.037467938459789074,0.8808309685312272,0.0
robocasa/GatherVegetables,51,6100477,0,distance_progress,8,-0.036758063740799096,0.8917820945778913,0.0
robocasa/GatherVegetables,51,6100477,0,oracle_real_utility,1,-0.0533347122929637,0.6360567350605142,0.0
robocasa/GatherVegetables,51,6100477,0,oracle_real_utility,2,-0.04222185816285261,0.8074929942502969,0.0
robocasa/GatherVegetables,51,6100477,0,oracle_real_utility,4,-0.035591533431482525,0.9097779748548454,0.0
robocasa/GatherVegetables,51,6100477,0,oracle_real_utility,8,-0.03230299142321561,0.9605097970748586,0.0
robocasa/GatherVegetables,51,6110484,1,random,1,-0.04643044192838607,0.5748327521333979,0.0
robocasa/GatherVegetables,51,6110484,1,random,2,-0.052986806606297496,0.4744013534965281,0.0
robocasa/GatherVegetables,51,6110484,1,random,4,-0.058612773069450404,0.38822193725963833,0.0
robocasa/GatherVegetables,51,6110484,1,random,8,-0.06767295698420027,0.24943665194273573,0.0
robocasa/GatherVegetables,51,6110484,1,learned_wam,1,-0.04643044192838607,0.5748327521333979,0.0
robocasa/GatherVegetables,51,6110484,1,learned_wam,2,-0.036160225332993956,0.7321535034414839,0.0
robocasa/GatherVegetables,51,6110484,1,learned_wam,4,-0.02927916319579504,0.8375586675066167,0.0
robocasa/GatherVegetables,51,6110484,1,learned_wam,8,-0.02431792242213556,0.9135557137892243,0.0
robocasa/GatherVegetables,51,6110484,1,learned_physics_score,1,-0.04643044192838607,0.5748327521333979,0.0
robocasa/GatherVegetables,51,6110484,1,learned_physics_score,2,-0.036160225332993956,0.7321535034414839,0.0
robocasa/GatherVegetables,51,6110484,1,learned_physics_score,4,-0.02927916319579504,0.8375586675066167,0.0
robocasa/GatherVegetables,51,6110484,1,learned_physics_score,8,-0.02431792242213556,0.9135557137892243,0.0
robocasa/GatherVegetables,51,6110484,1,learned_energy_regularized,1,-0.046430441928386065,0.5748327521333979,0.0
robocasa/GatherVegetables,51,6110484,1,learned_energy_regularized,2,-0.03659251701647544,0.7255315932025064,0.0
robocasa/GatherVegetables,51,6110484,1,learned_energy_regularized,4,-0.029818581529932827,0.829295774820012,0.0
robocasa/GatherVegetables,51,6110484,1,learned_energy_regularized,8,-0.02485604194223902,0.9053127165349886,0.0
robocasa/GatherVegetables,51,6110484,1,predicted_progress,1,-0.04643044192838607,0.574832752133398,0.0
robocasa/GatherVegetables,51,6110484,1,predicted_progress,2,-0.0392829690006247,0.6843188375051633,0.0
robocasa/GatherVegetables,51,6110484,1,predicted_progress,4,-0.03793961432720193,0.704896550208021,0.0
robocasa/GatherVegetables,51,6110484,1,predicted_progress,8,-0.03765646713247016,0.7092338423179034,0.0
robocasa/GatherVegetables,51,6110484,1,predicted_success,1,-0.04643044192838607,0.5748327521333979,0.0
robocasa/GatherVegetables,51,6110484,1,predicted_success,2,-0.04643044192838607,0.5748327521333979,0.0
robocasa/GatherVegetables,51,6110484,1,predicted_success,4,-0.04643044192838607,0.5748327521333979,0.0
robocasa/GatherVegetables,51,6110484,1,predicted_success,8,-0.04643044192838607,0.5748327521333979,0.0
robocasa/GatherVegetables,51,6110484,1,low_energy,1,-0.046430441928386065,0.5748327521333979,0.0
robocasa/GatherVegetables,51,6110484,1,low_energy,2,-0.03659251701647544,0.7255315932025064,0.0
robocasa/GatherVegetables,51,6110484,1,low_energy,4,-0.029818581529932827,0.829295774820012,0.0
robocasa/GatherVegetables,51,6110484,1,low_energy,8,-0.02485604194223902,0.9053127165349886,0.0
robocasa/GatherVegetables,51,6110484,1,distance_progress,1,-0.04643044192838607,0.5748327521333979,0.0
robocasa/GatherVegetables,51,6110484,1,distance_progress,2,-0.039294330251923734,0.6841448041171075,0.0
robocasa/GatherVegetables,51,6110484,1,distance_progress,4,-0.03774262748901052,0.7079140247757901,0.0
robocasa/GatherVegetables,51,6110484,1,distance_progress,8,-0.03801325169700594,0.7037685616953817,0.0
robocasa/GatherVegetables,51,6110484,1,oracle_real_utility,1,-0.04643044192838607,0.5748327521333979,0.0
robocasa/GatherVegetables,51,6110484,1,oracle_real_utility,2,-0.036160225332993956,0.7321535034414839,0.0
robocasa/GatherVegetables,51,6110484,1,oracle_real_utility,4,-0.02927916319579504,0.8375586675066167,0.0
robocasa/GatherVegetables,51,6110484,1,oracle_real_utility,8,-0.02431792242213556,0.9135557137892243,0.0
robocasa/OrganizeCondiments,52,6200480,0,random,1,-0.05656486074359654,0.3755383127493568,0.0
robocasa/OrganizeCondiments,52,6200480,0,random,2,-0.057496157394826074,0.3553215156620945,0.0
robocasa/OrganizeCondiments,52,6200480,0,random,4,-0.06068597441381389,0.2860762506509588,0.0
robocasa/OrganizeCondiments,52,6200480,0,random,8,-0.0638697019835554,0.21696317677314575,0.0
robocasa/OrganizeCondiments,52,6200480,0,learned_wam,1,-0.05656486074359654,0.3755383127493568,0.0
robocasa/OrganizeCondiments,52,6200480,0,learned_wam,2,-0.05176039785745279,0.47983467326371565,0.0
robocasa/OrganizeCondiments,52,6200480,0,learned_wam,4,-0.044527752340579395,0.6368425682515046,0.0
robocasa/OrganizeCondiments,52,6200480,0,learned_wam,8,-0.03671940999068556,0.8063478195237685,0.0
robocasa/OrganizeCondiments,52,6200480,0,learned_physics_score,1,-0.05656486074359654,0.3755383127493568,0.0
robocasa/OrganizeCondiments,52,6200480,0,learned_physics_score,2,-0.05176039785745279,0.47983467326371565,0.0
robocasa/OrganizeCondiments,52,6200480,0,learned_physics_score,4,-0.044527752340579395,0.6368425682515046,0.0
robocasa/OrganizeCondiments,52,6200480,0,learned_physics_score,8,-0.03671940999068556,0.8063478195237685,0.0
robocasa/OrganizeCondiments,52,6200480,0,learned_energy_regularized,1,-0.05656486074359654,0.3755383127493568,0.0
robocasa/OrganizeCondiments,52,6200480,0,learned_energy_regularized,2,-0.052731660443783676,0.4587502866717771,0.0
robocasa/OrganizeCondiments,52,6200480,0,learned_energy_regularized,4,-0.04556248695436848,0.6143803166171597,0.0
robocasa/OrganizeCondiments,52,6200480,0,learned_energy_regularized,8,-0.03753937137562953,0.7885479134284152,0.0
robocasa/OrganizeCondiments,52,6200480,0,predicted_progress,1,-0.05656486074359654,0.37553831274935684,0.0
robocasa/OrganizeCondiments,52,6200480,0,predicted_progress,2,-0.05426257568483049,0.425516834425193,0.0
robocasa/OrganizeCondiments,52,6200480,0,predicted_progress,4,-0.05376599050446125,0.43629681716733215,0.0
robocasa/OrganizeCondiments,52,6200480,0,predicted_progress,8,-0.057254753585724454,0.36056196382461747,0.0
robocasa/OrganizeCondiments,52,6200480,0,predicted_success,1,-0.05656486074359654,0.3755383127493568,0.0
robocasa/OrganizeCondiments,52,6200480,0,predicted_success,2,-0.05656486074359654,0.3755383127493568,0.0
robocasa/OrganizeCondiments,52,6200480,0,predicted_success,4,-0.05656486074359654,0.3755383127493568,0.0
robocasa/OrganizeCondiments,52,6200480,0,predicted_success,8,-0.05656486074359654,0.3755383127493568,0.0
robocasa/OrganizeCondiments,52,6200480,0,low_energy,1,-0.05656486074359654,0.3755383127493568,0.0
robocasa/OrganizeCondiments,52,6200480,0,low_energy,2,-0.05363926201732114,0.4390478676583921,0.0
robocasa/OrganizeCondiments,52,6200480,0,low_energy,4,-0.0476957101442717,0.5680718280005865,0.0
robocasa/OrganizeCondiments,52,6200480,0,low_energy,8,-0.03875878038738617,0.7620767084428549,0.0
robocasa/OrganizeCondiments,52,6200480,0,distance_progress,1,-0.05656486074359654,0.3755383127493568,0.0
robocasa/OrganizeCondiments,52,6200480,0,distance_progress,2,-0.0515728877592323,0.4839051846335689,0.0
robocasa/OrganizeCondiments,52,6200480,0,distance_progress,4,-0.04863220776336738,0.5477421271335582,0.0
robocasa/OrganizeCondiments,52,6200480,0,distance_progress,8,-0.048570556855619854,0.5490804588998451,0.0
robocasa/OrganizeCondiments,52,6200480,0,oracle_real_utility,1,-0.05656486074359654,0.3755383127493568,0.0
robocasa/OrganizeCondiments,52,6200480,0,oracle_real_utility,2,-0.04992697395605464,0.5196350515218862,0.0
robocasa/OrganizeCondiments,52,6200480,0,oracle_real_utility,4,-0.043243306705248404,0.6647256028837276,0.0
robocasa/OrganizeCondiments,52,6200480,0,oracle_real_utility,8,-0.036367352132084335,0.8139903706710536,0.0
robocasa/OrganizeCondiments,52,6210487,1,random,1,-0.0517686519633979,0.4903573257240674,0.0
robocasa/OrganizeCondiments,52,6210487,1,random,2,-0.05442814847875447,0.4373260555739057,0.0
robocasa/OrganizeCondiments,52,6210487,1,random,4,-0.0560416705301246,0.4051518739927804,0.0
robocasa/OrganizeCondiments,52,6210487,1,random,8,-0.0533001126468617,0.45981947588663996,0.0
robocasa/OrganizeCondiments,52,6210487,1,learned_wam,1,-0.051768651963397895,0.4903573257240674,0.0
robocasa/OrganizeCondiments,52,6210487,1,learned_wam,2,-0.04377070298988993,0.6498391638134258,0.0
robocasa/OrganizeCondiments,52,6210487,1,learned_wam,4,-0.03832430871547886,0.758442128488438,0.0
robocasa/OrganizeCondiments,52,6210487,1,learned_wam,8,-0.0356915903482697,0.8109394332055462,0.0
robocasa/OrganizeCondiments,52,6210487,1,learned_physics_score,1,-0.051768651963397895,0.4903573257240674,0.0
robocasa/OrganizeCondiments,52,6210487,1,learned_physics_score,2,-0.04377070298988993,0.6498391638134258,0.0
robocasa/OrganizeCondiments,52,6210487,1,learned_physics_score,4,-0.03832430871547886,0.758442128488438,0.0
robocasa/OrganizeCondiments,52,6210487,1,learned_physics_score,8,-0.0356915903482697,0.8109394332055462,0.0
robocasa/OrganizeCondiments,52,6210487,1,learned_energy_regularized,1,-0.051768651963397895,0.4903573257240674,0.0
robocasa/OrganizeCondiments,52,6210487,1,learned_energy_regularized,2,-0.04401827584265762,0.6449024764513034,0.0
robocasa/OrganizeCondiments,52,6210487,1,learned_energy_regularized,4,-0.03995081917869038,0.7260089535327376,0.0
robocasa/OrganizeCondiments,52,6210487,1,learned_energy_regularized,8,-0.040481428724804716,0.7154284176975663,0.0
robocasa/OrganizeCondiments,52,6210487,1,predicted_progress,1,-0.051768651963397895,0.4903573257240674,0.0
robocasa/OrganizeCondiments,52,6210487,1,predicted_progress,2,-0.04602230987057118,0.6049413524901568,0.0
robocasa/OrganizeCondiments,52,6210487,1,predicted_progress,4,-0.03958479500301042,0.7333076007879202,0.0
robocasa/OrganizeCondiments,52,6210487,1,predicted_progress,8,-0.03424538847831317,0.8397771931403628,0.0
robocasa/OrganizeCondiments,52,6210487,1,predicted_success,1,-0.0517686519633979,0.4903573257240674,0.0
robocasa/OrganizeCondiments,52,6210487,1,predicted_success,2,-0.0517686519633979,0.4903573257240674,0.0
robocasa/OrganizeCondiments,52,6210487,1,predicted_success,4,-0.0517686519633979,0.4903573257240674,0.0
robocasa/OrganizeCondiments,52,6210487,1,predicted_success,8,-0.0517686519633979,0.4903573257240674,0.0
robocasa/OrganizeCondiments,52,6210487,1,low_energy,1,-0.051768651963397895,0.4903573257240674,0.0
robocasa/OrganizeCondiments,52,6210487,1,low_energy,2,-0.04497748104980507,0.6257755965415327,0.0
robocasa/OrganizeCondiments,52,6210487,1,low_energy,4,-0.04221394396430392,0.6808814712456225,0.0
robocasa/OrganizeCondiments,52,6210487,1,low_energy,8,-0.04224492477579167,0.6802637032681156,0.0
robocasa/OrganizeCondiments,52,6210487,1,distance_progress,1,-0.0517686519633979,0.4903573257240674,0.0
robocasa/OrganizeCondiments,52,6210487,1,distance_progress,2,-0.04715214333571604,0.582412086755527,0.0
robocasa/OrganizeCondiments,52,6210487,1,distance_progress,4,-0.03826460349058748,0.7596326710938929,0.0
robocasa/OrganizeCondiments,52,6210487,1,distance_progress,8,-0.03053554141767022,0.9137528124174431,0.0
robocasa/OrganizeCondiments,52,6210487,1,oracle_real_utility,1,-0.0517686519633979,0.4903573257240674,0.0
robocasa/OrganizeCondiments,52,6210487,1,oracle_real_utility,2,-0.042566154394958,0.6738582747910045,0.0
robocasa/OrganizeCondiments,52,6210487,1,oracle_real_utility,4,-0.03491766616457587,0.8263717461355402,0.0
robocasa/OrganizeCondiments,52,6210487,1,oracle_real_utility,8,-0.02975147620570351,0.9293873409197584,0.0
robocasa/TurnOnMicrowave,53,6300483,0,random,1,-0.04590826380756261,0.6803461156850515,0.0
robocasa/TurnOnMicrowave,53,6300483,0,random,2,-0.04885277103243871,0.6121627822871927,0.0
robocasa/TurnOnMicrowave,53,6300483,0,random,4,-0.04826883930139957,0.6256843697238496,0.0
robocasa/TurnOnMicrowave,53,6300483,0,random,8,-0.046495598133140456,0.6667457373947363,0.0
robocasa/TurnOnMicrowave,53,6300483,0,learned_wam,1,-0.04590826380756261,0.6803461156850515,0.0
robocasa/TurnOnMicrowave,53,6300483,0,learned_wam,2,-0.04087098335219079,0.7969899363574862,0.0
robocasa/TurnOnMicrowave,53,6300483,0,learned_wam,4,-0.03977367473435363,0.8223993354916597,0.0
robocasa/TurnOnMicrowave,53,6300483,0,learned_wam,8,-0.04141760521502562,0.7843323003356236,0.0
robocasa/TurnOnMicrowave,53,6300483,0,learned_physics_score,1,-0.04590826380756261,0.6803461156850515,0.0
robocasa/TurnOnMicrowave,53,6300483,0,learned_physics_score,2,-0.04087098335219079,0.7969899363574862,0.0
robocasa/TurnOnMicrowave,53,6300483,0,learned_physics_score,4,-0.03977367473435363,0.8223993354916597,0.0
robocasa/TurnOnMicrowave,53,6300483,0,learned_physics_score,8,-0.04141760521502562,0.7843323003356236,0.0
robocasa/TurnOnMicrowave,53,6300483,0,learned_energy_regularized,1,-0.04590826380756261,0.6803461156850515,0.0
robocasa/TurnOnMicrowave,53,6300483,0,learned_energy_regularized,2,-0.040034604252917945,0.8163572228395632,0.0
robocasa/TurnOnMicrowave,53,6300483,0,learned_energy_regularized,4,-0.036435566979373585,0.8996969260877774,0.0
robocasa/TurnOnMicrowave,53,6300483,0,learned_energy_regularized,8,-0.033709776297980124,0.9628156351308661,0.0
robocasa/TurnOnMicrowave,53,6300483,0,predicted_progress,1,-0.04590826380756261,0.6803461156850515,0.0
robocasa/TurnOnMicrowave,53,6300483,0,predicted_progress,2,-0.043675054432945434,0.7320585577705534,0.0
robocasa/TurnOnMicrowave,53,6300483,0,predicted_progress,4,-0.041085145285344,0.792030779060825,0.0
robocasa/TurnOnMicrowave,53,6300483,0,predicted_progress,8,-0.04146932825866914,0.7831345958439164,0.0
robocasa/TurnOnMicrowave,53,6300483,0,predicted_success,1,-0.04590826380756261,0.6803461156850514,0.0
robocasa/TurnOnMicrowave,53,6300483,0,predicted_success,2,-0.04590826380756261,0.6803461156850514,0.0
robocasa/TurnOnMicrowave,53,6300483,0,predicted_success,4,-0.04590826380756261,0.6803461156850514,0.0
robocasa/TurnOnMicrowave,53,6300483,0,predicted_success,8,-0.04590826380756261,0.6803461156850514,0.0
robocasa/TurnOnMicrowave,53,6300483,0,low_energy,1,-0.04590826380756261,0.6803461156850515,0.0
robocasa/TurnOnMicrowave,53,6300483,0,low_energy,2,-0.03989974398372274,0.8194800620769671,0.0
robocasa/TurnOnMicrowave,53,6300483,0,low_energy,4,-0.03623116938387459,0.9044299793069674,0.0
robocasa/TurnOnMicrowave,53,6300483,0,low_energy,8,-0.03364132497794874,0.9644007014318732,0.0
robocasa/TurnOnMicrowave,53,6300483,0,distance_progress,1,-0.04590826380756261,0.6803461156850515,0.0
robocasa/TurnOnMicrowave,53,6300483,0,distance_progress,2,-0.040177019661448946,0.8130594359641141,0.0
robocasa/TurnOnMicrowave,53,6300483,0,distance_progress,4,-0.036543073054168096,0.8972075035867617,0.0
robocasa/TurnOnMicrowave,53,6300483,0,distance_progress,8,-0.03365502513072778,0.9640834591861613,0.0
robocasa/TurnOnMicrowave,53,6300483,0,oracle_real_utility,1,-0.04590826380756261,0.6803461156850514,0.0
robocasa/TurnOnMicrowave,53,6300483,0,oracle_real_utility,2,-0.03976119180711676,0.8226883915287387,0.0
robocasa/TurnOnMicrowave,53,6300483,0,oracle_real_utility,4,-0.03587691785593762,0.9126330666799467,0.0
robocasa/TurnOnMicrowave,53,6300483,0,oracle_real_utility,8,-0.033248312930464353,0.9735013316618198,0.0
robocasa/TurnOnMicrowave,53,6310490,1,random,1,-0.05522482000522995,0.7021888388266703,0.0
robocasa/TurnOnMicrowave,53,6310490,1,random,2,-0.05735239002768578,0.6440163683027258,0.0
robocasa/TurnOnMicrowave,53,6310490,1,random,4,-0.06232043777297831,0.5081789537996833,0.0
robocasa/TurnOnMicrowave,53,6310490,1,random,8,-0.07012720807180811,0.29472458552856207,0.0
robocasa/TurnOnMicrowave,53,6310490,1,learned_wam,1,-0.055224820005229956,0.7021888388266703,0.0
robocasa/TurnOnMicrowave,53,6310490,1,learned_wam,2,-0.050666518931203254,0.8268228729920908,0.0
robocasa/TurnOnMicrowave,53,6310490,1,learned_wam,4,-0.049222323594159643,0.8663103680161152,0.0
robocasa/TurnOnMicrowave,53,6310490,1,learned_wam,8,-0.048620215811581755,0.8827733266330164,0.0
robocasa/TurnOnMicrowave,53,6310490,1,learned_physics_score,1,-0.055224820005229956,0.7021888388266703,0.0
robocasa/TurnOnMicrowave,53,6310490,1,learned_physics_score,2,-0.050666518931203254,0.8268228729920908,0.0
robocasa/TurnOnMicrowave,53,6310490,1,learned_physics_score,4,-0.049222323594159643,0.8663103680161152,0.0
robocasa/TurnOnMicrowave,53,6310490,1,learned_physics_score,8,-0.048620215811581755,0.8827733266330164,0.0
robocasa/TurnOnMicrowave,53,6310490,1,learned_energy_regularized,1,-0.055224820005229956,0.7021888388266704,0.0
robocasa/TurnOnMicrowave,53,6310490,1,learned_energy_regularized,2,-0.05095907270060334,0.8188238058180521,0.0
robocasa/TurnOnMicrowave,53,6310490,1,learned_energy_regularized,4,-0.050063415681184886,0.8433130498907538,0.0
robocasa/TurnOnMicrowave,53,6310490,1,learned_energy_regularized,8,-0.049669286416007354,0.8540894158007694,0.0
robocasa/TurnOnMicrowave,53,6310490,1,predicted_progress,1,-0.05522482000522996,0.7021888388266703,0.0
robocasa/TurnOnMicrowave,53,6310490,1,predicted_progress,2,-0.05439914742013703,0.7247645536618066,0.0
robocasa/TurnOnMicrowave,53,6310490,1,predicted_progress,4,-0.05189058084461452,0.7933543126975594,0.0
robocasa/TurnOnMicrowave,53,6310490,1,predicted_progress,8,-0.0496921783387319,0.8534634999973529,0.0
robocasa/TurnOnMicrowave,53,6310490,1,predicted_success,1,-0.055224820005229956,0.7021888388266704,0.0
robocasa/TurnOnMicrowave,53,6310490,1,predicted_success,2,-0.055224820005229956,0.7021888388266704,0.0
robocasa/TurnOnMicrowave,53,6310490,1,predicted_success,4,-0.055224820005229956,0.7021888388266704,0.0
robocasa/TurnOnMicrowave,53,6310490,1,predicted_success,8,-0.055224820005229956,0.7021888388266704,0.0
robocasa/TurnOnMicrowave,53,6310490,1,low_energy,1,-0.055224820005229956,0.7021888388266704,0.0
robocasa/TurnOnMicrowave,53,6310490,1,low_energy,2,-0.05093354762344199,0.8195217178882158,0.0
robocasa/TurnOnMicrowave,53,6310490,1,low_energy,4,-0.050766282772891136,0.8240951088862377,0.0
robocasa/TurnOnMicrowave,53,6310490,1,low_energy,8,-0.052844177285496355,0.7672808766820879,0.0
robocasa/TurnOnMicrowave,53,6310490,1,distance_progress,1,-0.05522482000522996,0.7021888388266704,0.0
robocasa/TurnOnMicrowave,53,6310490,1,distance_progress,2,-0.05344240975351364,0.7509238777373332,0.0
robocasa/TurnOnMicrowave,53,6310490,1,distance_progress,4,-0.05449736796496897,0.7220789867057135,0.0
robocasa/TurnOnMicrowave,53,6310490,1,distance_progress,8,-0.05754140069393601,0.6388483986025033,0.0
robocasa/TurnOnMicrowave,53,6310490,1,oracle_real_utility,1,-0.05522482000522996,0.7021888388266704,0.0
robocasa/TurnOnMicrowave,53,6310490,1,oracle_real_utility,2,-0.049686923303083524,0.8536071842959334,0.0
robocasa/TurnOnMicrowave,53,6310490,1,oracle_real_utility,4,-0.04677831163201046,0.9331350611297085,0.0
robocasa/TurnOnMicrowave,53,6310490,1,oracle_real_utility,8,-0.04528663802841763,0.973920716981443,0.0
robocasa/TurnOnToaster,54,6400486,0,random,1,-0.051910696111492065,0.4972772499839617,0.0
robocasa/TurnOnToaster,54,6400486,0,random,2,-0.04851634411732238,0.5486002279016934,0.0
robocasa/TurnOnToaster,54,6400486,0,random,4,-0.048740490549125756,0.545211109039082,0.0
robocasa/TurnOnToaster,54,6400486,0,random,8,-0.049667299005170265,0.5311976625829566,0.0
robocasa/TurnOnToaster,54,6400486,0,learned_wam,1,-0.05191069611149206,0.4972772499839617,0.0
robocasa/TurnOnToaster,54,6400486,0,learned_wam,2,-0.04185051441378852,0.6493883109483114,0.0
robocasa/TurnOnToaster,54,6400486,0,learned_wam,4,-0.03343520740057755,0.7766286845901168,0.0
robocasa/TurnOnToaster,54,6400486,0,learned_wam,8,-0.025910685169557354,0.8904002937124041,0.0
robocasa/TurnOnToaster,54,6400486,0,learned_physics_score,1,-0.05191069611149206,0.4972772499839617,0.0
robocasa/TurnOnToaster,54,6400486,0,learned_physics_score,2,-0.04185051441378852,0.6493883109483114,0.0
robocasa/TurnOnToaster,54,6400486,0,learned_physics_score,4,-0.03343520740057755,0.7766286845901168,0.0
robocasa/TurnOnToaster,54,6400486,0,learned_physics_score,8,-0.025910685169557354,0.8904002937124041,0.0
robocasa/TurnOnToaster,54,6400486,0,learned_energy_regularized,1,-0.05191069611149206,0.4972772499839618,0.0
robocasa/TurnOnToaster,54,6400486,0,learned_energy_regularized,2,-0.04219939388769885,0.6441132146806865,0.0
robocasa/TurnOnToaster,54,6400486,0,learned_energy_regularized,4,-0.0341111613812788,0.7664081855715937,0.0
robocasa/TurnOnToaster,54,6400486,0,learned_energy_regularized,8,-0.02631993288739686,0.8842124229136077,0.0
robocasa/TurnOnToaster,54,6400486,0,predicted_progress,1,-0.05191069611149206,0.4972772499839617,0.0
robocasa/TurnOnToaster,54,6400486,0,predicted_progress,2,-0.04457372333288262,0.6082130906234597,0.0
robocasa/TurnOnToaster,54,6400486,0,predicted_progress,4,-0.03645882824591179,0.7309112026839298,0.0
robocasa/TurnOnToaster,54,6400486,0,predicted_progress,8,-0.02887210845703263,0.8456232457665182,0.0
robocasa/TurnOnToaster,54,6400486,0,predicted_success,1,-0.05191069611149207,0.4972772499839617,0.0
robocasa/TurnOnToaster,54,6400486,0,predicted_success,2,-0.05191069611149207,0.4972772499839617,0.0
robocasa/TurnOnToaster,54,6400486,0,predicted_success,4,-0.05191069611149207,0.4972772499839617,0.0
robocasa/TurnOnToaster,54,6400486,0,predicted_success,8,-0.05191069611149207,0.4972772499839617,0.0
robocasa/TurnOnToaster,54,6400486,0,low_energy,1,-0.05191069611149206,0.4972772499839618,0.0
robocasa/TurnOnToaster,54,6400486,0,low_energy,2,-0.04219939388769885,0.6441132146806865,0.0
robocasa/TurnOnToaster,54,6400486,0,low_energy,4,-0.0341111613812788,0.7664081855715937,0.0
robocasa/TurnOnToaster,54,6400486,0,low_energy,8,-0.02631993288739686,0.8842124229136077,0.0
robocasa/TurnOnToaster,54,6400486,0,distance_progress,1,-0.05191069611149206,0.4972772499839618,0.0
robocasa/TurnOnToaster,54,6400486,0,distance_progress,2,-0.04375178115984936,0.620640947271414,0.0
robocasa/TurnOnToaster,54,6400486,0,distance_progress,4,-0.03985105512174848,0.6796203567906507,0.0
robocasa/TurnOnToaster,54,6400486,0,distance_progress,8,-0.0417715451160657,0.6505823354720404,0.0
robocasa/TurnOnToaster,54,6400486,0,oracle_real_utility,1,-0.05191069611149206,0.4972772499839618,0.0
robocasa/TurnOnToaster,54,6400486,0,oracle_real_utility,2,-0.04169037838250723,0.6518095854688679,0.0
robocasa/TurnOnToaster,54,6400486,0,oracle_real_utility,4,-0.03325611818752469,0.7793365333172386,0.0
robocasa/TurnOnToaster,54,6400486,0,oracle_real_utility,8,-0.025868870077411114,0.891032542534723,0.0
robocasa/TurnOnToaster,54,6410493,1,random,1,-0.05704515934639527,0.44455781827070073,0.0
robocasa/TurnOnToaster,54,6410493,1,random,2,-0.05892461505714716,0.3985944989280798,0.0
robocasa/TurnOnToaster,54,6410493,1,random,4,-0.06245731477849768,0.3122000154054735,0.0
robocasa/TurnOnToaster,54,6410493,1,random,8,-0.06428299245097048,0.26755187318189855,0.0
robocasa/TurnOnToaster,54,6410493,1,learned_wam,1,-0.05704515934639527,0.4445578182707008,0.0
robocasa/TurnOnToaster,54,6410493,1,learned_wam,2,-0.05140116875344706,0.5825853017098538,0.0
robocasa/TurnOnToaster,54,6410493,1,learned_wam,4,-0.04664815842642679,0.6988232796785978,0.0
robocasa/TurnOnToaster,54,6410493,1,learned_wam,8,-0.04155235405917722,0.8234445102292842,0.0
robocasa/TurnOnToaster,54,6410493,1,learned_physics_score,1,-0.05704515934639527,0.4445578182707008,0.0
robocasa/TurnOnToaster,54,6410493,1,learned_physics_score,2,-0.05140116875344706,0.5825853017098538,0.0
robocasa/TurnOnToaster,54,6410493,1,learned_physics_score,4,-0.04664815842642679,0.6988232796785978,0.0
robocasa/TurnOnToaster,54,6410493,1,learned_physics_score,8,-0.04155235405917722,0.8234445102292842,0.0
robocasa/TurnOnToaster,54,6410493,1,learned_energy_regularized,1,-0.05704515934639528,0.44455781827070073,0.0
robocasa/TurnOnToaster,54,6410493,1,learned_energy_regularized,2,-0.052106463074348186,0.5653368675399703,0.0
robocasa/TurnOnToaster,54,6410493,1,learned_energy_regularized,4,-0.0472221475513949,0.6847860000027993,0.0
robocasa/TurnOnToaster,54,6410493,1,learned_energy_regularized,8,-0.04171449961334141,0.8194791345923911,0.0
robocasa/TurnOnToaster,54,6410493,1,predicted_progress,1,-0.05704515934639527,0.44455781827070073,0.0
robocasa/TurnOnToaster,54,6410493,1,predicted_progress,2,-0.05473789517437135,0.5009834734962222,0.0
robocasa/TurnOnToaster,54,6410493,1,predicted_progress,4,-0.05586954239886947,0.4733083000589141,0.0
robocasa/TurnOnToaster,54,6410493,1,predicted_progress,8,-0.057066511078934706,0.4440356476786437,0.0
robocasa/TurnOnToaster,54,6410493,1,predicted_success,1,-0.05704515934639527,0.44455781827070073,0.0
robocasa/TurnOnToaster,54,6410493,1,predicted_success,2,-0.05704515934639527,0.44455781827070073,0.0
robocasa/TurnOnToaster,54,6410493,1,predicted_success,4,-0.05704515934639527,0.44455781827070073,0.0
robocasa/TurnOnToaster,54,6410493,1,predicted_success,8,-0.05704515934639527,0.44455781827070073,0.0
robocasa/TurnOnToaster,54,6410493,1,low_energy,1,-0.05704515934639527,0.44455781827070073,0.0
robocasa/TurnOnToaster,54,6410493,1,low_energy,2,-0.05249632818162156,0.5558024612096489,0.0
robocasa/TurnOnToaster,54,6410493,1,low_energy,4,-0.048340445890404676,0.657437282295764,0.0
robocasa/TurnOnToaster,54,6410493,1,low_energy,8,-0.04310383097036291,0.785502127062935,0.0
robocasa/TurnOnToaster,54,6410493,1,distance_progress,1,-0.05704515934639527,0.44455781827070073,0.0
robocasa/TurnOnToaster,54,6410493,1,distance_progress,2,-0.05326126345197326,0.5370954685912681,0.0
robocasa/TurnOnToaster,54,6410493,1,distance_progress,4,-0.05191802543325941,0.5699452333684306,0.0
robocasa/TurnOnToaster,54,6410493,1,distance_progress,8,-0.05276710801234453,0.5491803632480632,0.0
robocasa/TurnOnToaster,54,6410493,1,oracle_real_utility,1,-0.057045159346395286,0.44455781827070073,0.0
robocasa/TurnOnToaster,54,6410493,1,oracle_real_utility,2,-0.051102460023682246,0.5898904191744818,0.0
robocasa/TurnOnToaster,54,6410493,1,oracle_real_utility,4,-0.04593112994133523,0.7163586805127224,0.0
robocasa/TurnOnToaster,54,6410493,1,oracle_real_utility,8,-0.04081985914412566,0.8413581527294798,0.0
robocasa/ManipulateSinkFaucet,55,6500489,0,random,1,-0.05547985558851174,0.6496608873865399,0.0
robocasa/ManipulateSinkFaucet,55,6500489,0,random,2,-0.055978371041940846,0.6357267831044269,0.0
robocasa/ManipulateSinkFaucet,55,6500489,0,random,4,-0.056164296337428886,0.6305299483058412,0.0
robocasa/ManipulateSinkFaucet,55,6500489,0,random,8,-0.053406291277566235,0.7076194945784274,0.0
robocasa/ManipulateSinkFaucet,55,6500489,0,learned_wam,1,-0.05547985558851174,0.6496608873865399,0.0
robocasa/ManipulateSinkFaucet,55,6500489,0,learned_wam,2,-0.050232088044100294,0.79634227852323,0.0
robocasa/ManipulateSinkFaucet,55,6500489,0,learned_wam,4,-0.0470155998877763,0.8862469767308949,0.0
robocasa/ManipulateSinkFaucet,55,6500489,0,learned_wam,8,-0.044880310706159325,0.9459308680214398,0.0
robocasa/ManipulateSinkFaucet,55,6500489,0,learned_physics_score,1,-0.05547985558851174,0.6496608873865399,0.0
robocasa/ManipulateSinkFaucet,55,6500489,0,learned_physics_score,2,-0.050232088044100294,0.79634227852323,0.0
robocasa/ManipulateSinkFaucet,55,6500489,0,learned_physics_score,4,-0.0470155998877763,0.8862469767308949,0.0
robocasa/ManipulateSinkFaucet,55,6500489,0,learned_physics_score,8,-0.044880310706159325,0.9459308680214398,0.0
robocasa/ManipulateSinkFaucet,55,6500489,0,learned_energy_regularized,1,-0.05547985558851174,0.6496608873865399,0.0
robocasa/ManipulateSinkFaucet,55,6500489,0,learned_energy_regularized,2,-0.05023406240237312,0.7962870928436797,0.0
robocasa/ManipulateSinkFaucet,55,6500489,0,learned_energy_regularized,4,-0.047017296601917016,0.8861995515375314,0.0
robocasa/ManipulateSinkFaucet,55,6500489,0,learned_energy_regularized,8,-0.044880509050295045,0.9459253240651755,0.0
robocasa/ManipulateSinkFaucet,55,6500489,0,predicted_progress,1,-0.05547985558851174,0.6496608873865399,0.0
robocasa/ManipulateSinkFaucet,55,6500489,0,predicted_progress,2,-0.05199425568954588,0.7470875812710076,0.0
robocasa/ManipulateSinkFaucet,55,6500489,0,predicted_progress,4,-0.04967108698729468,0.8120229302946738,0.0
robocasa/ManipulateSinkFaucet,55,6500489,0,predicted_progress,8,-0.04757546875289076,0.8705979710738964,0.0
robocasa/ManipulateSinkFaucet,55,6500489,0,predicted_success,1,-0.05547985558851175,0.6496608873865399,0.0
robocasa/ManipulateSinkFaucet,55,6500489,0,predicted_success,2,-0.05547985558851175,0.6496608873865399,0.0
robocasa/ManipulateSinkFaucet,55,6500489,0,predicted_success,4,-0.05547985558851175,0.6496608873865399,0.0
robocasa/ManipulateSinkFaucet,55,6500489,0,predicted_success,8,-0.05547985558851175,0.6496608873865399,0.0
robocasa/ManipulateSinkFaucet,55,6500489,0,low_energy,1,-0.055479855588511755,0.6496608873865399,0.0
robocasa/ManipulateSinkFaucet,55,6500489,0,low_energy,2,-0.050792524201194594,0.7806774163756228,0.0
robocasa/ManipulateSinkFaucet,55,6500489,0,low_energy,4,-0.04768111782432578,0.8676449529306114,0.0
robocasa/ManipulateSinkFaucet,55,6500489,0,low_energy,8,-0.04505069232838141,0.9411684975162377,0.0
robocasa/ManipulateSinkFaucet,55,6500489,0,distance_progress,1,-0.05547985558851175,0.6496608873865399,0.0
robocasa/ManipulateSinkFaucet,55,6500489,0,distance_progress,2,-0.051045348446308994,0.7736106757716195,0.0
robocasa/ManipulateSinkFaucet,55,6500489,0,distance_progress,4,-0.04909006036894536,0.8282633205074007,0.0
robocasa/ManipulateSinkFaucet,55,6500489,0,distance_progress,8,-0.04821767023968346,0.8526476699838414,0.0
robocasa/ManipulateSinkFaucet,55,6500489,0,oracle_real_utility,1,-0.05547985558851174,0.6496608873865399,0.0
robocasa/ManipulateSinkFaucet,55,6500489,0,oracle_real_utility,2,-0.05016480258563614,0.7982229877138081,0.0
robocasa/ManipulateSinkFaucet,55,6500489,0,oracle_real_utility,4,-0.04685684825921245,0.890684274977415,0.0
robocasa/ManipulateSinkFaucet,55,6500489,0,oracle_real_utility,8,-0.044756606581738176,0.9493885465306113,0.0
robocasa/ManipulateSinkFaucet,55,6510496,1,random,1,-0.0500003009830398,0.5079130458951118,0.0
robocasa/ManipulateSinkFaucet,55,6510496,1,random,2,-0.04863541527450457,0.5342985759123917,0.0
robocasa/ManipulateSinkFaucet,55,6510496,1,random,4,-0.0461417970610211,0.5825043984307585,0.0
robocasa/ManipulateSinkFaucet,55,6510496,1,random,8,-0.03957783076103529,0.7093968765024637,0.0
robocasa/ManipulateSinkFaucet,55,6510496,1,learned_wam,1,-0.0500003009830398,0.5079130458951118,0.0
robocasa/ManipulateSinkFaucet,55,6510496,1,learned_wam,2,-0.04185888783767083,0.6653002172801412,0.0
robocasa/ManipulateSinkFaucet,55,6510496,1,learned_wam,4,-0.03465654313159843,0.8045336206695113,0.0
robocasa/ManipulateSinkFaucet,55,6510496,1,learned_wam,8,-0.029016693054282932,0.9135613821717312,0.0
robocasa/ManipulateSinkFaucet,55,6510496,1,learned_physics_score,1,-0.0500003009830398,0.5079130458951118,0.0
robocasa/ManipulateSinkFaucet,55,6510496,1,learned_physics_score,2,-0.04185888783767083,0.6653002172801412,0.0
robocasa/ManipulateSinkFaucet,55,6510496,1,learned_physics_score,4,-0.03465654313159843,0.8045336206695113,0.0
robocasa/ManipulateSinkFaucet,55,6510496,1,learned_physics_score,8,-0.029016693054282932,0.9135613821717312,0.0
robocasa/ManipulateSinkFaucet,55,6510496,1,learned_energy_regularized,1,-0.0500003009830398,0.5079130458951118,0.0
robocasa/ManipulateSinkFaucet,55,6510496,1,learned_energy_regularized,2,-0.04236840618270654,0.6554503730747079,0.0
robocasa/ManipulateSinkFaucet,55,6510496,1,learned_energy_regularized,4,-0.036366357356993034,0.7714800438857542,0.0
robocasa/ManipulateSinkFaucet,55,6510496,1,learned_energy_regularized,8,-0.033125641738821224,0.8341285123150313,0.0
robocasa/ManipulateSinkFaucet,55,6510496,1,predicted_progress,1,-0.05000030098303979,0.5079130458951118,0.0
robocasa/ManipulateSinkFaucet,55,6510496,1,predicted_progress,2,-0.0474405665520441,0.5573970057922265,0.0
robocasa/ManipulateSinkFaucet,55,6510496,1,predicted_progress,4,-0.04210485589579069,0.6605452421637423,0.0
robocasa/ManipulateSinkFaucet,55,6510496,1,predicted_progress,8,-0.03409593915102107,0.8153710358939735,0.0
robocasa/ManipulateSinkFaucet,55,6510496,1,predicted_success,1,-0.0500003009830398,0.5079130458951118,0.0
robocasa/ManipulateSinkFaucet,55,6510496,1,predicted_success,2,-0.0500003009830398,0.5079130458951118,0.0
robocasa/ManipulateSinkFaucet,55,6510496,1,predicted_success,4,-0.0500003009830398,0.5079130458951118,0.0
robocasa/ManipulateSinkFaucet,55,6510496,1,predicted_success,8,-0.0500003009830398,0.5079130458951118,0.0
robocasa/ManipulateSinkFaucet,55,6510496,1,low_energy,1,-0.0500003009830398,0.5079130458951119,0.0
robocasa/ManipulateSinkFaucet,55,6510496,1,low_energy,2,-0.042977464813498185,0.6436762481904472,0.0
robocasa/ManipulateSinkFaucet,55,6510496,1,low_energy,4,-0.03843144677702095,0.7315584017000578,0.0
robocasa/ManipulateSinkFaucet,55,6510496,1,low_energy,8,-0.036373944368421375,0.7713333742294364,0.0
robocasa/ManipulateSinkFaucet,55,6510496,1,distance_progress,1,-0.05000030098303979,0.5079130458951118,0.0
robocasa/ManipulateSinkFaucet,55,6510496,1,distance_progress,2,-0.04954279403072099,0.5167574226425812,0.0
robocasa/ManipulateSinkFaucet,55,6510496,1,distance_progress,4,-0.04581396357905759,0.5888419694998415,0.0
robocasa/ManipulateSinkFaucet,55,6510496,1,distance_progress,8,-0.036819503595257805,0.7627199670550106,0.0
robocasa/ManipulateSinkFaucet,55,6510496,1,oracle_real_utility,1,-0.0500003009830398,0.5079130458951118,0.0
robocasa/ManipulateSinkFaucet,55,6510496,1,oracle_real_utility,2,-0.04170955993180532,0.6681869761625829,0.0
robocasa/ManipulateSinkFaucet,55,6510496,1,oracle_real_utility,4,-0.03458609169896194,0.805895565027904,0.0
robocasa/ManipulateSinkFaucet,55,6510496,1,oracle_real_utility,8,-0.029012670718521087,0.9136391406685197,0.0
robocasa/ManipulateStoveKnob,56,6600492,0,random,1,-0.048420503749528915,0.5310758787613575,0.0
robocasa/ManipulateStoveKnob,56,6600492,0,random,2,-0.04917349226656144,0.51140242906748,0.0
robocasa/ManipulateStoveKnob,56,6600492,0,random,4,-0.05457884627811643,0.37017589264828976,0.0
robocasa/ManipulateStoveKnob,56,6600492,0,random,8,-0.06000606016724586,0.2283782197614811,0.0
robocasa/ManipulateStoveKnob,56,6600492,0,learned_wam,1,-0.04842050374952892,0.5310758787613575,0.0
robocasa/ManipulateStoveKnob,56,6600492,0,learned_wam,2,-0.042200537151600076,0.6935859266492005,0.0
robocasa/ManipulateStoveKnob,56,6600492,0,learned_wam,4,-0.039009992038497344,0.7769458018117616,0.0
robocasa/ManipulateStoveKnob,56,6600492,0,learned_wam,8,-0.038024942969567516,0.8026823341296307,0.0
robocasa/ManipulateStoveKnob,56,6600492,0,learned_physics_score,1,-0.04842050374952892,0.5310758787613575,0.0
robocasa/ManipulateStoveKnob,56,6600492,0,learned_physics_score,2,-0.042200537151600076,0.6935859266492005,0.0
robocasa/ManipulateStoveKnob,56,6600492,0,learned_physics_score,4,-0.039009992038497344,0.7769458018117616,0.0
robocasa/ManipulateStoveKnob,56,6600492,0,learned_physics_score,8,-0.038024942969567516,0.8026823341296307,0.0
robocasa/ManipulateStoveKnob,56,6600492,0,learned_energy_regularized,1,-0.04842050374952892,0.5310758787613575,0.0
robocasa/ManipulateStoveKnob,56,6600492,0,learned_energy_regularized,2,-0.04160958162145395,0.7090259149500399,0.0
robocasa/ManipulateStoveKnob,56,6600492,0,learned_energy_regularized,4,-0.037232987955830715,0.8233738676260067,0.0
robocasa/ManipulateStoveKnob,56,6600492,0,learned_energy_regularized,8,-0.03564147246145959,0.8649556438513997,0.0
robocasa/ManipulateStoveKnob,56,6600492,0,predicted_progress,1,-0.048420503749528915,0.5310758787613575,0.0
robocasa/ManipulateStoveKnob,56,6600492,0,predicted_progress,2,-0.04906469742134701,0.5142449291400104,0.0
robocasa/ManipulateStoveKnob,56,6600492,0,predicted_progress,4,-0.04874848569953889,0.522506642646775,0.0
robocasa/ManipulateStoveKnob,56,6600492,0,predicted_progress,8,-0.04591967328304877,0.5964154706174285,0.0
robocasa/ManipulateStoveKnob,56,6600492,0,predicted_success,1,-0.04842050374952892,0.5310758787613575,0.0
robocasa/ManipulateStoveKnob,56,6600492,0,predicted_success,2,-0.04842050374952892,0.5310758787613575,0.0
robocasa/ManipulateStoveKnob,56,6600492,0,predicted_success,4,-0.04842050374952892,0.5310758787613575,0.0
robocasa/ManipulateStoveKnob,56,6600492,0,predicted_success,8,-0.04842050374952892,0.5310758787613575,0.0
robocasa/ManipulateStoveKnob,56,6600492,0,low_energy,1,-0.04842050374952893,0.5310758787613575,0.0
robocasa/ManipulateStoveKnob,56,6600492,0,low_energy,2,-0.042344362634032975,0.6898281755954495,0.0
robocasa/ManipulateStoveKnob,56,6600492,0,low_energy,4,-0.03834664042802081,0.7942772939167055,0.0
robocasa/ManipulateStoveKnob,56,6600492,0,low_energy,8,-0.03601442685748135,0.8552114055499175,0.0
robocasa/ManipulateStoveKnob,56,6600492,0,distance_progress,1,-0.048420503749528915,0.5310758787613575,0.0
robocasa/ManipulateStoveKnob,56,6600492,0,distance_progress,2,-0.045035951925324384,0.6195045978502214,0.0
robocasa/ManipulateStoveKnob,56,6600492,0,distance_progress,4,-0.04155239582258213,0.7105200173325602,0.0
robocasa/ManipulateStoveKnob,56,6600492,0,distance_progress,8,-0.04030935513410085,0.742997137367079,0.0
robocasa/ManipulateStoveKnob,56,6600492,0,oracle_real_utility,1,-0.04842050374952892,0.5310758787613575,0.0
robocasa/ManipulateStoveKnob,56,6600492,0,oracle_real_utility,2,-0.04071752152826417,0.7323329096389467,0.0
robocasa/ManipulateStoveKnob,56,6600492,0,oracle_real_utility,4,-0.035524027738436714,0.8680241406450926,0.0
robocasa/ManipulateStoveKnob,56,6600492,0,oracle_real_utility,8,-0.032787401497295886,0.9395244058791554,0.0
robocasa/ManipulateStoveKnob,56,6610499,1,random,1,-0.0576439164787112,0.5384846863067408,0.0
robocasa/ManipulateStoveKnob,56,6610499,1,random,2,-0.057465920230633016,0.5420523895270085,0.0
robocasa/ManipulateStoveKnob,56,6610499,1,random,4,-0.05932517645531017,0.5047860173888177,0.0
robocasa/ManipulateStoveKnob,56,6610499,1,random,8,-0.060858363406383856,0.47405527962509125,0.0
robocasa/ManipulateStoveKnob,56,6610499,1,learned_wam,1,-0.0576439164787112,0.5384846863067408,0.0
robocasa/ManipulateStoveKnob,56,6610499,1,learned_wam,2,-0.049639131856988976,0.6989301798540141,0.0
robocasa/ManipulateStoveKnob,56,6610499,1,learned_wam,4,-0.0434624401217253,0.822733929834301,0.0
robocasa/ManipulateStoveKnob,56,6610499,1,learned_wam,8,-0.038970494771450856,0.9127691303762864,0.0
robocasa/ManipulateStoveKnob,56,6610499,1,learned_physics_score,1,-0.0576439164787112,0.5384846863067408,0.0
robocasa/ManipulateStoveKnob,56,6610499,1,learned_physics_score,2,-0.049639131856988976,0.6989301798540141,0.0
robocasa/ManipulateStoveKnob,56,6610499,1,learned_physics_score,4,-0.0434624401217253,0.822733929834301,0.0
robocasa/ManipulateStoveKnob,56,6610499,1,learned_physics_score,8,-0.038970494771450856,0.9127691303762864,0.0
robocasa/ManipulateStoveKnob,56,6610499,1,learned_energy_regularized,1,-0.0576439164787112,0.5384846863067408,0.0
robocasa/ManipulateStoveKnob,56,6610499,1,learned_energy_regularized,2,-0.051160565316201966,0.6684350255433857,0.0
robocasa/ManipulateStoveKnob,56,6610499,1,learned_energy_regularized,4,-0.046079904920273654,0.7702702532594088,0.0
robocasa/ManipulateStoveKnob,56,6610499,1,learned_energy_regularized,8,-0.04037245867576079,0.8846685878642415,0.0
robocasa/ManipulateStoveKnob,56,6610499,1,predicted_progress,1,-0.0576439164787112,0.5384846863067408,0.0
robocasa/ManipulateStoveKnob,56,6610499,1,predicted_progress,2,-0.05208835435043569,0.6498387014022685,0.0
robocasa/ManipulateStoveKnob,56,6610499,1,predicted_progress,4,-0.050240727519778,0.6868719774671375,0.0
robocasa/ManipulateStoveKnob,56,6610499,1,predicted_progress,8,-0.05133758817192238,0.6648868327065498,0.0
robocasa/ManipulateStoveKnob,56,6610499,1,predicted_success,1,-0.0576439164787112,0.5384846863067408,0.0
robocasa/ManipulateStoveKnob,56,6610499,1,predicted_success,2,-0.0576439164787112,0.5384846863067408,0.0
robocasa/ManipulateStoveKnob,56,6610499,1,predicted_success,4,-0.0576439164787112,0.5384846863067408,0.0
robocasa/ManipulateStoveKnob,56,6610499,1,predicted_success,8,-0.0576439164787112,0.5384846863067408,0.0
robocasa/ManipulateStoveKnob,56,6610499,1,low_energy,1,-0.0576439164787112,0.5384846863067408,0.0
robocasa/ManipulateStoveKnob,56,6610499,1,low_energy,2,-0.05166217308055467,0.6583809504967796,0.0
robocasa/ManipulateStoveKnob,56,6610499,1,low_energy,4,-0.046134768269499735,0.7691705888011863,0.0
robocasa/ManipulateStoveKnob,56,6610499,1,low_energy,8,-0.04037270168794521,0.8846637170011629,0.0
robocasa/ManipulateStoveKnob,56,6610499,1,distance_progress,1,-0.0576439164787112,0.538484686306741,0.0
robocasa/ManipulateStoveKnob,56,6610499,1,distance_progress,2,-0.051849852867334956,0.6546191533414766,0.0
robocasa/ManipulateStoveKnob,56,6610499,1,distance_progress,4,-0.0491413847461105,0.7089068731244251,0.0
robocasa/ManipulateStoveKnob,56,6610499,1,distance_progress,8,-0.04818635329952406,0.728049235978875,0.0
robocasa/ManipulateStoveKnob,56,6610499,1,oracle_real_utility,1,-0.0576439164787112,0.5384846863067408,0.0
robocasa/ManipulateStoveKnob,56,6610499,1,oracle_real_utility,2,-0.04955733331538565,0.7005697252008531,0.0
robocasa/ManipulateStoveKnob,56,6610499,1,oracle_real_utility,4,-0.04339214450003494,0.8241429141167408,0.0
robocasa/ManipulateStoveKnob,56,6610499,1,oracle_real_utility,8,-0.038962277285667764,0.9129338391878901,0.0
robocasa/MoveFreezerToFridge,57,6700495,0,random,1,-0.056237050221701224,0.5845830603477711,0.0
robocasa/MoveFreezerToFridge,57,6700495,0,random,2,-0.05661948797256553,0.5752150576722617,0.0
robocasa/MoveFreezerToFridge,57,6700495,0,random,4,-0.054821757915524905,0.6192513484049094,0.0
robocasa/MoveFreezerToFridge,57,6700495,0,random,8,-0.05129940869808504,0.7055330421406403,0.0
robocasa/MoveFreezerToFridge,57,6700495,0,learned_wam,1,-0.05623705022170122,0.584583060347771,0.0
robocasa/MoveFreezerToFridge,57,6700495,0,learned_wam,2,-0.04886619967219916,0.7651357058762625,0.0
robocasa/MoveFreezerToFridge,57,6700495,0,learned_wam,4,-0.04424310373498198,0.8783807372862364,0.0
robocasa/MoveFreezerToFridge,57,6700495,0,learned_wam,8,-0.04335682193497361,0.9000906502197003,0.0
robocasa/MoveFreezerToFridge,57,6700495,0,learned_physics_score,1,-0.05623705022170122,0.584583060347771,0.0
robocasa/MoveFreezerToFridge,57,6700495,0,learned_physics_score,2,-0.04886619967219916,0.7651357058762625,0.0
robocasa/MoveFreezerToFridge,57,6700495,0,learned_physics_score,4,-0.04424310373498198,0.8783807372862364,0.0
robocasa/MoveFreezerToFridge,57,6700495,0,learned_physics_score,8,-0.04335682193497361,0.9000906502197003,0.0
robocasa/MoveFreezerToFridge,57,6700495,0,learned_energy_regularized,1,-0.05623705022170122,0.584583060347771,0.0
robocasa/MoveFreezerToFridge,57,6700495,0,learned_energy_regularized,2,-0.04822291928788878,0.7808931784262482,0.0
robocasa/MoveFreezerToFridge,57,6700495,0,learned_energy_regularized,4,-0.04399182233486073,0.8845360000010747,0.0
robocasa/MoveFreezerToFridge,57,6700495,0,learned_energy_regularized,8,-0.043349398827206356,0.9002724829317352,0.0
robocasa/MoveFreezerToFridge,57,6700495,0,predicted_progress,1,-0.056237050221701224,0.584583060347771,0.0
robocasa/MoveFreezerToFridge,57,6700495,0,predicted_progress,2,-0.056926475347333465,0.5676952494376555,0.0
robocasa/MoveFreezerToFridge,57,6700495,0,predicted_progress,4,-0.06282964647791006,0.4230941403153138,0.0
robocasa/MoveFreezerToFridge,57,6700495,0,predicted_progress,8,-0.07111635262718832,0.22010715693786842,0.0
robocasa/MoveFreezerToFridge,57,6700495,0,predicted_success,1,-0.05623705022170123,0.5845830603477711,0.0
robocasa/MoveFreezerToFridge,57,6700495,0,predicted_success,2,-0.05623705022170123,0.5845830603477711,0.0
robocasa/MoveFreezerToFridge,57,6700495,0,predicted_success,4,-0.05623705022170123,0.5845830603477711,0.0
robocasa/MoveFreezerToFridge,57,6700495,0,predicted_success,8,-0.05623705022170123,0.5845830603477711,0.0
robocasa/MoveFreezerToFridge,57,6700495,0,low_energy,1,-0.056237050221701224,0.5845830603477711,0.0
robocasa/MoveFreezerToFridge,57,6700495,0,low_energy,2,-0.04814510430875566,0.7827992949931044,0.0
robocasa/MoveFreezerToFridge,57,6700495,0,low_energy,4,-0.043633143915419045,0.893322006051428,0.0
robocasa/MoveFreezerToFridge,57,6700495,0,low_energy,8,-0.04232125731357212,0.9254573200163603,0.0
robocasa/MoveFreezerToFridge,57,6700495,0,distance_progress,1,-0.05623705022170123,0.5845830603477711,0.0
robocasa/MoveFreezerToFridge,57,6700495,0,distance_progress,2,-0.055145534037405256,0.6113202914703197,0.0
robocasa/MoveFreezerToFridge,57,6700495,0,distance_progress,4,-0.05496480025710401,0.6157474551945875,0.0
robocasa/MoveFreezerToFridge,57,6700495,0,distance_progress,8,-0.0508570805928345,0.7163680887961426,0.0
robocasa/MoveFreezerToFridge,57,6700495,0,oracle_real_utility,1,-0.05623705022170122,0.5845830603477711,0.0
robocasa/MoveFreezerToFridge,57,6700495,0,oracle_real_utility,2,-0.04791427838955596,0.7884534905419298,0.0
robocasa/MoveFreezerToFridge,57,6700495,0,oracle_real_utility,4,-0.04275725874152948,0.9147772484638012,0.0
robocasa/MoveFreezerToFridge,57,6700495,0,oracle_real_utility,8,-0.040487378031164103,0.970379103980767,0.0
robocasa/MoveFreezerToFridge,57,6710502,1,random,1,-0.051486798832948745,0.49640839925395147,0.0
robocasa/MoveFreezerToFridge,57,6710502,1,random,2,-0.04757772000281271,0.5923822709975032,0.0
robocasa/MoveFreezerToFridge,57,6710502,1,random,4,-0.047906462337952385,0.5843111432253695,0.0
robocasa/MoveFreezerToFridge,57,6710502,1,random,8,-0.051356914034914165,0.4995972699546156,0.0
robocasa/MoveFreezerToFridge,57,6710502,1,learned_wam,1,-0.051486798832948745,0.4964083992539515,0.0
robocasa/MoveFreezerToFridge,57,6710502,1,learned_wam,2,-0.04675635514810315,0.6125480360398554,0.0
robocasa/MoveFreezerToFridge,57,6710502,1,learned_wam,4,-0.04179684547848739,0.7343115935493989,0.0
robocasa/MoveFreezerToFridge,57,6710502,1,learned_wam,8,-0.03639449644933447,0.8669475355111476,0.0
robocasa/MoveFreezerToFridge,57,6710502,1,learned_physics_score,1,-0.051486798832948745,0.4964083992539515,0.0
robocasa/MoveFreezerToFridge,57,6710502,1,learned_physics_score,2,-0.04675635514810315,0.6125480360398554,0.0
robocasa/MoveFreezerToFridge,57,6710502,1,learned_physics_score,4,-0.04179684547848739,0.7343115935493989,0.0
robocasa/MoveFreezerToFridge,57,6710502,1,learned_physics_score,8,-0.03639449644933447,0.8669475355111476,0.0
robocasa/MoveFreezerToFridge,57,6710502,1,learned_energy_regularized,1,-0.05148679883294874,0.4964083992539515,0.0
robocasa/MoveFreezerToFridge,57,6710502,1,learned_energy_regularized,2,-0.04641560859136185,0.6209138858358823,0.0
robocasa/MoveFreezerToFridge,57,6710502,1,learned_energy_regularized,4,-0.041583878880524075,0.7395402496719156,0.0
robocasa/MoveFreezerToFridge,57,6710502,1,learned_energy_regularized,8,-0.036375414725347034,0.8674160210572812,0.0
robocasa/MoveFreezerToFridge,57,6710502,1,predicted_progress,1,-0.051486798832948745,0.4964083992539515,0.0
robocasa/MoveFreezerToFridge,57,6710502,1,predicted_progress,2,-0.050486120464831724,0.5209765856557763,0.0
robocasa/MoveFreezerToFridge,57,6710502,1,predicted_progress,4,-0.04891538952060581,0.5595404357942295,0.0
robocasa/MoveFreezerToFridge,57,6710502,1,predicted_progress,8,-0.046340840308077794,0.6227495616925751,0.0
robocasa/MoveFreezerToFridge,57,6710502,1,predicted_success,1,-0.051486798832948745,0.4964083992539515,0.0
robocasa/MoveFreezerToFridge,57,6710502,1,predicted_success,2,-0.051486798832948745,0.4964083992539515,0.0
robocasa/MoveFreezerToFridge,57,6710502,1,predicted_success,4,-0.051486798832948745,0.4964083992539515,0.0
robocasa/MoveFreezerToFridge,57,6710502,1,predicted_success,8,-0.051486798832948745,0.4964083992539515,0.0
robocasa/MoveFreezerToFridge,57,6710502,1,low_energy,1,-0.05148679883294874,0.4964083992539515,0.0
robocasa/MoveFreezerToFridge,57,6710502,1,low_energy,2,-0.04679223023715641,0.611667247663565,0.0
robocasa/MoveFreezerToFridge,57,6710502,1,low_energy,4,-0.04286086164829627,0.7081883671189025,0.0
robocasa/MoveFreezerToFridge,57,6710502,1,low_energy,8,-0.038384057277228614,0.8181007703217993,0.0
robocasa/MoveFreezerToFridge,57,6710502,1,distance_progress,1,-0.051486798832948745,0.49640839925395147,0.0
robocasa/MoveFreezerToFridge,57,6710502,1,distance_progress,2,-0.04738101276462248,0.5972117349375897,0.0
robocasa/MoveFreezerToFridge,57,6710502,1,distance_progress,4,-0.04527112623798256,0.6490126803010122,0.0
robocasa/MoveFreezerToFridge,57,6710502,1,distance_progress,8,-0.04641603894229764,0.6209033200613581,0.0
robocasa/MoveFreezerToFridge,57,6710502,1,oracle_real_utility,1,-0.05148679883294874,0.4964083992539515,0.0
robocasa/MoveFreezerToFridge,57,6710502,1,oracle_real_utility,2,-0.044721942768790386,0.6624959755033485,0.0
robocasa/MoveFreezerToFridge,57,6710502,1,oracle_real_utility,4,-0.039360611531877546,0.7941248678499029,0.0
robocasa/MoveFreezerToFridge,57,6710502,1,oracle_real_utility,8,-0.03528204610432865,0.8942598951160683,0.0
robocasa/MoveFridgeToFreezer,58,6800498,0,random,1,-0.05574585903933753,0.40759371472668726,0.0
robocasa/MoveFridgeToFreezer,58,6800498,0,random,2,-0.055491066678187706,0.4131811126634375,0.0
robocasa/MoveFridgeToFreezer,58,6800498,0,random,4,-0.051364160116815424,0.5036809577220309,0.0
robocasa/MoveFridgeToFreezer,58,6800498,0,random,8,-0.04976595690099095,0.538728308868301,0.0
robocasa/MoveFridgeToFreezer,58,6800498,0,learned_wam,1,-0.05574585903933753,0.4075937147266873,0.0
robocasa/MoveFridgeToFreezer,58,6800498,0,learned_wam,2,-0.04865330582513799,0.5631278799444844,0.0
robocasa/MoveFridgeToFreezer,58,6800498,0,learned_wam,4,-0.042773433267106205,0.6920689033363996,0.0
robocasa/MoveFridgeToFreezer,58,6800498,0,learned_wam,8,-0.03765212344768578,0.80437523696962,0.0
robocasa/MoveFridgeToFreezer,58,6800498,0,learned_physics_score,1,-0.05574585903933753,0.4075937147266873,0.0
robocasa/MoveFridgeToFreezer,58,6800498,0,learned_physics_score,2,-0.04865330582513799,0.5631278799444844,0.0
robocasa/MoveFridgeToFreezer,58,6800498,0,learned_physics_score,4,-0.042773433267106205,0.6920689033363996,0.0
robocasa/MoveFridgeToFreezer,58,6800498,0,learned_physics_score,8,-0.03765212344768578,0.80437523696962,0.0
robocasa/MoveFridgeToFreezer,58,6800498,0,learned_energy_regularized,1,-0.05574585903933752,0.4075937147266873,0.0
robocasa/MoveFridgeToFreezer,58,6800498,0,learned_energy_regularized,2,-0.04759545237926768,0.5863257816954093,0.0
robocasa/MoveFridgeToFreezer,58,6800498,0,learned_energy_regularized,4,-0.0395617950240518,0.7624976273838926,0.0
robocasa/MoveFridgeToFreezer,58,6800498,0,learned_energy_regularized,8,-0.033084295359666935,0.9045441475258446,0.0
robocasa/MoveFridgeToFreezer,58,6800498,0,predicted_progress,1,-0.05574585903933752,0.4075937147266874,0.0
robocasa/MoveFridgeToFreezer,58,6800498,0,predicted_progress,2,-0.0572793814831601,0.37396476250886185,0.0
robocasa/MoveFridgeToFreezer,58,6800498,0,predicted_progress,4,-0.057843052639070434,0.36160389329235093,0.0
robocasa/MoveFridgeToFreezer,58,6800498,0,predicted_progress,8,-0.0593524299063852,0.32850442598056206,0.0
robocasa/MoveFridgeToFreezer,58,6800498,0,predicted_success,1,-0.05574585903933753,0.4075937147266873,0.0
robocasa/MoveFridgeToFreezer,58,6800498,0,predicted_success,2,-0.05574585903933753,0.4075937147266873,0.0
robocasa/MoveFridgeToFreezer,58,6800498,0,predicted_success,4,-0.05574585903933753,0.4075937147266873,0.0
robocasa/MoveFridgeToFreezer,58,6800498,0,predicted_success,8,-0.05574585903933753,0.4075937147266873,0.0
robocasa/MoveFridgeToFreezer,58,6800498,0,low_energy,1,-0.05574585903933752,0.4075937147266873,0.0
robocasa/MoveFridgeToFreezer,58,6800498,0,low_energy,2,-0.04774828774360855,0.5829742212501632,0.0
robocasa/MoveFridgeToFreezer,58,6800498,0,low_energy,4,-0.03969313791528223,0.7596173801262592,0.0
robocasa/MoveFridgeToFreezer,58,6800498,0,low_energy,8,-0.03309964920839098,0.9042074495875909,0.0
robocasa/MoveFridgeToFreezer,58,6800498,0,distance_progress,1,-0.05574585903933753,0.4075937147266873,0.0
robocasa/MoveFridgeToFreezer,58,6800498,0,distance_progress,2,-0.04866857652679886,0.5627930053565351,0.0
robocasa/MoveFridgeToFreezer,58,6800498,0,distance_progress,4,-0.041016464132876386,0.7305978673572513,0.0
robocasa/MoveFridgeToFreezer,58,6800498,0,distance_progress,8,-0.03578239881681397,0.8453768411687392,0.0
robocasa/MoveFridgeToFreezer,58,6800498,0,oracle_real_utility,1,-0.05574585903933753,0.4075937147266873,0.0
robocasa/MoveFridgeToFreezer,58,6800498,0,oracle_real_utility,2,-0.04756286292823875,0.587040442961615,0.0
robocasa/MoveFridgeToFreezer,58,6800498,0,oracle_real_utility,4,-0.039484904288030406,0.7641837813088468,0.0
robocasa/MoveFridgeToFreezer,58,6800498,0,oracle_real_utility,8,-0.03302437974644349,0.9058580502354588,0.0
robocasa/MoveFridgeToFreezer,58,6810505,1,random,1,-0.06030164044174742,0.39973569805290593,0.0
robocasa/MoveFridgeToFreezer,58,6810505,1,random,2,-0.06362584578211122,0.31255959565066227,0.0
robocasa/MoveFridgeToFreezer,58,6810505,1,random,4,-0.06621075822101086,0.24477118657191177,0.0
robocasa/MoveFridgeToFreezer,58,6810505,1,random,8,-0.06923001250483866,0.16559231713522987,0.0
robocasa/MoveFridgeToFreezer,58,6810505,1,learned_wam,1,-0.06030164044174742,0.399735698052906,0.0
robocasa/MoveFridgeToFreezer,58,6810505,1,learned_wam,2,-0.054599714052640524,0.5492666890392928,0.0
robocasa/MoveFridgeToFreezer,58,6810505,1,learned_wam,4,-0.05024217495708564,0.6635416015434346,0.0
robocasa/MoveFridgeToFreezer,58,6810505,1,learned_wam,8,-0.04847311594803348,0.7099345446796924,0.0
robocasa/MoveFridgeToFreezer,58,6810505,1,learned_physics_score,1,-0.06030164044174742,0.399735698052906,0.0
robocasa/MoveFridgeToFreezer,58,6810505,1,learned_physics_score,2,-0.054599714052640524,0.5492666890392928,0.0
robocasa/MoveFridgeToFreezer,58,6810505,1,learned_physics_score,4,-0.05024217495708564,0.6635416015434346,0.0
robocasa/MoveFridgeToFreezer,58,6810505,1,learned_physics_score,8,-0.04847311594803348,0.7099345446796924,0.0
robocasa/MoveFridgeToFreezer,58,6810505,1,learned_energy_regularized,1,-0.060301640441747406,0.399735698052906,0.0
robocasa/MoveFridgeToFreezer,58,6810505,1,learned_energy_regularized,2,-0.054529950156862,0.5510962223862618,0.0
robocasa/MoveFridgeToFreezer,58,6810505,1,learned_energy_regularized,4,-0.050290265373315865,0.6622804474868702,0.0
robocasa/MoveFridgeToFreezer,58,6810505,1,learned_energy_regularized,8,-0.04849317484607846,0.7094085072147946,0.0
robocasa/MoveFridgeToFreezer,58,6810505,1,predicted_progress,1,-0.06030164044174742,0.39973569805290593,0.0
robocasa/MoveFridgeToFreezer,58,6810505,1,predicted_progress,2,-0.058273460350064414,0.4529239993939417,0.0
robocasa/MoveFridgeToFreezer,58,6810505,1,predicted_progress,4,-0.05667952904130563,0.49472428089499065,0.0
robocasa/MoveFridgeToFreezer,58,6810505,1,predicted_progress,8,-0.05674292657118277,0.493061703228831,0.0
robocasa/MoveFridgeToFreezer,58,6810505,1,predicted_success,1,-0.06030164044174742,0.399735698052906,0.0
robocasa/MoveFridgeToFreezer,58,6810505,1,predicted_success,2,-0.06030164044174742,0.399735698052906,0.0
robocasa/MoveFridgeToFreezer,58,6810505,1,predicted_success,4,-0.06030164044174742,0.399735698052906,0.0
robocasa/MoveFridgeToFreezer,58,6810505,1,predicted_success,8,-0.06030164044174742,0.399735698052906,0.0
robocasa/MoveFridgeToFreezer,58,6810505,1,low_energy,1,-0.060301640441747406,0.399735698052906,0.0
robocasa/MoveFridgeToFreezer,58,6810505,1,low_energy,2,-0.05606130000837156,0.5109371173370386,0.0
robocasa/MoveFridgeToFreezer,58,6810505,1,low_energy,4,-0.0509245170848137,0.6456474219998578,0.0
robocasa/MoveFridgeToFreezer,58,6810505,1,low_energy,8,-0.04854312793687385,0.7080985051804405,0.0
robocasa/MoveFridgeToFreezer,58,6810505,1,distance_progress,1,-0.06030164044174742,0.39973569805290593,0.0
robocasa/MoveFridgeToFreezer,58,6810505,1,distance_progress,2,-0.05813731844710411,0.45649427236402385,0.0
robocasa/MoveFridgeToFreezer,58,6810505,1,distance_progress,4,-0.05375491894058547,0.5714211403011296,0.0
robocasa/MoveFridgeToFreezer,58,6810505,1,distance_progress,8,-0.052158307036021104,0.6132917194735076,0.0
robocasa/MoveFridgeToFreezer,58,6810505,1,oracle_real_utility,1,-0.06030164044174741,0.399735698052906,0.0
robocasa/MoveFridgeToFreezer,58,6810505,1,oracle_real_utility,2,-0.05372226517321055,0.5722774737333423,0.0
robocasa/MoveFridgeToFreezer,58,6810505,1,oracle_real_utility,4,-0.047621882371194524,0.7322578423898811,0.0
robocasa/MoveFridgeToFreezer,58,6810505,1,oracle_real_utility,8,-0.04257333382962143,0.8646542317761965,0.0
robocasa/MoveToCounter,59,6900501,0,random,1,-0.05001741975898969,0.5753077700768641,0.0
robocasa/MoveToCounter,59,6900501,0,random,2,-0.04979873767363914,0.5874421121321035,0.0
robocasa/MoveToCounter,59,6900501,0,random,4,-0.04909965969546395,0.6262329042395818,0.0
robocasa/MoveToCounter,59,6900501,0,random,8,-0.048401464501553026,0.6649747119677201,0.0
robocasa/MoveToCounter,59,6900501,0,learned_wam,1,-0.050017419758989684,0.5753077700768641,0.0
robocasa/MoveToCounter,59,6900501,0,learned_wam,2,-0.04739134248152108,0.7210248730449235,0.0
robocasa/MoveToCounter,59,6900501,0,learned_wam,4,-0.04537511786040639,0.8329021636496047,0.0
robocasa/MoveToCounter,59,6900501,0,learned_wam,8,-0.044087202825151176,0.9043666439284566,0.0
robocasa/MoveToCounter,59,6900501,0,learned_physics_score,1,-0.050017419758989684,0.5753077700768641,0.0
robocasa/MoveToCounter,59,6900501,0,learned_physics_score,2,-0.04739134248152108,0.7210248730449235,0.0
robocasa/MoveToCounter,59,6900501,0,learned_physics_score,4,-0.04537511786040639,0.8329021636496047,0.0
robocasa/MoveToCounter,59,6900501,0,learned_physics_score,8,-0.044087202825151176,0.9043666439284566,0.0
robocasa/MoveToCounter,59,6900501,0,learned_energy_regularized,1,-0.05001741975898969,0.575307770076864,0.0
robocasa/MoveToCounter,59,6900501,0,learned_energy_regularized,2,-0.04787373349666144,0.6942577166374648,0.0
robocasa/MoveToCounter,59,6900501,0,learned_energy_regularized,4,-0.04601860796101195,0.7971958597820912,0.0
robocasa/MoveToCounter,59,6900501,0,learned_energy_regularized,8,-0.04503335415715663,0.8518661207138065,0.0
robocasa/MoveToCounter,59,6900501,0,predicted_progress,1,-0.0500174197589897,0.5753077700768641,0.0
robocasa/MoveToCounter,59,6900501,0,predicted_progress,2,-0.048319311593622696,0.6695332540360439,0.0
robocasa/MoveToCounter,59,6900501,0,predicted_progress,4,-0.046148384209897364,0.7899947697060696,0.0
robocasa/MoveToCounter,59,6900501,0,predicted_progress,8,-0.04541968630770956,0.8304291271245479,0.0
robocasa/MoveToCounter,59,6900501,0,predicted_success,1,-0.05001741975898969,0.5753077700768641,0.0
robocasa/MoveToCounter,59,6900501,0,predicted_success,2,-0.05001741975898969,0.5753077700768641,0.0
robocasa/MoveToCounter,59,6900501,0,predicted_success,4,-0.05001741975898969,0.5753077700768641,0.0
robocasa/MoveToCounter,59,6900501,0,predicted_success,8,-0.05001741975898969,0.5753077700768641,0.0
robocasa/MoveToCounter,59,6900501,0,low_energy,1,-0.05001741975898969,0.5753077700768641,0.0
robocasa/MoveToCounter,59,6900501,0,low_energy,2,-0.04889377018356847,0.6376574055146683,0.0
robocasa/MoveToCounter,59,6900501,0,low_energy,4,-0.04851101546569965,0.6588958927114219,0.0
robocasa/MoveToCounter,59,6900501,0,low_energy,8,-0.048314147086565985,0.6698198248133088,0.0
robocasa/MoveToCounter,59,6900501,0,distance_progress,1,-0.05001741975898969,0.5753077700768641,0.0
robocasa/MoveToCounter,59,6900501,0,distance_progress,2,-0.04917313613936966,0.6221558061914023,0.0
robocasa/MoveToCounter,59,6900501,0,distance_progress,4,-0.049251702898762115,0.6177962541452823,0.0
robocasa/MoveToCounter,59,6900501,0,distance_progress,8,-0.050095021915187894,0.571001742420215,0.0
robocasa/MoveToCounter,59,6900501,0,oracle_real_utility,1,-0.0500174197589897,0.5753077700768641,0.0
robocasa/MoveToCounter,59,6900501,0,oracle_real_utility,2,-0.04672321229968956,0.7580984181905026,0.0
robocasa/MoveToCounter,59,6900501,0,oracle_real_utility,4,-0.044478438535618864,0.8826575591288055,0.0
robocasa/MoveToCounter,59,6900501,0,oracle_real_utility,8,-0.04320431274935556,0.9533568945916822,0.0
robocasa/MoveToCounter,59,6910508,1,random,1,-0.051842447374928484,0.6586875350016047,0.0
robocasa/MoveToCounter,59,6910508,1,random,2,-0.054182255967553064,0.6022427665212041,0.0
robocasa/MoveToCounter,59,6910508,1,random,4,-0.055340352898585896,0.5743052192551321,0.0
robocasa/MoveToCounter,59,6910508,1,random,8,-0.056891084939019045,0.5368958724934791,0.0
robocasa/MoveToCounter,59,6910508,1,learned_wam,1,-0.05184244737492849,0.6586875350016047,0.0
robocasa/MoveToCounter,59,6910508,1,learned_wam,2,-0.047850961882482786,0.7549768106390005,0.0
robocasa/MoveToCounter,59,6910508,1,learned_wam,4,-0.046807787470920736,0.780142005061699,0.0
robocasa/MoveToCounter,59,6910508,1,learned_wam,8,-0.046076681464011976,0.7977789645226886,0.0
robocasa/MoveToCounter,59,6910508,1,learned_physics_score,1,-0.05184244737492849,0.6586875350016047,0.0
robocasa/MoveToCounter,59,6910508,1,learned_physics_score,2,-0.047850961882482786,0.7549768106390005,0.0
robocasa/MoveToCounter,59,6910508,1,learned_physics_score,4,-0.046807787470920736,0.780142005061699,0.0
robocasa/MoveToCounter,59,6910508,1,learned_physics_score,8,-0.046076681464011976,0.7977789645226886,0.0
robocasa/MoveToCounter,59,6910508,1,learned_energy_regularized,1,-0.05184244737492849,0.6586875350016047,0.0
robocasa/MoveToCounter,59,6910508,1,learned_energy_regularized,2,-0.04736724256700083,0.7666458953914632,0.0
robocasa/MoveToCounter,59,6910508,1,learned_energy_regularized,4,-0.045111265772721246,0.8210683333001264,0.0
robocasa/MoveToCounter,59,6910508,1,learned_energy_regularized,8,-0.04476846872280746,0.8293378559350714,0.0
robocasa/MoveToCounter,59,6910508,1,predicted_progress,1,-0.051842447374928484,0.6586875350016047,0.0
robocasa/MoveToCounter,59,6910508,1,predicted_progress,2,-0.05607871983093024,0.5564930996308466,0.0
robocasa/MoveToCounter,59,6910508,1,predicted_progress,4,-0.063100941481966,0.38709134747035834,0.0
robocasa/MoveToCounter,59,6910508,1,predicted_progress,8,-0.07087887821464384,0.19945897467068946,0.0
robocasa/MoveToCounter,59,6910508,1,predicted_success,1,-0.05184244737492849,0.6586875350016048,0.0
robocasa/MoveToCounter,59,6910508,1,predicted_success,2,-0.05184244737492849,0.6586875350016048,0.0
robocasa/MoveToCounter,59,6910508,1,predicted_success,4,-0.05184244737492849,0.6586875350016048,0.0
robocasa/MoveToCounter,59,6910508,1,predicted_success,8,-0.05184244737492849,0.6586875350016048,0.0
robocasa/MoveToCounter,59,6910508,1,low_energy,1,-0.051842447374928484,0.6586875350016047,0.0
robocasa/MoveToCounter,59,6910508,1,low_energy,2,-0.04657044758085551,0.7858675140576585,0.0
robocasa/MoveToCounter,59,6910508,1,low_energy,4,-0.044279273132569005,0.8411390485282095,0.0
robocasa/MoveToCounter,59,6910508,1,low_energy,8,-0.043913042128371826,0.8499738841243413,0.0
robocasa/MoveToCounter,59,6910508,1,distance_progress,1,-0.051842447374928484,0.6586875350016047,0.0
robocasa/MoveToCounter,59,6910508,1,distance_progress,2,-0.04538807495552454,0.8143906801425853,0.0
robocasa/MoveToCounter,59,6910508,1,distance_progress,4,-0.04163586206994932,0.904907822563154,0.0
robocasa/MoveToCounter,59,6910508,1,distance_progress,8,-0.039519589178732266,0.9559600897283513,0.0
robocasa/MoveToCounter,59,6910508,1,oracle_real_utility,1,-0.051842447374928484,0.6586875350016047,0.0
robocasa/MoveToCounter,59,6910508,1,oracle_real_utility,2,-0.04538807495552454,0.8143906801425853,0.0
robocasa/MoveToCounter,59,6910508,1,oracle_real_utility,4,-0.04163586206994932,0.904907822563154,0.0
robocasa/MoveToCounter,59,6910508,1,oracle_real_utility,8,-0.039519589178732266,0.9559600897283513,0.0
robocasa/MoveToFreezerDrawer,60,7000504,0,random,1,-0.05551318333102146,0.5758940616220856,0.0
robocasa/MoveToFreezerDrawer,60,7000504,0,random,2,-0.05068979582828682,0.7253558243768631,0.0
robocasa/MoveToFreezerDrawer,60,7000504,0,random,4,-0.0473954124575385,0.827438509108892,0.0
robocasa/MoveToFreezerDrawer,60,7000504,0,random,8,-0.044287262751712894,0.9237503923393102,0.0
robocasa/MoveToFreezerDrawer,60,7000504,0,learned_wam,1,-0.055513183331021454,0.5758940616220856,0.0
robocasa/MoveToFreezerDrawer,60,7000504,0,learned_wam,2,-0.049722063792562235,0.7553428274637313,0.0
robocasa/MoveToFreezerDrawer,60,7000504,0,learned_wam,4,-0.0468417504221621,0.844594771949238,0.0
robocasa/MoveToFreezerDrawer,60,7000504,0,learned_wam,8,-0.04728270282181962,0.8309310298372062,0.0
robocasa/MoveToFreezerDrawer,60,7000504,0,learned_physics_score,1,-0.055513183331021454,0.5758940616220856,0.0
robocasa/MoveToFreezerDrawer,60,7000504,0,learned_physics_score,2,-0.049722063792562235,0.7553428274637313,0.0
robocasa/MoveToFreezerDrawer,60,7000504,0,learned_physics_score,4,-0.0468417504221621,0.844594771949238,0.0
robocasa/MoveToFreezerDrawer,60,7000504,0,learned_physics_score,8,-0.04728270282181962,0.8309310298372062,0.0
robocasa/MoveToFreezerDrawer,60,7000504,0,learned_energy_regularized,1,-0.05551318333102147,0.5758940616220857,0.0
robocasa/MoveToFreezerDrawer,60,7000504,0,learned_energy_regularized,2,-0.05152505539407056,0.699473730726073,0.0
robocasa/MoveToFreezerDrawer,60,7000504,0,learned_energy_regularized,4,-0.051150050525280356,0.7110939641614398,0.0
robocasa/MoveToFreezerDrawer,60,7000504,0,learned_energy_regularized,8,-0.0517500862319795,0.6925007256152487,0.0
robocasa/MoveToFreezerDrawer,60,7000504,0,predicted_progress,1,-0.05551318333102146,0.5758940616220856,0.0
robocasa/MoveToFreezerDrawer,60,7000504,0,predicted_progress,2,-0.049886375985662056,0.750251304128963,0.0
robocasa/MoveToFreezerDrawer,60,7000504,0,predicted_progress,4,-0.04542933616721399,0.88836109264498,0.0
robocasa/MoveToFreezerDrawer,60,7000504,0,predicted_progress,8,-0.0438161089767788,0.9383499810495877,0.0
robocasa/MoveToFreezerDrawer,60,7000504,0,predicted_success,1,-0.05551318333102146,0.5758940616220856,0.0
robocasa/MoveToFreezerDrawer,60,7000504,0,predicted_success,2,-0.05551318333102146,0.5758940616220856,0.0
robocasa/MoveToFreezerDrawer,60,7000504,0,predicted_success,4,-0.05551318333102146,0.5758940616220856,0.0
robocasa/MoveToFreezerDrawer,60,7000504,0,predicted_success,8,-0.05551318333102146,0.5758940616220856,0.0
robocasa/MoveToFreezerDrawer,60,7000504,0,low_energy,1,-0.05551318333102147,0.5758940616220857,0.0
robocasa/MoveToFreezerDrawer,60,7000504,0,low_energy,2,-0.05152505539407056,0.699473730726073,0.0
robocasa/MoveToFreezerDrawer,60,7000504,0,low_energy,4,-0.051150050525280356,0.7110939641614398,0.0
robocasa/MoveToFreezerDrawer,60,7000504,0,low_energy,8,-0.0517500862319795,0.6925007256152487,0.0
robocasa/MoveToFreezerDrawer,60,7000504,0,distance_progress,1,-0.05551318333102146,0.5758940616220856,0.0
robocasa/MoveToFreezerDrawer,60,7000504,0,distance_progress,2,-0.05141088194357436,0.7030116105172535,0.0
robocasa/MoveToFreezerDrawer,60,7000504,0,distance_progress,4,-0.046167313983057366,0.8654934575716344,0.0
robocasa/MoveToFreezerDrawer,60,7000504,0,distance_progress,8,-0.04293205826493678,0.9657439604223026,0.0
robocasa/MoveToFreezerDrawer,60,7000504,0,oracle_real_utility,1,-0.05551318333102146,0.5758940616220856,0.0
robocasa/MoveToFreezerDrawer,60,7000504,0,oracle_real_utility,2,-0.04901835582587666,0.7771485465990435,0.0
robocasa/MoveToFreezerDrawer,60,7000504,0,oracle_real_utility,4,-0.04438407518069262,0.9207504765573672,0.0
robocasa/MoveToFreezerDrawer,60,7000504,0,oracle_real_utility,8,-0.042417102773120795,0.9817008279771974,0.0
robocasa/MoveToFreezerDrawer,60,7010511,1,random,1,-0.05753766169173173,0.5056313913858413,0.0
robocasa/MoveToFreezerDrawer,60,7010511,1,random,2,-0.06389581184432998,0.36517179884965795,0.0
robocasa/MoveToFreezerDrawer,60,7010511,1,random,4,-0.0683130339514873,0.2675897659592275,0.0
robocasa/MoveToFreezerDrawer,60,7010511,1,random,8,-0.07007235119621376,0.2287242189989725,0.0
robocasa/MoveToFreezerDrawer,60,7010511,1,learned_wam,1,-0.05753766169173172,0.5056313913858412,0.0
robocasa/MoveToFreezerDrawer,60,7010511,1,learned_wam,2,-0.04940653069693053,0.6852583770620748,0.0
robocasa/MoveToFreezerDrawer,60,7010511,1,learned_wam,4,-0.04210601409634955,0.8465360383960411,0.0
robocasa/MoveToFreezerDrawer,60,7010511,1,learned_wam,8,-0.03722845276002721,0.9542875481004971,0.0
robocasa/MoveToFreezerDrawer,60,7010511,1,learned_physics_score,1,-0.05753766169173172,0.5056313913858412,0.0
robocasa/MoveToFreezerDrawer,60,7010511,1,learned_physics_score,2,-0.04940653069693053,0.6852583770620748,0.0
robocasa/MoveToFreezerDrawer,60,7010511,1,learned_physics_score,4,-0.04210601409634955,0.8465360383960411,0.0
robocasa/MoveToFreezerDrawer,60,7010511,1,learned_physics_score,8,-0.03722845276002721,0.9542875481004971,0.0
robocasa/MoveToFreezerDrawer,60,7010511,1,learned_energy_regularized,1,-0.05753766169173172,0.5056313913858412,0.0
robocasa/MoveToFreezerDrawer,60,7010511,1,learned_energy_regularized,2,-0.05047610885030113,0.6616300405172633,0.0
robocasa/MoveToFreezerDrawer,60,7010511,1,learned_energy_regularized,4,-0.04250730728523512,0.8376709634220916,0.0
robocasa/MoveToFreezerDrawer,60,7010511,1,learned_energy_regularized,8,-0.037263752078441875,0.9535077414330966,0.0
robocasa/MoveToFreezerDrawer,60,7010511,1,predicted_progress,1,-0.057537661691731724,0.5056313913858413,0.0
robocasa/MoveToFreezerDrawer,60,7010511,1,predicted_progress,2,-0.05104684610285452,0.6490217314942195,0.0
robocasa/MoveToFreezerDrawer,60,7010511,1,predicted_progress,4,-0.049009792772618216,0.6940228204701606,0.0
robocasa/MoveToFreezerDrawer,60,7010511,1,predicted_progress,8,-0.05240742392606195,0.6189648435512086,0.0
robocasa/MoveToFreezerDrawer,60,7010511,1,predicted_success,1,-0.05753766169173173,0.5056313913858412,0.0
robocasa/MoveToFreezerDrawer,60,7010511,1,predicted_success,2,-0.05753766169173173,0.5056313913858412,0.0
robocasa/MoveToFreezerDrawer,60,7010511,1,predicted_success,4,-0.05753766169173173,0.5056313913858412,0.0
robocasa/MoveToFreezerDrawer,60,7010511,1,predicted_success,8,-0.05753766169173173,0.5056313913858412,0.0
robocasa/MoveToFreezerDrawer,60,7010511,1,low_energy,1,-0.05753766169173173,0.5056313913858412,0.0
robocasa/MoveToFreezerDrawer,60,7010511,1,low_energy,2,-0.05097498773938128,0.6506091737866362,0.0
robocasa/MoveToFreezerDrawer,60,7010511,1,low_energy,4,-0.04270218185128205,0.8333659373554403,0.0
robocasa/MoveToFreezerDrawer,60,7010511,1,low_energy,8,-0.037269508871042384,0.9533805665907956,0.0
robocasa/MoveToFreezerDrawer,60,7010511,1,distance_progress,1,-0.057537661691731724,0.5056313913858413,0.0
robocasa/MoveToFreezerDrawer,60,7010511,1,distance_progress,2,-0.051585966851476414,0.6371118711005818,0.0
robocasa/MoveToFreezerDrawer,60,7010511,1,distance_progress,4,-0.049774191347160185,0.677136287478874,0.0
robocasa/MoveToFreezerDrawer,60,7010511,1,distance_progress,8,-0.052648369660000624,0.6136420470144632,0.0
robocasa/MoveToFreezerDrawer,60,7010511,1,oracle_real_utility,1,-0.05753766169173173,0.5056313913858412,0.0
robocasa/MoveToFreezerDrawer,60,7010511,1,oracle_real_utility,2,-0.049151988057887896,0.6908815464596084,0.0
robocasa/MoveToFreezerDrawer,60,7010511,1,oracle_real_utility,4,-0.04196427578792667,0.8496672172090659,0.0
robocasa/MoveToFreezerDrawer,60,7010511,1,oracle_real_utility,8,-0.037206861298955896,0.9547645308315669,0.0
robocasa/PickPlaceCoffee,61,7100507,0,random,1,-0.04656464159491677,0.49600710025565975,0.0
robocasa/PickPlaceCoffee,61,7100507,0,random,2,-0.04632569653673142,0.5022034471317962,0.0
robocasa/PickPlaceCoffee,61,7100507,0,random,4,-0.04476624582044567,0.5426432773075275,0.0
robocasa/PickPlaceCoffee,61,7100507,0,random,8,-0.046356945976999124,0.5013930835567789,0.0
robocasa/PickPlaceCoffee,61,7100507,0,learned_wam,1,-0.04656464159491678,0.4960071002556598,0.0
robocasa/PickPlaceCoffee,61,7100507,0,learned_wam,2,-0.04176001069942834,0.6206012637271402,0.0
robocasa/PickPlaceCoffee,61,7100507,0,learned_wam,4,-0.037175148471911855,0.7394963643696906,0.0
robocasa/PickPlaceCoffee,61,7100507,0,learned_wam,8,-0.0330662835660553,0.8460478553995706,0.0
robocasa/PickPlaceCoffee,61,7100507,0,learned_physics_score,1,-0.04656464159491678,0.4960071002556598,0.0
robocasa/PickPlaceCoffee,61,7100507,0,learned_physics_score,2,-0.04176001069942834,0.6206012637271402,0.0
robocasa/PickPlaceCoffee,61,7100507,0,learned_physics_score,4,-0.037175148471911855,0.7394963643696906,0.0
robocasa/PickPlaceCoffee,61,7100507,0,learned_physics_score,8,-0.0330662835660553,0.8460478553995706,0.0
robocasa/PickPlaceCoffee,61,7100507,0,learned_energy_regularized,1,-0.04656464159491678,0.4960071002556598,0.0
robocasa/PickPlaceCoffee,61,7100507,0,learned_energy_regularized,2,-0.044137597973703105,0.5589454354309716,0.0
robocasa/PickPlaceCoffee,61,7100507,0,learned_energy_regularized,4,-0.037769545290480544,0.7240824072956484,0.0
robocasa/PickPlaceCoffee,61,7100507,0,learned_energy_regularized,8,-0.03308057753251747,0.8456771828478633,0.0
robocasa/PickPlaceCoffee,61,7100507,0,predicted_progress,1,-0.04656464159491678,0.49600710025565975,0.0
robocasa/PickPlaceCoffee,61,7100507,0,predicted_progress,2,-0.041344166108978224,0.6313849867660782,0.0
robocasa/PickPlaceCoffee,61,7100507,0,predicted_progress,4,-0.037878534430168934,0.7212560901482269,0.0
robocasa/PickPlaceCoffee,61,7100507,0,predicted_progress,8,-0.034579452959709794,0.8068081970586852,0.0
robocasa/PickPlaceCoffee,61,7100507,0,predicted_success,1,-0.04656464159491678,0.49600710025565975,0.0
robocasa/PickPlaceCoffee,61,7100507,0,predicted_success,2,-0.04656464159491678,0.49600710025565975,0.0
robocasa/PickPlaceCoffee,61,7100507,0,predicted_success,4,-0.04656464159491678,0.49600710025565975,0.0
robocasa/PickPlaceCoffee,61,7100507,0,predicted_success,8,-0.04656464159491678,0.49600710025565975,0.0
robocasa/PickPlaceCoffee,61,7100507,0,low_energy,1,-0.04656464159491678,0.4960071002556598,0.0
robocasa/PickPlaceCoffee,61,7100507,0,low_energy,2,-0.04466451506789474,0.5452813692419796,0.0
robocasa/PickPlaceCoffee,61,7100507,0,low_energy,4,-0.03856815401136475,0.7033728069779573,0.0
robocasa/PickPlaceCoffee,61,7100507,0,low_energy,8,-0.03334802598757216,0.8387416830656493,0.0
robocasa/PickPlaceCoffee,61,7100507,0,distance_progress,1,-0.04656464159491678,0.49600710025565975,0.0
robocasa/PickPlaceCoffee,61,7100507,0,distance_progress,2,-0.04206178688038749,0.6127755739623907,0.0
robocasa/PickPlaceCoffee,61,7100507,0,distance_progress,4,-0.03832704741229972,0.7096252071459221,0.0
robocasa/PickPlaceCoffee,61,7100507,0,distance_progress,8,-0.03461963954770833,0.8057660744849924,0.0
robocasa/PickPlaceCoffee,61,7100507,0,oracle_real_utility,1,-0.04656464159491678,0.49600710025565975,0.0
robocasa/PickPlaceCoffee,61,7100507,0,oracle_real_utility,2,-0.03835514598968319,0.7088965520587811,0.0
robocasa/PickPlaceCoffee,61,7100507,0,oracle_real_utility,4,-0.0316459024000986,0.8828813202447472,0.0
robocasa/PickPlaceCoffee,61,7100507,0,oracle_real_utility,8,-0.028142155969949473,0.9737408191274883,0.0
robocasa/PickPlaceCoffee,61,7110514,1,random,1,-0.058854683807001276,0.505861061084381,0.0
robocasa/PickPlaceCoffee,61,7110514,1,random,2,-0.060692223224386666,0.45396421181256597,0.0
robocasa/PickPlaceCoffee,61,7110514,1,random,4,-0.06321335786224036,0.3827608715975217,0.0
robocasa/PickPlaceCoffee,61,7110514,1,random,8,-0.06838712049794861,0.2366404797663914,0.0
robocasa/PickPlaceCoffee,61,7110514,1,learned_wam,1,-0.058854683807001276,0.5058610610843811,0.0
robocasa/PickPlaceCoffee,61,7110514,1,learned_wam,2,-0.05823247749893198,0.5234337709159835,0.0
robocasa/PickPlaceCoffee,61,7110514,1,learned_wam,4,-0.05901956183750838,0.5012044805416705,0.0
robocasa/PickPlaceCoffee,61,7110514,1,learned_wam,8,-0.061455918298905655,0.43239549453936954,0.0
robocasa/PickPlaceCoffee,61,7110514,1,learned_physics_score,1,-0.058854683807001276,0.5058610610843811,0.0
robocasa/PickPlaceCoffee,61,7110514,1,learned_physics_score,2,-0.05823247749893198,0.5234337709159835,0.0
robocasa/PickPlaceCoffee,61,7110514,1,learned_physics_score,4,-0.05901956183750838,0.5012044805416705,0.0
robocasa/PickPlaceCoffee,61,7110514,1,learned_physics_score,8,-0.061455918298905655,0.43239549453936954,0.0
robocasa/PickPlaceCoffee,61,7110514,1,learned_energy_regularized,1,-0.05885468380700128,0.5058610610843811,0.0
robocasa/PickPlaceCoffee,61,7110514,1,learned_energy_regularized,2,-0.06019671557938464,0.4679586248425145,0.0
robocasa/PickPlaceCoffee,61,7110514,1,learned_energy_regularized,4,-0.06345646813917677,0.37589481077769465,0.0
robocasa/PickPlaceCoffee,61,7110514,1,learned_energy_regularized,8,-0.06469675034468016,0.3408660445566627,0.0
robocasa/PickPlaceCoffee,61,7110514,1,predicted_progress,1,-0.05885468380700127,0.5058610610843811,0.0
robocasa/PickPlaceCoffee,61,7110514,1,predicted_progress,2,-0.055690431017773906,0.5952277154847055,0.0
robocasa/PickPlaceCoffee,61,7110514,1,predicted_progress,4,-0.05358345368501806,0.6547341859433082,0.0
robocasa/PickPlaceCoffee,61,7110514,1,predicted_progress,8,-0.05025765206443299,0.7486633957215942,0.0
robocasa/PickPlaceCoffee,61,7110514,1,predicted_success,1,-0.058854683807001276,0.5058610610843811,0.0
robocasa/PickPlaceCoffee,61,7110514,1,predicted_success,2,-0.058854683807001276,0.5058610610843811,0.0
robocasa/PickPlaceCoffee,61,7110514,1,predicted_success,4,-0.058854683807001276,0.5058610610843811,0.0
robocasa/PickPlaceCoffee,61,7110514,1,predicted_success,8,-0.058854683807001276,0.5058610610843811,0.0
robocasa/PickPlaceCoffee,61,7110514,1,low_energy,1,-0.058854683807001276,0.5058610610843811,0.0
robocasa/PickPlaceCoffee,61,7110514,1,low_energy,2,-0.061274404800393104,0.4375219035752687,0.0
robocasa/PickPlaceCoffee,61,7110514,1,low_energy,4,-0.06358933468568516,0.3721423170503907,0.0
robocasa/PickPlaceCoffee,61,7110514,1,low_energy,8,-0.0647412962056572,0.33960795462893856,0.0
robocasa/PickPlaceCoffee,61,7110514,1,distance_progress,1,-0.058854683807001276,0.5058610610843811,0.0
robocasa/PickPlaceCoffee,61,7110514,1,distance_progress,2,-0.0536324922613031,0.6533492101556374,0.0
robocasa/PickPlaceCoffee,61,7110514,1,distance_progress,4,-0.047444332051051,0.8281188040282148,0.0
robocasa/PickPlaceCoffee,61,7110514,1,distance_progress,8,-0.043488188601982405,0.9398504917033164,0.0
robocasa/PickPlaceCoffee,61,7110514,1,oracle_real_utility,1,-0.058854683807001276,0.505861061084381,0.0
robocasa/PickPlaceCoffee,61,7110514,1,oracle_real_utility,2,-0.05232843548125547,0.6901791347361489,0.0
robocasa/PickPlaceCoffee,61,7110514,1,oracle_real_utility,4,-0.046726914842944285,0.8483805150760777,0.0
robocasa/PickPlaceCoffee,61,7110514,1,oracle_real_utility,8,-0.043019265102059986,0.953094099957507,0.0
robocasa/PickPlaceFridgeDrawerToShelf,62,7200510,0,random,1,-0.053884167386122,0.5466035814768604,0.0
robocasa/PickPlaceFridgeDrawerToShelf,62,7200510,0,random,2,-0.05666962733576879,0.4700730189717887,0.0
robocasa/PickPlaceFridgeDrawerToShelf,62,7200510,0,random,4,-0.06134365559862044,0.3416540078975134,0.0
robocasa/PickPlaceFridgeDrawerToShelf,62,7200510,0,random,8,-0.06731634610979921,0.1775542280578579,0.0
robocasa/PickPlaceFridgeDrawerToShelf,62,7200510,0,learned_wam,1,-0.053884167386122,0.5466035814768603,0.0
robocasa/PickPlaceFridgeDrawerToShelf,62,7200510,0,learned_wam,2,-0.04955127586555658,0.665649854385712,0.0
robocasa/PickPlaceFridgeDrawerToShelf,62,7200510,0,learned_wam,4,-0.04577394031713556,0.7694322169099772,0.0
robocasa/PickPlaceFridgeDrawerToShelf,62,7200510,0,learned_wam,8,-0.041373076095026176,0.8903460410233643,0.0
robocasa/PickPlaceFridgeDrawerToShelf,62,7200510,0,learned_physics_score,1,-0.053884167386122,0.5466035814768603,0.0
robocasa/PickPlaceFridgeDrawerToShelf,62,7200510,0,learned_physics_score,2,-0.04955127586555658,0.665649854385712,0.0
robocasa/PickPlaceFridgeDrawerToShelf,62,7200510,0,learned_physics_score,4,-0.04577394031713556,0.7694322169099772,0.0
robocasa/PickPlaceFridgeDrawerToShelf,62,7200510,0,learned_physics_score,8,-0.041373076095026176,0.8903460410233643,0.0
robocasa/PickPlaceFridgeDrawerToShelf,62,7200510,0,learned_energy_regularized,1,-0.053884167386122,0.5466035814768603,0.0
robocasa/PickPlaceFridgeDrawerToShelf,62,7200510,0,learned_energy_regularized,2,-0.0511545235385852,0.6216005955667561,0.0
robocasa/PickPlaceFridgeDrawerToShelf,62,7200510,0,learned_energy_regularized,4,-0.047239898698864705,0.7291549838530157,0.0
robocasa/PickPlaceFridgeDrawerToShelf,62,7200510,0,learned_energy_regularized,8,-0.04443765956678587,0.8061465546989406,0.0
robocasa/PickPlaceFridgeDrawerToShelf,62,7200510,0,predicted_progress,1,-0.053884167386122006,0.5466035814768604,0.0
robocasa/PickPlaceFridgeDrawerToShelf,62,7200510,0,predicted_progress,2,-0.05264399818414941,0.5806772527355204,0.0
robocasa/PickPlaceFridgeDrawerToShelf,62,7200510,0,predicted_progress,4,-0.049879172701061514,0.6566408828986123,0.0
robocasa/PickPlaceFridgeDrawerToShelf,62,7200510,0,predicted_progress,8,-0.04816592784948086,0.703712316188117,0.0
robocasa/PickPlaceFridgeDrawerToShelf,62,7200510,0,predicted_success,1,-0.053884167386122006,0.5466035814768603,0.0
robocasa/PickPlaceFridgeDrawerToShelf,62,7200510,0,predicted_success,2,-0.053884167386122006,0.5466035814768603,0.0
robocasa/PickPlaceFridgeDrawerToShelf,62,7200510,0,predicted_success,4,-0.053884167386122006,0.5466035814768603,0.0
robocasa/PickPlaceFridgeDrawerToShelf,62,7200510,0,predicted_success,8,-0.053884167386122006,0.5466035814768603,0.0
robocasa/PickPlaceFridgeDrawerToShelf,62,7200510,0,low_energy,1,-0.053884167386122,0.5466035814768603,0.0
robocasa/PickPlaceFridgeDrawerToShelf,62,7200510,0,low_energy,2,-0.05156331285417205,0.6103691017260737,0.0
robocasa/PickPlaceFridgeDrawerToShelf,62,7200510,0,low_energy,4,-0.04728461003025701,0.7279265392141911,0.0
robocasa/PickPlaceFridgeDrawerToShelf,62,7200510,0,low_energy,8,-0.04443785761153639,0.8061411134158376,0.0
robocasa/PickPlaceFridgeDrawerToShelf,62,7200510,0,distance_progress,1,-0.053884167386122,0.5466035814768604,0.0
robocasa/PickPlaceFridgeDrawerToShelf,62,7200510,0,distance_progress,2,-0.05158232359713831,0.6098467812191743,0.0
robocasa/PickPlaceFridgeDrawerToShelf,62,7200510,0,distance_progress,4,-0.049334056007002546,0.6716179739289567,0.0
robocasa/PickPlaceFridgeDrawerToShelf,62,7200510,0,distance_progress,8,-0.04810822799688766,0.7052976206818962,0.0
robocasa/PickPlaceFridgeDrawerToShelf,62,7200510,0,oracle_real_utility,1,-0.053884167386122,0.5466035814768603,0.0
robocasa/PickPlaceFridgeDrawerToShelf,62,7200510,0,oracle_real_utility,2,-0.048064563415428904,0.7064973058473611,0.0
robocasa/PickPlaceFridgeDrawerToShelf,62,7200510,0,oracle_real_utility,4,-0.043505012006214934,0.8317710632970727,0.0
robocasa/PickPlaceFridgeDrawerToShelf,62,7200510,0,oracle_real_utility,8,-0.04021297484242137,0.9222198439247282,0.0
robocasa/PickPlaceFridgeDrawerToShelf,62,7210517,1,random,1,-0.05648610825866578,0.49783484654487437,0.0
robocasa/PickPlaceFridgeDrawerToShelf,62,7210517,1,random,2,-0.050164449210330406,0.5999295998611932,0.0
robocasa/PickPlaceFridgeDrawerToShelf,62,7210517,1,random,4,-0.044731313239859016,0.6876747111362713,0.0
robocasa/PickPlaceFridgeDrawerToShelf,62,7210517,1,random,8,-0.04213491379754163,0.7296065455720151,0.0
robocasa/PickPlaceFridgeDrawerToShelf,62,7210517,1,learned_wam,1,-0.05648610825866579,0.4978348465448744,0.0
robocasa/PickPlaceFridgeDrawerToShelf,62,7210517,1,learned_wam,2,-0.04787170916095181,0.636957337037463,0.0
robocasa/PickPlaceFridgeDrawerToShelf,62,7210517,1,learned_wam,4,-0.039678983373450646,0.7692698062591974,0.0
robocasa/PickPlaceFridgeDrawerToShelf,62,7210517,1,learned_wam,8,-0.03282959418206138,0.8798873980204112,0.0
robocasa/PickPlaceFridgeDrawerToShelf,62,7210517,1,learned_physics_score,1,-0.05648610825866579,0.4978348465448744,0.0
robocasa/PickPlaceFridgeDrawerToShelf,62,7210517,1,learned_physics_score,2,-0.04787170916095181,0.636957337037463,0.0
robocasa/PickPlaceFridgeDrawerToShelf,62,7210517,1,learned_physics_score,4,-0.039678983373450646,0.7692698062591974,0.0
robocasa/PickPlaceFridgeDrawerToShelf,62,7210517,1,learned_physics_score,8,-0.03282959418206138,0.8798873980204112,0.0
robocasa/PickPlaceFridgeDrawerToShelf,62,7210517,1,learned_energy_regularized,1,-0.05648610825866578,0.49783484654487437,0.0
robocasa/PickPlaceFridgeDrawerToShelf,62,7210517,1,learned_energy_regularized,2,-0.049155903014864916,0.6162176144862895,0.0
robocasa/PickPlaceFridgeDrawerToShelf,62,7210517,1,learned_energy_regularized,4,-0.0464199912625362,0.6604025718390225,0.0
robocasa/PickPlaceFridgeDrawerToShelf,62,7210517,1,learned_energy_regularized,8,-0.04641519659537782,0.660480005683054,0.0
robocasa/PickPlaceFridgeDrawerToShelf,62,7210517,1,predicted_progress,1,-0.05648610825866579,0.49783484654487437,0.0
robocasa/PickPlaceFridgeDrawerToShelf,62,7210517,1,predicted_progress,2,-0.05291594474118438,0.5554929645846576,0.0
robocasa/PickPlaceFridgeDrawerToShelf,62,7210517,1,predicted_progress,4,-0.04980848286723416,0.6056784540321394,0.0
robocasa/PickPlaceFridgeDrawerToShelf,62,7210517,1,predicted_progress,8,-0.041451265237471585,0.740647465457403,0.0
robocasa/PickPlaceFridgeDrawerToShelf,62,7210517,1,predicted_success,1,-0.05648610825866579,0.4978348465448743,0.0
robocasa/PickPlaceFridgeDrawerToShelf,62,7210517,1,predicted_success,2,-0.05648610825866579,0.4978348465448743,0.0
robocasa/PickPlaceFridgeDrawerToShelf,62,7210517,1,predicted_success,4,-0.05648610825866579,0.4978348465448743,0.0
robocasa/PickPlaceFridgeDrawerToShelf,62,7210517,1,predicted_success,8,-0.05648610825866579,0.4978348465448743,0.0
robocasa/PickPlaceFridgeDrawerToShelf,62,7210517,1,low_energy,1,-0.05648610825866578,0.49783484654487437,0.0
robocasa/PickPlaceFridgeDrawerToShelf,62,7210517,1,low_energy,2,-0.049155903014864916,0.6162176144862895,0.0
robocasa/PickPlaceFridgeDrawerToShelf,62,7210517,1,low_energy,4,-0.0464199912625362,0.6604025718390225,0.0
robocasa/PickPlaceFridgeDrawerToShelf,62,7210517,1,low_energy,8,-0.04641519659537782,0.660480005683054,0.0
robocasa/PickPlaceFridgeDrawerToShelf,62,7210517,1,distance_progress,1,-0.05648610825866578,0.49783484654487437,0.0
robocasa/PickPlaceFridgeDrawerToShelf,62,7210517,1,distance_progress,2,-0.04704795990251879,0.6502608823079669,0.0
robocasa/PickPlaceFridgeDrawerToShelf,62,7210517,1,distance_progress,4,-0.0394914731052349,0.7722980958950967,0.0
robocasa/PickPlaceFridgeDrawerToShelf,62,7210517,1,distance_progress,8,-0.03345519467159515,0.8697839541040019,0.0
robocasa/PickPlaceFridgeDrawerToShelf,62,7210517,1,oracle_real_utility,1,-0.05648610825866578,0.49783484654487437,0.0
robocasa/PickPlaceFridgeDrawerToShelf,62,7210517,1,oracle_real_utility,2,-0.04627512270433961,0.662742198130046,0.0
robocasa/PickPlaceFridgeDrawerToShelf,62,7210517,1,oracle_real_utility,4,-0.03864885212957754,0.7859064192784254,0.0
robocasa/PickPlaceFridgeDrawerToShelf,62,7210517,1,oracle_real_utility,8,-0.03270596945267921,0.8818839366115574,0.0
robocasa/PickPlaceFridgeShelfToDrawer,63,7300513,0,random,1,-0.057364185774287695,0.5200104634917002,0.0
robocasa/PickPlaceFridgeShelfToDrawer,63,7300513,0,random,2,-0.05571057192927466,0.5724762276405908,0.0
robocasa/PickPlaceFridgeShelfToDrawer,63,7300513,0,random,4,-0.055733508110528865,0.5717485098122786,0.0
robocasa/PickPlaceFridgeShelfToDrawer,63,7300513,0,random,8,-0.05662366493848943,0.543505665612498,0.0
robocasa/PickPlaceFridgeShelfToDrawer,63,7300513,0,learned_wam,1,-0.057364185774287695,0.5200104634917002,0.0
robocasa/PickPlaceFridgeShelfToDrawer,63,7300513,0,learned_wam,2,-0.052617950971486166,0.6705987259872153,0.0
robocasa/PickPlaceFridgeShelfToDrawer,63,7300513,0,learned_wam,4,-0.048898584621996116,0.7886065657644193,0.0
robocasa/PickPlaceFridgeShelfToDrawer,63,7300513,0,learned_wam,8,-0.04571473374200314,0.8896236017905252,0.0
robocasa/PickPlaceFridgeShelfToDrawer,63,7300513,0,learned_physics_score,1,-0.057364185774287695,0.5200104634917002,0.0
robocasa/PickPlaceFridgeShelfToDrawer,63,7300513,0,learned_physics_score,2,-0.052617950971486166,0.6705987259872153,0.0
robocasa/PickPlaceFridgeShelfToDrawer,63,7300513,0,learned_physics_score,4,-0.048898584621996116,0.7886065657644193,0.0
robocasa/PickPlaceFridgeShelfToDrawer,63,7300513,0,learned_physics_score,8,-0.04571473374200314,0.8896236017905252,0.0
robocasa/PickPlaceFridgeShelfToDrawer,63,7300513,0,learned_energy_regularized,1,-0.057364185774287695,0.5200104634917002,0.0
robocasa/PickPlaceFridgeShelfToDrawer,63,7300513,0,learned_energy_regularized,2,-0.0523749802800062,0.6783076859918288,0.0
robocasa/PickPlaceFridgeShelfToDrawer,63,7300513,0,learned_energy_regularized,4,-0.04868978168400552,0.7952314532683841,0.0
robocasa/PickPlaceFridgeShelfToDrawer,63,7300513,0,learned_energy_regularized,8,-0.045690324893583475,0.8903980443172338,0.0
robocasa/PickPlaceFridgeShelfToDrawer,63,7300513,0,predicted_progress,1,-0.05736418577428769,0.5200104634917002,0.0
robocasa/PickPlaceFridgeShelfToDrawer,63,7300513,0,predicted_progress,2,-0.05438737096017827,0.6144586712295577,0.0
robocasa/PickPlaceFridgeShelfToDrawer,63,7300513,0,predicted_progress,4,-0.052926550055152205,0.6608075121624069,0.0
robocasa/PickPlaceFridgeShelfToDrawer,63,7300513,0,predicted_progress,8,-0.051300802506482876,0.7123891360774205,0.0
robocasa/PickPlaceFridgeShelfToDrawer,63,7300513,0,predicted_success,1,-0.05736418577428769,0.5200104634917003,0.0
robocasa/PickPlaceFridgeShelfToDrawer,63,7300513,0,predicted_success,2,-0.05736418577428769,0.5200104634917003,0.0
robocasa/PickPlaceFridgeShelfToDrawer,63,7300513,0,predicted_success,4,-0.05736418577428769,0.5200104634917003,0.0
robocasa/PickPlaceFridgeShelfToDrawer,63,7300513,0,predicted_success,8,-0.05736418577428769,0.5200104634917003,0.0
robocasa/PickPlaceFridgeShelfToDrawer,63,7300513,0,low_energy,1,-0.057364185774287695,0.5200104634917002,0.0
robocasa/PickPlaceFridgeShelfToDrawer,63,7300513,0,low_energy,2,-0.052726588677345504,0.6671518751577534,0.0
robocasa/PickPlaceFridgeShelfToDrawer,63,7300513,0,low_energy,4,-0.04951935774647795,0.7689107120817376,0.0
robocasa/PickPlaceFridgeShelfToDrawer,63,7300513,0,low_energy,8,-0.046336755934179776,0.8698881177604808,0.0
robocasa/PickPlaceFridgeShelfToDrawer,63,7300513,0,distance_progress,1,-0.057364185774287695,0.5200104634917002,0.0
robocasa/PickPlaceFridgeShelfToDrawer,63,7300513,0,distance_progress,2,-0.056601717315710426,0.5442020185148544,0.0
robocasa/PickPlaceFridgeShelfToDrawer,63,7300513,0,distance_progress,4,-0.05454785669783009,0.6093667890550741,0.0
robocasa/PickPlaceFridgeShelfToDrawer,63,7300513,0,distance_progress,8,-0.052559340298163726,0.6724583220304006,0.0
robocasa/PickPlaceFridgeShelfToDrawer,63,7300513,0,oracle_real_utility,1,-0.057364185774287695,0.5200104634917003,0.0
robocasa/PickPlaceFridgeShelfToDrawer,63,7300513,0,oracle_real_utility,2,-0.05199143922092282,0.6904766544653153,0.0
robocasa/PickPlaceFridgeShelfToDrawer,63,7300513,0,oracle_real_utility,4,-0.0479558903287068,0.8185163156164672,0.0
robocasa/PickPlaceFridgeShelfToDrawer,63,7300513,0,oracle_real_utility,8,-0.045075001499956587,0.9099209892554874,0.0
robocasa/PickPlaceFridgeShelfToDrawer,63,7310520,1,random,1,-0.060122705698239645,0.3667934076960515,0.0
robocasa/PickPlaceFridgeShelfToDrawer,63,7310520,1,random,2,-0.059281879696301845,0.40742018356835547,0.0
robocasa/PickPlaceFridgeShelfToDrawer,63,7310520,1,random,4,-0.05732832398590017,0.5018114961795697,0.0
robocasa/PickPlaceFridgeShelfToDrawer,63,7310520,1,random,8,-0.05342846012065178,0.6902439362097296,0.0
robocasa/PickPlaceFridgeShelfToDrawer,63,7310520,1,learned_wam,1,-0.06012270569823965,0.36679340769605157,0.0
robocasa/PickPlaceFridgeShelfToDrawer,63,7310520,1,learned_wam,2,-0.05654950201450659,0.5394423801000379,0.0
robocasa/PickPlaceFridgeShelfToDrawer,63,7310520,1,learned_wam,4,-0.052511581618801886,0.7345453937181108,0.0
robocasa/PickPlaceFridgeShelfToDrawer,63,7310520,1,learned_wam,8,-0.048902438301412415,0.9089308864463106,0.0
robocasa/PickPlaceFridgeShelfToDrawer,63,7310520,1,learned_physics_score,1,-0.06012270569823965,0.36679340769605157,0.0
robocasa/PickPlaceFridgeShelfToDrawer,63,7310520,1,learned_physics_score,2,-0.05654950201450659,0.5394423801000379,0.0
robocasa/PickPlaceFridgeShelfToDrawer,63,7310520,1,learned_physics_score,4,-0.052511581618801886,0.7345453937181108,0.0
robocasa/PickPlaceFridgeShelfToDrawer,63,7310520,1,learned_physics_score,8,-0.048902438301412415,0.9089308864463106,0.0
robocasa/PickPlaceFridgeShelfToDrawer,63,7310520,1,learned_energy_regularized,1,-0.06012270569823965,0.36679340769605157,0.0
robocasa/PickPlaceFridgeShelfToDrawer,63,7310520,1,learned_energy_regularized,2,-0.05768480372839446,0.48458721604556454,0.0
robocasa/PickPlaceFridgeShelfToDrawer,63,7310520,1,learned_energy_regularized,4,-0.05331669605992623,0.6956441182155322,0.0
robocasa/PickPlaceFridgeShelfToDrawer,63,7310520,1,learned_energy_regularized,8,-0.04921889397386432,0.893640477195653,0.0
robocasa/PickPlaceFridgeShelfToDrawer,63,7310520,1,predicted_progress,1,-0.060122705698239645,0.3667934076960515,0.0
robocasa/PickPlaceFridgeShelfToDrawer,63,7310520,1,predicted_progress,2,-0.05669215507325233,0.5325497128516355,0.0
robocasa/PickPlaceFridgeShelfToDrawer,63,7310520,1,predicted_progress,4,-0.05416013705792634,0.6548909917562032,0.0
robocasa/PickPlaceFridgeShelfToDrawer,63,7310520,1,predicted_progress,8,-0.05421617299970458,0.6521834641081865,0.0
robocasa/PickPlaceFridgeShelfToDrawer,63,7310520,1,predicted_success,1,-0.060122705698239645,0.3667934076960515,0.0
robocasa/PickPlaceFridgeShelfToDrawer,63,7310520,1,predicted_success,2,-0.060122705698239645,0.3667934076960515,0.0
robocasa/PickPlaceFridgeShelfToDrawer,63,7310520,1,predicted_success,4,-0.060122705698239645,0.3667934076960515,0.0
robocasa/PickPlaceFridgeShelfToDrawer,63,7310520,1,predicted_success,8,-0.060122705698239645,0.3667934076960515,0.0
robocasa/PickPlaceFridgeShelfToDrawer,63,7310520,1,low_energy,1,-0.06012270569823964,0.3667934076960515,0.0
robocasa/PickPlaceFridgeShelfToDrawer,63,7310520,1,low_energy,2,-0.059070994009171526,0.41760969427089645,0.0
robocasa/PickPlaceFridgeShelfToDrawer,63,7310520,1,low_energy,4,-0.057092184800807994,0.5132211977412466,0.0
robocasa/PickPlaceFridgeShelfToDrawer,63,7310520,1,low_energy,8,-0.05371343895701593,0.6764744151832225,0.0
robocasa/PickPlaceFridgeShelfToDrawer,63,7310520,1,distance_progress,1,-0.060122705698239645,0.3667934076960515,0.0
robocasa/PickPlaceFridgeShelfToDrawer,63,7310520,1,distance_progress,2,-0.056613176656655634,0.5363657680431122,0.0
robocasa/PickPlaceFridgeShelfToDrawer,63,7310520,1,distance_progress,4,-0.05412875790577608,0.6564071601174739,0.0
robocasa/PickPlaceFridgeShelfToDrawer,63,7310520,1,distance_progress,8,-0.05421524086939773,0.6522285024977856,0.0
robocasa/PickPlaceFridgeShelfToDrawer,63,7310520,1,oracle_real_utility,1,-0.06012270569823965,0.36679340769605157,0.0
robocasa/PickPlaceFridgeShelfToDrawer,63,7310520,1,oracle_real_utility,2,-0.055872610300267855,0.5721482287545983,0.0
robocasa/PickPlaceFridgeShelfToDrawer,63,7310520,1,oracle_real_utility,4,-0.05147637229020503,0.7845643242422571,0.0
robocasa/PickPlaceFridgeShelfToDrawer,63,7310520,1,oracle_real_utility,8,-0.048390044699792675,0.9336885651615647,0.0
robocasa/PickPlaceStoveToCounter,64,7400516,0,random,1,-0.04879031510497693,0.5751640634826433,0.0
robocasa/PickPlaceStoveToCounter,64,7400516,0,random,2,-0.0444185963902091,0.6938978352168563,0.0
robocasa/PickPlaceStoveToCounter,64,7400516,0,random,4,-0.04097507342185981,0.7874222581639121,0.0
robocasa/PickPlaceStoveToCounter,64,7400516,0,random,8,-0.038927872790181346,0.8430232399184661,0.0
robocasa/PickPlaceStoveToCounter,64,7400516,0,learned_wam,1,-0.048790315104976924,0.5751640634826433,0.0
robocasa/PickPlaceStoveToCounter,64,7400516,0,learned_wam,2,-0.04289408346783833,0.7353028708883345,0.0
robocasa/PickPlaceStoveToCounter,64,7400516,0,learned_wam,4,-0.038512776276786745,0.8542970610137194,0.0
robocasa/PickPlaceStoveToCounter,64,7400516,0,learned_wam,8,-0.035363587387398074,0.9398275123388461,0.0
robocasa/PickPlaceStoveToCounter,64,7400516,0,learned_physics_score,1,-0.048790315104976924,0.5751640634826433,0.0
robocasa/PickPlaceStoveToCounter,64,7400516,0,learned_physics_score,2,-0.04289408346783833,0.7353028708883345,0.0
robocasa/PickPlaceStoveToCounter,64,7400516,0,learned_physics_score,4,-0.038512776276786745,0.8542970610137194,0.0
robocasa/PickPlaceStoveToCounter,64,7400516,0,learned_physics_score,8,-0.035363587387398074,0.9398275123388461,0.0
robocasa/PickPlaceStoveToCounter,64,7400516,0,learned_energy_regularized,1,-0.04879031510497693,0.5751640634826433,0.0
robocasa/PickPlaceStoveToCounter,64,7400516,0,learned_energy_regularized,2,-0.04358552766575919,0.7165235799688265,0.0
robocasa/PickPlaceStoveToCounter,64,7400516,0,learned_energy_regularized,4,-0.040783052884345174,0.7926374433478369,0.0
robocasa/PickPlaceStoveToCounter,64,7400516,0,learned_energy_regularized,8,-0.03971268943456769,0.821707998388173,0.0
robocasa/PickPlaceStoveToCounter,64,7400516,0,predicted_progress,1,-0.04879031510497692,0.5751640634826432,0.0
robocasa/PickPlaceStoveToCounter,64,7400516,0,predicted_progress,2,-0.04303704706143104,0.7314200486402791,0.0
robocasa/PickPlaceStoveToCounter,64,7400516,0,predicted_progress,4,-0.03859088025216108,0.8521757947135102,0.0
robocasa/PickPlaceStoveToCounter,64,7400516,0,predicted_progress,8,-0.03554764456056479,0.9348286082897364,0.0
robocasa/PickPlaceStoveToCounter,64,7400516,0,predicted_success,1,-0.048790315104976924,0.5751640634826433,0.0
robocasa/PickPlaceStoveToCounter,64,7400516,0,predicted_success,2,-0.048790315104976924,0.5751640634826433,0.0
robocasa/PickPlaceStoveToCounter,64,7400516,0,predicted_success,4,-0.048790315104976924,0.5751640634826433,0.0
robocasa/PickPlaceStoveToCounter,64,7400516,0,predicted_success,8,-0.048790315104976924,0.5751640634826433,0.0
robocasa/PickPlaceStoveToCounter,64,7400516,0,low_energy,1,-0.048790315104976924,0.5751640634826433,0.0
robocasa/PickPlaceStoveToCounter,64,7400516,0,low_energy,2,-0.044943416581701014,0.6796439719461915,0.0
robocasa/PickPlaceStoveToCounter,64,7400516,0,low_energy,4,-0.04316279975218879,0.7280046662120923,0.0
robocasa/PickPlaceStoveToCounter,64,7400516,0,low_energy,8,-0.04275066401365207,0.7391980740902404,0.0
robocasa/PickPlaceStoveToCounter,64,7400516,0,distance_progress,1,-0.048790315104976924,0.5751640634826432,0.0
robocasa/PickPlaceStoveToCounter,64,7400516,0,distance_progress,2,-0.043543936269364,0.7176531822346384,0.0
robocasa/PickPlaceStoveToCounter,64,7400516,0,distance_progress,4,-0.038957109056098296,0.842229197037341,0.0
robocasa/PickPlaceStoveToCounter,64,7400516,0,distance_progress,8,-0.03784730876190314,0.8723708377509586,0.0
robocasa/PickPlaceStoveToCounter,64,7400516,0,oracle_real_utility,1,-0.048790315104976924,0.5751640634826433,0.0
robocasa/PickPlaceStoveToCounter,64,7400516,0,oracle_real_utility,2,-0.04194333987906003,0.7611246081987515,0.0
robocasa/PickPlaceStoveToCounter,64,7400516,0,oracle_real_utility,4,-0.03740938929338752,0.8842645192993752,0.0
robocasa/PickPlaceStoveToCounter,64,7400516,0,oracle_real_utility,8,-0.035049865914455886,0.9483480362304242,0.0
robocasa/PickPlaceStoveToCounter,64,7410523,1,random,1,-0.056303343749707926,0.6427924126704587,0.0
robocasa/PickPlaceStoveToCounter,64,7410523,1,random,2,-0.0529630046776237,0.7072929592506041,0.0
robocasa/PickPlaceStoveToCounter,64,7410523,1,random,4,-0.05663350139801906,0.63641720694609,0.0
robocasa/PickPlaceStoveToCounter,64,7410523,1,random,8,-0.06374661669670105,0.49906593369157237,0.0
robocasa/PickPlaceStoveToCounter,64,7410523,1,learned_wam,1,-0.056303343749707926,0.6427924126704587,0.0
robocasa/PickPlaceStoveToCounter,64,7410523,1,learned_wam,2,-0.04930979257899233,0.7778349527578373,0.0
robocasa/PickPlaceStoveToCounter,64,7410523,1,learned_wam,4,-0.045883313651692736,0.8439988238160752,0.0
robocasa/PickPlaceStoveToCounter,64,7410523,1,learned_wam,8,-0.04291940661644941,0.9012306256363162,0.0
robocasa/PickPlaceStoveToCounter,64,7410523,1,learned_physics_score,1,-0.056303343749707926,0.6427924126704587,0.0
robocasa/PickPlaceStoveToCounter,64,7410523,1,learned_physics_score,2,-0.04930979257899233,0.7778349527578373,0.0
robocasa/PickPlaceStoveToCounter,64,7410523,1,learned_physics_score,4,-0.045883313651692736,0.8439988238160752,0.0
robocasa/PickPlaceStoveToCounter,64,7410523,1,learned_physics_score,8,-0.04291940661644941,0.9012306256363162,0.0
robocasa/PickPlaceStoveToCounter,64,7410523,1,learned_energy_regularized,1,-0.056303343749707926,0.6427924126704586,0.0
robocasa/PickPlaceStoveToCounter,64,7410523,1,learned_energy_regularized,2,-0.05200962045362148,0.725702408777134,0.0
robocasa/PickPlaceStoveToCounter,64,7410523,1,learned_energy_regularized,4,-0.050776852696508,0.749506637157634,0.0
robocasa/PickPlaceStoveToCounter,64,7410523,1,learned_energy_regularized,8,-0.051552846825796535,0.7345225159645525,0.0
robocasa/PickPlaceStoveToCounter,64,7410523,1,predicted_progress,1,-0.056303343749707926,0.6427924126704587,0.0
robocasa/PickPlaceStoveToCounter,64,7410523,1,predicted_progress,2,-0.04752042673304403,0.8123868568025653,0.0
robocasa/PickPlaceStoveToCounter,64,7410523,1,predicted_progress,4,-0.04249449701712738,0.9094354517967697,0.0
robocasa/PickPlaceStoveToCounter,64,7410523,1,predicted_progress,8,-0.0399946857618017,0.957705758743513,0.0
robocasa/PickPlaceStoveToCounter,64,7410523,1,predicted_success,1,-0.056303343749707926,0.6427924126704587,0.0
robocasa/PickPlaceStoveToCounter,64,7410523,1,predicted_success,2,-0.056303343749707926,0.6427924126704587,0.0
robocasa/PickPlaceStoveToCounter,64,7410523,1,predicted_success,4,-0.056303343749707926,0.6427924126704587,0.0
robocasa/PickPlaceStoveToCounter,64,7410523,1,predicted_success,8,-0.056303343749707926,0.6427924126704587,0.0
robocasa/PickPlaceStoveToCounter,64,7410523,1,low_energy,1,-0.05630334374970792,0.6427924126704587,0.0
robocasa/PickPlaceStoveToCounter,64,7410523,1,low_energy,2,-0.0537507121019374,0.6920826592430152,0.0
robocasa/PickPlaceStoveToCounter,64,7410523,1,low_energy,4,-0.05493507082587021,0.6692131889910135,0.0
robocasa/PickPlaceStoveToCounter,64,7410523,1,low_energy,8,-0.05677976266656519,0.6335929631908463,0.0
robocasa/PickPlaceStoveToCounter,64,7410523,1,distance_progress,1,-0.056303343749707926,0.6427924126704587,0.0
robocasa/PickPlaceStoveToCounter,64,7410523,1,distance_progress,2,-0.04836009206401218,0.7961732714080588,0.0
robocasa/PickPlaceStoveToCounter,64,7410523,1,distance_progress,4,-0.043843009406289046,0.8833962431134568,0.0
robocasa/PickPlaceStoveToCounter,64,7410523,1,distance_progress,8,-0.04328422872540917,0.8941860637147196,0.0
robocasa/PickPlaceStoveToCounter,64,7410523,1,oracle_real_utility,1,-0.056303343749707926,0.6427924126704587,0.0
robocasa/PickPlaceStoveToCounter,64,7410523,1,oracle_real_utility,2,-0.04740218208914557,0.8146701112857297,0.0
robocasa/PickPlaceStoveToCounter,64,7410523,1,oracle_real_utility,4,-0.04209357377140915,0.9171771115287493,0.0
robocasa/PickPlaceStoveToCounter,64,7410523,1,oracle_real_utility,8,-0.0393640496156358,0.9698830782440502,0.0
robocasa/PickPlaceToasterOvenToCounter,65,7500519,0,random,1,-0.04264616185260926,0.4441239307950806,0.0
robocasa/PickPlaceToasterOvenToCounter,65,7500519,0,random,2,-0.040245064607491485,0.48472440138193357,0.0
robocasa/PickPlaceToasterOvenToCounter,65,7500519,0,random,4,-0.04354624495536091,0.4289043066781078,0.0
robocasa/PickPlaceToasterOvenToCounter,65,7500519,0,random,8,-0.045545422303339675,0.39509995273969284,0.0
robocasa/PickPlaceToasterOvenToCounter,65,7500519,0,learned_wam,1,-0.04264616185260926,0.44412393079508067,0.0
robocasa/PickPlaceToasterOvenToCounter,65,7500519,0,learned_wam,2,-0.03720477148111717,0.5361331195851466,0.0
robocasa/PickPlaceToasterOvenToCounter,65,7500519,0,learned_wam,4,-0.027714671538554288,0.6966024734889777,0.0
robocasa/PickPlaceToasterOvenToCounter,65,7500519,0,learned_wam,8,-0.01811804066779369,0.8588731729341758,0.0
robocasa/PickPlaceToasterOvenToCounter,65,7500519,0,learned_physics_score,1,-0.04264616185260926,0.44412393079508067,0.0
robocasa/PickPlaceToasterOvenToCounter,65,7500519,0,learned_physics_score,2,-0.03720477148111717,0.5361331195851466,0.0
robocasa/PickPlaceToasterOvenToCounter,65,7500519,0,learned_physics_score,4,-0.027714671538554288,0.6966024734889777,0.0
robocasa/PickPlaceToasterOvenToCounter,65,7500519,0,learned_physics_score,8,-0.01811804066779369,0.8588731729341758,0.0
robocasa/PickPlaceToasterOvenToCounter,65,7500519,0,learned_energy_regularized,1,-0.04264616185260926,0.44412393079508067,0.0
robocasa/PickPlaceToasterOvenToCounter,65,7500519,0,learned_energy_regularized,2,-0.038852130186695547,0.5082777135586616,0.0
robocasa/PickPlaceToasterOvenToCounter,65,7500519,0,learned_energy_regularized,4,-0.03361997179557967,0.5967489711456634,0.0
robocasa/PickPlaceToasterOvenToCounter,65,7500519,0,learned_energy_regularized,8,-0.025227460430943913,0.7386590547553793,0.0
robocasa/PickPlaceToasterOvenToCounter,65,7500519,0,predicted_progress,1,-0.04264616185260926,0.4441239307950806,0.0
robocasa/PickPlaceToasterOvenToCounter,65,7500519,0,predicted_progress,2,-0.0388950383627205,0.5075521735405806,0.0
robocasa/PickPlaceToasterOvenToCounter,65,7500519,0,predicted_progress,4,-0.03639646832716065,0.5498008244205925,0.0
robocasa/PickPlaceToasterOvenToCounter,65,7500519,0,predicted_progress,8,-0.033689541740984486,0.5955726037461836,0.0
robocasa/PickPlaceToasterOvenToCounter,65,7500519,0,predicted_success,1,-0.04264616185260926,0.4441239307950806,0.0
robocasa/PickPlaceToasterOvenToCounter,65,7500519,0,predicted_success,2,-0.04264616185260926,0.4441239307950806,0.0
robocasa/PickPlaceToasterOvenToCounter,65,7500519,0,predicted_success,4,-0.04264616185260926,0.4441239307950806,0.0
robocasa/PickPlaceToasterOvenToCounter,65,7500519,0,predicted_success,8,-0.04264616185260926,0.4441239307950806,0.0
robocasa/PickPlaceToasterOvenToCounter,65,7500519,0,low_energy,1,-0.04264616185260926,0.44412393079508067,0.0
robocasa/PickPlaceToasterOvenToCounter,65,7500519,0,low_energy,2,-0.040221945917089524,0.4851153183727301,0.0
robocasa/PickPlaceToasterOvenToCounter,65,7500519,0,low_energy,4,-0.034797157188887,0.5768437877827535,0.0
robocasa/PickPlaceToasterOvenToCounter,65,7500519,0,low_energy,8,-0.025365072191121243,0.736332159319201,0.0
robocasa/PickPlaceToasterOvenToCounter,65,7500519,0,distance_progress,1,-0.042646161852609256,0.4441239307950806,0.0
robocasa/PickPlaceToasterOvenToCounter,65,7500519,0,distance_progress,2,-0.03471120265358159,0.5782972043778414,0.0
robocasa/PickPlaceToasterOvenToCounter,65,7500519,0,distance_progress,4,-0.028965514934823248,0.6754517972211842,0.0
robocasa/PickPlaceToasterOvenToCounter,65,7500519,0,distance_progress,8,-0.026689454337846058,0.7139380066029013,0.0
robocasa/PickPlaceToasterOvenToCounter,65,7500519,0,oracle_real_utility,1,-0.04264616185260926,0.4441239307950806,0.0
robocasa/PickPlaceToasterOvenToCounter,65,7500519,0,oracle_real_utility,2,-0.03244620264431059,0.616596388820543,0.0
robocasa/PickPlaceToasterOvenToCounter,65,7500519,0,oracle_real_utility,4,-0.023297198151778425,0.771298114689133,0.0
robocasa/PickPlaceToasterOvenToCounter,65,7500519,0,oracle_real_utility,8,-0.016134211700382584,0.8924179990775127,0.0
robocasa/PickPlaceToasterOvenToCounter,65,7510526,1,random,1,-0.06962346893183416,0.552856793676847,0.0
robocasa/PickPlaceToasterOvenToCounter,65,7510526,1,random,2,-0.06846387126461632,0.5713026111293945,0.0
robocasa/PickPlaceToasterOvenToCounter,65,7510526,1,random,4,-0.06507895777888993,0.6251467141450364,0.0
robocasa/PickPlaceToasterOvenToCounter,65,7510526,1,random,8,-0.06336920263129261,0.6523439328293412,0.0
robocasa/PickPlaceToasterOvenToCounter,65,7510526,1,learned_wam,1,-0.06962346893183416,0.5528567936768471,0.0
robocasa/PickPlaceToasterOvenToCounter,65,7510526,1,learned_wam,2,-0.05856992099602042,0.7286865087505159,0.0
robocasa/PickPlaceToasterOvenToCounter,65,7510526,1,learned_wam,4,-0.05094459954002167,0.8499831373750056,0.0
robocasa/PickPlaceToasterOvenToCounter,65,7510526,1,learned_wam,8,-0.045923160612358405,0.9298595879986273,0.0
robocasa/PickPlaceToasterOvenToCounter,65,7510526,1,learned_physics_score,1,-0.06962346893183416,0.5528567936768471,0.0
robocasa/PickPlaceToasterOvenToCounter,65,7510526,1,learned_physics_score,2,-0.05856992099602042,0.7286865087505159,0.0
robocasa/PickPlaceToasterOvenToCounter,65,7510526,1,learned_physics_score,4,-0.05094459954002167,0.8499831373750056,0.0
robocasa/PickPlaceToasterOvenToCounter,65,7510526,1,learned_physics_score,8,-0.045923160612358405,0.9298595879986273,0.0
robocasa/PickPlaceToasterOvenToCounter,65,7510526,1,learned_energy_regularized,1,-0.06962346893183416,0.5528567936768471,0.0
robocasa/PickPlaceToasterOvenToCounter,65,7510526,1,learned_energy_regularized,2,-0.05885621234206638,0.7241324482718692,0.0
robocasa/PickPlaceToasterOvenToCounter,65,7510526,1,learned_energy_regularized,4,-0.052264223713202246,0.828991764856243,0.0
robocasa/PickPlaceToasterOvenToCounter,65,7510526,1,learned_energy_regularized,8,-0.049705825867084656,0.8696884141981656,0.0
robocasa/PickPlaceToasterOvenToCounter,65,7510526,1,predicted_progress,1,-0.06962346893183415,0.552856793676847,0.0
robocasa/PickPlaceToasterOvenToCounter,65,7510526,1,predicted_progress,2,-0.06012252029309896,0.703989181375258,0.0
robocasa/PickPlaceToasterOvenToCounter,65,7510526,1,predicted_progress,4,-0.05522223376118639,0.7819384506676876,0.0
robocasa/PickPlaceToasterOvenToCounter,65,7510526,1,predicted_progress,8,-0.0546588535285924,0.7909001873291069,0.0
robocasa/PickPlaceToasterOvenToCounter,65,7510526,1,predicted_success,1,-0.06962346893183415,0.552856793676847,0.0
robocasa/PickPlaceToasterOvenToCounter,65,7510526,1,predicted_success,2,-0.06962346893183415,0.552856793676847,0.0
robocasa/PickPlaceToasterOvenToCounter,65,7510526,1,predicted_success,4,-0.06962346893183415,0.552856793676847,0.0
robocasa/PickPlaceToasterOvenToCounter,65,7510526,1,predicted_success,8,-0.06962346893183415,0.552856793676847,0.0
robocasa/PickPlaceToasterOvenToCounter,65,7510526,1,low_energy,1,-0.06962346893183416,0.552856793676847,0.0
robocasa/PickPlaceToasterOvenToCounter,65,7510526,1,low_energy,2,-0.058943002547976686,0.7227518691795262,0.0
robocasa/PickPlaceToasterOvenToCounter,65,7510526,1,low_energy,4,-0.05239576511903506,0.8268993246694107,0.0
robocasa/PickPlaceToasterOvenToCounter,65,7510526,1,low_energy,8,-0.049749878160586736,0.8689876706667864,0.0
robocasa/PickPlaceToasterOvenToCounter,65,7510526,1,distance_progress,1,-0.06962346893183415,0.5528567936768471,0.0
robocasa/PickPlaceToasterOvenToCounter,65,7510526,1,distance_progress,2,-0.06049043750124915,0.6981366914547912,0.0
robocasa/PickPlaceToasterOvenToCounter,65,7510526,1,distance_progress,4,-0.05488066818932261,0.7873717628972565,0.0
robocasa/PickPlaceToasterOvenToCounter,65,7510526,1,distance_progress,8,-0.048887877084899445,0.8826995941515723,0.0
robocasa/PickPlaceToasterOvenToCounter,65,7510526,1,oracle_real_utility,1,-0.06962346893183416,0.552856793676847,0.0
robocasa/PickPlaceToasterOvenToCounter,65,7510526,1,oracle_real_utility,2,-0.058065531155828826,0.7367098802871421,0.0
robocasa/PickPlaceToasterOvenToCounter,65,7510526,1,oracle_real_utility,4,-0.050307167559249584,0.8601228214120976,0.0
robocasa/PickPlaceToasterOvenToCounter,65,7510526,1,oracle_real_utility,8,-0.0455151836306681,0.9363493121002255,0.0
robocasa/PickPlaceToasterToCounter,66,7600522,0,random,1,-0.06653304699873498,0.3425275234249888,0.0
robocasa/PickPlaceToasterToCounter,66,7600522,0,random,2,-0.0659917470467524,0.3503176945831531,0.0
robocasa/PickPlaceToasterToCounter,66,7600522,0,random,4,-0.06593387649400936,0.3511505442984257,0.0
robocasa/PickPlaceToasterToCounter,66,7600522,0,random,8,-0.06617865149770587,0.3476278409117878,0.0
robocasa/PickPlaceToasterToCounter,66,7600522,0,learned_wam,1,-0.06653304699873498,0.3425275234249888,0.0
robocasa/PickPlaceToasterToCounter,66,7600522,0,learned_wam,2,-0.055316969138167735,0.5039448040604172,0.0
robocasa/PickPlaceToasterToCounter,66,7600522,0,learned_wam,4,-0.043951083212149245,0.6675180621099657,0.0
robocasa/PickPlaceToasterToCounter,66,7600522,0,learned_wam,8,-0.03385476805161418,0.8128201684176868,0.0
robocasa/PickPlaceToasterToCounter,66,7600522,0,learned_physics_score,1,-0.06653304699873498,0.3425275234249888,0.0
robocasa/PickPlaceToasterToCounter,66,7600522,0,learned_physics_score,2,-0.055316969138167735,0.5039448040604172,0.0
robocasa/PickPlaceToasterToCounter,66,7600522,0,learned_physics_score,4,-0.043951083212149245,0.6675180621099657,0.0
robocasa/PickPlaceToasterToCounter,66,7600522,0,learned_physics_score,8,-0.03385476805161418,0.8128201684176868,0.0
robocasa/PickPlaceToasterToCounter,66,7600522,0,learned_energy_regularized,1,-0.06653304699873498,0.3425275234249888,0.0
robocasa/PickPlaceToasterToCounter,66,7600522,0,learned_energy_regularized,2,-0.054951851276781025,0.5091994334441584,0.0
robocasa/PickPlaceToasterToCounter,66,7600522,0,learned_energy_regularized,4,-0.04369534829561461,0.6711984961532846,0.0
robocasa/PickPlaceToasterToCounter,66,7600522,0,learned_energy_regularized,8,-0.03382582483557428,0.8132367075398365,0.0
robocasa/PickPlaceToasterToCounter,66,7600522,0,predicted_progress,1,-0.06653304699873498,0.3425275234249889,0.0
robocasa/PickPlaceToasterToCounter,66,7600522,0,predicted_progress,2,-0.058605785934096426,0.4566134757381223,0.0
robocasa/PickPlaceToasterToCounter,66,7600522,0,predicted_progress,4,-0.04882943032507285,0.5973108528918231,0.0
robocasa/PickPlaceToasterToCounter,66,7600522,0,predicted_progress,8,-0.03656813727819201,0.7737704500260297,0.0
robocasa/PickPlaceToasterToCounter,66,7600522,0,predicted_success,1,-0.06653304699873498,0.3425275234249888,0.0
robocasa/PickPlaceToasterToCounter,66,7600522,0,predicted_success,2,-0.06653304699873498,0.3425275234249888,0.0
robocasa/PickPlaceToasterToCounter,66,7600522,0,predicted_success,4,-0.06653304699873498,0.3425275234249888,0.0
robocasa/PickPlaceToasterToCounter,66,7600522,0,predicted_success,8,-0.06653304699873498,0.3425275234249888,0.0
robocasa/PickPlaceToasterToCounter,66,7600522,0,low_energy,1,-0.06653304699873498,0.3425275234249888,0.0
robocasa/PickPlaceToasterToCounter,66,7600522,0,low_energy,2,-0.054951851276781025,0.5091994334441584,0.0
robocasa/PickPlaceToasterToCounter,66,7600522,0,low_energy,4,-0.04369534829561461,0.6711984961532846,0.0
robocasa/PickPlaceToasterToCounter,66,7600522,0,low_energy,8,-0.03382582483557428,0.8132367075398365,0.0
robocasa/PickPlaceToasterToCounter,66,7600522,0,distance_progress,1,-0.06653304699873498,0.3425275234249888,0.0
robocasa/PickPlaceToasterToCounter,66,7600522,0,distance_progress,2,-0.05547564864717558,0.5016611523993797,0.0
robocasa/PickPlaceToasterToCounter,66,7600522,0,distance_progress,4,-0.044566895428034686,0.6586555404240402,0.0
robocasa/PickPlaceToasterToCounter,66,7600522,0,distance_progress,8,-0.03426756786590101,0.8068793195490056,0.0
robocasa/PickPlaceToasterToCounter,66,7600522,0,oracle_real_utility,1,-0.06653304699873497,0.3425275234249888,0.0
robocasa/PickPlaceToasterToCounter,66,7600522,0,oracle_real_utility,2,-0.0546032420607396,0.5142164770450853,0.0
robocasa/PickPlaceToasterToCounter,66,7600522,0,oracle_real_utility,4,-0.042513345172474126,0.6882094096126774,0.0
robocasa/PickPlaceToasterToCounter,66,7600522,0,oracle_real_utility,8,-0.03196658144598734,0.8399941904779358,0.0
robocasa/PickPlaceToasterToCounter,66,7610529,1,random,1,-0.04543866452575345,0.5434262713647595,0.0
robocasa/PickPlaceToasterToCounter,66,7610529,1,random,2,-0.04457074943761389,0.5992948536594189,0.0
robocasa/PickPlaceToasterToCounter,66,7610529,1,random,4,-0.044387458665001794,0.6110934682398851,0.0
robocasa/PickPlaceToasterToCounter,66,7610529,1,random,8,-0.04521471255021632,0.557842289183009,0.0
robocasa/PickPlaceToasterToCounter,66,7610529,1,learned_wam,1,-0.04543866452575346,0.5434262713647595,0.0
robocasa/PickPlaceToasterToCounter,66,7610529,1,learned_wam,2,-0.043063560199275715,0.6963141671226969,0.0
robocasa/PickPlaceToasterToCounter,66,7610529,1,learned_wam,4,-0.04069529237581673,0.8487619901860453,0.0
robocasa/PickPlaceToasterToCounter,66,7610529,1,learned_wam,8,-0.03922873970307361,0.9431654863416808,0.0
robocasa/PickPlaceToasterToCounter,66,7610529,1,learned_physics_score,1,-0.04543866452575346,0.5434262713647595,0.0
robocasa/PickPlaceToasterToCounter,66,7610529,1,learned_physics_score,2,-0.043063560199275715,0.6963141671226969,0.0
robocasa/PickPlaceToasterToCounter,66,7610529,1,learned_physics_score,4,-0.04069529237581673,0.8487619901860453,0.0
robocasa/PickPlaceToasterToCounter,66,7610529,1,learned_physics_score,8,-0.03922873970307361,0.9431654863416808,0.0
robocasa/PickPlaceToasterToCounter,66,7610529,1,learned_energy_regularized,1,-0.04543866452575346,0.5434262713647595,0.0
robocasa/PickPlaceToasterToCounter,66,7610529,1,learned_energy_regularized,2,-0.0451628418131317,0.5611812616045031,0.0
robocasa/PickPlaceToasterToCounter,66,7610529,1,learned_energy_regularized,4,-0.04286268338576078,0.7092448131505296,0.0
robocasa/PickPlaceToasterToCounter,66,7610529,1,learned_energy_regularized,8,-0.04008922549331391,0.88777513555463,0.0
robocasa/PickPlaceToasterToCounter,66,7610529,1,predicted_progress,1,-0.04543866452575346,0.5434262713647595,0.0
robocasa/PickPlaceToasterToCounter,66,7610529,1,predicted_progress,2,-0.04499553594008951,0.5719509118435306,0.0
robocasa/PickPlaceToasterToCounter,66,7610529,1,predicted_progress,4,-0.04382456611396174,0.6473274377152207,0.0
robocasa/PickPlaceToasterToCounter,66,7610529,1,predicted_progress,8,-0.04200711979800556,0.7643183167271028,0.0
robocasa/PickPlaceToasterToCounter,66,7610529,1,predicted_success,1,-0.04543866452575345,0.5434262713647595,0.0
robocasa/PickPlaceToasterToCounter,66,7610529,1,predicted_success,2,-0.04543866452575345,0.5434262713647595,0.0
robocasa/PickPlaceToasterToCounter,66,7610529,1,predicted_success,4,-0.04543866452575345,0.5434262713647595,0.0
robocasa/PickPlaceToasterToCounter,66,7610529,1,predicted_success,8,-0.04543866452575345,0.5434262713647595,0.0
robocasa/PickPlaceToasterToCounter,66,7610529,1,low_energy,1,-0.04543866452575346,0.5434262713647595,0.0
robocasa/PickPlaceToasterToCounter,66,7610529,1,low_energy,2,-0.0451628418131317,0.5611812616045031,0.0
robocasa/PickPlaceToasterToCounter,66,7610529,1,low_energy,4,-0.04286268338576078,0.7092448131505296,0.0
robocasa/PickPlaceToasterToCounter,66,7610529,1,low_energy,8,-0.04008922549331391,0.88777513555463,0.0
robocasa/PickPlaceToasterToCounter,66,7610529,1,distance_progress,1,-0.04543866452575346,0.5434262713647595,0.0
robocasa/PickPlaceToasterToCounter,66,7610529,1,distance_progress,2,-0.04565230203734518,0.5296742061446778,0.0
robocasa/PickPlaceToasterToCounter,66,7610529,1,distance_progress,4,-0.043940805912824996,0.6398449629230989,0.0
robocasa/PickPlaceToasterToCounter,66,7610529,1,distance_progress,8,-0.04196215780149455,0.7672125664486882,0.0
robocasa/PickPlaceToasterToCounter,66,7610529,1,oracle_real_utility,1,-0.04543866452575346,0.5434262713647595,0.0
robocasa/PickPlaceToasterToCounter,66,7610529,1,oracle_real_utility,2,-0.04249080878825894,0.7331827615025507,0.0
robocasa/PickPlaceToasterToCounter,66,7610529,1,oracle_real_utility,4,-0.04030274370250409,0.8740307499522083,0.0
robocasa/PickPlaceToasterToCounter,66,7610529,1,oracle_real_utility,8,-0.039130428320599826,0.9494938906260354,0.0
robocasa/AirDryFruit,67,7700525,0,random,1,-0.05761993529474276,0.56112271304144,0.0
robocasa/AirDryFruit,67,7700525,0,random,2,-0.053177375986227,0.6587934968273628,0.0
robocasa/AirDryFruit,67,7700525,0,random,4,-0.05170649285658052,0.6911312323877377,0.0
robocasa/AirDryFruit,67,7700525,0,random,8,-0.051148514639266174,0.7033985238375329,0.0
robocasa/AirDryFruit,67,7700525,0,learned_wam,1,-0.05761993529474276,0.56112271304144,0.0
robocasa/AirDryFruit,67,7700525,0,learned_wam,2,-0.04891952768878177,0.752403362576566,0.0
robocasa/AirDryFruit,67,7700525,0,learned_wam,4,-0.04315531834903546,0.8791309547192255,0.0
robocasa/AirDryFruit,67,7700525,0,learned_wam,8,-0.039858145587960504,0.9516201271731499,0.0
robocasa/AirDryFruit,67,7700525,0,learned_physics_score,1,-0.05761993529474276,0.56112271304144,0.0
robocasa/AirDryFruit,67,7700525,0,learned_physics_score,2,-0.04891952768878177,0.752403362576566,0.0
robocasa/AirDryFruit,67,7700525,0,learned_physics_score,4,-0.04315531834903546,0.8791309547192255,0.0
robocasa/AirDryFruit,67,7700525,0,learned_physics_score,8,-0.039858145587960504,0.9516201271731499,0.0
robocasa/AirDryFruit,67,7700525,0,learned_energy_regularized,1,-0.05761993529474276,0.56112271304144,0.0
robocasa/AirDryFruit,67,7700525,0,learned_energy_regularized,2,-0.04952854128756816,0.7390140454287382,0.0
robocasa/AirDryFruit,67,7700525,0,learned_energy_regularized,4,-0.043678689410492515,0.8676245102953108,0.0
robocasa/AirDryFruit,67,7700525,0,learned_energy_regularized,8,-0.03991932712606185,0.9502750356696708,0.0
robocasa/AirDryFruit,67,7700525,0,predicted_progress,1,-0.057619935294742755,0.56112271304144,0.0
robocasa/AirDryFruit,67,7700525,0,predicted_progress,2,-0.051021205735937325,0.7061974420978293,0.0
robocasa/AirDryFruit,67,7700525,0,predicted_progress,4,-0.047243394180392265,0.789253579337982,0.0
robocasa/AirDryFruit,67,7700525,0,predicted_progress,8,-0.04676856234209126,0.7996928767322727,0.0
robocasa/AirDryFruit,67,7700525,0,predicted_success,1,-0.05761993529474276,0.56112271304144,0.0
robocasa/AirDryFruit,67,7700525,0,predicted_success,2,-0.05761993529474276,0.56112271304144,0.0
robocasa/AirDryFruit,67,7700525,0,predicted_success,4,-0.05761993529474276,0.56112271304144,0.0
robocasa/AirDryFruit,67,7700525,0,predicted_success,8,-0.05761993529474276,0.56112271304144,0.0
robocasa/AirDryFruit,67,7700525,0,low_energy,1,-0.05761993529474276,0.56112271304144,0.0
robocasa/AirDryFruit,67,7700525,0,low_energy,2,-0.05006027163795046,0.7273238199352818,0.0
robocasa/AirDryFruit,67,7700525,0,low_energy,4,-0.044484593222790685,0.8499065122817911,0.0
robocasa/AirDryFruit,67,7700525,0,low_energy,8,-0.04018921865602561,0.9443414025005621,0.0
robocasa/AirDryFruit,67,7700525,0,distance_progress,1,-0.057619935294742755,0.56112271304144,0.0
robocasa/AirDryFruit,67,7700525,0,distance_progress,2,-0.05236194298283002,0.6767209965039628,0.0
robocasa/AirDryFruit,67,7700525,0,distance_progress,4,-0.04839559025194068,0.7639222589057529,0.0
robocasa/AirDryFruit,67,7700525,0,distance_progress,8,-0.04690325287628971,0.7967316714606874,0.0
robocasa/AirDryFruit,67,7700525,0,oracle_real_utility,1,-0.05761993529474276,0.56112271304144,0.0
robocasa/AirDryFruit,67,7700525,0,oracle_real_utility,2,-0.048628838390983836,0.7587942399025436,0.0
robocasa/AirDryFruit,67,7700525,0,oracle_real_utility,4,-0.04273958302472236,0.888271000389594,0.0
robocasa/AirDryFruit,67,7700525,0,oracle_real_utility,8,-0.039611746810976574,0.9570372662591228,0.0
robocasa/AirDryFruit,67,7710532,1,random,1,-0.05524072080266096,0.4994821177269533,0.0
robocasa/AirDryFruit,67,7710532,1,random,2,-0.04893908355399026,0.606439913378526,0.0
robocasa/AirDryFruit,67,7710532,1,random,4,-0.04553681166042594,0.6641867317977715,0.0
robocasa/AirDryFruit,67,7710532,1,random,8,-0.04380130098227207,0.6936435839046204,0.0
robocasa/AirDryFruit,67,7710532,1,learned_wam,1,-0.05524072080266096,0.4994821177269533,0.0
robocasa/AirDryFruit,67,7710532,1,learned_wam,2,-0.04779523790109128,0.625854425000171,0.0
robocasa/AirDryFruit,67,7710532,1,learned_wam,4,-0.03954576266104512,0.765872907838689,0.0
robocasa/AirDryFruit,67,7710532,1,learned_wam,8,-0.03302299128036387,0.8765840168546831,0.0
robocasa/AirDryFruit,67,7710532,1,learned_physics_score,1,-0.05524072080266096,0.4994821177269533,0.0
robocasa/AirDryFruit,67,7710532,1,learned_physics_score,2,-0.04779523790109128,0.625854425000171,0.0
robocasa/AirDryFruit,67,7710532,1,learned_physics_score,4,-0.03954576266104512,0.765872907838689,0.0
robocasa/AirDryFruit,67,7710532,1,learned_physics_score,8,-0.03302299128036387,0.8765840168546831,0.0
robocasa/AirDryFruit,67,7710532,1,learned_energy_regularized,1,-0.05524072080266096,0.4994821177269533,0.0
robocasa/AirDryFruit,67,7710532,1,learned_energy_regularized,2,-0.04931700736781277,0.6000254060916748,0.0
robocasa/AirDryFruit,67,7710532,1,learned_energy_regularized,4,-0.04477445540838381,0.6771262173634984,0.0
robocasa/AirDryFruit,67,7710532,1,learned_energy_regularized,8,-0.04410249239683787,0.688531456928741,0.0
robocasa/AirDryFruit,67,7710532,1,predicted_progress,1,-0.055240720802660966,0.4994821177269533,0.0
robocasa/AirDryFruit,67,7710532,1,predicted_progress,2,-0.04904421194601116,0.6046555674018796,0.0
robocasa/AirDryFruit,67,7710532,1,predicted_progress,4,-0.03865965125221188,0.7809128917746901,0.0
robocasa/AirDryFruit,67,7710532,1,predicted_progress,8,-0.03065146590768669,0.9168359571336689,0.0
robocasa/AirDryFruit,67,7710532,1,predicted_success,1,-0.055240720802660966,0.4994821177269533,0.0
robocasa/AirDryFruit,67,7710532,1,predicted_success,2,-0.055240720802660966,0.4994821177269533,0.0
robocasa/AirDryFruit,67,7710532,1,predicted_success,4,-0.055240720802660966,0.4994821177269533,0.0
robocasa/AirDryFruit,67,7710532,1,predicted_success,8,-0.055240720802660966,0.4994821177269533,0.0
robocasa/AirDryFruit,67,7710532,1,low_energy,1,-0.05524072080266096,0.4994821177269533,0.0
robocasa/AirDryFruit,67,7710532,1,low_energy,2,-0.04931700736781277,0.6000254060916748,0.0
robocasa/AirDryFruit,67,7710532,1,low_energy,4,-0.04477445540838381,0.6771262173634984,0.0
robocasa/AirDryFruit,67,7710532,1,low_energy,8,-0.04410249239683787,0.688531456928741,0.0
robocasa/AirDryFruit,67,7710532,1,distance_progress,1,-0.05524072080266096,0.4994821177269533,0.0
robocasa/AirDryFruit,67,7710532,1,distance_progress,2,-0.04838048611715692,0.6159209971259147,0.0
robocasa/AirDryFruit,67,7710532,1,distance_progress,4,-0.04331257284043362,0.7019387749258041,0.0
robocasa/AirDryFruit,67,7710532,1,distance_progress,8,-0.04215021731401859,0.7216674549438424,0.0
robocasa/AirDryFruit,67,7710532,1,oracle_real_utility,1,-0.055240720802660966,0.4994821177269533,0.0
robocasa/AirDryFruit,67,7710532,1,oracle_real_utility,2,-0.04459599326905786,0.6801552582740321,0.0
robocasa/AirDryFruit,67,7710532,1,oracle_real_utility,4,-0.036049180776017514,0.8252204513388586,0.0
robocasa/AirDryFruit,67,7710532,1,oracle_real_utility,8,-0.030238801947411017,0.923840109514107,0.0
robocasa/CleanBlenderJug,68,7800528,0,random,1,-0.053841696015841906,0.5056098580681239,0.0
robocasa/CleanBlenderJug,68,7800528,0,random,2,-0.05000122304386594,0.5451938169284881,0.0
robocasa/CleanBlenderJug,68,7800528,0,random,4,-0.04381582768503156,0.6089470153511332,0.0
robocasa/CleanBlenderJug,68,7800528,0,random,8,-0.032375645279070706,0.726861582910145,0.0
robocasa/CleanBlenderJug,68,7800528,0,learned_wam,1,-0.053841696015841906,0.5056098580681239,0.0
robocasa/CleanBlenderJug,68,7800528,0,learned_wam,2,-0.03980091630624661,0.6503289201335701,0.0
robocasa/CleanBlenderJug,68,7800528,0,learned_wam,4,-0.027368066725863796,0.7784749609723264,0.0
robocasa/CleanBlenderJug,68,7800528,0,learned_wam,8,-0.01598063806007999,0.8958457929299849,0.0
robocasa/CleanBlenderJug,68,7800528,0,learned_physics_score,1,-0.053841696015841906,0.5056098580681239,0.0
robocasa/CleanBlenderJug,68,7800528,0,learned_physics_score,2,-0.03980091630624661,0.6503289201335701,0.0
robocasa/CleanBlenderJug,68,7800528,0,learned_physics_score,4,-0.027368066725863796,0.7784749609723264,0.0
robocasa/CleanBlenderJug,68,7800528,0,learned_physics_score,8,-0.01598063806007999,0.8958457929299849,0.0
robocasa/CleanBlenderJug,68,7800528,0,learned_energy_regularized,1,-0.053841696015841906,0.5056098580681239,0.0
robocasa/CleanBlenderJug,68,7800528,0,learned_energy_regularized,2,-0.0407874398691313,0.6401607693841807,0.0
robocasa/CleanBlenderJug,68,7800528,0,learned_energy_regularized,4,-0.02890333555196528,0.7626508636552887,0.0
robocasa/CleanBlenderJug,68,7800528,0,learned_energy_regularized,8,-0.016678790262717992,0.88864990110386,0.0
robocasa/CleanBlenderJug,68,7800528,0,predicted_progress,1,-0.053841696015841906,0.5056098580681238,0.0
robocasa/CleanBlenderJug,68,7800528,0,predicted_progress,2,-0.04693281802183586,0.5768200304301241,0.0
robocasa/CleanBlenderJug,68,7800528,0,predicted_progress,4,-0.04328223684268065,0.614446764498181,0.0
robocasa/CleanBlenderJug,68,7800528,0,predicted_progress,8,-0.03765619504298197,0.672434676083816,0.0
robocasa/CleanBlenderJug,68,7800528,0,predicted_success,1,-0.053841696015841906,0.5056098580681238,0.0
robocasa/CleanBlenderJug,68,7800528,0,predicted_success,2,-0.053841696015841906,0.5056098580681238,0.0
robocasa/CleanBlenderJug,68,7800528,0,predicted_success,4,-0.053841696015841906,0.5056098580681238,0.0
robocasa/CleanBlenderJug,68,7800528,0,predicted_success,8,-0.053841696015841906,0.5056098580681238,0.0
robocasa/CleanBlenderJug,68,7800528,0,low_energy,1,-0.053841696015841906,0.5056098580681239,0.0
robocasa/CleanBlenderJug,68,7800528,0,low_energy,2,-0.0407874398691313,0.6401607693841807,0.0
robocasa/CleanBlenderJug,68,7800528,0,low_energy,4,-0.02890333555196528,0.7626508636552887,0.0
robocasa/CleanBlenderJug,68,7800528,0,low_energy,8,-0.016678790262717992,0.88864990110386,0.0
robocasa/CleanBlenderJug,68,7800528,0,distance_progress,1,-0.053841696015841906,0.5056098580681239,0.0
robocasa/CleanBlenderJug,68,7800528,0,distance_progress,2,-0.040668121569375264,0.6413905894358505,0.0
robocasa/CleanBlenderJug,68,7800528,0,distance_progress,4,-0.02676158344797175,0.7847260163232579,0.0
robocasa/CleanBlenderJug,68,7800528,0,distance_progress,8,-0.015273070315059357,0.9031387312514352,0.0
robocasa/CleanBlenderJug,68,7800528,0,oracle_real_utility,1,-0.05384169601584191,0.5056098580681239,0.0
robocasa/CleanBlenderJug,68,7800528,0,oracle_real_utility,2,-0.03919026633227151,0.6566229218422911,0.0
robocasa/CleanBlenderJug,68,7800528,0,oracle_real_utility,4,-0.026209720182514468,0.790414100305572,0.0
robocasa/CleanBlenderJug,68,7800528,0,oracle_real_utility,8,-0.015162492329558862,0.9042784644199416,0.0
robocasa/CleanBlenderJug,68,7810535,1,random,1,-0.0537761640299633,0.47242662859545503,0.0
robocasa/CleanBlenderJug,68,7810535,1,random,2,-0.05360079110132706,0.4774029932379778,0.0
robocasa/CleanBlenderJug,68,7810535,1,random,4,-0.0549781683030508,0.43831867583861017,0.0
robocasa/CleanBlenderJug,68,7810535,1,random,8,-0.05729893873781135,0.3724647266301182,0.0
robocasa/CleanBlenderJug,68,7810535,1,learned_wam,1,-0.0537761640299633,0.47242662859545503,0.0
robocasa/CleanBlenderJug,68,7810535,1,learned_wam,2,-0.048766817822483245,0.6145713344112975,0.0
robocasa/CleanBlenderJug,68,7810535,1,learned_wam,4,-0.04465423723653294,0.7312695088479024,0.0
robocasa/CleanBlenderJug,68,7810535,1,learned_wam,8,-0.04066483450025446,0.8444724009703228,0.0
robocasa/CleanBlenderJug,68,7810535,1,learned_physics_score,1,-0.0537761640299633,0.47242662859545503,0.0
robocasa/CleanBlenderJug,68,7810535,1,learned_physics_score,2,-0.048766817822483245,0.6145713344112975,0.0
robocasa/CleanBlenderJug,68,7810535,1,learned_physics_score,4,-0.04465423723653294,0.7312695088479024,0.0
robocasa/CleanBlenderJug,68,7810535,1,learned_physics_score,8,-0.04066483450025446,0.8444724009703228,0.0
robocasa/CleanBlenderJug,68,7810535,1,learned_energy_regularized,1,-0.05377616402996329,0.4724266285954551,0.0
robocasa/CleanBlenderJug,68,7810535,1,learned_energy_regularized,2,-0.050183792336746025,0.5743634076407996,0.0
robocasa/CleanBlenderJug,68,7810535,1,learned_energy_regularized,4,-0.04828138566364446,0.6283459086878076,0.0
robocasa/CleanBlenderJug,68,7810535,1,learned_energy_regularized,8,-0.0484787215987737,0.6227463239747459,0.0
robocasa/CleanBlenderJug,68,7810535,1,predicted_progress,1,-0.05377616402996329,0.47242662859545503,0.0
robocasa/CleanBlenderJug,68,7810535,1,predicted_progress,2,-0.0501689556731809,0.5747844113188055,0.0
robocasa/CleanBlenderJug,68,7810535,1,predicted_progress,4,-0.04632578992258778,0.6838376973951114,0.0
robocasa/CleanBlenderJug,68,7810535,1,predicted_progress,8,-0.04131339958054833,0.8260687832680484,0.0
robocasa/CleanBlenderJug,68,7810535,1,predicted_success,1,-0.0537761640299633,0.47242662859545503,0.0
robocasa/CleanBlenderJug,68,7810535,1,predicted_success,2,-0.0537761640299633,0.47242662859545503,0.0
robocasa/CleanBlenderJug,68,7810535,1,predicted_success,4,-0.0537761640299633,0.47242662859545503,0.0
robocasa/CleanBlenderJug,68,7810535,1,predicted_success,8,-0.0537761640299633,0.47242662859545503,0.0
robocasa/CleanBlenderJug,68,7810535,1,low_energy,1,-0.0537761640299633,0.4724266285954551,0.0
robocasa/CleanBlenderJug,68,7810535,1,low_energy,2,-0.05138281855614947,0.5403399598367554,0.0
robocasa/CleanBlenderJug,68,7810535,1,low_energy,4,-0.049887761160291616,0.5827635586278876,0.0
robocasa/CleanBlenderJug,68,7810535,1,low_energy,8,-0.04954860271995616,0.5923874845315227,0.0
robocasa/CleanBlenderJug,68,7810535,1,distance_progress,1,-0.05377616402996329,0.47242662859545503,0.0
robocasa/CleanBlenderJug,68,7810535,1,distance_progress,2,-0.050406215527043864,0.5680519494899741,0.0
robocasa/CleanBlenderJug,68,7810535,1,distance_progress,4,-0.04652968510950127,0.6780519880109593,0.0
robocasa/CleanBlenderJug,68,7810535,1,distance_progress,8,-0.04133723471792124,0.8253924397993356,0.0
robocasa/CleanBlenderJug,68,7810535,1,oracle_real_utility,1,-0.05377616402996329,0.47242662859545503,0.0
robocasa/CleanBlenderJug,68,7810535,1,oracle_real_utility,2,-0.04853559556348019,0.6211324740536298,0.0
robocasa/CleanBlenderJug,68,7810535,1,oracle_real_utility,4,-0.044091163005870807,0.747247246771154,0.0
robocasa/CleanBlenderJug,68,7810535,1,oracle_real_utility,8,-0.04003091879641117,0.8624603294349789,0.0
robocasa/ClearClutter,69,7900531,0,random,1,-0.05745812601364827,0.5232883640289756,0.0
robocasa/ClearClutter,69,7900531,0,random,2,-0.058947406853958224,0.49046303845331235,0.0
robocasa/ClearClutter,69,7900531,0,random,4,-0.06399544706561756,0.3791988906970908,0.0
robocasa/ClearClutter,69,7900531,0,random,8,-0.0688235048733027,0.27278338789481016,0.0
robocasa/ClearClutter,69,7900531,0,learned_wam,1,-0.05745812601364827,0.5232883640289756,0.0
robocasa/ClearClutter,69,7900531,0,learned_wam,2,-0.0523110380985653,0.6367356279741664,0.0
robocasa/ClearClutter,69,7900531,0,learned_wam,4,-0.04622498173957993,0.7708787499752195,0.0
robocasa/ClearClutter,69,7900531,0,learned_wam,8,-0.04113922254592918,0.8829742640061817,0.0
robocasa/ClearClutter,69,7900531,0,learned_physics_score,1,-0.05745812601364827,0.5232883640289756,0.0
robocasa/ClearClutter,69,7900531,0,learned_physics_score,2,-0.0523110380985653,0.6367356279741664,0.0
robocasa/ClearClutter,69,7900531,0,learned_physics_score,4,-0.04622498173957993,0.7708787499752195,0.0
robocasa/ClearClutter,69,7900531,0,learned_physics_score,8,-0.04113922254592918,0.8829742640061817,0.0
robocasa/ClearClutter,69,7900531,0,learned_energy_regularized,1,-0.05745812601364826,0.5232883640289756,0.0
robocasa/ClearClutter,69,7900531,0,learned_energy_regularized,2,-0.05212842008580901,0.6407607222092191,0.0
robocasa/ClearClutter,69,7900531,0,learned_energy_regularized,4,-0.048461659445714324,0.7215800066324876,0.0
robocasa/ClearClutter,69,7900531,0,learned_energy_regularized,8,-0.04772035847976109,0.7379190643161304,0.0
robocasa/ClearClutter,69,7900531,0,predicted_progress,1,-0.05745812601364827,0.5232883640289756,0.0
robocasa/ClearClutter,69,7900531,0,predicted_progress,2,-0.054601219062280076,0.5862576162208711,0.0
robocasa/ClearClutter,69,7900531,0,predicted_progress,4,-0.05411970280683788,0.5968707439984197,0.0
robocasa/ClearClutter,69,7900531,0,predicted_progress,8,-0.05820839395239891,0.5067516647766401,0.0
robocasa/ClearClutter,69,7900531,0,predicted_success,1,-0.05745812601364826,0.5232883640289756,0.0
robocasa/ClearClutter,69,7900531,0,predicted_success,2,-0.05745812601364826,0.5232883640289756,0.0
robocasa/ClearClutter,69,7900531,0,predicted_success,4,-0.05745812601364826,0.5232883640289756,0.0
robocasa/ClearClutter,69,7900531,0,predicted_success,8,-0.05745812601364826,0.5232883640289756,0.0
robocasa/ClearClutter,69,7900531,0,low_energy,1,-0.05745812601364826,0.5232883640289756,0.0
robocasa/ClearClutter,69,7900531,0,low_energy,2,-0.051595897923857624,0.6524980741371952,0.0
robocasa/ClearClutter,69,7900531,0,low_energy,4,-0.04779003392525854,0.7363833437715708,0.0
robocasa/ClearClutter,69,7900531,0,low_energy,8,-0.04753411059680333,0.7420241647313038,0.0
robocasa/ClearClutter,69,7900531,0,distance_progress,1,-0.05745812601364827,0.5232883640289755,0.0
robocasa/ClearClutter,69,7900531,0,distance_progress,2,-0.05414176493874919,0.5963844712664537,0.0
robocasa/ClearClutter,69,7900531,0,distance_progress,4,-0.05206402297430029,0.6421801026874947,0.0
robocasa/ClearClutter,69,7900531,0,distance_progress,8,-0.05301714724284991,0.6211722352776815,0.0
robocasa/ClearClutter,69,7900531,0,oracle_real_utility,1,-0.05745812601364827,0.5232883640289756,0.0
robocasa/ClearClutter,69,7900531,0,oracle_real_utility,2,-0.050066764113530914,0.6862018013417176,0.0
robocasa/ClearClutter,69,7900531,0,oracle_real_utility,4,-0.044205393098419005,0.81539262061712,0.0
robocasa/ClearClutter,69,7900531,0,oracle_real_utility,8,-0.03973381763715589,0.9139508752989968,0.0
robocasa/ClearClutter,69,7910538,1,random,1,-0.05054752189440372,0.6086144484442915,0.0
robocasa/ClearClutter,69,7910538,1,random,2,-0.05248649794412145,0.581061895300418,0.0
robocasa/ClearClutter,69,7910538,1,random,4,-0.04990187807665399,0.6177889483578684,0.0
robocasa/ClearClutter,69,7910538,1,random,8,-0.04991219439581933,0.6176423550401771,0.0
robocasa/ClearClutter,69,7910538,1,learned_wam,1,-0.05054752189440372,0.6086144484442915,0.0
robocasa/ClearClutter,69,7910538,1,learned_wam,2,-0.041236773061336406,0.7409187654933295,0.0
robocasa/ClearClutter,69,7910538,1,learned_wam,4,-0.0366710023521887,0.8057976690387583,0.0
robocasa/ClearClutter,69,7910538,1,learned_wam,8,-0.035834730598001255,0.8176809627768755,0.0
robocasa/ClearClutter,69,7910538,1,learned_physics_score,1,-0.05054752189440372,0.6086144484442915,0.0
robocasa/ClearClutter,69,7910538,1,learned_physics_score,2,-0.041236773061336406,0.7409187654933295,0.0
robocasa/ClearClutter,69,7910538,1,learned_physics_score,4,-0.0366710023521887,0.8057976690387583,0.0
robocasa/ClearClutter,69,7910538,1,learned_physics_score,8,-0.035834730598001255,0.8176809627768755,0.0
robocasa/ClearClutter,69,7910538,1,learned_energy_regularized,1,-0.05054752189440372,0.6086144484442915,0.0
robocasa/ClearClutter,69,7910538,1,learned_energy_regularized,2,-0.04136709007184367,0.7390669807030661,0.0
robocasa/ClearClutter,69,7910538,1,learned_energy_regularized,4,-0.03767760840805236,0.7914939509226083,0.0
robocasa/ClearClutter,69,7910538,1,learned_energy_regularized,8,-0.03798326663309319,0.7871505942883035,0.0
robocasa/ClearClutter,69,7910538,1,predicted_progress,1,-0.05054752189440372,0.6086144484442915,0.0
robocasa/ClearClutter,69,7910538,1,predicted_progress,2,-0.047481640103003035,0.6521801598426858,0.0
robocasa/ClearClutter,69,7910538,1,predicted_progress,4,-0.04710754287019198,0.6574960243112044,0.0
robocasa/ClearClutter,69,7910538,1,predicted_progress,8,-0.05032841846270675,0.6117278747017819,0.0
robocasa/ClearClutter,69,7910538,1,predicted_success,1,-0.05054752189440372,0.6086144484442915,0.0
robocasa/ClearClutter,69,7910538,1,predicted_success,2,-0.05054752189440372,0.6086144484442915,0.0
robocasa/ClearClutter,69,7910538,1,predicted_success,4,-0.05054752189440372,0.6086144484442915,0.0
robocasa/ClearClutter,69,7910538,1,predicted_success,8,-0.05054752189440372,0.6086144484442915,0.0
robocasa/ClearClutter,69,7910538,1,low_energy,1,-0.05054752189440372,0.6086144484442915,0.0
robocasa/ClearClutter,69,7910538,1,low_energy,2,-0.041743299613763385,0.7337211006451436,0.0
robocasa/ClearClutter,69,7910538,1,low_energy,4,-0.037424976771708036,0.7950838078407554,0.0
robocasa/ClearClutter,69,7910538,1,low_energy,8,-0.03673723541239415,0.8048565073820902,0.0
robocasa/ClearClutter,69,7910538,1,distance_progress,1,-0.05054752189440373,0.6086144484442915,0.0
robocasa/ClearClutter,69,7910538,1,distance_progress,2,-0.041268636372007936,0.740465992721461,0.0
robocasa/ClearClutter,69,7910538,1,distance_progress,4,-0.03614425998307663,0.8132825975504863,0.0
robocasa/ClearClutter,69,7910538,1,distance_progress,8,-0.0311278523954684,0.8845649822241017,0.0
robocasa/ClearClutter,69,7910538,1,oracle_real_utility,1,-0.05054752189440373,0.6086144484442915,0.0
robocasa/ClearClutter,69,7910538,1,oracle_real_utility,2,-0.04007304233998613,0.7574552010773736,0.0
robocasa/ClearClutter,69,7910538,1,oracle_real_utility,4,-0.033260127249272936,0.854265682634843,0.0
robocasa/ClearClutter,69,7910538,1,oracle_real_utility,8,-0.028199478478459324,0.9261767277561166,0.0
robocasa/ClearFoodWaste,70,8000534,0,random,1,-0.05601586742662003,0.5265919547274902,0.0
robocasa/ClearFoodWaste,70,8000534,0,random,2,-0.05783901760843336,0.501389336377224,0.0
robocasa/ClearFoodWaste,70,8000534,0,random,4,-0.05185727553201385,0.5840789382134183,0.0
robocasa/ClearFoodWaste,70,8000534,0,random,8,-0.03816812357825196,0.7733131964061897,0.0
robocasa/ClearFoodWaste,70,8000534,0,learned_wam,1,-0.05601586742662003,0.5265919547274902,0.0
robocasa/ClearFoodWaste,70,8000534,0,learned_wam,2,-0.04257163025149191,0.7124405929335922,0.0
robocasa/ClearFoodWaste,70,8000534,0,learned_wam,4,-0.0313332354932016,0.8677964033260805,0.0
robocasa/ClearFoodWaste,70,8000534,0,learned_wam,8,-0.025569928415661913,0.9474664327946088,0.0
robocasa/ClearFoodWaste,70,8000534,0,learned_physics_score,1,-0.05601586742662003,0.5265919547274902,0.0
robocasa/ClearFoodWaste,70,8000534,0,learned_physics_score,2,-0.04257163025149191,0.7124405929335922,0.0
robocasa/ClearFoodWaste,70,8000534,0,learned_physics_score,4,-0.0313332354932016,0.8677964033260805,0.0
robocasa/ClearFoodWaste,70,8000534,0,learned_physics_score,8,-0.025569928415661913,0.9474664327946088,0.0
robocasa/ClearFoodWaste,70,8000534,0,learned_energy_regularized,1,-0.05601586742662003,0.5265919547274902,0.0
robocasa/ClearFoodWaste,70,8000534,0,learned_energy_regularized,2,-0.04257163025149191,0.7124405929335922,0.0
robocasa/ClearFoodWaste,70,8000534,0,learned_energy_regularized,4,-0.0313332354932016,0.8677964033260805,0.0
robocasa/ClearFoodWaste,70,8000534,0,learned_energy_regularized,8,-0.025569928415661913,0.9474664327946088,0.0
robocasa/ClearFoodWaste,70,8000534,0,predicted_progress,1,-0.05601586742662002,0.5265919547274902,0.0
robocasa/ClearFoodWaste,70,8000534,0,predicted_progress,2,-0.04344542875585515,0.7003614946562376,0.0
robocasa/ClearFoodWaste,70,8000534,0,predicted_progress,4,-0.033608282271100534,0.8363469175709569,0.0
robocasa/ClearFoodWaste,70,8000534,0,predicted_progress,8,-0.027927734419568893,0.9148729111784516,0.0
robocasa/ClearFoodWaste,70,8000534,0,predicted_success,1,-0.05601586742662003,0.5265919547274902,0.0
robocasa/ClearFoodWaste,70,8000534,0,predicted_success,2,-0.05601586742662003,0.5265919547274902,0.0
robocasa/ClearFoodWaste,70,8000534,0,predicted_success,4,-0.05601586742662003,0.5265919547274902,0.0
robocasa/ClearFoodWaste,70,8000534,0,predicted_success,8,-0.05601586742662003,0.5265919547274902,0.0
robocasa/ClearFoodWaste,70,8000534,0,low_energy,1,-0.05601586742662003,0.5265919547274902,0.0
robocasa/ClearFoodWaste,70,8000534,0,low_energy,2,-0.043553963218190946,0.6988611505488861,0.0
robocasa/ClearFoodWaste,70,8000534,0,low_energy,4,-0.03365092733650714,0.8357574064496647,0.0
robocasa/ClearFoodWaste,70,8000534,0,low_energy,8,-0.027375944786944748,0.9225006665106142,0.0
robocasa/ClearFoodWaste,70,8000534,0,distance_progress,1,-0.05601586742662002,0.5265919547274902,0.0
robocasa/ClearFoodWaste,70,8000534,0,distance_progress,2,-0.04344542875585515,0.7003614946562376,0.0
robocasa/ClearFoodWaste,70,8000534,0,distance_progress,4,-0.033608282271100534,0.8363469175709569,0.0
robocasa/ClearFoodWaste,70,8000534,0,distance_progress,8,-0.027927734419568893,0.9148729111784516,0.0
robocasa/ClearFoodWaste,70,8000534,0,oracle_real_utility,1,-0.05601586742662002,0.5265919547274902,0.0
robocasa/ClearFoodWaste,70,8000534,0,oracle_real_utility,2,-0.04171712686500911,0.7242529619547311,0.0
robocasa/ClearFoodWaste,70,8000534,0,oracle_real_utility,4,-0.03042791978787629,0.8803111848484249,0.0
robocasa/ClearFoodWaste,70,8000534,0,oracle_real_utility,8,-0.024285492549504566,0.9652220446213648,0.0
robocasa/ClearFoodWaste,70,8010541,1,random,1,-0.05541181857812822,0.6338189278273241,0.0
robocasa/ClearFoodWaste,70,8010541,1,random,2,-0.05567983514718005,0.6292844453410236,0.0
robocasa/ClearFoodWaste,70,8010541,1,random,4,-0.05050608279278105,0.7168174270610519,0.0
robocasa/ClearFoodWaste,70,8010541,1,random,8,-0.04478003648483464,0.8136944850391642,0.0
robocasa/ClearFoodWaste,70,8010541,1,learned_wam,1,-0.055411818578128214,0.6338189278273241,0.0
robocasa/ClearFoodWaste,70,8010541,1,learned_wam,2,-0.04719986555018168,0.7727542082664426,0.0
robocasa/ClearFoodWaste,70,8010541,1,learned_wam,4,-0.0423276536466571,0.8551855281816112,0.0
robocasa/ClearFoodWaste,70,8010541,1,learned_wam,8,-0.03995759360011862,0.895283779608862,0.0
robocasa/ClearFoodWaste,70,8010541,1,learned_physics_score,1,-0.055411818578128214,0.6338189278273241,0.0
robocasa/ClearFoodWaste,70,8010541,1,learned_physics_score,2,-0.04719986555018168,0.7727542082664426,0.0
robocasa/ClearFoodWaste,70,8010541,1,learned_physics_score,4,-0.0423276536466571,0.8551855281816112,0.0
robocasa/ClearFoodWaste,70,8010541,1,learned_physics_score,8,-0.03995759360011862,0.895283779608862,0.0
robocasa/ClearFoodWaste,70,8010541,1,learned_energy_regularized,1,-0.05541181857812822,0.6338189278273241,0.0
robocasa/ClearFoodWaste,70,8010541,1,learned_energy_regularized,2,-0.047608852415065066,0.7658346966015424,0.0
robocasa/ClearFoodWaste,70,8010541,1,learned_energy_regularized,4,-0.044384746343968856,0.8203822664218761,0.0
robocasa/ClearFoodWaste,70,8010541,1,learned_energy_regularized,8,-0.044770153732347856,0.813861688015556,0.0
robocasa/ClearFoodWaste,70,8010541,1,predicted_progress,1,-0.05541181857812822,0.6338189278273241,0.0
robocasa/ClearFoodWaste,70,8010541,1,predicted_progress,2,-0.04844212085080277,0.7517369072685665,0.0
robocasa/ClearFoodWaste,70,8010541,1,predicted_progress,4,-0.04322280219055526,0.8400408100423432,0.0
robocasa/ClearFoodWaste,70,8010541,1,predicted_progress,8,-0.03803535970558712,0.9278054104922153,0.0
robocasa/ClearFoodWaste,70,8010541,1,predicted_success,1,-0.05541181857812822,0.6338189278273241,0.0
robocasa/ClearFoodWaste,70,8010541,1,predicted_success,2,-0.05541181857812822,0.6338189278273241,0.0
robocasa/ClearFoodWaste,70,8010541,1,predicted_success,4,-0.05541181857812822,0.6338189278273241,0.0
robocasa/ClearFoodWaste,70,8010541,1,predicted_success,8,-0.05541181857812822,0.6338189278273241,0.0
robocasa/ClearFoodWaste,70,8010541,1,low_energy,1,-0.05541181857812822,0.6338189278273241,0.0
robocasa/ClearFoodWaste,70,8010541,1,low_energy,2,-0.047608852415065066,0.7658346966015424,0.0
robocasa/ClearFoodWaste,70,8010541,1,low_energy,4,-0.044384746343968856,0.8203822664218761,0.0
robocasa/ClearFoodWaste,70,8010541,1,low_energy,8,-0.044770153732347856,0.813861688015556,0.0
robocasa/ClearFoodWaste,70,8010541,1,distance_progress,1,-0.055411818578128214,0.6338189278273241,0.0
robocasa/ClearFoodWaste,70,8010541,1,distance_progress,2,-0.050419417554090976,0.7182836871822131,0.0
robocasa/ClearFoodWaste,70,8010541,1,distance_progress,4,-0.042887083802265774,0.8457207169130759,0.0
robocasa/ClearFoodWaste,70,8010541,1,distance_progress,8,-0.03751099248422787,0.9366770037301086,0.0
robocasa/ClearFoodWaste,70,8010541,1,oracle_real_utility,1,-0.05541181857812822,0.6338189278273241,0.0
robocasa/ClearFoodWaste,70,8010541,1,oracle_real_utility,2,-0.046585049870425915,0.7831560686514859,0.0
robocasa/ClearFoodWaste,70,8010541,1,oracle_real_utility,4,-0.04084342999694742,0.8802966105642087,0.0
robocasa/ClearFoodWaste,70,8010541,1,oracle_real_utility,8,-0.036894157624399425,0.9471130259459248,0.0
robocasa/CountertopCleanup,71,8100537,0,random,1,-0.05581143192969969,0.5690352212858621,0.0
robocasa/CountertopCleanup,71,8100537,0,random,2,-0.05812870287458179,0.5182857658912035,0.0
robocasa/CountertopCleanup,71,8100537,0,random,4,-0.05794631161262974,0.5222802306874994,0.0
robocasa/CountertopCleanup,71,8100537,0,random,8,-0.053646795459863464,0.6164419012057167,0.0
robocasa/CountertopCleanup,71,8100537,0,learned_wam,1,-0.05581143192969969,0.5690352212858621,0.0
robocasa/CountertopCleanup,71,8100537,0,learned_wam,2,-0.04768605467081226,0.7469852670823676,0.0
robocasa/CountertopCleanup,71,8100537,0,learned_wam,4,-0.0416897178420394,0.8783082049957154,0.0
robocasa/CountertopCleanup,71,8100537,0,learned_wam,8,-0.039434071695523445,0.9277080448165909,0.0
robocasa/CountertopCleanup,71,8100537,0,learned_physics_score,1,-0.05581143192969969,0.5690352212858621,0.0
robocasa/CountertopCleanup,71,8100537,0,learned_physics_score,2,-0.04768605467081226,0.7469852670823676,0.0
robocasa/CountertopCleanup,71,8100537,0,learned_physics_score,4,-0.0416897178420394,0.8783082049957154,0.0
robocasa/CountertopCleanup,71,8100537,0,learned_physics_score,8,-0.039434071695523445,0.9277080448165909,0.0
robocasa/CountertopCleanup,71,8100537,0,learned_energy_regularized,1,-0.05581143192969969,0.5690352212858621,0.0
robocasa/CountertopCleanup,71,8100537,0,learned_energy_regularized,2,-0.047844421661184675,0.7435169464996398,0.0
robocasa/CountertopCleanup,71,8100537,0,learned_energy_regularized,4,-0.04241969068828727,0.8623214148097049,0.0
robocasa/CountertopCleanup,71,8100537,0,learned_energy_regularized,8,-0.04152651814998653,0.8818823642931214,0.0
robocasa/CountertopCleanup,71,8100537,0,predicted_progress,1,-0.05581143192969969,0.5690352212858621,0.0
robocasa/CountertopCleanup,71,8100537,0,predicted_progress,2,-0.04926434365745583,0.7124199061760605,0.0
robocasa/CountertopCleanup,71,8100537,0,predicted_progress,4,-0.04391838677399651,0.8294991803964908,0.0
robocasa/CountertopCleanup,71,8100537,0,predicted_progress,8,-0.03985081802934276,0.9185810803907168,0.0
robocasa/CountertopCleanup,71,8100537,0,predicted_success,1,-0.05581143192969969,0.5690352212858621,0.0
robocasa/CountertopCleanup,71,8100537,0,predicted_success,2,-0.05581143192969969,0.5690352212858621,0.0
robocasa/CountertopCleanup,71,8100537,0,predicted_success,4,-0.05581143192969969,0.5690352212858621,0.0
robocasa/CountertopCleanup,71,8100537,0,predicted_success,8,-0.05581143192969969,0.5690352212858621,0.0
robocasa/CountertopCleanup,71,8100537,0,low_energy,1,-0.05581143192969969,0.5690352212858621,0.0
robocasa/CountertopCleanup,71,8100537,0,low_energy,2,-0.047844421661184675,0.7435169464996398,0.0
robocasa/CountertopCleanup,71,8100537,0,low_energy,4,-0.04241969068828727,0.8623214148097049,0.0
robocasa/CountertopCleanup,71,8100537,0,low_energy,8,-0.04152651814998653,0.8818823642931214,0.0
robocasa/CountertopCleanup,71,8100537,0,distance_progress,1,-0.05581143192969969,0.5690352212858621,0.0
robocasa/CountertopCleanup,71,8100537,0,distance_progress,2,-0.04746619382845732,0.7518003354440397,0.0
robocasa/CountertopCleanup,71,8100537,0,distance_progress,4,-0.04132122969230509,0.8863782897476533,0.0
robocasa/CountertopCleanup,71,8100537,0,distance_progress,8,-0.037628708769901015,0.9672464447034923,0.0
robocasa/CountertopCleanup,71,8100537,0,oracle_real_utility,1,-0.05581143192969969,0.5690352212858621,0.0
robocasa/CountertopCleanup,71,8100537,0,oracle_real_utility,2,-0.04664739747942924,0.7697324071700865,0.0
robocasa/CountertopCleanup,71,8100537,0,oracle_real_utility,4,-0.04009554970534135,0.9132213276599533,0.0
robocasa/CountertopCleanup,71,8100537,0,oracle_real_utility,8,-0.037222607160506085,0.976140284052406,0.0
robocasa/CountertopCleanup,71,8110544,1,random,1,-0.05617435261176413,0.5293526183180008,0.0
robocasa/CountertopCleanup,71,8110544,1,random,2,-0.061339872500093484,0.41024143645537664,0.0
robocasa/CountertopCleanup,71,8110544,1,random,4,-0.06741700741039022,0.2701094193200849,0.0
robocasa/CountertopCleanup,71,8110544,1,random,8,-0.07420872945619626,0.11349981230141212,0.0
robocasa/CountertopCleanup,71,8110544,1,learned_wam,1,-0.056174352611764136,0.5293526183180008,0.0
robocasa/CountertopCleanup,71,8110544,1,learned_wam,2,-0.04866566747976571,0.7024946020179045,0.0
robocasa/CountertopCleanup,71,8110544,1,learned_wam,4,-0.04351129676957662,0.8213486961500014,0.0
robocasa/CountertopCleanup,71,8110544,1,learned_wam,8,-0.041915613464719045,0.8581433902812664,0.0
robocasa/CountertopCleanup,71,8110544,1,learned_physics_score,1,-0.056174352611764136,0.5293526183180008,0.0
robocasa/CountertopCleanup,71,8110544,1,learned_physics_score,2,-0.04866566747976571,0.7024946020179045,0.0
robocasa/CountertopCleanup,71,8110544,1,learned_physics_score,4,-0.04351129676957662,0.8213486961500014,0.0
robocasa/CountertopCleanup,71,8110544,1,learned_physics_score,8,-0.041915613464719045,0.8581433902812664,0.0
robocasa/CountertopCleanup,71,8110544,1,learned_energy_regularized,1,-0.056174352611764136,0.5293526183180008,0.0
robocasa/CountertopCleanup,71,8110544,1,learned_energy_regularized,2,-0.0492312218516061,0.6894535430163349,0.0
robocasa/CountertopCleanup,71,8110544,1,learned_energy_regularized,4,-0.04472551438639932,0.7933501793492179,0.0
robocasa/CountertopCleanup,71,8110544,1,learned_energy_regularized,8,-0.04368417648113508,0.8173622809954839,0.0
robocasa/CountertopCleanup,71,8110544,1,predicted_progress,1,-0.05617435261176414,0.5293526183180008,0.0
robocasa/CountertopCleanup,71,8110544,1,predicted_progress,2,-0.05221563563194917,0.620636258361811,0.0
robocasa/CountertopCleanup,71,8110544,1,predicted_progress,4,-0.04714037209901362,0.7376662283824564,0.0
robocasa/CountertopCleanup,71,8110544,1,predicted_progress,8,-0.04113143065742932,0.8762257794680088,0.0
robocasa/CountertopCleanup,71,8110544,1,predicted_success,1,-0.056174352611764136,0.5293526183180008,0.0
robocasa/CountertopCleanup,71,8110544,1,predicted_success,2,-0.056174352611764136,0.5293526183180008,0.0
robocasa/CountertopCleanup,71,8110544,1,predicted_success,4,-0.056174352611764136,0.5293526183180008,0.0
robocasa/CountertopCleanup,71,8110544,1,predicted_success,8,-0.056174352611764136,0.5293526183180008,0.0
robocasa/CountertopCleanup,71,8110544,1,low_energy,1,-0.056174352611764136,0.5293526183180008,0.0
robocasa/CountertopCleanup,71,8110544,1,low_energy,2,-0.05097616846297777,0.6492170019399472,0.0
robocasa/CountertopCleanup,71,8110544,1,low_energy,4,-0.04674806079778536,0.7467124935711624,0.0
robocasa/CountertopCleanup,71,8110544,1,low_energy,8,-0.04418391228643091,0.8058389254234066,0.0
robocasa/CountertopCleanup,71,8110544,1,distance_progress,1,-0.05617435261176414,0.5293526183180008,0.0
robocasa/CountertopCleanup,71,8110544,1,distance_progress,2,-0.051400465277907495,0.6394331861422364,0.0
robocasa/CountertopCleanup,71,8110544,1,distance_progress,4,-0.04642310112921759,0.7542057045194437,0.0
robocasa/CountertopCleanup,71,8110544,1,distance_progress,8,-0.04103915750741748,0.8783534963657657,0.0
robocasa/CountertopCleanup,71,8110544,1,oracle_real_utility,1,-0.05617435261176414,0.5293526183180008,0.0
robocasa/CountertopCleanup,71,8110544,1,oracle_real_utility,2,-0.0479943237374691,0.7179750470282301,0.0
robocasa/CountertopCleanup,71,8110544,1,oracle_real_utility,4,-0.04216163869399517,0.8524703202978732,0.0
robocasa/CountertopCleanup,71,8110544,1,oracle_real_utility,8,-0.03873622553696186,0.9314565633716517,0.0
robocasa/FoodCleanup,72,8200540,0,random,1,-0.053484137123674606,0.546936184244269,0.0
robocasa/FoodCleanup,72,8200540,0,random,2,-0.04930911728831131,0.6224398896262874,0.0
robocasa/FoodCleanup,72,8200540,0,random,4,-0.04677700952916654,0.6682321315271823,0.0
robocasa/FoodCleanup,72,8200540,0,random,8,-0.042458911897004945,0.7463233464881168,0.0
robocasa/FoodCleanup,72,8200540,0,learned_wam,1,-0.053484137123674606,0.546936184244269,0.0
robocasa/FoodCleanup,72,8200540,0,learned_wam,2,-0.044782745538633796,0.7042976657600395,0.0
robocasa/FoodCleanup,72,8200540,0,learned_wam,4,-0.03971461961949712,0.7959528677296775,0.0
robocasa/FoodCleanup,72,8200540,0,learned_wam,8,-0.035845559897812226,0.8659233964579824,0.0
robocasa/FoodCleanup,72,8200540,0,learned_physics_score,1,-0.053484137123674606,0.546936184244269,0.0
robocasa/FoodCleanup,72,8200540,0,learned_physics_score,2,-0.044782745538633796,0.7042976657600395,0.0
robocasa/FoodCleanup,72,8200540,0,learned_physics_score,4,-0.03971461961949712,0.7959528677296775,0.0
robocasa/FoodCleanup,72,8200540,0,learned_physics_score,8,-0.035845559897812226,0.8659233964579824,0.0
robocasa/FoodCleanup,72,8200540,0,learned_energy_regularized,1,-0.053484137123674606,0.546936184244269,0.0
robocasa/FoodCleanup,72,8200540,0,learned_energy_regularized,2,-0.04544369748156386,0.6923445918254046,0.0
robocasa/FoodCleanup,72,8200540,0,learned_energy_regularized,4,-0.0407163749080005,0.7778364900474967,0.0
robocasa/FoodCleanup,72,8200540,0,learned_energy_regularized,8,-0.03618104071244253,0.8598563487341333,0.0
robocasa/FoodCleanup,72,8200540,0,predicted_progress,1,-0.05348413712367461,0.546936184244269,0.0
robocasa/FoodCleanup,72,8200540,0,predicted_progress,2,-0.046708857228352864,0.6694646409390317,0.0
robocasa/FoodCleanup,72,8200540,0,predicted_progress,4,-0.03901560767602019,0.8085942428416598,0.0
robocasa/FoodCleanup,72,8200540,0,predicted_progress,8,-0.03199975278820169,0.9354734102089565,0.0
robocasa/FoodCleanup,72,8200540,0,predicted_success,1,-0.053484137123674606,0.546936184244269,0.0
robocasa/FoodCleanup,72,8200540,0,predicted_success,2,-0.053484137123674606,0.546936184244269,0.0
robocasa/FoodCleanup,72,8200540,0,predicted_success,4,-0.053484137123674606,0.546936184244269,0.0
robocasa/FoodCleanup,72,8200540,0,predicted_success,8,-0.053484137123674606,0.546936184244269,0.0
robocasa/FoodCleanup,72,8200540,0,low_energy,1,-0.0534841371236746,0.546936184244269,0.0
robocasa/FoodCleanup,72,8200540,0,low_energy,2,-0.047932741672782615,0.6473311387862642,0.0
robocasa/FoodCleanup,72,8200540,0,low_energy,4,-0.047120287669866645,0.6620240720157111,0.0
robocasa/FoodCleanup,72,8200540,0,low_energy,8,-0.049333171592507705,0.6220048763404031,0.0
robocasa/FoodCleanup,72,8200540,0,distance_progress,1,-0.0534841371236746,0.546936184244269,0.0
robocasa/FoodCleanup,72,8200540,0,distance_progress,2,-0.045964730156981444,0.6829219066237879,0.0
robocasa/FoodCleanup,72,8200540,0,distance_progress,4,-0.03710824891921923,0.8430881277356898,0.0
robocasa/FoodCleanup,72,8200540,0,distance_progress,8,-0.031227561888958567,0.9494381999475077,0.0
robocasa/FoodCleanup,72,8200540,0,oracle_real_utility,1,-0.053484137123674606,0.546936184244269,0.0
robocasa/FoodCleanup,72,8200540,0,oracle_real_utility,2,-0.043235823371933484,0.732273186866346,0.0
robocasa/FoodCleanup,72,8200540,0,oracle_real_utility,4,-0.03536917979873943,0.8745385561622764,0.0
robocasa/FoodCleanup,72,8200540,0,oracle_real_utility,8,-0.030529334767786846,0.9620653818353986,0.0
robocasa/FoodCleanup,72,8210547,1,random,1,-0.05249024094558195,0.50085832173377,0.0
robocasa/FoodCleanup,72,8210547,1,random,2,-0.05300766109242489,0.48374920756498013,0.0
robocasa/FoodCleanup,72,8210547,1,random,4,-0.05248737603085514,0.5009530535555666,0.0
robocasa/FoodCleanup,72,8210547,1,random,8,-0.052447313979371434,0.5022777530610901,0.0
robocasa/FoodCleanup,72,8210547,1,learned_wam,1,-0.05249024094558194,0.5008583217337701,0.0
robocasa/FoodCleanup,72,8210547,1,learned_wam,2,-0.0480451646774719,0.647840069205534,0.0
robocasa/FoodCleanup,72,8210547,1,learned_wam,4,-0.0441220008689093,0.7775641588319384,0.0
robocasa/FoodCleanup,72,8210547,1,learned_wam,8,-0.0424137528767988,0.8340494157434665,0.0
robocasa/FoodCleanup,72,8210547,1,learned_physics_score,1,-0.05249024094558194,0.5008583217337701,0.0
robocasa/FoodCleanup,72,8210547,1,learned_physics_score,2,-0.0480451646774719,0.647840069205534,0.0
robocasa/FoodCleanup,72,8210547,1,learned_physics_score,4,-0.0441220008689093,0.7775641588319384,0.0
robocasa/FoodCleanup,72,8210547,1,learned_physics_score,8,-0.0424137528767988,0.8340494157434665,0.0
robocasa/FoodCleanup,72,8210547,1,learned_energy_regularized,1,-0.05249024094558194,0.5008583217337701,0.0
robocasa/FoodCleanup,72,8210547,1,learned_energy_regularized,2,-0.04827424884314852,0.6402651280890393,0.0
robocasa/FoodCleanup,72,8210547,1,learned_energy_regularized,4,-0.04414705694953018,0.7767356496473218,0.0
robocasa/FoodCleanup,72,8210547,1,learned_energy_regularized,8,-0.04241386386041483,0.8340457459378566,0.0
robocasa/FoodCleanup,72,8210547,1,predicted_progress,1,-0.05249024094558194,0.5008583217337701,0.0
robocasa/FoodCleanup,72,8210547,1,predicted_progress,2,-0.05138403727614933,0.5374362651898479,0.0
robocasa/FoodCleanup,72,8210547,1,predicted_progress,4,-0.05060861997591152,0.5630763628922095,0.0
robocasa/FoodCleanup,72,8210547,1,predicted_progress,8,-0.05183075428623968,0.5226650345498938,0.0
robocasa/FoodCleanup,72,8210547,1,predicted_success,1,-0.05249024094558195,0.5008583217337701,0.0
robocasa/FoodCleanup,72,8210547,1,predicted_success,2,-0.05249024094558195,0.5008583217337701,0.0
robocasa/FoodCleanup,72,8210547,1,predicted_success,4,-0.05249024094558195,0.5008583217337701,0.0
robocasa/FoodCleanup,72,8210547,1,predicted_success,8,-0.05249024094558195,0.5008583217337701,0.0
robocasa/FoodCleanup,72,8210547,1,low_energy,1,-0.05249024094558194,0.5008583217337701,0.0
robocasa/FoodCleanup,72,8210547,1,low_energy,2,-0.04827424884314852,0.6402651280890393,0.0
robocasa/FoodCleanup,72,8210547,1,low_energy,4,-0.04414705694953018,0.7767356496473218,0.0
robocasa/FoodCleanup,72,8210547,1,low_energy,8,-0.04241386386041483,0.8340457459378566,0.0
robocasa/FoodCleanup,72,8210547,1,distance_progress,1,-0.05249024094558194,0.5008583217337701,0.0
robocasa/FoodCleanup,72,8210547,1,distance_progress,2,-0.052170068618071413,0.5114452015421582,0.0
robocasa/FoodCleanup,72,8210547,1,distance_progress,4,-0.05362252832791882,0.463417889206194,0.0
robocasa/FoodCleanup,72,8210547,1,distance_progress,8,-0.0547819983013723,0.42507863188863826,0.0
robocasa/FoodCleanup,72,8210547,1,oracle_real_utility,1,-0.05249024094558194,0.5008583217337701,0.0
robocasa/FoodCleanup,72,8210547,1,oracle_real_utility,2,-0.04725968934996376,0.6738127475735902,0.0
robocasa/FoodCleanup,72,8210547,1,oracle_real_utility,4,-0.04301675024940688,0.8141105885555807,0.0
robocasa/FoodCleanup,72,8210547,1,oracle_real_utility,8,-0.03992556119176666,0.9163244409290822,0.0
robocasa/GatherProduceWashing,73,8300543,0,random,1,-0.046050040316981636,0.3362982972097472,0.0
robocasa/GatherProduceWashing,73,8300543,0,random,2,-0.043473676483474694,0.38095981308115145,0.0
robocasa/GatherProduceWashing,73,8300543,0,random,4,-0.04458243678688128,0.3617393461408238,0.0
robocasa/GatherProduceWashing,73,8300543,0,random,8,-0.0461232297488756,0.3350295513394477,0.0
robocasa/GatherProduceWashing,73,8300543,0,learned_wam,1,-0.046050040316981636,0.33629829720974724,0.0
robocasa/GatherProduceWashing,73,8300543,0,learned_wam,2,-0.03926856773569401,0.4538557793408339,0.0
robocasa/GatherProduceWashing,73,8300543,0,learned_wam,4,-0.03060576020258398,0.6040263845554995,0.0
robocasa/GatherProduceWashing,73,8300543,0,learned_wam,8,-0.02055148992474787,0.7783181308333279,0.0
robocasa/GatherProduceWashing,73,8300543,0,learned_physics_score,1,-0.046050040316981636,0.33629829720974724,0.0
robocasa/GatherProduceWashing,73,8300543,0,learned_physics_score,2,-0.03926856773569401,0.4538557793408339,0.0
robocasa/GatherProduceWashing,73,8300543,0,learned_physics_score,4,-0.03060576020258398,0.6040263845554995,0.0
robocasa/GatherProduceWashing,73,8300543,0,learned_physics_score,8,-0.02055148992474787,0.7783181308333279,0.0
robocasa/GatherProduceWashing,73,8300543,0,learned_energy_regularized,1,-0.046050040316981636,0.33629829720974724,0.0
robocasa/GatherProduceWashing,73,8300543,0,learned_energy_regularized,2,-0.03919788108216001,0.4550811393065527,0.0
robocasa/GatherProduceWashing,73,8300543,0,learned_energy_regularized,4,-0.03001325931280587,0.6142974447017779,0.0
robocasa/GatherProduceWashing,73,8300543,0,learned_energy_regularized,8,-0.02043006217631291,0.780423092579579,0.0
robocasa/GatherProduceWashing,73,8300543,0,predicted_progress,1,-0.046050040316981636,0.3362982972097472,0.0
robocasa/GatherProduceWashing,73,8300543,0,predicted_progress,2,-0.044762220831723536,0.3586227723604746,0.0
robocasa/GatherProduceWashing,73,8300543,0,predicted_progress,4,-0.047370446203806676,0.3134089336407594,0.0
robocasa/GatherProduceWashing,73,8300543,0,predicted_progress,8,-0.049822967283479,0.27089424386744315,0.0
robocasa/GatherProduceWashing,73,8300543,0,predicted_success,1,-0.046050040316981636,0.33629829720974724,0.0
robocasa/GatherProduceWashing,73,8300543,0,predicted_success,2,-0.046050040316981636,0.33629829720974724,0.0
robocasa/GatherProduceWashing,73,8300543,0,predicted_success,4,-0.046050040316981636,0.33629829720974724,0.0
robocasa/GatherProduceWashing,73,8300543,0,predicted_success,8,-0.046050040316981636,0.33629829720974724,0.0
robocasa/GatherProduceWashing,73,8300543,0,low_energy,1,-0.046050040316981636,0.33629829720974724,0.0
robocasa/GatherProduceWashing,73,8300543,0,low_energy,2,-0.03958681563660377,0.4483389212431269,0.0
robocasa/GatherProduceWashing,73,8300543,0,low_energy,4,-0.030347499945530976,0.6085033510535214,0.0
robocasa/GatherProduceWashing,73,8300543,0,low_energy,8,-0.020469134562067597,0.7797457689990266,0.0
robocasa/GatherProduceWashing,73,8300543,0,distance_progress,1,-0.046050040316981636,0.3362982972097472,0.0
robocasa/GatherProduceWashing,73,8300543,0,distance_progress,2,-0.03989454127253196,0.44300446762508444,0.0
robocasa/GatherProduceWashing,73,8300543,0,distance_progress,4,-0.03654412187949335,0.5010843113769552,0.0
robocasa/GatherProduceWashing,73,8300543,0,distance_progress,8,-0.03738106011003947,0.48657590632143155,0.0
robocasa/GatherProduceWashing,73,8300543,0,oracle_real_utility,1,-0.046050040316981636,0.33629829720974724,0.0
robocasa/GatherProduceWashing,73,8300543,0,oracle_real_utility,2,-0.037923633943432324,0.47717033651939833,0.0
robocasa/GatherProduceWashing,73,8300543,0,oracle_real_utility,4,-0.02951771728348811,0.6228877136379777,0.0
robocasa/GatherProduceWashing,73,8300543,0,oracle_real_utility,8,-0.020228329085687457,0.7839201551883535,0.0
robocasa/GatherProduceWashing,73,8310550,1,random,1,-0.053602865586061005,0.6454796813732753,0.0
robocasa/GatherProduceWashing,73,8310550,1,random,2,-0.049516921885020125,0.7240546697295123,0.0
robocasa/GatherProduceWashing,73,8310550,1,random,4,-0.048824665118828256,0.7373671554911726,0.0
robocasa/GatherProduceWashing,73,8310550,1,random,8,-0.05266420393260651,0.6635306712760103,0.0
robocasa/GatherProduceWashing,73,8310550,1,learned_wam,1,-0.053602865586061005,0.6454796813732752,0.0
robocasa/GatherProduceWashing,73,8310550,1,learned_wam,2,-0.04929237867071473,0.7283727616417977,0.0
robocasa/GatherProduceWashing,73,8310550,1,learned_wam,4,-0.047127841224917706,0.7699980303788128,0.0
robocasa/GatherProduceWashing,73,8310550,1,learned_wam,8,-0.04655920564230141,0.7809332114660203,0.0
robocasa/GatherProduceWashing,73,8310550,1,learned_physics_score,1,-0.053602865586061005,0.6454796813732752,0.0
robocasa/GatherProduceWashing,73,8310550,1,learned_physics_score,2,-0.04929237867071473,0.7283727616417977,0.0
robocasa/GatherProduceWashing,73,8310550,1,learned_physics_score,4,-0.047127841224917706,0.7699980303788128,0.0
robocasa/GatherProduceWashing,73,8310550,1,learned_physics_score,8,-0.04655920564230141,0.7809332114660203,0.0
robocasa/GatherProduceWashing,73,8310550,1,learned_energy_regularized,1,-0.053602865586061,0.6454796813732752,0.0
robocasa/GatherProduceWashing,73,8310550,1,learned_energy_regularized,2,-0.046649709293193925,0.779192775514036,0.0
robocasa/GatherProduceWashing,73,8310550,1,learned_energy_regularized,4,-0.042984318636022915,0.849680293032915,0.0
robocasa/GatherProduceWashing,73,8310550,1,learned_energy_regularized,8,-0.042269916600789284,0.8634186447350822,0.0
robocasa/GatherProduceWashing,73,8310550,1,predicted_progress,1,-0.053602865586061005,0.6454796813732753,0.0
robocasa/GatherProduceWashing,73,8310550,1,predicted_progress,2,-0.056158974740932094,0.5963242691168353,0.0
robocasa/GatherProduceWashing,73,8310550,1,predicted_progress,4,-0.05766634089879403,0.5673367727222045,0.0
robocasa/GatherProduceWashing,73,8310550,1,predicted_progress,8,-0.0581536258598426,0.5579660097009698,0.0
robocasa/GatherProduceWashing,73,8310550,1,predicted_success,1,-0.053602865586061,0.6454796813732752,0.0
robocasa/GatherProduceWashing,73,8310550,1,predicted_success,2,-0.053602865586061,0.6454796813732752,0.0
robocasa/GatherProduceWashing,73,8310550,1,predicted_success,4,-0.053602865586061,0.6454796813732752,0.0
robocasa/GatherProduceWashing,73,8310550,1,predicted_success,8,-0.053602865586061,0.6454796813732752,0.0
robocasa/GatherProduceWashing,73,8310550,1,low_energy,1,-0.053602865586061,0.6454796813732752,0.0
robocasa/GatherProduceWashing,73,8310550,1,low_energy,2,-0.04696258902168381,0.7731759229037729,0.0
robocasa/GatherProduceWashing,73,8310550,1,low_energy,4,-0.04352183739021857,0.8393435060034158,0.0
robocasa/GatherProduceWashing,73,8310550,1,low_energy,8,-0.04301023863619569,0.84918183689627,0.0
robocasa/GatherProduceWashing,73,8310550,1,distance_progress,1,-0.053602865586061,0.6454796813732753,0.0
robocasa/GatherProduceWashing,73,8310550,1,distance_progress,2,-0.04669161667667468,0.7783868730322661,0.0
robocasa/GatherProduceWashing,73,8310550,1,distance_progress,4,-0.0429265206772199,0.8507917801879642,0.0
robocasa/GatherProduceWashing,73,8310550,1,distance_progress,8,-0.0398330946631371,0.9102800969201593,0.0
robocasa/GatherProduceWashing,73,8310550,1,oracle_real_utility,1,-0.053602865586061,0.6454796813732753,0.0
robocasa/GatherProduceWashing,73,8310550,1,oracle_real_utility,2,-0.04568296392327906,0.7977838310308204,0.0
robocasa/GatherProduceWashing,73,8310550,1,oracle_real_utility,4,-0.040615711395134785,0.8952299383512956,0.0
robocasa/GatherProduceWashing,73,8310550,1,oracle_real_utility,8,-0.03736629473577269,0.9577180426560363,0.0
robocasa/RinseBowls,74,8400546,0,random,1,-0.04267908986852952,0.6062400721166223,0.0
robocasa/RinseBowls,74,8400546,0,random,2,-0.044850547072081755,0.5438605171908018,0.0
robocasa/RinseBowls,74,8400546,0,random,4,-0.04959489530013128,0.4075693987682528,0.0
robocasa/RinseBowls,74,8400546,0,random,8,-0.055571760088464935,0.23587171817931407,0.0
robocasa/RinseBowls,74,8400546,0,learned_wam,1,-0.04267908986852952,0.6062400721166223,0.0
robocasa/RinseBowls,74,8400546,0,learned_wam,2,-0.036309248605487066,0.7892268066867086,0.0
robocasa/RinseBowls,74,8400546,0,learned_wam,4,-0.03202770719924859,0.9122228514076071,0.0
robocasa/RinseBowls,74,8400546,0,learned_wam,8,-0.02992680231646361,0.9725756464409252,0.0
robocasa/RinseBowls,74,8400546,0,learned_physics_score,1,-0.04267908986852952,0.6062400721166223,0.0
robocasa/RinseBowls,74,8400546,0,learned_physics_score,2,-0.036309248605487066,0.7892268066867086,0.0
robocasa/RinseBowls,74,8400546,0,learned_physics_score,4,-0.03202770719924859,0.9122228514076071,0.0
robocasa/RinseBowls,74,8400546,0,learned_physics_score,8,-0.02992680231646361,0.9725756464409252,0.0
robocasa/RinseBowls,74,8400546,0,learned_energy_regularized,1,-0.04267908986852952,0.6062400721166223,0.0
robocasa/RinseBowls,74,8400546,0,learned_energy_regularized,2,-0.03657378079815503,0.781627577737971,0.0
robocasa/RinseBowls,74,8400546,0,learned_energy_regularized,4,-0.0329964538797585,0.8843936191910027,0.0
robocasa/RinseBowls,74,8400546,0,learned_energy_regularized,8,-0.0320644448042254,0.9111674884726411,0.0
robocasa/RinseBowls,74,8400546,0,predicted_progress,1,-0.04267908986852952,0.6062400721166223,0.0
robocasa/RinseBowls,74,8400546,0,predicted_progress,2,-0.043153615209577306,0.592608359952477,0.0
robocasa/RinseBowls,74,8400546,0,predicted_progress,4,-0.043320084781968984,0.5878261805857838,0.0
robocasa/RinseBowls,74,8400546,0,predicted_progress,8,-0.039391016511708656,0.7006967126741254,0.0
robocasa/RinseBowls,74,8400546,0,predicted_success,1,-0.04267908986852952,0.6062400721166223,0.0
robocasa/RinseBowls,74,8400546,0,predicted_success,2,-0.04267908986852952,0.6062400721166223,0.0
robocasa/RinseBowls,74,8400546,0,predicted_success,4,-0.04267908986852952,0.6062400721166223,0.0
robocasa/RinseBowls,74,8400546,0,predicted_success,8,-0.04267908986852952,0.6062400721166223,0.0
robocasa/RinseBowls,74,8400546,0,low_energy,1,-0.04267908986852952,0.6062400721166223,0.0
robocasa/RinseBowls,74,8400546,0,low_energy,2,-0.03807975690962198,0.7383653299678798,0.0
robocasa/RinseBowls,74,8400546,0,low_energy,4,-0.03535575762261519,0.8166177877477361,0.0
robocasa/RinseBowls,74,8400546,0,low_energy,8,-0.03319020398998708,0.8788277505093097,0.0
robocasa/RinseBowls,74,8400546,0,distance_progress,1,-0.04267908986852952,0.6062400721166223,0.0
robocasa/RinseBowls,74,8400546,0,distance_progress,2,-0.041151419816323795,0.6501255227597235,0.0
robocasa/RinseBowls,74,8400546,0,distance_progress,4,-0.038986874360477444,0.7123065235786765,0.0
robocasa/RinseBowls,74,8400546,0,distance_progress,8,-0.03524552814262652,0.819784355290559,0.0
robocasa/RinseBowls,74,8400546,0,oracle_real_utility,1,-0.04267908986852952,0.6062400721166223,0.0
robocasa/RinseBowls,74,8400546,0,oracle_real_utility,2,-0.03627122328285973,0.7903191619482002,0.0
robocasa/RinseBowls,74,8400546,0,oracle_real_utility,4,-0.032012853557597296,0.9126495526816272,0.0
robocasa/RinseBowls,74,8400546,0,oracle_real_utility,8,-0.029926363524803504,0.9725882516299282,0.0
robocasa/RinseBowls,74,8410553,1,random,1,-0.05602308824670384,0.6285041688352163,0.0
robocasa/RinseBowls,74,8410553,1,random,2,-0.05916307640481448,0.5589671272292692,0.0
robocasa/RinseBowls,74,8410553,1,random,4,-0.058703779448920954,0.5691385514268275,0.0
robocasa/RinseBowls,74,8410553,1,random,8,-0.05802539409701319,0.5841618279696471,0.0
robocasa/RinseBowls,74,8410553,1,learned_wam,1,-0.05602308824670384,0.6285041688352164,0.0
robocasa/RinseBowls,74,8410553,1,learned_wam,2,-0.04894953398067893,0.7851525421827339,0.0
robocasa/RinseBowls,74,8410553,1,learned_wam,4,-0.04511828887444214,0.8699979100440165,0.0
robocasa/RinseBowls,74,8410553,1,learned_wam,8,-0.044267565239134596,0.8888377278537558,0.0
robocasa/RinseBowls,74,8410553,1,learned_physics_score,1,-0.05602308824670384,0.6285041688352164,0.0
robocasa/RinseBowls,74,8410553,1,learned_physics_score,2,-0.04894953398067893,0.7851525421827339,0.0
robocasa/RinseBowls,74,8410553,1,learned_physics_score,4,-0.04511828887444214,0.8699979100440165,0.0
robocasa/RinseBowls,74,8410553,1,learned_physics_score,8,-0.044267565239134596,0.8888377278537558,0.0
robocasa/RinseBowls,74,8410553,1,learned_energy_regularized,1,-0.05602308824670384,0.6285041688352163,0.0
robocasa/RinseBowls,74,8410553,1,learned_energy_regularized,2,-0.04947814105227233,0.7734462012414017,0.0
robocasa/RinseBowls,74,8410553,1,learned_energy_regularized,4,-0.045009959690907646,0.8723969289457658,0.0
robocasa/RinseBowls,74,8410553,1,learned_energy_regularized,8,-0.04208103247478031,0.9372598912988426,0.0
robocasa/RinseBowls,74,8410553,1,predicted_progress,1,-0.056023088246703844,0.6285041688352164,0.0
robocasa/RinseBowls,74,8410553,1,predicted_progress,2,-0.05138347203754776,0.7312514306484073,0.0
robocasa/RinseBowls,74,8410553,1,predicted_progress,4,-0.04732251738463881,0.8211838630143653,0.0
robocasa/RinseBowls,74,8410553,1,predicted_progress,8,-0.04626187908743286,0.8446723749729739,0.0
robocasa/RinseBowls,74,8410553,1,predicted_success,1,-0.05602308824670384,0.6285041688352164,0.0
robocasa/RinseBowls,74,8410553,1,predicted_success,2,-0.05602308824670384,0.6285041688352164,0.0
robocasa/RinseBowls,74,8410553,1,predicted_success,4,-0.05602308824670384,0.6285041688352164,0.0
robocasa/RinseBowls,74,8410553,1,predicted_success,8,-0.05602308824670384,0.6285041688352164,0.0
robocasa/RinseBowls,74,8410553,1,low_energy,1,-0.05602308824670384,0.6285041688352163,0.0
robocasa/RinseBowls,74,8410553,1,low_energy,2,-0.04998908416892681,0.7621310398547888,0.0
robocasa/RinseBowls,74,8410553,1,low_energy,4,-0.04621546610676433,0.8457002200492258,0.0
robocasa/RinseBowls,74,8410553,1,low_energy,8,-0.043020399944624164,0.9164569992035076,0.0
robocasa/RinseBowls,74,8410553,1,distance_progress,1,-0.05602308824670384,0.6285041688352164,0.0
robocasa/RinseBowls,74,8410553,1,distance_progress,2,-0.05033853424281542,0.7543922449601563,0.0
robocasa/RinseBowls,74,8410553,1,distance_progress,4,-0.047286064367822844,0.8219911383349574,0.0
robocasa/RinseBowls,74,8410553,1,distance_progress,8,-0.04611925160848371,0.8478309515148059,0.0
robocasa/RinseBowls,74,8410553,1,oracle_real_utility,1,-0.05602308824670384,0.6285041688352164,0.0
robocasa/RinseBowls,74,8410553,1,oracle_real_utility,2,-0.04815119417341863,0.8028322866906068,0.0
robocasa/RinseBowls,74,8410553,1,oracle_real_utility,4,-0.04353731192219355,0.9050096535827894,0.0
robocasa/RinseBowls,74,8410553,1,oracle_real_utility,8,-0.041099185383428605,0.9590035217216667,0.0
robocasa/RinseFragileItem,75,8500549,0,random,1,-0.059918052456134595,0.43762598545920156,0.0
robocasa/RinseFragileItem,75,8500549,0,random,2,-0.058170266802981554,0.47639116514518776,0.0
robocasa/RinseFragileItem,75,8500549,0,random,4,-0.054035828049029205,0.5680913464051343,0.0
robocasa/RinseFragileItem,75,8500549,0,random,8,-0.04755486393093797,0.7118365122514158,0.0
robocasa/RinseFragileItem,75,8500549,0,learned_wam,1,-0.059918052456134595,0.43762598545920156,0.0
robocasa/RinseFragileItem,75,8500549,0,learned_wam,2,-0.05335801268555485,0.5831250173313165,0.0
robocasa/RinseFragileItem,75,8500549,0,learned_wam,4,-0.046784574027639664,0.728921231111415,0.0
robocasa/RinseFragileItem,75,8500549,0,learned_wam,8,-0.04099881079615504,0.857247122152148,0.0
robocasa/RinseFragileItem,75,8500549,0,learned_physics_score,1,-0.059918052456134595,0.43762598545920156,0.0
robocasa/RinseFragileItem,75,8500549,0,learned_physics_score,2,-0.05335801268555485,0.5831250173313165,0.0
robocasa/RinseFragileItem,75,8500549,0,learned_physics_score,4,-0.046784574027639664,0.728921231111415,0.0
robocasa/RinseFragileItem,75,8500549,0,learned_physics_score,8,-0.04099881079615504,0.857247122152148,0.0
robocasa/RinseFragileItem,75,8500549,0,learned_energy_regularized,1,-0.0599180524561346,0.43762598545920156,0.0
robocasa/RinseFragileItem,75,8500549,0,learned_energy_regularized,2,-0.05513066016197058,0.543808412449477,0.0
robocasa/RinseFragileItem,75,8500549,0,learned_energy_regularized,4,-0.049037516702746226,0.6789518727606487,0.0
robocasa/RinseFragileItem,75,8500549,0,learned_energy_regularized,8,-0.04233220807394328,0.827672909219906,0.0
robocasa/RinseFragileItem,75,8500549,0,predicted_progress,1,-0.05991805245613459,0.43762598545920156,0.0
robocasa/RinseFragileItem,75,8500549,0,predicted_progress,2,-0.056659513828090216,0.509899055787927,0.0
robocasa/RinseFragileItem,75,8500549,0,predicted_progress,4,-0.05763013038305642,0.4883711727253905,0.0
robocasa/RinseFragileItem,75,8500549,0,predicted_progress,8,-0.06009651129193387,0.4336678405780882,0.0
robocasa/RinseFragileItem,75,8500549,0,predicted_success,1,-0.0599180524561346,0.4376259854592016,0.0
robocasa/RinseFragileItem,75,8500549,0,predicted_success,2,-0.0599180524561346,0.4376259854592016,0.0
robocasa/RinseFragileItem,75,8500549,0,predicted_success,4,-0.0599180524561346,0.4376259854592016,0.0
robocasa/RinseFragileItem,75,8500549,0,predicted_success,8,-0.0599180524561346,0.4376259854592016,0.0
robocasa/RinseFragileItem,75,8500549,0,low_energy,1,-0.0599180524561346,0.43762598545920156,0.0
robocasa/RinseFragileItem,75,8500549,0,low_energy,2,-0.05513066016197058,0.543808412449477,0.0
robocasa/RinseFragileItem,75,8500549,0,low_energy,4,-0.049037516702746226,0.6789518727606487,0.0
robocasa/RinseFragileItem,75,8500549,0,low_energy,8,-0.04233220807394328,0.827672909219906,0.0
robocasa/RinseFragileItem,75,8500549,0,distance_progress,1,-0.05991805245613459,0.43762598545920156,0.0
robocasa/RinseFragileItem,75,8500549,0,distance_progress,2,-0.05435940179706433,0.5609146113966843,0.0
robocasa/RinseFragileItem,75,8500549,0,distance_progress,4,-0.051731006242829204,0.6192113629245161,0.0
robocasa/RinseFragileItem,75,8500549,0,distance_progress,8,-0.05307601625589229,0.5893795842153933,0.0
robocasa/RinseFragileItem,75,8500549,0,oracle_real_utility,1,-0.059918052456134595,0.43762598545920156,0.0
robocasa/RinseFragileItem,75,8500549,0,oracle_real_utility,2,-0.05261714812635456,0.5995570939469859,0.0
robocasa/RinseFragileItem,75,8500549,0,oracle_real_utility,4,-0.04633668659470179,0.7388551934285961,0.0
robocasa/RinseFragileItem,75,8500549,0,oracle_real_utility,8,-0.040960197028553066,0.858103559917696,0.0
robocasa/RinseFragileItem,75,8510556,1,random,1,-0.06470514821338094,0.6203170450561897,0.0
robocasa/RinseFragileItem,75,8510556,1,random,2,-0.0616860964627391,0.726327767052387,0.0
robocasa/RinseFragileItem,75,8510556,1,random,4,-0.061440859315823215,0.7349390030139147,0.0
robocasa/RinseFragileItem,75,8510556,1,random,8,-0.06183015457662333,0.7212693229038126,0.0
robocasa/RinseFragileItem,75,8510556,1,learned_wam,1,-0.06470514821338094,0.6203170450561897,0.0
robocasa/RinseFragileItem,75,8510556,1,learned_wam,2,-0.06036351204941057,0.7727688817262469,0.0
robocasa/RinseFragileItem,75,8510556,1,learned_wam,4,-0.057911408279594234,0.8588718413699707,0.0
robocasa/RinseFragileItem,75,8510556,1,learned_wam,8,-0.056149411530012405,0.9207424428058066,0.0
robocasa/RinseFragileItem,75,8510556,1,learned_physics_score,1,-0.06470514821338094,0.6203170450561897,0.0
robocasa/RinseFragileItem,75,8510556,1,learned_physics_score,2,-0.06036351204941057,0.7727688817262469,0.0
robocasa/RinseFragileItem,75,8510556,1,learned_physics_score,4,-0.057911408279594234,0.8588718413699707,0.0
robocasa/RinseFragileItem,75,8510556,1,learned_physics_score,8,-0.056149411530012405,0.9207424428058066,0.0
robocasa/RinseFragileItem,75,8510556,1,learned_energy_regularized,1,-0.06470514821338094,0.6203170450561897,0.0
robocasa/RinseFragileItem,75,8510556,1,learned_energy_regularized,2,-0.060048630323559865,0.7838256114075932,0.0
robocasa/RinseFragileItem,75,8510556,1,learned_energy_regularized,4,-0.05759109090106819,0.8701194380891244,0.0
robocasa/RinseFragileItem,75,8510556,1,learned_energy_regularized,8,-0.05673649646207636,0.9001275932895777,0.0
robocasa/RinseFragileItem,75,8510556,1,predicted_progress,1,-0.06470514821338093,0.6203170450561897,0.0
robocasa/RinseFragileItem,75,8510556,1,predicted_progress,2,-0.06317653034335086,0.673992800704872,0.0
robocasa/RinseFragileItem,75,8510556,1,predicted_progress,4,-0.0621295048499806,0.7107579633017069,0.0
robocasa/RinseFragileItem,75,8510556,1,predicted_progress,8,-0.06227064784502056,0.7058018803840455,0.0
robocasa/RinseFragileItem,75,8510556,1,predicted_success,1,-0.06470514821338094,0.6203170450561897,0.0
robocasa/RinseFragileItem,75,8510556,1,predicted_success,2,-0.06470514821338094,0.6203170450561897,0.0
robocasa/RinseFragileItem,75,8510556,1,predicted_success,4,-0.06470514821338094,0.6203170450561897,0.0
robocasa/RinseFragileItem,75,8510556,1,predicted_success,8,-0.06470514821338094,0.6203170450561897,0.0
robocasa/RinseFragileItem,75,8510556,1,low_energy,1,-0.06470514821338094,0.6203170450561897,0.0
robocasa/RinseFragileItem,75,8510556,1,low_energy,2,-0.060766541431532164,0.7586169428681904,0.0
robocasa/RinseFragileItem,75,8510556,1,low_energy,4,-0.058552116549685285,0.8363740666011721,0.0
robocasa/RinseFragileItem,75,8510556,1,low_energy,8,-0.05702206606204617,0.8901001270606437,0.0
robocasa/RinseFragileItem,75,8510556,1,distance_progress,1,-0.06470514821338094,0.6203170450561897,0.0
robocasa/RinseFragileItem,75,8510556,1,distance_progress,2,-0.06524279145500084,0.6014382867810506,0.0
robocasa/RinseFragileItem,75,8510556,1,distance_progress,4,-0.06557644076342974,0.5897225538286229,0.0
robocasa/RinseFragileItem,75,8510556,1,distance_progress,8,-0.06240945783405231,0.7009277184375298,0.0
robocasa/RinseFragileItem,75,8510556,1,oracle_real_utility,1,-0.06470514821338094,0.6203170450561897,0.0
robocasa/RinseFragileItem,75,8510556,1,oracle_real_utility,2,-0.059585188824615484,0.8000988561095592,0.0
robocasa/RinseFragileItem,75,8510556,1,oracle_real_utility,4,-0.05620108257868944,0.9189280700725837,0.0
robocasa/RinseFragileItem,75,8510556,1,oracle_real_utility,8,-0.05454052801306793,0.9772366394365216,0.0
robocasa/WashFish,76,8600552,0,random,1,-0.05597098190485608,0.48354976272779493,0.0
robocasa/WashFish,76,8600552,0,random,2,-0.06008766219029723,0.4255680805805908,0.0
robocasa/WashFish,76,8600552,0,random,4,-0.06330702864324088,0.3802246802076984,0.0
robocasa/WashFish,76,8600552,0,random,8,-0.06808348616177132,0.3129503177539289,0.0
robocasa/WashFish,76,8600552,0,learned_wam,1,-0.05597098190485608,0.48354976272779493,0.0
robocasa/WashFish,76,8600552,0,learned_wam,2,-0.0452562206891028,0.6344625944315625,0.0
robocasa/WashFish,76,8600552,0,learned_wam,4,-0.036574958388067874,0.7567344631397668,0.0
robocasa/WashFish,76,8600552,0,learned_wam,8,-0.029563912038208143,0.8554820541087654,0.0
robocasa/WashFish,76,8600552,0,learned_physics_score,1,-0.05597098190485608,0.48354976272779493,0.0
robocasa/WashFish,76,8600552,0,learned_physics_score,2,-0.0452562206891028,0.6344625944315625,0.0
robocasa/WashFish,76,8600552,0,learned_physics_score,4,-0.036574958388067874,0.7567344631397668,0.0
robocasa/WashFish,76,8600552,0,learned_physics_score,8,-0.029563912038208143,0.8554820541087654,0.0
robocasa/WashFish,76,8600552,0,learned_energy_regularized,1,-0.05597098190485608,0.48354976272779493,0.0
robocasa/WashFish,76,8600552,0,learned_energy_regularized,2,-0.044724661151907014,0.6419493832980674,0.0
robocasa/WashFish,76,8600552,0,learned_energy_regularized,4,-0.03639299130877804,0.7592973916698136,0.0
robocasa/WashFish,76,8600552,0,learned_energy_regularized,8,-0.029519002759043768,0.8561145821093434,0.0
robocasa/WashFish,76,8600552,0,predicted_progress,1,-0.05597098190485609,0.48354976272779493,0.0
robocasa/WashFish,76,8600552,0,predicted_progress,2,-0.057795638017574424,0.45785026132863516,0.0
robocasa/WashFish,76,8600552,0,predicted_progress,4,-0.05337747291463261,0.5200782282607794,0.0
robocasa/WashFish,76,8600552,0,predicted_progress,8,-0.05118898616743347,0.5509021286273514,0.0
robocasa/WashFish,76,8600552,0,predicted_success,1,-0.05597098190485608,0.48354976272779493,0.0
robocasa/WashFish,76,8600552,0,predicted_success,2,-0.05597098190485608,0.48354976272779493,0.0
robocasa/WashFish,76,8600552,0,predicted_success,4,-0.05597098190485608,0.48354976272779493,0.0
robocasa/WashFish,76,8600552,0,predicted_success,8,-0.05597098190485608,0.48354976272779493,0.0
robocasa/WashFish,76,8600552,0,low_energy,1,-0.05597098190485608,0.48354976272779493,0.0
robocasa/WashFish,76,8600552,0,low_energy,2,-0.044962789593010935,0.6385954459930194,0.0
robocasa/WashFish,76,8600552,0,low_energy,4,-0.0369548255995076,0.751384195840716,0.0
robocasa/WashFish,76,8600552,0,low_energy,8,-0.029956801222172716,0.8499483778929388,0.0
robocasa/WashFish,76,8600552,0,distance_progress,1,-0.05597098190485608,0.48354976272779493,0.0
robocasa/WashFish,76,8600552,0,distance_progress,2,-0.048188958756324146,0.5931562323523873,0.0
robocasa/WashFish,76,8600552,0,distance_progress,4,-0.04403751161903208,0.6516275907468357,0.0
robocasa/WashFish,76,8600552,0,distance_progress,8,-0.04253823921253979,0.6727442017289281,0.0
robocasa/WashFish,76,8600552,0,oracle_real_utility,1,-0.05597098190485608,0.48354976272779493,0.0
robocasa/WashFish,76,8600552,0,oracle_real_utility,2,-0.044125478541754866,0.6503886142417088,0.0
robocasa/WashFish,76,8600552,0,oracle_real_utility,4,-0.03463135888877723,0.7841092312964975,0.0
robocasa/WashFish,76,8600552,0,oracle_real_utility,8,-0.027144054434713544,0.889564714086885,0.0
robocasa/WashFish,76,8610559,1,random,1,-0.06058768374647713,0.4718084124685668,0.0
robocasa/WashFish,76,8610559,1,random,2,-0.0629552715159314,0.4173968657384511,0.0
robocasa/WashFish,76,8610559,1,random,4,-0.06437353987011304,0.3848024353122509,0.0
robocasa/WashFish,76,8610559,1,random,8,-0.06504786441495411,0.36930520984240434,0.0
robocasa/WashFish,76,8610559,1,learned_wam,1,-0.06058768374647713,0.4718084124685668,0.0
robocasa/WashFish,76,8610559,1,learned_wam,2,-0.05379277307648263,0.627968029534248,0.0
robocasa/WashFish,76,8610559,1,learned_wam,4,-0.049006602600797755,0.7379630809768629,0.0
robocasa/WashFish,76,8610559,1,learned_wam,8,-0.0449353791801972,0.8315273265168752,0.0
robocasa/WashFish,76,8610559,1,learned_physics_score,1,-0.06058768374647713,0.4718084124685668,0.0
robocasa/WashFish,76,8610559,1,learned_physics_score,2,-0.05379277307648263,0.627968029534248,0.0
robocasa/WashFish,76,8610559,1,learned_physics_score,4,-0.049006602600797755,0.7379630809768629,0.0
robocasa/WashFish,76,8610559,1,learned_physics_score,8,-0.0449353791801972,0.8315273265168752,0.0
robocasa/WashFish,76,8610559,1,learned_energy_regularized,1,-0.06058768374647713,0.4718084124685668,0.0
robocasa/WashFish,76,8610559,1,learned_energy_regularized,2,-0.05301092762529683,0.6459362843342509,0.0
robocasa/WashFish,76,8610559,1,learned_energy_regularized,4,-0.04668798718497757,0.7912491524267704,0.0
robocasa/WashFish,76,8610559,1,learned_energy_regularized,8,-0.04189178584326014,0.9014747317268592,0.0
robocasa/WashFish,76,8610559,1,predicted_progress,1,-0.06058768374647713,0.4718084124685668,0.0
robocasa/WashFish,76,8610559,1,predicted_progress,2,-0.05681468707572515,0.5585188556089762,0.0
robocasa/WashFish,76,8610559,1,predicted_progress,4,-0.05717771492582395,0.5501758040504113,0.0
robocasa/WashFish,76,8610559,1,predicted_progress,8,-0.060261459391853345,0.4793056516185246,0.0
robocasa/WashFish,76,8610559,1,predicted_success,1,-0.06058768374647713,0.47180841246856686,0.0
robocasa/WashFish,76,8610559,1,predicted_success,2,-0.06058768374647713,0.47180841246856686,0.0
robocasa/WashFish,76,8610559,1,predicted_success,4,-0.06058768374647713,0.47180841246856686,0.0
robocasa/WashFish,76,8610559,1,predicted_success,8,-0.06058768374647713,0.47180841246856686,0.0
robocasa/WashFish,76,8610559,1,low_energy,1,-0.06058768374647713,0.4718084124685668,0.0
robocasa/WashFish,76,8610559,1,low_energy,2,-0.053159430892884094,0.6425234045296884,0.0
robocasa/WashFish,76,8610559,1,low_energy,4,-0.04674599627387885,0.7899159962531132,0.0
robocasa/WashFish,76,8610559,1,low_energy,8,-0.041893499490661776,0.9014353489395026,0.0
robocasa/WashFish,76,8610559,1,distance_progress,1,-0.06058768374647714,0.47180841246856686,0.0
robocasa/WashFish,76,8610559,1,distance_progress,2,-0.05915892951312002,0.5046438277959914,0.0
robocasa/WashFish,76,8610559,1,distance_progress,4,-0.06115336578110194,0.45880799286069335,0.0
robocasa/WashFish,76,8610559,1,distance_progress,8,-0.06255733176440553,0.4265422573751511,0.0
robocasa/WashFish,76,8610559,1,oracle_real_utility,1,-0.06058768374647713,0.4718084124685668,0.0
robocasa/WashFish,76,8610559,1,oracle_real_utility,2,-0.05284843720790959,0.6496706147159709,0.0
robocasa/WashFish,76,8610559,1,oracle_real_utility,4,-0.04644171264612503,0.7969089969115648,0.0
robocasa/WashFish,76,8610559,1,oracle_real_utility,8,-0.041809310228841,0.9033701739174129,0.0
robocasa/WashInSaucepan,77,8700555,0,random,1,-0.05432106287553746,0.4530185252652404,0.0
robocasa/WashInSaucepan,77,8700555,0,random,2,-0.05435535308553858,0.45197202061228003,0.0
robocasa/WashInSaucepan,77,8700555,0,random,4,-0.05645106044981498,0.3880130215893297,0.0
robocasa/WashInSaucepan,77,8700555,0,random,8,-0.05845857054462893,0.32674571949293163,0.0
robocasa/WashInSaucepan,77,8700555,0,learned_wam,1,-0.054321062875537465,0.45301852526524033,0.0
robocasa/WashInSaucepan,77,8700555,0,learned_wam,2,-0.051074094310686276,0.5521129230837891,0.0
robocasa/WashInSaucepan,77,8700555,0,learned_wam,4,-0.04831034752386727,0.6364598510237367,0.0
robocasa/WashInSaucepan,77,8700555,0,learned_wam,8,-0.047447197904927185,0.6628023578906297,0.0
robocasa/WashInSaucepan,77,8700555,0,learned_physics_score,1,-0.054321062875537465,0.45301852526524033,0.0
robocasa/WashInSaucepan,77,8700555,0,learned_physics_score,2,-0.051074094310686276,0.5521129230837891,0.0
robocasa/WashInSaucepan,77,8700555,0,learned_physics_score,4,-0.04831034752386727,0.6364598510237367,0.0
robocasa/WashInSaucepan,77,8700555,0,learned_physics_score,8,-0.047447197904927185,0.6628023578906297,0.0
robocasa/WashInSaucepan,77,8700555,0,learned_energy_regularized,1,-0.054321062875537465,0.45301852526524033,0.0
robocasa/WashInSaucepan,77,8700555,0,learned_energy_regularized,2,-0.05056022404881619,0.567795755590426,0.0
robocasa/WashInSaucepan,77,8700555,0,learned_energy_regularized,4,-0.04821518056619853,0.6393642562170898,0.0
robocasa/WashInSaucepan,77,8700555,0,learned_energy_regularized,8,-0.04744175523390986,0.6629684630426245,0.0
robocasa/WashInSaucepan,77,8700555,0,predicted_progress,1,-0.054321062875537465,0.4530185252652404,0.0
robocasa/WashInSaucepan,77,8700555,0,predicted_progress,2,-0.054034759730438794,0.4617562254278563,0.0
robocasa/WashInSaucepan,77,8700555,0,predicted_progress,4,-0.05226371653435347,0.5158067822846506,0.0
robocasa/WashInSaucepan,77,8700555,0,predicted_progress,8,-0.04916136293941631,0.6104876685237197,0.0
robocasa/WashInSaucepan,77,8700555,0,predicted_success,1,-0.054321062875537465,0.4530185252652404,0.0
robocasa/WashInSaucepan,77,8700555,0,predicted_success,2,-0.054321062875537465,0.4530185252652404,0.0
robocasa/WashInSaucepan,77,8700555,0,predicted_success,4,-0.054321062875537465,0.4530185252652404,0.0
robocasa/WashInSaucepan,77,8700555,0,predicted_success,8,-0.054321062875537465,0.4530185252652404,0.0
robocasa/WashInSaucepan,77,8700555,0,low_energy,1,-0.054321062875537465,0.45301852526524033,0.0
robocasa/WashInSaucepan,77,8700555,0,low_energy,2,-0.050671410415399666,0.5644024532463588,0.0
robocasa/WashInSaucepan,77,8700555,0,low_energy,4,-0.04838369740305161,0.6342212823518629,0.0
robocasa/WashInSaucepan,77,8700555,0,low_energy,8,-0.04749819033972383,0.6612461171945617,0.0
robocasa/WashInSaucepan,77,8700555,0,distance_progress,1,-0.054321062875537465,0.4530185252652404,0.0
robocasa/WashInSaucepan,77,8700555,0,distance_progress,2,-0.05026545588249627,0.5767918001637398,0.0
robocasa/WashInSaucepan,77,8700555,0,distance_progress,4,-0.04597694554469448,0.7076730640180964,0.0
robocasa/WashInSaucepan,77,8700555,0,distance_progress,8,-0.04198125446004271,0.829617762278721,0.0
robocasa/WashInSaucepan,77,8700555,0,oracle_real_utility,1,-0.054321062875537465,0.45301852526524033,0.0
robocasa/WashInSaucepan,77,8700555,0,oracle_real_utility,2,-0.049351639379353815,0.604680612231652,0.0
robocasa/WashInSaucepan,77,8700555,0,oracle_real_utility,4,-0.04473885019849499,0.7454585584949145,0.0
robocasa/WashInSaucepan,77,8700555,0,oracle_real_utility,8,-0.04051581851059027,0.8743414761220358,0.0
robocasa/WashInSaucepan,77,8710562,1,random,1,-0.0619841809566803,0.5077177011017564,0.0
robocasa/WashInSaucepan,77,8710562,1,random,2,-0.05976405937840161,0.562649621221228,0.0
robocasa/WashInSaucepan,77,8710562,1,random,4,-0.05939285483065643,0.5718342437050705,0.0
robocasa/WashInSaucepan,77,8710562,1,random,8,-0.06256404707680782,0.49337021684572346,0.0
robocasa/WashInSaucepan,77,8710562,1,learned_wam,1,-0.0619841809566803,0.5077177011017564,0.0
robocasa/WashInSaucepan,77,8710562,1,learned_wam,2,-0.05819903483978531,0.6013726370152267,0.0
robocasa/WashInSaucepan,77,8710562,1,learned_wam,4,-0.05615014051735305,0.6520679234149698,0.0
robocasa/WashInSaucepan,77,8710562,1,learned_wam,8,-0.05423759502318181,0.699389564418128,0.0
robocasa/WashInSaucepan,77,8710562,1,learned_physics_score,1,-0.0619841809566803,0.5077177011017564,0.0
robocasa/WashInSaucepan,77,8710562,1,learned_physics_score,2,-0.05819903483978531,0.6013726370152267,0.0
robocasa/WashInSaucepan,77,8710562,1,learned_physics_score,4,-0.05615014051735305,0.6520679234149698,0.0
robocasa/WashInSaucepan,77,8710562,1,learned_physics_score,8,-0.05423759502318181,0.699389564418128,0.0
robocasa/WashInSaucepan,77,8710562,1,learned_energy_regularized,1,-0.0619841809566803,0.5077177011017564,0.0
robocasa/WashInSaucepan,77,8710562,1,learned_energy_regularized,2,-0.05716207126877279,0.6270299706527053,0.0
robocasa/WashInSaucepan,77,8710562,1,learned_energy_regularized,4,-0.05263418590938871,0.7390623202795454,0.0
robocasa/WashInSaucepan,77,8710562,1,learned_energy_regularized,8,-0.04870713978582411,0.8362282530265184,0.0
robocasa/WashInSaucepan,77,8710562,1,predicted_progress,1,-0.0619841809566803,0.5077177011017563,0.0
robocasa/WashInSaucepan,77,8710562,1,predicted_progress,2,-0.06405732326123603,0.45642245286654615,0.0
robocasa/WashInSaucepan,77,8710562,1,predicted_progress,4,-0.06622877892965862,0.4026946613402616,0.0
robocasa/WashInSaucepan,77,8710562,1,predicted_progress,8,-0.0653753484707528,0.4238108804945685,0.0
robocasa/WashInSaucepan,77,8710562,1,predicted_success,1,-0.061984180956680304,0.5077177011017564,0.0
robocasa/WashInSaucepan,77,8710562,1,predicted_success,2,-0.061984180956680304,0.5077177011017564,0.0
robocasa/WashInSaucepan,77,8710562,1,predicted_success,4,-0.061984180956680304,0.5077177011017564,0.0
robocasa/WashInSaucepan,77,8710562,1,predicted_success,8,-0.061984180956680304,0.5077177011017564,0.0
robocasa/WashInSaucepan,77,8710562,1,low_energy,1,-0.0619841809566803,0.5077177011017564,0.0
robocasa/WashInSaucepan,77,8710562,1,low_energy,2,-0.057154628689692066,0.6272141205495151,0.0
robocasa/WashInSaucepan,77,8710562,1,low_energy,4,-0.05262290575046949,0.7393414224668978,0.0
robocasa/WashInSaucepan,77,8710562,1,low_energy,8,-0.0487033621397794,0.8363217223899972,0.0
robocasa/WashInSaucepan,77,8710562,1,distance_progress,1,-0.0619841809566803,0.5077177011017564,0.0
robocasa/WashInSaucepan,77,8710562,1,distance_progress,2,-0.0584618907194681,0.5948688588767055,0.0
robocasa/WashInSaucepan,77,8710562,1,distance_progress,4,-0.0597152152077822,0.5638581604764732,0.0
robocasa/WashInSaucepan,77,8710562,1,distance_progress,8,-0.06468395852044026,0.4409177713484559,0.0
robocasa/WashInSaucepan,77,8710562,1,oracle_real_utility,1,-0.0619841809566803,0.5077177011017564,0.0
robocasa/WashInSaucepan,77,8710562,1,oracle_real_utility,2,-0.05478022133601099,0.6859634955205111,0.0
robocasa/WashInSaucepan,77,8710562,1,oracle_real_utility,4,-0.04907055885947201,0.8272362646062282,0.0
robocasa/WashInSaucepan,77,8710562,1,oracle_real_utility,8,-0.04503632936121304,0.9270542091323989,0.0
robocasa/GetToastedBread,78,8800558,0,random,1,-0.05302666553953287,0.6979409288806722,0.0
robocasa/GetToastedBread,78,8800558,0,random,2,-0.053662759769184734,0.6788846117143535,0.0
robocasa/GetToastedBread,78,8800558,0,random,4,-0.05624556013850254,0.6015082408550523,0.0
robocasa/GetToastedBread,78,8800558,0,random,8,-0.06134103455563029,0.44885636621253133,0.0
robocasa/GetToastedBread,78,8800558,0,learned_wam,1,-0.05302666553953286,0.6979409288806722,0.0
robocasa/GetToastedBread,78,8800558,0,learned_wam,2,-0.0473267045195813,0.8687022091571752,0.0
robocasa/GetToastedBread,78,8800558,0,learned_wam,4,-0.04484717274832939,0.9429848258738842,0.0
robocasa/GetToastedBread,78,8800558,0,learned_wam,8,-0.04417638521249703,0.9630804963550179,0.0
robocasa/GetToastedBread,78,8800558,0,learned_physics_score,1,-0.05302666553953286,0.6979409288806722,0.0
robocasa/GetToastedBread,78,8800558,0,learned_physics_score,2,-0.0473267045195813,0.8687022091571752,0.0
robocasa/GetToastedBread,78,8800558,0,learned_physics_score,4,-0.04484717274832939,0.9429848258738842,0.0
robocasa/GetToastedBread,78,8800558,0,learned_physics_score,8,-0.04417638521249703,0.9630804963550179,0.0
robocasa/GetToastedBread,78,8800558,0,learned_energy_regularized,1,-0.05302666553953286,0.6979409288806722,0.0
robocasa/GetToastedBread,78,8800558,0,learned_energy_regularized,2,-0.047064778655199,0.8765490691239178,0.0
robocasa/GetToastedBread,78,8800558,0,learned_energy_regularized,4,-0.04459067819994943,0.950668972714888,0.0
robocasa/GetToastedBread,78,8800558,0,learned_energy_regularized,8,-0.04454501552913434,0.9520369498119126,0.0
robocasa/GetToastedBread,78,8800558,0,predicted_progress,1,-0.05302666553953286,0.6979409288806719,0.0
robocasa/GetToastedBread,78,8800558,0,predicted_progress,2,-0.050169827616855595,0.7835270056119445,0.0
robocasa/GetToastedBread,78,8800558,0,predicted_progress,4,-0.048902053245885646,0.8215074012551427,0.0
robocasa/GetToastedBread,78,8800558,0,predicted_progress,8,-0.047448297405638926,0.8650594900538274,0.0
robocasa/GetToastedBread,78,8800558,0,predicted_success,1,-0.05302666553953286,0.6979409288806722,0.0
robocasa/GetToastedBread,78,8800558,0,predicted_success,2,-0.05302666553953286,0.6979409288806722,0.0
robocasa/GetToastedBread,78,8800558,0,predicted_success,4,-0.05302666553953286,0.6979409288806722,0.0
robocasa/GetToastedBread,78,8800558,0,predicted_success,8,-0.05302666553953286,0.6979409288806722,0.0
robocasa/GetToastedBread,78,8800558,0,low_energy,1,-0.05302666553953286,0.697940928880672,0.0
robocasa/GetToastedBread,78,8800558,0,low_energy,2,-0.047918037899928455,0.8509868520266856,0.0
robocasa/GetToastedBread,78,8800558,0,low_energy,4,-0.04475530000600485,0.945737179275414,0.0
robocasa/GetToastedBread,78,8800558,0,low_energy,8,-0.04449811671551057,0.9534419596759822,0.0
robocasa/GetToastedBread,78,8800558,0,distance_progress,1,-0.05302666553953286,0.697940928880672,0.0
robocasa/GetToastedBread,78,8800558,0,distance_progress,2,-0.04752809835179382,0.8626687874358644,0.0
robocasa/GetToastedBread,78,8800558,0,distance_progress,4,-0.04498854645412988,0.9387495065593441,0.0
robocasa/GetToastedBread,78,8800558,0,distance_progress,8,-0.043798960615748506,0.9743875047929752,0.0
robocasa/GetToastedBread,78,8800558,0,oracle_real_utility,1,-0.05302666553953286,0.697940928880672,0.0
robocasa/GetToastedBread,78,8800558,0,oracle_real_utility,2,-0.04660917054752431,0.8901983245308516,0.0
robocasa/GetToastedBread,78,8800558,0,oracle_real_utility,4,-0.043809036730050634,0.9740856412938353,0.0
robocasa/GetToastedBread,78,8800558,0,oracle_real_utility,8,-0.04321928467965036,0.9917536244290778,0.0
robocasa/GetToastedBread,78,8810565,1,random,1,-0.0554849991101669,0.5085617912192826,0.0
robocasa/GetToastedBread,78,8810565,1,random,2,-0.05938650985711562,0.4022775322296599,0.0
robocasa/GetToastedBread,78,8810565,1,random,4,-0.0641572017491527,0.27231519571437257,0.0
robocasa/GetToastedBread,78,8810565,1,random,8,-0.06811433845212987,0.1645155843649758,0.0
robocasa/GetToastedBread,78,8810565,1,learned_wam,1,-0.0554849991101669,0.5085617912192826,0.0
robocasa/GetToastedBread,78,8810565,1,learned_wam,2,-0.04838239033088956,0.7020497911149803,0.0
robocasa/GetToastedBread,78,8810565,1,learned_wam,4,-0.044255752556220815,0.814466920387857,0.0
robocasa/GetToastedBread,78,8810565,1,learned_wam,8,-0.04386642553409537,0.8250728975938921,0.0
robocasa/GetToastedBread,78,8810565,1,learned_physics_score,1,-0.0554849991101669,0.5085617912192826,0.0
robocasa/GetToastedBread,78,8810565,1,learned_physics_score,2,-0.04838239033088956,0.7020497911149803,0.0
robocasa/GetToastedBread,78,8810565,1,learned_physics_score,4,-0.044255752556220815,0.814466920387857,0.0
robocasa/GetToastedBread,78,8810565,1,learned_physics_score,8,-0.04386642553409537,0.8250728975938921,0.0
robocasa/GetToastedBread,78,8810565,1,learned_energy_regularized,1,-0.0554849991101669,0.5085617912192826,0.0
robocasa/GetToastedBread,78,8810565,1,learned_energy_regularized,2,-0.04823538408577543,0.7060545089902348,0.0
robocasa/GetToastedBread,78,8810565,1,learned_energy_regularized,4,-0.04375730950638071,0.8280454169336413,0.0
robocasa/GetToastedBread,78,8810565,1,learned_energy_regularized,8,-0.043082394656885376,0.8464313267291748,0.0
robocasa/GetToastedBread,78,8810565,1,predicted_progress,1,-0.0554849991101669,0.5085617912192826,0.0
robocasa/GetToastedBread,78,8810565,1,predicted_progress,2,-0.0521128103673738,0.6004263547043925,0.0
robocasa/GetToastedBread,78,8810565,1,predicted_progress,4,-0.04790351677939797,0.7150951788817108,0.0
robocasa/GetToastedBread,78,8810565,1,predicted_progress,8,-0.043990112567847295,0.8217034375099415,0.0
robocasa/GetToastedBread,78,8810565,1,predicted_success,1,-0.05548499911016689,0.5085617912192826,0.0
robocasa/GetToastedBread,78,8810565,1,predicted_success,2,-0.05548499911016689,0.5085617912192826,0.0
robocasa/GetToastedBread,78,8810565,1,predicted_success,4,-0.05548499911016689,0.5085617912192826,0.0
robocasa/GetToastedBread,78,8810565,1,predicted_success,8,-0.05548499911016689,0.5085617912192826,0.0
robocasa/GetToastedBread,78,8810565,1,low_energy,1,-0.05548499911016689,0.5085617912192826,0.0
robocasa/GetToastedBread,78,8810565,1,low_energy,2,-0.04869465745740858,0.6935430658227717,0.0
robocasa/GetToastedBread,78,8810565,1,low_energy,4,-0.04408965167559508,0.8189918109135684,0.0
robocasa/GetToastedBread,78,8810565,1,low_energy,8,-0.040881950957338355,0.9063754210105104,0.0
robocasa/GetToastedBread,78,8810565,1,distance_progress,1,-0.05548499911016689,0.5085617912192826,0.0
robocasa/GetToastedBread,78,8810565,1,distance_progress,2,-0.0499281158530063,0.659941412495747,0.0
robocasa/GetToastedBread,78,8810565,1,distance_progress,4,-0.04518904578970881,0.7890423127999173,0.0
robocasa/GetToastedBread,78,8810565,1,distance_progress,8,-0.042091811346573416,0.8734166203584013,0.0
robocasa/GetToastedBread,78,8810565,1,oracle_real_utility,1,-0.0554849991101669,0.5085617912192826,0.0
robocasa/GetToastedBread,78,8810565,1,oracle_real_utility,2,-0.047907045144593735,0.7149990597871858,0.0
robocasa/GetToastedBread,78,8810565,1,oracle_real_utility,4,-0.042354371811037496,0.8662639950766792,0.0
robocasa/GetToastedBread,78,8810565,1,oracle_real_utility,8,-0.03945855925381302,0.9451512035915226,0.0
robocasa/HeatMug,79,8900561,0,random,1,-0.05805999483890358,0.5690996838285352,0.0
robocasa/HeatMug,79,8900561,0,random,2,-0.056676823265676635,0.6085331592424021,0.0
robocasa/HeatMug,79,8900561,0,random,4,-0.05524054148898683,0.6494807779071979,0.0
robocasa/HeatMug,79,8900561,0,random,8,-0.0524633539179105,0.7286568974309953,0.0
robocasa/HeatMug,79,8900561,0,learned_wam,1,-0.05805999483890358,0.5690996838285352,0.0
robocasa/HeatMug,79,8900561,0,learned_wam,2,-0.05091226780891385,0.7728775256797475,0.0
robocasa/HeatMug,79,8900561,0,learned_wam,4,-0.04603610381672102,0.9118943306965829,0.0
robocasa/HeatMug,79,8900561,0,learned_wam,8,-0.04397180352631616,0.970746418408743,0.0
robocasa/HeatMug,79,8900561,0,learned_physics_score,1,-0.05805999483890358,0.5690996838285352,0.0
robocasa/HeatMug,79,8900561,0,learned_physics_score,2,-0.05091226780891385,0.7728775256797475,0.0
robocasa/HeatMug,79,8900561,0,learned_physics_score,4,-0.04603610381672102,0.9118943306965829,0.0
robocasa/HeatMug,79,8900561,0,learned_physics_score,8,-0.04397180352631616,0.970746418408743,0.0
robocasa/HeatMug,79,8900561,0,learned_energy_regularized,1,-0.05805999483890358,0.569099683828535,0.0
robocasa/HeatMug,79,8900561,0,learned_energy_regularized,2,-0.05296525042412267,0.7143480987822134,0.0
robocasa/HeatMug,79,8900561,0,learned_energy_regularized,4,-0.04881468651343238,0.8326784368935178,0.0
robocasa/HeatMug,79,8900561,0,learned_energy_regularized,8,-0.04869469196315444,0.8360994167920159,0.0
robocasa/HeatMug,79,8900561,0,predicted_progress,1,-0.058059994838903575,0.5690996838285352,0.0
robocasa/HeatMug,79,8900561,0,predicted_progress,2,-0.05523233932848434,0.6497146170785462,0.0
robocasa/HeatMug,79,8900561,0,predicted_progress,4,-0.05314594371192906,0.7091966306201396,0.0
robocasa/HeatMug,79,8900561,0,predicted_progress,8,-0.04986202959667267,0.8028192505696652,0.0
robocasa/HeatMug,79,8900561,0,predicted_success,1,-0.058059994838903575,0.5690996838285352,0.0
robocasa/HeatMug,79,8900561,0,predicted_success,2,-0.058059994838903575,0.5690996838285352,0.0
robocasa/HeatMug,79,8900561,0,predicted_success,4,-0.058059994838903575,0.5690996838285352,0.0
robocasa/HeatMug,79,8900561,0,predicted_success,8,-0.058059994838903575,0.5690996838285352,0.0
robocasa/HeatMug,79,8900561,0,low_energy,1,-0.05805999483890358,0.569099683828535,0.0
robocasa/HeatMug,79,8900561,0,low_energy,2,-0.05296525042412267,0.7143480987822134,0.0
robocasa/HeatMug,79,8900561,0,low_energy,4,-0.04881468651343238,0.8326784368935178,0.0
robocasa/HeatMug,79,8900561,0,low_energy,8,-0.04869469196315444,0.8360994167920159,0.0
robocasa/HeatMug,79,8900561,0,distance_progress,1,-0.05805999483890358,0.5690996838285352,0.0
robocasa/HeatMug,79,8900561,0,distance_progress,2,-0.05330471469710134,0.7046701554803856,0.0
robocasa/HeatMug,79,8900561,0,distance_progress,4,-0.05088673964843422,0.7736053197640964,0.0
robocasa/HeatMug,79,8900561,0,distance_progress,8,-0.04850267988489592,0.8415735775640654,0.0
robocasa/HeatMug,79,8900561,0,oracle_real_utility,1,-0.05805999483890358,0.5690996838285352,0.0
robocasa/HeatMug,79,8900561,0,oracle_real_utility,2,-0.05053878268888807,0.7835253849786642,0.0
robocasa/HeatMug,79,8900561,0,oracle_real_utility,4,-0.04545614918194582,0.9284285244829772,0.0
robocasa/HeatMug,79,8900561,0,oracle_real_utility,8,-0.0434504096463954,0.9856110766642829,0.0
robocasa/HeatMug,79,8910568,1,random,1,-0.04889802446903758,0.5283410456572782,0.0
robocasa/HeatMug,79,8910568,1,random,2,-0.046738766216223596,0.592967542889664,0.0
robocasa/HeatMug,79,8910568,1,random,4,-0.04780893661120756,0.5609373936569448,0.0
robocasa/HeatMug,79,8910568,1,random,8,-0.04845211218729828,0.5416871791288794,0.0
robocasa/HeatMug,79,8910568,1,learned_wam,1,-0.04889802446903758,0.5283410456572781,0.0
robocasa/HeatMug,79,8910568,1,learned_wam,2,-0.04412445045860621,0.671213889686792,0.0
robocasa/HeatMug,79,8910568,1,learned_wam,4,-0.039554381163722015,0.8079958472190807,0.0
robocasa/HeatMug,79,8910568,1,learned_wam,8,-0.03651824055878124,0.8988673917166548,0.0
robocasa/HeatMug,79,8910568,1,learned_physics_score,1,-0.04889802446903758,0.5283410456572781,0.0
robocasa/HeatMug,79,8910568,1,learned_physics_score,2,-0.04412445045860621,0.671213889686792,0.0
robocasa/HeatMug,79,8910568,1,learned_physics_score,4,-0.039554381163722015,0.8079958472190807,0.0
robocasa/HeatMug,79,8910568,1,learned_physics_score,8,-0.03651824055878124,0.8988673917166548,0.0
robocasa/HeatMug,79,8910568,1,learned_energy_regularized,1,-0.04889802446903758,0.5283410456572781,0.0
robocasa/HeatMug,79,8910568,1,learned_energy_regularized,2,-0.043947630265498465,0.676506109691331,0.0
robocasa/HeatMug,79,8910568,1,learned_energy_regularized,4,-0.0394853107757893,0.8100631206583537,0.0
robocasa/HeatMug,79,8910568,1,learned_energy_regularized,8,-0.03651620014937209,0.8989284610736255,0.0
robocasa/HeatMug,79,8910568,1,predicted_progress,1,-0.04889802446903758,0.5283410456572781,0.0
robocasa/HeatMug,79,8910568,1,predicted_progress,2,-0.04512654636418277,0.6412212066976544,0.0
robocasa/HeatMug,79,8910568,1,predicted_progress,4,-0.04242749759708861,0.7220036084550011,0.0
robocasa/HeatMug,79,8910568,1,predicted_progress,8,-0.04258036927900871,0.7174281662559756,0.0
robocasa/HeatMug,79,8910568,1,predicted_success,1,-0.04889802446903758,0.5283410456572781,0.0
robocasa/HeatMug,79,8910568,1,predicted_success,2,-0.04889802446903758,0.5283410456572781,0.0
robocasa/HeatMug,79,8910568,1,predicted_success,4,-0.04889802446903758,0.5283410456572781,0.0
robocasa/HeatMug,79,8910568,1,predicted_success,8,-0.04889802446903758,0.5283410456572781,0.0
robocasa/HeatMug,79,8910568,1,low_energy,1,-0.04889802446903758,0.5283410456572781,0.0
robocasa/HeatMug,79,8910568,1,low_energy,2,-0.04477879549736315,0.6516293736701735,0.0
robocasa/HeatMug,79,8910568,1,low_energy,4,-0.041441559988334604,0.7515126743855854,0.0
robocasa/HeatMug,79,8910568,1,low_energy,8,-0.04094233711913583,0.7664543912147663,0.0
robocasa/HeatMug,79,8910568,1,distance_progress,1,-0.04889802446903758,0.5283410456572781,0.0
robocasa/HeatMug,79,8910568,1,distance_progress,2,-0.04568579091352918,0.6244830438246114,0.0
robocasa/HeatMug,79,8910568,1,distance_progress,4,-0.04653091686873165,0.5991884640152111,0.0
robocasa/HeatMug,79,8910568,1,distance_progress,8,-0.04969609841182501,0.5044547303508177,0.0
robocasa/HeatMug,79,8910568,1,oracle_real_utility,1,-0.04889802446903758,0.5283410456572781,0.0
robocasa/HeatMug,79,8910568,1,oracle_real_utility,2,-0.04296709726471695,0.7058534159612903,0.0
robocasa/HeatMug,79,8910568,1,oracle_real_utility,4,-0.038545295340312334,0.8381977381178826,0.0
robocasa/HeatMug,79,8910568,1,oracle_real_utility,8,-0.03556159547447448,0.9274997337779878,0.0
robocasa/KettleBoiling,80,9000564,0,random,1,-0.055547374288944684,0.4280818055884189,0.0
robocasa/KettleBoiling,80,9000564,0,random,2,-0.057319621777389,0.38418995308156506,0.0
robocasa/KettleBoiling,80,9000564,0,random,4,-0.060832575340448905,0.2971874093292813,0.0
robocasa/KettleBoiling,80,9000564,0,random,8,-0.065653505381503,0.17779124615934522,0.0
robocasa/KettleBoiling,80,9000564,0,learned_wam,1,-0.055547374288944684,0.42808180558841896,0.0
robocasa/KettleBoiling,80,9000564,0,learned_wam,2,-0.05044077171944176,0.5545529944337715,0.0
robocasa/KettleBoiling,80,9000564,0,learned_wam,4,-0.04499399669495255,0.6894489655505093,0.0
robocasa/KettleBoiling,80,9000564,0,learned_wam,8,-0.039360101342622994,0.8289791979000345,0.0
robocasa/KettleBoiling,80,9000564,0,learned_physics_score,1,-0.055547374288944684,0.42808180558841896,0.0
robocasa/KettleBoiling,80,9000564,0,learned_physics_score,2,-0.05044077171944176,0.5545529944337715,0.0
robocasa/KettleBoiling,80,9000564,0,learned_physics_score,4,-0.04499399669495255,0.6894489655505093,0.0
robocasa/KettleBoiling,80,9000564,0,learned_physics_score,8,-0.039360101342622994,0.8289791979000345,0.0
robocasa/KettleBoiling,80,9000564,0,learned_energy_regularized,1,-0.055547374288944684,0.4280818055884189,0.0
robocasa/KettleBoiling,80,9000564,0,learned_energy_regularized,2,-0.04970603077751722,0.5727497424974446,0.0
robocasa/KettleBoiling,80,9000564,0,learned_energy_regularized,4,-0.04441434659421621,0.7038047013565929,0.0
robocasa/KettleBoiling,80,9000564,0,learned_energy_regularized,8,-0.0391951773415224,0.8330637402556291,0.0
robocasa/KettleBoiling,80,9000564,0,predicted_progress,1,-0.055547374288944684,0.4280818055884189,0.0
robocasa/KettleBoiling,80,9000564,0,predicted_progress,2,-0.05438252935744958,0.45693059914569956,0.0
robocasa/KettleBoiling,80,9000564,0,predicted_progress,4,-0.05270328977880435,0.4985189982773955,0.0
robocasa/KettleBoiling,80,9000564,0,predicted_progress,8,-0.05449085174412791,0.45424786422843966,0.0
robocasa/KettleBoiling,80,9000564,0,predicted_success,1,-0.055547374288944684,0.4280818055884189,0.0
robocasa/KettleBoiling,80,9000564,0,predicted_success,2,-0.055547374288944684,0.4280818055884189,0.0
robocasa/KettleBoiling,80,9000564,0,predicted_success,4,-0.055547374288944684,0.4280818055884189,0.0
robocasa/KettleBoiling,80,9000564,0,predicted_success,8,-0.055547374288944684,0.4280818055884189,0.0
robocasa/KettleBoiling,80,9000564,0,low_energy,1,-0.055547374288944684,0.4280818055884189,0.0
robocasa/KettleBoiling,80,9000564,0,low_energy,2,-0.0502221037429397,0.5599685713411625,0.0
robocasa/KettleBoiling,80,9000564,0,low_energy,4,-0.04705861069216556,0.638316302849542,0.0
robocasa/KettleBoiling,80,9000564,0,low_energy,8,-0.0471041511289826,0.637188438852609,0.0
robocasa/KettleBoiling,80,9000564,0,distance_progress,1,-0.055547374288944684,0.42808180558841896,0.0
robocasa/KettleBoiling,80,9000564,0,distance_progress,2,-0.0530619838988819,0.48963550456888455,0.0
robocasa/KettleBoiling,80,9000564,0,distance_progress,4,-0.04789967830207548,0.6174862462557742,0.0
robocasa/KettleBoiling,80,9000564,0,distance_progress,8,-0.0408070178172109,0.7931445614249129,0.0
robocasa/KettleBoiling,80,9000564,0,oracle_real_utility,1,-0.055547374288944684,0.4280818055884189,0.0
robocasa/KettleBoiling,80,9000564,0,oracle_real_utility,2,-0.049508206071807906,0.5776491105946322,0.0
robocasa/KettleBoiling,80,9000564,0,oracle_real_utility,4,-0.04420829332952331,0.7089078596690901,0.0
robocasa/KettleBoiling,80,9000564,0,oracle_real_utility,8,-0.03912041310339952,0.8349153670368061,0.0
robocasa/KettleBoiling,80,9010571,1,random,1,-0.056305284293900706,0.5835970354084422,0.0
robocasa/KettleBoiling,80,9010571,1,random,2,-0.06029801487984031,0.4768178449555603,0.0
robocasa/KettleBoiling,80,9010571,1,random,4,-0.062150398202813525,0.4272788171203141,0.0
robocasa/KettleBoiling,80,9010571,1,random,8,-0.06068990636709119,0.4663373342240358,0.0
robocasa/KettleBoiling,80,9010571,1,learned_wam,1,-0.05630528429390072,0.5835970354084422,0.0
robocasa/KettleBoiling,80,9010571,1,learned_wam,2,-0.05172495127222651,0.7060907127382587,0.0
robocasa/KettleBoiling,80,9010571,1,learned_wam,4,-0.047588184328935065,0.816721925085123,0.0
robocasa/KettleBoiling,80,9010571,1,learned_wam,8,-0.04546855682330199,0.8734079709481195,0.0
robocasa/KettleBoiling,80,9010571,1,learned_physics_score,1,-0.05630528429390072,0.5835970354084422,0.0
robocasa/KettleBoiling,80,9010571,1,learned_physics_score,2,-0.05172495127222651,0.7060907127382587,0.0
robocasa/KettleBoiling,80,9010571,1,learned_physics_score,4,-0.047588184328935065,0.816721925085123,0.0
robocasa/KettleBoiling,80,9010571,1,learned_physics_score,8,-0.04546855682330199,0.8734079709481195,0.0
robocasa/KettleBoiling,80,9010571,1,learned_energy_regularized,1,-0.05630528429390072,0.5835970354084422,0.0
robocasa/KettleBoiling,80,9010571,1,learned_energy_regularized,2,-0.05172495127222651,0.7060907127382587,0.0
robocasa/KettleBoiling,80,9010571,1,learned_energy_regularized,4,-0.047588184328935065,0.816721925085123,0.0
robocasa/KettleBoiling,80,9010571,1,learned_energy_regularized,8,-0.04546855682330199,0.8734079709481195,0.0
robocasa/KettleBoiling,80,9010571,1,predicted_progress,1,-0.056305284293900706,0.5835970354084423,0.0
robocasa/KettleBoiling,80,9010571,1,predicted_progress,2,-0.05612729791193053,0.5883569963848577,0.0
robocasa/KettleBoiling,80,9010571,1,predicted_progress,4,-0.05521207292549061,0.6128332241269574,0.0
robocasa/KettleBoiling,80,9010571,1,predicted_progress,8,-0.052682187265574706,0.6804909678413643,0.0
robocasa/KettleBoiling,80,9010571,1,predicted_success,1,-0.056305284293900706,0.5835970354084422,0.0
robocasa/KettleBoiling,80,9010571,1,predicted_success,2,-0.056305284293900706,0.5835970354084422,0.0
robocasa/KettleBoiling,80,9010571,1,predicted_success,4,-0.056305284293900706,0.5835970354084422,0.0
robocasa/KettleBoiling,80,9010571,1,predicted_success,8,-0.056305284293900706,0.5835970354084422,0.0
robocasa/KettleBoiling,80,9010571,1,low_energy,1,-0.05630528429390072,0.5835970354084422,0.0
robocasa/KettleBoiling,80,9010571,1,low_energy,2,-0.05097696069190606,0.7260945238930259,0.0
robocasa/KettleBoiling,80,9010571,1,low_energy,4,-0.04674622379517496,0.8392388122762542,0.0
robocasa/KettleBoiling,80,9010571,1,low_energy,8,-0.04323637007087926,0.9331042337520014,0.0
robocasa/KettleBoiling,80,9010571,1,distance_progress,1,-0.056305284293900706,0.5835970354084422,0.0
robocasa/KettleBoiling,80,9010571,1,distance_progress,2,-0.051485745542582895,0.7124878872065241,0.0
robocasa/KettleBoiling,80,9010571,1,distance_progress,4,-0.04920981653434407,0.7733539666469387,0.0
robocasa/KettleBoiling,80,9010571,1,distance_progress,8,-0.0482708914181538,0.798464016434854,0.0
robocasa/KettleBoiling,80,9010571,1,oracle_real_utility,1,-0.056305284293900706,0.5835970354084422,0.0
robocasa/KettleBoiling,80,9010571,1,oracle_real_utility,2,-0.04980183652689113,0.7575213392819199,0.0
robocasa/KettleBoiling,80,9010571,1,oracle_real_utility,4,-0.04548007329451487,0.8730999813539017,0.0
robocasa/KettleBoiling,80,9010571,1,oracle_real_utility,8,-0.04290251718831822,0.9420325948730259,0.0
robocasa/MicrowaveCorrectMeal,81,9100567,0,random,1,-0.04464552823385491,0.6538031161160153,0.0
robocasa/MicrowaveCorrectMeal,81,9100567,0,random,2,-0.045988326071785206,0.624987554537888,0.0
robocasa/MicrowaveCorrectMeal,81,9100567,0,random,4,-0.05156602999945959,0.505293683686715,0.0
robocasa/MicrowaveCorrectMeal,81,9100567,0,random,8,-0.06123108889243651,0.2978878539930429,0.0
robocasa/MicrowaveCorrectMeal,81,9100567,0,learned_wam,1,-0.04464552823385491,0.6538031161160153,0.0
robocasa/MicrowaveCorrectMeal,81,9100567,0,learned_wam,2,-0.040352294042111804,0.7459331082317132,0.0
robocasa/MicrowaveCorrectMeal,81,9100567,0,learned_wam,4,-0.03953065414736563,0.7635649618982316,0.0
robocasa/MicrowaveCorrectMeal,81,9100567,0,learned_wam,8,-0.040196678241445294,0.7492725213287339,0.0
robocasa/MicrowaveCorrectMeal,81,9100567,0,learned_physics_score,1,-0.04464552823385491,0.6538031161160153,0.0
robocasa/MicrowaveCorrectMeal,81,9100567,0,learned_physics_score,2,-0.040352294042111804,0.7459331082317132,0.0
robocasa/MicrowaveCorrectMeal,81,9100567,0,learned_physics_score,4,-0.03953065414736563,0.7635649618982316,0.0
robocasa/MicrowaveCorrectMeal,81,9100567,0,learned_physics_score,8,-0.040196678241445294,0.7492725213287339,0.0
robocasa/MicrowaveCorrectMeal,81,9100567,0,learned_energy_regularized,1,-0.044645528233854904,0.6538031161160153,0.0
robocasa/MicrowaveCorrectMeal,81,9100567,0,learned_energy_regularized,2,-0.04199541271466544,0.7106728583625908,0.0
robocasa/MicrowaveCorrectMeal,81,9100567,0,learned_energy_regularized,4,-0.04197181984282787,0.7111791459302621,0.0
robocasa/MicrowaveCorrectMeal,81,9100567,0,learned_energy_regularized,8,-0.04171471062155045,0.7166965413182702,0.0
robocasa/MicrowaveCorrectMeal,81,9100567,0,predicted_progress,1,-0.04464552823385491,0.6538031161160154,0.0
robocasa/MicrowaveCorrectMeal,81,9100567,0,predicted_progress,2,-0.03983472991786416,0.7570396951442115,0.0
robocasa/MicrowaveCorrectMeal,81,9100567,0,predicted_progress,4,-0.03597749001568694,0.8398135355415972,0.0
robocasa/MicrowaveCorrectMeal,81,9100567,0,predicted_progress,8,-0.036098575003696454,0.83721513105388,0.0
robocasa/MicrowaveCorrectMeal,81,9100567,0,predicted_success,1,-0.044645528233854904,0.6538031161160153,0.0
robocasa/MicrowaveCorrectMeal,81,9100567,0,predicted_success,2,-0.044645528233854904,0.6538031161160153,0.0
robocasa/MicrowaveCorrectMeal,81,9100567,0,predicted_success,4,-0.044645528233854904,0.6538031161160153,0.0
robocasa/MicrowaveCorrectMeal,81,9100567,0,predicted_success,8,-0.044645528233854904,0.6538031161160153,0.0
robocasa/MicrowaveCorrectMeal,81,9100567,0,low_energy,1,-0.044645528233854904,0.6538031161160154,0.0
robocasa/MicrowaveCorrectMeal,81,9100567,0,low_energy,2,-0.04261686099565944,0.697336985528445,0.0
robocasa/MicrowaveCorrectMeal,81,9100567,0,low_energy,4,-0.04374617437104273,0.6731026606061488,0.0
robocasa/MicrowaveCorrectMeal,81,9100567,0,low_energy,8,-0.04314317489347813,0.6860426342094151,0.0
robocasa/MicrowaveCorrectMeal,81,9100567,0,distance_progress,1,-0.04464552823385491,0.6538031161160153,0.0
robocasa/MicrowaveCorrectMeal,81,9100567,0,distance_progress,2,-0.03720680713854142,0.8134331957376109,0.0
robocasa/MicrowaveCorrectMeal,81,9100567,0,distance_progress,4,-0.033266468330674155,0.8979902841909194,0.0
robocasa/MicrowaveCorrectMeal,81,9100567,0,distance_progress,8,-0.030827173039658966,0.9503359625052544,0.0
robocasa/MicrowaveCorrectMeal,81,9100567,0,oracle_real_utility,1,-0.04464552823385491,0.6538031161160153,0.0
robocasa/MicrowaveCorrectMeal,81,9100567,0,oracle_real_utility,2,-0.03711869745713649,0.815323971756484,0.0
robocasa/MicrowaveCorrectMeal,81,9100567,0,oracle_real_utility,4,-0.03305858455110937,0.9024513338604482,0.0
robocasa/MicrowaveCorrectMeal,81,9100567,0,oracle_real_utility,8,-0.03066518364046313,0.9538121488496756,0.0
robocasa/MicrowaveCorrectMeal,81,9110574,1,random,1,-0.04905007570549164,0.5074074708166362,0.0
robocasa/MicrowaveCorrectMeal,81,9110574,1,random,2,-0.04563387333769956,0.61113658207469,0.0
robocasa/MicrowaveCorrectMeal,81,9110574,1,random,4,-0.04502719570968031,0.629557660336296,0.0
robocasa/MicrowaveCorrectMeal,81,9110574,1,random,8,-0.045291700088177685,0.6215262848053641,0.0
robocasa/MicrowaveCorrectMeal,81,9110574,1,learned_wam,1,-0.04905007570549164,0.5074074708166362,0.0
robocasa/MicrowaveCorrectMeal,81,9110574,1,learned_wam,2,-0.04529090124365538,0.6215505408134723,0.0
robocasa/MicrowaveCorrectMeal,81,9110574,1,learned_wam,4,-0.041044234323944995,0.7504957665248038,0.0
robocasa/MicrowaveCorrectMeal,81,9110574,1,learned_wam,8,-0.03835130064895348,0.8322636440420519,0.0
robocasa/MicrowaveCorrectMeal,81,9110574,1,learned_physics_score,1,-0.04905007570549164,0.5074074708166362,0.0
robocasa/MicrowaveCorrectMeal,81,9110574,1,learned_physics_score,2,-0.04529090124365538,0.6215505408134723,0.0
robocasa/MicrowaveCorrectMeal,81,9110574,1,learned_physics_score,4,-0.041044234323944995,0.7504957665248038,0.0
robocasa/MicrowaveCorrectMeal,81,9110574,1,learned_physics_score,8,-0.03835130064895348,0.8322636440420519,0.0
robocasa/MicrowaveCorrectMeal,81,9110574,1,learned_energy_regularized,1,-0.04905007570549164,0.5074074708166362,0.0
robocasa/MicrowaveCorrectMeal,81,9110574,1,learned_energy_regularized,2,-0.04700314333480829,0.5695602512309749,0.0
robocasa/MicrowaveCorrectMeal,81,9110574,1,learned_energy_regularized,4,-0.04620167665044306,0.5938958783167542,0.0
robocasa/MicrowaveCorrectMeal,81,9110574,1,learned_energy_regularized,8,-0.04514495300359498,0.6259820936318512,0.0
robocasa/MicrowaveCorrectMeal,81,9110574,1,predicted_progress,1,-0.04905007570549165,0.5074074708166361,0.0
robocasa/MicrowaveCorrectMeal,81,9110574,1,predicted_progress,2,-0.04391433300280545,0.663348474552893,0.0
robocasa/MicrowaveCorrectMeal,81,9110574,1,predicted_progress,4,-0.03966551882431542,0.792358899342287,0.0
robocasa/MicrowaveCorrectMeal,81,9110574,1,predicted_progress,8,-0.036288560888767515,0.894896397914601,0.0
robocasa/MicrowaveCorrectMeal,81,9110574,1,predicted_success,1,-0.04905007570549164,0.5074074708166361,0.0
robocasa/MicrowaveCorrectMeal,81,9110574,1,predicted_success,2,-0.04905007570549164,0.5074074708166361,0.0
robocasa/MicrowaveCorrectMeal,81,9110574,1,predicted_success,4,-0.04905007570549164,0.5074074708166361,0.0
robocasa/MicrowaveCorrectMeal,81,9110574,1,predicted_success,8,-0.04905007570549164,0.5074074708166361,0.0
robocasa/MicrowaveCorrectMeal,81,9110574,1,low_energy,1,-0.04905007570549164,0.5074074708166362,0.0
robocasa/MicrowaveCorrectMeal,81,9110574,1,low_energy,2,-0.04700314333480829,0.5695602512309749,0.0
robocasa/MicrowaveCorrectMeal,81,9110574,1,low_energy,4,-0.04620167665044306,0.5938958783167542,0.0
robocasa/MicrowaveCorrectMeal,81,9110574,1,low_energy,8,-0.04514495300359498,0.6259820936318512,0.0
robocasa/MicrowaveCorrectMeal,81,9110574,1,distance_progress,1,-0.04905007570549165,0.5074074708166361,0.0
robocasa/MicrowaveCorrectMeal,81,9110574,1,distance_progress,2,-0.043853721090873966,0.6651888865307021,0.0
robocasa/MicrowaveCorrectMeal,81,9110574,1,distance_progress,4,-0.039768227482404064,0.7892402674010157,0.0
robocasa/MicrowaveCorrectMeal,81,9110574,1,distance_progress,8,-0.03656471490105993,0.88651129446303,0.0
robocasa/MicrowaveCorrectMeal,81,9110574,1,oracle_real_utility,1,-0.04905007570549165,0.5074074708166362,0.0
robocasa/MicrowaveCorrectMeal,81,9110574,1,oracle_real_utility,2,-0.043444557506670374,0.6776126748134872,0.0
robocasa/MicrowaveCorrectMeal,81,9110574,1,oracle_real_utility,4,-0.038755707629893825,0.8199842846238312,0.0
robocasa/MicrowaveCorrectMeal,81,9110574,1,oracle_real_utility,8,-0.03545989705150379,0.9200578357092271,0.0
robocasa/PlaceMicrowaveSafeItem,82,9200570,0,random,1,-0.04790801487479936,0.6225544135110757,0.0
robocasa/PlaceMicrowaveSafeItem,82,9200570,0,random,2,-0.04204631466600157,0.7461442809773075,0.0
robocasa/PlaceMicrowaveSafeItem,82,9200570,0,random,4,-0.03809820673675808,0.8293873876420299,0.0
robocasa/PlaceMicrowaveSafeItem,82,9200570,0,random,8,-0.03573963766097547,0.8791161743596485,0.0
robocasa/PlaceMicrowaveSafeItem,82,9200570,0,learned_wam,1,-0.04790801487479936,0.6225544135110757,0.0
robocasa/PlaceMicrowaveSafeItem,82,9200570,0,learned_wam,2,-0.03889329998519301,0.8126234001133121,0.0
robocasa/PlaceMicrowaveSafeItem,82,9200570,0,learned_wam,4,-0.03434408309282161,0.9085404707201417,0.0
robocasa/PlaceMicrowaveSafeItem,82,9200570,0,learned_wam,8,-0.033379756122364164,0.928872633442157,0.0
robocasa/PlaceMicrowaveSafeItem,82,9200570,0,learned_physics_score,1,-0.04790801487479936,0.6225544135110757,0.0
robocasa/PlaceMicrowaveSafeItem,82,9200570,0,learned_physics_score,2,-0.03889329998519301,0.8126234001133121,0.0
robocasa/PlaceMicrowaveSafeItem,82,9200570,0,learned_physics_score,4,-0.03434408309282161,0.9085404707201417,0.0
robocasa/PlaceMicrowaveSafeItem,82,9200570,0,learned_physics_score,8,-0.033379756122364164,0.928872633442157,0.0
robocasa/PlaceMicrowaveSafeItem,82,9200570,0,learned_energy_regularized,1,-0.04790801487479936,0.6225544135110757,0.0
robocasa/PlaceMicrowaveSafeItem,82,9200570,0,learned_energy_regularized,2,-0.038995972533406816,0.8104586209239707,0.0
robocasa/PlaceMicrowaveSafeItem,82,9200570,0,learned_energy_regularized,4,-0.034871732406461645,0.8974153523383549,0.0
robocasa/PlaceMicrowaveSafeItem,82,9200570,0,learned_energy_regularized,8,-0.034959707124107675,0.8955604666725998,0.0
robocasa/PlaceMicrowaveSafeItem,82,9200570,0,predicted_progress,1,-0.04790801487479935,0.6225544135110757,0.0
robocasa/PlaceMicrowaveSafeItem,82,9200570,0,predicted_progress,2,-0.038889831440328336,0.812696531966675,0.0
robocasa/PlaceMicrowaveSafeItem,82,9200570,0,predicted_progress,4,-0.03382522048292783,0.9194803275715222,0.0
robocasa/PlaceMicrowaveSafeItem,82,9200570,0,predicted_progress,8,-0.0323541293270117,0.9504972602897017,0.0
robocasa/PlaceMicrowaveSafeItem,82,9200570,0,predicted_success,1,-0.04790801487479936,0.6225544135110757,0.0
robocasa/PlaceMicrowaveSafeItem,82,9200570,0,predicted_success,2,-0.04790801487479936,0.6225544135110757,0.0
robocasa/PlaceMicrowaveSafeItem,82,9200570,0,predicted_success,4,-0.04790801487479936,0.6225544135110757,0.0
robocasa/PlaceMicrowaveSafeItem,82,9200570,0,predicted_success,8,-0.04790801487479936,0.6225544135110757,0.0
robocasa/PlaceMicrowaveSafeItem,82,9200570,0,low_energy,1,-0.04790801487479936,0.6225544135110757,0.0
robocasa/PlaceMicrowaveSafeItem,82,9200570,0,low_energy,2,-0.03937368152408216,0.8024948898501251,0.0
robocasa/PlaceMicrowaveSafeItem,82,9200570,0,low_energy,4,-0.0357705630544677,0.8784641339708704,0.0
robocasa/PlaceMicrowaveSafeItem,82,9200570,0,low_energy,8,-0.03589048351117024,0.8759356946405695,0.0
robocasa/PlaceMicrowaveSafeItem,82,9200570,0,distance_progress,1,-0.04790801487479936,0.6225544135110757,0.0
robocasa/PlaceMicrowaveSafeItem,82,9200570,0,distance_progress,2,-0.04215786751513191,0.7437922668263948,0.0
robocasa/PlaceMicrowaveSafeItem,82,9200570,0,distance_progress,4,-0.03873032436885589,0.8160596275056824,0.0
robocasa/PlaceMicrowaveSafeItem,82,9200570,0,distance_progress,8,-0.03402525423649844,0.9152627551587503,0.0
robocasa/PlaceMicrowaveSafeItem,82,9200570,0,oracle_real_utility,1,-0.04790801487479936,0.6225544135110757,0.0
robocasa/PlaceMicrowaveSafeItem,82,9200570,0,oracle_real_utility,2,-0.03843593263280278,0.8222666722786902,0.0
robocasa/PlaceMicrowaveSafeItem,82,9200570,0,oracle_real_utility,4,-0.03326157497099312,0.9313644007306021,0.0
robocasa/PlaceMicrowaveSafeItem,82,9200570,0,oracle_real_utility,8,-0.03126869357360481,0.9733829173735156,0.0
robocasa/PlaceMicrowaveSafeItem,82,9210577,1,random,1,-0.05907305873916628,0.5545165390081949,0.0
robocasa/PlaceMicrowaveSafeItem,82,9210577,1,random,2,-0.06207047258128532,0.513875768168741,0.0
robocasa/PlaceMicrowaveSafeItem,82,9210577,1,random,4,-0.06253618842621707,0.5075613077948631,0.0
robocasa/PlaceMicrowaveSafeItem,82,9210577,1,random,8,-0.06939547885495671,0.41455885130437325,0.0
robocasa/PlaceMicrowaveSafeItem,82,9210577,1,learned_wam,1,-0.05907305873916628,0.5545165390081948,0.0
robocasa/PlaceMicrowaveSafeItem,82,9210577,1,learned_wam,2,-0.044406887918260876,0.7533694564963338,0.0
robocasa/PlaceMicrowaveSafeItem,82,9210577,1,learned_wam,4,-0.033769133301748175,0.8976026422983985,0.0
robocasa/PlaceMicrowaveSafeItem,82,9210577,1,learned_wam,8,-0.028681301515245967,0.9665865786502591,0.0
robocasa/PlaceMicrowaveSafeItem,82,9210577,1,learned_physics_score,1,-0.05907305873916628,0.5545165390081948,0.0
robocasa/PlaceMicrowaveSafeItem,82,9210577,1,learned_physics_score,2,-0.044406887918260876,0.7533694564963338,0.0
robocasa/PlaceMicrowaveSafeItem,82,9210577,1,learned_physics_score,4,-0.033769133301748175,0.8976026422983985,0.0
robocasa/PlaceMicrowaveSafeItem,82,9210577,1,learned_physics_score,8,-0.028681301515245967,0.9665865786502591,0.0
robocasa/PlaceMicrowaveSafeItem,82,9210577,1,learned_energy_regularized,1,-0.05907305873916628,0.5545165390081948,0.0
robocasa/PlaceMicrowaveSafeItem,82,9210577,1,learned_energy_regularized,2,-0.045839386248942536,0.7339467676546835,0.0
robocasa/PlaceMicrowaveSafeItem,82,9210577,1,learned_energy_regularized,4,-0.03457362542829644,0.886694845818057,0.0
robocasa/PlaceMicrowaveSafeItem,82,9210577,1,learned_energy_regularized,8,-0.028768349441340914,0.9654063296079802,0.0
robocasa/PlaceMicrowaveSafeItem,82,9210577,1,predicted_progress,1,-0.05907305873916628,0.5545165390081948,0.0
robocasa/PlaceMicrowaveSafeItem,82,9210577,1,predicted_progress,2,-0.045409690683831265,0.7397728430357431,0.0
robocasa/PlaceMicrowaveSafeItem,82,9210577,1,predicted_progress,4,-0.03498040580677938,0.8811794685579638,0.0
robocasa/PlaceMicrowaveSafeItem,82,9210577,1,predicted_progress,8,-0.029128377652340425,0.9605248468399465,0.0
robocasa/PlaceMicrowaveSafeItem,82,9210577,1,predicted_success,1,-0.05907305873916628,0.5545165390081948,0.0
robocasa/PlaceMicrowaveSafeItem,82,9210577,1,predicted_success,2,-0.05907305873916628,0.5545165390081948,0.0
robocasa/PlaceMicrowaveSafeItem,82,9210577,1,predicted_success,4,-0.05907305873916628,0.5545165390081948,0.0
robocasa/PlaceMicrowaveSafeItem,82,9210577,1,predicted_success,8,-0.05907305873916628,0.5545165390081948,0.0
robocasa/PlaceMicrowaveSafeItem,82,9210577,1,low_energy,1,-0.05907305873916628,0.5545165390081948,0.0
robocasa/PlaceMicrowaveSafeItem,82,9210577,1,low_energy,2,-0.045839386248942536,0.7339467676546835,0.0
robocasa/PlaceMicrowaveSafeItem,82,9210577,1,low_energy,4,-0.03457362542829644,0.886694845818057,0.0
robocasa/PlaceMicrowaveSafeItem,82,9210577,1,low_energy,8,-0.028768349441340914,0.9654063296079802,0.0
robocasa/PlaceMicrowaveSafeItem,82,9210577,1,distance_progress,1,-0.05907305873916628,0.5545165390081948,0.0
robocasa/PlaceMicrowaveSafeItem,82,9210577,1,distance_progress,2,-0.04840474125754436,0.6991641148353028,0.0
robocasa/PlaceMicrowaveSafeItem,82,9210577,1,distance_progress,4,-0.045503935729641135,0.7384950110408106,0.0
robocasa/PlaceMicrowaveSafeItem,82,9210577,1,distance_progress,8,-0.05030051861317403,0.6734600055160828,0.0
robocasa/PlaceMicrowaveSafeItem,82,9210577,1,oracle_real_utility,1,-0.05907305873916628,0.5545165390081948,0.0
robocasa/PlaceMicrowaveSafeItem,82,9210577,1,oracle_real_utility,2,-0.04422561076418424,0.7558273230657524,0.0
robocasa/PlaceMicrowaveSafeItem,82,9210577,1,oracle_real_utility,4,-0.03369832191343699,0.8985627464270776,0.0
robocasa/PlaceMicrowaveSafeItem,82,9210577,1,oracle_real_utility,8,-0.02867920967491744,0.9666149411013261,0.0
robocasa/PrepareToast,83,9300573,0,random,1,-0.05446073585340244,0.4607208861728661,0.0
robocasa/PrepareToast,83,9300573,0,random,2,-0.049135917948139145,0.6233734797527678,0.0
robocasa/PrepareToast,83,9300573,0,random,4,-0.043472958092211945,0.7963550021809755,0.0
robocasa/PrepareToast,83,9300573,0,random,8,-0.03923889353346666,0.9256892994503596,0.0
robocasa/PrepareToast,83,9300573,0,learned_wam,1,-0.05446073585340244,0.4607208861728661,0.0
robocasa/PrepareToast,83,9300573,0,learned_wam,2,-0.052379632354269345,0.5242905495237238,0.0
robocasa/PrepareToast,83,9300573,0,learned_wam,4,-0.04911784570988105,0.623925516738214,0.0
robocasa/PrepareToast,83,9300573,0,learned_wam,8,-0.04450693399851069,0.7647710370856837,0.0
robocasa/PrepareToast,83,9300573,0,learned_physics_score,1,-0.05446073585340244,0.4607208861728661,0.0
robocasa/PrepareToast,83,9300573,0,learned_physics_score,2,-0.052379632354269345,0.5242905495237238,0.0
robocasa/PrepareToast,83,9300573,0,learned_physics_score,4,-0.04911784570988105,0.623925516738214,0.0
robocasa/PrepareToast,83,9300573,0,learned_physics_score,8,-0.04450693399851069,0.7647710370856837,0.0
robocasa/PrepareToast,83,9300573,0,learned_energy_regularized,1,-0.05446073585340244,0.4607208861728661,0.0
robocasa/PrepareToast,83,9300573,0,learned_energy_regularized,2,-0.05050442403910841,0.5815709112919712,0.0
robocasa/PrepareToast,83,9300573,0,learned_energy_regularized,4,-0.04651765285958104,0.7033513522191182,0.0
robocasa/PrepareToast,83,9300573,0,learned_energy_regularized,8,-0.04296982557059512,0.8117237548803836,0.0
robocasa/PrepareToast,83,9300573,0,predicted_progress,1,-0.05446073585340244,0.4607208861728661,0.0
robocasa/PrepareToast,83,9300573,0,predicted_progress,2,-0.05794430690215731,0.3543112631433588,0.0
robocasa/PrepareToast,83,9300573,0,predicted_progress,4,-0.05966399871003823,0.30178132922140044,0.0
robocasa/PrepareToast,83,9300573,0,predicted_progress,8,-0.0592715761133981,0.31376832187701514,0.0
robocasa/PrepareToast,83,9300573,0,predicted_success,1,-0.05446073585340244,0.4607208861728661,0.0
robocasa/PrepareToast,83,9300573,0,predicted_success,2,-0.05446073585340244,0.4607208861728661,0.0
robocasa/PrepareToast,83,9300573,0,predicted_success,4,-0.05446073585340244,0.4607208861728661,0.0
robocasa/PrepareToast,83,9300573,0,predicted_success,8,-0.05446073585340244,0.4607208861728661,0.0
robocasa/PrepareToast,83,9300573,0,low_energy,1,-0.05446073585340244,0.4607208861728661,0.0
robocasa/PrepareToast,83,9300573,0,low_energy,2,-0.05050442403910841,0.5815709112919712,0.0
robocasa/PrepareToast,83,9300573,0,low_energy,4,-0.04651765285958104,0.7033513522191182,0.0
robocasa/PrepareToast,83,9300573,0,low_energy,8,-0.04296982557059512,0.8117237548803836,0.0
robocasa/PrepareToast,83,9300573,0,distance_progress,1,-0.05446073585340245,0.4607208861728661,0.0
robocasa/PrepareToast,83,9300573,0,distance_progress,2,-0.04937655490734204,0.616022951298669,0.0
robocasa/PrepareToast,83,9300573,0,distance_progress,4,-0.04552142196362435,0.7337823532251085,0.0
robocasa/PrepareToast,83,9300573,0,distance_progress,8,-0.045558169167300364,0.7326598682704958,0.0
robocasa/PrepareToast,83,9300573,0,oracle_real_utility,1,-0.05446073585340244,0.4607208861728661,0.0
robocasa/PrepareToast,83,9300573,0,oracle_real_utility,2,-0.048091252690537004,0.6552839631899291,0.0
robocasa/PrepareToast,83,9300573,0,oracle_real_utility,4,-0.04239066136444937,0.8294149814939994,0.0
robocasa/PrepareToast,83,9300573,0,oracle_real_utility,8,-0.03857980081577311,0.9458220329728557,0.0
robocasa/PrepareToast,83,9310580,1,random,1,-0.050447931866431095,0.5468591028234798,0.0
robocasa/PrepareToast,83,9310580,1,random,2,-0.0529013268479922,0.45757496705690137,0.0
robocasa/PrepareToast,83,9310580,1,random,4,-0.054742338071306934,0.39057674734682546,0.0
robocasa/PrepareToast,83,9310580,1,random,8,-0.058374484965510336,0.2583953828036143,0.0
robocasa/PrepareToast,83,9310580,1,learned_wam,1,-0.050447931866431095,0.5468591028234798,0.0
robocasa/PrepareToast,83,9310580,1,learned_wam,2,-0.046324464606396144,0.6969206352880737,0.0
robocasa/PrepareToast,83,9310580,1,learned_wam,4,-0.04268767242291785,0.8292710515499895,0.0
robocasa/PrepareToast,83,9310580,1,learned_wam,8,-0.04006801146882799,0.9246059511667387,0.0
robocasa/PrepareToast,83,9310580,1,learned_physics_score,1,-0.050447931866431095,0.5468591028234798,0.0
robocasa/PrepareToast,83,9310580,1,learned_physics_score,2,-0.046324464606396144,0.6969206352880737,0.0
robocasa/PrepareToast,83,9310580,1,learned_physics_score,4,-0.04268767242291785,0.8292710515499895,0.0
robocasa/PrepareToast,83,9310580,1,learned_physics_score,8,-0.04006801146882799,0.9246059511667387,0.0
robocasa/PrepareToast,83,9310580,1,learned_energy_regularized,1,-0.050447931866431095,0.5468591028234798,0.0
robocasa/PrepareToast,83,9310580,1,learned_energy_regularized,2,-0.046198940011061444,0.7014887358573416,0.0
robocasa/PrepareToast,83,9310580,1,learned_energy_regularized,4,-0.04258013192514329,0.8331846734803645,0.0
robocasa/PrepareToast,83,9310580,1,learned_energy_regularized,8,-0.040064263251459925,0.9247423565767474,0.0
robocasa/PrepareToast,83,9310580,1,predicted_progress,1,-0.050447931866431095,0.5468591028234798,0.0
robocasa/PrepareToast,83,9310580,1,predicted_progress,2,-0.04808653627187237,0.632795189938579,0.0
robocasa/PrepareToast,83,9310580,1,predicted_progress,4,-0.04715004911270919,0.6668759014794411,0.0
robocasa/PrepareToast,83,9310580,1,predicted_progress,8,-0.04923551893463194,0.5909813259557015,0.0
robocasa/PrepareToast,83,9310580,1,predicted_success,1,-0.050447931866431095,0.5468591028234798,0.0
robocasa/PrepareToast,83,9310580,1,predicted_success,2,-0.050447931866431095,0.5468591028234798,0.0
robocasa/PrepareToast,83,9310580,1,predicted_success,4,-0.050447931866431095,0.5468591028234798,0.0
robocasa/PrepareToast,83,9310580,1,predicted_success,8,-0.050447931866431095,0.5468591028234798,0.0
robocasa/PrepareToast,83,9310580,1,low_energy,1,-0.050447931866431095,0.5468591028234798,0.0
robocasa/PrepareToast,83,9310580,1,low_energy,2,-0.04606744056456941,0.7062742736619201,0.0
robocasa/PrepareToast,83,9310580,1,low_energy,4,-0.04248082909066455,0.8367985097449044,0.0
robocasa/PrepareToast,83,9310580,1,low_energy,8,-0.04005955455344225,0.9249137158712164,0.0
robocasa/PrepareToast,83,9310580,1,distance_progress,1,-0.050447931866431095,0.5468591028234798,0.0
robocasa/PrepareToast,83,9310580,1,distance_progress,2,-0.0496481966992563,0.5759631255267089,0.0
robocasa/PrepareToast,83,9310580,1,distance_progress,4,-0.04906248679843901,0.5972783245457939,0.0
robocasa/PrepareToast,83,9310580,1,distance_progress,8,-0.04781312010432231,0.6427453717918018,0.0
robocasa/PrepareToast,83,9310580,1,oracle_real_utility,1,-0.050447931866431095,0.5468591028234799,0.0
robocasa/PrepareToast,83,9310580,1,oracle_real_utility,2,-0.045648745930226435,0.7215114404688848,0.0
robocasa/PrepareToast,83,9310580,1,oracle_real_utility,4,-0.04212151267204381,0.849874780033385,0.0
robocasa/PrepareToast,83,9310580,1,oracle_real_utility,8,-0.039881307170565455,0.931400508113158,0.0
robocasa/ReturnHeatedFood,84,9400576,0,random,1,-0.05479121665602762,0.44963053506841355,0.0
robocasa/ReturnHeatedFood,84,9400576,0,random,2,-0.055410395435204436,0.42661393830852407,0.0
robocasa/ReturnHeatedFood,84,9400576,0,random,4,-0.057144257436874527,0.3621614669515582,0.0
robocasa/ReturnHeatedFood,84,9400576,0,random,8,-0.05734604158369442,0.35466058918235177,0.0
robocasa/ReturnHeatedFood,84,9400576,0,learned_wam,1,-0.05479121665602761,0.4496305350684135,0.0
robocasa/ReturnHeatedFood,84,9400576,0,learned_wam,2,-0.05288010199021187,0.520671980777311,0.0
robocasa/ReturnHeatedFood,84,9400576,0,learned_wam,4,-0.04959134701953326,0.6429241469494573,0.0
robocasa/ReturnHeatedFood,84,9400576,0,learned_wam,8,-0.045527570576244125,0.7939860160947052,0.0
robocasa/ReturnHeatedFood,84,9400576,0,learned_physics_score,1,-0.05479121665602761,0.4496305350684135,0.0
robocasa/ReturnHeatedFood,84,9400576,0,learned_physics_score,2,-0.05288010199021187,0.520671980777311,0.0
robocasa/ReturnHeatedFood,84,9400576,0,learned_physics_score,4,-0.04959134701953326,0.6429241469494573,0.0
robocasa/ReturnHeatedFood,84,9400576,0,learned_physics_score,8,-0.045527570576244125,0.7939860160947052,0.0
robocasa/ReturnHeatedFood,84,9400576,0,learned_energy_regularized,1,-0.05479121665602761,0.44963053506841355,0.0
robocasa/ReturnHeatedFood,84,9400576,0,learned_energy_regularized,2,-0.052757869391307236,0.5252157063288256,0.0
robocasa/ReturnHeatedFood,84,9400576,0,learned_energy_regularized,4,-0.04926028914246709,0.6552304886990038,0.0
robocasa/ReturnHeatedFood,84,9400576,0,learned_energy_regularized,8,-0.045235546300948476,0.804841370339104,0.0
robocasa/ReturnHeatedFood,84,9400576,0,predicted_progress,1,-0.05479121665602761,0.44963053506841355,0.0
robocasa/ReturnHeatedFood,84,9400576,0,predicted_progress,2,-0.05451416502082332,0.459929314651336,0.0
robocasa/ReturnHeatedFood,84,9400576,0,predicted_progress,4,-0.0548937336243515,0.4458196943220717,0.0
robocasa/ReturnHeatedFood,84,9400576,0,predicted_progress,8,-0.057076572266144016,0.3646775129365314,0.0
robocasa/ReturnHeatedFood,84,9400576,0,predicted_success,1,-0.05479121665602761,0.44963053506841355,0.0
robocasa/ReturnHeatedFood,84,9400576,0,predicted_success,2,-0.05479121665602761,0.44963053506841355,0.0
robocasa/ReturnHeatedFood,84,9400576,0,predicted_success,4,-0.05479121665602761,0.44963053506841355,0.0
robocasa/ReturnHeatedFood,84,9400576,0,predicted_success,8,-0.05479121665602761,0.44963053506841355,0.0
robocasa/ReturnHeatedFood,84,9400576,0,low_energy,1,-0.05479121665602761,0.44963053506841355,0.0
robocasa/ReturnHeatedFood,84,9400576,0,low_energy,2,-0.052757869391307236,0.5252157063288256,0.0
robocasa/ReturnHeatedFood,84,9400576,0,low_energy,4,-0.04926028914246709,0.6552304886990038,0.0
robocasa/ReturnHeatedFood,84,9400576,0,low_energy,8,-0.045235546300948476,0.804841370339104,0.0
robocasa/ReturnHeatedFood,84,9400576,0,distance_progress,1,-0.05479121665602761,0.44963053506841355,0.0
robocasa/ReturnHeatedFood,84,9400576,0,distance_progress,2,-0.05262121947084317,0.5302953638080015,0.0
robocasa/ReturnHeatedFood,84,9400576,0,distance_progress,4,-0.05226868993053055,0.543399866979302,0.0
robocasa/ReturnHeatedFood,84,9400576,0,distance_progress,8,-0.053389302724436524,0.5017435737264916,0.0
robocasa/ReturnHeatedFood,84,9400576,0,oracle_real_utility,1,-0.054791216656027604,0.44963053506841355,0.0
robocasa/ReturnHeatedFood,84,9400576,0,oracle_real_utility,2,-0.05123664524248303,0.581763837486424,0.0
robocasa/ReturnHeatedFood,84,9400576,0,oracle_real_utility,4,-0.04801891097249815,0.701375966750901,0.0
robocasa/ReturnHeatedFood,84,9400576,0,oracle_real_utility,8,-0.04451845940175389,0.8314974841395543,0.0
robocasa/ReturnHeatedFood,84,9410583,1,random,1,-0.043848697545630734,0.6437705031618217,0.0
robocasa/ReturnHeatedFood,84,9410583,1,random,2,-0.04220814658725732,0.6795080929691336,0.0
robocasa/ReturnHeatedFood,84,9410583,1,random,4,-0.04152181537758208,0.6944590599708836,0.0
robocasa/ReturnHeatedFood,84,9410583,1,random,8,-0.04160635213386911,0.6926175201489069,0.0
robocasa/ReturnHeatedFood,84,9410583,1,learned_wam,1,-0.043848697545630734,0.6437705031618217,0.0
robocasa/ReturnHeatedFood,84,9410583,1,learned_wam,2,-0.03774304801844737,0.7767753313239601,0.0
robocasa/ReturnHeatedFood,84,9410583,1,learned_wam,4,-0.03381227843354634,0.8624028032017808,0.0
robocasa/ReturnHeatedFood,84,9410583,1,learned_wam,8,-0.030628524452026407,0.9317573656176699,0.0
robocasa/ReturnHeatedFood,84,9410583,1,learned_physics_score,1,-0.043848697545630734,0.6437705031618217,0.0
robocasa/ReturnHeatedFood,84,9410583,1,learned_physics_score,2,-0.03774304801844737,0.7767753313239601,0.0
robocasa/ReturnHeatedFood,84,9410583,1,learned_physics_score,4,-0.03381227843354634,0.8624028032017808,0.0
robocasa/ReturnHeatedFood,84,9410583,1,learned_physics_score,8,-0.030628524452026407,0.9317573656176699,0.0
robocasa/ReturnHeatedFood,84,9410583,1,learned_energy_regularized,1,-0.04384869754563073,0.6437705031618217,0.0
robocasa/ReturnHeatedFood,84,9410583,1,learned_energy_regularized,2,-0.037937402073436814,0.7725415429986726,0.0
robocasa/ReturnHeatedFood,84,9410583,1,learned_energy_regularized,4,-0.03412288973838316,0.8556364791536828,0.0
robocasa/ReturnHeatedFood,84,9410583,1,learned_energy_regularized,8,-0.03073424700334106,0.9294543166614755,0.0
robocasa/ReturnHeatedFood,84,9410583,1,predicted_progress,1,-0.043848697545630734,0.6437705031618217,0.0
robocasa/ReturnHeatedFood,84,9410583,1,predicted_progress,2,-0.04088054076276861,0.7084285188414378,0.0
robocasa/ReturnHeatedFood,84,9410583,1,predicted_progress,4,-0.04024165752640139,0.7223458841750313,0.0
robocasa/ReturnHeatedFood,84,9410583,1,predicted_progress,8,-0.0404231395240175,0.718392499395904,0.0
robocasa/ReturnHeatedFood,84,9410583,1,predicted_success,1,-0.04384869754563073,0.6437705031618217,0.0
robocasa/ReturnHeatedFood,84,9410583,1,predicted_success,2,-0.04384869754563073,0.6437705031618217,0.0
robocasa/ReturnHeatedFood,84,9410583,1,predicted_success,4,-0.04384869754563073,0.6437705031618217,0.0
robocasa/ReturnHeatedFood,84,9410583,1,predicted_success,8,-0.04384869754563073,0.6437705031618217,0.0
robocasa/ReturnHeatedFood,84,9410583,1,low_energy,1,-0.04384869754563073,0.6437705031618217,0.0
robocasa/ReturnHeatedFood,84,9410583,1,low_energy,2,-0.037937402073436814,0.7725415429986726,0.0
robocasa/ReturnHeatedFood,84,9410583,1,low_energy,4,-0.03412288973838316,0.8556364791536828,0.0
robocasa/ReturnHeatedFood,84,9410583,1,low_energy,8,-0.03073424700334106,0.9294543166614755,0.0
robocasa/ReturnHeatedFood,84,9410583,1,distance_progress,1,-0.043848697545630734,0.6437705031618217,0.0
robocasa/ReturnHeatedFood,84,9410583,1,distance_progress,2,-0.041001648474555306,0.7057903211650751,0.0
robocasa/ReturnHeatedFood,84,9410583,1,distance_progress,4,-0.040512901207897196,0.7164371402999046,0.0
robocasa/ReturnHeatedFood,84,9410583,1,distance_progress,8,-0.04063479555247081,0.713781806697514,0.0
robocasa/ReturnHeatedFood,84,9410583,1,oracle_real_utility,1,-0.043848697545630734,0.6437705031618217,0.0
robocasa/ReturnHeatedFood,84,9410583,1,oracle_real_utility,2,-0.037645739267399704,0.7788950949386493,0.0
robocasa/ReturnHeatedFood,84,9410583,1,oracle_real_utility,4,-0.033667943580803335,0.8655469784777152,0.0
robocasa/ReturnHeatedFood,84,9410583,1,oracle_real_utility,8,-0.030537241021885878,0.9337458742744209,0.0
robocasa/ToastBaguette,85,9500579,0,random,1,-0.0563930500775552,0.6100635502339539,0.0
robocasa/ToastBaguette,85,9500579,0,random,2,-0.05650718074421101,0.608127715710402,0.0
robocasa/ToastBaguette,85,9500579,0,random,4,-0.060980769288035766,0.5322486605795063,0.0
robocasa/ToastBaguette,85,9500579,0,random,8,-0.06539053583157926,0.4574521263444111,0.0
robocasa/ToastBaguette,85,9500579,0,learned_wam,1,-0.0563930500775552,0.610063550233954,0.0
robocasa/ToastBaguette,85,9500579,0,learned_wam,2,-0.04752395216606763,0.7604973156091903,0.0
robocasa/ToastBaguette,85,9500579,0,learned_wam,4,-0.042176238685218234,0.8512028961654835,0.0
robocasa/ToastBaguette,85,9500579,0,learned_wam,8,-0.0383858916280896,0.9154931075909623,0.0
robocasa/ToastBaguette,85,9500579,0,learned_physics_score,1,-0.0563930500775552,0.610063550233954,0.0
robocasa/ToastBaguette,85,9500579,0,learned_physics_score,2,-0.04752395216606763,0.7604973156091903,0.0
robocasa/ToastBaguette,85,9500579,0,learned_physics_score,4,-0.042176238685218234,0.8512028961654835,0.0
robocasa/ToastBaguette,85,9500579,0,learned_physics_score,8,-0.0383858916280896,0.9154931075909623,0.0
robocasa/ToastBaguette,85,9500579,0,learned_energy_regularized,1,-0.0563930500775552,0.610063550233954,0.0
robocasa/ToastBaguette,85,9500579,0,learned_energy_regularized,2,-0.04748530444169148,0.7611528414314455,0.0
robocasa/ToastBaguette,85,9500579,0,learned_energy_regularized,4,-0.04208756360064282,0.8527069642229991,0.0
robocasa/ToastBaguette,85,9500579,0,learned_energy_regularized,8,-0.038347602473826105,0.9161425515035646,0.0
robocasa/ToastBaguette,85,9500579,0,predicted_progress,1,-0.0563930500775552,0.610063550233954,0.0
robocasa/ToastBaguette,85,9500579,0,predicted_progress,2,-0.0515234339236443,0.6926598527300694,0.0
robocasa/ToastBaguette,85,9500579,0,predicted_progress,4,-0.05108145129073781,0.7001565691224396,0.0
robocasa/ToastBaguette,85,9500579,0,predicted_progress,8,-0.052667498164458454,0.6732547347243345,0.0
robocasa/ToastBaguette,85,9500579,0,predicted_success,1,-0.056393050077555205,0.610063550233954,0.0
robocasa/ToastBaguette,85,9500579,0,predicted_success,2,-0.056393050077555205,0.610063550233954,0.0
robocasa/ToastBaguette,85,9500579,0,predicted_success,4,-0.056393050077555205,0.610063550233954,0.0
robocasa/ToastBaguette,85,9500579,0,predicted_success,8,-0.056393050077555205,0.610063550233954,0.0
robocasa/ToastBaguette,85,9500579,0,low_energy,1,-0.0563930500775552,0.610063550233954,0.0
robocasa/ToastBaguette,85,9500579,0,low_energy,2,-0.047156686254175295,0.7667267196107376,0.0
robocasa/ToastBaguette,85,9500579,0,low_energy,4,-0.04097334255859576,0.8716058949246612,0.0
robocasa/ToastBaguette,85,9500579,0,low_energy,8,-0.03659497757258169,0.9458698096549383,0.0
robocasa/ToastBaguette,85,9500579,0,distance_progress,1,-0.0563930500775552,0.6100635502339539,0.0
robocasa/ToastBaguette,85,9500579,0,distance_progress,2,-0.05285192045677943,0.670126644344698,0.0
robocasa/ToastBaguette,85,9500579,0,distance_progress,4,-0.055423349458471834,0.6265111886376822,0.0
robocasa/ToastBaguette,85,9500579,0,distance_progress,8,-0.06124065287767374,0.5278406286309767,0.0
robocasa/ToastBaguette,85,9500579,0,oracle_real_utility,1,-0.0563930500775552,0.610063550233954,0.0
robocasa/ToastBaguette,85,9500579,0,oracle_real_utility,2,-0.04711082015540531,0.7675046803469816,0.0
robocasa/ToastBaguette,85,9500579,0,oracle_real_utility,4,-0.040933926379965305,0.8722744549323709,0.0
robocasa/ToastBaguette,85,9500579,0,oracle_real_utility,8,-0.036590369861891736,0.9459479636313367,0.0
robocasa/ToastBaguette,85,9510586,1,random,1,-0.05142854399325174,0.600876877725467,0.0
robocasa/ToastBaguette,85,9510586,1,random,2,-0.049131590889324554,0.6638855934012604,0.0
robocasa/ToastBaguette,85,9510586,1,random,4,-0.044480569411189386,0.7914697784752959,0.0
robocasa/ToastBaguette,85,9510586,1,random,8,-0.039814104425750535,0.9194776010885874,0.0
robocasa/ToastBaguette,85,9510586,1,learned_wam,1,-0.051428543993251745,0.600876877725467,0.0
robocasa/ToastBaguette,85,9510586,1,learned_wam,2,-0.044477522639131385,0.791553355799536,0.0
robocasa/ToastBaguette,85,9510586,1,learned_wam,4,-0.04023900418530976,0.9078219917097948,0.0
robocasa/ToastBaguette,85,9510586,1,learned_wam,8,-0.0381236762231626,0.9658484694380972,0.0
robocasa/ToastBaguette,85,9510586,1,learned_physics_score,1,-0.051428543993251745,0.600876877725467,0.0
robocasa/ToastBaguette,85,9510586,1,learned_physics_score,2,-0.044477522639131385,0.791553355799536,0.0
robocasa/ToastBaguette,85,9510586,1,learned_physics_score,4,-0.04023900418530976,0.9078219917097948,0.0
robocasa/ToastBaguette,85,9510586,1,learned_physics_score,8,-0.0381236762231626,0.9658484694380972,0.0
robocasa/ToastBaguette,85,9510586,1,learned_energy_regularized,1,-0.051428543993251745,0.600876877725467,0.0
robocasa/ToastBaguette,85,9510586,1,learned_energy_regularized,2,-0.04455056603686563,0.7895496707125562,0.0
robocasa/ToastBaguette,85,9510586,1,learned_energy_regularized,4,-0.04030177585523763,0.9061000748381716,0.0
robocasa/ToastBaguette,85,9510586,1,learned_energy_regularized,8,-0.03813101416673305,0.9656471791290853,0.0
robocasa/ToastBaguette,85,9510586,1,predicted_progress,1,-0.05142854399325174,0.600876877725467,0.0
robocasa/ToastBaguette,85,9510586,1,predicted_progress,2,-0.04553692345628793,0.7624924730323638,0.0
robocasa/ToastBaguette,85,9510586,1,predicted_progress,4,-0.04192993950158064,0.8614372125051575,0.0
robocasa/ToastBaguette,85,9510586,1,predicted_progress,8,-0.04071864452749606,0.8946647696943408,0.0
robocasa/ToastBaguette,85,9510586,1,predicted_success,1,-0.05142854399325174,0.600876877725467,0.0
robocasa/ToastBaguette,85,9510586,1,predicted_success,2,-0.05142854399325174,0.600876877725467,0.0
robocasa/ToastBaguette,85,9510586,1,predicted_success,4,-0.05142854399325174,0.600876877725467,0.0
robocasa/ToastBaguette,85,9510586,1,predicted_success,8,-0.05142854399325174,0.600876877725467,0.0
robocasa/ToastBaguette,85,9510586,1,low_energy,1,-0.05142854399325174,0.600876877725467,0.0
robocasa/ToastBaguette,85,9510586,1,low_energy,2,-0.04521345702535437,0.7713656208308584,0.0
robocasa/ToastBaguette,85,9510586,1,low_energy,4,-0.04158612714543457,0.870868478192382,0.0
robocasa/ToastBaguette,85,9510586,1,low_energy,8,-0.03890860827731442,0.9443166582137807,0.0
robocasa/ToastBaguette,85,9510586,1,distance_progress,1,-0.05142854399325174,0.600876877725467,0.0
robocasa/ToastBaguette,85,9510586,1,distance_progress,2,-0.04615988470838411,0.7454037530479405,0.0
robocasa/ToastBaguette,85,9510586,1,distance_progress,4,-0.04344696163900846,0.819823121051724,0.0
robocasa/ToastBaguette,85,9510586,1,distance_progress,8,-0.04290765025267622,0.8346172053297299,0.0
robocasa/ToastBaguette,85,9510586,1,oracle_real_utility,1,-0.051428543993251745,0.600876877725467,0.0
robocasa/ToastBaguette,85,9510586,1,oracle_real_utility,2,-0.044477522639131385,0.791553355799536,0.0
robocasa/ToastBaguette,85,9510586,1,oracle_real_utility,4,-0.04023900418530976,0.9078219917097948,0.0
robocasa/ToastBaguette,85,9510586,1,oracle_real_utility,8,-0.0381236762231626,0.9658484694380972,0.0
robocasa/TurnOffMicrowave,86,9600582,0,random,1,-0.05001167187030424,0.6470653299226227,0.0
robocasa/TurnOffMicrowave,86,9600582,0,random,2,-0.04931205060388738,0.6787000971011378,0.0
robocasa/TurnOffMicrowave,86,9600582,0,random,4,-0.04999587526689156,0.6477796047669695,0.0
robocasa/TurnOffMicrowave,86,9600582,0,random,8,-0.05191271102974587,0.5611060629692607,0.0
robocasa/TurnOffMicrowave,86,9600582,0,learned_wam,1,-0.050011671870304246,0.6470653299226227,0.0
robocasa/TurnOffMicrowave,86,9600582,0,learned_wam,2,-0.04825861651240581,0.7263332149344567,0.0
robocasa/TurnOffMicrowave,86,9600582,0,learned_wam,4,-0.045787122726305376,0.8380867225241596,0.0
robocasa/TurnOffMicrowave,86,9600582,0,learned_wam,8,-0.04378383803686591,0.9286692244930764,0.0
robocasa/TurnOffMicrowave,86,9600582,0,learned_physics_score,1,-0.050011671870304246,0.6470653299226227,0.0
robocasa/TurnOffMicrowave,86,9600582,0,learned_physics_score,2,-0.04825861651240581,0.7263332149344567,0.0
robocasa/TurnOffMicrowave,86,9600582,0,learned_physics_score,4,-0.045787122726305376,0.8380867225241596,0.0
robocasa/TurnOffMicrowave,86,9600582,0,learned_physics_score,8,-0.04378383803686591,0.9286692244930764,0.0
robocasa/TurnOffMicrowave,86,9600582,0,learned_energy_regularized,1,-0.050011671870304246,0.6470653299226227,0.0
robocasa/TurnOffMicrowave,86,9600582,0,learned_energy_regularized,2,-0.04780841781827827,0.7466898443801807,0.0
robocasa/TurnOffMicrowave,86,9600582,0,learned_energy_regularized,4,-0.046236590702259106,0.8177631339541368,0.0
robocasa/TurnOffMicrowave,86,9600582,0,learned_energy_regularized,8,-0.04442613854589246,0.8996263293767496,0.0
robocasa/TurnOffMicrowave,86,9600582,0,predicted_progress,1,-0.05001167187030424,0.6470653299226227,0.0
robocasa/TurnOffMicrowave,86,9600582,0,predicted_progress,2,-0.051132791467388555,0.596371677320158,0.0
robocasa/TurnOffMicrowave,86,9600582,0,predicted_progress,4,-0.050713910185062994,0.6153122276977553,0.0
robocasa/TurnOffMicrowave,86,9600582,0,predicted_progress,8,-0.04832261277921546,0.7234394964356099,0.0
robocasa/TurnOffMicrowave,86,9600582,0,predicted_success,1,-0.05001167187030424,0.6470653299226228,0.0
robocasa/TurnOffMicrowave,86,9600582,0,predicted_success,2,-0.05001167187030424,0.6470653299226228,0.0
robocasa/TurnOffMicrowave,86,9600582,0,predicted_success,4,-0.05001167187030424,0.6470653299226228,0.0
robocasa/TurnOffMicrowave,86,9600582,0,predicted_success,8,-0.05001167187030424,0.6470653299226228,0.0
robocasa/TurnOffMicrowave,86,9600582,0,low_energy,1,-0.050011671870304246,0.6470653299226227,0.0
robocasa/TurnOffMicrowave,86,9600582,0,low_energy,2,-0.04780841781827827,0.7466898443801807,0.0
robocasa/TurnOffMicrowave,86,9600582,0,low_energy,4,-0.046236590702259106,0.8177631339541368,0.0
robocasa/TurnOffMicrowave,86,9600582,0,low_energy,8,-0.04442613854589246,0.8996263293767496,0.0
robocasa/TurnOffMicrowave,86,9600582,0,distance_progress,1,-0.05001167187030424,0.6470653299226228,0.0
robocasa/TurnOffMicrowave,86,9600582,0,distance_progress,2,-0.048892900896877804,0.6976527848347468,0.0
robocasa/TurnOffMicrowave,86,9600582,0,distance_progress,4,-0.046581359884864657,0.8021737095818436,0.0
robocasa/TurnOffMicrowave,86,9600582,0,distance_progress,8,-0.044513678678458186,0.8956680281566105,0.0
robocasa/TurnOffMicrowave,86,9600582,0,oracle_real_utility,1,-0.050011671870304246,0.6470653299226227,0.0
robocasa/TurnOffMicrowave,86,9600582,0,oracle_real_utility,2,-0.046210671075974125,0.8189351414133708,0.0
robocasa/TurnOffMicrowave,86,9600582,0,oracle_real_utility,4,-0.043908810201832196,0.9230183594718468,0.0
robocasa/TurnOffMicrowave,86,9600582,0,oracle_real_utility,8,-0.04276292392677953,0.9748318866820787,0.0
robocasa/TurnOffMicrowave,86,9610589,1,random,1,-0.04984092968771921,0.4470409192632068,0.0
robocasa/TurnOffMicrowave,86,9610589,1,random,2,-0.04931324196770678,0.4672750885505569,0.0
robocasa/TurnOffMicrowave,86,9610589,1,random,4,-0.048950635643298865,0.4811792168341572,0.0
robocasa/TurnOffMicrowave,86,9610589,1,random,8,-0.049089737258658846,0.475845369699584,0.0
robocasa/TurnOffMicrowave,86,9610589,1,learned_wam,1,-0.0498409296877192,0.4470409192632068,0.0
robocasa/TurnOffMicrowave,86,9610589,1,learned_wam,2,-0.045313020754077706,0.6206634471455107,0.0
robocasa/TurnOffMicrowave,86,9610589,1,learned_wam,4,-0.04163132110474061,0.7618381062187022,0.0
robocasa/TurnOffMicrowave,86,9610589,1,learned_wam,8,-0.03918263264304945,0.8557329894740355,0.0
robocasa/TurnOffMicrowave,86,9610589,1,learned_physics_score,1,-0.0498409296877192,0.4470409192632068,0.0
robocasa/TurnOffMicrowave,86,9610589,1,learned_physics_score,2,-0.045313020754077706,0.6206634471455107,0.0
robocasa/TurnOffMicrowave,86,9610589,1,learned_physics_score,4,-0.04163132110474061,0.7618381062187022,0.0
robocasa/TurnOffMicrowave,86,9610589,1,learned_physics_score,8,-0.03918263264304945,0.8557329894740355,0.0
robocasa/TurnOffMicrowave,86,9610589,1,learned_energy_regularized,1,-0.0498409296877192,0.4470409192632068,0.0
robocasa/TurnOffMicrowave,86,9610589,1,learned_energy_regularized,2,-0.044808015234897115,0.6400278681441754,0.0
robocasa/TurnOffMicrowave,86,9610589,1,learned_energy_regularized,4,-0.03991050742315943,0.8278226535647761,0.0
robocasa/TurnOffMicrowave,86,9610589,1,learned_energy_regularized,8,-0.03738635500706694,0.9246111998153622,0.0
robocasa/TurnOffMicrowave,86,9610589,1,predicted_progress,1,-0.0498409296877192,0.4470409192632068,0.0
robocasa/TurnOffMicrowave,86,9610589,1,predicted_progress,2,-0.05146844300146461,0.38463397163333746,0.0
robocasa/TurnOffMicrowave,86,9610589,1,predicted_progress,4,-0.04897706609394942,0.48016574202221396,0.0
robocasa/TurnOffMicrowave,86,9610589,1,predicted_progress,8,-0.04429819312374128,0.6595769812130152,0.0
robocasa/TurnOffMicrowave,86,9610589,1,predicted_success,1,-0.0498409296877192,0.4470409192632068,0.0
robocasa/TurnOffMicrowave,86,9610589,1,predicted_success,2,-0.0498409296877192,0.4470409192632068,0.0
robocasa/TurnOffMicrowave,86,9610589,1,predicted_success,4,-0.0498409296877192,0.4470409192632068,0.0
robocasa/TurnOffMicrowave,86,9610589,1,predicted_success,8,-0.0498409296877192,0.4470409192632068,0.0
robocasa/TurnOffMicrowave,86,9610589,1,low_energy,1,-0.04984092968771919,0.4470409192632068,0.0
robocasa/TurnOffMicrowave,86,9610589,1,low_energy,2,-0.04496178658991935,0.634131510296409,0.0
robocasa/TurnOffMicrowave,86,9610589,1,low_energy,4,-0.04014356713311502,0.818885986201755,0.0
robocasa/TurnOffMicrowave,86,9610589,1,low_energy,8,-0.03746440506804562,0.9216183726434632,0.0
robocasa/TurnOffMicrowave,86,9610589,1,distance_progress,1,-0.04984092968771921,0.4470409192632068,0.0
robocasa/TurnOffMicrowave,86,9610589,1,distance_progress,2,-0.04775581098717441,0.5269947312830301,0.0
robocasa/TurnOffMicrowave,86,9610589,1,distance_progress,4,-0.04617293619751829,0.5876900160886466,0.0
robocasa/TurnOffMicrowave,86,9610589,1,distance_progress,8,-0.043870450554550446,0.6759787567862835,0.0
robocasa/TurnOffMicrowave,86,9610589,1,oracle_real_utility,1,-0.04984092968771919,0.4470409192632068,0.0
robocasa/TurnOffMicrowave,86,9610589,1,oracle_real_utility,2,-0.04420237137932469,0.663251263036153,0.0
robocasa/TurnOffMicrowave,86,9610589,1,oracle_real_utility,4,-0.039216263028242423,0.854443433394964,0.0
robocasa/TurnOffMicrowave,86,9610589,1,oracle_real_utility,8,-0.03650615019023701,0.9583626262667085,0.0
robocasa/AddIceCubes,87,9700585,0,random,1,-0.048277411274161956,0.6094135639304052,0.0
robocasa/AddIceCubes,87,9700585,0,random,2,-0.053853768692903314,0.5084841571606931,0.0
robocasa/AddIceCubes,87,9700585,0,random,4,-0.0618126254325788,0.36443265023955296,0.0
robocasa/AddIceCubes,87,9700585,0,random,8,-0.07085047303850942,0.20085192381841027,0.0
robocasa/AddIceCubes,87,9700585,0,learned_wam,1,-0.048277411274161956,0.6094135639304052,0.0
robocasa/AddIceCubes,87,9700585,0,learned_wam,2,-0.04058491359551417,0.7486440990237868,0.0
robocasa/AddIceCubes,87,9700585,0,learned_wam,4,-0.03563561288011828,0.8382240788599017,0.0
robocasa/AddIceCubes,87,9700585,0,learned_wam,8,-0.03124163217063322,0.9177530317343006,0.0
robocasa/AddIceCubes,87,9700585,0,learned_physics_score,1,-0.048277411274161956,0.6094135639304052,0.0
robocasa/AddIceCubes,87,9700585,0,learned_physics_score,2,-0.04058491359551417,0.7486440990237868,0.0
robocasa/AddIceCubes,87,9700585,0,learned_physics_score,4,-0.03563561288011828,0.8382240788599017,0.0
robocasa/AddIceCubes,87,9700585,0,learned_physics_score,8,-0.03124163217063322,0.9177530317343006,0.0
robocasa/AddIceCubes,87,9700585,0,learned_energy_regularized,1,-0.048277411274161956,0.6094135639304052,0.0
robocasa/AddIceCubes,87,9700585,0,learned_energy_regularized,2,-0.04185268136024909,0.7256981077954592,0.0
robocasa/AddIceCubes,87,9700585,0,learned_energy_regularized,4,-0.036528843760654586,0.8220570264077176,0.0
robocasa/AddIceCubes,87,9700585,0,learned_energy_regularized,8,-0.031357104909119575,0.9156630303017645,0.0
robocasa/AddIceCubes,87,9700585,0,predicted_progress,1,-0.048277411274161956,0.6094135639304052,0.0
robocasa/AddIceCubes,87,9700585,0,predicted_progress,2,-0.04032295084215768,0.7533854997817747,0.0
robocasa/AddIceCubes,87,9700585,0,predicted_progress,4,-0.03528158168581845,0.8446318744396046,0.0
robocasa/AddIceCubes,87,9700585,0,predicted_progress,8,-0.031373871678220006,0.9153595597865741,0.0
robocasa/AddIceCubes,87,9700585,0,predicted_success,1,-0.048277411274161956,0.6094135639304052,0.0
robocasa/AddIceCubes,87,9700585,0,predicted_success,2,-0.048277411274161956,0.6094135639304052,0.0
robocasa/AddIceCubes,87,9700585,0,predicted_success,4,-0.048277411274161956,0.6094135639304052,0.0
robocasa/AddIceCubes,87,9700585,0,predicted_success,8,-0.048277411274161956,0.6094135639304052,0.0
robocasa/AddIceCubes,87,9700585,0,low_energy,1,-0.048277411274161956,0.6094135639304052,0.0
robocasa/AddIceCubes,87,9700585,0,low_energy,2,-0.042141165829784055,0.7204766766378038,0.0
robocasa/AddIceCubes,87,9700585,0,low_energy,4,-0.036966078034793515,0.8141432948093961,0.0
robocasa/AddIceCubes,87,9700585,0,low_energy,8,-0.03150353159850752,0.9130127771373047,0.0
robocasa/AddIceCubes,87,9700585,0,distance_progress,1,-0.048277411274161956,0.6094135639304051,0.0
robocasa/AddIceCubes,87,9700585,0,distance_progress,2,-0.041103964967406884,0.7392495170208349,0.0
robocasa/AddIceCubes,87,9700585,0,distance_progress,4,-0.038000491402675356,0.7954209067458027,0.0
robocasa/AddIceCubes,87,9700585,0,distance_progress,8,-0.037659518441821124,0.8015923545349756,0.0
robocasa/AddIceCubes,87,9700585,0,oracle_real_utility,1,-0.048277411274161956,0.6094135639304052,0.0
robocasa/AddIceCubes,87,9700585,0,oracle_real_utility,2,-0.04021730154128653,0.7552977016838125,0.0
robocasa/AddIceCubes,87,9700585,0,oracle_real_utility,4,-0.03492336452505221,0.8511154340137015,0.0
robocasa/AddIceCubes,87,9700585,0,oracle_real_utility,8,-0.030810410486660982,0.9255579383213997,0.0
robocasa/AddIceCubes,87,9710592,1,random,1,-0.05801702132174283,0.4966539778899063,0.0
robocasa/AddIceCubes,87,9710592,1,random,2,-0.06103177253425658,0.44650196016170207,0.0
robocasa/AddIceCubes,87,9710592,1,random,4,-0.06075923625833082,0.4510357485834705,0.0
robocasa/AddIceCubes,87,9710592,1,random,8,-0.0596080096580686,0.4701870260175343,0.0
robocasa/AddIceCubes,87,9710592,1,learned_wam,1,-0.058017021321742815,0.49665397788990634,0.0
robocasa/AddIceCubes,87,9710592,1,learned_wam,2,-0.04783750970266026,0.6659956618954017,0.0
robocasa/AddIceCubes,87,9710592,1,learned_wam,4,-0.03925884802496816,0.8087063408920745,0.0
robocasa/AddIceCubes,87,9710592,1,learned_wam,8,-0.032749066100486494,0.9170000857053068,0.0
robocasa/AddIceCubes,87,9710592,1,learned_physics_score,1,-0.058017021321742815,0.49665397788990634,0.0
robocasa/AddIceCubes,87,9710592,1,learned_physics_score,2,-0.04783750970266026,0.6659956618954017,0.0
robocasa/AddIceCubes,87,9710592,1,learned_physics_score,4,-0.03925884802496816,0.8087063408920745,0.0
robocasa/AddIceCubes,87,9710592,1,learned_physics_score,8,-0.032749066100486494,0.9170000857053068,0.0
robocasa/AddIceCubes,87,9710592,1,learned_energy_regularized,1,-0.058017021321742815,0.49665397788990634,0.0
robocasa/AddIceCubes,87,9710592,1,learned_energy_regularized,2,-0.04914436092484306,0.6442554846658559,0.0
robocasa/AddIceCubes,87,9710592,1,learned_energy_regularized,4,-0.03972293635467035,0.8009859804052568,0.0
robocasa/AddIceCubes,87,9710592,1,learned_energy_regularized,8,-0.032785092218609174,0.9164007717362909,0.0
robocasa/AddIceCubes,87,9710592,1,predicted_progress,1,-0.058017021321742815,0.4966539778899063,0.0
robocasa/AddIceCubes,87,9710592,1,predicted_progress,2,-0.053579066239716755,0.5704817620954096,0.0
robocasa/AddIceCubes,87,9710592,1,predicted_progress,4,-0.05610027472416995,0.528540094708745,0.0
robocasa/AddIceCubes,87,9710592,1,predicted_progress,8,-0.06081536864697084,0.45010195592472135,0.0
robocasa/AddIceCubes,87,9710592,1,predicted_success,1,-0.058017021321742815,0.49665397788990634,0.0
robocasa/AddIceCubes,87,9710592,1,predicted_success,2,-0.058017021321742815,0.49665397788990634,0.0
robocasa/AddIceCubes,87,9710592,1,predicted_success,4,-0.058017021321742815,0.49665397788990634,0.0
robocasa/AddIceCubes,87,9710592,1,predicted_success,8,-0.058017021321742815,0.49665397788990634,0.0
robocasa/AddIceCubes,87,9710592,1,low_energy,1,-0.058017021321742815,0.49665397788990634,0.0
robocasa/AddIceCubes,87,9710592,1,low_energy,2,-0.05199279889947995,0.5968701776432696,0.0
robocasa/AddIceCubes,87,9710592,1,low_energy,4,-0.04251119632053717,0.7546017671214029,0.0
robocasa/AddIceCubes,87,9710592,1,low_energy,8,-0.03343295224671922,0.905623269605998,0.0
robocasa/AddIceCubes,87,9710592,1,distance_progress,1,-0.058017021321742815,0.4966539778899063,0.0
robocasa/AddIceCubes,87,9710592,1,distance_progress,2,-0.053140179518355715,0.5777828801906634,0.0
robocasa/AddIceCubes,87,9710592,1,distance_progress,4,-0.055106204893402046,0.5450769842433795,0.0
robocasa/AddIceCubes,87,9710592,1,distance_progress,8,-0.06014887445552459,0.46118944744521934,0.0
robocasa/AddIceCubes,87,9710592,1,oracle_real_utility,1,-0.058017021321742815,0.49665397788990634,0.0
robocasa/AddIceCubes,87,9710592,1,oracle_real_utility,2,-0.04783750970266026,0.6659956618954017,0.0
robocasa/AddIceCubes,87,9710592,1,oracle_real_utility,4,-0.03925884802496816,0.8087063408920745,0.0
robocasa/AddIceCubes,87,9710592,1,oracle_real_utility,8,-0.032749066100486494,0.9170000857053068,0.0
robocasa/ArrangeVegetables,88,9800588,0,random,1,-0.04028754705669362,0.36669815891950097,0.0
robocasa/ArrangeVegetables,88,9800588,0,random,2,-0.038793938869955254,0.4381923363673906,0.0
robocasa/ArrangeVegetables,88,9800588,0,random,4,-0.03649541857826327,0.5482150445052292,0.0
robocasa/ArrangeVegetables,88,9800588,0,random,8,-0.03300310444385106,0.7153807902786726,0.0
robocasa/ArrangeVegetables,88,9800588,0,learned_wam,1,-0.04028754705669363,0.36669815891950097,0.0
robocasa/ArrangeVegetables,88,9800588,0,learned_wam,2,-0.03770869989715927,0.4901392046179412,0.0
robocasa/ArrangeVegetables,88,9800588,0,learned_wam,4,-0.03350958314778517,0.6911372981405397,0.0
robocasa/ArrangeVegetables,88,9800588,0,learned_wam,8,-0.029895924241721147,0.8641114243941364,0.0
robocasa/ArrangeVegetables,88,9800588,0,learned_physics_score,1,-0.04028754705669363,0.36669815891950097,0.0
robocasa/ArrangeVegetables,88,9800588,0,learned_physics_score,2,-0.03770869989715927,0.4901392046179412,0.0
robocasa/ArrangeVegetables,88,9800588,0,learned_physics_score,4,-0.03350958314778517,0.6911372981405397,0.0
robocasa/ArrangeVegetables,88,9800588,0,learned_physics_score,8,-0.029895924241721147,0.8641114243941364,0.0
robocasa/ArrangeVegetables,88,9800588,0,learned_energy_regularized,1,-0.04028754705669362,0.36669815891950097,0.0
robocasa/ArrangeVegetables,88,9800588,0,learned_energy_regularized,2,-0.03762335277179753,0.49422449457514495,0.0
robocasa/ArrangeVegetables,88,9800588,0,learned_energy_regularized,4,-0.033930042106373445,0.6710112920957357,0.0
robocasa/ArrangeVegetables,88,9800588,0,learned_energy_regularized,8,-0.030549398027686636,0.8328317546479604,0.0
robocasa/ArrangeVegetables,88,9800588,0,predicted_progress,1,-0.04028754705669363,0.366698158919501,0.0
robocasa/ArrangeVegetables,88,9800588,0,predicted_progress,2,-0.038909362324921336,0.4326673901035293,0.0
robocasa/ArrangeVegetables,88,9800588,0,predicted_progress,4,-0.03930562697854025,0.41369948693206626,0.0
robocasa/ArrangeVegetables,88,9800588,0,predicted_progress,8,-0.04193466832210421,0.2878558085139293,0.0
robocasa/ArrangeVegetables,88,9800588,0,predicted_success,1,-0.04028754705669363,0.36669815891950097,0.0
robocasa/ArrangeVegetables,88,9800588,0,predicted_success,2,-0.04028754705669363,0.36669815891950097,0.0
robocasa/ArrangeVegetables,88,9800588,0,predicted_success,4,-0.04028754705669363,0.36669815891950097,0.0
robocasa/ArrangeVegetables,88,9800588,0,predicted_success,8,-0.04028754705669363,0.36669815891950097,0.0
robocasa/ArrangeVegetables,88,9800588,0,low_energy,1,-0.04028754705669362,0.36669815891950097,0.0
robocasa/ArrangeVegetables,88,9800588,0,low_energy,2,-0.03762335277179753,0.49422449457514495,0.0
robocasa/ArrangeVegetables,88,9800588,0,low_energy,4,-0.033930042106373445,0.6710112920957357,0.0
robocasa/ArrangeVegetables,88,9800588,0,low_energy,8,-0.030549398027686636,0.8328317546479604,0.0
robocasa/ArrangeVegetables,88,9800588,0,distance_progress,1,-0.04028754705669363,0.366698158919501,0.0
robocasa/ArrangeVegetables,88,9800588,0,distance_progress,2,-0.03809724282667733,0.47154091532378106,0.0
robocasa/ArrangeVegetables,88,9800588,0,distance_progress,4,-0.03781248154531076,0.4851715138710263,0.0
robocasa/ArrangeVegetables,88,9800588,0,distance_progress,8,-0.0386347766815417,0.4458109138781917,0.0
robocasa/ArrangeVegetables,88,9800588,0,oracle_real_utility,1,-0.04028754705669363,0.36669815891950097,0.0
robocasa/ArrangeVegetables,88,9800588,0,oracle_real_utility,2,-0.03643239646582378,0.5512317085339187,0.0
robocasa/ArrangeVegetables,88,9800588,0,oracle_real_utility,4,-0.03264139025831223,0.732694874652302,0.0
robocasa/ArrangeVegetables,88,9800588,0,oracle_real_utility,8,-0.029718695649067296,0.8725947820541555,0.0
robocasa/ArrangeVegetables,88,9810595,1,random,1,-0.06588472388972169,0.513266118045197,0.0
robocasa/ArrangeVegetables,88,9810595,1,random,2,-0.0703327359238909,0.3816365625939275,0.0
robocasa/ArrangeVegetables,88,9810595,1,random,4,-0.07238247093815994,0.32097896844883245,0.0
robocasa/ArrangeVegetables,88,9810595,1,random,8,-0.07314008343185031,0.2985590210694815,0.0
robocasa/ArrangeVegetables,88,9810595,1,learned_wam,1,-0.06588472388972169,0.513266118045197,0.0
robocasa/ArrangeVegetables,88,9810595,1,learned_wam,2,-0.06078555608282726,0.6641652582536391,0.0
robocasa/ArrangeVegetables,88,9810595,1,learned_wam,4,-0.05621232425767653,0.7995004298979358,0.0
robocasa/ArrangeVegetables,88,9810595,1,learned_wam,8,-0.05282435293865677,0.8997603112063544,0.0
robocasa/ArrangeVegetables,88,9810595,1,learned_physics_score,1,-0.06588472388972169,0.513266118045197,0.0
robocasa/ArrangeVegetables,88,9810595,1,learned_physics_score,2,-0.06078555608282726,0.6641652582536391,0.0
robocasa/ArrangeVegetables,88,9810595,1,learned_physics_score,4,-0.05621232425767653,0.7995004298979358,0.0
robocasa/ArrangeVegetables,88,9810595,1,learned_physics_score,8,-0.05282435293865677,0.8997603112063544,0.0
robocasa/ArrangeVegetables,88,9810595,1,learned_energy_regularized,1,-0.06588472388972169,0.513266118045197,0.0
robocasa/ArrangeVegetables,88,9810595,1,learned_energy_regularized,2,-0.06023276890335619,0.6805238315070337,0.0
robocasa/ArrangeVegetables,88,9810595,1,learned_energy_regularized,4,-0.05689934415952665,0.7791695217142314,0.0
robocasa/ArrangeVegetables,88,9810595,1,learned_energy_regularized,8,-0.05673961450377349,0.7838963847302622,0.0
robocasa/ArrangeVegetables,88,9810595,1,predicted_progress,1,-0.06588472388972168,0.513266118045197,0.0
robocasa/ArrangeVegetables,88,9810595,1,predicted_progress,2,-0.06594624951616948,0.5114453966091997,0.0
robocasa/ArrangeVegetables,88,9810595,1,predicted_progress,4,-0.0690847527374588,0.4185679986554303,0.0
robocasa/ArrangeVegetables,88,9810595,1,predicted_progress,8,-0.07392249515075905,0.27540519280897535,0.0
robocasa/ArrangeVegetables,88,9810595,1,predicted_success,1,-0.06588472388972169,0.513266118045197,0.0
robocasa/ArrangeVegetables,88,9810595,1,predicted_success,2,-0.06588472388972169,0.513266118045197,0.0
robocasa/ArrangeVegetables,88,9810595,1,predicted_success,4,-0.06588472388972169,0.513266118045197,0.0
robocasa/ArrangeVegetables,88,9810595,1,predicted_success,8,-0.06588472388972169,0.513266118045197,0.0
robocasa/ArrangeVegetables,88,9810595,1,low_energy,1,-0.06588472388972169,0.513266118045197,0.0
robocasa/ArrangeVegetables,88,9810595,1,low_energy,2,-0.060521392958351,0.6719826099996136,0.0
robocasa/ArrangeVegetables,88,9810595,1,low_energy,4,-0.05561785276911839,0.8170925625554588,0.0
robocasa/ArrangeVegetables,88,9810595,1,low_energy,8,-0.052482493612363734,0.9098769185359088,0.0
robocasa/ArrangeVegetables,88,9810595,1,distance_progress,1,-0.06588472388972169,0.513266118045197,0.0
robocasa/ArrangeVegetables,88,9810595,1,distance_progress,2,-0.06119283280185961,0.6521127608547885,0.0
robocasa/ArrangeVegetables,88,9810595,1,distance_progress,4,-0.057477977527528076,0.7620460849037631,0.0
robocasa/ArrangeVegetables,88,9810595,1,distance_progress,8,-0.05447783431856635,0.8508290094669466,0.0
robocasa/ArrangeVegetables,88,9810595,1,oracle_real_utility,1,-0.06588472388972169,0.513266118045197,0.0
robocasa/ArrangeVegetables,88,9810595,1,oracle_real_utility,2,-0.059285225796196,0.7085643756890834,0.0
robocasa/ArrangeVegetables,88,9810595,1,oracle_real_utility,4,-0.0539697882535836,0.865863563593313,0.0
robocasa/ArrangeVegetables,88,9810595,1,oracle_real_utility,8,-0.05070970206631522,0.9623389535577449,0.0
robocasa/BlendIngredients,89,9900591,0,random,1,-0.055681456823504866,0.36674755371024187,0.0
robocasa/BlendIngredients,89,9900591,0,random,2,-0.05716337247254117,0.33690816958757414,0.0
robocasa/BlendIngredients,89,9900591,0,random,4,-0.05859684064031895,0.30804430860213006,0.0
robocasa/BlendIngredients,89,9900591,0,random,8,-0.05764023273711798,0.3273062623421802,0.0
robocasa/BlendIngredients,89,9900591,0,learned_wam,1,-0.055681456823504866,0.3667475537102419,0.0
robocasa/BlendIngredients,89,9900591,0,learned_wam,2,-0.048870793063180644,0.5038849219584323,0.0
robocasa/BlendIngredients,89,9900591,0,learned_wam,4,-0.04168862902535564,0.6485027021242865,0.0
robocasa/BlendIngredients,89,9900591,0,learned_wam,8,-0.03374630738240586,0.8084267750523746,0.0
robocasa/BlendIngredients,89,9900591,0,learned_physics_score,1,-0.055681456823504866,0.3667475537102419,0.0
robocasa/BlendIngredients,89,9900591,0,learned_physics_score,2,-0.048870793063180644,0.5038849219584323,0.0
robocasa/BlendIngredients,89,9900591,0,learned_physics_score,4,-0.04168862902535564,0.6485027021242865,0.0
robocasa/BlendIngredients,89,9900591,0,learned_physics_score,8,-0.03374630738240586,0.8084267750523746,0.0
robocasa/BlendIngredients,89,9900591,0,learned_energy_regularized,1,-0.055681456823504866,0.3667475537102419,0.0
robocasa/BlendIngredients,89,9900591,0,learned_energy_regularized,2,-0.05008863544898264,0.47936283342090746,0.0
robocasa/BlendIngredients,89,9900591,0,learned_energy_regularized,4,-0.04385372024123199,0.6049071111787687,0.0
robocasa/BlendIngredients,89,9900591,0,learned_energy_regularized,8,-0.03619092555395366,0.7592027178656475,0.0
robocasa/BlendIngredients,89,9900591,0,predicted_progress,1,-0.055681456823504866,0.3667475537102419,0.0
robocasa/BlendIngredients,89,9900591,0,predicted_progress,2,-0.049616497980153204,0.4888696439470446,0.0
robocasa/BlendIngredients,89,9900591,0,predicted_progress,4,-0.04506480253896092,0.5805211416334728,0.0
robocasa/BlendIngredients,89,9900591,0,predicted_progress,8,-0.04397680336043619,0.6024287484761826,0.0
robocasa/BlendIngredients,89,9900591,0,predicted_success,1,-0.055681456823504866,0.3667475537102419,0.0
robocasa/BlendIngredients,89,9900591,0,predicted_success,2,-0.055681456823504866,0.3667475537102419,0.0
robocasa/BlendIngredients,89,9900591,0,predicted_success,4,-0.055681456823504866,0.3667475537102419,0.0
robocasa/BlendIngredients,89,9900591,0,predicted_success,8,-0.055681456823504866,0.3667475537102419,0.0
robocasa/BlendIngredients,89,9900591,0,low_energy,1,-0.055681456823504866,0.3667475537102419,0.0
robocasa/BlendIngredients,89,9900591,0,low_energy,2,-0.05008863544898264,0.47936283342090746,0.0
robocasa/BlendIngredients,89,9900591,0,low_energy,4,-0.04385372024123199,0.6049071111787687,0.0
robocasa/BlendIngredients,89,9900591,0,low_energy,8,-0.03619092555395366,0.7592027178656475,0.0
robocasa/BlendIngredients,89,9900591,0,distance_progress,1,-0.055681456823504866,0.36674755371024187,0.0
robocasa/BlendIngredients,89,9900591,0,distance_progress,2,-0.0504006377524234,0.47308045386335285,0.0
robocasa/BlendIngredients,89,9900591,0,distance_progress,4,-0.047218085753516076,0.5371633128624573,0.0
robocasa/BlendIngredients,89,9900591,0,distance_progress,8,-0.0483697067505809,0.5139746372333862,0.0
robocasa/BlendIngredients,89,9900591,0,oracle_real_utility,1,-0.055681456823504866,0.3667475537102419,0.0
robocasa/BlendIngredients,89,9900591,0,oracle_real_utility,2,-0.048207580214230085,0.5172391658169095,0.0
robocasa/BlendIngredients,89,9900591,0,oracle_real_utility,4,-0.04075736045575918,0.6672544310689315,0.0
robocasa/BlendIngredients,89,9900591,0,oracle_real_utility,8,-0.03328093457937436,0.8177973744106646,0.0
robocasa/BlendIngredients,89,9910598,1,random,1,-0.06136650629006857,0.6275453241011376,0.0
robocasa/BlendIngredients,89,9910598,1,random,2,-0.06947347827253075,0.4636867492068493,0.0
robocasa/BlendIngredients,89,9910598,1,random,4,-0.07824512423884739,0.28639374626725445,0.0
robocasa/BlendIngredients,89,9910598,1,random,8,-0.0858238189970437,0.13321274042150566,0.0
robocasa/BlendIngredients,89,9910598,1,learned_wam,1,-0.06136650629006858,0.6275453241011376,0.0
robocasa/BlendIngredients,89,9910598,1,learned_wam,2,-0.05279672384998789,0.8007582500645549,0.0
robocasa/BlendIngredients,89,9910598,1,learned_wam,4,-0.049108920584208474,0.87529633764255,0.0
robocasa/BlendIngredients,89,9910598,1,learned_wam,8,-0.048991418400095646,0.8776712984142594,0.0
robocasa/BlendIngredients,89,9910598,1,learned_physics_score,1,-0.06136650629006858,0.6275453241011376,0.0
robocasa/BlendIngredients,89,9910598,1,learned_physics_score,2,-0.05279672384998789,0.8007582500645549,0.0
robocasa/BlendIngredients,89,9910598,1,learned_physics_score,4,-0.049108920584208474,0.87529633764255,0.0
robocasa/BlendIngredients,89,9910598,1,learned_physics_score,8,-0.048991418400095646,0.8776712984142594,0.0
robocasa/BlendIngredients,89,9910598,1,learned_energy_regularized,1,-0.06136650629006858,0.6275453241011376,0.0
robocasa/BlendIngredients,89,9910598,1,learned_energy_regularized,2,-0.05274300665543738,0.8018439850301387,0.0
robocasa/BlendIngredients,89,9910598,1,learned_energy_regularized,4,-0.049027505461217855,0.8769419046997626,0.0
robocasa/BlendIngredients,89,9910598,1,learned_energy_regularized,8,-0.04896415304687258,0.8782223872712069,0.0
robocasa/BlendIngredients,89,9910598,1,predicted_progress,1,-0.061366506290068575,0.6275453241011376,0.0
robocasa/BlendIngredients,89,9910598,1,predicted_progress,2,-0.053139122381025944,0.7938376716459832,0.0
robocasa/BlendIngredients,89,9910598,1,predicted_progress,4,-0.04805931603678143,0.8965110039465682,0.0
robocasa/BlendIngredients,89,9910598,1,predicted_progress,8,-0.045717283857766876,0.9438482904254265,0.0
robocasa/BlendIngredients,89,9910598,1,predicted_success,1,-0.061366506290068575,0.6275453241011377,0.0
robocasa/BlendIngredients,89,9910598,1,predicted_success,2,-0.061366506290068575,0.6275453241011377,0.0
robocasa/BlendIngredients,89,9910598,1,predicted_success,4,-0.061366506290068575,0.6275453241011377,0.0
robocasa/BlendIngredients,89,9910598,1,predicted_success,8,-0.061366506290068575,0.6275453241011377,0.0
robocasa/BlendIngredients,89,9910598,1,low_energy,1,-0.06136650629006858,0.6275453241011376,0.0
robocasa/BlendIngredients,89,9910598,1,low_energy,2,-0.053029552116393756,0.796052312013837,0.0
robocasa/BlendIngredients,89,9910598,1,low_energy,4,-0.04999907366477309,0.857304513378865,0.0
robocasa/BlendIngredients,89,9910598,1,low_energy,8,-0.05049239076860847,0.8473335602560081,0.0
robocasa/BlendIngredients,89,9910598,1,distance_progress,1,-0.061366506290068575,0.6275453241011377,0.0
robocasa/BlendIngredients,89,9910598,1,distance_progress,2,-0.05358648482003536,0.7847955568001571,0.0
robocasa/BlendIngredients,89,9910598,1,distance_progress,4,-0.047726127204276964,0.903245435419007,0.0
robocasa/BlendIngredients,89,9910598,1,distance_progress,8,-0.04469780848676112,0.9644539841165122,0.0
robocasa/BlendIngredients,89,9910598,1,oracle_real_utility,1,-0.06136650629006857,0.6275453241011377,0.0
robocasa/BlendIngredients,89,9910598,1,oracle_real_utility,2,-0.0520467059130887,0.8159176549016901,0.0
robocasa/BlendIngredients,89,9910598,1,oracle_real_utility,4,-0.046791716891137806,0.9221317893633323,0.0
robocasa/BlendIngredients,89,9910598,1,oracle_real_utility,8,-0.04458528775978749,0.9667282593955996,0.0
robocasa/CoffeeSetupMug,90,10000594,0,random,1,-0.05347509570348859,0.37587503497640185,0.0
robocasa/CoffeeSetupMug,90,10000594,0,random,2,-0.0561529646136813,0.313802611465641,0.0
robocasa/CoffeeSetupMug,90,10000594,0,random,4,-0.055713276940405926,0.32399447685685834,0.0
robocasa/CoffeeSetupMug,90,10000594,0,random,8,-0.05386510582115771,0.3668346846047713,0.0
robocasa/CoffeeSetupMug,90,10000594,0,learned_wam,1,-0.053475095703488594,0.37587503497640185,0.0
robocasa/CoffeeSetupMug,90,10000594,0,learned_wam,2,-0.04734661105712461,0.517931986681677,0.0
robocasa/CoffeeSetupMug,90,10000594,0,learned_wam,4,-0.04108949728449569,0.6629705337783264,0.0
robocasa/CoffeeSetupMug,90,10000594,0,learned_wam,8,-0.034190680729225105,0.8228836129107135,0.0
robocasa/CoffeeSetupMug,90,10000594,0,learned_physics_score,1,-0.053475095703488594,0.37587503497640185,0.0
robocasa/CoffeeSetupMug,90,10000594,0,learned_physics_score,2,-0.04734661105712461,0.517931986681677,0.0
robocasa/CoffeeSetupMug,90,10000594,0,learned_physics_score,4,-0.04108949728449569,0.6629705337783264,0.0
robocasa/CoffeeSetupMug,90,10000594,0,learned_physics_score,8,-0.034190680729225105,0.8228836129107135,0.0
robocasa/CoffeeSetupMug,90,10000594,0,learned_energy_regularized,1,-0.053475095703488594,0.3758750349764019,0.0
robocasa/CoffeeSetupMug,90,10000594,0,learned_energy_regularized,2,-0.050071952552594265,0.45475915888777646,0.0
robocasa/CoffeeSetupMug,90,10000594,0,learned_energy_regularized,4,-0.048150804257379415,0.49929096182766386,0.0
robocasa/CoffeeSetupMug,90,10000594,0,learned_energy_regularized,8,-0.047516825907357355,0.5139864431820484,0.0
robocasa/CoffeeSetupMug,90,10000594,0,predicted_progress,1,-0.0534750957034886,0.3758750349764019,0.0
robocasa/CoffeeSetupMug,90,10000594,0,predicted_progress,2,-0.049163161933627214,0.47582472933762715,0.0
robocasa/CoffeeSetupMug,90,10000594,0,predicted_progress,4,-0.04384541556854473,0.5990889426229806,0.0
robocasa/CoffeeSetupMug,90,10000594,0,predicted_progress,8,-0.03648095890670939,0.7697954589502465,0.0
robocasa/CoffeeSetupMug,90,10000594,0,predicted_success,1,-0.0534750957034886,0.37587503497640185,0.0
robocasa/CoffeeSetupMug,90,10000594,0,predicted_success,2,-0.0534750957034886,0.37587503497640185,0.0
robocasa/CoffeeSetupMug,90,10000594,0,predicted_success,4,-0.0534750957034886,0.37587503497640185,0.0
robocasa/CoffeeSetupMug,90,10000594,0,predicted_success,8,-0.0534750957034886,0.37587503497640185,0.0
robocasa/CoffeeSetupMug,90,10000594,0,low_energy,1,-0.053475095703488594,0.37587503497640185,0.0
robocasa/CoffeeSetupMug,90,10000594,0,low_energy,2,-0.050397613229191326,0.4472104146749466,0.0
robocasa/CoffeeSetupMug,90,10000594,0,low_energy,4,-0.04864438372034685,0.4878498963800937,0.0
robocasa/CoffeeSetupMug,90,10000594,0,low_energy,8,-0.047682122204987576,0.5101549106704271,0.0
robocasa/CoffeeSetupMug,90,10000594,0,distance_progress,1,-0.053475095703488594,0.37587503497640185,0.0
robocasa/CoffeeSetupMug,90,10000594,0,distance_progress,2,-0.049189077244621564,0.4752240180207544,0.0
robocasa/CoffeeSetupMug,90,10000594,0,distance_progress,4,-0.043203873257427146,0.6139597549634163,0.0
robocasa/CoffeeSetupMug,90,10000594,0,distance_progress,8,-0.0356579736952098,0.7888720785699948,0.0
robocasa/CoffeeSetupMug,90,10000594,0,oracle_real_utility,1,-0.0534750957034886,0.37587503497640185,0.0
robocasa/CoffeeSetupMug,90,10000594,0,oracle_real_utility,2,-0.04660828790344663,0.5350461580694028,0.0
robocasa/CoffeeSetupMug,90,10000594,0,oracle_real_utility,4,-0.03984175639165366,0.6918928984382947,0.0
robocasa/CoffeeSetupMug,90,10000594,0,oracle_real_utility,8,-0.03350080875342862,0.8388746964498865,0.0
robocasa/CoffeeSetupMug,90,10010601,1,random,1,-0.05483435068739918,0.6207578028642903,0.0
robocasa/CoffeeSetupMug,90,10010601,1,random,2,-0.05773627396765799,0.5335236480202064,0.0
robocasa/CoffeeSetupMug,90,10010601,1,random,4,-0.06037647557743457,0.4541570577269203,0.0
robocasa/CoffeeSetupMug,90,10010601,1,random,8,-0.06522172174261684,0.30850504924462924,0.0
robocasa/CoffeeSetupMug,90,10010601,1,learned_wam,1,-0.05483435068739918,0.6207578028642903,0.0
robocasa/CoffeeSetupMug,90,10010601,1,learned_wam,2,-0.048942566168105536,0.7978695985345743,0.0
robocasa/CoffeeSetupMug,90,10010601,1,learned_wam,4,-0.0453951358262127,0.904508216394824,0.0
robocasa/CoffeeSetupMug,90,10010601,1,learned_wam,8,-0.044089515485009494,0.9437562171214141,0.0
robocasa/CoffeeSetupMug,90,10010601,1,learned_physics_score,1,-0.05483435068739918,0.6207578028642903,0.0
robocasa/CoffeeSetupMug,90,10010601,1,learned_physics_score,2,-0.048942566168105536,0.7978695985345743,0.0
robocasa/CoffeeSetupMug,90,10010601,1,learned_physics_score,4,-0.0453951358262127,0.904508216394824,0.0
robocasa/CoffeeSetupMug,90,10010601,1,learned_physics_score,8,-0.044089515485009494,0.9437562171214141,0.0
robocasa/CoffeeSetupMug,90,10010601,1,learned_energy_regularized,1,-0.05483435068739919,0.6207578028642903,0.0
robocasa/CoffeeSetupMug,90,10010601,1,learned_energy_regularized,2,-0.05104683053667274,0.7346137140633249,0.0
robocasa/CoffeeSetupMug,90,10010601,1,learned_energy_regularized,4,-0.04624784374016344,0.8788751286049492,0.0
robocasa/CoffeeSetupMug,90,10010601,1,learned_energy_regularized,8,-0.043868783170656636,0.9503916085600305,0.0
robocasa/CoffeeSetupMug,90,10010601,1,predicted_progress,1,-0.05483435068739918,0.6207578028642902,0.0
robocasa/CoffeeSetupMug,90,10010601,1,predicted_progress,2,-0.049435831239062575,0.7830416525748155,0.0
robocasa/CoffeeSetupMug,90,10010601,1,predicted_progress,4,-0.04703900978244893,0.8550920391243901,0.0
robocasa/CoffeeSetupMug,90,10010601,1,predicted_progress,8,-0.046831916278941316,0.8613174369062971,0.0
robocasa/CoffeeSetupMug,90,10010601,1,predicted_success,1,-0.05483435068739918,0.6207578028642902,0.0
robocasa/CoffeeSetupMug,90,10010601,1,predicted_success,2,-0.05483435068739918,0.6207578028642902,0.0
robocasa/CoffeeSetupMug,90,10010601,1,predicted_success,4,-0.05483435068739918,0.6207578028642902,0.0
robocasa/CoffeeSetupMug,90,10010601,1,predicted_success,8,-0.05483435068739918,0.6207578028642902,0.0
robocasa/CoffeeSetupMug,90,10010601,1,low_energy,1,-0.05483435068739919,0.6207578028642903,0.0
robocasa/CoffeeSetupMug,90,10010601,1,low_energy,2,-0.05104683053667274,0.7346137140633249,0.0
robocasa/CoffeeSetupMug,90,10010601,1,low_energy,4,-0.04624784374016344,0.8788751286049492,0.0
robocasa/CoffeeSetupMug,90,10010601,1,low_energy,8,-0.043868783170656636,0.9503916085600305,0.0
robocasa/CoffeeSetupMug,90,10010601,1,distance_progress,1,-0.05483435068739919,0.6207578028642902,0.0
robocasa/CoffeeSetupMug,90,10010601,1,distance_progress,2,-0.04908562466779394,0.7935691446257905,0.0
robocasa/CoffeeSetupMug,90,10010601,1,distance_progress,4,-0.04670869989836311,0.8650214207075946,0.0
robocasa/CoffeeSetupMug,90,10010601,1,distance_progress,8,-0.046646371466967866,0.8668950636369268,0.0
robocasa/CoffeeSetupMug,90,10010601,1,oracle_real_utility,1,-0.054834350687399176,0.6207578028642903,0.0
robocasa/CoffeeSetupMug,90,10010601,1,oracle_real_utility,2,-0.04801428163500248,0.8257745804653367,0.0
robocasa/CoffeeSetupMug,90,10010601,1,oracle_real_utility,4,-0.04421168766735369,0.9400836227614066,0.0
robocasa/CoffeeSetupMug,90,10010601,1,oracle_real_utility,8,-0.042901571142569095,0.9794667823936141,0.0
robocasa/DrainVeggies,91,10100597,0,random,1,-0.05733480794076101,0.41281870706779833,0.0
robocasa/DrainVeggies,91,10100597,0,random,2,-0.060138758130559834,0.3647641894712438,0.0
robocasa/DrainVeggies,91,10100597,0,random,4,-0.06181441505988463,0.3360465304739546,0.0
robocasa/DrainVeggies,91,10100597,0,random,8,-0.06791511530530811,0.23149181749738726,0.0
robocasa/DrainVeggies,91,10100597,0,learned_wam,1,-0.05733480794076101,0.41281870706779833,0.0
robocasa/DrainVeggies,91,10100597,0,learned_wam,2,-0.04912531081406142,0.5535142963008419,0.0
robocasa/DrainVeggies,91,10100597,0,learned_wam,4,-0.039117880386066284,0.7250231352766483,0.0
robocasa/DrainVeggies,91,10100597,0,learned_wam,8,-0.02985910404164644,0.8837014286301434,0.0
robocasa/DrainVeggies,91,10100597,0,learned_physics_score,1,-0.05733480794076101,0.41281870706779833,0.0
robocasa/DrainVeggies,91,10100597,0,learned_physics_score,2,-0.04912531081406142,0.5535142963008419,0.0
robocasa/DrainVeggies,91,10100597,0,learned_physics_score,4,-0.039117880386066284,0.7250231352766483,0.0
robocasa/DrainVeggies,91,10100597,0,learned_physics_score,8,-0.02985910404164644,0.8837014286301434,0.0
robocasa/DrainVeggies,91,10100597,0,learned_energy_regularized,1,-0.057334807940761005,0.41281870706779833,0.0
robocasa/DrainVeggies,91,10100597,0,learned_energy_regularized,2,-0.04779527769065712,0.5763086028349454,0.0
robocasa/DrainVeggies,91,10100597,0,learned_energy_regularized,4,-0.03832345836921769,0.7386380585825718,0.0
robocasa/DrainVeggies,91,10100597,0,learned_energy_regularized,8,-0.029714521252215444,0.8861793100932835,0.0
robocasa/DrainVeggies,91,10100597,0,predicted_progress,1,-0.05733480794076101,0.41281870706779833,0.0
robocasa/DrainVeggies,91,10100597,0,predicted_progress,2,-0.05547974637550991,0.4446110295399913,0.0
robocasa/DrainVeggies,91,10100597,0,predicted_progress,4,-0.050238216397962984,0.5344411540034253,0.0
robocasa/DrainVeggies,91,10100597,0,predicted_progress,8,-0.04072910634074288,0.6974097039565337,0.0
robocasa/DrainVeggies,91,10100597,0,predicted_success,1,-0.05733480794076101,0.41281870706779833,0.0
robocasa/DrainVeggies,91,10100597,0,predicted_success,2,-0.05733480794076101,0.41281870706779833,0.0
robocasa/DrainVeggies,91,10100597,0,predicted_success,4,-0.05733480794076101,0.41281870706779833,0.0
robocasa/DrainVeggies,91,10100597,0,predicted_success,8,-0.05733480794076101,0.41281870706779833,0.0
robocasa/DrainVeggies,91,10100597,0,low_energy,1,-0.05733480794076101,0.41281870706779833,0.0
robocasa/DrainVeggies,91,10100597,0,low_energy,2,-0.04724556989817635,0.5857295771742312,0.0
robocasa/DrainVeggies,91,10100597,0,low_energy,4,-0.03785105323505453,0.7467342084053956,0.0
robocasa/DrainVeggies,91,10100597,0,low_energy,8,-0.029659297578528532,0.8871257416699174,0.0
robocasa/DrainVeggies,91,10100597,0,distance_progress,1,-0.05733480794076101,0.41281870706779833,0.0
robocasa/DrainVeggies,91,10100597,0,distance_progress,2,-0.05018475220416386,0.5353574313506665,0.0
robocasa/DrainVeggies,91,10100597,0,distance_progress,4,-0.04001194890403931,0.7097004553354105,0.0
robocasa/DrainVeggies,91,10100597,0,distance_progress,8,-0.031756881524525875,0.8511770343747955,0.0
robocasa/DrainVeggies,91,10100597,0,oracle_real_utility,1,-0.05733480794076101,0.41281870706779833,0.0
robocasa/DrainVeggies,91,10100597,0,oracle_real_utility,2,-0.04661769996598865,0.5964901059505381,0.0
robocasa/DrainVeggies,91,10100597,0,oracle_real_utility,4,-0.03665693096325849,0.7671992544433845,0.0
robocasa/DrainVeggies,91,10100597,0,oracle_real_utility,8,-0.02895807967862249,0.8991433188838949,0.0
robocasa/DrainVeggies,91,10110604,1,random,1,-0.05928410595493955,0.43291426407417327,0.0
robocasa/DrainVeggies,91,10110604,1,random,2,-0.05875442207944172,0.4412514406206421,0.0
robocasa/DrainVeggies,91,10110604,1,random,4,-0.06288761074961834,0.3761954228010682,0.0
robocasa/DrainVeggies,91,10110604,1,random,8,-0.06746255077386987,0.3041862784112307,0.0
robocasa/DrainVeggies,91,10110604,1,learned_wam,1,-0.059284105954939534,0.4329142640741733,0.0
robocasa/DrainVeggies,91,10110604,1,learned_wam,2,-0.051295424704779144,0.5586553882370635,0.0
robocasa/DrainVeggies,91,10110604,1,learned_wam,4,-0.04306230154946855,0.6882440059954066,0.0
robocasa/DrainVeggies,91,10110604,1,learned_wam,8,-0.034475359866619315,0.8234016955453514,0.0
robocasa/DrainVeggies,91,10110604,1,learned_physics_score,1,-0.059284105954939534,0.4329142640741733,0.0
robocasa/DrainVeggies,91,10110604,1,learned_physics_score,2,-0.051295424704779144,0.5586553882370635,0.0
robocasa/DrainVeggies,91,10110604,1,learned_physics_score,4,-0.04306230154946855,0.6882440059954066,0.0
robocasa/DrainVeggies,91,10110604,1,learned_physics_score,8,-0.034475359866619315,0.8234016955453514,0.0
robocasa/DrainVeggies,91,10110604,1,learned_energy_regularized,1,-0.059284105954939534,0.4329142640741733,0.0
robocasa/DrainVeggies,91,10110604,1,learned_energy_regularized,2,-0.052078435334063686,0.546330871376943,0.0
robocasa/DrainVeggies,91,10110604,1,learned_energy_regularized,4,-0.04351140434339865,0.6811751684232061,0.0
robocasa/DrainVeggies,91,10110604,1,learned_energy_regularized,8,-0.03454755215244315,0.8222653954613799,0.0
robocasa/DrainVeggies,91,10110604,1,predicted_progress,1,-0.059284105954939534,0.4329142640741733,0.0
robocasa/DrainVeggies,91,10110604,1,predicted_progress,2,-0.05085844922283232,0.5655333430097003,0.0
robocasa/DrainVeggies,91,10110604,1,predicted_progress,4,-0.04720227407514291,0.6230812109006187,0.0
robocasa/DrainVeggies,91,10110604,1,predicted_progress,8,-0.0479009017390416,0.6120848743240216,0.0
robocasa/DrainVeggies,91,10110604,1,predicted_success,1,-0.059284105954939534,0.4329142640741733,0.0
robocasa/DrainVeggies,91,10110604,1,predicted_success,2,-0.059284105954939534,0.4329142640741733,0.0
robocasa/DrainVeggies,91,10110604,1,predicted_success,4,-0.059284105954939534,0.4329142640741733,0.0
robocasa/DrainVeggies,91,10110604,1,predicted_success,8,-0.059284105954939534,0.4329142640741733,0.0
robocasa/DrainVeggies,91,10110604,1,low_energy,1,-0.059284105954939534,0.4329142640741733,0.0
robocasa/DrainVeggies,91,10110604,1,low_energy,2,-0.051457407536869865,0.5561057930330031,0.0
robocasa/DrainVeggies,91,10110604,1,low_energy,4,-0.04140573196853835,0.7143182621632851,0.0
robocasa/DrainVeggies,91,10110604,1,low_energy,8,-0.03123541416655261,0.8743981493774442,0.0
robocasa/DrainVeggies,91,10110604,1,distance_progress,1,-0.05928410595493952,0.4329142640741733,0.0
robocasa/DrainVeggies,91,10110604,1,distance_progress,2,-0.04946830762213268,0.5874140467383744,0.0
robocasa/DrainVeggies,91,10110604,1,distance_progress,4,-0.042171495630314096,0.7022652110201018,0.0
robocasa/DrainVeggies,91,10110604,1,distance_progress,8,-0.04085011667368006,0.7230635969175256,0.0
robocasa/DrainVeggies,91,10110604,1,oracle_real_utility,1,-0.059284105954939534,0.4329142640741733,0.0
robocasa/DrainVeggies,91,10110604,1,oracle_real_utility,2,-0.047971161356333655,0.6109789942688648,0.0
robocasa/DrainVeggies,91,10110604,1,oracle_real_utility,4,-0.03763031654154498,0.7737429613228033,0.0
robocasa/DrainVeggies,91,10110604,1,oracle_real_utility,8,-0.02988440387701246,0.8956629297889795,0.0
robocasa/ArrangeTea,92,10200600,0,random,1,-0.05454423464128701,0.4824308809123118,0.0
robocasa/ArrangeTea,92,10200600,0,random,2,-0.05285995898484555,0.5226093383115842,0.0
robocasa/ArrangeTea,92,10200600,0,random,4,-0.052930170711114735,0.5209344350129188,0.0
robocasa/ArrangeTea,92,10200600,0,random,8,-0.055462549390266395,0.4605244489812421,0.0
robocasa/ArrangeTea,92,10200600,0,learned_wam,1,-0.05454423464128699,0.4824308809123118,0.0
robocasa/ArrangeTea,92,10200600,0,learned_wam,2,-0.04787563596083926,0.6415105463878003,0.0
robocasa/ArrangeTea,92,10200600,0,learned_wam,4,-0.04173030108982953,0.7881077345468941,0.0
robocasa/ArrangeTea,92,10200600,0,learned_wam,8,-0.03620698158921651,0.9198667232903533,0.0
robocasa/ArrangeTea,92,10200600,0,learned_physics_score,1,-0.05454423464128699,0.4824308809123118,0.0
robocasa/ArrangeTea,92,10200600,0,learned_physics_score,2,-0.04787563596083926,0.6415105463878003,0.0
robocasa/ArrangeTea,92,10200600,0,learned_physics_score,4,-0.04173030108982953,0.7881077345468941,0.0
robocasa/ArrangeTea,92,10200600,0,learned_physics_score,8,-0.03620698158921651,0.9198667232903533,0.0
robocasa/ArrangeTea,92,10200600,0,learned_energy_regularized,1,-0.054544234641287,0.4824308809123118,0.0
robocasa/ArrangeTea,92,10200600,0,learned_energy_regularized,2,-0.04699905595990457,0.6624213943775057,0.0
robocasa/ArrangeTea,92,10200600,0,learned_energy_regularized,4,-0.04034694827585448,0.821107666530648,0.0
robocasa/ArrangeTea,92,10200600,0,learned_energy_regularized,8,-0.0354921220113516,0.9369197246716064,0.0
robocasa/ArrangeTea,92,10200600,0,predicted_progress,1,-0.05454423464128699,0.48243088091231173,0.0
robocasa/ArrangeTea,92,10200600,0,predicted_progress,2,-0.05343404036407886,0.5089146060086936,0.0
robocasa/ArrangeTea,92,10200600,0,predicted_progress,4,-0.05645497842667303,0.43685001801231654,0.0
robocasa/ArrangeTea,92,10200600,0,predicted_progress,8,-0.058731928541911185,0.38253328971698886,0.0
robocasa/ArrangeTea,92,10200600,0,predicted_success,1,-0.054544234641287,0.48243088091231184,0.0
robocasa/ArrangeTea,92,10200600,0,predicted_success,2,-0.054544234641287,0.48243088091231184,0.0
robocasa/ArrangeTea,92,10200600,0,predicted_success,4,-0.054544234641287,0.48243088091231184,0.0
robocasa/ArrangeTea,92,10200600,0,predicted_success,8,-0.054544234641287,0.48243088091231184,0.0
robocasa/ArrangeTea,92,10200600,0,low_energy,1,-0.054544234641287,0.4824308809123118,0.0
robocasa/ArrangeTea,92,10200600,0,low_energy,2,-0.04699905595990457,0.6624213943775057,0.0
robocasa/ArrangeTea,92,10200600,0,low_energy,4,-0.04034694827585448,0.821107666530648,0.0
robocasa/ArrangeTea,92,10200600,0,low_energy,8,-0.0354921220113516,0.9369197246716064,0.0
robocasa/ArrangeTea,92,10200600,0,distance_progress,1,-0.054544234641287,0.4824308809123118,0.0
robocasa/ArrangeTea,92,10200600,0,distance_progress,2,-0.04904498794533323,0.6136156120199836,0.0
robocasa/ArrangeTea,92,10200600,0,distance_progress,4,-0.0430286733597076,0.7571350165513666,0.0
robocasa/ArrangeTea,92,10200600,0,distance_progress,8,-0.03794024522249917,0.8785196559114354,0.0
robocasa/ArrangeTea,92,10200600,0,oracle_real_utility,1,-0.054544234641287,0.4824308809123118,0.0
robocasa/ArrangeTea,92,10200600,0,oracle_real_utility,2,-0.046987539540796756,0.6626961189766211,0.0
robocasa/ArrangeTea,92,10200600,0,oracle_real_utility,4,-0.0403294937031442,0.8215240460011822,0.0
robocasa/ArrangeTea,92,10200600,0,oracle_real_utility,8,-0.03548627659746752,0.9370591672336506,0.0
robocasa/ArrangeTea,92,10210607,1,random,1,-0.05126410990983777,0.4638679533989155,0.0
robocasa/ArrangeTea,92,10210607,1,random,2,-0.050296514000094016,0.49320550186495243,0.0
robocasa/ArrangeTea,92,10210607,1,random,4,-0.048082436152344504,0.5603364348420581,0.0
robocasa/ArrangeTea,92,10210607,1,random,8,-0.047197341362961526,0.5871725458870463,0.0
robocasa/ArrangeTea,92,10210607,1,learned_wam,1,-0.05126410990983777,0.4638679533989155,0.0
robocasa/ArrangeTea,92,10210607,1,learned_wam,2,-0.04803835980923577,0.5616728314091959,0.0
robocasa/ArrangeTea,92,10210607,1,learned_wam,4,-0.043997506530836505,0.6841916718728528,0.0
robocasa/ArrangeTea,92,10210607,1,learned_wam,8,-0.03926180720018646,0.8277782737119586,0.0
robocasa/ArrangeTea,92,10210607,1,learned_physics_score,1,-0.05126410990983777,0.4638679533989155,0.0
robocasa/ArrangeTea,92,10210607,1,learned_physics_score,2,-0.04803835980923577,0.5616728314091959,0.0
robocasa/ArrangeTea,92,10210607,1,learned_physics_score,4,-0.043997506530836505,0.6841916718728528,0.0
robocasa/ArrangeTea,92,10210607,1,learned_physics_score,8,-0.03926180720018646,0.8277782737119586,0.0
robocasa/ArrangeTea,92,10210607,1,learned_energy_regularized,1,-0.05126410990983777,0.4638679533989155,0.0
robocasa/ArrangeTea,92,10210607,1,learned_energy_regularized,2,-0.04670056605720942,0.6022347939417042,0.0
robocasa/ArrangeTea,92,10210607,1,learned_energy_regularized,4,-0.042321138894540554,0.7350192087417844,0.0
robocasa/ArrangeTea,92,10210607,1,learned_energy_regularized,8,-0.038816411278452624,0.8412826966935542,0.0
robocasa/ArrangeTea,92,10210607,1,predicted_progress,1,-0.05126410990983777,0.4638679533989155,0.0
robocasa/ArrangeTea,92,10210607,1,predicted_progress,2,-0.04887536846678971,0.5362946938931081,0.0
robocasa/ArrangeTea,92,10210607,1,predicted_progress,4,-0.04442484583710053,0.6712347262277607,0.0
robocasa/ArrangeTea,92,10210607,1,predicted_progress,8,-0.042061842286524584,0.7428810927453681,0.0
robocasa/ArrangeTea,92,10210607,1,predicted_success,1,-0.05126410990983777,0.4638679533989155,0.0
robocasa/ArrangeTea,92,10210607,1,predicted_success,2,-0.05126410990983777,0.4638679533989155,0.0
robocasa/ArrangeTea,92,10210607,1,predicted_success,4,-0.05126410990983777,0.4638679533989155,0.0
robocasa/ArrangeTea,92,10210607,1,predicted_success,8,-0.05126410990983777,0.4638679533989155,0.0
robocasa/ArrangeTea,92,10210607,1,low_energy,1,-0.05126410990983778,0.4638679533989155,0.0
robocasa/ArrangeTea,92,10210607,1,low_energy,2,-0.04666930699817315,0.6031825699195108,0.0
robocasa/ArrangeTea,92,10210607,1,low_energy,4,-0.04224738705212687,0.7372553676894219,0.0
robocasa/ArrangeTea,92,10210607,1,low_energy,8,-0.038758941587131876,0.8430251801388357,0.0
robocasa/ArrangeTea,92,10210607,1,distance_progress,1,-0.05126410990983777,0.46386795339891546,0.0
robocasa/ArrangeTea,92,10210607,1,distance_progress,2,-0.048426619758309974,0.5499007735091145,0.0
robocasa/ArrangeTea,92,10210607,1,distance_progress,4,-0.04657576535102296,0.6060187565747318,0.0
robocasa/ArrangeTea,92,10210607,1,distance_progress,8,-0.044584470358781506,0.6663949040519684,0.0
robocasa/ArrangeTea,92,10210607,1,oracle_real_utility,1,-0.05126410990983776,0.4638679533989155,0.0
robocasa/ArrangeTea,92,10210607,1,oracle_real_utility,2,-0.045560087008249046,0.6368141664219322,0.0
robocasa/ArrangeTea,92,10210607,1,oracle_real_utility,4,-0.04063352455146671,0.7861877462307653,0.0
robocasa/ArrangeTea,92,10210607,1,oracle_real_utility,8,-0.03698539937199969,0.8967990543037049,0.0
robocasa/CondimentCollection,93,10300603,0,random,1,-0.05747767824679392,0.5480936235664312,0.0
robocasa/CondimentCollection,93,10300603,0,random,2,-0.05470467322797361,0.618226605876166,0.0
robocasa/CondimentCollection,93,10300603,0,random,4,-0.04998570538456757,0.7375755742464425,0.0
robocasa/CondimentCollection,93,10300603,0,random,8,-0.048080867928226786,0.7857514450875638,0.0
robocasa/CondimentCollection,93,10300603,0,learned_wam,1,-0.05747767824679392,0.5480936235664311,0.0
robocasa/CondimentCollection,93,10300603,0,learned_wam,2,-0.05150163171145665,0.6992357827404747,0.0
robocasa/CondimentCollection,93,10300603,0,learned_wam,4,-0.04674726788884769,0.8194799624668166,0.0
robocasa/CondimentCollection,93,10300603,0,learned_wam,8,-0.04359497680140241,0.8992055935314825,0.0
robocasa/CondimentCollection,93,10300603,0,learned_physics_score,1,-0.05747767824679392,0.5480936235664311,0.0
robocasa/CondimentCollection,93,10300603,0,learned_physics_score,2,-0.05150163171145665,0.6992357827404747,0.0
robocasa/CondimentCollection,93,10300603,0,learned_physics_score,4,-0.04674726788884769,0.8194799624668166,0.0
robocasa/CondimentCollection,93,10300603,0,learned_physics_score,8,-0.04359497680140241,0.8992055935314825,0.0
robocasa/CondimentCollection,93,10300603,0,learned_energy_regularized,1,-0.05747767824679393,0.5480936235664311,0.0
robocasa/CondimentCollection,93,10300603,0,learned_energy_regularized,2,-0.05175057593006285,0.692939652599662,0.0
robocasa/CondimentCollection,93,10300603,0,learned_energy_regularized,4,-0.047457572056139326,0.8015154260663785,0.0
robocasa/CondimentCollection,93,10300603,0,learned_energy_regularized,8,-0.044057825354023174,0.8874995384999458,0.0
robocasa/CondimentCollection,93,10300603,0,predicted_progress,1,-0.05747767824679392,0.5480936235664311,0.0
robocasa/CondimentCollection,93,10300603,0,predicted_progress,2,-0.051241596047717754,0.7058124302694643,0.0
robocasa/CondimentCollection,93,10300603,0,predicted_progress,4,-0.04633082146966766,0.8300124458741963,0.0
robocasa/CondimentCollection,93,10300603,0,predicted_progress,8,-0.04350533993977638,0.9014726288913367,0.0
robocasa/CondimentCollection,93,10300603,0,predicted_success,1,-0.057477678246793916,0.5480936235664311,0.0
robocasa/CondimentCollection,93,10300603,0,predicted_success,2,-0.057477678246793916,0.5480936235664311,0.0
robocasa/CondimentCollection,93,10300603,0,predicted_success,4,-0.057477678246793916,0.5480936235664311,0.0
robocasa/CondimentCollection,93,10300603,0,predicted_success,8,-0.057477678246793916,0.5480936235664311,0.0
robocasa/CondimentCollection,93,10300603,0,low_energy,1,-0.05747767824679393,0.5480936235664312,0.0
robocasa/CondimentCollection,93,10300603,0,low_energy,2,-0.052347369633510804,0.6778459466876969,0.0
robocasa/CondimentCollection,93,10300603,0,low_energy,4,-0.04797044164503991,0.7885442725482836,0.0
robocasa/CondimentCollection,93,10300603,0,low_energy,8,-0.044117779280797395,0.8859832240117576,0.0
robocasa/CondimentCollection,93,10300603,0,distance_progress,1,-0.057477678246793916,0.5480936235664311,0.0
robocasa/CondimentCollection,93,10300603,0,distance_progress,2,-0.051723019198228054,0.693636598971258,0.0
robocasa/CondimentCollection,93,10300603,0,distance_progress,4,-0.04667968997314699,0.8211890977674019,0.0
robocasa/CondimentCollection,93,10300603,0,distance_progress,8,-0.04373877448226453,0.8955687590722452,0.0
robocasa/CondimentCollection,93,10300603,0,oracle_real_utility,1,-0.057477678246793916,0.5480936235664311,0.0
robocasa/CondimentCollection,93,10300603,0,oracle_real_utility,2,-0.05036718995025202,0.7279273225790268,0.0
robocasa/CondimentCollection,93,10300603,0,oracle_real_utility,4,-0.04498625186167055,0.8640183982225931,0.0
robocasa/CondimentCollection,93,10300603,0,oracle_real_utility,8,-0.04163511129799379,0.9487731968164167,0.0
robocasa/CondimentCollection,93,10310610,1,random,1,-0.04601293196644258,0.5863785484290819,0.0
robocasa/CondimentCollection,93,10310610,1,random,2,-0.05325334222804472,0.49347385662175713,0.0
robocasa/CondimentCollection,93,10310610,1,random,4,-0.056239875205054926,0.455152419606923,0.0
robocasa/CondimentCollection,93,10310610,1,random,8,-0.058039524999675435,0.4320603704702851,0.0
robocasa/CondimentCollection,93,10310610,1,learned_wam,1,-0.04601293196644257,0.5863785484290819,0.0
robocasa/CondimentCollection,93,10310610,1,learned_wam,2,-0.0318282234348194,0.7683883968897376,0.0
robocasa/CondimentCollection,93,10310610,1,learned_wam,4,-0.022412254713247808,0.8892085770367458,0.0
robocasa/CondimentCollection,93,10310610,1,learned_wam,8,-0.018013903299978255,0.9456456389912571,0.0
robocasa/CondimentCollection,93,10310610,1,learned_physics_score,1,-0.04601293196644257,0.5863785484290819,0.0
robocasa/CondimentCollection,93,10310610,1,learned_physics_score,2,-0.0318282234348194,0.7683883968897376,0.0
robocasa/CondimentCollection,93,10310610,1,learned_physics_score,4,-0.022412254713247808,0.8892085770367458,0.0
robocasa/CondimentCollection,93,10310610,1,learned_physics_score,8,-0.018013903299978255,0.9456456389912571,0.0
robocasa/CondimentCollection,93,10310610,1,learned_energy_regularized,1,-0.04601293196644258,0.5863785484290819,0.0
robocasa/CondimentCollection,93,10310610,1,learned_energy_regularized,2,-0.03498918155069703,0.7278288389419132,0.0
robocasa/CondimentCollection,93,10310610,1,learned_energy_regularized,4,-0.02859865156868097,0.8098283661804839,0.0
robocasa/CondimentCollection,93,10310610,1,learned_energy_regularized,8,-0.023910636326052094,0.8699822242587002,0.0
robocasa/CondimentCollection,93,10310610,1,predicted_progress,1,-0.04601293196644257,0.5863785484290819,0.0
robocasa/CondimentCollection,93,10310610,1,predicted_progress,2,-0.033182081811079574,0.7510164813970117,0.0
robocasa/CondimentCollection,93,10310610,1,predicted_progress,4,-0.023164239158912626,0.879559554309554,0.0
robocasa/CondimentCollection,93,10310610,1,predicted_progress,8,-0.016781003386999976,0.9614654865283466,0.0
robocasa/CondimentCollection,93,10310610,1,predicted_success,1,-0.046012931966442586,0.5863785484290819,0.0
robocasa/CondimentCollection,93,10310610,1,predicted_success,2,-0.046012931966442586,0.5863785484290819,0.0
robocasa/CondimentCollection,93,10310610,1,predicted_success,4,-0.046012931966442586,0.5863785484290819,0.0
robocasa/CondimentCollection,93,10310610,1,predicted_success,8,-0.046012931966442586,0.5863785484290819,0.0
robocasa/CondimentCollection,93,10310610,1,low_energy,1,-0.04601293196644258,0.5863785484290819,0.0
robocasa/CondimentCollection,93,10310610,1,low_energy,2,-0.035636248147896565,0.7195260604225182,0.0
robocasa/CondimentCollection,93,10310610,1,low_energy,4,-0.030125324321448616,0.7902389981112865,0.0
robocasa/CondimentCollection,93,10310610,1,low_energy,8,-0.025100266428541233,0.8547175895151969,0.0
robocasa/CondimentCollection,93,10310610,1,distance_progress,1,-0.04601293196644257,0.5863785484290819,0.0
robocasa/CondimentCollection,93,10310610,1,distance_progress,2,-0.034341091964823434,0.7361447438511193,0.0
robocasa/CondimentCollection,93,10310610,1,distance_progress,4,-0.023453991697348592,0.8758416199230808,0.0
robocasa/CondimentCollection,93,10310610,1,distance_progress,8,-0.016787971313034143,0.9613760781941016,0.0
robocasa/CondimentCollection,93,10310610,1,oracle_real_utility,1,-0.04601293196644257,0.5863785484290819,0.0
robocasa/CondimentCollection,93,10310610,1,oracle_real_utility,2,-0.031711309696528224,0.7698885653099701,0.0
robocasa/CondimentCollection,93,10310610,1,oracle_real_utility,4,-0.021873355450811944,0.8961234158487553,0.0
robocasa/CondimentCollection,93,10310610,1,oracle_real_utility,8,-0.016469163852760805,0.9654668282721249,0.0
robocasa/BreadAndCheese,94,10400606,0,random,1,-0.055210976006821934,0.6596444020461251,0.0
robocasa/BreadAndCheese,94,10400606,0,random,2,-0.06136720173163124,0.5068211897073033,0.0
robocasa/BreadAndCheese,94,10400606,0,random,4,-0.06882718047473996,0.3216333869100759,0.0
robocasa/BreadAndCheese,94,10400606,0,random,8,-0.07508400672015081,0.1663128498452736,0.0
robocasa/BreadAndCheese,94,10400606,0,learned_wam,1,-0.05521097600682194,0.6596444020461251,0.0
robocasa/BreadAndCheese,94,10400606,0,learned_wam,2,-0.04791560568459525,0.8407459369282826,0.0
robocasa/BreadAndCheese,94,10400606,0,learned_wam,4,-0.043886900019988816,0.9407552232596144,0.0
robocasa/BreadAndCheese,94,10400606,0,learned_wam,8,-0.042199633481368994,0.9826402196892527,0.0
robocasa/BreadAndCheese,94,10400606,0,learned_physics_score,1,-0.05521097600682194,0.6596444020461251,0.0
robocasa/BreadAndCheese,94,10400606,0,learned_physics_score,2,-0.04791560568459525,0.8407459369282826,0.0
robocasa/BreadAndCheese,94,10400606,0,learned_physics_score,4,-0.043886900019988816,0.9407552232596144,0.0
robocasa/BreadAndCheese,94,10400606,0,learned_physics_score,8,-0.042199633481368994,0.9826402196892527,0.0
robocasa/BreadAndCheese,94,10400606,0,learned_energy_regularized,1,-0.05521097600682194,0.6596444020461251,0.0
robocasa/BreadAndCheese,94,10400606,0,learned_energy_regularized,2,-0.049200680289734317,0.80884502262929,0.0
robocasa/BreadAndCheese,94,10400606,0,learned_energy_regularized,4,-0.045013789675259416,0.9127811195200741,0.0
robocasa/BreadAndCheese,94,10400606,0,learned_energy_regularized,8,-0.04288931039868183,0.9655195605888347,0.0
robocasa/BreadAndCheese,94,10400606,0,predicted_progress,1,-0.05521097600682194,0.6596444020461251,0.0
robocasa/BreadAndCheese,94,10400606,0,predicted_progress,2,-0.04854605502529149,0.8250955534353877,0.0
robocasa/BreadAndCheese,94,10400606,0,predicted_progress,4,-0.04449997866517587,0.9255360529169412,0.0
robocasa/BreadAndCheese,94,10400606,0,predicted_progress,8,-0.042817262432510175,0.9673080917644314,0.0
robocasa/BreadAndCheese,94,10400606,0,predicted_success,1,-0.055210976006821934,0.6596444020461251,0.0
robocasa/BreadAndCheese,94,10400606,0,predicted_success,2,-0.055210976006821934,0.6596444020461251,0.0
robocasa/BreadAndCheese,94,10400606,0,predicted_success,4,-0.055210976006821934,0.6596444020461251,0.0
robocasa/BreadAndCheese,94,10400606,0,predicted_success,8,-0.055210976006821934,0.6596444020461251,0.0
robocasa/BreadAndCheese,94,10400606,0,low_energy,1,-0.05521097600682194,0.6596444020461251,0.0
robocasa/BreadAndCheese,94,10400606,0,low_energy,2,-0.050169075202195275,0.7848054198027643,0.0
robocasa/BreadAndCheese,94,10400606,0,low_energy,4,-0.04511970786880984,0.9101517879609229,0.0
robocasa/BreadAndCheese,94,10400606,0,low_energy,8,-0.04288977955362676,0.9655079142053242,0.0
robocasa/BreadAndCheese,94,10400606,0,distance_progress,1,-0.055210976006821934,0.6596444020461251,0.0
robocasa/BreadAndCheese,94,10400606,0,distance_progress,2,-0.049015113754783096,0.8134515583934914,0.0
robocasa/BreadAndCheese,94,10400606,0,distance_progress,4,-0.04730722360902577,0.8558485188143241,0.0
robocasa/BreadAndCheese,94,10400606,0,distance_progress,8,-0.048339731688542706,0.8302173596380654,0.0
robocasa/BreadAndCheese,94,10400606,0,oracle_real_utility,1,-0.05521097600682194,0.6596444020461251,0.0
robocasa/BreadAndCheese,94,10400606,0,oracle_real_utility,2,-0.04791560568459525,0.8407459369282826,0.0
robocasa/BreadAndCheese,94,10400606,0,oracle_real_utility,4,-0.043886900019988816,0.9407552232596144,0.0
robocasa/BreadAndCheese,94,10400606,0,oracle_real_utility,8,-0.042199633481368994,0.9826402196892527,0.0
robocasa/BreadAndCheese,94,10410613,1,random,1,-0.05814393499837079,0.4463508369441777,0.0
robocasa/BreadAndCheese,94,10410613,1,random,2,-0.06258736828339351,0.3710966247595516,0.0
robocasa/BreadAndCheese,94,10410613,1,random,4,-0.06855936755831865,0.2699545412007677,0.0
robocasa/BreadAndCheese,94,10410613,1,random,8,-0.07311265473168463,0.19283983797410068,0.0
robocasa/BreadAndCheese,94,10410613,1,learned_wam,1,-0.05814393499837078,0.4463508369441777,0.0
robocasa/BreadAndCheese,94,10410613,1,learned_wam,2,-0.05000867051268518,0.5841300901732962,0.0
robocasa/BreadAndCheese,94,10410613,1,learned_wam,4,-0.042307629112975684,0.7145553191262644,0.0
robocasa/BreadAndCheese,94,10410613,1,learned_wam,8,-0.03527548209543062,0.8336521187914172,0.0
robocasa/BreadAndCheese,94,10410613,1,learned_physics_score,1,-0.05814393499837078,0.4463508369441777,0.0
robocasa/BreadAndCheese,94,10410613,1,learned_physics_score,2,-0.05000867051268518,0.5841300901732962,0.0
robocasa/BreadAndCheese,94,10410613,1,learned_physics_score,4,-0.042307629112975684,0.7145553191262644,0.0
robocasa/BreadAndCheese,94,10410613,1,learned_physics_score,8,-0.03527548209543062,0.8336521187914172,0.0
robocasa/BreadAndCheese,94,10410613,1,learned_energy_regularized,1,-0.05814393499837078,0.4463508369441777,0.0
robocasa/BreadAndCheese,94,10410613,1,learned_energy_regularized,2,-0.05096877487389009,0.5678697138645001,0.0
robocasa/BreadAndCheese,94,10410613,1,learned_energy_regularized,4,-0.04673311015290457,0.6396051470779074,0.0
robocasa/BreadAndCheese,94,10410613,1,learned_energy_regularized,8,-0.047960997945630315,0.6188095769488011,0.0
robocasa/BreadAndCheese,94,10410613,1,predicted_progress,1,-0.05814393499837078,0.4463508369441777,0.0
robocasa/BreadAndCheese,94,10410613,1,predicted_progress,2,-0.05550396755714903,0.4910614598428831,0.0
robocasa/BreadAndCheese,94,10410613,1,predicted_progress,4,-0.05156213662449218,0.5578205090677134,0.0
robocasa/BreadAndCheese,94,10410613,1,predicted_progress,8,-0.04338778715586093,0.6962617075565338,0.0
robocasa/BreadAndCheese,94,10410613,1,predicted_success,1,-0.05814393499837078,0.44635083694417765,0.0
robocasa/BreadAndCheese,94,10410613,1,predicted_success,2,-0.05814393499837078,0.44635083694417765,0.0
robocasa/BreadAndCheese,94,10410613,1,predicted_success,4,-0.05814393499837078,0.44635083694417765,0.0
robocasa/BreadAndCheese,94,10410613,1,predicted_success,8,-0.05814393499837078,0.44635083694417765,0.0
robocasa/BreadAndCheese,94,10410613,1,low_energy,1,-0.05814393499837078,0.4463508369441777,0.0
robocasa/BreadAndCheese,94,10410613,1,low_energy,2,-0.05137663312589936,0.5609622057577817,0.0
robocasa/BreadAndCheese,94,10410613,1,low_energy,4,-0.04769540071623897,0.6233077451386185,0.0
robocasa/BreadAndCheese,94,10410613,1,low_energy,8,-0.04871084418439269,0.6061101428990381,0.0
robocasa/BreadAndCheese,94,10410613,1,distance_progress,1,-0.05814393499837078,0.4463508369441777,0.0
robocasa/BreadAndCheese,94,10410613,1,distance_progress,2,-0.052385372133690294,0.5438781506000097,0.0
robocasa/BreadAndCheese,94,10410613,1,distance_progress,4,-0.045173813731634295,0.66601347060119,0.0
robocasa/BreadAndCheese,94,10410613,1,distance_progress,8,-0.037675559089788646,0.7930042927057521,0.0
robocasa/BreadAndCheese,94,10410613,1,oracle_real_utility,1,-0.05814393499837078,0.44635083694417765,0.0
robocasa/BreadAndCheese,94,10410613,1,oracle_real_utility,2,-0.04845369198221303,0.610465285678339,0.0
robocasa/BreadAndCheese,94,10410613,1,oracle_real_utility,4,-0.04016967415173455,0.7507638331230244,0.0
robocasa/BreadAndCheese,94,10410613,1,oracle_real_utility,8,-0.03312331555639525,0.8701013207927456,0.0
robocasa/CerealAndBowl,95,10500609,0,random,1,-0.056851295637362805,0.3852658609355032,0.0
robocasa/CerealAndBowl,95,10500609,0,random,2,-0.05528039972721134,0.4395119923309712,0.0
robocasa/CerealAndBowl,95,10500609,0,random,4,-0.053715685171739275,0.493544669368341,0.0
robocasa/CerealAndBowl,95,10500609,0,random,8,-0.05095491104386359,0.5888796404037633,0.0
robocasa/CerealAndBowl,95,10500609,0,learned_wam,1,-0.056851295637362805,0.3852658609355032,0.0
robocasa/CerealAndBowl,95,10500609,0,learned_wam,2,-0.05168829427216658,0.5635544723205892,0.0
robocasa/CerealAndBowl,95,10500609,0,learned_wam,4,-0.046615995798348936,0.7387109341266515,0.0
robocasa/CerealAndBowl,95,10500609,0,learned_wam,8,-0.04238024080297455,0.8849799011239203,0.0
robocasa/CerealAndBowl,95,10500609,0,learned_physics_score,1,-0.056851295637362805,0.3852658609355032,0.0
robocasa/CerealAndBowl,95,10500609,0,learned_physics_score,2,-0.05168829427216658,0.5635544723205892,0.0
robocasa/CerealAndBowl,95,10500609,0,learned_physics_score,4,-0.046615995798348936,0.7387109341266515,0.0
robocasa/CerealAndBowl,95,10500609,0,learned_physics_score,8,-0.04238024080297455,0.8849799011239203,0.0
robocasa/CerealAndBowl,95,10500609,0,learned_energy_regularized,1,-0.056851295637362805,0.3852658609355032,0.0
robocasa/CerealAndBowl,95,10500609,0,learned_energy_regularized,2,-0.0516466573770232,0.5649922763598327,0.0
robocasa/CerealAndBowl,95,10500609,0,learned_energy_regularized,4,-0.046580214091585095,0.7399465469728764,0.0
robocasa/CerealAndBowl,95,10500609,0,learned_energy_regularized,8,-0.04237605795830291,0.8851243429931734,0.0
robocasa/CerealAndBowl,95,10500609,0,predicted_progress,1,-0.056851295637362805,0.3852658609355032,0.0
robocasa/CerealAndBowl,95,10500609,0,predicted_progress,2,-0.05716264562926082,0.374514332166898,0.0
robocasa/CerealAndBowl,95,10500609,0,predicted_progress,4,-0.05869714936559745,0.3215248942479161,0.0
robocasa/CerealAndBowl,95,10500609,0,predicted_progress,8,-0.059244259085646095,0.3026321174765798,0.0
robocasa/CerealAndBowl,95,10500609,0,predicted_success,1,-0.056851295637362805,0.3852658609355032,0.0
robocasa/CerealAndBowl,95,10500609,0,predicted_success,2,-0.056851295637362805,0.3852658609355032,0.0
robocasa/CerealAndBowl,95,10500609,0,predicted_success,4,-0.056851295637362805,0.3852658609355032,0.0
robocasa/CerealAndBowl,95,10500609,0,predicted_success,8,-0.056851295637362805,0.3852658609355032,0.0
robocasa/CerealAndBowl,95,10500609,0,low_energy,1,-0.056851295637362805,0.3852658609355032,0.0
robocasa/CerealAndBowl,95,10500609,0,low_energy,2,-0.05150302992527274,0.569952015301989,0.0
robocasa/CerealAndBowl,95,10500609,0,low_energy,4,-0.046192356136023946,0.753340046493872,0.0
robocasa/CerealAndBowl,95,10500609,0,low_energy,8,-0.04207198213529281,0.8956246803755532,0.0
robocasa/CerealAndBowl,95,10500609,0,distance_progress,1,-0.056851295637362805,0.3852658609355032,0.0
robocasa/CerealAndBowl,95,10500609,0,distance_progress,2,-0.05887475038597081,0.315391981032671,0.0
robocasa/CerealAndBowl,95,10500609,0,distance_progress,4,-0.05940701272136125,0.2970119137119375,0.0
robocasa/CerealAndBowl,95,10500609,0,distance_progress,8,-0.05766416911578964,0.35719573787153636,0.0
robocasa/CerealAndBowl,95,10500609,0,oracle_real_utility,1,-0.056851295637362805,0.3852658609355032,0.0
robocasa/CerealAndBowl,95,10500609,0,oracle_real_utility,2,-0.05148125795345612,0.5707038443928093,0.0
robocasa/CerealAndBowl,95,10500609,0,oracle_real_utility,4,-0.0461899748266065,0.7534222778006805,0.0
robocasa/CerealAndBowl,95,10500609,0,oracle_real_utility,8,-0.04207197158750068,0.895625044611601,0.0
robocasa/CerealAndBowl,95,10510616,1,random,1,-0.050073626856688314,0.43305244628059014,0.0
robocasa/CerealAndBowl,95,10510616,1,random,2,-0.051957277162013524,0.3362565126640681,0.0
robocasa/CerealAndBowl,95,10510616,1,random,4,-0.05366634594943141,0.24843187322579932,0.0
robocasa/CerealAndBowl,95,10510616,1,random,8,-0.0555953471238321,0.1493054753505607,0.0
robocasa/CerealAndBowl,95,10510616,1,learned_wam,1,-0.050073626856688314,0.4330524462805902,0.0
robocasa/CerealAndBowl,95,10510616,1,learned_wam,2,-0.04767058656789919,0.556538492291291,0.0
robocasa/CerealAndBowl,95,10510616,1,learned_wam,4,-0.044623886478762406,0.713100556249664,0.0
robocasa/CerealAndBowl,95,10510616,1,learned_wam,8,-0.042652662714434006,0.8143966641821284,0.0
robocasa/CerealAndBowl,95,10510616,1,learned_physics_score,1,-0.050073626856688314,0.4330524462805902,0.0
robocasa/CerealAndBowl,95,10510616,1,learned_physics_score,2,-0.04767058656789919,0.556538492291291,0.0
robocasa/CerealAndBowl,95,10510616,1,learned_physics_score,4,-0.044623886478762406,0.713100556249664,0.0
robocasa/CerealAndBowl,95,10510616,1,learned_physics_score,8,-0.042652662714434006,0.8143966641821284,0.0
robocasa/CerealAndBowl,95,10510616,1,learned_energy_regularized,1,-0.050073626856688314,0.4330524462805902,0.0
robocasa/CerealAndBowl,95,10510616,1,learned_energy_regularized,2,-0.04792890431034004,0.5432642093850708,0.0
robocasa/CerealAndBowl,95,10510616,1,learned_energy_regularized,4,-0.04523335490233381,0.6817815450178004,0.0
robocasa/CerealAndBowl,95,10510616,1,learned_energy_regularized,8,-0.043127579150770964,0.7899919327332462,0.0
robocasa/CerealAndBowl,95,10510616,1,predicted_progress,1,-0.050073626856688314,0.4330524462805902,0.0
robocasa/CerealAndBowl,95,10510616,1,predicted_progress,2,-0.04952946659913943,0.4610154392084933,0.0
robocasa/CerealAndBowl,95,10510616,1,predicted_progress,4,-0.04832353493184688,0.5229851590037806,0.0
robocasa/CerealAndBowl,95,10510616,1,predicted_progress,8,-0.04577896045800632,0.6537442819449375,0.0
robocasa/CerealAndBowl,95,10510616,1,predicted_success,1,-0.050073626856688314,0.43305244628059014,0.0
robocasa/CerealAndBowl,95,10510616,1,predicted_success,2,-0.050073626856688314,0.43305244628059014,0.0
robocasa/CerealAndBowl,95,10510616,1,predicted_success,4,-0.050073626856688314,0.43305244628059014,0.0
robocasa/CerealAndBowl,95,10510616,1,predicted_success,8,-0.050073626856688314,0.43305244628059014,0.0
robocasa/CerealAndBowl,95,10510616,1,low_energy,1,-0.05007362685668831,0.4330524462805902,0.0
robocasa/CerealAndBowl,95,10510616,1,low_energy,2,-0.04748489481485504,0.5660807128138488,0.0
robocasa/CerealAndBowl,95,10510616,1,low_energy,4,-0.04395234237716998,0.747609476559628,0.0
robocasa/CerealAndBowl,95,10510616,1,low_energy,8,-0.04103000451875216,0.8977808860557355,0.0
robocasa/CerealAndBowl,95,10510616,1,distance_progress,1,-0.05007362685668831,0.43305244628059014,0.0
robocasa/CerealAndBowl,95,10510616,1,distance_progress,2,-0.049403614710937994,0.467482643328823,0.0
robocasa/CerealAndBowl,95,10510616,1,distance_progress,4,-0.04971683574451557,0.45138702181788726,0.0
robocasa/CerealAndBowl,95,10510616,1,distance_progress,8,-0.05047990665951539,0.4121747744998959,0.0
robocasa/CerealAndBowl,95,10510616,1,oracle_real_utility,1,-0.05007362685668831,0.4330524462805902,0.0
robocasa/CerealAndBowl,95,10510616,1,oracle_real_utility,2,-0.04640861693960009,0.6213878584510122,0.0
robocasa/CerealAndBowl,95,10510616,1,oracle_real_utility,4,-0.04320738912640338,0.7858907038154307,0.0
robocasa/CerealAndBowl,95,10510616,1,oracle_real_utility,8,-0.04087141267107902,0.9059305122979806,0.0
robocasa/AddToSoupPot,96,10600612,0,random,1,-0.05304145684432392,0.5262761435116875,0.0
robocasa/AddToSoupPot,96,10600612,0,random,2,-0.04855677831964972,0.6433714920162257,0.0
robocasa/AddToSoupPot,96,10600612,0,random,4,-0.04291112765079747,0.7907799247426629,0.0
robocasa/AddToSoupPot,96,10600612,0,random,8,-0.03893075766444829,0.8947077332052374,0.0
robocasa/AddToSoupPot,96,10600612,0,learned_wam,1,-0.05304145684432392,0.5262761435116875,0.0
robocasa/AddToSoupPot,96,10600612,0,learned_wam,2,-0.04610516526281599,0.7073833233456692,0.0
robocasa/AddToSoupPot,96,10600612,0,learned_wam,4,-0.040636256266431664,0.8501770155463271,0.0
robocasa/AddToSoupPot,96,10600612,0,learned_wam,8,-0.03701802466165781,0.9446493591937256,0.0
robocasa/AddToSoupPot,96,10600612,0,learned_physics_score,1,-0.05304145684432392,0.5262761435116875,0.0
robocasa/AddToSoupPot,96,10600612,0,learned_physics_score,2,-0.04610516526281599,0.7073833233456692,0.0
robocasa/AddToSoupPot,96,10600612,0,learned_physics_score,4,-0.040636256266431664,0.8501770155463271,0.0
robocasa/AddToSoupPot,96,10600612,0,learned_physics_score,8,-0.03701802466165781,0.9446493591937256,0.0
robocasa/AddToSoupPot,96,10600612,0,learned_energy_regularized,1,-0.05304145684432392,0.5262761435116875,0.0
robocasa/AddToSoupPot,96,10600612,0,learned_energy_regularized,2,-0.04664322582472057,0.6933345150161263,0.0
robocasa/AddToSoupPot,96,10600612,0,learned_energy_regularized,4,-0.041307402906447736,0.8326533180777239,0.0
robocasa/AddToSoupPot,96,10600612,0,learned_energy_regularized,8,-0.03720157920517113,0.9398567340091044,0.0
robocasa/AddToSoupPot,96,10600612,0,predicted_progress,1,-0.053041456844323924,0.5262761435116875,0.0
robocasa/AddToSoupPot,96,10600612,0,predicted_progress,2,-0.04970130271284402,0.6134878600110155,0.0
robocasa/AddToSoupPot,96,10600612,0,predicted_progress,4,-0.04590268209533012,0.7126701765576915,0.0
robocasa/AddToSoupPot,96,10600612,0,predicted_progress,8,-0.04497527735539551,0.7368847954272331,0.0
robocasa/AddToSoupPot,96,10600612,0,predicted_success,1,-0.05304145684432392,0.5262761435116875,0.0
robocasa/AddToSoupPot,96,10600612,0,predicted_success,2,-0.05304145684432392,0.5262761435116875,0.0
robocasa/AddToSoupPot,96,10600612,0,predicted_success,4,-0.05304145684432392,0.5262761435116875,0.0
robocasa/AddToSoupPot,96,10600612,0,predicted_success,8,-0.05304145684432392,0.5262761435116875,0.0
robocasa/AddToSoupPot,96,10600612,0,low_energy,1,-0.05304145684432392,0.5262761435116875,0.0
robocasa/AddToSoupPot,96,10600612,0,low_energy,2,-0.04664322582472057,0.6933345150161263,0.0
robocasa/AddToSoupPot,96,10600612,0,low_energy,4,-0.041307402906447736,0.8326533180777239,0.0
robocasa/AddToSoupPot,96,10600612,0,low_energy,8,-0.03720157920517113,0.9398567340091044,0.0
robocasa/AddToSoupPot,96,10600612,0,distance_progress,1,-0.053041456844323924,0.5262761435116875,0.0
robocasa/AddToSoupPot,96,10600612,0,distance_progress,2,-0.04827779609854531,0.6506557422087553,0.0
robocasa/AddToSoupPot,96,10600612,0,distance_progress,4,-0.044713977930588775,0.7437073462619115,0.0
robocasa/AddToSoupPot,96,10600612,0,distance_progress,8,-0.044743953403703726,0.7429246840372563,0.0
robocasa/AddToSoupPot,96,10600612,0,oracle_real_utility,1,-0.05304145684432392,0.5262761435116875,0.0
robocasa/AddToSoupPot,96,10600612,0,oracle_real_utility,2,-0.04600703277442169,0.7099455712002093,0.0
robocasa/AddToSoupPot,96,10600612,0,oracle_real_utility,4,-0.04055192365921781,0.8523789472963225,0.0
robocasa/AddToSoupPot,96,10600612,0,oracle_real_utility,8,-0.037008166266722715,0.9449067627476857,0.0
robocasa/AddToSoupPot,96,10610619,1,random,1,-0.06324853591224665,0.5343075251341244,0.0
robocasa/AddToSoupPot,96,10610619,1,random,2,-0.06455890445807828,0.48970449441070596,0.0
robocasa/AddToSoupPot,96,10610619,1,random,4,-0.06419516197017647,0.50208575723551,0.0
robocasa/AddToSoupPot,96,10610619,1,random,8,-0.061312458510652465,0.6002087710858233,0.0
robocasa/AddToSoupPot,96,10610619,1,learned_wam,1,-0.06324853591224665,0.5343075251341243,0.0
robocasa/AddToSoupPot,96,10610619,1,learned_wam,2,-0.0598551885911459,0.6498121099318517,0.0
robocasa/AddToSoupPot,96,10610619,1,learned_wam,4,-0.0560216090797005,0.7803015552665955,0.0
robocasa/AddToSoupPot,96,10610619,1,learned_wam,8,-0.05279667925551844,0.8900734545436573,0.0
robocasa/AddToSoupPot,96,10610619,1,learned_physics_score,1,-0.06324853591224665,0.5343075251341243,0.0
robocasa/AddToSoupPot,96,10610619,1,learned_physics_score,2,-0.0598551885911459,0.6498121099318517,0.0
robocasa/AddToSoupPot,96,10610619,1,learned_physics_score,4,-0.0560216090797005,0.7803015552665955,0.0
robocasa/AddToSoupPot,96,10610619,1,learned_physics_score,8,-0.05279667925551844,0.8900734545436573,0.0
robocasa/AddToSoupPot,96,10610619,1,learned_energy_regularized,1,-0.06324853591224665,0.5343075251341244,0.0
robocasa/AddToSoupPot,96,10610619,1,learned_energy_regularized,2,-0.06020641165251633,0.637856990094069,0.0
robocasa/AddToSoupPot,96,10610619,1,learned_energy_regularized,4,-0.05808183847259806,0.7101743569291399,0.0
robocasa/AddToSoupPot,96,10610619,1,learned_energy_regularized,8,-0.056062844829600625,0.7788979505894618,0.0
robocasa/AddToSoupPot,96,10610619,1,predicted_progress,1,-0.06324853591224663,0.5343075251341244,0.0
robocasa/AddToSoupPot,96,10610619,1,predicted_progress,2,-0.06306406939092152,0.5405864959963904,0.0
robocasa/AddToSoupPot,96,10610619,1,predicted_progress,4,-0.061887923944322805,0.5806207685350038,0.0
robocasa/AddToSoupPot,96,10610619,1,predicted_progress,8,-0.05888305054532606,0.6829022686227313,0.0
robocasa/AddToSoupPot,96,10610619,1,predicted_success,1,-0.06324853591224663,0.5343075251341243,0.0
robocasa/AddToSoupPot,96,10610619,1,predicted_success,2,-0.06324853591224663,0.5343075251341243,0.0
robocasa/AddToSoupPot,96,10610619,1,predicted_success,4,-0.06324853591224663,0.5343075251341243,0.0
robocasa/AddToSoupPot,96,10610619,1,predicted_success,8,-0.06324853591224663,0.5343075251341243,0.0
robocasa/AddToSoupPot,96,10610619,1,low_energy,1,-0.06324853591224665,0.5343075251341244,0.0
robocasa/AddToSoupPot,96,10610619,1,low_energy,2,-0.060209267944455296,0.6377597660897883,0.0
robocasa/AddToSoupPot,96,10610619,1,low_energy,4,-0.05795030785542908,0.7146514669584673,0.0
robocasa/AddToSoupPot,96,10610619,1,low_energy,8,-0.05598001250950859,0.781717441739268,0.0
robocasa/AddToSoupPot,96,10610619,1,distance_progress,1,-0.06324853591224665,0.5343075251341244,0.0
robocasa/AddToSoupPot,96,10610619,1,distance_progress,2,-0.05910269715252955,0.6754258190387142,0.0
robocasa/AddToSoupPot,96,10610619,1,distance_progress,4,-0.05611681717282482,0.7770608108849858,0.0
robocasa/AddToSoupPot,96,10610619,1,distance_progress,8,-0.05451246142805243,0.8316707363162772,0.0
robocasa/AddToSoupPot,96,10610619,1,oracle_real_utility,1,-0.06324853591224665,0.5343075251341243,0.0
robocasa/AddToSoupPot,96,10610619,1,oracle_real_utility,2,-0.05813301354283593,0.7084324323100284,0.0
robocasa/AddToSoupPot,96,10610619,1,oracle_real_utility,4,-0.05422855222046942,0.8413345909232643,0.0
robocasa/AddToSoupPot,96,10610619,1,oracle_real_utility,8,-0.051665616158190215,0.9285731897828279,0.0
