benchmark,seed,state_id,scorer,N,real_utility,normalized_real_utility,success
FetchReach-v4,35001,0,random,1,0.6234940199383252,0.29264506033220783,0.24999999999999994
FetchReach-v4,35001,0,random,2,0.5726192803535213,0.27866172811009493,0.23624999999999982
FetchReach-v4,35001,0,random,4,0.44793855007155525,0.24439222447318354,0.20025703124999988
FetchReach-v4,35001,0,random,8,0.2593717450226778,0.19256311826880665,0.14581952281768792
FetchReach-v4,35001,0,random,16,-0.06742717622421748,0.10273980078516576,0.05733736534356197
FetchReach-v4,35001,0,random,32,-0.29302236215576205,0.040733145648746374,0.005226374969233223
FetchReach-v4,35001,0,visual_wam,1,0.6234940199383256,0.2926450603322079,0.25
FetchReach-v4,35001,0,visual_wam,2,1.274835523447876,0.4716715223437196,0.4375
FetchReach-v4,35001,0,visual_wam,4,2.1155626539126877,0.7027521503602313,0.68359375
FetchReach-v4,35001,0,visual_wam,8,2.842272358652533,0.9024941699428928,0.8998870849609375
FetchReach-v4,35001,0,visual_wam,16,3.1419459906311666,0.9848618830430116,0.9899774042423815
FetchReach-v4,35001,0,visual_wam,32,3.1771293407556986,0.9945323104003477,0.9998995475742793
FetchReach-v4,35001,0,visual_success_head,1,0.6234940199383256,0.2926450603322079,0.25
FetchReach-v4,35001,0,visual_success_head,2,1.269581782494274,0.4702274892977975,0.4375
FetchReach-v4,35001,0,visual_success_head,4,2.109642231301601,0.7011248744873371,0.68359375
FetchReach-v4,35001,0,visual_success_head,8,2.840393602727194,0.9019777787341579,0.8998870849609375
FetchReach-v4,35001,0,visual_success_head,16,3.1418375853337936,0.9848320869732887,0.9899774042423815
FetchReach-v4,35001,0,visual_success_head,32,3.1771288188773132,0.9945321669578673,0.9998995475742793
FetchReach-v4,35001,0,low_energy,1,0.6234940199383255,0.29264506033220783,0.25
FetchReach-v4,35001,0,low_energy,2,1.2382523392906921,0.461616339319934,0.42875
FetchReach-v4,35001,0,low_energy,4,2.0035964559222696,0.6719773384019895,0.65392578125
FetchReach-v4,35001,0,low_energy,8,2.6779550323669734,0.857330228425901,0.8532283302688598
FetchReach-v4,35001,0,low_energy,16,3.0486342731428095,0.9592144054047111,0.9626217368262889
FetchReach-v4,35001,0,low_energy,32,3.1650074929490337,0.9912005228293483,0.9965096721501177
FetchReach-v4,35001,0,oracle_real_utility,1,0.6234940199383255,0.29264506033220783,0.25
FetchReach-v4,35001,0,oracle_real_utility,2,1.2938762679866933,0.47690502444742744,0.4375
FetchReach-v4,35001,0,oracle_real_utility,4,2.133479287481643,0.7076766815036081,0.68359375
FetchReach-v4,35001,0,oracle_real_utility,8,2.857204039575361,0.9065982627929496,0.8998870849609375
FetchReach-v4,35001,0,oracle_real_utility,16,3.1590880488835733,0.9895735159176064,0.9899774042423815
FetchReach-v4,35001,0,oracle_real_utility,32,3.1951917429599814,0.9994969072280306,0.9998995475742793
FetchReach-v4,35001,1,random,1,0.7185960495748112,0.3082681073760753,0.27500000000000013
FetchReach-v4,35001,1,random,2,0.7104763494023301,0.3059464792326165,0.27187500000000026
FetchReach-v4,35001,1,random,4,0.7476106713273256,0.3165641233620782,0.2826152343750003
FetchReach-v4,35001,1,random,8,0.9058130014223424,0.3617981805448991,0.33229893393173243
FetchReach-v4,35001,1,random,16,1.248481896246214,0.4597759054869245,0.4423644181101784
FetchReach-v4,35001,1,random,32,1.7522531733242,0.6038168860510036,0.6035828057230168
FetchReach-v4,35001,1,visual_wam,1,0.7185960495748105,0.30826810737607524,0.27499999999999997
FetchReach-v4,35001,1,visual_wam,2,1.3301917779857888,0.48313883232112215,0.46062499999999995
FetchReach-v4,35001,1,visual_wam,4,2.0920827743450348,0.7009827849082408,0.693494140625
FetchReach-v4,35001,1,visual_wam,8,2.768093236141987,0.894271315277818,0.900797058481598
FetchReach-v4,35001,1,visual_wam,16,3.0589106482399435,0.9774233866834547,0.9899812925579602
FetchReach-v4,35001,1,visual_wam,32,3.0904078457927233,0.9864292340331451,0.9998995476113866
FetchReach-v4,35001,1,visual_success_head,1,0.7185960495748107,0.3082681073760752,0.275
FetchReach-v4,35001,1,visual_success_head,2,1.3343249294745139,0.48432060512228103,0.46187500000000004
FetchReach-v4,35001,1,visual_success_head,4,2.099278358830299,0.7030401849470063,0.6951871093750001
FetchReach-v4,35001,1,visual_success_head,8,2.771538785443009,0.8952564851802778,0.9012018489012146
FetchReach-v4,35001,1,visual_success_head,16,3.0597455196616092,0.977662097589958,0.9899859472314463
FetchReach-v4,35001,1,visual_success_head,32,3.0915464506258807,0.9867547900227485,0.9998995477620081
FetchReach-v4,35001,1,low_energy,1,0.7185960495748106,0.30826810737607524,0.275
FetchReach-v4,35001,1,low_energy,2,1.2794697390878673,0.46863611541069583,0.443125
FetchReach-v4,35001,1,low_energy,4,2.067959483710578,0.6940853245020543,0.683737890625
FetchReach-v4,35001,1,low_energy,8,2.7694045502822426,0.8946462532371345,0.8998871345655822
FetchReach-v4,35001,1,low_energy,16,3.0592935701907447,0.9775328737776631,0.9899774042423849
FetchReach-v4,35001,1,low_energy,32,3.0900486108979486,0.9863265196688081,0.9998995475742793
FetchReach-v4,35001,1,oracle_real_utility,1,0.7185960495748107,0.30826810737607524,0.275
FetchReach-v4,35001,1,oracle_real_utility,2,1.3960962222909261,0.5019825838670706,0.474375
FetchReach-v4,35001,1,oracle_real_utility,4,2.211062173868625,0.7350020117957042,0.723718359375
FetchReach-v4,35001,1,oracle_real_utility,8,2.856007760285171,0.9194083066856236,0.9236684550535583
FetchReach-v4,35001,1,oracle_real_utility,16,3.090235597458414,0.9863799838672398,0.9941734952460893
FetchReach-v4,35001,1,oracle_real_utility,32,3.120712050968929,0.9950939746156454,0.9999660518423525
FetchReach-v4,35001,2,random,1,0.609007466706564,0.28629291767644227,0.24999999999999978
FetchReach-v4,35001,2,random,2,0.6806850638357032,0.3056645724674565,0.26749999999999974
FetchReach-v4,35001,2,random,4,0.6092172999857474,0.28634962741575837,0.24647656249999977
FetchReach-v4,35001,2,random,8,0.27668018260173605,0.19647783342193714,0.15188376639709458
FetchReach-v4,35001,2,random,16,-0.10950517745694108,0.09210701492307002,0.04007373666472672
FetchReach-v4,35001,2,random,32,-0.21786583964658301,0.06282136047958263,0.0020509920764492148
FetchReach-v4,35001,2,visual_wam,1,0.6090074667065648,0.2862929176764424,0.25
FetchReach-v4,35001,2,visual_wam,2,1.2559400221547337,0.4611335183543914,0.4362499999999999
FetchReach-v4,35001,2,visual_wam,4,2.1074050118880745,0.6912512470225511,0.67937421875
FetchReach-v4,35001,2,visual_wam,8,2.8538797328583003,0.8929942069435026,0.8936405257565307
FetchReach-v4,35001,2,visual_wam,16,3.172626611960042,0.9791390381736496,0.9872594516391975
FetchReach-v4,35001,2,visual_wam,32,3.2040989482433035,0.987644781367686,0.9997796545151098
FetchReach-v4,35001,2,visual_success_head,1,0.6090074667065648,0.2862929176764424,0.25
FetchReach-v4,35001,2,visual_success_head,2,1.2556839497883927,0.46106431199590614,0.4362499999999999
FetchReach-v4,35001,2,visual_success_head,4,2.107014428264466,0.6911456875252101,0.67937421875
FetchReach-v4,35001,2,visual_success_head,8,2.8538864259134957,0.8929960158148926,0.8936405257565307
FetchReach-v4,35001,2,visual_success_head,16,3.1726272763164785,0.9791392177232447,0.9872594516391975
FetchReach-v4,35001,2,visual_success_head,32,3.2040989482691256,0.9876447813746647,0.9997796545151098
FetchReach-v4,35001,2,low_energy,1,0.6090074667065647,0.2862929176764423,0.24999999999999994
FetchReach-v4,35001,2,low_energy,2,0.7157720470284392,0.3151472135337193,0.28375
FetchReach-v4,35001,2,low_energy,4,0.611875545969685,0.28706804747464604,0.2573992187499998
FetchReach-v4,35001,2,low_energy,8,0.4788153520114158,0.25110707435300184,0.2210376116305538
FetchReach-v4,35001,2,low_energy,16,0.3577618744756456,0.21839104770035275,0.18447324614386254
FetchReach-v4,35001,2,low_energy,32,0.1274615716352081,0.15614987132758373,0.11461362178157473
FetchReach-v4,35001,2,oracle_real_utility,1,0.6090074667065648,0.2862929176764424,0.25
FetchReach-v4,35001,2,oracle_real_utility,2,1.2968952067252184,0.47220210504225607,0.4375
FetchReach-v4,35001,2,oracle_real_utility,4,2.159965511515921,0.7054562970690736,0.68359375
FetchReach-v4,35001,2,oracle_real_utility,8,2.9015066579048927,0.9058659044851749,0.8998870849609375
FetchReach-v4,35001,2,oracle_real_utility,16,3.2089162265686673,0.9889467035370781,0.9899774042423815
FetchReach-v4,35001,2,oracle_real_utility,32,3.246090598246756,0.9989934841779436,0.9998995475742793
FetchReach-v4,35002,0,random,1,0.7910425800519504,0.33512329179419426,0.30000000000000004
FetchReach-v4,35002,0,random,2,0.4893505002232121,0.24778304888117764,0.2062500000000001
FetchReach-v4,35002,0,random,4,0.18183729039121319,0.15875758138817986,0.11318671875000011
FetchReach-v4,35002,0,random,8,0.0537753937954226,0.12168349855866928,0.07531277092254643
FetchReach-v4,35002,0,random,16,-0.05046849479900928,0.0915047595039232,0.04385562171863182
FetchReach-v4,35002,0,random,32,-0.16994341668844284,0.05691661683289108,0.008426617044952022
FetchReach-v4,35002,0,visual_wam,1,0.7910425800519503,0.33512329179419414,0.3
FetchReach-v4,35002,0,visual_wam,2,1.3812650042826173,0.5059934383829926,0.48624999999999996
FetchReach-v4,35002,0,visual_wam,4,2.0913179003152425,0.7115546597971747,0.7069632812500001
FetchReach-v4,35002,0,visual_wam,8,2.7303090099938037,0.8965434031883338,0.9026621188088989
FetchReach-v4,35002,0,visual_wam,16,3.0206249978121273,0.9805902529166355,0.9899993417917916
FetchReach-v4,35002,0,visual_wam,32,3.0595254735745696,0.9918519903956315,0.9998995484879803
FetchReach-v4,35002,0,visual_success_head,1,0.7910425800519505,0.3351232917941942,0.30000000000000004
FetchReach-v4,35002,0,visual_success_head,2,1.3854091591302438,0.5071931765109088,0.48750000000000004
FetchReach-v4,35002,0,visual_success_head,4,2.0973284278677093,0.7132947152098519,0.70865625
FetchReach-v4,35002,0,visual_success_head,8,2.7333864743369602,0.8974343330511263,0.9030669092285156
FetchReach-v4,35002,0,visual_success_head,16,3.02578987084836,0.9820854902654435,0.9900039964652777
FetchReach-v4,35002,0,visual_success_head,32,3.069300473698261,0.9946818654316705,0.9998995486386018
FetchReach-v4,35002,0,low_energy,1,0.7910425800519504,0.3351232917941942,0.30000000000000004
FetchReach-v4,35002,0,low_energy,2,1.340308427689159,0.494136457084084,0.4675
FetchReach-v4,35002,0,low_energy,4,2.100621615507675,0.7142480972429368,0.70388125
FetchReach-v4,35002,0,low_energy,8,2.7380078709432993,0.8987722332784847,0.9047339369042969
FetchReach-v4,35002,0,low_energy,16,3.0008669571800226,0.9748702748871396,0.990116729270091
FetchReach-v4,35002,0,low_energy,32,3.020853743308993,0.9806564750304969,0.9998996067730591
FetchReach-v4,35002,0,oracle_real_utility,1,0.7910425800519505,0.33512329179419426,0.30000000000000004
FetchReach-v4,35002,0,oracle_real_utility,2,1.4864647814249226,0.5364489083947344,0.51
FetchReach-v4,35002,0,oracle_real_utility,4,2.2897459537917673,0.7689998350276112,0.7599
FetchReach-v4,35002,0,oracle_real_utility,8,2.87671238717444,0.9389273681021675,0.94235199
FetchReach-v4,35002,0,oracle_real_utility,16,3.062143176437308,0.9926098187219022,0.9966767069430399
FetchReach-v4,35002,0,oracle_real_utility,32,3.08182865891874,0.998308791073991,0.9999889557232575
FetchReach-v4,35002,1,random,1,0.618407197365166,0.2791602741405262,0.24999999999999997
FetchReach-v4,35002,1,random,2,0.5818292501675912,0.26889496511404287,0.23999999999999996
FetchReach-v4,35002,1,random,4,0.47818681841609423,0.2398085436033281,0.20821874999999995
FetchReach-v4,35002,1,random,8,0.4454072593767455,0.2306092219062078,0.1966807185791017
FetchReach-v4,35002,1,random,16,0.5664627768063055,0.2645824869739005,0.2312447258808351
FetchReach-v4,35002,1,random,32,0.6383098182859275,0.2847457858994287,0.25110226277222886
FetchReach-v4,35002,1,visual_wam,1,0.6184071973651661,0.27916027414052624,0.25
FetchReach-v4,35002,1,visual_wam,2,1.2634430044345442,0.46018442667014886,0.4375
FetchReach-v4,35002,1,visual_wam,4,2.1010667001434276,0.6952568334925537,0.68359375
FetchReach-v4,35002,1,visual_wam,8,2.8336978101160124,0.900863908861254,0.8998870849609375
FetchReach-v4,35002,1,visual_wam,16,3.141393880437209,0.9872163558977312,0.9899774042423815
FetchReach-v4,35002,1,visual_wam,32,3.1800855529972125,0.998074865081819,0.9998995475742793
FetchReach-v4,35002,1,visual_success_head,1,0.6184071973651661,0.27916027414052624,0.25
FetchReach-v4,35002,1,visual_success_head,2,1.2622213180100752,0.45984157012292676,0.4375
FetchReach-v4,35002,1,visual_success_head,4,2.1009703971383025,0.6952298068225646,0.68359375
FetchReach-v4,35002,1,visual_success_head,8,2.8336783765510836,0.9008584549863166,0.8998870849609375
FetchReach-v4,35002,1,visual_success_head,16,3.1413918849985185,0.9872157958937843,0.9899774042423815
FetchReach-v4,35002,1,visual_success_head,32,3.180085552126741,0.9980748648375279,0.9998995475742793
FetchReach-v4,35002,1,low_energy,1,0.6184071973651666,0.27916027414052635,0.2500000000000001
FetchReach-v4,35002,1,low_energy,2,1.2288208084630332,0.4504679836203707,0.42750000000000016
FetchReach-v4,35002,1,low_energy,4,1.9892168733999538,0.6638670720639379,0.6516421875000002
FetchReach-v4,35002,1,low_energy,8,2.671844070440302,0.8554409482481631,0.8553931782659914
FetchReach-v4,35002,1,low_energy,16,3.0528985930504016,0.9623808595942847,0.9698266366324058
FetchReach-v4,35002,1,low_energy,32,3.146872004095745,0.9887537475926891,0.9984517431022799
FetchReach-v4,35002,1,oracle_real_utility,1,0.6184071973651663,0.27916027414052624,0.25
FetchReach-v4,35002,1,oracle_real_utility,2,1.2830563969951765,0.4656887687975269,0.4375
FetchReach-v4,35002,1,oracle_real_utility,4,2.1191401521306186,0.7003290035851424,0.68359375
FetchReach-v4,35002,1,oracle_real_utility,8,2.8416896868938113,0.9031067653119605,0.8998870849609375
FetchReach-v4,35002,1,oracle_real_utility,16,3.1448915257820698,0.9881979421561425,0.9899774042423815
FetchReach-v4,35002,1,oracle_real_utility,32,3.1831606751467385,0.9989378735767616,0.9998995475742793
FetchReach-v4,35002,2,random,1,0.6289948028643275,0.2736485876780366,0.2500000000000001
FetchReach-v4,35002,2,random,2,0.7510977310448421,0.30925386490720036,0.2875
FetchReach-v4,35002,2,random,4,0.8891939908689673,0.34952280594422014,0.3303203125000001
FetchReach-v4,35002,2,random,8,1.063846037347892,0.40045143334232425,0.3843614346832279
FetchReach-v4,35002,2,random,16,1.1136712223877867,0.41498048315935343,0.40109222516562826
FetchReach-v4,35002,2,random,32,0.8382271438406967,0.3346608468988551,0.31971561087660927
FetchReach-v4,35002,2,visual_wam,1,0.6289948028643271,0.27364858767803657,0.25
FetchReach-v4,35002,2,visual_wam,2,1.2495341928691515,0.4545981958649414,0.4375
FetchReach-v4,35002,2,visual_wam,4,2.0627825296031856,0.69174183293451,0.68359375
FetchReach-v4,35002,2,visual_wam,8,2.7749501360138775,0.8994102765806397,0.8998870849609375
FetchReach-v4,35002,2,visual_wam,16,3.0729215732273043,0.9862989023199973,0.9899774042423815
FetchReach-v4,35002,2,visual_wam,32,3.1101786247469505,0.9971630778796293,0.9998995475742793
FetchReach-v4,35002,2,visual_success_head,1,0.6289948028643271,0.27364858767803657,0.25
FetchReach-v4,35002,2,visual_success_head,2,1.2478235641364157,0.45409937563865505,0.4375
FetchReach-v4,35002,2,visual_success_head,4,2.060745941751045,0.6911479628598316,0.68359375
FetchReach-v4,35002,2,visual_success_head,8,2.7739339298061307,0.8991139503230472,0.8998870849609375
FetchReach-v4,35002,2,visual_success_head,16,3.071605798484757,0.98591522172218,0.9899774042423815
FetchReach-v4,35002,2,visual_success_head,32,3.10815980053798,0.9965743876925186,0.9998995475742793
FetchReach-v4,35002,2,low_energy,1,0.6289948028643271,0.27364858767803657,0.25
FetchReach-v4,35002,2,low_energy,2,1.2502858364245033,0.4548173755157868,0.4375
FetchReach-v4,35002,2,low_energy,4,2.05914640778176,0.6906815379242258,0.68359375
FetchReach-v4,35002,2,low_energy,8,2.7611865670332443,0.8953968127225603,0.8998870849609375
FetchReach-v4,35002,2,low_energy,16,3.0436002019780313,0.9777487752458441,0.9899774042423815
FetchReach-v4,35002,2,low_energy,32,3.064077488769623,0.9837199627020354,0.9998995475742793
FetchReach-v4,35002,2,oracle_real_utility,1,0.6289948028643272,0.27364858767803657,0.25
FetchReach-v4,35002,2,oracle_real_utility,2,1.268037088069778,0.459993649708493,0.4375
FetchReach-v4,35002,2,oracle_real_utility,4,2.0814936594123523,0.6971980080979864,0.68359375
FetchReach-v4,35002,2,oracle_real_utility,8,2.7858846983929024,0.9025988006454287,0.8998870849609375
FetchReach-v4,35002,2,oracle_real_utility,16,3.081009347149916,0.9886573013934058,0.9899774042423815
FetchReach-v4,35002,2,oracle_real_utility,32,3.117744088887808,0.9993691711495981,0.9998995475742793
FetchReach-v4,35003,0,random,1,0.7265623785063734,0.30192093958000427,0.275
FetchReach-v4,35003,0,random,2,0.5993807767996948,0.2646299128143984,0.23437499999999994
FetchReach-v4,35003,0,random,4,0.5685004904939707,0.25557547752105947,0.22218867187499997
FetchReach-v4,35003,0,random,8,0.6067160681247663,0.2667806998894632,0.22987461804245016
FetchReach-v4,35003,0,random,16,0.7080543352529854,0.2964941803075989,0.2557969509264224
FetchReach-v4,35003,0,random,32,0.723507537465454,0.30102522701236156,0.25446428712143343
FetchReach-v4,35003,0,visual_wam,1,0.7265623785063735,0.3019209395800043,0.275
FetchReach-v4,35003,0,visual_wam,2,1.3738272148687531,0.4917060186584468,0.4731250000000001
FetchReach-v4,35003,0,visual_wam,4,2.1769297376518493,0.727184399735144,0.7197753906250001
FetchReach-v4,35003,0,visual_wam,8,2.823028480249408,0.9166275674583937,0.9185706199073792
FetchReach-v4,35003,0,visual_wam,16,3.0599766507874753,0.9861033442297472,0.992480615939332
FetchReach-v4,35003,0,visual_wam,32,3.077100700911301,0.9911243016869109,0.9999224514551842
FetchReach-v4,35003,0,visual_success_head,1,0.7265623785063736,0.3019209395800043,0.275
FetchReach-v4,35003,0,visual_success_head,2,1.3716330767728928,0.4910626735412114,0.4731250000000001
FetchReach-v4,35003,0,visual_success_head,4,2.176456621109048,0.727045676826924,0.7197753906250001
FetchReach-v4,35003,0,visual_success_head,8,2.823018733680148,0.9166247096584426,0.9185706199073792
FetchReach-v4,35003,0,visual_success_head,16,3.0599475692799185,0.9860948172159172,0.992480615939332
FetchReach-v4,35003,0,visual_success_head,32,3.0770970486717557,0.9911232308106142,0.9999224514551842
FetchReach-v4,35003,0,low_energy,1,0.7265623785063735,0.3019209395800043,0.275
FetchReach-v4,35003,0,low_energy,2,1.3650132676795557,0.489121673626364,0.46937500000000004
FetchReach-v4,35003,0,low_energy,4,2.1487327004795156,0.7189167222268096,0.709512109375
FetchReach-v4,35003,0,low_energy,8,2.794694314535385,0.9083196823724706,0.908468501884613
FetchReach-v4,35003,0,low_energy,16,3.0600277539229648,0.986118328224034,0.9904506483239597
FetchReach-v4,35003,0,low_energy,32,3.091245043324462,0.9952715764847827,0.9999002846265014
FetchReach-v4,35003,0,oracle_real_utility,1,0.7265623785063735,0.3019209395800043,0.275
FetchReach-v4,35003,0,oracle_real_utility,2,1.3936625210206792,0.4975219458262883,0.474375
FetchReach-v4,35003,0,oracle_real_utility,4,2.2060534660013156,0.7357237931601379,0.723718359375
FetchReach-v4,35003,0,oracle_real_utility,8,2.850260384562192,0.9246122575313219,0.9236684550535583
FetchReach-v4,35003,0,oracle_real_utility,16,3.080031379970026,0.9919836086130209,0.9941734952460893
FetchReach-v4,35003,0,oracle_real_utility,32,3.1029952779079046,0.9987168728678545,0.9999660518423525
FetchReach-v4,35003,1,random,1,0.602414665136526,0.28606981113192176,0.2500000000000001
FetchReach-v4,35003,1,random,2,0.580309958543813,0.28010892823857036,0.24250000000000024
FetchReach-v4,35003,1,random,4,0.6114017043213823,0.28849330804260004,0.2500562500000003
FetchReach-v4,35003,1,random,8,0.5668529843509831,0.2764800428278609,0.23579736109375027
FetchReach-v4,35003,1,random,16,0.30708231578535394,0.20642878347489696,0.15952007905211318
FetchReach-v4,35003,1,random,32,-0.04096072746363699,0.11257348555672472,0.05713359787526508
FetchReach-v4,35003,1,visual_wam,1,0.6024146651365258,0.28606981113192176,0.25
FetchReach-v4,35003,1,visual_wam,2,1.0570248543075345,0.4086626213285535,0.38625
FetchReach-v4,35003,1,visual_wam,4,1.3880881358497226,0.49793905860151677,0.48265078125
FetchReach-v4,35003,1,visual_wam,8,1.2750917167801545,0.46746779137991085,0.4497758537210085
FetchReach-v4,35003,1,visual_wam,16,0.8964000863970786,0.3653476183779326,0.3401223947043581
FetchReach-v4,35003,1,visual_wam,32,0.6511649928737127,0.29921610617252936,0.26494406548931876
FetchReach-v4,35003,1,visual_success_head,1,0.6024146651365258,0.28606981113192176,0.25
FetchReach-v4,35003,1,visual_success_head,2,1.0885271714104021,0.4171577181683061,0.39499999999999996
FetchReach-v4,35003,1,visual_success_head,4,1.5087740073400575,0.5304839079899766,0.51666875
FetchReach-v4,35003,1,visual_success_head,8,1.5425999762341602,0.5396056141970322,0.5256713014208987
FetchReach-v4,35003,1,visual_success_head,16,1.2496361833968679,0.4606033051742632,0.44065109037191535
FetchReach-v4,35003,1,visual_success_head,32,0.8508763076624233,0.3530714131832626,0.3217648907674665
FetchReach-v4,35003,1,low_energy,1,0.6024146651365262,0.2860698111319218,0.2500000000000001
FetchReach-v4,35003,1,low_energy,2,0.8937569412171655,0.36463485257751344,0.3350000000000001
FetchReach-v4,35003,1,low_energy,4,1.0942547999495962,0.41870226357249646,0.39365000000000006
FetchReach-v4,35003,1,low_energy,8,0.9241920329886212,0.3728421552683284,0.345273477060547
FetchReach-v4,35003,1,low_energy,16,0.33552378110438336,0.21409847333804755,0.17508442595792362
FetchReach-v4,35003,1,low_energy,32,-0.14215758954602714,0.08528415504615303,0.03413939748224462
FetchReach-v4,35003,1,oracle_real_utility,1,0.6024146651365259,0.2860698111319217,0.25
FetchReach-v4,35003,1,oracle_real_utility,2,1.2839500434092068,0.4698565789191332,0.4375
FetchReach-v4,35003,1,oracle_real_utility,4,2.1446364828838167,0.7019542569446359,0.68359375
FetchReach-v4,35003,1,oracle_real_utility,8,2.8886320385819513,0.9025843970502937,0.8998870849609375
FetchReach-v4,35003,1,oracle_real_utility,16,3.200260388685953,0.9866198984231379,0.9899774042423815
FetchReach-v4,35003,1,oracle_real_utility,32,3.2405052366162197,0.9974725566372098,0.9998995475742793
FetchReach-v4,35003,2,random,1,0.802795593591778,0.3333995660919047,0.2999999999999998
FetchReach-v4,35003,2,random,2,0.7647384517390933,0.32241166518306685,0.2837499999999997
FetchReach-v4,35003,2,random,4,0.6242517920903176,0.28185019839689307,0.23998046874999965
FetchReach-v4,35003,2,random,8,0.4383830377098254,0.22818596204705016,0.18532478594207713
FetchReach-v4,35003,2,random,16,0.33257190865243097,0.19763605355325486,0.15934149987234017
FetchReach-v4,35003,2,random,32,0.1350945749602878,0.14062017509474936,0.11127106731433199
FetchReach-v4,35003,2,visual_wam,1,0.8027955935917788,0.3333995660919049,0.30000000000000004
FetchReach-v4,35003,2,visual_wam,2,1.483003565607881,0.5297899787730723,0.5062500000000001
FetchReach-v4,35003,2,visual_wam,4,2.2755060451259794,0.7586021882832004,0.74963671875
FetchReach-v4,35003,2,visual_wam,8,2.869146078165795,0.9299986080093592,0.932249871977234
FetchReach-v4,35003,2,visual_wam,16,3.0728789113041666,0.9888205813216644,0.9946467393276677
FetchReach-v4,35003,2,visual_wam,32,3.086846378324303,0.9928532841493962,0.9999667888945747
FetchReach-v4,35003,2,visual_success_head,1,0.8027955935917788,0.3333995660919049,0.30000000000000004
FetchReach-v4,35003,2,visual_success_head,2,1.4775627867144832,0.5282191109559629,0.505
FetchReach-v4,35003,2,visual_success_head,4,2.26568967782934,0.7557679956484054,0.74670625
FetchReach-v4,35003,2,visual_success_head,8,2.8622338977466386,0.9280029154845844,0.9301553594189453
FetchReach-v4,35003,2,visual_success_head,16,3.071658392798331,0.9884681918424061,0.9944334853415866
FetchReach-v4,35003,2,visual_success_head,32,3.086213900090502,0.9926706743205526,0.9999662661293292
FetchReach-v4,35003,2,low_energy,1,0.8027955935917788,0.33339956609190485,0.30000000000000004
FetchReach-v4,35003,2,low_energy,2,1.3937968025512493,0.5040341015540556,0.48
FetchReach-v4,35003,2,low_energy,4,2.1386389635111893,0.7190857701484255,0.707925
FetchReach-v4,35003,2,low_energy,8,2.7837233329074706,0.9053352566759183,0.9063826797070312
FetchReach-v4,35003,2,low_energy,16,3.0539561763591907,0.983357187951126,0.9902373945275653
FetchReach-v4,35003,2,low_energy,32,3.0827316636760504,0.9916652790964118,0.999899761861256
FetchReach-v4,35003,2,oracle_real_utility,1,0.8027955935917788,0.3333995660919049,0.30000000000000004
FetchReach-v4,35003,2,oracle_real_utility,2,1.5097487457537175,0.5375118773425713,0.51
FetchReach-v4,35003,2,oracle_real_utility,4,2.322542423964077,0.7721825846194301,0.7599
FetchReach-v4,35003,2,oracle_real_utility,8,2.9106284554881015,0.9419754467652728,0.94235199
FetchReach-v4,35003,2,oracle_real_utility,16,3.091257775652773,0.9941269477603519,0.9966767069430399
FetchReach-v4,35003,2,oracle_real_utility,32,3.1077510939786084,0.9988889172252086,0.9999889557232575
FetchReach-v4,35004,0,random,1,0.5802411860166895,0.27716082253838925,0.25
FetchReach-v4,35004,0,random,2,0.9203610711911103,0.36932218579725307,0.34625000000000006
FetchReach-v4,35004,0,random,4,1.5186992978329297,0.5314522730425848,0.5151617187500002
FetchReach-v4,35004,0,random,8,2.252704341542847,0.7303436299313391,0.7226193468405151
FetchReach-v4,35004,0,random,16,2.8422967056383692,0.890103874511553,0.8909078821792136
FetchReach-v4,35004,0,random,32,3.139656075620011,0.9706785368875886,0.9775485730127977
FetchReach-v4,35004,0,visual_wam,1,0.5802411860166896,0.2771608225383892,0.25
FetchReach-v4,35004,0,visual_wam,2,1.247123676259951,0.4578641630759955,0.4375
FetchReach-v4,35004,0,visual_wam,4,2.11253259132862,0.6923616707656784,0.68359375
FetchReach-v4,35004,0,visual_wam,8,2.860440235676938,0.8950201776610296,0.8998870849609375
FetchReach-v4,35004,0,visual_wam,16,3.16124346015227,0.9765280119533173,0.9899774042423815
FetchReach-v4,35004,0,visual_wam,32,3.184101925785181,0.9827219084191314,0.9998995475742793
FetchReach-v4,35004,0,visual_success_head,1,0.5802411860166896,0.27716082253838925,0.25
FetchReach-v4,35004,0,visual_success_head,2,1.2473386646340114,0.45792241789290533,0.4375
FetchReach-v4,35004,0,visual_success_head,4,2.1122940739022296,0.6922970403452434,0.68359375
FetchReach-v4,35004,0,visual_success_head,8,2.8603915364578905,0.8950069817656623,0.8998870849609375
FetchReach-v4,35004,0,visual_success_head,16,3.1612362037211508,0.9765260456978482,0.9899774042423815
FetchReach-v4,35004,0,visual_success_head,32,3.1841019067581984,0.9827219032634416,0.9998995475742793
FetchReach-v4,35004,0,low_energy,1,0.5802411860166894,0.27716082253838925,0.25
FetchReach-v4,35004,0,low_energy,2,1.045136483988206,0.40313224115073704,0.3837499999999999
FetchReach-v4,35004,0,low_energy,4,1.4459692641791113,0.5117448129863709,0.49822578125000017
FetchReach-v4,35004,0,low_energy,8,1.5968399430104845,0.5526258318358248,0.5427640791653445
FetchReach-v4,35004,0,low_energy,16,1.5834523033392172,0.5489982194064906,0.5412920188917405
FetchReach-v4,35004,0,low_energy,32,1.8435251213902204,0.61946944588554,0.6171180602275657
FetchReach-v4,35004,0,oracle_real_utility,1,0.5802411860166894,0.27716082253838925,0.25
FetchReach-v4,35004,0,oracle_real_utility,2,1.2664150974460293,0.4630915071779087,0.4375
FetchReach-v4,35004,0,oracle_real_utility,4,2.1357202505747344,0.6986447679324554,0.68359375
FetchReach-v4,35004,0,oracle_real_utility,8,2.8869592333738883,0.9022059585769447,0.8998870849609375
FetchReach-v4,35004,0,oracle_real_utility,16,3.2026474739948134,0.9877471453425951,0.9899774042423815
FetchReach-v4,35004,0,oracle_real_utility,32,3.2434348934931325,0.9987992018339364,0.9998995475742793
FetchReach-v4,35004,1,random,1,0.6235842237517867,0.2892762087617381,0.24999999999999986
FetchReach-v4,35004,1,random,2,0.29251293676973794,0.19840572057272216,0.14874999999999988
FetchReach-v4,35004,1,random,4,0.24151381949650225,0.18440778458113283,0.12710546875000003
FetchReach-v4,35004,1,random,8,0.4715815961513002,0.24755542680574097,0.18744340308074958
FetchReach-v4,35004,1,random,16,0.9857798973368523,0.38868953444953463,0.33315324270654395
FetchReach-v4,35004,1,random,32,1.7454809889349339,0.5972077955785621,0.555217504421201
FetchReach-v4,35004,1,visual_wam,1,0.6235842237517872,0.28927620876173826,0.25
FetchReach-v4,35004,1,visual_wam,2,1.2760548046948565,0.4683624737161569,0.4375
FetchReach-v4,35004,1,visual_wam,4,2.1173544130556468,0.6992774129785224,0.68359375
FetchReach-v4,35004,1,visual_wam,8,2.8527532199959764,0.9011253267902419,0.8998870849609375
FetchReach-v4,35004,1,visual_wam,16,3.1593701978998006,0.9852837408984156,0.9899774042423815
FetchReach-v4,35004,1,visual_wam,32,3.1948282232467218,0.9950160499212393,0.9998995475742793
FetchReach-v4,35004,1,visual_success_head,1,0.6235842237517872,0.28927620876173826,0.25
FetchReach-v4,35004,1,visual_success_head,2,1.273831206153547,0.4677521535436433,0.4375
FetchReach-v4,35004,1,visual_success_head,4,2.1170882981292634,0.6992043713278999,0.68359375
FetchReach-v4,35004,1,visual_success_head,8,2.853012776287182,0.9011965682654826,0.8998870849609375
FetchReach-v4,35004,1,visual_success_head,16,3.1595010480129155,0.9853196558633366,0.9899774042423815
FetchReach-v4,35004,1,visual_success_head,32,3.194830663938424,0.9950167198278582,0.9998995475742793
FetchReach-v4,35004,1,low_energy,1,0.6235842237517873,0.2892762087617383,0.25
FetchReach-v4,35004,1,low_energy,2,1.2204327136936366,0.4530956512458387,0.4225
FetchReach-v4,35004,1,low_energy,4,1.9298526677240107,0.6478130432051867,0.6300953125
FetchReach-v4,35004,1,low_energy,8,2.522282418458744,0.8104196562935673,0.8053118559820556
FetchReach-v4,35004,1,low_energy,16,2.887783801445737,0.9107403135409881,0.9148766878293773
FetchReach-v4,35004,1,low_energy,32,3.1001226020376293,0.9690218113028329,0.9790224367106423
FetchReach-v4,35004,1,oracle_real_utility,1,0.6235842237517872,0.2892762087617383,0.25
FetchReach-v4,35004,1,oracle_real_utility,2,1.2967973751836641,0.47405577174811586,0.4375
FetchReach-v4,35004,1,oracle_real_utility,4,2.14436681804126,0.7066916180899888,0.68359375
FetchReach-v4,35004,1,oracle_real_utility,8,2.8723093903476946,0.9064929887314739,0.8998870849609375
FetchReach-v4,35004,1,oracle_real_utility,16,3.1742693027723106,0.9893731590587339,0.9899774042423815
FetchReach-v4,35004,1,oracle_real_utility,32,3.2108228917586015,0.9994061719077911,0.9998995475742793
FetchReach-v4,35004,2,random,1,0.625877511211401,0.28549631190934055,0.2500000000000001
FetchReach-v4,35004,2,random,2,0.9612106777261312,0.3807553386998757,0.3487500000000003
FetchReach-v4,35004,2,random,4,1.2751493696596525,0.4699367774949171,0.44251171875000017
FetchReach-v4,35004,2,random,8,1.3548375886741442,0.4925740318676008,0.4659245471969603
FetchReach-v4,35004,2,random,16,1.072527254490626,0.412377348769595,0.3806076452081052
FetchReach-v4,35004,2,random,32,0.42942170240556343,0.2296885630108449,0.18872907770251846
FetchReach-v4,35004,2,visual_wam,1,0.6258775112114008,0.2854963119093405,0.25
FetchReach-v4,35004,2,visual_wam,2,1.262064119500491,0.4662196140290192,0.4375
FetchReach-v4,35004,2,visual_wam,4,2.0795851730737223,0.6984550971861497,0.68359375
FetchReach-v4,35004,2,visual_wam,8,2.794296969267557,0.901485268191168,0.8998870849609375
FetchReach-v4,35004,2,visual_wam,16,3.0958169880633384,0.9871388999117521,0.9899774042423815
FetchReach-v4,35004,2,visual_wam,32,3.133130848390894,0.997738752164794,0.9998995475742793
FetchReach-v4,35004,2,visual_success_head,1,0.6258775112114008,0.2854963119093405,0.25
FetchReach-v4,35004,2,visual_success_head,2,1.2556128188858002,0.4643869750912253,0.4375
FetchReach-v4,35004,2,visual_success_head,4,2.073822713108038,0.6968181391305068,0.68359375
FetchReach-v4,35004,2,visual_success_head,8,2.792717569544169,0.9010366037118179,0.8998870849609375
FetchReach-v4,35004,2,visual_success_head,16,3.0956541371791806,0.9870926384074157,0.9899774042423815
FetchReach-v4,35004,2,visual_success_head,32,3.1331295510532833,0.9977383836264848,0.9998995475742793
FetchReach-v4,35004,2,low_energy,1,0.6258775112114007,0.28549631190934055,0.25
FetchReach-v4,35004,2,low_energy,2,1.2528710727499581,0.4636081196283984,0.4375
FetchReach-v4,35004,2,low_energy,4,2.066635546651689,0.6947764607330815,0.68359375
FetchReach-v4,35004,2,low_energy,8,2.7772922269773255,0.8966546836765875,0.8998870849609375
FetchReach-v4,35004,2,low_energy,16,3.066266502958759,0.9787444112856862,0.9899774042423815
FetchReach-v4,35004,2,low_energy,32,3.088383678243943,0.9850272988834743,0.9998995475742793
FetchReach-v4,35004,2,oracle_real_utility,1,0.6258775112114007,0.28549631190934055,0.25
FetchReach-v4,35004,2,oracle_real_utility,2,1.2791707086627788,0.47107913046827204,0.4375
FetchReach-v4,35004,2,oracle_real_utility,4,2.0989592771782624,0.7039587529119424,0.68359375
FetchReach-v4,35004,2,oracle_real_utility,8,2.8050586429509257,0.9045423668145158,0.8998870849609375
FetchReach-v4,35004,2,oracle_real_utility,16,3.1012673034713742,0.9886871861933243,0.9899774042423815
FetchReach-v4,35004,2,oracle_real_utility,32,3.1383529171121403,0.9992221997741955,0.9998995475742793
FetchReach-v4,35005,0,random,1,0.6254661929915402,0.29225735467604774,0.2500000000000001
FetchReach-v4,35005,0,random,2,0.690355219347426,0.3101528149233244,0.26625000000000015
FetchReach-v4,35005,0,random,4,0.8030116365218031,0.341221834576781,0.2982257812500002
FetchReach-v4,35005,0,random,8,0.9233351091652259,0.3744053178624619,0.3332159404202274
FetchReach-v4,35005,0,random,16,0.9824809422400032,0.3907168880003259,0.3470288771245289
FetchReach-v4,35005,0,random,32,0.8558249953816095,0.35578699939859976,0.29994156095329483
FetchReach-v4,35005,0,visual_wam,1,0.6254661929915398,0.29225735467604763,0.25
FetchReach-v4,35005,0,visual_wam,2,1.2571952334866954,0.4664791386373017,0.4375
FetchReach-v4,35005,0,visual_wam,4,2.0813209163666535,0.6937611495562445,0.68359375
FetchReach-v4,35005,0,visual_wam,8,2.8040064371678524,0.8930674226670471,0.8998870849609375
FetchReach-v4,35005,0,visual_wam,16,3.1017082315685274,0.9751692960719787,0.9899774042423815
FetchReach-v4,35005,0,visual_wam,32,3.1288532934325017,0.9826555137389288,0.9998995475742793
FetchReach-v4,35005,0,visual_success_head,1,0.6254661929915398,0.2922573546760477,0.25
FetchReach-v4,35005,0,visual_success_head,2,1.2570479410651956,0.4664385175057838,0.4375
FetchReach-v4,35005,0,visual_success_head,4,2.0823185100026094,0.6940362715338384,0.68359375
FetchReach-v4,35005,0,visual_success_head,8,2.8047841640764997,0.8932819085633311,0.8998870849609375
FetchReach-v4,35005,0,visual_success_head,16,3.102408984742237,0.9753625537191886,0.9899774042423815
FetchReach-v4,35005,0,visual_success_head,32,3.1290784210330145,0.9827176006934077,0.9998995475742793
FetchReach-v4,35005,0,low_energy,1,0.6254661929915398,0.2922573546760477,0.25
FetchReach-v4,35005,0,low_energy,2,1.218102702461047,0.45569798080179874,0.42625
FetchReach-v4,35005,0,low_energy,4,1.9496126445748918,0.6574379023994747,0.64556171875
FetchReach-v4,35005,0,low_energy,8,2.6035688937171675,0.8377896308381031,0.8424166634030152
FetchReach-v4,35005,0,low_energy,16,2.9991896426330533,0.9468961436464876,0.9621118317698261
FetchReach-v4,35005,0,low_energy,32,3.1147404567428794,0.9787633963480729,0.9979760731168369
FetchReach-v4,35005,0,oracle_real_utility,1,0.6254661929915399,0.29225735467604763,0.25
FetchReach-v4,35005,0,oracle_real_utility,2,1.2840602044483491,0.47388811126160607,0.4375
FetchReach-v4,35005,0,oracle_real_utility,4,2.117735231935165,0.7038036940862561,0.68359375
FetchReach-v4,35005,0,oracle_real_utility,8,2.8386879156915215,0.9026320756614252,0.8998870849609375
FetchReach-v4,35005,0,oracle_real_utility,16,3.143136424748148,0.9865945959384969,0.9899774042423815
FetchReach-v4,35005,0,oracle_real_utility,32,3.1846210530813552,0.9980354598087345,0.9998995475742793
FetchReach-v4,35005,1,random,1,0.8691780600422154,0.3436797403513837,0.32500000000000007
FetchReach-v4,35005,1,random,2,0.8451177503990325,0.336624373792424,0.3143750000000002
FetchReach-v4,35005,1,random,4,0.7609488881420601,0.311942971729015,0.2879667968750001
FetchReach-v4,35005,1,random,8,0.5492443159800638,0.24986341494185663,0.2245612864250185
FetchReach-v4,35005,1,random,16,0.20810025298414359,0.14982744493384134,0.1241643796360414
FetchReach-v4,35005,1,random,32,-0.11683314404380354,0.05454503762992477,0.029336918618370508
FetchReach-v4,35005,1,visual_wam,1,0.8691780600422155,0.34367974035138366,0.32500000000000007
FetchReach-v4,35005,1,visual_wam,2,1.3852084742488344,0.4949988123746725,0.483125
FetchReach-v4,35005,1,visual_wam,4,2.0766174986477477,0.6977453348280559,0.6934378906249999
FetchReach-v4,35005,1,visual_wam,8,2.760744907639202,0.8983566201792207,0.9002142479249573
FetchReach-v4,35005,1,visual_wam,16,3.060080400310575,0.9861327816760312,0.9899776920312926
FetchReach-v4,35005,1,visual_wam,32,3.095392989504564,0.9964877299125406,0.9998995475744406
FetchReach-v4,35005,1,visual_success_head,1,0.8691780600422154,0.34367974035138366,0.32499999999999996
FetchReach-v4,35005,1,visual_success_head,2,1.4187158228217158,0.5048243977518537,0.49374999999999997
FetchReach-v4,35005,1,visual_success_head,4,2.0967897275214176,0.7036605732903046,0.699896875
FetchReach-v4,35005,1,visual_success_head,8,2.761652850959712,0.8986228625109263,0.9006402237695312
FetchReach-v4,35005,1,visual_success_head,16,3.059091736033113,0.9858428689947447,0.9899784074937472
FetchReach-v4,35005,1,visual_success_head,32,3.0940553785401748,0.996095493245307,0.9998995475755408
FetchReach-v4,35005,1,low_energy,1,0.8691780600422155,0.3436797403513837,0.325
FetchReach-v4,35005,1,low_energy,2,1.3731506605883266,0.4914630185076714,0.47687500000000005
FetchReach-v4,35005,1,low_energy,4,2.106463458509128,0.7064972665466778,0.700474609375
FetchReach-v4,35005,1,low_energy,8,2.7678189887641733,0.9004310006067657,0.9024978588035584
FetchReach-v4,35005,1,low_energy,16,3.054302468589534,0.9844384798632475,0.9900142101327208
FetchReach-v4,35005,1,low_energy,32,3.0842846372225363,0.993230352996863,0.9998995513807891
FetchReach-v4,35005,1,oracle_real_utility,1,0.8691780600422153,0.34367974035138366,0.32499999999999996
FetchReach-v4,35005,1,oracle_real_utility,2,1.6024364409292828,0.5586980313172791,0.5443749999999999
FetchReach-v4,35005,1,oracle_real_utility,4,2.4144802890098056,0.7968191151737142,0.7924058593749999
FetchReach-v4,35005,1,oracle_real_utility,8,2.951534635616959,0.9543031764176875,0.9569046727781677
FetchReach-v4,35005,1,oracle_real_utility,16,3.0931488926575907,0.9958296782879354,0.9981427927716432
FetchReach-v4,35005,1,oracle_real_utility,32,3.1044557798919863,0.9991452729441366,0.9999965507813109
FetchReach-v4,35005,2,random,1,0.6356966519194069,0.2909454416485615,0.24999999999999992
FetchReach-v4,35005,2,random,2,0.5842288751700135,0.27618476684896154,0.2312499999999999
FetchReach-v4,35005,2,random,4,0.6569226031569017,0.29703292751480337,0.25008203125000006
FetchReach-v4,35005,2,random,8,0.7861556822386663,0.3340962625596651,0.2878145810501101
FetchReach-v4,35005,2,random,16,0.821093850128706,0.3441163366116258,0.2988977899602138
FetchReach-v4,35005,2,random,32,0.6964962880753964,0.3083824423102063,0.2628899498892783
FetchReach-v4,35005,2,visual_wam,1,0.6356966519194072,0.2909454416485615,0.25
FetchReach-v4,35005,2,visual_wam,2,1.2410250254533468,0.4645502839989857,0.4375
FetchReach-v4,35005,2,visual_wam,4,2.0456845940247623,0.6953222148306212,0.68359375
FetchReach-v4,35005,2,visual_wam,8,2.7542585305808367,0.8985373158034812,0.8998870849609375
FetchReach-v4,35005,2,visual_wam,16,3.046409396125462,0.9823245743773947,0.9899774042423815
FetchReach-v4,35005,2,visual_wam,32,3.073944992718882,0.9902216317674486,0.9998995475742793
FetchReach-v4,35005,2,visual_success_head,1,0.6356966519194072,0.2909454416485615,0.25
FetchReach-v4,35005,2,visual_success_head,2,1.241667266451417,0.4647344751786755,0.4375
FetchReach-v4,35005,2,visual_success_head,4,2.045784383000938,0.6953508337591808,0.68359375
FetchReach-v4,35005,2,visual_success_head,8,2.7542191827318177,0.8985260310571774,0.8998870849609375
FetchReach-v4,35005,2,visual_success_head,16,3.046408734032176,0.9823243844926883,0.9899774042423815
FetchReach-v4,35005,2,visual_success_head,32,3.0739449926968083,0.990221631761118,0.9998995475742793
FetchReach-v4,35005,2,low_energy,1,0.635696651919407,0.2909454416485615,0.25
FetchReach-v4,35005,2,low_energy,2,1.256561877327935,0.4690061675131896,0.4375
FetchReach-v4,35005,2,low_energy,4,2.0584384587034448,0.6989799529504704,0.68359375
FetchReach-v4,35005,2,low_energy,8,2.7520559852786697,0.8979056379461886,0.8998870849609375
FetchReach-v4,35005,2,low_energy,16,3.0359681799074942,0.9793300910940741,0.9899774042423815
FetchReach-v4,35005,2,low_energy,32,3.0647670011261203,0.9875894343466457,0.9998995475742793
FetchReach-v4,35005,2,oracle_real_utility,1,0.6356966519194072,0.2909454416485615,0.25
FetchReach-v4,35005,2,oracle_real_utility,2,1.274111616699276,0.4740393360710515,0.4375
FetchReach-v4,35005,2,oracle_real_utility,4,2.078809336104067,0.7048222083514996,0.68359375
FetchReach-v4,35005,2,oracle_real_utility,8,2.774837118090934,0.904439141319487,0.8998870849609375
FetchReach-v4,35005,2,oracle_real_utility,16,3.0670064431307487,0.9882316939749143,0.9899774042423815
FetchReach-v4,35005,2,oracle_real_utility,32,3.104177197592711,0.9988920615548151,0.9998995475742793
FetchPush-v4,35001,0,random,1,-0.30542518971858307,0.6788720467251144,0.0
FetchPush-v4,35001,0,random,2,-0.3065948209452992,0.6541375939184376,0.0
FetchPush-v4,35001,0,random,4,-0.30743917888520295,0.6362817679628259,0.0
FetchPush-v4,35001,0,random,8,-0.30820325358992484,0.6201237095141129,0.0
FetchPush-v4,35001,0,random,16,-0.30906507089621404,0.6018986664377267,0.0
FetchPush-v4,35001,0,random,32,-0.3106244043028148,0.5689230945869896,0.0
FetchPush-v4,35001,0,visual_wam,1,-0.3054251897185831,0.6788720467251144,0.0
FetchPush-v4,35001,0,visual_wam,2,-0.30240238919667334,0.7427958845514118,0.0
FetchPush-v4,35001,0,visual_wam,4,-0.2998597690517683,0.7965652406894429,0.0
FetchPush-v4,35001,0,visual_wam,8,-0.29717868530970126,0.8532627174446545,0.0
FetchPush-v4,35001,0,visual_wam,16,-0.29441893053194534,0.911623868163976,0.0
FetchPush-v4,35001,0,visual_wam,32,-0.29245786723263356,0.9530949117884863,0.0
FetchPush-v4,35001,0,visual_success_head,1,-0.3054251897185831,0.6788720467251144,0.0
FetchPush-v4,35001,0,visual_success_head,2,-0.3054251897185831,0.6788720467251144,0.0
FetchPush-v4,35001,0,visual_success_head,4,-0.3054251897185831,0.6788720467251144,0.0
FetchPush-v4,35001,0,visual_success_head,8,-0.3054251897185831,0.6788720467251144,0.0
FetchPush-v4,35001,0,visual_success_head,16,-0.3054251897185831,0.6788720467251144,0.0
FetchPush-v4,35001,0,visual_success_head,32,-0.3054251897185831,0.6788720467251144,0.0
FetchPush-v4,35001,0,low_energy,1,-0.3054251897185831,0.6788720467251144,0.0
FetchPush-v4,35001,0,low_energy,2,-0.3023886269004777,0.7430869189030842,0.0
FetchPush-v4,35001,0,low_energy,4,-0.3002458074652763,0.7884016001313121,0.0
FetchPush-v4,35001,0,low_energy,8,-0.2980644255533341,0.834531770668702,0.0
FetchPush-v4,35001,0,low_energy,16,-0.2950625921124015,0.8980122129502529,0.0
FetchPush-v4,35001,0,low_energy,32,-0.2924466019171412,0.9533331419314863,0.0
FetchPush-v4,35001,0,oracle_real_utility,1,-0.305425189718583,0.6788720467251144,0.0
FetchPush-v4,35001,0,oracle_real_utility,2,-0.3011011414433012,0.770313661445881,0.0
FetchPush-v4,35001,0,oracle_real_utility,4,-0.2981530305085709,0.832658021889017,0.0
FetchPush-v4,35001,0,oracle_real_utility,8,-0.29589313692702646,0.8804484962402879,0.0
FetchPush-v4,35001,0,oracle_real_utility,16,-0.2939793784805291,0.9209191735760572,0.0
FetchPush-v4,35001,0,oracle_real_utility,32,-0.2923147284182098,0.9561219002693839,0.0
FetchPush-v4,35001,1,random,1,-0.2525737564516377,0.5127517401165307,0.0
FetchPush-v4,35001,1,random,2,-0.2528428943252446,0.5037988949178587,0.0
FetchPush-v4,35001,1,random,4,-0.25283340285209466,0.5041146278493839,0.0
FetchPush-v4,35001,1,random,8,-0.2534174510985121,0.48468631971624665,0.0
FetchPush-v4,35001,1,random,16,-0.2549719061087468,0.43297752493227415,0.0
FetchPush-v4,35001,1,random,32,-0.25721067313931084,0.358505157324103,0.0
FetchPush-v4,35001,1,visual_wam,1,-0.2525737564516377,0.5127517401165307,0.0
FetchPush-v4,35001,1,visual_wam,2,-0.2485954593748234,0.645089405587861,0.0
FetchPush-v4,35001,1,visual_wam,4,-0.2454822509382002,0.7486499815512508,0.0
FetchPush-v4,35001,1,visual_wam,8,-0.24295594800352877,0.8326872030539499,0.0
FetchPush-v4,35001,1,visual_wam,16,-0.24089221286542944,0.9013371517767128,0.0
FetchPush-v4,35001,1,visual_wam,32,-0.23956587998190415,0.9454574861948104,0.0
FetchPush-v4,35001,1,visual_success_head,1,-0.25257375645163777,0.5127517401165306,0.0
FetchPush-v4,35001,1,visual_success_head,2,-0.25257375645163777,0.5127517401165306,0.0
FetchPush-v4,35001,1,visual_success_head,4,-0.25257375645163777,0.5127517401165306,0.0
FetchPush-v4,35001,1,visual_success_head,8,-0.25257375645163777,0.5127517401165306,0.0
FetchPush-v4,35001,1,visual_success_head,16,-0.25257375645163777,0.5127517401165306,0.0
FetchPush-v4,35001,1,visual_success_head,32,-0.25257375645163777,0.5127517401165306,0.0
FetchPush-v4,35001,1,low_energy,1,-0.2525737564516377,0.5127517401165307,0.0
FetchPush-v4,35001,1,low_energy,2,-0.24851522817981792,0.6477582884892608,0.0
FetchPush-v4,35001,1,low_energy,4,-0.2453493003073407,0.7530725713607007,0.0
FetchPush-v4,35001,1,low_energy,8,-0.24276186291241758,0.8391434247398915,0.0
FetchPush-v4,35001,1,low_energy,16,-0.2405682411555108,0.9121140392090913,0.0
FetchPush-v4,35001,1,low_energy,32,-0.23900885295203245,0.9639869361866846,0.0
FetchPush-v4,35001,1,oracle_real_utility,1,-0.2525737564516377,0.5127517401165307,0.0
FetchPush-v4,35001,1,oracle_real_utility,2,-0.24851522817981792,0.6477582884892608,0.0
FetchPush-v4,35001,1,oracle_real_utility,4,-0.2453493003073407,0.7530725713607007,0.0
FetchPush-v4,35001,1,oracle_real_utility,8,-0.24276186291241758,0.8391434247398915,0.0
FetchPush-v4,35001,1,oracle_real_utility,16,-0.2405682411555108,0.9121140392090913,0.0
FetchPush-v4,35001,1,oracle_real_utility,32,-0.23900885295203245,0.9639869361866846,0.0
FetchPush-v4,35001,2,random,1,-0.10797912922889566,0.4572142066850984,0.0
FetchPush-v4,35001,2,random,2,-0.10743554362283815,0.4693713879382032,0.0
FetchPush-v4,35001,2,random,4,-0.10783601753976307,0.4604148704349013,0.0
FetchPush-v4,35001,2,random,8,-0.11038762827784539,0.40334861650073806,0.0
FetchPush-v4,35001,2,random,16,-0.11352197449999202,0.3332496022737349,0.0
FetchPush-v4,35001,2,random,32,-0.11385426456125637,0.32581800280093964,0.0
FetchPush-v4,35001,2,visual_wam,1,-0.10797912922889566,0.45721420668509855,0.0
FetchPush-v4,35001,2,visual_wam,2,-0.09980104646982062,0.6401153602422153,0.0
FetchPush-v4,35001,2,visual_wam,4,-0.09228859566108844,0.8081297909391255,0.0
FetchPush-v4,35001,2,visual_wam,8,-0.08702293042890002,0.9258953202918498,0.0
FetchPush-v4,35001,2,visual_wam,16,-0.08481474341118175,0.9752809727373872,0.0
FetchPush-v4,35001,2,visual_wam,32,-0.08420416835671388,0.9889363593463635,0.0
FetchPush-v4,35001,2,visual_success_head,1,-0.10797912922889567,0.45721420668509866,0.0
FetchPush-v4,35001,2,visual_success_head,2,-0.10797912922889567,0.45721420668509866,0.0
FetchPush-v4,35001,2,visual_success_head,4,-0.10797912922889567,0.45721420668509866,0.0
FetchPush-v4,35001,2,visual_success_head,8,-0.10797912922889567,0.45721420668509866,0.0
FetchPush-v4,35001,2,visual_success_head,16,-0.10797912922889567,0.45721420668509866,0.0
FetchPush-v4,35001,2,visual_success_head,32,-0.10797912922889567,0.45721420668509866,0.0
FetchPush-v4,35001,2,low_energy,1,-0.10797912922889565,0.45721420668509855,0.0
FetchPush-v4,35001,2,low_energy,2,-0.09977724983212137,0.640647567192694,0.0
FetchPush-v4,35001,2,low_energy,4,-0.0922407159139977,0.809200611721075,0.0
FetchPush-v4,35001,2,low_energy,8,-0.08693025825444464,0.9279679145795177,0.0
FetchPush-v4,35001,2,low_energy,16,-0.08469340957669085,0.9779945792082034,0.0
FetchPush-v4,35001,2,low_energy,32,-0.08410522029054684,0.9911493126726321,0.0
FetchPush-v4,35001,2,oracle_real_utility,1,-0.10797912922889565,0.45721420668509855,0.0
FetchPush-v4,35001,2,oracle_real_utility,2,-0.09977724983212137,0.640647567192694,0.0
FetchPush-v4,35001,2,oracle_real_utility,4,-0.0922407159139977,0.809200611721075,0.0
FetchPush-v4,35001,2,oracle_real_utility,8,-0.08693025825444464,0.9279679145795177,0.0
FetchPush-v4,35001,2,oracle_real_utility,16,-0.08469340957669085,0.9779945792082034,0.0
FetchPush-v4,35001,2,oracle_real_utility,32,-0.08410522029054684,0.9911493126726321,0.0
FetchPush-v4,35002,0,random,1,-0.1253516960253568,0.5030491333028617,0.0
FetchPush-v4,35002,0,random,2,-0.12678358393513578,0.4753837493641165,0.0
FetchPush-v4,35002,0,random,4,-0.1287813677479446,0.436784739043191,0.0
FetchPush-v4,35002,0,random,8,-0.12969556998218526,0.41912151580120605,0.0
FetchPush-v4,35002,0,random,16,-0.13116079499994918,0.3908120284480024,0.0
FetchPush-v4,35002,0,random,32,-0.13356303541794434,0.344398546622273,0.0
FetchPush-v4,35002,0,visual_wam,1,-0.1253516960253568,0.5030491333028617,0.0
FetchPush-v4,35002,0,visual_wam,2,-0.11750484338574312,0.6546575025775041,0.0
FetchPush-v4,35002,0,visual_wam,4,-0.11016795793439461,0.7964128393883863,0.0
FetchPush-v4,35002,0,visual_wam,8,-0.10489728598320397,0.8982470417369279,0.0
FetchPush-v4,35002,0,visual_wam,16,-0.10262228735198292,0.9422020958742068,0.0
FetchPush-v4,35002,0,visual_wam,32,-0.10219078081843198,0.9505391967333139,0.0
FetchPush-v4,35002,0,visual_success_head,1,-0.12535169602535678,0.5030491333028616,0.0
FetchPush-v4,35002,0,visual_success_head,2,-0.12535169602535678,0.5030491333028616,0.0
FetchPush-v4,35002,0,visual_success_head,4,-0.12535169602535678,0.5030491333028616,0.0
FetchPush-v4,35002,0,visual_success_head,8,-0.12535169602535678,0.5030491333028616,0.0
FetchPush-v4,35002,0,visual_success_head,16,-0.12535169602535678,0.5030491333028616,0.0
FetchPush-v4,35002,0,visual_success_head,32,-0.12535169602535678,0.5030491333028616,0.0
FetchPush-v4,35002,0,low_energy,1,-0.1253516960253568,0.5030491333028616,0.0
FetchPush-v4,35002,0,low_energy,2,-0.117401011633892,0.656663626981779,0.0
FetchPush-v4,35002,0,low_energy,4,-0.11002734489660101,0.7991296118751052,0.0
FetchPush-v4,35002,0,low_energy,8,-0.10453724219653066,0.9052034169706671,0.0
FetchPush-v4,35002,0,low_energy,16,-0.10179884487734683,0.9581117575570088,0.0
FetchPush-v4,35002,0,low_energy,32,-0.10067704181148797,0.9797860187255641,0.0
FetchPush-v4,35002,0,oracle_real_utility,1,-0.1253516960253568,0.5030491333028616,0.0
FetchPush-v4,35002,0,oracle_real_utility,2,-0.117401011633892,0.656663626981779,0.0
FetchPush-v4,35002,0,oracle_real_utility,4,-0.11002734489660101,0.7991296118751052,0.0
FetchPush-v4,35002,0,oracle_real_utility,8,-0.10453724219653066,0.9052034169706671,0.0
FetchPush-v4,35002,0,oracle_real_utility,16,-0.10179884487734683,0.9581117575570088,0.0
FetchPush-v4,35002,0,oracle_real_utility,32,-0.10067704181148797,0.9797860187255641,0.0
FetchPush-v4,35002,1,random,1,-0.08143475348651352,0.5749767399246866,0.0
FetchPush-v4,35002,1,random,2,-0.08225515578880492,0.561079177530658,0.0
FetchPush-v4,35002,1,random,4,-0.08355614955426112,0.5390404265676606,0.0
FetchPush-v4,35002,1,random,8,-0.08408880552991407,0.530017268495684,0.0
FetchPush-v4,35002,1,random,16,-0.0839871148773417,0.5317399016295337,0.0
FetchPush-v4,35002,1,random,32,-0.08545865171598355,0.5068121619425325,0.0
FetchPush-v4,35002,1,visual_wam,1,-0.08143475348651352,0.5749767399246867,0.0
FetchPush-v4,35002,1,visual_wam,2,-0.07267841694758176,0.7233085194102254,0.0
FetchPush-v4,35002,1,visual_wam,4,-0.06483110831645639,0.8562414244272656,0.0
FetchPush-v4,35002,1,visual_wam,8,-0.05930808543188391,0.9498010779382455,0.0
FetchPush-v4,35002,1,visual_wam,16,-0.057232387887901165,0.9849632612330284,0.0
FetchPush-v4,35002,1,visual_wam,32,-0.05693237319010361,0.9900454909758285,0.0
FetchPush-v4,35002,1,visual_success_head,1,-0.08143475348651352,0.5749767399246866,0.0
FetchPush-v4,35002,1,visual_success_head,2,-0.08143475348651352,0.5749767399246866,0.0
FetchPush-v4,35002,1,visual_success_head,4,-0.08143475348651352,0.5749767399246866,0.0
FetchPush-v4,35002,1,visual_success_head,8,-0.08143475348651352,0.5749767399246866,0.0
FetchPush-v4,35002,1,visual_success_head,16,-0.08143475348651352,0.5749767399246866,0.0
FetchPush-v4,35002,1,visual_success_head,32,-0.08143475348651352,0.5749767399246866,0.0
FetchPush-v4,35002,1,low_energy,1,-0.08143475348651352,0.5749767399246865,0.0
FetchPush-v4,35002,1,low_energy,2,-0.07262109523666596,0.7242795455174897,0.0
FetchPush-v4,35002,1,low_energy,4,-0.0647300959034743,0.8579525682259472,0.0
FetchPush-v4,35002,1,low_energy,8,-0.05914704665890426,0.9525290644262059,0.0
FetchPush-v4,35002,1,low_energy,16,-0.056964892923262886,0.9894946087813785,0.0
FetchPush-v4,35002,1,low_energy,32,-0.05656626530164311,0.9962473351303548,0.0
FetchPush-v4,35002,1,oracle_real_utility,1,-0.08143475348651352,0.5749767399246865,0.0
FetchPush-v4,35002,1,oracle_real_utility,2,-0.07262109523666596,0.7242795455174897,0.0
FetchPush-v4,35002,1,oracle_real_utility,4,-0.0647300959034743,0.8579525682259472,0.0
FetchPush-v4,35002,1,oracle_real_utility,8,-0.05914704665890426,0.9525290644262059,0.0
FetchPush-v4,35002,1,oracle_real_utility,16,-0.056964892923262886,0.9894946087813785,0.0
FetchPush-v4,35002,1,oracle_real_utility,32,-0.05656626530164311,0.9962473351303548,0.0
FetchPush-v4,35002,2,random,1,-0.3122105577456682,0.46809415051075687,0.0
FetchPush-v4,35002,2,random,2,-0.31257332358021234,0.45584366050643776,0.0
FetchPush-v4,35002,2,random,4,-0.3132750469998783,0.432146677715266,0.0
FetchPush-v4,35002,2,random,8,-0.3148542216870735,0.37881843707519886,0.0
FetchPush-v4,35002,2,random,16,-0.3170830654912229,0.30355107134259013,0.0
FetchPush-v4,35002,2,random,32,-0.31815885459490534,0.2672220061262318,0.0
FetchPush-v4,35002,2,visual_wam,1,-0.31221055774566825,0.4680941505107568,0.0
FetchPush-v4,35002,2,visual_wam,2,-0.3084437602619748,0.5952977362075236,0.0
FetchPush-v4,35002,2,visual_wam,4,-0.304993877026992,0.7117992257685369,0.0
FetchPush-v4,35002,2,visual_wam,8,-0.3019470312699028,0.8146902643880879,0.0
FetchPush-v4,35002,2,visual_wam,16,-0.2995996565449185,0.8939603826475864,0.0
FetchPush-v4,35002,2,visual_wam,32,-0.298052926902341,0.9461929641683795,0.0
FetchPush-v4,35002,2,visual_success_head,1,-0.31221055774566825,0.46809415051075665,0.0
FetchPush-v4,35002,2,visual_success_head,2,-0.31221055774566825,0.46809415051075665,0.0
FetchPush-v4,35002,2,visual_success_head,4,-0.31221055774566825,0.46809415051075665,0.0
FetchPush-v4,35002,2,visual_success_head,8,-0.31221055774566825,0.46809415051075665,0.0
FetchPush-v4,35002,2,visual_success_head,16,-0.31221055774566825,0.46809415051075665,0.0
FetchPush-v4,35002,2,visual_success_head,32,-0.31221055774566825,0.46809415051075665,0.0
FetchPush-v4,35002,2,low_energy,1,-0.31221055774566836,0.46809415051075676,0.0
FetchPush-v4,35002,2,low_energy,2,-0.30816879703666933,0.6045831592611951,0.0
FetchPush-v4,35002,2,low_energy,4,-0.304625480639888,0.7242398577908925,0.0
FetchPush-v4,35002,2,low_energy,8,-0.3016802271575233,0.8237001567224211,0.0
FetchPush-v4,35002,2,low_energy,16,-0.2994096973033747,0.9003752474671616,0.0
FetchPush-v4,35002,2,low_energy,32,-0.2977418643375498,0.9566974507484949,0.0
FetchPush-v4,35002,2,oracle_real_utility,1,-0.31221055774566836,0.46809415051075676,0.0
FetchPush-v4,35002,2,oracle_real_utility,2,-0.30816879703666933,0.6045831592611951,0.0
FetchPush-v4,35002,2,oracle_real_utility,4,-0.304625480639888,0.7242398577908925,0.0
FetchPush-v4,35002,2,oracle_real_utility,8,-0.3016802271575233,0.8237001567224211,0.0
FetchPush-v4,35002,2,oracle_real_utility,16,-0.2994096973033747,0.9003752474671616,0.0
FetchPush-v4,35002,2,oracle_real_utility,32,-0.2977418643375498,0.9566974507484949,0.0
FetchPush-v4,35003,0,random,1,-0.29845629922992545,0.6048449747186327,0.0
FetchPush-v4,35003,0,random,2,-0.2982626487947251,0.6101322744289875,0.0
FetchPush-v4,35003,0,random,4,-0.2972401936985296,0.6380486926305471,0.0
FetchPush-v4,35003,0,random,8,-0.2963280863986649,0.662952249688909,0.0
FetchPush-v4,35003,0,random,16,-0.2958470294009867,0.676086702611038,0.0
FetchPush-v4,35003,0,random,32,-0.2952974965531644,0.6910907735500789,0.0
FetchPush-v4,35003,0,visual_wam,1,-0.29845629922992545,0.6048449747186329,0.0
FetchPush-v4,35003,0,visual_wam,2,-0.2947555583102785,0.7058874865637995,0.0
FetchPush-v4,35003,0,visual_wam,4,-0.2914936147246966,0.7949493745859113,0.0
FetchPush-v4,35003,0,visual_wam,8,-0.2885958183363386,0.8740688353244601,0.0
FetchPush-v4,35003,0,visual_wam,16,-0.2863886730366819,0.9343312287010411,0.0
FetchPush-v4,35003,0,visual_wam,32,-0.2849282743106184,0.9742049617671805,0.0
FetchPush-v4,35003,0,visual_success_head,1,-0.2984562992299254,0.6048449747186327,0.0
FetchPush-v4,35003,0,visual_success_head,2,-0.2984562992299254,0.6048449747186327,0.0
FetchPush-v4,35003,0,visual_success_head,4,-0.2984562992299254,0.6048449747186327,0.0
FetchPush-v4,35003,0,visual_success_head,8,-0.2984562992299254,0.6048449747186327,0.0
FetchPush-v4,35003,0,visual_success_head,16,-0.2984562992299254,0.6048449747186327,0.0
FetchPush-v4,35003,0,visual_success_head,32,-0.2984562992299254,0.6048449747186327,0.0
FetchPush-v4,35003,0,low_energy,1,-0.2984562992299255,0.6048449747186326,0.0
FetchPush-v4,35003,0,low_energy,2,-0.2945485950662779,0.7115382701467373,0.0
FetchPush-v4,35003,0,low_energy,4,-0.2911608177991481,0.804035835384409,0.0
FetchPush-v4,35003,0,low_energy,8,-0.2882661455265866,0.8830699973911038,0.0
FetchPush-v4,35003,0,low_energy,16,-0.28612686396440234,0.9414794854586377,0.0
FetchPush-v4,35003,0,low_energy,32,-0.2848220025826729,0.9771065327128073,0.0
FetchPush-v4,35003,0,oracle_real_utility,1,-0.2984562992299255,0.6048449747186326,0.0
FetchPush-v4,35003,0,oracle_real_utility,2,-0.2945485950662779,0.7115382701467373,0.0
FetchPush-v4,35003,0,oracle_real_utility,4,-0.2911608177991481,0.804035835384409,0.0
FetchPush-v4,35003,0,oracle_real_utility,8,-0.2882661455265866,0.8830699973911038,0.0
FetchPush-v4,35003,0,oracle_real_utility,16,-0.28612686396440234,0.9414794854586377,0.0
FetchPush-v4,35003,0,oracle_real_utility,32,-0.2848220025826729,0.9771065327128073,0.0
FetchPush-v4,35003,1,random,1,-0.38372609548514613,0.6087292737491407,0.0
FetchPush-v4,35003,1,random,2,-0.38442931468788755,0.5948704239726406,0.0
FetchPush-v4,35003,1,random,4,-0.3849673971527105,0.5842660434064074,0.0
FetchPush-v4,35003,1,random,8,-0.38453295054137776,0.5928279972024633,0.0
FetchPush-v4,35003,1,random,16,-0.3822016278128292,0.6387730614861862,0.0
FetchPush-v4,35003,1,random,32,-0.3797800626377975,0.6864965989748473,0.0
FetchPush-v4,35003,1,visual_wam,1,-0.38372609548514625,0.6087292737491407,0.0
FetchPush-v4,35003,1,visual_wam,2,-0.37643805266471814,0.7523600082616346,0.0
FetchPush-v4,35003,1,visual_wam,4,-0.3723238177878038,0.8334422126185747,0.0
FetchPush-v4,35003,1,visual_wam,8,-0.3696165630374621,0.8867960413329297,0.0
FetchPush-v4,35003,1,visual_wam,16,-0.3673141211490572,0.9321719299977125,0.0
FetchPush-v4,35003,1,visual_wam,32,-0.3655450537380708,0.967036221811404,0.0
FetchPush-v4,35003,1,visual_success_head,1,-0.38372609548514625,0.6087292737491407,0.0
FetchPush-v4,35003,1,visual_success_head,2,-0.38372609548514625,0.6087292737491407,0.0
FetchPush-v4,35003,1,visual_success_head,4,-0.38372609548514625,0.6087292737491407,0.0
FetchPush-v4,35003,1,visual_success_head,8,-0.38372609548514625,0.6087292737491407,0.0
FetchPush-v4,35003,1,visual_success_head,16,-0.38372609548514625,0.6087292737491407,0.0
FetchPush-v4,35003,1,visual_success_head,32,-0.38372609548514625,0.6087292737491407,0.0
FetchPush-v4,35003,1,low_energy,1,-0.3837260954851463,0.6087292737491405,0.0
FetchPush-v4,35003,1,low_energy,2,-0.37640918367587606,0.7529289503183934,0.0
FetchPush-v4,35003,1,low_energy,4,-0.37229445369111874,0.8340209121239266,0.0
FetchPush-v4,35003,1,low_energy,8,-0.36958418411381483,0.8874341562151786,0.0
FetchPush-v4,35003,1,low_energy,16,-0.36726742999212786,0.9330921064195911,0.0
FetchPush-v4,35003,1,low_energy,32,-0.36547061897435584,0.9685031615713736,0.0
FetchPush-v4,35003,1,oracle_real_utility,1,-0.3837260954851463,0.6087292737491405,0.0
FetchPush-v4,35003,1,oracle_real_utility,2,-0.37640918367587606,0.7529289503183934,0.0
FetchPush-v4,35003,1,oracle_real_utility,4,-0.37229445369111874,0.8340209121239266,0.0
FetchPush-v4,35003,1,oracle_real_utility,8,-0.36958418411381483,0.8874341562151786,0.0
FetchPush-v4,35003,1,oracle_real_utility,16,-0.36726742999212786,0.9330921064195911,0.0
FetchPush-v4,35003,1,oracle_real_utility,32,-0.36547061897435584,0.9685031615713736,0.0
FetchPush-v4,35003,2,random,1,-0.1672854372899687,0.5292245057246999,0.0
FetchPush-v4,35003,2,random,2,-0.16826601157242377,0.503476334637562,0.0
FetchPush-v4,35003,2,random,4,-0.17047795067491753,0.4453946701840039,0.0
FetchPush-v4,35003,2,random,8,-0.17368495499088926,0.3611843280586799,0.0
FetchPush-v4,35003,2,random,16,-0.17715131882056756,0.27016365728056446,0.0
FetchPush-v4,35003,2,random,32,-0.18139759726545088,0.15866378843967455,0.0
FetchPush-v4,35003,2,visual_wam,1,-0.16728543728996875,0.5292245057247,0.0
FetchPush-v4,35003,2,visual_wam,2,-0.16130510344997875,0.686257646023613,0.0
FetchPush-v4,35003,2,visual_wam,4,-0.15605054460694215,0.8242332002459928,0.0
FetchPush-v4,35003,2,visual_wam,8,-0.15232496844479188,0.9220603349542806,0.0
FetchPush-v4,35003,2,visual_wam,16,-0.15053554513758957,0.9690474712534333,0.0
FetchPush-v4,35003,2,visual_wam,32,-0.14987907146051543,0.9862853254924695,0.0
FetchPush-v4,35003,2,visual_success_head,1,-0.16728543728996875,0.5292245057246999,0.0
FetchPush-v4,35003,2,visual_success_head,2,-0.16728543728996875,0.5292245057246999,0.0
FetchPush-v4,35003,2,visual_success_head,4,-0.16728543728996875,0.5292245057246999,0.0
FetchPush-v4,35003,2,visual_success_head,8,-0.16728543728996875,0.5292245057246999,0.0
FetchPush-v4,35003,2,visual_success_head,16,-0.16728543728996875,0.5292245057246999,0.0
FetchPush-v4,35003,2,visual_success_head,32,-0.16728543728996875,0.5292245057246999,0.0
FetchPush-v4,35003,2,low_energy,1,-0.16728543728996872,0.5292245057247,0.0
FetchPush-v4,35003,2,low_energy,2,-0.16127617771779526,0.6870171853205406,0.0
FetchPush-v4,35003,2,low_energy,4,-0.15602077983433846,0.82501477128154,0.0
FetchPush-v4,35003,2,low_energy,8,-0.1522892276329496,0.922998826361381,0.0
FetchPush-v4,35003,2,low_energy,16,-0.15048027984701365,0.970498641432368,0.0
FetchPush-v4,35003,2,low_energy,32,-0.149760784299665,0.9893913401101108,0.0
FetchPush-v4,35003,2,oracle_real_utility,1,-0.16728543728996872,0.5292245057247,0.0
FetchPush-v4,35003,2,oracle_real_utility,2,-0.16127617771779526,0.6870171853205406,0.0
FetchPush-v4,35003,2,oracle_real_utility,4,-0.15602077983433846,0.82501477128154,0.0
FetchPush-v4,35003,2,oracle_real_utility,8,-0.1522892276329496,0.922998826361381,0.0
FetchPush-v4,35003,2,oracle_real_utility,16,-0.15048027984701365,0.970498641432368,0.0
FetchPush-v4,35003,2,oracle_real_utility,32,-0.149760784299665,0.9893913401101108,0.0
FetchPush-v4,35004,0,random,1,-0.1285142909337062,0.4434706803125779,0.0
FetchPush-v4,35004,0,random,2,-0.12599240851697607,0.4998681465933856,0.0
FetchPush-v4,35004,0,random,4,-0.12086547425888183,0.6145230171085966,0.0
FetchPush-v4,35004,0,random,8,-0.1149219181666159,0.7474401991619432,0.0
FetchPush-v4,35004,0,random,16,-0.11040916284106536,0.8483600376991657,0.0
FetchPush-v4,35004,0,random,32,-0.10833206585143987,0.894810659923756,0.0
FetchPush-v4,35004,0,visual_wam,1,-0.12851429093370625,0.44347068031257797,0.0
FetchPush-v4,35004,0,visual_wam,2,-0.12078327910861396,0.6163611671289653,0.0
FetchPush-v4,35004,0,visual_wam,4,-0.11318461896768606,0.786291841229521,0.0
FetchPush-v4,35004,0,visual_wam,8,-0.10765183033896933,0.9100229311712427,0.0
FetchPush-v4,35004,0,visual_wam,16,-0.10539860980630936,0.9604122467756864,0.0
FetchPush-v4,35004,0,visual_wam,32,-0.10487035873623979,0.9722256531876616,0.0
FetchPush-v4,35004,0,visual_success_head,1,-0.12851429093370625,0.44347068031257797,0.0
FetchPush-v4,35004,0,visual_success_head,2,-0.12851429093370625,0.44347068031257797,0.0
FetchPush-v4,35004,0,visual_success_head,4,-0.12851429093370625,0.44347068031257797,0.0
FetchPush-v4,35004,0,visual_success_head,8,-0.12851429093370625,0.44347068031257797,0.0
FetchPush-v4,35004,0,visual_success_head,16,-0.12851429093370625,0.44347068031257797,0.0
FetchPush-v4,35004,0,visual_success_head,32,-0.12851429093370625,0.44347068031257797,0.0
FetchPush-v4,35004,0,low_energy,1,-0.12851429093370623,0.44347068031257797,0.0
FetchPush-v4,35004,0,low_energy,2,-0.12071605278006715,0.6178645657696984,0.0
FetchPush-v4,35004,0,low_energy,4,-0.1130568969300014,0.7891481200416693,0.0
FetchPush-v4,35004,0,low_energy,8,-0.10740823820256856,0.915470441018567,0.0
FetchPush-v4,35004,0,low_energy,16,-0.10496150054318998,0.9701874269205903,0.0
FetchPush-v4,35004,0,low_energy,32,-0.10422907588218014,0.9865668167162855,0.0
FetchPush-v4,35004,0,oracle_real_utility,1,-0.12851429093370623,0.44347068031257797,0.0
FetchPush-v4,35004,0,oracle_real_utility,2,-0.12071605278006715,0.6178645657696984,0.0
FetchPush-v4,35004,0,oracle_real_utility,4,-0.1130568969300014,0.7891481200416693,0.0
FetchPush-v4,35004,0,oracle_real_utility,8,-0.10740823820256856,0.915470441018567,0.0
FetchPush-v4,35004,0,oracle_real_utility,16,-0.10496150054318998,0.9701874269205903,0.0
FetchPush-v4,35004,0,oracle_real_utility,32,-0.10422907588218014,0.9865668167162855,0.0
FetchPush-v4,35004,1,random,1,-0.17903669423648955,0.6093390019292165,0.0
FetchPush-v4,35004,1,random,2,-0.18239910082058863,0.5441568198927466,0.0
FetchPush-v4,35004,1,random,4,-0.18424289712659633,0.508413769952056,0.0
FetchPush-v4,35004,1,random,8,-0.1838486727499975,0.5160560358220422,0.0
FetchPush-v4,35004,1,random,16,-0.1799585760523974,0.5914677936628556,0.0
FetchPush-v4,35004,1,random,32,-0.17325436765494234,0.7214327224254555,0.0
FetchPush-v4,35004,1,visual_wam,1,-0.1790366942364895,0.6093390019292166,0.0
FetchPush-v4,35004,1,visual_wam,2,-0.17208328213037513,0.7441348876554438,0.0
FetchPush-v4,35004,1,visual_wam,4,-0.16634474465290963,0.8553797312291347,0.0
FetchPush-v4,35004,1,visual_wam,8,-0.16219895043600013,0.9357483322812118,0.0
FetchPush-v4,35004,1,visual_wam,16,-0.16012345383204726,0.9759830255198865,0.0
FetchPush-v4,35004,1,visual_wam,32,-0.15946117145024713,0.9888217497164752,0.0
FetchPush-v4,35004,1,visual_success_head,1,-0.17903669423648952,0.6093390019292165,0.0
FetchPush-v4,35004,1,visual_success_head,2,-0.17903669423648952,0.6093390019292165,0.0
FetchPush-v4,35004,1,visual_success_head,4,-0.17903669423648952,0.6093390019292165,0.0
FetchPush-v4,35004,1,visual_success_head,8,-0.17903669423648952,0.6093390019292165,0.0
FetchPush-v4,35004,1,visual_success_head,16,-0.17903669423648952,0.6093390019292165,0.0
FetchPush-v4,35004,1,visual_success_head,32,-0.17903669423648952,0.6093390019292165,0.0
FetchPush-v4,35004,1,low_energy,1,-0.1790366942364895,0.6093390019292164,0.0
FetchPush-v4,35004,1,low_energy,2,-0.17204850830431986,0.7448089982376549,0.0
FetchPush-v4,35004,1,low_energy,4,-0.16628698936192507,0.8564993507029748,0.0
FetchPush-v4,35004,1,low_energy,8,-0.16212553569792193,0.9371715191272647,0.0
FetchPush-v4,35004,1,low_energy,16,-0.15998703664213682,0.9786275510652791,0.0
FetchPush-v4,35004,1,low_energy,32,-0.15922374861294805,0.9934243277252228,0.0
FetchPush-v4,35004,1,oracle_real_utility,1,-0.1790366942364895,0.6093390019292164,0.0
FetchPush-v4,35004,1,oracle_real_utility,2,-0.17204850830431986,0.7448089982376549,0.0
FetchPush-v4,35004,1,oracle_real_utility,4,-0.16628698936192507,0.8564993507029748,0.0
FetchPush-v4,35004,1,oracle_real_utility,8,-0.16212553569792193,0.9371715191272647,0.0
FetchPush-v4,35004,1,oracle_real_utility,16,-0.15998703664213682,0.9786275510652791,0.0
FetchPush-v4,35004,1,oracle_real_utility,32,-0.15922374861294805,0.9934243277252228,0.0
FetchPush-v4,35004,2,random,1,-0.29551585821216586,0.7894985251964746,0.0
FetchPush-v4,35004,2,random,2,-0.29547367112964934,0.7900903433758725,0.0
FetchPush-v4,35004,2,random,4,-0.2945116622614944,0.8035858093562982,0.0
FetchPush-v4,35004,2,random,8,-0.2926569813728907,0.8296040547854707,0.0
FetchPush-v4,35004,2,random,16,-0.29129928905219843,0.8486503350561816,0.0
FetchPush-v4,35004,2,random,32,-0.2900549547853758,0.866106380756041,0.0
FetchPush-v4,35004,2,visual_wam,1,-0.29551585821216586,0.7894985251964745,0.0
FetchPush-v4,35004,2,visual_wam,2,-0.2909948594887772,0.8529210013177797,0.0
FetchPush-v4,35004,2,visual_wam,4,-0.28709148922287775,0.9076791250484717,0.0
FetchPush-v4,35004,2,visual_wam,8,-0.28424729854544295,0.9475786309675622,0.0
FetchPush-v4,35004,2,visual_wam,16,-0.2823592585707616,0.9740648517202504,0.0
FetchPush-v4,35004,2,visual_wam,32,-0.2811175903138651,0.9914834975088909,0.0
FetchPush-v4,35004,2,visual_success_head,1,-0.29551585821216586,0.7894985251964745,0.0
FetchPush-v4,35004,2,visual_success_head,2,-0.29551585821216586,0.7894985251964745,0.0
FetchPush-v4,35004,2,visual_success_head,4,-0.29551585821216586,0.7894985251964745,0.0
FetchPush-v4,35004,2,visual_success_head,8,-0.29551585821216586,0.7894985251964745,0.0
FetchPush-v4,35004,2,visual_success_head,16,-0.29551585821216586,0.7894985251964745,0.0
FetchPush-v4,35004,2,visual_success_head,32,-0.29551585821216586,0.7894985251964745,0.0
FetchPush-v4,35004,2,low_energy,1,-0.2955158582121658,0.7894985251964746,0.0
FetchPush-v4,35004,2,low_energy,2,-0.2908614158905512,0.8547930043728221,0.0
FetchPush-v4,35004,2,low_energy,4,-0.2868246649437455,0.9114222485278705,0.0
FetchPush-v4,35004,2,low_energy,8,-0.2838932260618029,0.952545709043187,0.0
FetchPush-v4,35004,2,low_energy,16,-0.2820590086617853,0.978276884027174,0.0
FetchPush-v4,35004,2,low_energy,32,-0.28101620837335095,0.9929057261125224,0.0
FetchPush-v4,35004,2,oracle_real_utility,1,-0.2955158582121658,0.7894985251964746,0.0
FetchPush-v4,35004,2,oracle_real_utility,2,-0.28979059385897604,0.8698149472847724,0.0
FetchPush-v4,35004,2,oracle_real_utility,4,-0.2863652526387753,0.9178670780278362,0.0
FetchPush-v4,35004,2,oracle_real_utility,8,-0.2838583372359331,0.953035144201436,0.0
FetchPush-v4,35004,2,oracle_real_utility,16,-0.282058911861903,0.9782782419767336,0.0
FetchPush-v4,35004,2,oracle_real_utility,32,-0.2810162083729665,0.9929057261179168,0.0
FetchPush-v4,35005,0,random,1,-0.14097294897628734,0.5095032050019996,0.0
FetchPush-v4,35005,0,random,2,-0.14119363809265223,0.5047547174414456,0.0
FetchPush-v4,35005,0,random,4,-0.140069504379145,0.5289422942595202,0.0
FetchPush-v4,35005,0,random,8,-0.13797850906231982,0.5739334810233705,0.0
FetchPush-v4,35005,0,random,16,-0.13560123061280763,0.6250845179726413,0.0
FetchPush-v4,35005,0,random,32,-0.13277456871447307,0.685904775370118,0.0
FetchPush-v4,35005,0,visual_wam,1,-0.1409729489762874,0.5095032050019995,0.0
FetchPush-v4,35005,0,visual_wam,2,-0.13354759595444843,0.6692718290180044,0.0
FetchPush-v4,35005,0,visual_wam,4,-0.12736541675460197,0.8022915334380945,0.0
FetchPush-v4,35005,0,visual_wam,8,-0.1237789230194501,0.8794608164906236,0.0
FetchPush-v4,35005,0,visual_wam,16,-0.12257542574613668,0.9053560301994901,0.0
FetchPush-v4,35005,0,visual_wam,32,-0.12194489440697744,0.9189229440095342,0.0
FetchPush-v4,35005,0,visual_success_head,1,-0.14097294897628737,0.5095032050019996,0.0
FetchPush-v4,35005,0,visual_success_head,2,-0.14097294897628737,0.5095032050019996,0.0
FetchPush-v4,35005,0,visual_success_head,4,-0.14097294897628737,0.5095032050019996,0.0
FetchPush-v4,35005,0,visual_success_head,8,-0.14097294897628737,0.5095032050019996,0.0
FetchPush-v4,35005,0,visual_success_head,16,-0.14097294897628737,0.5095032050019996,0.0
FetchPush-v4,35005,0,visual_success_head,32,-0.14097294897628737,0.5095032050019996,0.0
FetchPush-v4,35005,0,low_energy,1,-0.14097294897628737,0.5095032050019996,0.0
FetchPush-v4,35005,0,low_energy,2,-0.13337379796832585,0.6730113771604146,0.0
FetchPush-v4,35005,0,low_energy,4,-0.12669951037887195,0.8166195990615019,0.0
FetchPush-v4,35005,0,low_energy,8,-0.1221210006646013,0.9151337296276161,0.0
FetchPush-v4,35005,0,low_energy,16,-0.11979716200692025,0.9651349219858688,0.0
FetchPush-v4,35005,0,low_energy,32,-0.1187520205666679,0.9876228507510211,0.0
FetchPush-v4,35005,0,oracle_real_utility,1,-0.14097294897628737,0.5095032050019996,0.0
FetchPush-v4,35005,0,oracle_real_utility,2,-0.13337379796832585,0.6730113771604146,0.0
FetchPush-v4,35005,0,oracle_real_utility,4,-0.12669951037887195,0.8166195990615019,0.0
FetchPush-v4,35005,0,oracle_real_utility,8,-0.1221210006646013,0.9151337296276161,0.0
FetchPush-v4,35005,0,oracle_real_utility,16,-0.11979716200692025,0.9651349219858688,0.0
FetchPush-v4,35005,0,oracle_real_utility,32,-0.1187520205666679,0.9876228507510211,0.0
FetchPush-v4,35005,1,random,1,-0.2557760455404846,0.8323357487983283,0.0
FetchPush-v4,35005,1,random,2,-0.25699905616017005,0.8242951279608416,0.0
FetchPush-v4,35005,1,random,4,-0.25778705025082493,0.8191145010691752,0.0
FetchPush-v4,35005,1,random,8,-0.2568118476224921,0.8255259209276237,0.0
FetchPush-v4,35005,1,random,16,-0.2554082183367439,0.8347540099576244,0.0
FetchPush-v4,35005,1,random,32,-0.25480584406891893,0.838714288807112,0.0
FetchPush-v4,35005,1,visual_wam,1,-0.2557760455404846,0.8323357487983281,0.0
FetchPush-v4,35005,1,visual_wam,2,-0.2493175143406609,0.8747970322156517,0.0
FetchPush-v4,35005,1,visual_wam,4,-0.24417366669437895,0.9086149957752725,0.0
FetchPush-v4,35005,1,visual_wam,8,-0.24134832932024347,0.9271900319996074,0.0
FetchPush-v4,35005,1,visual_wam,16,-0.2388036183304428,0.9439201043968817,0.0
FetchPush-v4,35005,1,visual_wam,32,-0.23572373798983534,0.9641686203500981,0.0
FetchPush-v4,35005,1,visual_success_head,1,-0.25577604554048455,0.8323357487983284,0.0
FetchPush-v4,35005,1,visual_success_head,2,-0.25577604554048455,0.8323357487983284,0.0
FetchPush-v4,35005,1,visual_success_head,4,-0.25577604554048455,0.8323357487983284,0.0
FetchPush-v4,35005,1,visual_success_head,8,-0.25577604554048455,0.8323357487983284,0.0
FetchPush-v4,35005,1,visual_success_head,16,-0.25577604554048455,0.8323357487983284,0.0
FetchPush-v4,35005,1,visual_success_head,32,-0.25577604554048455,0.8323357487983284,0.0
FetchPush-v4,35005,1,low_energy,1,-0.2557760455404846,0.8323357487983281,0.0
FetchPush-v4,35005,1,low_energy,2,-0.249150077172329,0.8758978393247555,0.0
FetchPush-v4,35005,1,low_energy,4,-0.24362631808637863,0.9122135112354149,0.0
FetchPush-v4,35005,1,low_energy,8,-0.2400737286673068,0.9355698288750531,0.0
FetchPush-v4,35005,1,low_energy,16,-0.23695582234317952,0.9560683447142345,0.0
FetchPush-v4,35005,1,low_energy,32,-0.2339317019102782,0.9759502700029206,0.0
FetchPush-v4,35005,1,oracle_real_utility,1,-0.25577604554048466,0.8323357487983281,0.0
FetchPush-v4,35005,1,oracle_real_utility,2,-0.24718022245166882,0.8888485485490428,0.0
FetchPush-v4,35005,1,oracle_real_utility,4,-0.24324186755207372,0.9147410616322466,0.0
FetchPush-v4,35005,1,oracle_real_utility,8,-0.2400663599876776,0.9356182738828214,0.0
FetchPush-v4,35005,1,oracle_real_utility,16,-0.23695582093772044,0.9560683539543535,0.0
FetchPush-v4,35005,1,oracle_real_utility,32,-0.23393170191027818,0.9759502700029207,0.0
FetchPush-v4,35005,2,random,1,-0.24177626638753713,0.7530471644983764,0.0
FetchPush-v4,35005,2,random,2,-0.24040831817477687,0.7751654664090364,0.0
FetchPush-v4,35005,2,random,4,-0.23902794660530535,0.7974846410953751,0.0
FetchPush-v4,35005,2,random,8,-0.2381934588652398,0.8109774411906876,0.0
FetchPush-v4,35005,2,random,16,-0.23936344265895604,0.7920600183390013,0.0
FetchPush-v4,35005,2,random,32,-0.24234384910204837,0.743869941470686,0.0
FetchPush-v4,35005,2,visual_wam,1,-0.2417762663875371,0.7530471644983765,0.0
FetchPush-v4,35005,2,visual_wam,2,-0.2362111052372027,0.84303004057246,0.0
FetchPush-v4,35005,2,visual_wam,4,-0.23269965694312855,0.8998065126548969,0.0
FetchPush-v4,35005,2,visual_wam,8,-0.2304477822466334,0.9362169878011396,0.0
FetchPush-v4,35005,2,visual_wam,16,-0.22879403147952193,0.9629564201939402,0.0
FetchPush-v4,35005,2,visual_wam,32,-0.2276157725380524,0.9820076435905998,0.0
FetchPush-v4,35005,2,visual_success_head,1,-0.24177626638753713,0.7530471644983766,0.0
FetchPush-v4,35005,2,visual_success_head,2,-0.24177626638753713,0.7530471644983766,0.0
FetchPush-v4,35005,2,visual_success_head,4,-0.24177626638753713,0.7530471644983766,0.0
FetchPush-v4,35005,2,visual_success_head,8,-0.24177626638753713,0.7530471644983766,0.0
FetchPush-v4,35005,2,visual_success_head,16,-0.24177626638753713,0.7530471644983766,0.0
FetchPush-v4,35005,2,visual_success_head,32,-0.24177626638753713,0.7530471644983766,0.0
FetchPush-v4,35005,2,low_energy,1,-0.2417762663875371,0.7530471644983764,0.0
FetchPush-v4,35005,2,low_energy,2,-0.2364407059242208,0.8393176359163543,0.0
FetchPush-v4,35005,2,low_energy,4,-0.23257417246084386,0.9018354664108841,0.0
FetchPush-v4,35005,2,low_energy,8,-0.23021706511375886,0.9399474442272522,0.0
FetchPush-v4,35005,2,low_energy,16,-0.22853442959343473,0.9671539130810924,0.0
FetchPush-v4,35005,2,low_energy,32,-0.2273795091553593,0.9858277771161923,0.0
FetchPush-v4,35005,2,oracle_real_utility,1,-0.2417762663875371,0.7530471644983764,0.0
FetchPush-v4,35005,2,oracle_real_utility,2,-0.23599123886434173,0.8465850514782653,0.0
FetchPush-v4,35005,2,oracle_real_utility,4,-0.23250314664751034,0.9029838800482621,0.0
FetchPush-v4,35005,2,oracle_real_utility,8,-0.2302163584827356,0.939958869717023,0.0
FetchPush-v4,35005,2,oracle_real_utility,16,-0.2285344295591416,0.9671539136355767,0.0
FetchPush-v4,35005,2,oracle_real_utility,32,-0.2273795091553593,0.9858277771161923,0.0
FetchPickAndPlace-v4,35001,0,random,1,-0.3044341908263342,0.48839088746101594,0.0
FetchPickAndPlace-v4,35001,0,random,2,-0.30562859702535655,0.4453407217841847,0.0
FetchPickAndPlace-v4,35001,0,random,4,-0.3069796186332802,0.39664564292265514,0.0
FetchPickAndPlace-v4,35001,0,random,8,-0.3081511364055895,0.3544204483175463,0.0
FetchPickAndPlace-v4,35001,0,random,16,-0.309064732252506,0.3214915731964898,0.0
FetchPickAndPlace-v4,35001,0,random,32,-0.3106244042953733,0.26527607473213344,0.0
FetchPickAndPlace-v4,35001,0,visual_wam,1,-0.3044341908263342,0.488390887461016,0.0
FetchPickAndPlace-v4,35001,0,visual_wam,2,-0.3007706300746777,0.6204371690820006,0.0
FetchPickAndPlace-v4,35001,0,visual_wam,4,-0.2979742315197941,0.7212281907501182,0.0
FetchPickAndPlace-v4,35001,0,visual_wam,8,-0.2958655757850547,0.7972307925536195,0.0
FetchPickAndPlace-v4,35001,0,visual_wam,16,-0.2940776074301796,0.8616748099786044,0.0
FetchPickAndPlace-v4,35001,0,visual_wam,32,-0.29244299472162083,0.9205914063413068,0.0
FetchPickAndPlace-v4,35001,0,visual_success_head,1,-0.30443419082633427,0.48839088746101583,0.0
FetchPickAndPlace-v4,35001,0,visual_success_head,2,-0.30443419082633427,0.48839088746101583,0.0
FetchPickAndPlace-v4,35001,0,visual_success_head,4,-0.30443419082633427,0.48839088746101583,0.0
FetchPickAndPlace-v4,35001,0,visual_success_head,8,-0.30443419082633427,0.48839088746101583,0.0
FetchPickAndPlace-v4,35001,0,visual_success_head,16,-0.30443419082633427,0.48839088746101583,0.0
FetchPickAndPlace-v4,35001,0,visual_success_head,32,-0.30443419082633427,0.48839088746101583,0.0
FetchPickAndPlace-v4,35001,0,low_energy,1,-0.30443419082633427,0.4883908874610159,0.0
FetchPickAndPlace-v4,35001,0,low_energy,2,-0.3007287037559609,0.621948325812813,0.0
FetchPickAndPlace-v4,35001,0,low_energy,4,-0.29791672780312606,0.7233008060225571,0.0
FetchPickAndPlace-v4,35001,0,low_energy,8,-0.295769684349656,0.8006870222552753,0.0
FetchPickAndPlace-v4,35001,0,low_energy,16,-0.2939448432933818,0.8664600481076135,0.0
FetchPickAndPlace-v4,35001,0,low_energy,32,-0.2923121315445104,0.925308127888977,0.0
FetchPickAndPlace-v4,35001,0,oracle_real_utility,1,-0.30443419082633427,0.4883908874610159,0.0
FetchPickAndPlace-v4,35001,0,oracle_real_utility,2,-0.3007287037559609,0.621948325812813,0.0
FetchPickAndPlace-v4,35001,0,oracle_real_utility,4,-0.29791672780312606,0.7233008060225571,0.0
FetchPickAndPlace-v4,35001,0,oracle_real_utility,8,-0.295769684349656,0.8006870222552753,0.0
FetchPickAndPlace-v4,35001,0,oracle_real_utility,16,-0.2939448432933818,0.8664600481076135,0.0
FetchPickAndPlace-v4,35001,0,oracle_real_utility,32,-0.2923121315445104,0.925308127888977,0.0
FetchPickAndPlace-v4,35001,1,random,1,-0.25257375645163793,0.5127517401165307,0.0
FetchPickAndPlace-v4,35001,1,random,2,-0.2528428943252448,0.5037988949178587,0.0
FetchPickAndPlace-v4,35001,1,random,4,-0.2528334028520949,0.5041146278493841,0.0
FetchPickAndPlace-v4,35001,1,random,8,-0.2534174510985123,0.4846863197162465,0.0
FetchPickAndPlace-v4,35001,1,random,16,-0.254971906108747,0.43297752493227376,0.0
FetchPickAndPlace-v4,35001,1,random,32,-0.25721067313931106,0.3585051573241023,0.0
FetchPickAndPlace-v4,35001,1,visual_wam,1,-0.25257375645163793,0.5127517401165307,0.0
FetchPickAndPlace-v4,35001,1,visual_wam,2,-0.24853776290395146,0.647008673081899,0.0
FetchPickAndPlace-v4,35001,1,visual_wam,4,-0.24540081036768774,0.7513590942113177,0.0
FetchPickAndPlace-v4,35001,1,visual_wam,8,-0.2428817020187489,0.8351569885191137,0.0
FetchPickAndPlace-v4,35001,1,visual_wam,16,-0.2407933523748349,0.9046257363846617,0.0
FetchPickAndPlace-v4,35001,1,visual_wam,32,-0.23926843553462535,0.9553519468145886,0.0
FetchPickAndPlace-v4,35001,1,visual_success_head,1,-0.25257375645163793,0.5127517401165307,0.0
FetchPickAndPlace-v4,35001,1,visual_success_head,2,-0.25257375645163793,0.5127517401165307,0.0
FetchPickAndPlace-v4,35001,1,visual_success_head,4,-0.25257375645163793,0.5127517401165307,0.0
FetchPickAndPlace-v4,35001,1,visual_success_head,8,-0.25257375645163793,0.5127517401165307,0.0
FetchPickAndPlace-v4,35001,1,visual_success_head,16,-0.25257375645163793,0.5127517401165307,0.0
FetchPickAndPlace-v4,35001,1,visual_success_head,32,-0.25257375645163793,0.5127517401165307,0.0
FetchPickAndPlace-v4,35001,1,low_energy,1,-0.25257375645163793,0.5127517401165307,0.0
FetchPickAndPlace-v4,35001,1,low_energy,2,-0.24851522817981817,0.6477582884892609,0.0
FetchPickAndPlace-v4,35001,1,low_energy,4,-0.24534930030734095,0.7530725713607012,0.0
FetchPickAndPlace-v4,35001,1,low_energy,8,-0.2427618629124178,0.8391434247398919,0.0
FetchPickAndPlace-v4,35001,1,low_energy,16,-0.240568241155511,0.9121140392090918,0.0
FetchPickAndPlace-v4,35001,1,low_energy,32,-0.23900885295203267,0.9639869361866851,0.0
FetchPickAndPlace-v4,35001,1,oracle_real_utility,1,-0.25257375645163793,0.5127517401165307,0.0
FetchPickAndPlace-v4,35001,1,oracle_real_utility,2,-0.24851522817981817,0.6477582884892609,0.0
FetchPickAndPlace-v4,35001,1,oracle_real_utility,4,-0.24534930030734095,0.7530725713607012,0.0
FetchPickAndPlace-v4,35001,1,oracle_real_utility,8,-0.2427618629124178,0.8391434247398919,0.0
FetchPickAndPlace-v4,35001,1,oracle_real_utility,16,-0.240568241155511,0.9121140392090918,0.0
FetchPickAndPlace-v4,35001,1,oracle_real_utility,32,-0.23900885295203267,0.9639869361866851,0.0
FetchPickAndPlace-v4,35001,2,random,1,-0.11375460379532763,0.4532681936932352,0.0
FetchPickAndPlace-v4,35001,2,random,2,-0.11321589711257138,0.4653456042225077,0.0
FetchPickAndPlace-v4,35001,2,random,4,-0.11360179897069633,0.4566939663019652,0.0
FetchPickAndPlace-v4,35001,2,random,8,-0.11607151626136007,0.4013247077325837,0.0
FetchPickAndPlace-v4,35001,2,random,16,-0.11910525362233751,0.33331053096565183,0.0
FetchPickAndPlace-v4,35001,2,random,32,-0.11940550918810336,0.3265790203912904,0.0
FetchPickAndPlace-v4,35001,2,visual_wam,1,-0.11375460379532765,0.4532681936932353,0.0
FetchPickAndPlace-v4,35001,2,visual_wam,2,-0.10577090212594445,0.6322569563924989,0.0
FetchPickAndPlace-v4,35001,2,visual_wam,4,-0.09861181467230795,0.7927584704077648,0.0
FetchPickAndPlace-v4,35001,2,visual_wam,8,-0.09389313894782306,0.8985477351473942,0.0
FetchPickAndPlace-v4,35001,2,visual_wam,16,-0.09234945240579637,0.9331560604073995,0.0
FetchPickAndPlace-v4,35001,2,visual_wam,32,-0.09217711243535076,0.9370197967230964,0.0
FetchPickAndPlace-v4,35001,2,visual_success_head,1,-0.11375460379532767,0.45326819369323523,0.0
FetchPickAndPlace-v4,35001,2,visual_success_head,2,-0.11375460379532767,0.45326819369323523,0.0
FetchPickAndPlace-v4,35001,2,visual_success_head,4,-0.11375460379532767,0.45326819369323523,0.0
FetchPickAndPlace-v4,35001,2,visual_success_head,8,-0.11375460379532767,0.45326819369323523,0.0
FetchPickAndPlace-v4,35001,2,visual_success_head,16,-0.11375460379532767,0.45326819369323523,0.0
FetchPickAndPlace-v4,35001,2,visual_success_head,32,-0.11375460379532767,0.45326819369323523,0.0
FetchPickAndPlace-v4,35001,2,low_energy,1,-0.11375460379532767,0.4532681936932353,0.0
FetchPickAndPlace-v4,35001,2,low_energy,2,-0.10571242745836579,0.6335679157485191,0.0
FetchPickAndPlace-v4,35001,2,low_energy,4,-0.0983603340609098,0.7983964821147445,0.0
FetchPickAndPlace-v4,35001,2,low_energy,8,-0.09313836160621117,0.915469292099683,0.0
FetchPickAndPlace-v4,35001,2,low_energy,16,-0.09078117244309883,0.9683157522037198,0.0
FetchPickAndPlace-v4,35001,2,low_energy,32,-0.08997752983154653,0.9863328328325931,0.0
FetchPickAndPlace-v4,35001,2,oracle_real_utility,1,-0.11375460379532767,0.4532681936932353,0.0
FetchPickAndPlace-v4,35001,2,oracle_real_utility,2,-0.10571242745836579,0.6335679157485191,0.0
FetchPickAndPlace-v4,35001,2,oracle_real_utility,4,-0.0983603340609098,0.7983964821147445,0.0
FetchPickAndPlace-v4,35001,2,oracle_real_utility,8,-0.09313836160621117,0.915469292099683,0.0
FetchPickAndPlace-v4,35001,2,oracle_real_utility,16,-0.09078117244309883,0.9683157522037198,0.0
FetchPickAndPlace-v4,35001,2,oracle_real_utility,32,-0.08997752983154653,0.9863328328325931,0.0
FetchPickAndPlace-v4,35002,0,random,1,-0.48293678314555105,0.479425021416006,0.0
FetchPickAndPlace-v4,35002,0,random,2,-0.4812135583006186,0.5324875911017156,0.0
FetchPickAndPlace-v4,35002,0,random,4,-0.4801754083728463,0.564454924354036,0.0
FetchPickAndPlace-v4,35002,0,random,8,-0.4798574147569134,0.5742467738939707,0.0
FetchPickAndPlace-v4,35002,0,random,16,-0.4800662135311291,0.5678173172042669,0.0
FetchPickAndPlace-v4,35002,0,random,32,-0.4810245522854064,0.5383075773227299,0.0
FetchPickAndPlace-v4,35002,0,visual_wam,1,-0.48293678314555094,0.47942502141600607,0.0
FetchPickAndPlace-v4,35002,0,visual_wam,2,-0.4779820130119955,0.6319952656656931,0.0
FetchPickAndPlace-v4,35002,0,visual_wam,4,-0.4736580227740063,0.7651421582481475,0.0
FetchPickAndPlace-v4,35002,0,visual_wam,8,-0.47063612471307825,0.858194250035623,0.0
FetchPickAndPlace-v4,35002,0,visual_wam,16,-0.4687141387728333,0.9173771902010439,0.0
FetchPickAndPlace-v4,35002,0,visual_wam,32,-0.46745746161558727,0.956073544553701,0.0
FetchPickAndPlace-v4,35002,0,visual_success_head,1,-0.482936783145551,0.479425021416006,0.0
FetchPickAndPlace-v4,35002,0,visual_success_head,2,-0.482936783145551,0.479425021416006,0.0
FetchPickAndPlace-v4,35002,0,visual_success_head,4,-0.482936783145551,0.479425021416006,0.0
FetchPickAndPlace-v4,35002,0,visual_success_head,8,-0.482936783145551,0.479425021416006,0.0
FetchPickAndPlace-v4,35002,0,visual_success_head,16,-0.482936783145551,0.479425021416006,0.0
FetchPickAndPlace-v4,35002,0,visual_success_head,32,-0.482936783145551,0.479425021416006,0.0
FetchPickAndPlace-v4,35002,0,low_energy,1,-0.482936783145551,0.47942502141600607,0.0
FetchPickAndPlace-v4,35002,0,low_energy,2,-0.4778777819503199,0.6352048108331978,0.0
FetchPickAndPlace-v4,35002,0,low_energy,4,-0.4735974046790921,0.7670087468683495,0.0
FetchPickAndPlace-v4,35002,0,low_energy,8,-0.4705764950449771,0.8600304024264483,0.0
FetchPickAndPlace-v4,35002,0,low_energy,16,-0.4686341062183119,0.9198416004687482,0.0
FetchPickAndPlace-v4,35002,0,low_energy,32,-0.46736905765101605,0.9587957322846568,0.0
FetchPickAndPlace-v4,35002,0,oracle_real_utility,1,-0.482936783145551,0.47942502141600607,0.0
FetchPickAndPlace-v4,35002,0,oracle_real_utility,2,-0.4778777819503199,0.6352048108331978,0.0
FetchPickAndPlace-v4,35002,0,oracle_real_utility,4,-0.4735974046790921,0.7670087468683495,0.0
FetchPickAndPlace-v4,35002,0,oracle_real_utility,8,-0.4705764950449771,0.8600304024264483,0.0
FetchPickAndPlace-v4,35002,0,oracle_real_utility,16,-0.4686341062183119,0.9198416004687482,0.0
FetchPickAndPlace-v4,35002,0,oracle_real_utility,32,-0.46736905765101605,0.9587957322846568,0.0
FetchPickAndPlace-v4,35002,1,random,1,-0.08143770158350787,0.5749267993506438,0.0
FetchPickAndPlace-v4,35002,1,random,2,-0.08225699834942639,0.5610479646718812,0.0
FetchPickAndPlace-v4,35002,1,random,4,-0.0835565100051827,0.5390343205521624,0.0
FetchPickAndPlace-v4,35002,1,random,8,-0.08408881247098793,0.5300171509143379,0.0
FetchPickAndPlace-v4,35002,1,random,16,-0.08398711487866106,0.5317399016071838,0.0
FetchPickAndPlace-v4,35002,1,random,32,-0.08545865171598355,0.5068121619425325,0.0
FetchPickAndPlace-v4,35002,1,visual_wam,1,-0.0814377015835079,0.5749267993506437,0.0
FetchPickAndPlace-v4,35002,1,visual_wam,2,-0.07269322812996085,0.7230576189304636,0.0
FetchPickAndPlace-v4,35002,1,visual_wam,4,-0.06499586366007529,0.8534504794709943,0.0
FetchPickAndPlace-v4,35002,1,visual_wam,8,-0.05981190663202786,0.9412663791144142,0.0
FetchPickAndPlace-v4,35002,1,visual_wam,16,-0.058051402689831624,0.9710892030061433,0.0
FetchPickAndPlace-v4,35002,1,visual_wam,32,-0.05764732736809863,0.9779342130457136,0.0
FetchPickAndPlace-v4,35002,1,visual_success_head,1,-0.08143770158350785,0.5749267993506437,0.0
FetchPickAndPlace-v4,35002,1,visual_success_head,2,-0.08143770158350785,0.5749267993506437,0.0
FetchPickAndPlace-v4,35002,1,visual_success_head,4,-0.08143770158350785,0.5749267993506437,0.0
FetchPickAndPlace-v4,35002,1,visual_success_head,8,-0.08143770158350785,0.5749267993506437,0.0
FetchPickAndPlace-v4,35002,1,visual_success_head,16,-0.08143770158350785,0.5749267993506437,0.0
FetchPickAndPlace-v4,35002,1,visual_success_head,32,-0.08143770158350785,0.5749267993506437,0.0
FetchPickAndPlace-v4,35002,1,low_energy,1,-0.08143770158350788,0.5749267993506436,0.0
FetchPickAndPlace-v4,35002,1,low_energy,2,-0.07262455925063431,0.7242208653429895,0.0
FetchPickAndPlace-v4,35002,1,low_energy,4,-0.06473248823812118,0.8579120422304329,0.0
FetchPickAndPlace-v4,35002,1,low_energy,8,-0.059147618218490086,0.9525193822434721,0.0
FetchPickAndPlace-v4,35002,1,low_energy,16,-0.0569649093530107,0.9894943304625041,0.0
FetchPickAndPlace-v4,35002,1,low_energy,32,-0.05656626530862406,0.996247335012098,0.0
FetchPickAndPlace-v4,35002,1,oracle_real_utility,1,-0.08143770158350788,0.5749267993506436,0.0
FetchPickAndPlace-v4,35002,1,oracle_real_utility,2,-0.07262455925063431,0.7242208653429895,0.0
FetchPickAndPlace-v4,35002,1,oracle_real_utility,4,-0.06473248823812118,0.8579120422304329,0.0
FetchPickAndPlace-v4,35002,1,oracle_real_utility,8,-0.059147618218490086,0.9525193822434721,0.0
FetchPickAndPlace-v4,35002,1,oracle_real_utility,16,-0.0569649093530107,0.9894943304625041,0.0
FetchPickAndPlace-v4,35002,1,oracle_real_utility,32,-0.05656626530862406,0.996247335012098,0.0
FetchPickAndPlace-v4,35002,2,random,1,-0.3122105577456682,0.46809415051075687,0.0
FetchPickAndPlace-v4,35002,2,random,2,-0.31257332358021234,0.45584366050643776,0.0
FetchPickAndPlace-v4,35002,2,random,4,-0.3132750469998783,0.432146677715266,0.0
FetchPickAndPlace-v4,35002,2,random,8,-0.3148542216870735,0.37881843707519886,0.0
FetchPickAndPlace-v4,35002,2,random,16,-0.3170830654912229,0.30355107134259013,0.0
FetchPickAndPlace-v4,35002,2,random,32,-0.31815885459490534,0.2672220061262318,0.0
FetchPickAndPlace-v4,35002,2,visual_wam,1,-0.3122105577456683,0.4680941505107567,0.0
FetchPickAndPlace-v4,35002,2,visual_wam,2,-0.30818951497469455,0.6038835209035549,0.0
FetchPickAndPlace-v4,35002,2,visual_wam,4,-0.3046632838008707,0.7229632567396044,0.0
FetchPickAndPlace-v4,35002,2,visual_wam,8,-0.30175176856960245,0.82128422536915,0.0
FetchPickAndPlace-v4,35002,2,visual_wam,16,-0.2994886886950485,0.8977077326077643,0.0
FetchPickAndPlace-v4,35002,2,visual_wam,32,-0.2977678614608168,0.9558195359384533,0.0
FetchPickAndPlace-v4,35002,2,visual_success_head,1,-0.31221055774566825,0.46809415051075665,0.0
FetchPickAndPlace-v4,35002,2,visual_success_head,2,-0.31221055774566825,0.46809415051075665,0.0
FetchPickAndPlace-v4,35002,2,visual_success_head,4,-0.31221055774566825,0.46809415051075665,0.0
FetchPickAndPlace-v4,35002,2,visual_success_head,8,-0.31221055774566825,0.46809415051075665,0.0
FetchPickAndPlace-v4,35002,2,visual_success_head,16,-0.31221055774566825,0.46809415051075665,0.0
FetchPickAndPlace-v4,35002,2,visual_success_head,32,-0.31221055774566825,0.46809415051075665,0.0
FetchPickAndPlace-v4,35002,2,low_energy,1,-0.31221055774566836,0.46809415051075676,0.0
FetchPickAndPlace-v4,35002,2,low_energy,2,-0.30816879703666933,0.6045831592611951,0.0
FetchPickAndPlace-v4,35002,2,low_energy,4,-0.304625480639888,0.7242398577908925,0.0
FetchPickAndPlace-v4,35002,2,low_energy,8,-0.3016802271575233,0.8237001567224211,0.0
FetchPickAndPlace-v4,35002,2,low_energy,16,-0.2994096973033747,0.9003752474671616,0.0
FetchPickAndPlace-v4,35002,2,low_energy,32,-0.2977418643375498,0.9566974507484949,0.0
FetchPickAndPlace-v4,35002,2,oracle_real_utility,1,-0.31221055774566836,0.46809415051075676,0.0
FetchPickAndPlace-v4,35002,2,oracle_real_utility,2,-0.30816879703666933,0.6045831592611951,0.0
FetchPickAndPlace-v4,35002,2,oracle_real_utility,4,-0.304625480639888,0.7242398577908925,0.0
FetchPickAndPlace-v4,35002,2,oracle_real_utility,8,-0.3016802271575233,0.8237001567224211,0.0
FetchPickAndPlace-v4,35002,2,oracle_real_utility,16,-0.2994096973033747,0.9003752474671616,0.0
FetchPickAndPlace-v4,35002,2,oracle_real_utility,32,-0.2977418643375498,0.9566974507484949,0.0
FetchPickAndPlace-v4,35003,0,random,1,-0.4924136801012799,0.6193874620808157,0.0
FetchPickAndPlace-v4,35003,0,random,2,-0.4912842164566447,0.6367802914793315,0.0
FetchPickAndPlace-v4,35003,0,random,4,-0.48962487408191135,0.6623328260602805,0.0
FetchPickAndPlace-v4,35003,0,random,8,-0.4889929048126922,0.6720646432257493,0.0
FetchPickAndPlace-v4,35003,0,random,16,-0.4896005963960795,0.6627066828460824,0.0
FetchPickAndPlace-v4,35003,0,random,32,-0.4890558181513158,0.6710958285403268,0.0
FetchPickAndPlace-v4,35003,0,visual_wam,1,-0.49241368010127995,0.6193874620808156,0.0
FetchPickAndPlace-v4,35003,0,visual_wam,2,-0.48160594852714433,0.7858178136434867,0.0
FetchPickAndPlace-v4,35003,0,visual_wam,4,-0.4754643303370583,0.8803937815538924,0.0
FetchPickAndPlace-v4,35003,0,visual_wam,8,-0.4720883862493109,0.9323805983549612,0.0
FetchPickAndPlace-v4,35003,0,visual_wam,16,-0.46986834459043936,0.9665674497987913,0.0
FetchPickAndPlace-v4,35003,0,visual_wam,32,-0.46854145385434076,0.9870004972129797,0.0
FetchPickAndPlace-v4,35003,0,visual_success_head,1,-0.4924136801012799,0.6193874620808157,0.0
FetchPickAndPlace-v4,35003,0,visual_success_head,2,-0.4924136801012799,0.6193874620808157,0.0
FetchPickAndPlace-v4,35003,0,visual_success_head,4,-0.4924136801012799,0.6193874620808157,0.0
FetchPickAndPlace-v4,35003,0,visual_success_head,8,-0.4924136801012799,0.6193874620808157,0.0
FetchPickAndPlace-v4,35003,0,visual_success_head,16,-0.4924136801012799,0.6193874620808157,0.0
FetchPickAndPlace-v4,35003,0,visual_success_head,32,-0.4924136801012799,0.6193874620808157,0.0
FetchPickAndPlace-v4,35003,0,low_energy,1,-0.49241368010127995,0.6193874620808157,0.0
FetchPickAndPlace-v4,35003,0,low_energy,2,-0.4815730336591405,0.786324676070253,0.0
FetchPickAndPlace-v4,35003,0,low_energy,4,-0.47542643752384556,0.8809773003229721,0.0
FetchPickAndPlace-v4,35003,0,low_energy,8,-0.4720456697611821,0.933038397828239,0.0
FetchPickAndPlace-v4,35003,0,low_energy,16,-0.46984283214388556,0.9669603209040778,0.0
FetchPickAndPlace-v4,35003,0,low_energy,32,-0.46853577794812934,0.98708790159194,0.0
FetchPickAndPlace-v4,35003,0,oracle_real_utility,1,-0.49241368010127995,0.6193874620808157,0.0
FetchPickAndPlace-v4,35003,0,oracle_real_utility,2,-0.4815730336591405,0.786324676070253,0.0
FetchPickAndPlace-v4,35003,0,oracle_real_utility,4,-0.47542643752384556,0.8809773003229721,0.0
FetchPickAndPlace-v4,35003,0,oracle_real_utility,8,-0.4720456697611821,0.933038397828239,0.0
FetchPickAndPlace-v4,35003,0,oracle_real_utility,16,-0.46984283214388556,0.9669603209040778,0.0
FetchPickAndPlace-v4,35003,0,oracle_real_utility,32,-0.46853577794812934,0.98708790159194,0.0
FetchPickAndPlace-v4,35003,1,random,1,-0.38617283530947905,0.6094666343810278,0.0
FetchPickAndPlace-v4,35003,1,random,2,-0.3868476499134646,0.5963644135194919,0.0
FetchPickAndPlace-v4,35003,1,random,4,-0.38736420476086936,0.5863349689019307,0.0
FetchPickAndPlace-v4,35003,1,random,8,-0.386904388653438,0.5952627724196307,0.0
FetchPickAndPlace-v4,35003,1,random,16,-0.3845123488452068,0.6417066900407477,0.0
FetchPickAndPlace-v4,35003,1,random,32,-0.3820126110624492,0.6902416748086768,0.0
FetchPickAndPlace-v4,35003,1,visual_wam,1,-0.386172835309479,0.6094666343810277,0.0
FetchPickAndPlace-v4,35003,1,visual_wam,2,-0.37874103178156415,0.7537627575638756,0.0
FetchPickAndPlace-v4,35003,1,visual_wam,4,-0.37450917825373514,0.8359285542846462,0.0
FetchPickAndPlace-v4,35003,1,visual_wam,8,-0.37179157091843684,0.8886937009067117,0.0
FetchPickAndPlace-v4,35003,1,visual_wam,16,-0.36947179609027997,0.9337345194782568,0.0
FetchPickAndPlace-v4,35003,1,visual_wam,32,-0.3676615103302548,0.9688830828173666,0.0
FetchPickAndPlace-v4,35003,1,visual_success_head,1,-0.38617283530947905,0.6094666343810278,0.0
FetchPickAndPlace-v4,35003,1,visual_success_head,2,-0.38617283530947905,0.6094666343810278,0.0
FetchPickAndPlace-v4,35003,1,visual_success_head,4,-0.38617283530947905,0.6094666343810278,0.0
FetchPickAndPlace-v4,35003,1,visual_success_head,8,-0.38617283530947905,0.6094666343810278,0.0
FetchPickAndPlace-v4,35003,1,visual_success_head,16,-0.38617283530947905,0.6094666343810278,0.0
FetchPickAndPlace-v4,35003,1,visual_success_head,32,-0.38617283530947905,0.6094666343810278,0.0
FetchPickAndPlace-v4,35003,1,low_energy,1,-0.386172835309479,0.6094666343810277,0.0
FetchPickAndPlace-v4,35003,1,low_energy,2,-0.37865459216478137,0.7554410717906052,0.0
FetchPickAndPlace-v4,35003,1,low_energy,4,-0.3744840132372998,0.8364171590086285,0.0
FetchPickAndPlace-v4,35003,1,low_energy,8,-0.3717706424387821,0.8891000489037953,0.0
FetchPickAndPlace-v4,35003,1,low_energy,16,-0.3694538785046758,0.9340824078649405,0.0
FetchPickAndPlace-v4,35003,1,low_energy,32,-0.36765706748678767,0.9689693452011614,0.0
FetchPickAndPlace-v4,35003,1,oracle_real_utility,1,-0.386172835309479,0.6094666343810277,0.0
FetchPickAndPlace-v4,35003,1,oracle_real_utility,2,-0.37865459216478137,0.7554410717906052,0.0
FetchPickAndPlace-v4,35003,1,oracle_real_utility,4,-0.3744840132372998,0.8364171590086285,0.0
FetchPickAndPlace-v4,35003,1,oracle_real_utility,8,-0.3717706424387821,0.8891000489037953,0.0
FetchPickAndPlace-v4,35003,1,oracle_real_utility,16,-0.3694538785046758,0.9340824078649405,0.0
FetchPickAndPlace-v4,35003,1,oracle_real_utility,32,-0.36765706748678767,0.9689693452011614,0.0
FetchPickAndPlace-v4,35003,2,random,1,-0.24947212542366687,0.5408250330799532,0.0
FetchPickAndPlace-v4,35003,2,random,2,-0.2500785774367989,0.5205841293413743,0.0
FetchPickAndPlace-v4,35003,2,random,4,-0.2512630216283441,0.4810521954939415,0.0
FetchPickAndPlace-v4,35003,2,random,8,-0.25291334194823323,0.4259712096791264,0.0
FetchPickAndPlace-v4,35003,2,random,16,-0.2554996593132496,0.3396504461411488,0.0
FetchPickAndPlace-v4,35003,2,random,32,-0.2596349925419916,0.20162982786071426,0.0
FetchPickAndPlace-v4,35003,2,visual_wam,1,-0.24947212542366687,0.5408250330799533,0.0
FetchPickAndPlace-v4,35003,2,visual_wam,2,-0.24568684756517295,0.6671622256334758,0.0
FetchPickAndPlace-v4,35003,2,visual_wam,4,-0.24263679901229546,0.7689604517419816,0.0
FetchPickAndPlace-v4,35003,2,visual_wam,8,-0.240072091345976,0.8545599713535265,0.0
FetchPickAndPlace-v4,35003,2,visual_wam,16,-0.23811942274547634,0.9197321141120778,0.0
FetchPickAndPlace-v4,35003,2,visual_wam,32,-0.2374046140511165,0.9435895235372864,0.0
FetchPickAndPlace-v4,35003,2,visual_success_head,1,-0.24947212542366684,0.5408250330799533,0.0
FetchPickAndPlace-v4,35003,2,visual_success_head,2,-0.24947212542366684,0.5408250330799533,0.0
FetchPickAndPlace-v4,35003,2,visual_success_head,4,-0.24947212542366684,0.5408250330799533,0.0
FetchPickAndPlace-v4,35003,2,visual_success_head,8,-0.24947212542366684,0.5408250330799533,0.0
FetchPickAndPlace-v4,35003,2,visual_success_head,16,-0.24947212542366684,0.5408250330799533,0.0
FetchPickAndPlace-v4,35003,2,visual_success_head,32,-0.24947212542366684,0.5408250330799533,0.0
FetchPickAndPlace-v4,35003,2,low_energy,1,-0.2494721254236669,0.5408250330799533,0.0
FetchPickAndPlace-v4,35003,2,low_energy,2,-0.2455635480348171,0.6712774629002399,0.0
FetchPickAndPlace-v4,35003,2,low_energy,4,-0.24240022682740126,0.7768562699072765,0.0
FetchPickAndPlace-v4,35003,2,low_energy,8,-0.23971189489584,0.8665818651164425,0.0
FetchPickAndPlace-v4,35003,2,low_energy,16,-0.23758919261871503,0.9374290410290831,0.0
FetchPickAndPlace-v4,35003,2,low_energy,32,-0.23632912357307784,0.9794850251868059,0.0
FetchPickAndPlace-v4,35003,2,oracle_real_utility,1,-0.2494721254236669,0.5408250330799533,0.0
FetchPickAndPlace-v4,35003,2,oracle_real_utility,2,-0.2455635480348171,0.6712774629002399,0.0
FetchPickAndPlace-v4,35003,2,oracle_real_utility,4,-0.24240022682740126,0.7768562699072765,0.0
FetchPickAndPlace-v4,35003,2,oracle_real_utility,8,-0.23971189489584,0.8665818651164425,0.0
FetchPickAndPlace-v4,35003,2,oracle_real_utility,16,-0.23758919261871503,0.9374290410290831,0.0
FetchPickAndPlace-v4,35003,2,oracle_real_utility,32,-0.23632912357307784,0.9794850251868059,0.0
FetchPickAndPlace-v4,35004,0,random,1,-0.12851429093370634,0.4434706803125779,0.0
FetchPickAndPlace-v4,35004,0,random,2,-0.12599240851697613,0.4998681465933855,0.0
FetchPickAndPlace-v4,35004,0,random,4,-0.12086547425888192,0.6145230171085966,0.0
FetchPickAndPlace-v4,35004,0,random,8,-0.11492191816661594,0.7474401991619429,0.0
FetchPickAndPlace-v4,35004,0,random,16,-0.11040916284106542,0.8483600376991655,0.0
FetchPickAndPlace-v4,35004,0,random,32,-0.10833206585143995,0.8948106599237555,0.0
FetchPickAndPlace-v4,35004,0,visual_wam,1,-0.12851429093370628,0.44347068031257797,0.0
FetchPickAndPlace-v4,35004,0,visual_wam,2,-0.12079565244427276,0.6160844592317347,0.0
FetchPickAndPlace-v4,35004,0,visual_wam,4,-0.11339777924657489,0.7815248863702127,0.0
FetchPickAndPlace-v4,35004,0,visual_wam,8,-0.10840715112704145,0.8931315097497319,0.0
FetchPickAndPlace-v4,35004,0,visual_wam,16,-0.1070844894973663,0.9227105115959957,0.0
FetchPickAndPlace-v4,35004,0,visual_wam,32,-0.10773353363987599,0.9081957804970702,0.0
FetchPickAndPlace-v4,35004,0,visual_success_head,1,-0.1285142909337063,0.44347068031257775,0.0
FetchPickAndPlace-v4,35004,0,visual_success_head,2,-0.1285142909337063,0.44347068031257775,0.0
FetchPickAndPlace-v4,35004,0,visual_success_head,4,-0.1285142909337063,0.44347068031257775,0.0
FetchPickAndPlace-v4,35004,0,visual_success_head,8,-0.1285142909337063,0.44347068031257775,0.0
FetchPickAndPlace-v4,35004,0,visual_success_head,16,-0.1285142909337063,0.44347068031257775,0.0
FetchPickAndPlace-v4,35004,0,visual_success_head,32,-0.1285142909337063,0.44347068031257775,0.0
FetchPickAndPlace-v4,35004,0,low_energy,1,-0.12851429093370628,0.4434706803125779,0.0
FetchPickAndPlace-v4,35004,0,low_energy,2,-0.12071605278006721,0.6178645657696983,0.0
FetchPickAndPlace-v4,35004,0,low_energy,4,-0.11305689693000145,0.7891481200416692,0.0
FetchPickAndPlace-v4,35004,0,low_energy,8,-0.1074082382025686,0.9154704410185668,0.0
FetchPickAndPlace-v4,35004,0,low_energy,16,-0.10496150054319003,0.9701874269205903,0.0
FetchPickAndPlace-v4,35004,0,low_energy,32,-0.10422907588218021,0.9865668167162855,0.0
FetchPickAndPlace-v4,35004,0,oracle_real_utility,1,-0.12851429093370628,0.4434706803125779,0.0
FetchPickAndPlace-v4,35004,0,oracle_real_utility,2,-0.12071605278006721,0.6178645657696983,0.0
FetchPickAndPlace-v4,35004,0,oracle_real_utility,4,-0.11305689693000145,0.7891481200416692,0.0
FetchPickAndPlace-v4,35004,0,oracle_real_utility,8,-0.1074082382025686,0.9154704410185668,0.0
FetchPickAndPlace-v4,35004,0,oracle_real_utility,16,-0.10496150054319003,0.9701874269205903,0.0
FetchPickAndPlace-v4,35004,0,oracle_real_utility,32,-0.10422907588218021,0.9865668167162855,0.0
FetchPickAndPlace-v4,35004,1,random,1,-0.17903669423648955,0.6093390019292165,0.0
FetchPickAndPlace-v4,35004,1,random,2,-0.18239910082058863,0.5441568198927466,0.0
FetchPickAndPlace-v4,35004,1,random,4,-0.18424289712659633,0.508413769952056,0.0
FetchPickAndPlace-v4,35004,1,random,8,-0.1838486727499975,0.5160560358220422,0.0
FetchPickAndPlace-v4,35004,1,random,16,-0.1799585760523974,0.5914677936628556,0.0
FetchPickAndPlace-v4,35004,1,random,32,-0.17325436765494234,0.7214327224254555,0.0
FetchPickAndPlace-v4,35004,1,visual_wam,1,-0.17903669423648957,0.6093390019292166,0.0
FetchPickAndPlace-v4,35004,1,visual_wam,2,-0.17207479383598182,0.7442994381155039,0.0
FetchPickAndPlace-v4,35004,1,visual_wam,4,-0.16634716127617225,0.8553328835997724,0.0
FetchPickAndPlace-v4,35004,1,visual_wam,8,-0.162252227352013,0.9347155286772945,0.0
FetchPickAndPlace-v4,35004,1,visual_wam,16,-0.16019714345601518,0.9745545098530453,0.0
FetchPickAndPlace-v4,35004,1,visual_wam,32,-0.1594332079254599,0.9893638386987186,0.0
FetchPickAndPlace-v4,35004,1,visual_success_head,1,-0.17903669423648952,0.6093390019292165,0.0
FetchPickAndPlace-v4,35004,1,visual_success_head,2,-0.17903669423648952,0.6093390019292165,0.0
FetchPickAndPlace-v4,35004,1,visual_success_head,4,-0.17903669423648952,0.6093390019292165,0.0
FetchPickAndPlace-v4,35004,1,visual_success_head,8,-0.17903669423648952,0.6093390019292165,0.0
FetchPickAndPlace-v4,35004,1,visual_success_head,16,-0.17903669423648952,0.6093390019292165,0.0
FetchPickAndPlace-v4,35004,1,visual_success_head,32,-0.17903669423648952,0.6093390019292165,0.0
FetchPickAndPlace-v4,35004,1,low_energy,1,-0.1790366942364895,0.6093390019292164,0.0
FetchPickAndPlace-v4,35004,1,low_energy,2,-0.17204850830431986,0.7448089982376549,0.0
FetchPickAndPlace-v4,35004,1,low_energy,4,-0.16628698936192507,0.8564993507029748,0.0
FetchPickAndPlace-v4,35004,1,low_energy,8,-0.16212553569792193,0.9371715191272647,0.0
FetchPickAndPlace-v4,35004,1,low_energy,16,-0.15998703664213682,0.9786275510652791,0.0
FetchPickAndPlace-v4,35004,1,low_energy,32,-0.15922374861294805,0.9934243277252228,0.0
FetchPickAndPlace-v4,35004,1,oracle_real_utility,1,-0.1790366942364895,0.6093390019292164,0.0
FetchPickAndPlace-v4,35004,1,oracle_real_utility,2,-0.17204850830431986,0.7448089982376549,0.0
FetchPickAndPlace-v4,35004,1,oracle_real_utility,4,-0.16628698936192507,0.8564993507029748,0.0
FetchPickAndPlace-v4,35004,1,oracle_real_utility,8,-0.16212553569792193,0.9371715191272647,0.0
FetchPickAndPlace-v4,35004,1,oracle_real_utility,16,-0.15998703664213682,0.9786275510652791,0.0
FetchPickAndPlace-v4,35004,1,oracle_real_utility,32,-0.15922374861294805,0.9934243277252228,0.0
FetchPickAndPlace-v4,35004,2,random,1,-0.3607606307789586,0.5862436801849787,0.0
FetchPickAndPlace-v4,35004,2,random,2,-0.36252250199010094,0.5482700624367985,0.0
FetchPickAndPlace-v4,35004,2,random,4,-0.36421945198282185,0.5116956919868816,0.0
FetchPickAndPlace-v4,35004,2,random,8,-0.3640693149989999,0.5149315950412385,0.0
FetchPickAndPlace-v4,35004,2,random,16,-0.36120054731163687,0.5767621572749155,0.0
FetchPickAndPlace-v4,35004,2,random,32,-0.3555566102520732,0.698405956855308,0.0
FetchPickAndPlace-v4,35004,2,visual_wam,1,-0.3607606307789586,0.5862436801849787,0.0
FetchPickAndPlace-v4,35004,2,visual_wam,2,-0.35305710426271475,0.7522778201327873,0.0
FetchPickAndPlace-v4,35004,2,visual_wam,4,-0.34794996252912547,0.8623520677569146,0.0
FetchPickAndPlace-v4,35004,2,visual_wam,8,-0.34498681211351556,0.9262168613361104,0.0
FetchPickAndPlace-v4,35004,2,visual_wam,16,-0.3431220741644508,0.966407566326632,0.0
FetchPickAndPlace-v4,35004,2,visual_wam,32,-0.3420702100301012,0.9890783985124378,0.0
FetchPickAndPlace-v4,35004,2,visual_success_head,1,-0.36076063077895865,0.5862436801849789,0.0
FetchPickAndPlace-v4,35004,2,visual_success_head,2,-0.36076063077895865,0.5862436801849789,0.0
FetchPickAndPlace-v4,35004,2,visual_success_head,4,-0.36076063077895865,0.5862436801849789,0.0
FetchPickAndPlace-v4,35004,2,visual_success_head,8,-0.36076063077895865,0.5862436801849789,0.0
FetchPickAndPlace-v4,35004,2,visual_success_head,16,-0.36076063077895865,0.5862436801849789,0.0
FetchPickAndPlace-v4,35004,2,visual_success_head,32,-0.36076063077895865,0.5862436801849789,0.0
FetchPickAndPlace-v4,35004,2,low_energy,1,-0.3607606307789586,0.5862436801849789,0.0
FetchPickAndPlace-v4,35004,2,low_energy,2,-0.35303243315406624,0.752809556642992,0.0
FetchPickAndPlace-v4,35004,2,low_energy,4,-0.34792713619082294,0.8628440439239636,0.0
FetchPickAndPlace-v4,35004,2,low_energy,8,-0.3449684584878553,0.9266124371084543,0.0
FetchPickAndPlace-v4,35004,2,low_energy,16,-0.3431145858128597,0.9665689628004974,0.0
FetchPickAndPlace-v4,35004,2,low_energy,32,-0.34206919378033385,0.9891003017480192,0.0
FetchPickAndPlace-v4,35004,2,oracle_real_utility,1,-0.3607606307789586,0.5862436801849789,0.0
FetchPickAndPlace-v4,35004,2,oracle_real_utility,2,-0.35303243315406624,0.752809556642992,0.0
FetchPickAndPlace-v4,35004,2,oracle_real_utility,4,-0.34792713619082294,0.8628440439239636,0.0
FetchPickAndPlace-v4,35004,2,oracle_real_utility,8,-0.3449684584878553,0.9266124371084543,0.0
FetchPickAndPlace-v4,35004,2,oracle_real_utility,16,-0.3431145858128597,0.9665689628004974,0.0
FetchPickAndPlace-v4,35004,2,oracle_real_utility,32,-0.34206919378033385,0.9891003017480192,0.0
FetchPickAndPlace-v4,35005,0,random,1,-0.27579144201845734,0.4871066099581288,0.0
FetchPickAndPlace-v4,35005,0,random,2,-0.27643942873500943,0.4681164647828728,0.0
FetchPickAndPlace-v4,35005,0,random,4,-0.2763076512748551,0.4719783851513517,0.0
FetchPickAndPlace-v4,35005,0,random,8,-0.27539265291824255,0.49879367500736654,0.0
FetchPickAndPlace-v4,35005,0,random,16,-0.27398534326950713,0.5400368268395888,0.0
FetchPickAndPlace-v4,35005,0,random,32,-0.27045653928377167,0.6434532986165115,0.0
FetchPickAndPlace-v4,35005,0,visual_wam,1,-0.27579144201845734,0.48710660995812893,0.0
FetchPickAndPlace-v4,35005,0,visual_wam,2,-0.2712981428835261,0.618788943420477,0.0
FetchPickAndPlace-v4,35005,0,visual_wam,4,-0.267195354830243,0.739026810594226,0.0
FetchPickAndPlace-v4,35005,0,visual_wam,8,-0.2637471149628827,0.8400822396757033,0.0
FetchPickAndPlace-v4,35005,0,visual_wam,16,-0.2611383819919153,0.9165347603473362,0.0
FetchPickAndPlace-v4,35005,0,visual_wam,32,-0.2594811178641757,0.9651031732107582,0.0
FetchPickAndPlace-v4,35005,0,visual_success_head,1,-0.2757914420184573,0.4871066099581289,0.0
FetchPickAndPlace-v4,35005,0,visual_success_head,2,-0.2757914420184573,0.4871066099581289,0.0
FetchPickAndPlace-v4,35005,0,visual_success_head,4,-0.2757914420184573,0.4871066099581289,0.0
FetchPickAndPlace-v4,35005,0,visual_success_head,8,-0.2757914420184573,0.4871066099581289,0.0
FetchPickAndPlace-v4,35005,0,visual_success_head,16,-0.2757914420184573,0.4871066099581289,0.0
FetchPickAndPlace-v4,35005,0,visual_success_head,32,-0.2757914420184573,0.4871066099581289,0.0
FetchPickAndPlace-v4,35005,0,low_energy,1,-0.27579144201845723,0.48710660995812893,0.0
FetchPickAndPlace-v4,35005,0,low_energy,2,-0.2709309909417609,0.6295488378710884,0.0
FetchPickAndPlace-v4,35005,0,low_energy,4,-0.26674822852220437,0.7521304642408766,0.0
FetchPickAndPlace-v4,35005,0,low_energy,8,-0.2633213264496834,0.8525605597910203,0.0
FetchPickAndPlace-v4,35005,0,low_energy,16,-0.26064376591116206,0.9310301673357656,0.0
FetchPickAndPlace-v4,35005,0,low_energy,32,-0.25895453978600536,0.9805352706521527,0.0
FetchPickAndPlace-v4,35005,0,oracle_real_utility,1,-0.27579144201845723,0.48710660995812893,0.0
FetchPickAndPlace-v4,35005,0,oracle_real_utility,2,-0.2709309909417609,0.6295488378710884,0.0
FetchPickAndPlace-v4,35005,0,oracle_real_utility,4,-0.26674822852220437,0.7521304642408766,0.0
FetchPickAndPlace-v4,35005,0,oracle_real_utility,8,-0.2633213264496834,0.8525605597910203,0.0
FetchPickAndPlace-v4,35005,0,oracle_real_utility,16,-0.26064376591116206,0.9310301673357656,0.0
FetchPickAndPlace-v4,35005,0,oracle_real_utility,32,-0.25895453978600536,0.9805352706521527,0.0
FetchPickAndPlace-v4,35005,1,random,1,-0.5368150037721408,0.5306473243729727,0.0
FetchPickAndPlace-v4,35005,1,random,2,-0.5375133076707579,0.5204079611485666,0.0
FetchPickAndPlace-v4,35005,1,random,4,-0.537405175657265,0.521993521482017,0.0
FetchPickAndPlace-v4,35005,1,random,8,-0.5367574256665373,0.5314916031149551,0.0
FetchPickAndPlace-v4,35005,1,random,16,-0.5343422425330537,0.5669058939504578,0.0
FetchPickAndPlace-v4,35005,1,random,32,-0.5305629945184496,0.6223217282502103,0.0
FetchPickAndPlace-v4,35005,1,visual_wam,1,-0.5368150037721406,0.530647324372973,0.0
FetchPickAndPlace-v4,35005,1,visual_wam,2,-0.5267706671703795,0.6779293473106636,0.0
FetchPickAndPlace-v4,35005,1,visual_wam,4,-0.5202354201764091,0.7737569201839818,0.0
FetchPickAndPlace-v4,35005,1,visual_wam,8,-0.5157575630412385,0.8394165932357827,0.0
FetchPickAndPlace-v4,35005,1,visual_wam,16,-0.5119104042413494,0.8958282163300204,0.0
FetchPickAndPlace-v4,35005,1,visual_wam,32,-0.5085677235570429,0.9448425806169629,0.0
FetchPickAndPlace-v4,35005,1,visual_success_head,1,-0.5368150037721406,0.5306473243729729,0.0
FetchPickAndPlace-v4,35005,1,visual_success_head,2,-0.5368150037721406,0.5306473243729729,0.0
FetchPickAndPlace-v4,35005,1,visual_success_head,4,-0.5368150037721406,0.5306473243729729,0.0
FetchPickAndPlace-v4,35005,1,visual_success_head,8,-0.5368150037721406,0.5306473243729729,0.0
FetchPickAndPlace-v4,35005,1,visual_success_head,16,-0.5368150037721406,0.5306473243729729,0.0
FetchPickAndPlace-v4,35005,1,visual_success_head,32,-0.5368150037721406,0.5306473243729729,0.0
FetchPickAndPlace-v4,35005,1,low_energy,1,-0.5368150037721406,0.5306473243729729,0.0
FetchPickAndPlace-v4,35005,1,low_energy,2,-0.526740979568382,0.6783646622798553,0.0
FetchPickAndPlace-v4,35005,1,low_energy,4,-0.5202090810994515,0.7741431350919872,0.0
FetchPickAndPlace-v4,35005,1,low_energy,8,-0.5157243759317819,0.8399032221501681,0.0
FetchPickAndPlace-v4,35005,1,low_energy,16,-0.5118744209377751,0.8963558463719563,0.0
FetchPickAndPlace-v4,35005,1,low_energy,32,-0.5085340112253063,0.9453369109657941,0.0
FetchPickAndPlace-v4,35005,1,oracle_real_utility,1,-0.5368150037721406,0.5306473243729729,0.0
FetchPickAndPlace-v4,35005,1,oracle_real_utility,2,-0.526740979568382,0.6783646622798553,0.0
FetchPickAndPlace-v4,35005,1,oracle_real_utility,4,-0.5202090810994515,0.7741431350919872,0.0
FetchPickAndPlace-v4,35005,1,oracle_real_utility,8,-0.5157243759317819,0.8399032221501681,0.0
FetchPickAndPlace-v4,35005,1,oracle_real_utility,16,-0.5118744209377751,0.8963558463719563,0.0
FetchPickAndPlace-v4,35005,1,oracle_real_utility,32,-0.5085340112253063,0.9453369109657941,0.0
FetchPickAndPlace-v4,35005,2,random,1,-0.24073310936168088,0.5953297101607689,0.0
FetchPickAndPlace-v4,35005,2,random,2,-0.24022576569525209,0.6097573523552577,0.0
FetchPickAndPlace-v4,35005,2,random,4,-0.23902509422281287,0.6439015814917287,0.0
FetchPickAndPlace-v4,35005,2,random,8,-0.2381934584897505,0.6675513155610111,0.0
FetchPickAndPlace-v4,35005,2,random,16,-0.23936344265895615,0.6342797600386281,0.0
FetchPickAndPlace-v4,35005,2,random,32,-0.24234384910204848,0.5495241188422684,0.0
FetchPickAndPlace-v4,35005,2,visual_wam,1,-0.2407331093616809,0.5953297101607687,0.0
FetchPickAndPlace-v4,35005,2,visual_wam,2,-0.23594099523509796,0.7316059910103231,0.0
FetchPickAndPlace-v4,35005,2,visual_wam,4,-0.23260972545075315,0.8263393476719908,0.0
FetchPickAndPlace-v4,35005,2,visual_wam,8,-0.23041239561825197,0.8888261602693686,0.0
FetchPickAndPlace-v4,35005,2,visual_wam,16,-0.22885848594025562,0.9330156403401324,0.0
FetchPickAndPlace-v4,35005,2,visual_wam,32,-0.2277385688890468,0.9648634066009827,0.0
FetchPickAndPlace-v4,35005,2,visual_success_head,1,-0.24073310936168085,0.5953297101607689,0.0
FetchPickAndPlace-v4,35005,2,visual_success_head,2,-0.24073310936168085,0.5953297101607689,0.0
FetchPickAndPlace-v4,35005,2,visual_success_head,4,-0.24073310936168085,0.5953297101607689,0.0
FetchPickAndPlace-v4,35005,2,visual_success_head,8,-0.24073310936168085,0.5953297101607689,0.0
FetchPickAndPlace-v4,35005,2,visual_success_head,16,-0.24073310936168085,0.5953297101607689,0.0
FetchPickAndPlace-v4,35005,2,visual_success_head,32,-0.24073310936168085,0.5953297101607689,0.0
FetchPickAndPlace-v4,35005,2,low_energy,1,-0.2407331093616809,0.5953297101607687,0.0
FetchPickAndPlace-v4,35005,2,low_energy,2,-0.23589304848564635,0.7329694820544604,0.0
FetchPickAndPlace-v4,35005,2,low_energy,4,-0.23249852727714082,0.8295015581571474,0.0
FetchPickAndPlace-v4,35005,2,low_energy,8,-0.23021633699931693,0.8944015991489962,0.0
FetchPickAndPlace-v4,35005,2,low_energy,16,-0.2285344295585091,0.9422310298996184,0.0
FetchPickAndPlace-v4,35005,2,low_energy,32,-0.2273795091553594,0.9750742078918614,0.0
FetchPickAndPlace-v4,35005,2,oracle_real_utility,1,-0.2407331093616809,0.5953297101607687,0.0
FetchPickAndPlace-v4,35005,2,oracle_real_utility,2,-0.23589304848564635,0.7329694820544604,0.0
FetchPickAndPlace-v4,35005,2,oracle_real_utility,4,-0.23249852727714082,0.8295015581571474,0.0
FetchPickAndPlace-v4,35005,2,oracle_real_utility,8,-0.23021633699931693,0.8944015991489962,0.0
FetchPickAndPlace-v4,35005,2,oracle_real_utility,16,-0.2285344295585091,0.9422310298996184,0.0
FetchPickAndPlace-v4,35005,2,oracle_real_utility,32,-0.2273795091553594,0.9750742078918614,0.0
