env_id,task_index,seed,state_id,scorer,N,utility_exact,utility_mc,utility_abs_error
robocasa/OpenDrawer,0,1000324,0,learned_wam,1,-0.06707860251474523,-0.0673333701228555,0.00025476760811025956
robocasa/OpenDrawer,0,1000324,0,learned_wam,2,-0.06117732389653456,-0.06106816726300171,0.00010915663353285032
robocasa/OpenDrawer,0,1000324,0,learned_wam,4,-0.05626453568606712,-0.05585489356995318,0.00040964211611393964
robocasa/OpenDrawer,0,1000324,0,learned_wam,8,-0.055223889988788896,-0.0555862016676686,0.0003623116788797065
robocasa/OpenDrawer,0,1000324,0,learned_physics_score,1,-0.06707860251474523,-0.0673333701228555,0.00025476760811025956
robocasa/OpenDrawer,0,1000324,0,learned_physics_score,2,-0.06117732389653456,-0.06106816726300171,0.00010915663353285032
robocasa/OpenDrawer,0,1000324,0,learned_physics_score,4,-0.05626453568606712,-0.05585489356995318,0.00040964211611393964
robocasa/OpenDrawer,0,1000324,0,learned_physics_score,8,-0.055223889988788896,-0.0555862016676686,0.0003623116788797065
robocasa/OpenDrawer,0,1000324,0,learned_energy_regularized,1,-0.06707860251474523,-0.0673333701228555,0.00025476760811025956
robocasa/OpenDrawer,0,1000324,0,learned_energy_regularized,2,-0.0621187940696985,-0.06220710879467508,8.831472497657783e-05
robocasa/OpenDrawer,0,1000324,0,learned_energy_regularized,4,-0.058465430767359446,-0.058575617836661806,0.00011018706930236016
robocasa/OpenDrawer,0,1000324,0,learned_energy_regularized,8,-0.05691686719575931,-0.05729244723191765,0.00037558003615834057
robocasa/OpenDrawer,0,1000324,0,oracle_real_utility,1,-0.06707860251474523,-0.0673333701228555,0.00025476760811025956
robocasa/OpenDrawer,0,1000324,0,oracle_real_utility,2,-0.05925002110730819,-0.05912521196928782,0.00012480913802036947
robocasa/OpenDrawer,0,1000324,0,oracle_real_utility,4,-0.051961029920474106,-0.051628918521115966,0.0003321113993581398
robocasa/OpenDrawer,0,1000324,0,oracle_real_utility,8,-0.04695735758846796,-0.047093555460311604,0.00013619787184364351
robocasa/OpenDrawer,0,1010331,1,learned_wam,1,-0.04554407397240653,-0.04615913137556964,0.0006150574031631093
robocasa/OpenDrawer,0,1010331,1,learned_wam,2,-0.03933348653583024,-0.03869953409711212,0.0006339524387181245
robocasa/OpenDrawer,0,1010331,1,learned_wam,4,-0.03208493588862041,-0.03225483603762201,0.00016990014900160333
robocasa/OpenDrawer,0,1010331,1,learned_wam,8,-0.026240844432685102,-0.02661535879751451,0.00037451436482940914
robocasa/OpenDrawer,0,1010331,1,learned_physics_score,1,-0.04554407397240653,-0.04615913137556964,0.0006150574031631093
robocasa/OpenDrawer,0,1010331,1,learned_physics_score,2,-0.03933348653583024,-0.03869953409711212,0.0006339524387181245
robocasa/OpenDrawer,0,1010331,1,learned_physics_score,4,-0.03208493588862041,-0.03225483603762201,0.00016990014900160333
robocasa/OpenDrawer,0,1010331,1,learned_physics_score,8,-0.026240844432685102,-0.02661535879751451,0.00037451436482940914
robocasa/OpenDrawer,0,1010331,1,learned_energy_regularized,1,-0.04554407397240652,-0.04615913137556964,0.0006150574031631162
robocasa/OpenDrawer,0,1010331,1,learned_energy_regularized,2,-0.04223254976835519,-0.04156831574293134,0.0006642340254238502
robocasa/OpenDrawer,0,1010331,1,learned_energy_regularized,4,-0.03904151782714298,-0.038796098009668226,0.0002454198174747513
robocasa/OpenDrawer,0,1010331,1,learned_energy_regularized,8,-0.033089436218611115,-0.03378048071534232,0.0006910444967312065
robocasa/OpenDrawer,0,1010331,1,oracle_real_utility,1,-0.04554407397240653,-0.04615913137556964,0.0006150574031631093
robocasa/OpenDrawer,0,1010331,1,oracle_real_utility,2,-0.038337112539343195,-0.03766563709023609,0.0006714754491071034
robocasa/OpenDrawer,0,1010331,1,oracle_real_utility,4,-0.030674696119658357,-0.030806946830696118,0.00013225071103776034
robocasa/OpenDrawer,0,1010331,1,oracle_real_utility,8,-0.024798689697957857,-0.025082669952325887,0.00028398025436802976
robocasa/OpenCabinet,1,1100327,0,learned_wam,1,-0.04959164683500442,-0.049645383832327424,5.3736997323000635e-05
robocasa/OpenCabinet,1,1100327,0,learned_wam,2,-0.04659871935397665,-0.04630792211530736,0.0002907972386692881
robocasa/OpenCabinet,1,1100327,0,learned_wam,4,-0.042462037288781854,-0.04238300640266271,7.90308861191441e-05
robocasa/OpenCabinet,1,1100327,0,learned_wam,8,-0.03957826192692024,-0.03959447676180185,1.6214834881608797e-05
robocasa/OpenCabinet,1,1100327,0,learned_physics_score,1,-0.04959164683500442,-0.049645383832327424,5.3736997323000635e-05
robocasa/OpenCabinet,1,1100327,0,learned_physics_score,2,-0.04659871935397665,-0.04630792211530736,0.0002907972386692881
robocasa/OpenCabinet,1,1100327,0,learned_physics_score,4,-0.042462037288781854,-0.04238300640266271,7.90308861191441e-05
robocasa/OpenCabinet,1,1100327,0,learned_physics_score,8,-0.03957826192692024,-0.03959447676180185,1.6214834881608797e-05
robocasa/OpenCabinet,1,1100327,0,learned_energy_regularized,1,-0.04959164683500442,-0.049645383832327424,5.3736997323000635e-05
robocasa/OpenCabinet,1,1100327,0,learned_energy_regularized,2,-0.0452949193644079,-0.045021204662227025,0.00027371470218087723
robocasa/OpenCabinet,1,1100327,0,learned_energy_regularized,4,-0.042136087291389665,-0.04208407697089807,5.2010320491596707e-05
robocasa/OpenCabinet,1,1100327,0,learned_energy_regularized,8,-0.039570423529766155,-0.03959447676180185,2.4053232035692318e-05
robocasa/OpenCabinet,1,1100327,0,oracle_real_utility,1,-0.04959164683500442,-0.049645383832327424,5.3736997323000635e-05
robocasa/OpenCabinet,1,1100327,0,oracle_real_utility,2,-0.04426110677561079,-0.044156519570503434,0.00010458720510735792
robocasa/OpenCabinet,1,1100327,0,oracle_real_utility,4,-0.04103131262861366,-0.04107281945119481,4.150682258114574e-05
robocasa/OpenCabinet,1,1100327,0,oracle_real_utility,8,-0.039295972157342166,-0.039263162540467605,3.280961687456008e-05
robocasa/OpenCabinet,1,1110334,1,learned_wam,1,-0.05375801272382107,-0.05401191281438618,0.0002539000905651054
robocasa/OpenCabinet,1,1110334,1,learned_wam,2,-0.04751045810760725,-0.046914800453041465,0.000595657654565783
robocasa/OpenCabinet,1,1110334,1,learned_wam,4,-0.042586681302683796,-0.042769470828414737,0.0001827895257309406
robocasa/OpenCabinet,1,1110334,1,learned_wam,8,-0.0381812477684546,-0.03753685968951235,0.0006443880789422513
robocasa/OpenCabinet,1,1110334,1,learned_physics_score,1,-0.05375801272382107,-0.05401191281438618,0.0002539000905651054
robocasa/OpenCabinet,1,1110334,1,learned_physics_score,2,-0.04751045810760725,-0.046914800453041465,0.000595657654565783
robocasa/OpenCabinet,1,1110334,1,learned_physics_score,4,-0.042586681302683796,-0.042769470828414737,0.0001827895257309406
robocasa/OpenCabinet,1,1110334,1,learned_physics_score,8,-0.0381812477684546,-0.03753685968951235,0.0006443880789422513
robocasa/OpenCabinet,1,1110334,1,learned_energy_regularized,1,-0.05375801272382107,-0.05401191281438618,0.0002539000905651054
robocasa/OpenCabinet,1,1110334,1,learned_energy_regularized,2,-0.047188070537468846,-0.04663625759244188,0.0005518129450269652
robocasa/OpenCabinet,1,1110334,1,learned_energy_regularized,4,-0.0423096294845961,-0.042459978761081874,0.0001503492764857728
robocasa/OpenCabinet,1,1110334,1,learned_energy_regularized,8,-0.0381488606962363,-0.03751622688502349,0.0006326338112128058
robocasa/OpenCabinet,1,1110334,1,oracle_real_utility,1,-0.053758012723821066,-0.05401191281438618,0.0002539000905651123
robocasa/OpenCabinet,1,1110334,1,oracle_real_utility,2,-0.0467214348075317,-0.04621324120568109,0.0005081936018506081
robocasa/OpenCabinet,1,1110334,1,oracle_real_utility,4,-0.04113355606225101,-0.04138351501028098,0.00024995894802996854
robocasa/OpenCabinet,1,1110334,1,oracle_real_utility,8,-0.03676005435892052,-0.03623831861813845,0.00052173574078207
robocasa/OpenMicrowave,2,1200330,0,learned_wam,1,-0.0551059655960779,-0.055798087627163415,0.0006921220310855125
robocasa/OpenMicrowave,2,1200330,0,learned_wam,2,-0.047226942575577156,-0.04775170979004072,0.0005247672144635604
robocasa/OpenMicrowave,2,1200330,0,learned_wam,4,-0.042164929359982437,-0.04214659676048262,1.833259949981375e-05
robocasa/OpenMicrowave,2,1200330,0,learned_wam,8,-0.03793803098146359,-0.03821458170127152,0.00027655071980792895
robocasa/OpenMicrowave,2,1200330,0,learned_physics_score,1,-0.0551059655960779,-0.055798087627163415,0.0006921220310855125
robocasa/OpenMicrowave,2,1200330,0,learned_physics_score,2,-0.047226942575577156,-0.04775170979004072,0.0005247672144635604
robocasa/OpenMicrowave,2,1200330,0,learned_physics_score,4,-0.042164929359982437,-0.04214659676048262,1.833259949981375e-05
robocasa/OpenMicrowave,2,1200330,0,learned_physics_score,8,-0.03793803098146359,-0.03821458170127152,0.00027655071980792895
robocasa/OpenMicrowave,2,1200330,0,learned_energy_regularized,1,-0.0551059655960779,-0.055798087627163415,0.0006921220310855125
robocasa/OpenMicrowave,2,1200330,0,learned_energy_regularized,2,-0.04745442219704209,-0.04809383914072397,0.0006394169436818795
robocasa/OpenMicrowave,2,1200330,0,learned_energy_regularized,4,-0.04293622745151195,-0.04294004568015229,3.8182286403384835e-06
robocasa/OpenMicrowave,2,1200330,0,learned_energy_regularized,8,-0.03915125186895768,-0.03955398171245702,0.0004027298434993373
robocasa/OpenMicrowave,2,1200330,0,oracle_real_utility,1,-0.055105965596077895,-0.055798087627163415,0.0006921220310855195
robocasa/OpenMicrowave,2,1200330,0,oracle_real_utility,2,-0.046405991775414775,-0.04708587433653491,0.0006798825611201362
robocasa/OpenMicrowave,2,1200330,0,oracle_real_utility,4,-0.0405596323308263,-0.04058715923296388,2.7526902137579856e-05
robocasa/OpenMicrowave,2,1200330,0,oracle_real_utility,8,-0.03676370154593103,-0.03693294200745448,0.00016924046152344552
robocasa/OpenMicrowave,2,1210337,1,learned_wam,1,-0.061270722496202454,-0.06172747918948595,0.0004567566932834957
robocasa/OpenMicrowave,2,1210337,1,learned_wam,2,-0.05910257696105721,-0.059505903199447874,0.00040332623839066384
robocasa/OpenMicrowave,2,1210337,1,learned_wam,4,-0.056751099551769865,-0.05668647174889857,6.462780287129488e-05
robocasa/OpenMicrowave,2,1210337,1,learned_wam,8,-0.05801892421537216,-0.05778440516229848,0.00023451905307367987
robocasa/OpenMicrowave,2,1210337,1,learned_physics_score,1,-0.061270722496202454,-0.06172747918948595,0.0004567566932834957
robocasa/OpenMicrowave,2,1210337,1,learned_physics_score,2,-0.05910257696105721,-0.059505903199447874,0.00040332623839066384
robocasa/OpenMicrowave,2,1210337,1,learned_physics_score,4,-0.056751099551769865,-0.05668647174889857,6.462780287129488e-05
robocasa/OpenMicrowave,2,1210337,1,learned_physics_score,8,-0.05801892421537216,-0.05778440516229848,0.00023451905307367987
robocasa/OpenMicrowave,2,1210337,1,learned_energy_regularized,1,-0.06127072249620247,-0.06172747918948595,0.00045675669328348184
robocasa/OpenMicrowave,2,1210337,1,learned_energy_regularized,2,-0.05552116164596935,-0.05586540286020864,0.00034424121423929505
robocasa/OpenMicrowave,2,1210337,1,learned_energy_regularized,4,-0.051382884334968,-0.051113413825519205,0.00026947050944879647
robocasa/OpenMicrowave,2,1210337,1,learned_energy_regularized,8,-0.048048632856190876,-0.04786369972591638,0.00018493313027449776
robocasa/OpenMicrowave,2,1210337,1,oracle_real_utility,1,-0.061270722496202454,-0.06172747918948595,0.0004567566932834957
robocasa/OpenMicrowave,2,1210337,1,oracle_real_utility,2,-0.05508050782187945,-0.05541685192897218,0.0003363441070927328
robocasa/OpenMicrowave,2,1210337,1,oracle_real_utility,4,-0.050614434768384495,-0.050414208044190854,0.00020022672419364035
robocasa/OpenMicrowave,2,1210337,1,oracle_real_utility,8,-0.047390546873303324,-0.04723761915060831,0.0001529277226950121
robocasa/TurnOnSinkFaucet,3,1300333,0,learned_wam,1,-0.05260889423225777,-0.0531728897353846,0.0005639955031268296
robocasa/TurnOnSinkFaucet,3,1300333,0,learned_wam,2,-0.04484004162432584,-0.04484821033335664,8.16870903080219e-06
robocasa/TurnOnSinkFaucet,3,1300333,0,learned_wam,4,-0.03732244468803109,-0.03710456877826651,0.0002178759097645755
robocasa/TurnOnSinkFaucet,3,1300333,0,learned_wam,8,-0.030866984999960975,-0.030754290955146635,0.00011269404481433973
robocasa/TurnOnSinkFaucet,3,1300333,0,learned_physics_score,1,-0.05260889423225777,-0.0531728897353846,0.0005639955031268296
robocasa/TurnOnSinkFaucet,3,1300333,0,learned_physics_score,2,-0.04484004162432584,-0.04484821033335664,8.16870903080219e-06
robocasa/TurnOnSinkFaucet,3,1300333,0,learned_physics_score,4,-0.03732244468803109,-0.03710456877826651,0.0002178759097645755
robocasa/TurnOnSinkFaucet,3,1300333,0,learned_physics_score,8,-0.030866984999960975,-0.030754290955146635,0.00011269404481433973
robocasa/TurnOnSinkFaucet,3,1300333,0,learned_energy_regularized,1,-0.05260889423225777,-0.0531728897353846,0.0005639955031268296
robocasa/TurnOnSinkFaucet,3,1300333,0,learned_energy_regularized,2,-0.04626535763555624,-0.04639747679743582,0.00013211916187957917
robocasa/TurnOnSinkFaucet,3,1300333,0,learned_energy_regularized,4,-0.040643193041081466,-0.040363789392107774,0.00027940364897369174
robocasa/TurnOnSinkFaucet,3,1300333,0,learned_energy_regularized,8,-0.0370363166887075,-0.03687574001616176,0.00016057667254574387
robocasa/TurnOnSinkFaucet,3,1300333,0,oracle_real_utility,1,-0.05260889423225777,-0.0531728897353846,0.0005639955031268296
robocasa/TurnOnSinkFaucet,3,1300333,0,oracle_real_utility,2,-0.04435609660464136,-0.0443913312762969,3.5234671655538785e-05
robocasa/TurnOnSinkFaucet,3,1300333,0,oracle_real_utility,4,-0.036656824761809356,-0.03650042742326889,0.00015639733854046906
robocasa/TurnOnSinkFaucet,3,1300333,0,oracle_real_utility,8,-0.030419145553239206,-0.030359229738869807,5.991581436939897e-05
robocasa/TurnOnSinkFaucet,3,1310340,1,learned_wam,1,-0.055409883216274845,-0.05501275366938062,0.00039712954689422736
robocasa/TurnOnSinkFaucet,3,1310340,1,learned_wam,2,-0.046240836429344484,-0.04609947029706304,0.00014136613228144662
robocasa/TurnOnSinkFaucet,3,1310340,1,learned_wam,4,-0.0407751643734267,-0.04050710457533892,0.0002680597980877844
robocasa/TurnOnSinkFaucet,3,1310340,1,learned_wam,8,-0.037653831254637476,-0.037699422722667596,4.559146803011921e-05
robocasa/TurnOnSinkFaucet,3,1310340,1,learned_physics_score,1,-0.055409883216274845,-0.05501275366938062,0.00039712954689422736
robocasa/TurnOnSinkFaucet,3,1310340,1,learned_physics_score,2,-0.046240836429344484,-0.04609947029706304,0.00014136613228144662
robocasa/TurnOnSinkFaucet,3,1310340,1,learned_physics_score,4,-0.0407751643734267,-0.04050710457533892,0.0002680597980877844
robocasa/TurnOnSinkFaucet,3,1310340,1,learned_physics_score,8,-0.037653831254637476,-0.037699422722667596,4.559146803011921e-05
robocasa/TurnOnSinkFaucet,3,1310340,1,learned_energy_regularized,1,-0.055409883216274845,-0.05501275366938062,0.00039712954689422736
robocasa/TurnOnSinkFaucet,3,1310340,1,learned_energy_regularized,2,-0.047561079644241784,-0.0475996763569478,3.8596712706014114e-05
robocasa/TurnOnSinkFaucet,3,1310340,1,learned_energy_regularized,4,-0.043870017044997225,-0.04382195988281238,4.805716218484607e-05
robocasa/TurnOnSinkFaucet,3,1310340,1,learned_energy_regularized,8,-0.04073960844039563,-0.040532296352726774,0.00020731208766885945
robocasa/TurnOnSinkFaucet,3,1310340,1,oracle_real_utility,1,-0.055409883216274845,-0.05501275366938062,0.00039712954689422736
robocasa/TurnOnSinkFaucet,3,1310340,1,oracle_real_utility,2,-0.04591033486607228,-0.045812107673675724,9.822719239655636e-05
robocasa/TurnOnSinkFaucet,3,1310340,1,oracle_real_utility,4,-0.040081007856167576,-0.039910825707289176,0.00017018214887840055
robocasa/TurnOnSinkFaucet,3,1310340,1,oracle_real_utility,8,-0.03660867723099903,-0.03662291409746824,1.4236866469209686e-05
robocasa/CloseDrawer,4,1400336,0,learned_wam,1,-0.05288615628777867,-0.05302228477356039,0.00013612848578171965
robocasa/CloseDrawer,4,1400336,0,learned_wam,2,-0.049680069015975464,-0.049603757041467,7.631197450846255e-05
robocasa/CloseDrawer,4,1400336,0,learned_wam,4,-0.04485257457006548,-0.04449258711224598,0.0003599874578194967
robocasa/CloseDrawer,4,1400336,0,learned_wam,8,-0.04018952914668418,-0.04002113272084961,0.0001683964258345702
robocasa/CloseDrawer,4,1400336,0,learned_physics_score,1,-0.05288615628777867,-0.05302228477356039,0.00013612848578171965
robocasa/CloseDrawer,4,1400336,0,learned_physics_score,2,-0.049680069015975464,-0.049603757041467,7.631197450846255e-05
robocasa/CloseDrawer,4,1400336,0,learned_physics_score,4,-0.04485257457006548,-0.04449258711224598,0.0003599874578194967
robocasa/CloseDrawer,4,1400336,0,learned_physics_score,8,-0.04018952914668418,-0.04002113272084961,0.0001683964258345702
robocasa/CloseDrawer,4,1400336,0,learned_energy_regularized,1,-0.05288615628777867,-0.05302228477356039,0.00013612848578171965
robocasa/CloseDrawer,4,1400336,0,learned_energy_regularized,2,-0.04965601650930132,-0.049656831667084914,8.151577835929791e-07
robocasa/CloseDrawer,4,1400336,0,learned_energy_regularized,4,-0.045616763063324475,-0.04531358877656859,0.0003031742867558862
robocasa/CloseDrawer,4,1400336,0,learned_energy_regularized,8,-0.04154809148890584,-0.04121379386373323,0.00033429762517261236
robocasa/CloseDrawer,4,1400336,0,oracle_real_utility,1,-0.05288615628777867,-0.05302228477356039,0.00013612848578171965
robocasa/CloseDrawer,4,1400336,0,oracle_real_utility,2,-0.048426335606180676,-0.04830624591128183,0.00012008969489884364
robocasa/CloseDrawer,4,1400336,0,oracle_real_utility,4,-0.04383940879043561,-0.04350362417092208,0.00033578461951352945
robocasa/CloseDrawer,4,1400336,0,oracle_real_utility,8,-0.039910715821669926,-0.039740979621554776,0.00016973620011515034
robocasa/CloseDrawer,4,1410343,1,learned_wam,1,-0.053166090026702646,-0.05337068683365945,0.00020459680695680132
robocasa/CloseDrawer,4,1410343,1,learned_wam,2,-0.04750546332594954,-0.04735960639360642,0.00014585693234312608
robocasa/CloseDrawer,4,1410343,1,learned_wam,4,-0.04275424532489964,-0.04249804309755541,0.00025620222734423076
robocasa/CloseDrawer,4,1410343,1,learned_wam,8,-0.039334363000762956,-0.03948330486063237,0.00014894185986941144
robocasa/CloseDrawer,4,1410343,1,learned_physics_score,1,-0.053166090026702646,-0.05337068683365945,0.00020459680695680132
robocasa/CloseDrawer,4,1410343,1,learned_physics_score,2,-0.04750546332594954,-0.04735960639360642,0.00014585693234312608
robocasa/CloseDrawer,4,1410343,1,learned_physics_score,4,-0.04275424532489964,-0.04249804309755541,0.00025620222734423076
robocasa/CloseDrawer,4,1410343,1,learned_physics_score,8,-0.039334363000762956,-0.03948330486063237,0.00014894185986941144
robocasa/CloseDrawer,4,1410343,1,learned_energy_regularized,1,-0.053166090026702646,-0.05337068683365945,0.00020459680695680132
robocasa/CloseDrawer,4,1410343,1,learned_energy_regularized,2,-0.04807793373522344,-0.04797431268416837,0.00010362105105506808
robocasa/CloseDrawer,4,1410343,1,learned_energy_regularized,4,-0.043915788800422906,-0.043942180701238266,2.6391900815360414e-05
robocasa/CloseDrawer,4,1410343,1,learned_energy_regularized,8,-0.04123571322617025,-0.04133878574500909,0.00010307251883884261
robocasa/CloseDrawer,4,1410343,1,oracle_real_utility,1,-0.053166090026702646,-0.05337068683365945,0.00020459680695680132
robocasa/CloseDrawer,4,1410343,1,oracle_real_utility,2,-0.04698206875694847,-0.0467758323675876,0.00020623638936086847
robocasa/CloseDrawer,4,1410343,1,oracle_real_utility,4,-0.04122173233827806,-0.041110417708535685,0.00011131462974237755
robocasa/CloseDrawer,4,1410343,1,oracle_real_utility,8,-0.03728994500144049,-0.03745673451971423,0.00016678951827373695
robocasa/CloseCabinet,5,1500339,0,learned_wam,1,-0.05560265317416646,-0.05438074421801956,0.0012219089561468985
robocasa/CloseCabinet,5,1500339,0,learned_wam,2,-0.04993383716950694,-0.050516257697543615,0.000582420528036677
robocasa/CloseCabinet,5,1500339,0,learned_wam,4,-0.042760537118705144,-0.04284488980687248,8.435268816733843e-05
robocasa/CloseCabinet,5,1500339,0,learned_wam,8,-0.03799202640667987,-0.03836079154768521,0.0003687651410053394
robocasa/CloseCabinet,5,1500339,0,learned_physics_score,1,-0.05560265317416646,-0.05438074421801956,0.0012219089561468985
robocasa/CloseCabinet,5,1500339,0,learned_physics_score,2,-0.04993383716950694,-0.050516257697543615,0.000582420528036677
robocasa/CloseCabinet,5,1500339,0,learned_physics_score,4,-0.042760537118705144,-0.04284488980687248,8.435268816733843e-05
robocasa/CloseCabinet,5,1500339,0,learned_physics_score,8,-0.03799202640667987,-0.03836079154768521,0.0003687651410053394
robocasa/CloseCabinet,5,1500339,0,learned_energy_regularized,1,-0.05560265317416645,-0.05438074421801956,0.0012219089561468846
robocasa/CloseCabinet,5,1500339,0,learned_energy_regularized,2,-0.04721709290187453,-0.04719070574732163,2.638715455290097e-05
robocasa/CloseCabinet,5,1500339,0,learned_energy_regularized,4,-0.04032620531689616,-0.040533576972274755,0.00020737165537859648
robocasa/CloseCabinet,5,1500339,0,learned_energy_regularized,8,-0.037465784422042944,-0.037766705457320665,0.00030092103527772085
robocasa/CloseCabinet,5,1500339,0,oracle_real_utility,1,-0.05560265317416645,-0.05438074421801956,0.0012219089561468846
robocasa/CloseCabinet,5,1500339,0,oracle_real_utility,2,-0.04647454095739874,-0.0464663295443493,8.211413049435956e-06
robocasa/CloseCabinet,5,1500339,0,oracle_real_utility,4,-0.03771606454448452,-0.03781280107185593,9.673652737141047e-05
robocasa/CloseCabinet,5,1500339,0,oracle_real_utility,8,-0.03168286842286858,-0.03177513821141923,9.226978855064738e-05
robocasa/CloseCabinet,5,1510346,1,learned_wam,1,-0.05498551881402848,-0.054986445272855705,9.2645882722453e-07
robocasa/CloseCabinet,5,1510346,1,learned_wam,2,-0.05167004237130083,-0.05171193596775035,4.1893596449522896e-05
robocasa/CloseCabinet,5,1510346,1,learned_wam,4,-0.050853545857239474,-0.05100169110588878,0.00014814524864930484
robocasa/CloseCabinet,5,1510346,1,learned_wam,8,-0.052138848573066846,-0.052180289481615835,4.144090854898974e-05
robocasa/CloseCabinet,5,1510346,1,learned_physics_score,1,-0.05498551881402848,-0.054986445272855705,9.2645882722453e-07
robocasa/CloseCabinet,5,1510346,1,learned_physics_score,2,-0.05167004237130083,-0.05171193596775035,4.1893596449522896e-05
robocasa/CloseCabinet,5,1510346,1,learned_physics_score,4,-0.050853545857239474,-0.05100169110588878,0.00014814524864930484
robocasa/CloseCabinet,5,1510346,1,learned_physics_score,8,-0.052138848573066846,-0.052180289481615835,4.144090854898974e-05
robocasa/CloseCabinet,5,1510346,1,learned_energy_regularized,1,-0.054985518814028495,-0.054986445272855705,9.264588272106522e-07
robocasa/CloseCabinet,5,1510346,1,learned_energy_regularized,2,-0.05087279510914272,-0.050881826289072965,9.031179930243938e-06
robocasa/CloseCabinet,5,1510346,1,learned_energy_regularized,4,-0.047280349311128886,-0.04750706271293577,0.00022671340180688282
robocasa/CloseCabinet,5,1510346,1,learned_energy_regularized,8,-0.04494357312044098,-0.04491560728548038,2.7965834960598512e-05
robocasa/CloseCabinet,5,1510346,1,oracle_real_utility,1,-0.054985518814028495,-0.054986445272855705,9.264588272106522e-07
robocasa/CloseCabinet,5,1510346,1,oracle_real_utility,2,-0.050167400018507835,-0.05031612360431198,0.0001487235858041447
robocasa/CloseCabinet,5,1510346,1,oracle_real_utility,4,-0.046423518167836256,-0.046554313177935916,0.00013079501009966021
robocasa/CloseCabinet,5,1510346,1,oracle_real_utility,8,-0.044505597390526695,-0.04448084072981747,2.475666070922422e-05
robocasa/CloseMicrowave,6,1600342,0,learned_wam,1,-0.05629093590537307,-0.0564789275512499,0.00018799164587682965
robocasa/CloseMicrowave,6,1600342,0,learned_wam,2,-0.05124489567575449,-0.05096720937882512,0.00027768629692937613
robocasa/CloseMicrowave,6,1600342,0,learned_wam,4,-0.050609976812727234,-0.05085947810369173,0.00024950129096449475
robocasa/CloseMicrowave,6,1600342,0,learned_wam,8,-0.05207788530507186,-0.052090659143497364,1.2773838425503281e-05
robocasa/CloseMicrowave,6,1600342,0,learned_physics_score,1,-0.05629093590537307,-0.0564789275512499,0.00018799164587682965
robocasa/CloseMicrowave,6,1600342,0,learned_physics_score,2,-0.05124489567575449,-0.05096720937882512,0.00027768629692937613
robocasa/CloseMicrowave,6,1600342,0,learned_physics_score,4,-0.050609976812727234,-0.05085947810369173,0.00024950129096449475
robocasa/CloseMicrowave,6,1600342,0,learned_physics_score,8,-0.05207788530507186,-0.052090659143497364,1.2773838425503281e-05
robocasa/CloseMicrowave,6,1600342,0,learned_energy_regularized,1,-0.05629093590537307,-0.0564789275512499,0.00018799164587682965
robocasa/CloseMicrowave,6,1600342,0,learned_energy_regularized,2,-0.05037559207929856,-0.05023205967765543,0.00014353240164313025
robocasa/CloseMicrowave,6,1600342,0,learned_energy_regularized,4,-0.04786099212412723,-0.04805623485436016,0.00019524273023293487
robocasa/CloseMicrowave,6,1600342,0,learned_energy_regularized,8,-0.04695130440795982,-0.046943439023451425,7.865384508393136e-06
robocasa/CloseMicrowave,6,1600342,0,oracle_real_utility,1,-0.05629093590537307,-0.0564789275512499,0.00018799164587682965
robocasa/CloseMicrowave,6,1600342,0,oracle_real_utility,2,-0.04863827977832635,-0.0485813704853117,5.690929301464809e-05
robocasa/CloseMicrowave,6,1600342,0,oracle_real_utility,4,-0.043613292121817505,-0.04362100929018079,7.717168363285953e-06
robocasa/CloseMicrowave,6,1600342,0,oracle_real_utility,8,-0.040478177521150446,-0.04044448236941376,3.369515173668597e-05
robocasa/CloseMicrowave,6,1610349,1,learned_wam,1,-0.05157315326532077,-0.051904986685750394,0.00033183342042962527
robocasa/CloseMicrowave,6,1610349,1,learned_wam,2,-0.04145179754164316,-0.04164352621334258,0.00019172867169942043
robocasa/CloseMicrowave,6,1610349,1,learned_wam,4,-0.03455769528380283,-0.03455247090229699,5.2243815058389265e-06
robocasa/CloseMicrowave,6,1610349,1,learned_wam,8,-0.030453647145664467,-0.030095853756752226,0.0003577933889122413
robocasa/CloseMicrowave,6,1610349,1,learned_physics_score,1,-0.05157315326532077,-0.051904986685750394,0.00033183342042962527
robocasa/CloseMicrowave,6,1610349,1,learned_physics_score,2,-0.04145179754164316,-0.04164352621334258,0.00019172867169942043
robocasa/CloseMicrowave,6,1610349,1,learned_physics_score,4,-0.03455769528380283,-0.03455247090229699,5.2243815058389265e-06
robocasa/CloseMicrowave,6,1610349,1,learned_physics_score,8,-0.030453647145664467,-0.030095853756752226,0.0003577933889122413
robocasa/CloseMicrowave,6,1610349,1,learned_energy_regularized,1,-0.05157315326532077,-0.051904986685750394,0.00033183342042962527
robocasa/CloseMicrowave,6,1610349,1,learned_energy_regularized,2,-0.04036879302964837,-0.04066238720064343,0.0002935941709950596
robocasa/CloseMicrowave,6,1610349,1,learned_energy_regularized,4,-0.03418196243222594,-0.03418504853447417,3.0861022482300826e-06
robocasa/CloseMicrowave,6,1610349,1,learned_energy_regularized,8,-0.030443009683847094,-0.030095853756752226,0.0003471559270948679
robocasa/CloseMicrowave,6,1610349,1,oracle_real_utility,1,-0.05157315326532077,-0.051904986685750394,0.00033183342042962527
robocasa/CloseMicrowave,6,1610349,1,oracle_real_utility,2,-0.039742828657245904,-0.03995559155830272,0.00021276290105681772
robocasa/CloseMicrowave,6,1610349,1,oracle_real_utility,4,-0.032482113930288055,-0.03241466014007746,6.745379021059345e-05
robocasa/CloseMicrowave,6,1610349,1,oracle_real_utility,8,-0.028334125271022286,-0.028144231145991523,0.000189894125030763
robocasa/TurnOffSinkFaucet,7,1700345,0,learned_wam,1,-0.05380429677575732,-0.05215816384892125,0.0016461329268360678
robocasa/TurnOffSinkFaucet,7,1700345,0,learned_wam,2,-0.043199959889040816,-0.043597598547943935,0.00039763865890311834
robocasa/TurnOffSinkFaucet,7,1700345,0,learned_wam,4,-0.03337883628914727,-0.03485036743836011,0.0014715311492128416
robocasa/TurnOffSinkFaucet,7,1700345,0,learned_wam,8,-0.02383347845090092,-0.022980281170133118,0.0008531972807678014
robocasa/TurnOffSinkFaucet,7,1700345,0,learned_physics_score,1,-0.05380429677575732,-0.05215816384892125,0.0016461329268360678
robocasa/TurnOffSinkFaucet,7,1700345,0,learned_physics_score,2,-0.043199959889040816,-0.043597598547943935,0.00039763865890311834
robocasa/TurnOffSinkFaucet,7,1700345,0,learned_physics_score,4,-0.03337883628914727,-0.03485036743836011,0.0014715311492128416
robocasa/TurnOffSinkFaucet,7,1700345,0,learned_physics_score,8,-0.02383347845090092,-0.022980281170133118,0.0008531972807678014
robocasa/TurnOffSinkFaucet,7,1700345,0,learned_energy_regularized,1,-0.053804296775757335,-0.05215816384892125,0.0016461329268360816
robocasa/TurnOffSinkFaucet,7,1700345,0,learned_energy_regularized,2,-0.0432187658359442,-0.04362484883189542,0.0004060829959512194
robocasa/TurnOffSinkFaucet,7,1700345,0,learned_energy_regularized,4,-0.033407946080472636,-0.03488461433493989,0.0014766682544672532
robocasa/TurnOffSinkFaucet,7,1700345,0,learned_energy_regularized,8,-0.023837823979212885,-0.022986224116148,0.0008515998630648849
robocasa/TurnOffSinkFaucet,7,1700345,0,oracle_real_utility,1,-0.05380429677575732,-0.05215816384892125,0.0016461329268360678
robocasa/TurnOffSinkFaucet,7,1700345,0,oracle_real_utility,2,-0.043125755948913165,-0.043525149498064464,0.0003993935491512987
robocasa/TurnOffSinkFaucet,7,1700345,0,oracle_real_utility,4,-0.03325814477687067,-0.034713338106542535,0.0014551933296718667
robocasa/TurnOffSinkFaucet,7,1700345,0,oracle_real_utility,8,-0.023747521352700265,-0.022904261596188205,0.0008432597565120603
robocasa/TurnOffSinkFaucet,7,1710352,1,learned_wam,1,-0.03374791681622158,-0.03401147685768821,0.0002635600414666317
robocasa/TurnOffSinkFaucet,7,1710352,1,learned_wam,2,-0.031115025311584162,-0.03079655054332406,0.000318474768260104
robocasa/TurnOffSinkFaucet,7,1710352,1,learned_wam,4,-0.027323063230877236,-0.027750326543705062,0.0004272633128278268
robocasa/TurnOffSinkFaucet,7,1710352,1,learned_wam,8,-0.023083361203868315,-0.023136210701520457,5.284949765214236e-05
robocasa/TurnOffSinkFaucet,7,1710352,1,learned_physics_score,1,-0.03374791681622158,-0.03401147685768821,0.0002635600414666317
robocasa/TurnOffSinkFaucet,7,1710352,1,learned_physics_score,2,-0.031115025311584162,-0.03079655054332406,0.000318474768260104
robocasa/TurnOffSinkFaucet,7,1710352,1,learned_physics_score,4,-0.027323063230877236,-0.027750326543705062,0.0004272633128278268
robocasa/TurnOffSinkFaucet,7,1710352,1,learned_physics_score,8,-0.023083361203868315,-0.023136210701520457,5.284949765214236e-05
robocasa/TurnOffSinkFaucet,7,1710352,1,learned_energy_regularized,1,-0.03374791681622158,-0.03401147685768821,0.0002635600414666317
robocasa/TurnOffSinkFaucet,7,1710352,1,learned_energy_regularized,2,-0.03257858454712667,-0.03232320489671399,0.00025537965041268207
robocasa/TurnOffSinkFaucet,7,1710352,1,learned_energy_regularized,4,-0.029624401114314615,-0.03008316707360564,0.00045876595929102496
robocasa/TurnOffSinkFaucet,7,1710352,1,learned_energy_regularized,8,-0.024362234377399986,-0.024348607321278592,1.362705612139442e-05
robocasa/TurnOffSinkFaucet,7,1710352,1,oracle_real_utility,1,-0.03374791681622158,-0.03401147685768821,0.0002635600414666317
robocasa/TurnOffSinkFaucet,7,1710352,1,oracle_real_utility,2,-0.02939571075205699,-0.02897057779754649,0.0004251329545105001
robocasa/TurnOffSinkFaucet,7,1710352,1,oracle_real_utility,4,-0.024984225692726125,-0.025201158770799637,0.00021693307807351195
robocasa/TurnOffSinkFaucet,7,1710352,1,oracle_real_utility,8,-0.020992412253315763,-0.02097330192989869,1.9110323417073638e-05
robocasa/TurnOnStove,8,1800348,0,learned_wam,1,-0.0645449557138235,-0.06483708446093447,0.0002921287471109729
robocasa/TurnOnStove,8,1800348,0,learned_wam,2,-0.056835362261524115,-0.05696411314444339,0.00012875088291927628
robocasa/TurnOnStove,8,1800348,0,learned_wam,4,-0.05116791861609858,-0.051141898289822484,2.6020326276098016e-05
robocasa/TurnOnStove,8,1800348,0,learned_wam,8,-0.0493765806420894,-0.04924891683026406,0.0001276638118253362
robocasa/TurnOnStove,8,1800348,0,learned_physics_score,1,-0.0645449557138235,-0.06483708446093447,0.0002921287471109729
robocasa/TurnOnStove,8,1800348,0,learned_physics_score,2,-0.056835362261524115,-0.05696411314444339,0.00012875088291927628
robocasa/TurnOnStove,8,1800348,0,learned_physics_score,4,-0.05116791861609858,-0.051141898289822484,2.6020326276098016e-05
robocasa/TurnOnStove,8,1800348,0,learned_physics_score,8,-0.0493765806420894,-0.04924891683026406,0.0001276638118253362
robocasa/TurnOnStove,8,1800348,0,learned_energy_regularized,1,-0.0645449557138235,-0.06483708446093447,0.0002921287471109729
robocasa/TurnOnStove,8,1800348,0,learned_energy_regularized,2,-0.05800375542023175,-0.05814250286077058,0.0001387474405388292
robocasa/TurnOnStove,8,1800348,0,learned_energy_regularized,4,-0.054482521729515856,-0.05438861152742434,9.391020209151973e-05
robocasa/TurnOnStove,8,1800348,0,learned_energy_regularized,8,-0.05341543082635176,-0.053279657182545175,0.0001357736438065832
robocasa/TurnOnStove,8,1800348,0,oracle_real_utility,1,-0.0645449557138235,-0.06483708446093447,0.0002921287471109729
robocasa/TurnOnStove,8,1800348,0,oracle_real_utility,2,-0.0558235573955835,-0.05593133293904755,0.000107775543464049
robocasa/TurnOnStove,8,1800348,0,oracle_real_utility,4,-0.04901082941693109,-0.04911239558060024,0.00010156616366914506
robocasa/TurnOnStove,8,1800348,0,oracle_real_utility,8,-0.045326870703321545,-0.0453076384350704,1.923226825114449e-05
robocasa/TurnOnStove,8,1810355,1,learned_wam,1,-0.046394486108542715,-0.046168741884103894,0.00022574422443882164
robocasa/TurnOnStove,8,1810355,1,learned_wam,2,-0.03893216686941067,-0.03893576786254774,3.6009931370650783e-06
robocasa/TurnOnStove,8,1810355,1,learned_wam,4,-0.032240438670791176,-0.03222658789812825,1.3850772662922506e-05
robocasa/TurnOnStove,8,1810355,1,learned_wam,8,-0.027912156591095562,-0.027779672342942853,0.00013248424815270887
robocasa/TurnOnStove,8,1810355,1,learned_physics_score,1,-0.046394486108542715,-0.046168741884103894,0.00022574422443882164
robocasa/TurnOnStove,8,1810355,1,learned_physics_score,2,-0.03893216686941067,-0.03893576786254774,3.6009931370650783e-06
robocasa/TurnOnStove,8,1810355,1,learned_physics_score,4,-0.032240438670791176,-0.03222658789812825,1.3850772662922506e-05
robocasa/TurnOnStove,8,1810355,1,learned_physics_score,8,-0.027912156591095562,-0.027779672342942853,0.00013248424815270887
robocasa/TurnOnStove,8,1810355,1,learned_energy_regularized,1,-0.046394486108542715,-0.046168741884103894,0.00022574422443882164
robocasa/TurnOnStove,8,1810355,1,learned_energy_regularized,2,-0.03951892955475312,-0.03937023993362938,0.00014868962112373624
robocasa/TurnOnStove,8,1810355,1,learned_energy_regularized,4,-0.03402910159854344,-0.03404702895448886,1.7927355945419887e-05
robocasa/TurnOnStove,8,1810355,1,learned_energy_regularized,8,-0.02979974498770551,-0.029544831018757624,0.0002549139689478862
robocasa/TurnOnStove,8,1810355,1,oracle_real_utility,1,-0.04639448610854271,-0.046168741884103894,0.0002257442244388147
robocasa/TurnOnStove,8,1810355,1,oracle_real_utility,2,-0.03744798512568641,-0.0373885027244528,5.948240123360843e-05
robocasa/TurnOnStove,8,1810355,1,oracle_real_utility,4,-0.031094975546880094,-0.031083412976135948,1.1562570744146072e-05
robocasa/TurnOnStove,8,1810355,1,oracle_real_utility,8,-0.0275025153465677,-0.027424201914887477,7.831343168022281e-05
robocasa/TurnOffStove,9,1900351,0,learned_wam,1,-0.059757156564581144,-0.05990895799702841,0.00015180143244726552
robocasa/TurnOffStove,9,1900351,0,learned_wam,2,-0.05108541448197936,-0.05099241762057386,9.299686140550045e-05
robocasa/TurnOffStove,9,1900351,0,learned_wam,4,-0.04052698515765091,-0.04005113070208413,0.0004758544555667765
robocasa/TurnOffStove,9,1900351,0,learned_wam,8,-0.02997042821944367,-0.030245983099231114,0.00027555487978744506
robocasa/TurnOffStove,9,1900351,0,learned_physics_score,1,-0.059757156564581144,-0.05990895799702841,0.00015180143244726552
robocasa/TurnOffStove,9,1900351,0,learned_physics_score,2,-0.05108541448197936,-0.05099241762057386,9.299686140550045e-05
robocasa/TurnOffStove,9,1900351,0,learned_physics_score,4,-0.04052698515765091,-0.04005113070208413,0.0004758544555667765
robocasa/TurnOffStove,9,1900351,0,learned_physics_score,8,-0.02997042821944367,-0.030245983099231114,0.00027555487978744506
robocasa/TurnOffStove,9,1900351,0,learned_energy_regularized,1,-0.05975715656458115,-0.05990895799702841,0.00015180143244725858
robocasa/TurnOffStove,9,1900351,0,learned_energy_regularized,2,-0.0518477640240945,-0.051763655014705645,8.410900938885663e-05
robocasa/TurnOffStove,9,1900351,0,learned_energy_regularized,4,-0.0419160074667174,-0.0414474209278127,0.00046858653890469865
robocasa/TurnOffStove,9,1900351,0,learned_energy_regularized,8,-0.031914985498233274,-0.031991950329915544,7.696483168227047e-05
robocasa/TurnOffStove,9,1900351,0,oracle_real_utility,1,-0.059757156564581144,-0.05990895799702841,0.00015180143244726552
robocasa/TurnOffStove,9,1900351,0,oracle_real_utility,2,-0.05075486982702356,-0.050662139215458875,9.273061156468698e-05
robocasa/TurnOffStove,9,1900351,0,oracle_real_utility,4,-0.04036936917580565,-0.03991859358978515,0.00045077558602050344
robocasa/TurnOffStove,9,1900351,0,oracle_real_utility,8,-0.029940170867669237,-0.030205201875082858,0.0002650310074136207
robocasa/TurnOffStove,9,1910358,1,learned_wam,1,-0.055669717529441304,-0.05593472535308072,0.0002650078236394182
robocasa/TurnOffStove,9,1910358,1,learned_wam,2,-0.04823024717478514,-0.049387271792058395,0.001157024617273253
robocasa/TurnOffStove,9,1910358,1,learned_wam,4,-0.04067273416930743,-0.040485318340753314,0.00018741582855411748
robocasa/TurnOffStove,9,1910358,1,learned_wam,8,-0.035924198837856955,-0.03608796983010639,0.00016377099224943598
robocasa/TurnOffStove,9,1910358,1,learned_physics_score,1,-0.055669717529441304,-0.05593472535308072,0.0002650078236394182
robocasa/TurnOffStove,9,1910358,1,learned_physics_score,2,-0.04823024717478514,-0.049387271792058395,0.001157024617273253
robocasa/TurnOffStove,9,1910358,1,learned_physics_score,4,-0.04067273416930743,-0.040485318340753314,0.00018741582855411748
robocasa/TurnOffStove,9,1910358,1,learned_physics_score,8,-0.035924198837856955,-0.03608796983010639,0.00016377099224943598
robocasa/TurnOffStove,9,1910358,1,learned_energy_regularized,1,-0.05566971752944131,-0.05593472535308072,0.0002650078236394113
robocasa/TurnOffStove,9,1910358,1,learned_energy_regularized,2,-0.04925669632743497,-0.05038488001208189,0.0011281836846469204
robocasa/TurnOffStove,9,1910358,1,learned_energy_regularized,4,-0.041650548828886524,-0.041339518580033624,0.0003110302488529004
robocasa/TurnOffStove,9,1910358,1,learned_energy_regularized,8,-0.03473314262279922,-0.03497668118816964,0.00024353856537042556
robocasa/TurnOffStove,9,1910358,1,oracle_real_utility,1,-0.05566971752944131,-0.05593472535308072,0.0002650078236394113
robocasa/TurnOffStove,9,1910358,1,oracle_real_utility,2,-0.047959523220912355,-0.049098697621957454,0.0011391744010450996
robocasa/TurnOffStove,9,1910358,1,oracle_real_utility,4,-0.039974684996147,-0.03981203079015971,0.00016265420598729485
robocasa/TurnOffStove,9,1910358,1,oracle_real_utility,8,-0.034002109105094575,-0.03421730143941788,0.0002151923343233081
robocasa/OpenOven,10,2000354,0,learned_wam,1,-0.04635085436773613,-0.046767303009291,0.00041644864155487155
robocasa/OpenOven,10,2000354,0,learned_wam,2,-0.04187402358441019,-0.04174660589714483,0.0001274176872653604
robocasa/OpenOven,10,2000354,0,learned_wam,4,-0.039021269091065576,-0.03891836126470207,0.0001029078263635047
robocasa/OpenOven,10,2000354,0,learned_wam,8,-0.036049748591359496,-0.03603749086352336,1.225772783613327e-05
robocasa/OpenOven,10,2000354,0,learned_physics_score,1,-0.04635085436773613,-0.046767303009291,0.00041644864155487155
robocasa/OpenOven,10,2000354,0,learned_physics_score,2,-0.04187402358441019,-0.04174660589714483,0.0001274176872653604
robocasa/OpenOven,10,2000354,0,learned_physics_score,4,-0.039021269091065576,-0.03891836126470207,0.0001029078263635047
robocasa/OpenOven,10,2000354,0,learned_physics_score,8,-0.036049748591359496,-0.03603749086352336,1.225772783613327e-05
robocasa/OpenOven,10,2000354,0,learned_energy_regularized,1,-0.04635085436773612,-0.046767303009291,0.0004164486415548785
robocasa/OpenOven,10,2000354,0,learned_energy_regularized,2,-0.0414100839563826,-0.041133164237678745,0.00027691971870385385
robocasa/OpenOven,10,2000354,0,learned_energy_regularized,4,-0.035904789956497304,-0.03579097583429846,0.00011381412219884507
robocasa/OpenOven,10,2000354,0,learned_energy_regularized,8,-0.032591772751285636,-0.032610595438270974,1.8822686985338344e-05
robocasa/OpenOven,10,2000354,0,oracle_real_utility,1,-0.04635085436773612,-0.046767303009291,0.0004164486415548785
robocasa/OpenOven,10,2000354,0,oracle_real_utility,2,-0.04025018456628071,-0.040071891159627296,0.0001782934066534153
robocasa/OpenOven,10,2000354,0,oracle_real_utility,4,-0.03546942752937438,-0.03536014914853974,0.00010927838083463898
robocasa/OpenOven,10,2000354,0,oracle_real_utility,8,-0.0325463338549809,-0.032565546128303084,1.921227332218195e-05
robocasa/OpenOven,10,2010361,1,learned_wam,1,-0.057027450345056366,-0.05757787587369296,0.000550425528636593
robocasa/OpenOven,10,2010361,1,learned_wam,2,-0.04952129640518136,-0.04989499678606645,0.00037370038088509194
robocasa/OpenOven,10,2010361,1,learned_wam,4,-0.0426498250239537,-0.042918679043451605,0.0002688540194979022
robocasa/OpenOven,10,2010361,1,learned_wam,8,-0.03476871200219398,-0.03520845291454588,0.0004397409123518964
robocasa/OpenOven,10,2010361,1,learned_physics_score,1,-0.057027450345056366,-0.05757787587369296,0.000550425528636593
robocasa/OpenOven,10,2010361,1,learned_physics_score,2,-0.04952129640518136,-0.04989499678606645,0.00037370038088509194
robocasa/OpenOven,10,2010361,1,learned_physics_score,4,-0.0426498250239537,-0.042918679043451605,0.0002688540194979022
robocasa/OpenOven,10,2010361,1,learned_physics_score,8,-0.03476871200219398,-0.03520845291454588,0.0004397409123518964
robocasa/OpenOven,10,2010361,1,learned_energy_regularized,1,-0.057027450345056366,-0.05757787587369296,0.000550425528636593
robocasa/OpenOven,10,2010361,1,learned_energy_regularized,2,-0.049488111870989594,-0.04985889201286581,0.0003707801418762133
robocasa/OpenOven,10,2010361,1,learned_energy_regularized,4,-0.04259952971431931,-0.04288045046006269,0.0002809207457433807
robocasa/OpenOven,10,2010361,1,learned_energy_regularized,8,-0.03475186845602869,-0.03518615290756901,0.0004342844515403191
robocasa/OpenOven,10,2010361,1,oracle_real_utility,1,-0.057027450345056366,-0.05757787587369296,0.000550425528636593
robocasa/OpenOven,10,2010361,1,oracle_real_utility,2,-0.048498501434422144,-0.04882748582977577,0.0003289843953536292
robocasa/OpenOven,10,2010361,1,oracle_real_utility,4,-0.04059104284578542,-0.04081720844626456,0.00022616560047913903
robocasa/OpenOven,10,2010361,1,oracle_real_utility,8,-0.03278913480865675,-0.03323768437068893,0.0004485495620321772
robocasa/CloseOven,11,2100357,0,learned_wam,1,-0.04918205734237745,-0.049022495279788,0.0001595620625894495
robocasa/CloseOven,11,2100357,0,learned_wam,2,-0.04331014307649762,-0.04315402773838652,0.00015611533811109995
robocasa/CloseOven,11,2100357,0,learned_wam,4,-0.03898926567545485,-0.03879169737539159,0.00019756830006325415
robocasa/CloseOven,11,2100357,0,learned_wam,8,-0.037010177318446205,-0.03700671906383906,3.4582546071457165e-06
robocasa/CloseOven,11,2100357,0,learned_physics_score,1,-0.04918205734237745,-0.049022495279788,0.0001595620625894495
robocasa/CloseOven,11,2100357,0,learned_physics_score,2,-0.04331014307649762,-0.04315402773838652,0.00015611533811109995
robocasa/CloseOven,11,2100357,0,learned_physics_score,4,-0.03898926567545485,-0.03879169737539159,0.00019756830006325415
robocasa/CloseOven,11,2100357,0,learned_physics_score,8,-0.037010177318446205,-0.03700671906383906,3.4582546071457165e-06
robocasa/CloseOven,11,2100357,0,learned_energy_regularized,1,-0.04918205734237745,-0.049022495279788,0.0001595620625894495
robocasa/CloseOven,11,2100357,0,learned_energy_regularized,2,-0.04330856834233848,-0.043152213644635194,0.00015635469770328841
robocasa/CloseOven,11,2100357,0,learned_energy_regularized,4,-0.03898865054492393,-0.03879129424344686,0.00019735630147707517
robocasa/CloseOven,11,2100357,0,learned_energy_regularized,8,-0.037010159146865576,-0.03700671906383906,3.440083026516605e-06
robocasa/CloseOven,11,2100357,0,oracle_real_utility,1,-0.04918205734237745,-0.049022495279788,0.0001595620625894495
robocasa/CloseOven,11,2100357,0,oracle_real_utility,2,-0.04323260805858848,-0.04308228282434789,0.00015032523424059197
robocasa/CloseOven,11,2100357,0,oracle_real_utility,4,-0.03889107588879606,-0.03871424224350358,0.0001768336452924804
robocasa/CloseOven,11,2100357,0,oracle_real_utility,8,-0.03694124972298839,-0.03695052977914526,9.28005615687122e-06
robocasa/CloseOven,11,2110364,1,learned_wam,1,-0.05432870583183469,-0.054247065593391715,8.164023844297458e-05
robocasa/CloseOven,11,2110364,1,learned_wam,2,-0.047594243856258225,-0.04738917938108588,0.00020506447517234377
robocasa/CloseOven,11,2110364,1,learned_wam,4,-0.04165237979392657,-0.04215829345363078,0.0005059136597042116
robocasa/CloseOven,11,2110364,1,learned_wam,8,-0.038297815855742864,-0.03830149116388458,3.675308141715128e-06
robocasa/CloseOven,11,2110364,1,learned_physics_score,1,-0.05432870583183469,-0.054247065593391715,8.164023844297458e-05
robocasa/CloseOven,11,2110364,1,learned_physics_score,2,-0.047594243856258225,-0.04738917938108588,0.00020506447517234377
robocasa/CloseOven,11,2110364,1,learned_physics_score,4,-0.04165237979392657,-0.04215829345363078,0.0005059136597042116
robocasa/CloseOven,11,2110364,1,learned_physics_score,8,-0.038297815855742864,-0.03830149116388458,3.675308141715128e-06
robocasa/CloseOven,11,2110364,1,learned_energy_regularized,1,-0.05432870583183469,-0.054247065593391715,8.164023844297458e-05
robocasa/CloseOven,11,2110364,1,learned_energy_regularized,2,-0.050564538190786205,-0.050208686666751275,0.0003558515240349308
robocasa/CloseOven,11,2110364,1,learned_energy_regularized,4,-0.048511333101740134,-0.04839757716534743,0.00011375593639270654
robocasa/CloseOven,11,2110364,1,learned_energy_regularized,8,-0.05095639938171521,-0.051105725716855316,0.00014932633514010835
robocasa/CloseOven,11,2110364,1,oracle_real_utility,1,-0.05432870583183469,-0.054247065593391715,8.164023844297458e-05
robocasa/CloseOven,11,2110364,1,oracle_real_utility,2,-0.0468606660463593,-0.04665949179170592,0.00020117425465338012
robocasa/CloseOven,11,2110364,1,oracle_real_utility,4,-0.0412774791403644,-0.04177628699587027,0.0004988078555058714
robocasa/CloseOven,11,2110364,1,oracle_real_utility,8,-0.038218777936783334,-0.03822458778798021,5.809851196879323e-06
robocasa/OpenDishwasher,12,2200360,0,learned_wam,1,-0.05331649392843247,-0.05322816215753555,8.833177089691974e-05
robocasa/OpenDishwasher,12,2200360,0,learned_wam,2,-0.05177602980285883,-0.05184312749862671,6.709769576788288e-05
robocasa/OpenDishwasher,12,2200360,0,learned_wam,4,-0.051869751820922835,-0.05190842673301697,3.867491209413182e-05
robocasa/OpenDishwasher,12,2200360,0,learned_wam,8,-0.05289681187911825,-0.052892171809673316,4.640069444936112e-06
robocasa/OpenDishwasher,12,2200360,0,learned_physics_score,1,-0.05331649392843247,-0.05322816215753555,8.833177089691974e-05
robocasa/OpenDishwasher,12,2200360,0,learned_physics_score,2,-0.05177602980285883,-0.05184312749862671,6.709769576788288e-05
robocasa/OpenDishwasher,12,2200360,0,learned_physics_score,4,-0.051869751820922835,-0.05190842673301697,3.867491209413182e-05
robocasa/OpenDishwasher,12,2200360,0,learned_physics_score,8,-0.05289681187911825,-0.052892171809673316,4.640069444936112e-06
robocasa/OpenDishwasher,12,2200360,0,learned_energy_regularized,1,-0.053316493928432476,-0.05322816215753555,8.833177089692668e-05
robocasa/OpenDishwasher,12,2200360,0,learned_energy_regularized,2,-0.049829829446971424,-0.04985917106151581,2.9341614544382832e-05
robocasa/OpenDishwasher,12,2200360,0,learned_energy_regularized,4,-0.04708465561212506,-0.04706710740566253,1.7548206462533744e-05
robocasa/OpenDishwasher,12,2200360,0,learned_energy_regularized,8,-0.0454625872298378,-0.04545628462791443,6.302601923371953e-06
robocasa/OpenDishwasher,12,2200360,0,oracle_real_utility,1,-0.053316493928432476,-0.05322816215753555,8.833177089692668e-05
robocasa/OpenDishwasher,12,2200360,0,oracle_real_utility,2,-0.049762349687516694,-0.04979942401409149,3.707432657479304e-05
robocasa/OpenDishwasher,12,2200360,0,oracle_real_utility,4,-0.04684149065229576,-0.04682792356014251,1.356709215324936e-05
robocasa/OpenDishwasher,12,2200360,0,oracle_real_utility,8,-0.04478339097542218,-0.0447573673582077,2.6023617214480932e-05
robocasa/OpenDishwasher,12,2210367,1,learned_wam,1,-0.05737376883625984,-0.05732916213035583,4.460670590400451e-05
robocasa/OpenDishwasher,12,2210367,1,learned_wam,2,-0.05394360484555364,-0.05391325480580329,3.035003975034728e-05
robocasa/OpenDishwasher,12,2210367,1,learned_wam,4,-0.049358911897579676,-0.04915738573193549,0.00020152616564418635
robocasa/OpenDishwasher,12,2210367,1,learned_wam,8,-0.046089440677966775,-0.046175901556015,8.646087804822788e-05
robocasa/OpenDishwasher,12,2210367,1,learned_physics_score,1,-0.05737376883625984,-0.05732916213035583,4.460670590400451e-05
robocasa/OpenDishwasher,12,2210367,1,learned_physics_score,2,-0.05394360484555364,-0.05391325480580329,3.035003975034728e-05
robocasa/OpenDishwasher,12,2210367,1,learned_physics_score,4,-0.049358911897579676,-0.04915738573193549,0.00020152616564418635
robocasa/OpenDishwasher,12,2210367,1,learned_physics_score,8,-0.046089440677966775,-0.046175901556015,8.646087804822788e-05
robocasa/OpenDishwasher,12,2210367,1,learned_energy_regularized,1,-0.05737376883625984,-0.05732916213035583,4.460670590400451e-05
robocasa/OpenDishwasher,12,2210367,1,learned_energy_regularized,2,-0.052513511683791876,-0.05249404695034027,1.9464733451608762e-05
robocasa/OpenDishwasher,12,2210367,1,learned_energy_regularized,4,-0.047747638172877485,-0.04753394498944282,0.0002136931834346642
robocasa/OpenDishwasher,12,2210367,1,learned_energy_regularized,8,-0.043767074321261465,-0.04387996154904366,0.0001128872277821949
robocasa/OpenDishwasher,12,2210367,1,oracle_real_utility,1,-0.05737376883625984,-0.05732916213035583,4.460670590400451e-05
robocasa/OpenDishwasher,12,2210367,1,oracle_real_utility,2,-0.05244620805606246,-0.05242231887817383,2.388917788863354e-05
robocasa/OpenDishwasher,12,2210367,1,oracle_real_utility,4,-0.04765413556568092,-0.04744706065535545,0.00020707491032546932
robocasa/OpenDishwasher,12,2210367,1,oracle_real_utility,8,-0.04373818870673027,-0.043853046821355816,0.00011485811462554757
robocasa/CloseDishwasher,13,2300363,0,learned_wam,1,-0.04690048053860665,-0.04675232507705688,0.00014815546154976766
robocasa/CloseDishwasher,13,2300363,0,learned_wam,2,-0.04395972425118089,-0.0438960884976387,6.363575354218637e-05
robocasa/CloseDishwasher,13,2300363,0,learned_wam,4,-0.04251855916721979,-0.04243678083539009,8.177833182970023e-05
robocasa/CloseDishwasher,13,2300363,0,learned_wam,8,-0.041600154835685785,-0.041678883032798764,7.872819711297885e-05
robocasa/CloseDishwasher,13,2300363,0,learned_physics_score,1,-0.04690048053860665,-0.04675232507705688,0.00014815546154976766
robocasa/CloseDishwasher,13,2300363,0,learned_physics_score,2,-0.04395972425118089,-0.0438960884976387,6.363575354218637e-05
robocasa/CloseDishwasher,13,2300363,0,learned_physics_score,4,-0.04251855916721979,-0.04243678083539009,8.177833182970023e-05
robocasa/CloseDishwasher,13,2300363,0,learned_physics_score,8,-0.041600154835685785,-0.041678883032798764,7.872819711297885e-05
robocasa/CloseDishwasher,13,2300363,0,learned_energy_regularized,1,-0.04690048053860665,-0.04675232507705688,0.00014815546154976766
robocasa/CloseDishwasher,13,2300363,0,learned_energy_regularized,2,-0.043314206991344695,-0.04325754580259323,5.666118875146536e-05
robocasa/CloseDishwasher,13,2300363,0,learned_energy_regularized,4,-0.040662697045190724,-0.04062805636525154,3.4640679939183794e-05
robocasa/CloseDishwasher,13,2300363,0,learned_energy_regularized,8,-0.03928538998636533,-0.03918550955414773,9.988043221759862e-05
robocasa/CloseDishwasher,13,2300363,0,oracle_real_utility,1,-0.04690048053860665,-0.04675232507705688,0.00014815546154976766
robocasa/CloseDishwasher,13,2300363,0,oracle_real_utility,2,-0.04326479790732265,-0.04321011308193207,5.468482539058156e-05
robocasa/CloseDishwasher,13,2300363,0,oracle_real_utility,4,-0.04043495204852661,-0.04039879821538925,3.615383313736176e-05
robocasa/CloseDishwasher,13,2300363,0,oracle_real_utility,8,-0.03863256541454597,-0.038515127102136615,0.00011743831240935282
robocasa/CloseDishwasher,13,2310370,1,learned_wam,1,-0.0542320042103529,-0.05400659976065159,0.0002254044497013094
robocasa/CloseDishwasher,13,2310370,1,learned_wam,2,-0.04722540662623942,-0.04681015242576599,0.00041525420047342637
robocasa/CloseDishwasher,13,2310370,1,learned_wam,4,-0.039987283283990115,-0.039697275042533876,0.00029000824145623827
robocasa/CloseDishwasher,13,2310370,1,learned_wam,8,-0.03349934238566792,-0.033432004327178,6.733805848992136e-05
robocasa/CloseDishwasher,13,2310370,1,learned_physics_score,1,-0.0542320042103529,-0.05400659976065159,0.0002254044497013094
robocasa/CloseDishwasher,13,2310370,1,learned_physics_score,2,-0.04722540662623942,-0.04681015242576599,0.00041525420047342637
robocasa/CloseDishwasher,13,2310370,1,learned_physics_score,4,-0.039987283283990115,-0.039697275042533876,0.00029000824145623827
robocasa/CloseDishwasher,13,2310370,1,learned_physics_score,8,-0.03349934238566792,-0.033432004327178,6.733805848992136e-05
robocasa/CloseDishwasher,13,2310370,1,learned_energy_regularized,1,-0.05423200421035289,-0.05400659976065159,0.00022540444970129553
robocasa/CloseDishwasher,13,2310370,1,learned_energy_regularized,2,-0.04706199728883803,-0.046657368662357326,0.00040462862648070475
robocasa/CloseDishwasher,13,2310370,1,learned_energy_regularized,4,-0.039848251548974076,-0.039566077179908746,0.00028217436906533
robocasa/CloseDishwasher,13,2310370,1,learned_energy_regularized,8,-0.033455573862665094,-0.0333878917402029,6.768212246219263e-05
robocasa/CloseDishwasher,13,2310370,1,oracle_real_utility,1,-0.0542320042103529,-0.05400659976065159,0.0002254044497013094
robocasa/CloseDishwasher,13,2310370,1,oracle_real_utility,2,-0.04703739219345153,-0.046630598318576806,0.0004067938748747238
robocasa/CloseDishwasher,13,2310370,1,oracle_real_utility,4,-0.0398271065451263,-0.039547967829704274,0.0002791387154220254
robocasa/CloseDishwasher,13,2310370,1,oracle_real_utility,8,-0.03345310203349104,-0.033387104377150534,6.599765634050792e-05
robocasa/OpenFridge,14,2400366,0,learned_wam,1,-0.055102510348603514,-0.054008724384703805,0.00109378596389971
robocasa/OpenFridge,14,2400366,0,learned_wam,2,-0.04493574650981444,-0.04437878836753825,0.0005569581422761871
robocasa/OpenFridge,14,2400366,0,learned_wam,4,-0.038852916802821214,-0.038842289097637324,1.0627705183889613e-05
robocasa/OpenFridge,14,2400366,0,learned_wam,8,-0.03472935726182058,-0.03452161072997777,0.00020774653184281455
robocasa/OpenFridge,14,2400366,0,learned_physics_score,1,-0.055102510348603514,-0.054008724384703805,0.00109378596389971
robocasa/OpenFridge,14,2400366,0,learned_physics_score,2,-0.04493574650981444,-0.04437878836753825,0.0005569581422761871
robocasa/OpenFridge,14,2400366,0,learned_physics_score,4,-0.038852916802821214,-0.038842289097637324,1.0627705183889613e-05
robocasa/OpenFridge,14,2400366,0,learned_physics_score,8,-0.03472935726182058,-0.03452161072997777,0.00020774653184281455
robocasa/OpenFridge,14,2400366,0,learned_energy_regularized,1,-0.055102510348603514,-0.054008724384703805,0.00109378596389971
robocasa/OpenFridge,14,2400366,0,learned_energy_regularized,2,-0.04493574650981444,-0.04437878836753825,0.0005569581422761871
robocasa/OpenFridge,14,2400366,0,learned_energy_regularized,4,-0.038852916802821214,-0.038842289097637324,1.0627705183889613e-05
robocasa/OpenFridge,14,2400366,0,learned_energy_regularized,8,-0.03472935726182058,-0.03452161072997777,0.00020774653184281455
robocasa/OpenFridge,14,2400366,0,oracle_real_utility,1,-0.055102510348603514,-0.054008724384703805,0.00109378596389971
robocasa/OpenFridge,14,2400366,0,oracle_real_utility,2,-0.04443378836666955,-0.0438956515709051,0.000538136795764449
robocasa/OpenFridge,14,2400366,0,oracle_real_utility,4,-0.037597957688814077,-0.037634564378558055,3.660668974397874e-05
robocasa/OpenFridge,14,2400366,0,oracle_real_utility,8,-0.033480297293521914,-0.033237239377917754,0.00024305791560415985
robocasa/OpenFridge,14,2410373,1,learned_wam,1,-0.04623785934870629,-0.046724599613717374,0.0004867402650110819
robocasa/OpenFridge,14,2410373,1,learned_wam,2,-0.041162045095189476,-0.0407396912243777,0.00042235387081177717
robocasa/OpenFridge,14,2410373,1,learned_wam,4,-0.036802567260549285,-0.03730004468922908,0.0004974774286797962
robocasa/OpenFridge,14,2410373,1,learned_wam,8,-0.03207798441854881,-0.03201796850203204,6.00159165167688e-05
robocasa/OpenFridge,14,2410373,1,learned_physics_score,1,-0.04623785934870629,-0.046724599613717374,0.0004867402650110819
robocasa/OpenFridge,14,2410373,1,learned_physics_score,2,-0.041162045095189476,-0.0407396912243777,0.00042235387081177717
robocasa/OpenFridge,14,2410373,1,learned_physics_score,4,-0.036802567260549285,-0.03730004468922908,0.0004974774286797962
robocasa/OpenFridge,14,2410373,1,learned_physics_score,8,-0.03207798441854881,-0.03201796850203204,6.00159165167688e-05
robocasa/OpenFridge,14,2410373,1,learned_energy_regularized,1,-0.046237859348706285,-0.046724599613717374,0.00048674026501108886
robocasa/OpenFridge,14,2410373,1,learned_energy_regularized,2,-0.040422132165665856,-0.040067833449575534,0.0003542987160903219
robocasa/OpenFridge,14,2410373,1,learned_energy_regularized,4,-0.03577428532942507,-0.036202686181714884,0.00042840085228981056
robocasa/OpenFridge,14,2410373,1,learned_energy_regularized,8,-0.0316035177038648,-0.031541338019725994,6.217968413880365e-05
robocasa/OpenFridge,14,2410373,1,oracle_real_utility,1,-0.04623785934870629,-0.046724599613717374,0.0004867402650110819
robocasa/OpenFridge,14,2410373,1,oracle_real_utility,2,-0.03966969282175984,-0.03938426109070797,0.00028543173105186753
robocasa/OpenFridge,14,2410373,1,oracle_real_utility,4,-0.03433139669275406,-0.03480211629347864,0.00047071960072457564
robocasa/OpenFridge,14,2410373,1,oracle_real_utility,8,-0.03057168691779677,-0.030575079183230897,3.392265434127434e-06
robocasa/CloseFridge,15,2500369,0,learned_wam,1,-0.053130670990449394,-0.05291126373267298,0.00021940725777641612
robocasa/CloseFridge,15,2500369,0,learned_wam,2,-0.048800337405430494,-0.049030872069911254,0.0002305346644807596
robocasa/CloseFridge,15,2500369,0,learned_wam,4,-0.047534304695557916,-0.04738000338870325,0.0001543013068546692
robocasa/CloseFridge,15,2500369,0,learned_wam,8,-0.04912880137718923,-0.049102390796776016,2.6410580413215035e-05
robocasa/CloseFridge,15,2500369,0,learned_physics_score,1,-0.053130670990449394,-0.05291126373267298,0.00021940725777641612
robocasa/CloseFridge,15,2500369,0,learned_physics_score,2,-0.048800337405430494,-0.049030872069911254,0.0002305346644807596
robocasa/CloseFridge,15,2500369,0,learned_physics_score,4,-0.047534304695557916,-0.04738000338870325,0.0001543013068546692
robocasa/CloseFridge,15,2500369,0,learned_physics_score,8,-0.04912880137718923,-0.049102390796776016,2.6410580413215035e-05
robocasa/CloseFridge,15,2500369,0,learned_energy_regularized,1,-0.053130670990449394,-0.05291126373267298,0.00021940725777641612
robocasa/CloseFridge,15,2500369,0,learned_energy_regularized,2,-0.049028536310579254,-0.04926601801547256,0.0002374817048933081
robocasa/CloseFridge,15,2500369,0,learned_energy_regularized,4,-0.04753949196641778,-0.04754754659331046,8.054626892677053e-06
robocasa/CloseFridge,15,2500369,0,learned_energy_regularized,8,-0.047365442334847956,-0.04738958542743616,2.414309258820524e-05
robocasa/CloseFridge,15,2500369,0,oracle_real_utility,1,-0.053130670990449394,-0.05291126373267298,0.00021940725777641612
robocasa/CloseFridge,15,2500369,0,oracle_real_utility,2,-0.0473913121476809,-0.04754093830037984,0.00014962615269893675
robocasa/CloseFridge,15,2500369,0,oracle_real_utility,4,-0.04338654084420849,-0.04355566703179856,0.00016912618759007403
robocasa/CloseFridge,15,2500369,0,oracle_real_utility,8,-0.04148178171823625,-0.04155298770066428,7.120598242803255e-05
robocasa/CloseFridge,15,2510376,1,learned_wam,1,-0.04760961955647183,-0.04752007704355174,8.95425129200933e-05
robocasa/CloseFridge,15,2510376,1,learned_wam,2,-0.04233631072626358,-0.04211055047217997,0.00022576025408360678
robocasa/CloseFridge,15,2510376,1,learned_wam,4,-0.03930286914779904,-0.0391916672907533,0.0001112018570457382
robocasa/CloseFridge,15,2510376,1,learned_wam,8,-0.038962691208365166,-0.0389420658176188,2.06253907463691e-05
robocasa/CloseFridge,15,2510376,1,learned_physics_score,1,-0.04760961955647183,-0.04752007704355174,8.95425129200933e-05
robocasa/CloseFridge,15,2510376,1,learned_physics_score,2,-0.04233631072626358,-0.04211055047217997,0.00022576025408360678
robocasa/CloseFridge,15,2510376,1,learned_physics_score,4,-0.03930286914779904,-0.0391916672907533,0.0001112018570457382
robocasa/CloseFridge,15,2510376,1,learned_physics_score,8,-0.038962691208365166,-0.0389420658176188,2.06253907463691e-05
robocasa/CloseFridge,15,2510376,1,learned_energy_regularized,1,-0.04760961955647183,-0.04752007704355174,8.95425129200933e-05
robocasa/CloseFridge,15,2510376,1,learned_energy_regularized,2,-0.04304105243107075,-0.042800887677640245,0.00024016475343050653
robocasa/CloseFridge,15,2510376,1,learned_energy_regularized,4,-0.04051616154844198,-0.040436120023877704,8.004152456427688e-05
robocasa/CloseFridge,15,2510376,1,learned_energy_regularized,8,-0.0408854432789012,-0.04082157870585945,6.386457304174975e-05
robocasa/CloseFridge,15,2510376,1,oracle_real_utility,1,-0.04760961955647183,-0.04752007704355174,8.95425129200933e-05
robocasa/CloseFridge,15,2510376,1,oracle_real_utility,2,-0.04197294778139748,-0.04171212924990041,0.0002608185314970646
robocasa/CloseFridge,15,2510376,1,oracle_real_utility,4,-0.037950957435074706,-0.03785087528518671,0.00010008214988799918
robocasa/CloseFridge,15,2510376,1,oracle_real_utility,8,-0.035337476936853456,-0.035356792893707946,1.931595685449039e-05
robocasa/OpenFridgeDrawer,16,2600372,0,learned_wam,1,-0.048735337963597095,-0.04803918442217962,0.0006961535414174713
robocasa/OpenFridgeDrawer,16,2600372,0,learned_wam,2,-0.04102650789445116,-0.04056829077527143,0.0004582171191797324
robocasa/OpenFridgeDrawer,16,2600372,0,learned_wam,4,-0.03382812089806138,-0.033595809797471135,0.0002323111005902434
robocasa/OpenFridgeDrawer,16,2600372,0,learned_wam,8,-0.028548486497196164,-0.02851689140284805,3.159509434811497e-05
robocasa/OpenFridgeDrawer,16,2600372,0,learned_physics_score,1,-0.048735337963597095,-0.04803918442217962,0.0006961535414174713
robocasa/OpenFridgeDrawer,16,2600372,0,learned_physics_score,2,-0.04102650789445116,-0.04056829077527143,0.0004582171191797324
robocasa/OpenFridgeDrawer,16,2600372,0,learned_physics_score,4,-0.03382812089806138,-0.033595809797471135,0.0002323111005902434
robocasa/OpenFridgeDrawer,16,2600372,0,learned_physics_score,8,-0.028548486497196164,-0.02851689140284805,3.159509434811497e-05
robocasa/OpenFridgeDrawer,16,2600372,0,learned_energy_regularized,1,-0.048735337963597095,-0.04803918442217962,0.0006961535414174713
robocasa/OpenFridgeDrawer,16,2600372,0,learned_energy_regularized,2,-0.042105047749909946,-0.04165943614276674,0.00044561160714320924
robocasa/OpenFridgeDrawer,16,2600372,0,learned_energy_regularized,4,-0.0346625486739182,-0.03424886320560786,0.00041368546831033887
robocasa/OpenFridgeDrawer,16,2600372,0,learned_energy_regularized,8,-0.028774347782327233,-0.02871240450651681,6.194327581042144e-05
robocasa/OpenFridgeDrawer,16,2600372,0,oracle_real_utility,1,-0.0487353379635971,-0.04803918442217962,0.0006961535414174783
robocasa/OpenFridgeDrawer,16,2600372,0,oracle_real_utility,2,-0.04069674316150985,-0.040215810977603,0.0004809321839068445
robocasa/OpenFridgeDrawer,16,2600372,0,oracle_real_utility,4,-0.03344010862163715,-0.03315063234386047,0.00028947627777668045
robocasa/OpenFridgeDrawer,16,2600372,0,oracle_real_utility,8,-0.028170581968468965,-0.028113468693135652,5.71132753333127e-05
robocasa/OpenFridgeDrawer,16,2610379,1,learned_wam,1,-0.055154045661071106,-0.05564102481395642,0.000486979152885314
robocasa/OpenFridgeDrawer,16,2610379,1,learned_wam,2,-0.0516269674587608,-0.05135329176524986,0.0002736756935109441
robocasa/OpenFridgeDrawer,16,2610379,1,learned_wam,4,-0.046407710537889446,-0.04606701979823625,0.00034069073965319746
robocasa/OpenFridgeDrawer,16,2610379,1,learned_wam,8,-0.04157293258796145,-0.0414159501640743,0.00015698242388714756
robocasa/OpenFridgeDrawer,16,2610379,1,learned_physics_score,1,-0.055154045661071106,-0.05564102481395642,0.000486979152885314
robocasa/OpenFridgeDrawer,16,2610379,1,learned_physics_score,2,-0.0516269674587608,-0.05135329176524986,0.0002736756935109441
robocasa/OpenFridgeDrawer,16,2610379,1,learned_physics_score,4,-0.046407710537889446,-0.04606701979823625,0.00034069073965319746
robocasa/OpenFridgeDrawer,16,2610379,1,learned_physics_score,8,-0.04157293258796145,-0.0414159501640743,0.00015698242388714756
robocasa/OpenFridgeDrawer,16,2610379,1,learned_energy_regularized,1,-0.05515404566107111,-0.05564102481395642,0.0004869791528853071
robocasa/OpenFridgeDrawer,16,2610379,1,learned_energy_regularized,2,-0.05229888830257469,-0.0518964159528071,0.00040247234976759083
robocasa/OpenFridgeDrawer,16,2610379,1,learned_energy_regularized,4,-0.050425736607801,-0.05036015853648212,6.557807131888499e-05
robocasa/OpenFridgeDrawer,16,2610379,1,learned_energy_regularized,8,-0.05161525925998253,-0.05147941747624431,0.00013584178373822475
robocasa/OpenFridgeDrawer,16,2610379,1,oracle_real_utility,1,-0.055154045661071106,-0.05564102481395642,0.000486979152885314
robocasa/OpenFridgeDrawer,16,2610379,1,oracle_real_utility,2,-0.050348255136827065,-0.05022513707030671,0.00012311806652035712
robocasa/OpenFridgeDrawer,16,2610379,1,oracle_real_utility,4,-0.04525467743571634,-0.04502505713531776,0.00022962030039858083
robocasa/OpenFridgeDrawer,16,2610379,1,oracle_real_utility,8,-0.041176396700727404,-0.04108358861127237,9.280808945503344e-05
robocasa/PickPlaceCounterToCabinet,17,2700375,0,learned_wam,1,-0.050273310391133544,-0.05042773734032701,0.00015442694919346606
robocasa/PickPlaceCounterToCabinet,17,2700375,0,learned_wam,2,-0.0431474437773883,-0.0429858380521418,0.00016160572524649697
robocasa/PickPlaceCounterToCabinet,17,2700375,0,learned_wam,4,-0.03617249887404383,-0.03559298996286581,0.0005795089111780144
robocasa/PickPlaceCounterToCabinet,17,2700375,0,learned_wam,8,-0.029198342434225956,-0.029300405257994183,0.00010206282376822723
robocasa/PickPlaceCounterToCabinet,17,2700375,0,learned_physics_score,1,-0.050273310391133544,-0.05042773734032701,0.00015442694919346606
robocasa/PickPlaceCounterToCabinet,17,2700375,0,learned_physics_score,2,-0.0431474437773883,-0.0429858380521418,0.00016160572524649697
robocasa/PickPlaceCounterToCabinet,17,2700375,0,learned_physics_score,4,-0.03617249887404383,-0.03559298996286581,0.0005795089111780144
robocasa/PickPlaceCounterToCabinet,17,2700375,0,learned_physics_score,8,-0.029198342434225956,-0.029300405257994183,0.00010206282376822723
robocasa/PickPlaceCounterToCabinet,17,2700375,0,learned_energy_regularized,1,-0.050273310391133544,-0.05042773734032701,0.00015442694919346606
robocasa/PickPlaceCounterToCabinet,17,2700375,0,learned_energy_regularized,2,-0.04349827367911199,-0.0432414757717923,0.00025679790731969465
robocasa/PickPlaceCounterToCabinet,17,2700375,0,learned_energy_regularized,4,-0.03684332500079334,-0.036159229855483505,0.0006840951453098362
robocasa/PickPlaceCounterToCabinet,17,2700375,0,learned_energy_regularized,8,-0.029462705916064227,-0.029642582265861726,0.00017987634979749895
robocasa/PickPlaceCounterToCabinet,17,2700375,0,oracle_real_utility,1,-0.050273310391133544,-0.05042773734032701,0.00015442694919346606
robocasa/PickPlaceCounterToCabinet,17,2700375,0,oracle_real_utility,2,-0.04174341356054215,-0.041466368791134994,0.00027704476940715317
robocasa/PickPlaceCounterToCabinet,17,2700375,0,oracle_real_utility,4,-0.03434322380060009,-0.03376317310127385,0.0005800506993262414
robocasa/PickPlaceCounterToCabinet,17,2700375,0,oracle_real_utility,8,-0.02779303886744482,-0.027911498050754404,0.0001184591833095841
robocasa/PickPlaceCounterToCabinet,17,2710382,1,learned_wam,1,-0.06157983737785397,-0.061887875527283864,0.0003080381494298956
robocasa/PickPlaceCounterToCabinet,17,2710382,1,learned_wam,2,-0.05476565605188199,-0.055998229893540495,0.0012325738416585075
robocasa/PickPlaceCounterToCabinet,17,2710382,1,learned_wam,4,-0.04781415399406172,-0.0476195090507026,0.00019464494335912075
robocasa/PickPlaceCounterToCabinet,17,2710382,1,learned_wam,8,-0.043324386847787895,-0.04340683445250042,8.244760471252249e-05
robocasa/PickPlaceCounterToCabinet,17,2710382,1,learned_physics_score,1,-0.06157983737785397,-0.061887875527283864,0.0003080381494298956
robocasa/PickPlaceCounterToCabinet,17,2710382,1,learned_physics_score,2,-0.05476565605188199,-0.055998229893540495,0.0012325738416585075
robocasa/PickPlaceCounterToCabinet,17,2710382,1,learned_physics_score,4,-0.04781415399406172,-0.0476195090507026,0.00019464494335912075
robocasa/PickPlaceCounterToCabinet,17,2710382,1,learned_physics_score,8,-0.043324386847787895,-0.04340683445250042,8.244760471252249e-05
robocasa/PickPlaceCounterToCabinet,17,2710382,1,learned_energy_regularized,1,-0.06157983737785396,-0.061887875527283864,0.00030803814942990254
robocasa/PickPlaceCounterToCabinet,17,2710382,1,learned_energy_regularized,2,-0.054781559810295026,-0.055966194653439175,0.0011846348431441486
robocasa/PickPlaceCounterToCabinet,17,2710382,1,learned_energy_regularized,4,-0.047824093843069876,-0.047696914102522685,0.0001271797405471911
robocasa/PickPlaceCounterToCabinet,17,2710382,1,learned_energy_regularized,8,-0.04332527745437627,-0.043407597832904245,8.232037852797663e-05
robocasa/PickPlaceCounterToCabinet,17,2710382,1,oracle_real_utility,1,-0.06157983737785396,-0.061887875527283864,0.00030803814942990254
robocasa/PickPlaceCounterToCabinet,17,2710382,1,oracle_real_utility,2,-0.05332736455231726,-0.05444853805937683,0.001121173507059564
robocasa/PickPlaceCounterToCabinet,17,2710382,1,oracle_real_utility,4,-0.04563619127169489,-0.045460392787318796,0.00017579848437609263
robocasa/PickPlaceCounterToCabinet,17,2710382,1,oracle_real_utility,8,-0.039910002937134176,-0.03992452892368717,1.452598655299342e-05
robocasa/PickPlaceCounterToDrawer,18,2800378,0,learned_wam,1,-0.05980399339992657,-0.059904146347202494,0.00010015294727592355
robocasa/PickPlaceCounterToDrawer,18,2800378,0,learned_wam,2,-0.05153682924827792,-0.05164366429579072,0.00010683504751279882
robocasa/PickPlaceCounterToDrawer,18,2800378,0,learned_wam,4,-0.04379045033633369,-0.04344569889753165,0.0003447514388020406
robocasa/PickPlaceCounterToDrawer,18,2800378,0,learned_wam,8,-0.038612800838704046,-0.03859227841461539,2.0522424088655067e-05
robocasa/PickPlaceCounterToDrawer,18,2800378,0,learned_physics_score,1,-0.05980399339992657,-0.059904146347202494,0.00010015294727592355
robocasa/PickPlaceCounterToDrawer,18,2800378,0,learned_physics_score,2,-0.05153682924827792,-0.05164366429579072,0.00010683504751279882
robocasa/PickPlaceCounterToDrawer,18,2800378,0,learned_physics_score,4,-0.04379045033633369,-0.04344569889753165,0.0003447514388020406
robocasa/PickPlaceCounterToDrawer,18,2800378,0,learned_physics_score,8,-0.038612800838704046,-0.03859227841461539,2.0522424088655067e-05
robocasa/PickPlaceCounterToDrawer,18,2800378,0,learned_energy_regularized,1,-0.05980399339992657,-0.059904146347202494,0.00010015294727592355
robocasa/PickPlaceCounterToDrawer,18,2800378,0,learned_energy_regularized,2,-0.05581703521285014,-0.05619102614301294,0.0003739909301627986
robocasa/PickPlaceCounterToDrawer,18,2800378,0,learned_energy_regularized,4,-0.04878648027619789,-0.04861015797888848,0.0001763222973094128
robocasa/PickPlaceCounterToDrawer,18,2800378,0,learned_energy_regularized,8,-0.04095911819092496,-0.04052397992927108,0.0004351382616538807
robocasa/PickPlaceCounterToDrawer,18,2800378,0,oracle_real_utility,1,-0.05980399339992657,-0.059904146347202494,0.00010015294727592355
robocasa/PickPlaceCounterToDrawer,18,2800378,0,oracle_real_utility,2,-0.05052288518519944,-0.05047706512922372,4.5820055975726026e-05
robocasa/PickPlaceCounterToDrawer,18,2800378,0,oracle_real_utility,4,-0.04293554269711705,-0.04264069243126039,0.00029485026585666235
robocasa/PickPlaceCounterToDrawer,18,2800378,0,oracle_real_utility,8,-0.038435670858433385,-0.03841247318548275,2.3197672950635295e-05
robocasa/PickPlaceCounterToDrawer,18,2810385,1,learned_wam,1,-0.04520161640349221,-0.04559647567006237,0.0003948592665701592
robocasa/PickPlaceCounterToDrawer,18,2810385,1,learned_wam,2,-0.037356968591986485,-0.037480566086446156,0.00012359749445967072
robocasa/PickPlaceCounterToDrawer,18,2810385,1,learned_wam,4,-0.03300615995023527,-0.03303676884958892,3.060889935364852e-05
robocasa/PickPlaceCounterToDrawer,18,2810385,1,learned_wam,8,-0.031255128179573176,-0.031210817289224053,4.431089034912308e-05
robocasa/PickPlaceCounterToDrawer,18,2810385,1,learned_physics_score,1,-0.04520161640349221,-0.04559647567006237,0.0003948592665701592
robocasa/PickPlaceCounterToDrawer,18,2810385,1,learned_physics_score,2,-0.037356968591986485,-0.037480566086446156,0.00012359749445967072
robocasa/PickPlaceCounterToDrawer,18,2810385,1,learned_physics_score,4,-0.03300615995023527,-0.03303676884958892,3.060889935364852e-05
robocasa/PickPlaceCounterToDrawer,18,2810385,1,learned_physics_score,8,-0.031255128179573176,-0.031210817289224053,4.431089034912308e-05
robocasa/PickPlaceCounterToDrawer,18,2810385,1,learned_energy_regularized,1,-0.04520161640349221,-0.04559647567006237,0.0003948592665701592
robocasa/PickPlaceCounterToDrawer,18,2810385,1,learned_energy_regularized,2,-0.03832119759581258,-0.03849550003618161,0.00017430244036902715
robocasa/PickPlaceCounterToDrawer,18,2810385,1,learned_energy_regularized,4,-0.0335671194760307,-0.03352027135878859,4.6848117242107024e-05
robocasa/PickPlaceCounterToDrawer,18,2810385,1,learned_energy_regularized,8,-0.03130121750313583,-0.03126114554332647,4.0071959809359625e-05
robocasa/PickPlaceCounterToDrawer,18,2810385,1,oracle_real_utility,1,-0.04520161640349221,-0.04559647567006237,0.0003948592665701592
robocasa/PickPlaceCounterToDrawer,18,2810385,1,oracle_real_utility,2,-0.036978132302772374,-0.03703163004906352,5.349774629114651e-05
robocasa/PickPlaceCounterToDrawer,18,2810385,1,oracle_real_utility,4,-0.03165179027169899,-0.03152149099890155,0.0001302992727974378
robocasa/PickPlaceCounterToDrawer,18,2810385,1,oracle_real_utility,8,-0.02878290756188026,-0.028640542610641938,0.0001423649512383232
robocasa/PickPlaceCounterToMicrowave,19,2900381,0,learned_wam,1,-0.0584746232006228,-0.05763310092838586,0.0008415222722369387
robocasa/PickPlaceCounterToMicrowave,19,2900381,0,learned_wam,2,-0.05397760162400563,-0.054345618680973394,0.0003680170569677621
robocasa/PickPlaceCounterToMicrowave,19,2900381,0,learned_wam,4,-0.04790138433784634,-0.047601155370173315,0.00030022896767302465
robocasa/PickPlaceCounterToMicrowave,19,2900381,0,learned_wam,8,-0.041769034474721106,-0.04194593856585396,0.00017690409113285677
robocasa/PickPlaceCounterToMicrowave,19,2900381,0,learned_physics_score,1,-0.0584746232006228,-0.05763310092838586,0.0008415222722369387
robocasa/PickPlaceCounterToMicrowave,19,2900381,0,learned_physics_score,2,-0.05397760162400563,-0.054345618680973394,0.0003680170569677621
robocasa/PickPlaceCounterToMicrowave,19,2900381,0,learned_physics_score,4,-0.04790138433784634,-0.047601155370173315,0.00030022896767302465
robocasa/PickPlaceCounterToMicrowave,19,2900381,0,learned_physics_score,8,-0.041769034474721106,-0.04194593856585396,0.00017690409113285677
robocasa/PickPlaceCounterToMicrowave,19,2900381,0,learned_energy_regularized,1,-0.0584746232006228,-0.05763310092838586,0.0008415222722369387
robocasa/PickPlaceCounterToMicrowave,19,2900381,0,learned_energy_regularized,2,-0.05403611651442364,-0.05440553792876142,0.0003694214143377811
robocasa/PickPlaceCounterToMicrowave,19,2900381,0,learned_energy_regularized,4,-0.047924241716915866,-0.04762737004108058,0.0002968716758352877
robocasa/PickPlaceCounterToMicrowave,19,2900381,0,learned_energy_regularized,8,-0.04176970970491335,-0.04194781104234734,0.00017810133743399043
robocasa/PickPlaceCounterToMicrowave,19,2900381,0,oracle_real_utility,1,-0.05847462320062281,-0.05763310092838586,0.0008415222722369525
robocasa/PickPlaceCounterToMicrowave,19,2900381,0,oracle_real_utility,2,-0.05251588768852555,-0.05295015999440984,0.00043427230588428956
robocasa/PickPlaceCounterToMicrowave,19,2900381,0,oracle_real_utility,4,-0.046071994470662514,-0.04582206190368066,0.0002499325669818517
robocasa/PickPlaceCounterToMicrowave,19,2900381,0,oracle_real_utility,8,-0.04097366218800799,-0.04111662195144641,0.0001429597634384147
robocasa/PickPlaceCounterToMicrowave,19,2910388,1,learned_wam,1,-0.047050305855816335,-0.0474299242601247,0.0003796184043083628
robocasa/PickPlaceCounterToMicrowave,19,2910388,1,learned_wam,2,-0.03961293903865763,-0.03969988786817902,8.69488295213855e-05
robocasa/PickPlaceCounterToMicrowave,19,2910388,1,learned_wam,4,-0.0328329944391822,-0.032819239495050855,1.3754944131347258e-05
robocasa/PickPlaceCounterToMicrowave,19,2910388,1,learned_wam,8,-0.025683040244493867,-0.025958748863599983,0.0002757086191061166
robocasa/PickPlaceCounterToMicrowave,19,2910388,1,learned_physics_score,1,-0.047050305855816335,-0.0474299242601247,0.0003796184043083628
robocasa/PickPlaceCounterToMicrowave,19,2910388,1,learned_physics_score,2,-0.03961293903865763,-0.03969988786817902,8.69488295213855e-05
robocasa/PickPlaceCounterToMicrowave,19,2910388,1,learned_physics_score,4,-0.0328329944391822,-0.032819239495050855,1.3754944131347258e-05
robocasa/PickPlaceCounterToMicrowave,19,2910388,1,learned_physics_score,8,-0.025683040244493867,-0.025958748863599983,0.0002757086191061166
robocasa/PickPlaceCounterToMicrowave,19,2910388,1,learned_energy_regularized,1,-0.047050305855816335,-0.0474299242601247,0.0003796184043083628
robocasa/PickPlaceCounterToMicrowave,19,2910388,1,learned_energy_regularized,2,-0.039622230763423825,-0.03973205665113313,0.0001098258877093028
robocasa/PickPlaceCounterToMicrowave,19,2910388,1,learned_energy_regularized,4,-0.03285099715591669,-0.03278117837223904,6.981878367764982e-05
robocasa/PickPlaceCounterToMicrowave,19,2910388,1,learned_energy_regularized,8,-0.025693939759769833,-0.025984654746790497,0.00029071498702066406
robocasa/PickPlaceCounterToMicrowave,19,2910388,1,oracle_real_utility,1,-0.047050305855816335,-0.0474299242601247,0.0003796184043083628
robocasa/PickPlaceCounterToMicrowave,19,2910388,1,oracle_real_utility,2,-0.03878019811009269,-0.038859008809596016,7.881069950332886e-05
robocasa/PickPlaceCounterToMicrowave,19,2910388,1,oracle_real_utility,4,-0.03217000243333339,-0.0321545844311385,1.5418002194893254e-05
robocasa/PickPlaceCounterToMicrowave,19,2910388,1,oracle_real_utility,8,-0.02554749067182674,-0.025843322199687564,0.00029583152786082437
robocasa/PickPlaceCounterToSink,20,3000384,0,learned_wam,1,-0.05708844768274446,-0.057550410020021446,0.0004619623372769874
robocasa/PickPlaceCounterToSink,20,3000384,0,learned_wam,2,-0.053434846045159835,-0.05331571980211357,0.00011912624304626779
robocasa/PickPlaceCounterToSink,20,3000384,0,learned_wam,4,-0.04829340146478962,-0.04903002853774488,0.0007366270729552565
robocasa/PickPlaceCounterToSink,20,3000384,0,learned_wam,8,-0.046012839488219694,-0.04557943998959244,0.0004333994986272516
robocasa/PickPlaceCounterToSink,20,3000384,0,learned_physics_score,1,-0.05708844768274446,-0.057550410020021446,0.0004619623372769874
robocasa/PickPlaceCounterToSink,20,3000384,0,learned_physics_score,2,-0.053434846045159835,-0.05331571980211357,0.00011912624304626779
robocasa/PickPlaceCounterToSink,20,3000384,0,learned_physics_score,4,-0.04829340146478962,-0.04903002853774488,0.0007366270729552565
robocasa/PickPlaceCounterToSink,20,3000384,0,learned_physics_score,8,-0.046012839488219694,-0.04557943998959244,0.0004333994986272516
robocasa/PickPlaceCounterToSink,20,3000384,0,learned_energy_regularized,1,-0.05708844768274446,-0.057550410020021446,0.0004619623372769874
robocasa/PickPlaceCounterToSink,20,3000384,0,learned_energy_regularized,2,-0.05251191359131301,-0.052370636969374426,0.00014127662193858664
robocasa/PickPlaceCounterToSink,20,3000384,0,learned_energy_regularized,4,-0.045835670451395805,-0.04629180819110637,0.0004561377397105659
robocasa/PickPlaceCounterToSink,20,3000384,0,learned_energy_regularized,8,-0.042819031831297594,-0.042397418640353735,0.0004216131909438592
robocasa/PickPlaceCounterToSink,20,3000384,0,oracle_real_utility,1,-0.05708844768274445,-0.057550410020021446,0.0004619623372769943
robocasa/PickPlaceCounterToSink,20,3000384,0,oracle_real_utility,2,-0.048847901725383086,-0.04849592641480504,0.0003519753105780468
robocasa/PickPlaceCounterToSink,20,3000384,0,oracle_real_utility,4,-0.041901233564025316,-0.04228656235298837,0.0003853287889630519
robocasa/PickPlaceCounterToSink,20,3000384,0,oracle_real_utility,8,-0.03654874387236263,-0.03604963692950933,0.0004991069428533015
robocasa/PickPlaceCounterToSink,20,3010391,1,learned_wam,1,-0.06268526079467562,-0.06273011832375443,4.4857529078803915e-05
robocasa/PickPlaceCounterToSink,20,3010391,1,learned_wam,2,-0.056130492369181065,-0.056334104223139565,0.0002036118539585005
robocasa/PickPlaceCounterToSink,20,3010391,1,learned_wam,4,-0.05120150198272996,-0.051309552313014775,0.00010805033028481181
robocasa/PickPlaceCounterToSink,20,3010391,1,learned_wam,8,-0.04889079783192722,-0.04882977141053267,6.1026421394549946e-05
robocasa/PickPlaceCounterToSink,20,3010391,1,learned_physics_score,1,-0.06268526079467562,-0.06273011832375443,4.4857529078803915e-05
robocasa/PickPlaceCounterToSink,20,3010391,1,learned_physics_score,2,-0.056130492369181065,-0.056334104223139565,0.0002036118539585005
robocasa/PickPlaceCounterToSink,20,3010391,1,learned_physics_score,4,-0.05120150198272996,-0.051309552313014775,0.00010805033028481181
robocasa/PickPlaceCounterToSink,20,3010391,1,learned_physics_score,8,-0.04889079783192722,-0.04882977141053267,6.1026421394549946e-05
robocasa/PickPlaceCounterToSink,20,3010391,1,learned_energy_regularized,1,-0.06268526079467562,-0.06273011832375443,4.4857529078803915e-05
robocasa/PickPlaceCounterToSink,20,3010391,1,learned_energy_regularized,2,-0.05648752022694167,-0.056711125640934765,0.00022360541399309153
robocasa/PickPlaceCounterToSink,20,3010391,1,learned_energy_regularized,4,-0.05124055190467254,-0.05132097720446312,8.042529979057633e-05
robocasa/PickPlaceCounterToSink,20,3010391,1,learned_energy_regularized,8,-0.0488909707999827,-0.04882977141053267,6.119938945002568e-05
robocasa/PickPlaceCounterToSink,20,3010391,1,oracle_real_utility,1,-0.06268526079467564,-0.06273011832375443,4.485752907879004e-05
robocasa/PickPlaceCounterToSink,20,3010391,1,oracle_real_utility,2,-0.05546792075000244,-0.05570995771862259,0.0002420369686201504
robocasa/PickPlaceCounterToSink,20,3010391,1,oracle_real_utility,4,-0.0506768080659397,-0.05080516523456435,0.00012835716862465152
robocasa/PickPlaceCounterToSink,20,3010391,1,oracle_real_utility,8,-0.04875416617861408,-0.0487151231844891,3.904299412498674e-05
robocasa/PickPlaceCounterToStove,21,3100387,0,learned_wam,1,-0.051265379479868055,-0.051386040526993276,0.00012066104712522147
robocasa/PickPlaceCounterToStove,21,3100387,0,learned_wam,2,-0.04344823432909898,-0.04331393250617781,0.00013430182292117204
robocasa/PickPlaceCounterToStove,21,3100387,0,learned_wam,4,-0.036910722568102496,-0.03672488352072074,0.00018583904738175838
robocasa/PickPlaceCounterToStove,21,3100387,0,learned_wam,8,-0.03138691453255156,-0.03155578238455868,0.00016886785200712073
robocasa/PickPlaceCounterToStove,21,3100387,0,learned_physics_score,1,-0.051265379479868055,-0.051386040526993276,0.00012066104712522147
robocasa/PickPlaceCounterToStove,21,3100387,0,learned_physics_score,2,-0.04344823432909898,-0.04331393250617781,0.00013430182292117204
robocasa/PickPlaceCounterToStove,21,3100387,0,learned_physics_score,4,-0.036910722568102496,-0.03672488352072074,0.00018583904738175838
robocasa/PickPlaceCounterToStove,21,3100387,0,learned_physics_score,8,-0.03138691453255156,-0.03155578238455868,0.00016886785200712073
robocasa/PickPlaceCounterToStove,21,3100387,0,learned_energy_regularized,1,-0.051265379479868055,-0.051386040526993276,0.00012066104712522147
robocasa/PickPlaceCounterToStove,21,3100387,0,learned_energy_regularized,2,-0.043980545199929715,-0.04401232436870772,3.177916877800807e-05
robocasa/PickPlaceCounterToStove,21,3100387,0,learned_energy_regularized,4,-0.03736817722272266,-0.037252935904584825,0.00011524131813783756
robocasa/PickPlaceCounterToStove,21,3100387,0,learned_energy_regularized,8,-0.03144039051057634,-0.03158985028029185,0.00014945976971551117
robocasa/PickPlaceCounterToStove,21,3100387,0,oracle_real_utility,1,-0.051265379479868055,-0.051386040526993276,0.00012066104712522147
robocasa/PickPlaceCounterToStove,21,3100387,0,oracle_real_utility,2,-0.0428440850997566,-0.042675950919992246,0.00016813417976435652
robocasa/PickPlaceCounterToStove,21,3100387,0,oracle_real_utility,4,-0.036418238583207294,-0.03619840667971876,0.0002198319034885307
robocasa/PickPlaceCounterToStove,21,3100387,0,oracle_real_utility,8,-0.03114192744529399,-0.03130564532856274,0.00016371788326875053
robocasa/PickPlaceCounterToStove,21,3110394,1,learned_wam,1,-0.07007426962207815,-0.07052574394386414,0.000451474321785994
robocasa/PickPlaceCounterToStove,21,3110394,1,learned_wam,2,-0.06354432575251945,-0.06357730375148969,3.297799897024334e-05
robocasa/PickPlaceCounterToStove,21,3110394,1,learned_wam,4,-0.05945489792591861,-0.05884925553233126,0.0006056423935873537
robocasa/PickPlaceCounterToStove,21,3110394,1,learned_wam,8,-0.056426711472264385,-0.056418706924842965,8.00454742141965e-06
robocasa/PickPlaceCounterToStove,21,3110394,1,learned_physics_score,1,-0.07007426962207815,-0.07052574394386414,0.000451474321785994
robocasa/PickPlaceCounterToStove,21,3110394,1,learned_physics_score,2,-0.06354432575251945,-0.06357730375148969,3.297799897024334e-05
robocasa/PickPlaceCounterToStove,21,3110394,1,learned_physics_score,4,-0.05945489792591861,-0.05884925553233126,0.0006056423935873537
robocasa/PickPlaceCounterToStove,21,3110394,1,learned_physics_score,8,-0.056426711472264385,-0.056418706924842965,8.00454742141965e-06
robocasa/PickPlaceCounterToStove,21,3110394,1,learned_energy_regularized,1,-0.07007426962207813,-0.07052574394386414,0.0004514743217860079
robocasa/PickPlaceCounterToStove,21,3110394,1,learned_energy_regularized,2,-0.06397515210518434,-0.06399065428669219,1.5502181507850987e-05
robocasa/PickPlaceCounterToStove,21,3110394,1,learned_energy_regularized,4,-0.06033843674638785,-0.05967981952167563,0.0006586172247122213
robocasa/PickPlaceCounterToStove,21,3110394,1,learned_energy_regularized,8,-0.057114112427766824,-0.05717466151142862,6.054908366179973e-05
robocasa/PickPlaceCounterToStove,21,3110394,1,oracle_real_utility,1,-0.07007426962207813,-0.07052574394386414,0.0004514743217860079
robocasa/PickPlaceCounterToStove,21,3110394,1,oracle_real_utility,2,-0.062215422355659945,-0.06209938164880545,0.00011604070685449636
robocasa/PickPlaceCounterToStove,21,3110394,1,oracle_real_utility,4,-0.05803911184549693,-0.05769213526780605,0.0003469765776908801
robocasa/PickPlaceCounterToStove,21,3110394,1,oracle_real_utility,8,-0.05586363213494227,-0.055906234432516015,4.260229757374612e-05
robocasa/PickPlaceCounterToOven,22,3200390,0,learned_wam,1,-0.04732668539700106,-0.04700446154804069,0.0003222238489603707
robocasa/PickPlaceCounterToOven,22,3200390,0,learned_wam,2,-0.04181975848937124,-0.04181619174187634,3.5667474949027667e-06
robocasa/PickPlaceCounterToOven,22,3200390,0,learned_wam,4,-0.03753800473882758,-0.03762396573123863,8.596099241104521e-05
robocasa/PickPlaceCounterToOven,22,3200390,0,learned_wam,8,-0.03454333111871248,-0.03443739260791184,0.00010593851080063776
robocasa/PickPlaceCounterToOven,22,3200390,0,learned_physics_score,1,-0.04732668539700106,-0.04700446154804069,0.0003222238489603707
robocasa/PickPlaceCounterToOven,22,3200390,0,learned_physics_score,2,-0.04181975848937124,-0.04181619174187634,3.5667474949027667e-06
robocasa/PickPlaceCounterToOven,22,3200390,0,learned_physics_score,4,-0.03753800473882758,-0.03762396573123863,8.596099241104521e-05
robocasa/PickPlaceCounterToOven,22,3200390,0,learned_physics_score,8,-0.03454333111871248,-0.03443739260791184,0.00010593851080063776
robocasa/PickPlaceCounterToOven,22,3200390,0,learned_energy_regularized,1,-0.04732668539700106,-0.04700446154804069,0.0003222238489603707
robocasa/PickPlaceCounterToOven,22,3200390,0,learned_energy_regularized,2,-0.04309520846289967,-0.04307932830779582,1.588015510385621e-05
robocasa/PickPlaceCounterToOven,22,3200390,0,learned_energy_regularized,4,-0.03792991517681982,-0.03806941595566251,0.00013950077884269246
robocasa/PickPlaceCounterToOven,22,3200390,0,learned_energy_regularized,8,-0.03456339349226012,-0.03443739260791184,0.00012600088434827628
robocasa/PickPlaceCounterToOven,22,3200390,0,oracle_real_utility,1,-0.04732668539700106,-0.04700446154804069,0.0003222238489603707
robocasa/PickPlaceCounterToOven,22,3200390,0,oracle_real_utility,2,-0.041430600820038674,-0.0414148625957006,1.5738224338077145e-05
robocasa/PickPlaceCounterToOven,22,3200390,0,oracle_real_utility,4,-0.03698846612575805,-0.037003296112631937,1.482998687388909e-05
robocasa/PickPlaceCounterToOven,22,3200390,0,oracle_real_utility,8,-0.033882623754419736,-0.03377650163967273,0.00010612211474700373
robocasa/PickPlaceCounterToOven,22,3210397,1,learned_wam,1,-0.05296293936928175,-0.053675672145281336,0.0007127327759995847
robocasa/PickPlaceCounterToOven,22,3210397,1,learned_wam,2,-0.04544500584303232,-0.04480069705791381,0.0006443087851185081
robocasa/PickPlaceCounterToOven,22,3210397,1,learned_wam,4,-0.04187625811072979,-0.04188274648072048,6.488369990689802e-06
robocasa/PickPlaceCounterToOven,22,3210397,1,learned_wam,8,-0.04094634476819532,-0.04087910180298285,6.724296521247453e-05
robocasa/PickPlaceCounterToOven,22,3210397,1,learned_physics_score,1,-0.05296293936928175,-0.053675672145281336,0.0007127327759995847
robocasa/PickPlaceCounterToOven,22,3210397,1,learned_physics_score,2,-0.04544500584303232,-0.04480069705791381,0.0006443087851185081
robocasa/PickPlaceCounterToOven,22,3210397,1,learned_physics_score,4,-0.04187625811072979,-0.04188274648072048,6.488369990689802e-06
robocasa/PickPlaceCounterToOven,22,3210397,1,learned_physics_score,8,-0.04094634476819532,-0.04087910180298285,6.724296521247453e-05
robocasa/PickPlaceCounterToOven,22,3210397,1,learned_energy_regularized,1,-0.052962939369281745,-0.053675672145281336,0.0007127327759995916
robocasa/PickPlaceCounterToOven,22,3210397,1,learned_energy_regularized,2,-0.04836483276720094,-0.047466617410206066,0.000898215356994872
robocasa/PickPlaceCounterToOven,22,3210397,1,learned_energy_regularized,4,-0.046110538508828264,-0.045865085802400146,0.00024545270642811756
robocasa/PickPlaceCounterToOven,22,3210397,1,learned_energy_regularized,8,-0.04327823194875998,-0.04338107813602814,0.00010284618726815603
robocasa/PickPlaceCounterToOven,22,3210397,1,oracle_real_utility,1,-0.052962939369281745,-0.053675672145281336,0.0007127327759995916
robocasa/PickPlaceCounterToOven,22,3210397,1,oracle_real_utility,2,-0.04326449366944797,-0.04265402897418329,0.0006104646952646772
robocasa/PickPlaceCounterToOven,22,3210397,1,oracle_real_utility,4,-0.03633819134555289,-0.03621411245155149,0.00012407889400140037
robocasa/PickPlaceCounterToOven,22,3210397,1,oracle_real_utility,8,-0.032156052666895044,-0.03238505775376217,0.00022900508686712895
robocasa/PickPlaceCounterToBlender,23,3300393,0,learned_wam,1,-0.05522019337384459,-0.05544486637726375,0.0002246730034191624
robocasa/PickPlaceCounterToBlender,23,3300393,0,learned_wam,2,-0.04946181664904167,-0.04953073136335367,6.891471431199475e-05
robocasa/PickPlaceCounterToBlender,23,3300393,0,learned_wam,4,-0.04380522745329455,-0.044034049051366,0.00022882159807145058
robocasa/PickPlaceCounterToBlender,23,3300393,0,learned_wam,8,-0.04025705788075182,-0.04014665831097365,0.00011039956977816623
robocasa/PickPlaceCounterToBlender,23,3300393,0,learned_physics_score,1,-0.05522019337384459,-0.05544486637726375,0.0002246730034191624
robocasa/PickPlaceCounterToBlender,23,3300393,0,learned_physics_score,2,-0.04946181664904167,-0.04953073136335367,6.891471431199475e-05
robocasa/PickPlaceCounterToBlender,23,3300393,0,learned_physics_score,4,-0.04380522745329455,-0.044034049051366,0.00022882159807145058
robocasa/PickPlaceCounterToBlender,23,3300393,0,learned_physics_score,8,-0.04025705788075182,-0.04014665831097365,0.00011039956977816623
robocasa/PickPlaceCounterToBlender,23,3300393,0,learned_energy_regularized,1,-0.05522019337384459,-0.05544486637726375,0.0002246730034191624
robocasa/PickPlaceCounterToBlender,23,3300393,0,learned_energy_regularized,2,-0.04931100419632911,-0.04937463745270183,6.36332563727221e-05
robocasa/PickPlaceCounterToBlender,23,3300393,0,learned_energy_regularized,4,-0.043448093306958514,-0.043619620275109794,0.0001715269681512796
robocasa/PickPlaceCounterToBlender,23,3300393,0,learned_energy_regularized,8,-0.03977153478991577,-0.0396892108988589,8.232389105686938e-05
robocasa/PickPlaceCounterToBlender,23,3300393,0,oracle_real_utility,1,-0.05522019337384459,-0.05544486637726375,0.0002246730034191624
robocasa/PickPlaceCounterToBlender,23,3300393,0,oracle_real_utility,2,-0.04878555534872385,-0.04885840378018744,7.284843146358744e-05
robocasa/PickPlaceCounterToBlender,23,3300393,0,oracle_real_utility,4,-0.043236244867659514,-0.04337775995382752,0.00014151508616800507
robocasa/PickPlaceCounterToBlender,23,3300393,0,oracle_real_utility,8,-0.03975629027836506,-0.03966491147272884,9.137880563622053e-05
robocasa/PickPlaceCounterToBlender,23,3310400,1,learned_wam,1,-0.05824691267098722,-0.05871934464637457,0.0004724319753873496
robocasa/PickPlaceCounterToBlender,23,3310400,1,learned_wam,2,-0.05283913243330996,-0.05156863614307668,0.0012704962902332848
robocasa/PickPlaceCounterToBlender,23,3310400,1,learned_wam,4,-0.0476135656102243,-0.04728943174889608,0.0003241338613282213
robocasa/PickPlaceCounterToBlender,23,3310400,1,learned_wam,8,-0.04536650005454081,-0.045615433788219306,0.00024893373367849275
robocasa/PickPlaceCounterToBlender,23,3310400,1,learned_physics_score,1,-0.05824691267098722,-0.05871934464637457,0.0004724319753873496
robocasa/PickPlaceCounterToBlender,23,3310400,1,learned_physics_score,2,-0.05283913243330996,-0.05156863614307668,0.0012704962902332848
robocasa/PickPlaceCounterToBlender,23,3310400,1,learned_physics_score,4,-0.0476135656102243,-0.04728943174889608,0.0003241338613282213
robocasa/PickPlaceCounterToBlender,23,3310400,1,learned_physics_score,8,-0.04536650005454081,-0.045615433788219306,0.00024893373367849275
robocasa/PickPlaceCounterToBlender,23,3310400,1,learned_energy_regularized,1,-0.05824691267098723,-0.05871934464637457,0.00047243197538734266
robocasa/PickPlaceCounterToBlender,23,3310400,1,learned_energy_regularized,2,-0.05302713153184949,-0.05179248943491978,0.0012346420969297153
robocasa/PickPlaceCounterToBlender,23,3310400,1,learned_energy_regularized,4,-0.047846940439772605,-0.047506837298099014,0.00034010314167359085
robocasa/PickPlaceCounterToBlender,23,3310400,1,learned_energy_regularized,8,-0.04612448495377127,-0.04640384292516714,0.00027935797139586743
robocasa/PickPlaceCounterToBlender,23,3310400,1,oracle_real_utility,1,-0.05824691267098722,-0.05871934464637457,0.0004724319753873496
robocasa/PickPlaceCounterToBlender,23,3310400,1,oracle_real_utility,2,-0.051308525124411725,-0.05009066926536236,0.0012178558590493632
robocasa/PickPlaceCounterToBlender,23,3310400,1,oracle_real_utility,4,-0.04403220877905509,-0.043485581575189995,0.0005466272038650924
robocasa/PickPlaceCounterToBlender,23,3310400,1,oracle_real_utility,8,-0.03854042415558568,-0.03860703171593815,6.660756035246906e-05
robocasa/PickPlaceCounterToStandMixer,24,3400396,0,learned_wam,1,-0.04141672761409136,-0.040763656493950876,0.000653071120140486
robocasa/PickPlaceCounterToStandMixer,24,3400396,0,learned_wam,2,-0.0362970939345183,-0.035473493064909906,0.000823600869608393
robocasa/PickPlaceCounterToStandMixer,24,3400396,0,learned_wam,4,-0.029688220867930413,-0.029824829317166228,0.00013660844923581508
robocasa/PickPlaceCounterToStandMixer,24,3400396,0,learned_wam,8,-0.02413365013162127,-0.02424385679512333,0.00011020666350206043
robocasa/PickPlaceCounterToStandMixer,24,3400396,0,learned_physics_score,1,-0.04141672761409136,-0.040763656493950876,0.000653071120140486
robocasa/PickPlaceCounterToStandMixer,24,3400396,0,learned_physics_score,2,-0.0362970939345183,-0.035473493064909906,0.000823600869608393
robocasa/PickPlaceCounterToStandMixer,24,3400396,0,learned_physics_score,4,-0.029688220867930413,-0.029824829317166228,0.00013660844923581508
robocasa/PickPlaceCounterToStandMixer,24,3400396,0,learned_physics_score,8,-0.02413365013162127,-0.02424385679512333,0.00011020666350206043
robocasa/PickPlaceCounterToStandMixer,24,3400396,0,learned_energy_regularized,1,-0.04141672761409136,-0.040763656493950876,0.000653071120140486
robocasa/PickPlaceCounterToStandMixer,24,3400396,0,learned_energy_regularized,2,-0.037024162233558144,-0.036331369446338746,0.0006927927872193984
robocasa/PickPlaceCounterToStandMixer,24,3400396,0,learned_energy_regularized,4,-0.03081195488635563,-0.030957211768821737,0.000145256882466107
robocasa/PickPlaceCounterToStandMixer,24,3400396,0,learned_energy_regularized,8,-0.02455872278354633,-0.024557005165596467,1.7176179498631927e-06
robocasa/PickPlaceCounterToStandMixer,24,3400396,0,oracle_real_utility,1,-0.04141672761409136,-0.040763656493950876,0.000653071120140486
robocasa/PickPlaceCounterToStandMixer,24,3400396,0,oracle_real_utility,2,-0.03441573322909798,-0.03388951375641459,0.0005262194726833938
robocasa/PickPlaceCounterToStandMixer,24,3400396,0,oracle_real_utility,4,-0.028758196682219097,-0.02885381196340494,9.561528118584225e-05
robocasa/PickPlaceCounterToStandMixer,24,3400396,0,oracle_real_utility,8,-0.02405940263610918,-0.024101287983494573,4.188534738539321e-05
robocasa/PickPlaceCounterToStandMixer,24,3410403,1,learned_wam,1,-0.05927847795110339,-0.059372207776182906,9.372982507951932e-05
robocasa/PickPlaceCounterToStandMixer,24,3410403,1,learned_wam,2,-0.049713194383540174,-0.04896596264675742,0.0007472317367827538
robocasa/PickPlaceCounterToStandMixer,24,3410403,1,learned_wam,4,-0.042266243769722704,-0.041798790468436646,0.0004674533012860582
robocasa/PickPlaceCounterToStandMixer,24,3410403,1,learned_wam,8,-0.03689881721370444,-0.03689195995435969,6.857259344753008e-06
robocasa/PickPlaceCounterToStandMixer,24,3410403,1,learned_physics_score,1,-0.05927847795110339,-0.059372207776182906,9.372982507951932e-05
robocasa/PickPlaceCounterToStandMixer,24,3410403,1,learned_physics_score,2,-0.049713194383540174,-0.04896596264675742,0.0007472317367827538
robocasa/PickPlaceCounterToStandMixer,24,3410403,1,learned_physics_score,4,-0.042266243769722704,-0.041798790468436646,0.0004674533012860582
robocasa/PickPlaceCounterToStandMixer,24,3410403,1,learned_physics_score,8,-0.03689881721370444,-0.03689195995435969,6.857259344753008e-06
robocasa/PickPlaceCounterToStandMixer,24,3410403,1,learned_energy_regularized,1,-0.05927847795110339,-0.059372207776182906,9.372982507951932e-05
robocasa/PickPlaceCounterToStandMixer,24,3410403,1,learned_energy_regularized,2,-0.051680380550105334,-0.050699171229399535,0.000981209320705799
robocasa/PickPlaceCounterToStandMixer,24,3410403,1,learned_energy_regularized,4,-0.046054953382424935,-0.045722554674911764,0.0003323987075131707
robocasa/PickPlaceCounterToStandMixer,24,3410403,1,learned_energy_regularized,8,-0.04170750442368351,-0.04169514262263242,1.2361801051088972e-05
robocasa/PickPlaceCounterToStandMixer,24,3410403,1,oracle_real_utility,1,-0.05927847795110339,-0.059372207776182906,9.372982507951932e-05
robocasa/PickPlaceCounterToStandMixer,24,3410403,1,oracle_real_utility,2,-0.04900569387063637,-0.048320119383853985,0.0006855744867823865
robocasa/PickPlaceCounterToStandMixer,24,3410403,1,oracle_real_utility,4,-0.041512348919603176,-0.04112699555675718,0.0003853533628459943
robocasa/PickPlaceCounterToStandMixer,24,3410403,1,oracle_real_utility,8,-0.03670115295393887,-0.03674612457019578,4.4971616256904434e-05
robocasa/PickPlaceCounterToToasterOven,25,3500399,0,learned_wam,1,-0.06660197166203723,-0.06664081160597032,3.88399439330972e-05
robocasa/PickPlaceCounterToToasterOven,25,3500399,0,learned_wam,2,-0.061320226820227815,-0.06135215331440611,3.192649417829707e-05
robocasa/PickPlaceCounterToToasterOven,25,3500399,0,learned_wam,4,-0.057012399591310416,-0.05653345423456832,0.00047894535674209565
robocasa/PickPlaceCounterToToasterOven,25,3500399,0,learned_wam,8,-0.05322420398035681,-0.053181926797968286,4.227718238852124e-05
robocasa/PickPlaceCounterToToasterOven,25,3500399,0,learned_physics_score,1,-0.06660197166203723,-0.06664081160597032,3.88399439330972e-05
robocasa/PickPlaceCounterToToasterOven,25,3500399,0,learned_physics_score,2,-0.061320226820227815,-0.06135215331440611,3.192649417829707e-05
robocasa/PickPlaceCounterToToasterOven,25,3500399,0,learned_physics_score,4,-0.057012399591310416,-0.05653345423456832,0.00047894535674209565
robocasa/PickPlaceCounterToToasterOven,25,3500399,0,learned_physics_score,8,-0.05322420398035681,-0.053181926797968286,4.227718238852124e-05
robocasa/PickPlaceCounterToToasterOven,25,3500399,0,learned_energy_regularized,1,-0.06660197166203723,-0.06664081160597032,3.88399439330972e-05
robocasa/PickPlaceCounterToToasterOven,25,3500399,0,learned_energy_regularized,2,-0.05930164804049002,-0.05959218348855016,0.0002905354480601391
robocasa/PickPlaceCounterToToasterOven,25,3500399,0,learned_energy_regularized,4,-0.05552958891974737,-0.05511313033486059,0.00041645858488678633
robocasa/PickPlaceCounterToToasterOven,25,3500399,0,learned_energy_regularized,8,-0.05299007389082783,-0.05302037048954537,3.0296598717539924e-05
robocasa/PickPlaceCounterToToasterOven,25,3500399,0,oracle_real_utility,1,-0.06660197166203721,-0.06664081160597032,3.8839943933111076e-05
robocasa/PickPlaceCounterToToasterOven,25,3500399,0,oracle_real_utility,2,-0.0580924963179645,-0.05833264423127217,0.00024014791330766866
robocasa/PickPlaceCounterToToasterOven,25,3500399,0,oracle_real_utility,4,-0.052398544487172946,-0.05224217222092257,0.00015637226625037776
robocasa/PickPlaceCounterToToasterOven,25,3500399,0,oracle_real_utility,8,-0.04921473797018197,-0.04912352676719945,9.121120298252045e-05
robocasa/PickPlaceCounterToToasterOven,25,3510406,1,learned_wam,1,-0.04695160889448761,-0.046250218682369,0.0007013902121186105
robocasa/PickPlaceCounterToToasterOven,25,3510406,1,learned_wam,2,-0.039712041559198295,-0.039332638004538054,0.0003794035546602417
robocasa/PickPlaceCounterToToasterOven,25,3510406,1,learned_wam,4,-0.034561568138308935,-0.03477032383745267,0.00020875569914373393
robocasa/PickPlaceCounterToToasterOven,25,3510406,1,learned_wam,8,-0.030986401811258002,-0.031119062034594337,0.00013266022333633526
robocasa/PickPlaceCounterToToasterOven,25,3510406,1,learned_physics_score,1,-0.04695160889448761,-0.046250218682369,0.0007013902121186105
robocasa/PickPlaceCounterToToasterOven,25,3510406,1,learned_physics_score,2,-0.039712041559198295,-0.039332638004538054,0.0003794035546602417
robocasa/PickPlaceCounterToToasterOven,25,3510406,1,learned_physics_score,4,-0.034561568138308935,-0.03477032383745267,0.00020875569914373393
robocasa/PickPlaceCounterToToasterOven,25,3510406,1,learned_physics_score,8,-0.030986401811258002,-0.031119062034594337,0.00013266022333633526
robocasa/PickPlaceCounterToToasterOven,25,3510406,1,learned_energy_regularized,1,-0.04695160889448761,-0.046250218682369,0.0007013902121186105
robocasa/PickPlaceCounterToToasterOven,25,3510406,1,learned_energy_regularized,2,-0.039712041559198295,-0.039332638004538054,0.0003794035546602417
robocasa/PickPlaceCounterToToasterOven,25,3510406,1,learned_energy_regularized,4,-0.034561568138308935,-0.03477032383745267,0.00020875569914373393
robocasa/PickPlaceCounterToToasterOven,25,3510406,1,learned_energy_regularized,8,-0.030986401811258002,-0.031119062034594337,0.00013266022333633526
robocasa/PickPlaceCounterToToasterOven,25,3510406,1,oracle_real_utility,1,-0.04695160889448761,-0.046250218682369,0.0007013902121186105
robocasa/PickPlaceCounterToToasterOven,25,3510406,1,oracle_real_utility,2,-0.03808689695529086,-0.03781896837194796,0.00026792858334290237
robocasa/PickPlaceCounterToToasterOven,25,3510406,1,oracle_real_utility,4,-0.03181793861072288,-0.032051956272853635,0.00023401766213075603
robocasa/PickPlaceCounterToToasterOven,25,3510406,1,oracle_real_utility,8,-0.028579341757202475,-0.028637743074099893,5.840131689741762e-05
robocasa/PickPlaceDrawerToCounter,26,3600402,0,learned_wam,1,-0.04267694160816976,-0.04264213749456462,3.4804113605138576e-05
robocasa/PickPlaceDrawerToCounter,26,3600402,0,learned_wam,2,-0.03450900059311109,-0.03388276708212987,0.0006262335109812264
robocasa/PickPlaceDrawerToCounter,26,3600402,0,learned_wam,4,-0.03039921759416883,-0.030493373724655576,9.415613048674443e-05
robocasa/PickPlaceDrawerToCounter,26,3600402,0,learned_wam,8,-0.02912286864449807,-0.028912189608362924,0.0002106790361351453
robocasa/PickPlaceDrawerToCounter,26,3600402,0,learned_physics_score,1,-0.04267694160816976,-0.04264213749456462,3.4804113605138576e-05
robocasa/PickPlaceDrawerToCounter,26,3600402,0,learned_physics_score,2,-0.03450900059311109,-0.03388276708212987,0.0006262335109812264
robocasa/PickPlaceDrawerToCounter,26,3600402,0,learned_physics_score,4,-0.03039921759416883,-0.030493373724655576,9.415613048674443e-05
robocasa/PickPlaceDrawerToCounter,26,3600402,0,learned_physics_score,8,-0.02912286864449807,-0.028912189608362924,0.0002106790361351453
robocasa/PickPlaceDrawerToCounter,26,3600402,0,learned_energy_regularized,1,-0.04267694160816976,-0.04264213749456462,3.4804113605138576e-05
robocasa/PickPlaceDrawerToCounter,26,3600402,0,learned_energy_regularized,2,-0.03519736638492196,-0.03451445367731057,0.0006829127076113939
robocasa/PickPlaceDrawerToCounter,26,3600402,0,learned_energy_regularized,4,-0.030857492701365022,-0.030952594016199278,9.51013148342561e-05
robocasa/PickPlaceDrawerToCounter,26,3600402,0,learned_energy_regularized,8,-0.029306554644674968,-0.02907273688016126,0.00023381776451370656
robocasa/PickPlaceDrawerToCounter,26,3600402,0,oracle_real_utility,1,-0.04267694160816975,-0.04264213749456462,3.48041136051247e-05
robocasa/PickPlaceDrawerToCounter,26,3600402,0,oracle_real_utility,2,-0.03389906216991975,-0.033277095162315674,0.0006219670076040781
robocasa/PickPlaceDrawerToCounter,26,3600402,0,oracle_real_utility,4,-0.028426965267679204,-0.02838489514626496,4.207012141424493e-05
robocasa/PickPlaceDrawerToCounter,26,3600402,0,oracle_real_utility,8,-0.02472652012721697,-0.02458059673513819,0.00014592339207878183
robocasa/PickPlaceDrawerToCounter,26,3610409,1,learned_wam,1,-0.05084592081087564,-0.05072998408047812,0.00011593673039751728
robocasa/PickPlaceDrawerToCounter,26,3610409,1,learned_wam,2,-0.04506045918396964,-0.04504847898052807,1.1980203441570858e-05
robocasa/PickPlaceDrawerToCounter,26,3610409,1,learned_wam,4,-0.04001722319678307,-0.040256464220169895,0.00023924102338682834
robocasa/PickPlaceDrawerToCounter,26,3610409,1,learned_wam,8,-0.035394564714276794,-0.03587358563681332,0.000479020922536523
robocasa/PickPlaceDrawerToCounter,26,3610409,1,learned_physics_score,1,-0.05084592081087564,-0.05072998408047812,0.00011593673039751728
robocasa/PickPlaceDrawerToCounter,26,3610409,1,learned_physics_score,2,-0.04506045918396964,-0.04504847898052807,1.1980203441570858e-05
robocasa/PickPlaceDrawerToCounter,26,3610409,1,learned_physics_score,4,-0.04001722319678307,-0.040256464220169895,0.00023924102338682834
robocasa/PickPlaceDrawerToCounter,26,3610409,1,learned_physics_score,8,-0.035394564714276794,-0.03587358563681332,0.000479020922536523
robocasa/PickPlaceDrawerToCounter,26,3610409,1,learned_energy_regularized,1,-0.05084592081087564,-0.05072998408047812,0.00011593673039751728
robocasa/PickPlaceDrawerToCounter,26,3610409,1,learned_energy_regularized,2,-0.04830934008422564,-0.04824496574794081,6.43743362848323e-05
robocasa/PickPlaceDrawerToCounter,26,3610409,1,learned_energy_regularized,4,-0.047977391751510806,-0.04878148137477747,0.0008040896232666614
robocasa/PickPlaceDrawerToCounter,26,3610409,1,learned_energy_regularized,8,-0.04948792141400622,-0.04982831762245626,0.00034039620845003477
robocasa/PickPlaceDrawerToCounter,26,3610409,1,oracle_real_utility,1,-0.05084592081087564,-0.05072998408047812,0.00011593673039751728
robocasa/PickPlaceDrawerToCounter,26,3610409,1,oracle_real_utility,2,-0.04418965233735363,-0.04413250781853626,5.71445188173661e-05
robocasa/PickPlaceDrawerToCounter,26,3610409,1,oracle_real_utility,4,-0.03833003493146454,-0.03840166863290802,7.163370144347425e-05
robocasa/PickPlaceDrawerToCounter,26,3610409,1,oracle_real_utility,8,-0.03437307809409166,-0.03459895969466393,0.0002258816005722697
robocasa/PickPlaceMicrowaveToCounter,27,3700405,0,learned_wam,1,-0.05771883966148032,-0.05860211179074201,0.0008832721292616891
robocasa/PickPlaceMicrowaveToCounter,27,3700405,0,learned_wam,2,-0.04848447926708188,-0.04850114356709668,1.6664300014797295e-05
robocasa/PickPlaceMicrowaveToCounter,27,3700405,0,learned_wam,4,-0.03807844791958088,-0.03786104364211343,0.00021740427746744923
robocasa/PickPlaceMicrowaveToCounter,27,3700405,0,learned_wam,8,-0.0304469941938361,-0.03075475317453745,0.00030775898070134824
robocasa/PickPlaceMicrowaveToCounter,27,3700405,0,learned_physics_score,1,-0.05771883966148032,-0.05860211179074201,0.0008832721292616891
robocasa/PickPlaceMicrowaveToCounter,27,3700405,0,learned_physics_score,2,-0.04848447926708188,-0.04850114356709668,1.6664300014797295e-05
robocasa/PickPlaceMicrowaveToCounter,27,3700405,0,learned_physics_score,4,-0.03807844791958088,-0.03786104364211343,0.00021740427746744923
robocasa/PickPlaceMicrowaveToCounter,27,3700405,0,learned_physics_score,8,-0.0304469941938361,-0.03075475317453745,0.00030775898070134824
robocasa/PickPlaceMicrowaveToCounter,27,3700405,0,learned_energy_regularized,1,-0.05771883966148032,-0.05860211179074201,0.0008832721292616891
robocasa/PickPlaceMicrowaveToCounter,27,3700405,0,learned_energy_regularized,2,-0.04848447926708188,-0.04850114356709668,1.6664300014797295e-05
robocasa/PickPlaceMicrowaveToCounter,27,3700405,0,learned_energy_regularized,4,-0.03807844791958088,-0.03786104364211343,0.00021740427746744923
robocasa/PickPlaceMicrowaveToCounter,27,3700405,0,learned_energy_regularized,8,-0.0304469941938361,-0.03075475317453745,0.00030775898070134824
robocasa/PickPlaceMicrowaveToCounter,27,3700405,0,oracle_real_utility,1,-0.05771883966148032,-0.05860211179074201,0.0008832721292616891
robocasa/PickPlaceMicrowaveToCounter,27,3700405,0,oracle_real_utility,2,-0.0477405698447013,-0.04769593162364366,4.4638221057637095e-05
robocasa/PickPlaceMicrowaveToCounter,27,3700405,0,oracle_real_utility,4,-0.03769631129138764,-0.037522162984428745,0.00017414830695889477
robocasa/PickPlaceMicrowaveToCounter,27,3700405,0,oracle_real_utility,8,-0.03037390948888506,-0.030640486394098623,0.00026657690521356484
robocasa/PickPlaceMicrowaveToCounter,27,3710412,1,learned_wam,1,-0.06205650473330738,-0.06138936093068302,0.0006671438026243579
robocasa/PickPlaceMicrowaveToCounter,27,3710412,1,learned_wam,2,-0.05338842225094861,-0.053260005689170886,0.00012841656177772082
robocasa/PickPlaceMicrowaveToCounter,27,3710412,1,learned_wam,4,-0.048250708381386356,-0.04835335544788766,0.00010264706650130184
robocasa/PickPlaceMicrowaveToCounter,27,3710412,1,learned_wam,8,-0.04563246433498841,-0.04564539670926054,1.29323742721274e-05
robocasa/PickPlaceMicrowaveToCounter,27,3710412,1,learned_physics_score,1,-0.06205650473330738,-0.06138936093068302,0.0006671438026243579
robocasa/PickPlaceMicrowaveToCounter,27,3710412,1,learned_physics_score,2,-0.05338842225094861,-0.053260005689170886,0.00012841656177772082
robocasa/PickPlaceMicrowaveToCounter,27,3710412,1,learned_physics_score,4,-0.048250708381386356,-0.04835335544788766,0.00010264706650130184
robocasa/PickPlaceMicrowaveToCounter,27,3710412,1,learned_physics_score,8,-0.04563246433498841,-0.04564539670926054,1.29323742721274e-05
robocasa/PickPlaceMicrowaveToCounter,27,3710412,1,learned_energy_regularized,1,-0.06205650473330738,-0.06138936093068302,0.0006671438026243579
robocasa/PickPlaceMicrowaveToCounter,27,3710412,1,learned_energy_regularized,2,-0.053361961722514006,-0.0532577221061919,0.00010423961632210349
robocasa/PickPlaceMicrowaveToCounter,27,3710412,1,learned_energy_regularized,4,-0.04805950754417494,-0.04810733237779369,4.7824833618745344e-05
robocasa/PickPlaceMicrowaveToCounter,27,3710412,1,learned_energy_regularized,8,-0.045751710260795164,-0.045778417400229074,2.6707139433909677e-05
robocasa/PickPlaceMicrowaveToCounter,27,3710412,1,oracle_real_utility,1,-0.06205650473330738,-0.06138936093068302,0.0006671438026243579
robocasa/PickPlaceMicrowaveToCounter,27,3710412,1,oracle_real_utility,2,-0.05227526891808247,-0.05237932208368397,0.00010405316560149758
robocasa/PickPlaceMicrowaveToCounter,27,3710412,1,oracle_real_utility,4,-0.046925593459262165,-0.046986400280494015,6.080682123184994e-05
robocasa/PickPlaceMicrowaveToCounter,27,3710412,1,oracle_real_utility,8,-0.045281805118968795,-0.045284822122252634,3.01700328383947e-06
robocasa/CloseFridgeDrawer,28,3800408,0,learned_wam,1,-0.04974241458008876,-0.04968165314192405,6.07614381647123e-05
robocasa/CloseFridgeDrawer,28,3800408,0,learned_wam,2,-0.04117966205418642,-0.04188495071567701,0.0007052886614905898
robocasa/CloseFridgeDrawer,28,3800408,0,learned_wam,4,-0.03649561578956073,-0.03613204998452575,0.00036356580503497937
robocasa/CloseFridgeDrawer,28,3800408,0,learned_wam,8,-0.03370102764799778,-0.033738875361278634,3.7847713280851625e-05
robocasa/CloseFridgeDrawer,28,3800408,0,learned_physics_score,1,-0.04974241458008876,-0.04968165314192405,6.07614381647123e-05
robocasa/CloseFridgeDrawer,28,3800408,0,learned_physics_score,2,-0.04117966205418642,-0.04188495071567701,0.0007052886614905898
robocasa/CloseFridgeDrawer,28,3800408,0,learned_physics_score,4,-0.03649561578956073,-0.03613204998452575,0.00036356580503497937
robocasa/CloseFridgeDrawer,28,3800408,0,learned_physics_score,8,-0.03370102764799778,-0.033738875361278634,3.7847713280851625e-05
robocasa/CloseFridgeDrawer,28,3800408,0,learned_energy_regularized,1,-0.04974241458008876,-0.04968165314192405,6.07614381647123e-05
robocasa/CloseFridgeDrawer,28,3800408,0,learned_energy_regularized,2,-0.04266399832249092,-0.04363767605677314,0.0009736777342822245
robocasa/CloseFridgeDrawer,28,3800408,0,learned_energy_regularized,4,-0.036938878373164445,-0.036562600543554605,0.0003762778296098404
robocasa/CloseFridgeDrawer,28,3800408,0,learned_energy_regularized,8,-0.033761607860449495,-0.03378757221733045,2.5964356880951722e-05
robocasa/CloseFridgeDrawer,28,3800408,0,oracle_real_utility,1,-0.04974241458008877,-0.04968165314192405,6.076143816471924e-05
robocasa/CloseFridgeDrawer,28,3800408,0,oracle_real_utility,2,-0.04097397898533172,-0.04167284130431444,0.0006988623189827167
robocasa/CloseFridgeDrawer,28,3800408,0,oracle_real_utility,4,-0.03597957831675338,-0.03566890725974917,0.0003106710570042054
robocasa/CloseFridgeDrawer,28,3800408,0,oracle_real_utility,8,-0.03312327702324624,-0.03315379077852827,3.0513755282034205e-05
robocasa/CloseFridgeDrawer,28,3810415,1,learned_wam,1,-0.056883124514805296,-0.05725332766321346,0.0003702031484081672
robocasa/CloseFridgeDrawer,28,3810415,1,learned_wam,2,-0.051672261384231255,-0.05145212374565071,0.0002201376385805448
robocasa/CloseFridgeDrawer,28,3810415,1,learned_wam,4,-0.047578041591794316,-0.04725747270064883,0.00032056889114548404
robocasa/CloseFridgeDrawer,28,3810415,1,learned_wam,8,-0.044671579938122534,-0.04461217052754922,5.940941057331478e-05
robocasa/CloseFridgeDrawer,28,3810415,1,learned_physics_score,1,-0.056883124514805296,-0.05725332766321346,0.0003702031484081672
robocasa/CloseFridgeDrawer,28,3810415,1,learned_physics_score,2,-0.051672261384231255,-0.05145212374565071,0.0002201376385805448
robocasa/CloseFridgeDrawer,28,3810415,1,learned_physics_score,4,-0.047578041591794316,-0.04725747270064883,0.00032056889114548404
robocasa/CloseFridgeDrawer,28,3810415,1,learned_physics_score,8,-0.044671579938122534,-0.04461217052754922,5.940941057331478e-05
robocasa/CloseFridgeDrawer,28,3810415,1,learned_energy_regularized,1,-0.056883124514805296,-0.05725332766321346,0.0003702031484081672
robocasa/CloseFridgeDrawer,28,3810415,1,learned_energy_regularized,2,-0.05265034791981456,-0.0523231350762132,0.0003272128436013558
robocasa/CloseFridgeDrawer,28,3810415,1,learned_energy_regularized,4,-0.04852462431407473,-0.04828373208806039,0.00024089222601433868
robocasa/CloseFridgeDrawer,28,3810415,1,learned_energy_regularized,8,-0.045558621343822256,-0.0454643778538052,9.424349001705551e-05
robocasa/CloseFridgeDrawer,28,3810415,1,oracle_real_utility,1,-0.0568831245148053,-0.05725332766321346,0.00037020314840816027
robocasa/CloseFridgeDrawer,28,3810415,1,oracle_real_utility,2,-0.05097202828826878,-0.05064007948394553,0.0003319488043232524
robocasa/CloseFridgeDrawer,28,3810415,1,oracle_real_utility,4,-0.046800537867771205,-0.046342590454585705,0.0004579474131854999
robocasa/CloseFridgeDrawer,28,3810415,1,oracle_real_utility,8,-0.04376948507806919,-0.043768180107993965,1.3049700752221227e-06
robocasa/TurnOnBlender,29,3900411,0,learned_wam,1,-0.051936657172355655,-0.05217611862289732,0.00023946145054166285
robocasa/TurnOnBlender,29,3900411,0,learned_wam,2,-0.04668615957992991,-0.04682041836522273,0.00013425878529282204
robocasa/TurnOnBlender,29,3900411,0,learned_wam,4,-0.04133884400861186,-0.0417468231645222,0.000407979155910336
robocasa/TurnOnBlender,29,3900411,0,learned_wam,8,-0.035719366936357196,-0.035642793540042954,7.657339631424176e-05
robocasa/TurnOnBlender,29,3900411,0,learned_physics_score,1,-0.051936657172355655,-0.05217611862289732,0.00023946145054166285
robocasa/TurnOnBlender,29,3900411,0,learned_physics_score,2,-0.04668615957992991,-0.04682041836522273,0.00013425878529282204
robocasa/TurnOnBlender,29,3900411,0,learned_physics_score,4,-0.04133884400861186,-0.0417468231645222,0.000407979155910336
robocasa/TurnOnBlender,29,3900411,0,learned_physics_score,8,-0.035719366936357196,-0.035642793540042954,7.657339631424176e-05
robocasa/TurnOnBlender,29,3900411,0,learned_energy_regularized,1,-0.051936657172355655,-0.05217611862289732,0.00023946145054166285
robocasa/TurnOnBlender,29,3900411,0,learned_energy_regularized,2,-0.04719699745992754,-0.04724576074859199,4.876328866445373e-05
robocasa/TurnOnBlender,29,3900411,0,learned_energy_regularized,4,-0.04018395041856854,-0.04061122978088982,0.0004272793623212798
robocasa/TurnOnBlender,29,3900411,0,learned_energy_regularized,8,-0.03373578200837005,-0.03364321304626149,9.256896210855375e-05
robocasa/TurnOnBlender,29,3900411,0,oracle_real_utility,1,-0.051936657172355655,-0.05217611862289732,0.00023946145054166285
robocasa/TurnOnBlender,29,3900411,0,oracle_real_utility,2,-0.045255789960887895,-0.04540997091507796,0.00015418095419006406
robocasa/TurnOnBlender,29,3900411,0,oracle_real_utility,4,-0.038785417232872786,-0.03915038467089589,0.00036496743802310466
robocasa/TurnOnBlender,29,3900411,0,oracle_real_utility,8,-0.03322580045297162,-0.03312729660832794,9.850384464368117e-05
robocasa/TurnOnBlender,29,3910418,1,learned_wam,1,-0.056355953737376556,-0.056376254396990975,2.0300659614419514e-05
robocasa/TurnOnBlender,29,3910418,1,learned_wam,2,-0.050479403583718746,-0.0507039745167457,0.00022457093302695463
robocasa/TurnOnBlender,29,3910418,1,learned_wam,4,-0.04536356591148642,-0.0455225692682447,0.00015900335675828048
robocasa/TurnOnBlender,29,3910418,1,learned_wam,8,-0.04198131292917978,-0.04172208687865035,0.00025922605052942915
robocasa/TurnOnBlender,29,3910418,1,learned_physics_score,1,-0.056355953737376556,-0.056376254396990975,2.0300659614419514e-05
robocasa/TurnOnBlender,29,3910418,1,learned_physics_score,2,-0.050479403583718746,-0.0507039745167457,0.00022457093302695463
robocasa/TurnOnBlender,29,3910418,1,learned_physics_score,4,-0.04536356591148642,-0.0455225692682447,0.00015900335675828048
robocasa/TurnOnBlender,29,3910418,1,learned_physics_score,8,-0.04198131292917978,-0.04172208687865035,0.00025922605052942915
robocasa/TurnOnBlender,29,3910418,1,learned_energy_regularized,1,-0.05635595373737656,-0.056376254396990975,2.0300659614412575e-05
robocasa/TurnOnBlender,29,3910418,1,learned_energy_regularized,2,-0.050621285234009106,-0.05113622890693402,0.000514943672924914
robocasa/TurnOnBlender,29,3910418,1,learned_energy_regularized,4,-0.04487612810968067,-0.04515625462666233,0.0002801265169816644
robocasa/TurnOnBlender,29,3910418,1,learned_energy_regularized,8,-0.04073582038205539,-0.040560219050956574,0.00017560133109881942
robocasa/TurnOnBlender,29,3910418,1,oracle_real_utility,1,-0.056355953737376556,-0.056376254396990975,2.0300659614419514e-05
robocasa/TurnOnBlender,29,3910418,1,oracle_real_utility,2,-0.05000065890223304,-0.05035615319102653,0.000355494288793487
robocasa/TurnOnBlender,29,3910418,1,oracle_real_utility,4,-0.04445962500636691,-0.04467323781339902,0.00021361280703210972
robocasa/TurnOnBlender,29,3910418,1,oracle_real_utility,8,-0.04069484356189537,-0.04053573141147862,0.00015911215041675142
robocasa/PickPlaceCabinetToCounter,30,4000414,0,learned_wam,1,-0.05769596663124883,-0.057787470737928205,9.150410667937287e-05
robocasa/PickPlaceCabinetToCounter,30,4000414,0,learned_wam,2,-0.05399745278237026,-0.05320001651702752,0.0007974362653427394
robocasa/PickPlaceCabinetToCounter,30,4000414,0,learned_wam,4,-0.050243657932218244,-0.04976261566264269,0.0004810422695755573
robocasa/PickPlaceCabinetToCounter,30,4000414,0,learned_wam,8,-0.04788561090976668,-0.04787218637505207,1.3424534714610858e-05
robocasa/PickPlaceCabinetToCounter,30,4000414,0,learned_physics_score,1,-0.05769596663124883,-0.057787470737928205,9.150410667937287e-05
robocasa/PickPlaceCabinetToCounter,30,4000414,0,learned_physics_score,2,-0.05399745278237026,-0.05320001651702752,0.0007974362653427394
robocasa/PickPlaceCabinetToCounter,30,4000414,0,learned_physics_score,4,-0.050243657932218244,-0.04976261566264269,0.0004810422695755573
robocasa/PickPlaceCabinetToCounter,30,4000414,0,learned_physics_score,8,-0.04788561090976668,-0.04787218637505207,1.3424534714610858e-05
robocasa/PickPlaceCabinetToCounter,30,4000414,0,learned_energy_regularized,1,-0.057695966631248825,-0.057787470737928205,9.15041066793798e-05
robocasa/PickPlaceCabinetToCounter,30,4000414,0,learned_energy_regularized,2,-0.05248792926908429,-0.05170923454043634,0.0007786947286479509
robocasa/PickPlaceCabinetToCounter,30,4000414,0,learned_energy_regularized,4,-0.048110718178335704,-0.04792333977164381,0.00018737840669189737
robocasa/PickPlaceCabinetToCounter,30,4000414,0,learned_energy_regularized,8,-0.046612140600116446,-0.046694398622667874,8.225802255142772e-05
robocasa/PickPlaceCabinetToCounter,30,4000414,0,oracle_real_utility,1,-0.05769596663124883,-0.057787470737928205,9.150410667937287e-05
robocasa/PickPlaceCabinetToCounter,30,4000414,0,oracle_real_utility,2,-0.0515917831509476,-0.050850808427766764,0.0007409747231808331
robocasa/PickPlaceCabinetToCounter,30,4000414,0,oracle_real_utility,4,-0.04653288187008343,-0.04639135190851214,0.00014152996157128922
robocasa/PickPlaceCabinetToCounter,30,4000414,0,oracle_real_utility,8,-0.043920213195630574,-0.04394934724012749,2.9134044496913203e-05
robocasa/PickPlaceCabinetToCounter,30,4010421,1,learned_wam,1,-0.04690159779201452,-0.04610083398892696,0.0008007638030875577
robocasa/PickPlaceCabinetToCounter,30,4010421,1,learned_wam,2,-0.036553603464663964,-0.03696220528535073,0.0004086018206867631
robocasa/PickPlaceCabinetToCounter,30,4010421,1,learned_wam,4,-0.02895797602713264,-0.028782195660309696,0.00017578036682294393
robocasa/PickPlaceCabinetToCounter,30,4010421,1,learned_wam,8,-0.025083034243047145,-0.0251400307882874,5.699654524025585e-05
robocasa/PickPlaceCabinetToCounter,30,4010421,1,learned_physics_score,1,-0.04690159779201452,-0.04610083398892696,0.0008007638030875577
robocasa/PickPlaceCabinetToCounter,30,4010421,1,learned_physics_score,2,-0.036553603464663964,-0.03696220528535073,0.0004086018206867631
robocasa/PickPlaceCabinetToCounter,30,4010421,1,learned_physics_score,4,-0.02895797602713264,-0.028782195660309696,0.00017578036682294393
robocasa/PickPlaceCabinetToCounter,30,4010421,1,learned_physics_score,8,-0.025083034243047145,-0.0251400307882874,5.699654524025585e-05
robocasa/PickPlaceCabinetToCounter,30,4010421,1,learned_energy_regularized,1,-0.04690159779201452,-0.04610083398892696,0.0008007638030875577
robocasa/PickPlaceCabinetToCounter,30,4010421,1,learned_energy_regularized,2,-0.035846173102461416,-0.036283072137636284,0.0004368990351748675
robocasa/PickPlaceCabinetToCounter,30,4010421,1,learned_energy_regularized,4,-0.0278857768844194,-0.027899322568280916,1.354568386151625e-05
robocasa/PickPlaceCabinetToCounter,30,4010421,1,learned_energy_regularized,8,-0.024723962276099267,-0.02486837752920162,0.00014441525310235348
robocasa/PickPlaceCabinetToCounter,30,4010421,1,oracle_real_utility,1,-0.04690159779201451,-0.04610083398892696,0.0008007638030875508
robocasa/PickPlaceCabinetToCounter,30,4010421,1,oracle_real_utility,2,-0.03528679444236783,-0.03566565890096376,0.0003788644585959247
robocasa/PickPlaceCabinetToCounter,30,4010421,1,oracle_real_utility,4,-0.02664638899219008,-0.026580650733843497,6.573825834658292e-05
robocasa/PickPlaceCabinetToCounter,30,4010421,1,oracle_real_utility,8,-0.021902330773705726,-0.022136744172606106,0.00023441339890038076
robocasa/PickPlaceSinkToCounter,31,4100417,0,learned_wam,1,-0.057186787115641374,-0.05741499855087516,0.0002282114352337855
robocasa/PickPlaceSinkToCounter,31,4100417,0,learned_wam,2,-0.04951861058233281,-0.049169339490151114,0.000349271092181698
robocasa/PickPlaceSinkToCounter,31,4100417,0,learned_wam,4,-0.04331129235288673,-0.04295666247834646,0.00035462987454026873
robocasa/PickPlaceSinkToCounter,31,4100417,0,learned_wam,8,-0.038744331364585466,-0.03901785103173227,0.0002735196671468029
robocasa/PickPlaceSinkToCounter,31,4100417,0,learned_physics_score,1,-0.057186787115641374,-0.05741499855087516,0.0002282114352337855
robocasa/PickPlaceSinkToCounter,31,4100417,0,learned_physics_score,2,-0.04951861058233281,-0.049169339490151114,0.000349271092181698
robocasa/PickPlaceSinkToCounter,31,4100417,0,learned_physics_score,4,-0.04331129235288673,-0.04295666247834646,0.00035462987454026873
robocasa/PickPlaceSinkToCounter,31,4100417,0,learned_physics_score,8,-0.038744331364585466,-0.03901785103173227,0.0002735196671468029
robocasa/PickPlaceSinkToCounter,31,4100417,0,learned_energy_regularized,1,-0.05718678711564136,-0.05741499855087516,0.0002282114352337994
robocasa/PickPlaceSinkToCounter,31,4100417,0,learned_energy_regularized,2,-0.050218269888449005,-0.049876682760038704,0.0003415871284103006
robocasa/PickPlaceSinkToCounter,31,4100417,0,learned_energy_regularized,4,-0.0438379171136896,-0.04361597655764073,0.00022194055604887047
robocasa/PickPlaceSinkToCounter,31,4100417,0,learned_energy_regularized,8,-0.03880045923127286,-0.039121611044778536,0.0003211518135056782
robocasa/PickPlaceSinkToCounter,31,4100417,0,oracle_real_utility,1,-0.057186787115641374,-0.05741499855087516,0.0002282114352337855
robocasa/PickPlaceSinkToCounter,31,4100417,0,oracle_real_utility,2,-0.04884735417688854,-0.048699689922183535,0.00014766425470500583
robocasa/PickPlaceSinkToCounter,31,4100417,0,oracle_real_utility,4,-0.04217883609252454,-0.04189767874630263,0.0002811573462219094
robocasa/PickPlaceSinkToCounter,31,4100417,0,oracle_real_utility,8,-0.03719283232361493,-0.037399758164981964,0.00020692584136703523
robocasa/PickPlaceSinkToCounter,31,4110424,1,learned_wam,1,-0.060553816845258394,-0.0601896169786953,0.00036419986656309467
robocasa/PickPlaceSinkToCounter,31,4110424,1,learned_wam,2,-0.054197452850559706,-0.05389207889754396,0.0003053739530157473
robocasa/PickPlaceSinkToCounter,31,4110424,1,learned_wam,4,-0.052285963359888527,-0.05223440943613892,5.155392374960738e-05
robocasa/PickPlaceSinkToCounter,31,4110424,1,learned_wam,8,-0.051589146261539875,-0.05158885910300459,2.871585352837158e-07
robocasa/PickPlaceSinkToCounter,31,4110424,1,learned_physics_score,1,-0.060553816845258394,-0.0601896169786953,0.00036419986656309467
robocasa/PickPlaceSinkToCounter,31,4110424,1,learned_physics_score,2,-0.054197452850559706,-0.05389207889754396,0.0003053739530157473
robocasa/PickPlaceSinkToCounter,31,4110424,1,learned_physics_score,4,-0.052285963359888527,-0.05223440943613892,5.155392374960738e-05
robocasa/PickPlaceSinkToCounter,31,4110424,1,learned_physics_score,8,-0.051589146261539875,-0.05158885910300459,2.871585352837158e-07
robocasa/PickPlaceSinkToCounter,31,4110424,1,learned_energy_regularized,1,-0.060553816845258394,-0.0601896169786953,0.00036419986656309467
robocasa/PickPlaceSinkToCounter,31,4110424,1,learned_energy_regularized,2,-0.05441875235614807,-0.05408190204877087,0.00033685030737719973
robocasa/PickPlaceSinkToCounter,31,4110424,1,learned_energy_regularized,4,-0.05326458432017438,-0.053168121265019595,9.646305515478154e-05
robocasa/PickPlaceSinkToCounter,31,4110424,1,learned_energy_regularized,8,-0.05391410343169853,-0.05393304022582947,1.893679413093874e-05
robocasa/PickPlaceSinkToCounter,31,4110424,1,oracle_real_utility,1,-0.060553816845258394,-0.0601896169786953,0.00036419986656309467
robocasa/PickPlaceSinkToCounter,31,4110424,1,oracle_real_utility,2,-0.05213579712331151,-0.05174179990703902,0.00039399721627249307
robocasa/PickPlaceSinkToCounter,31,4110424,1,oracle_real_utility,4,-0.048157244740448385,-0.04834981551322563,0.000192570772777248
robocasa/PickPlaceSinkToCounter,31,4110424,1,oracle_real_utility,8,-0.046539383398430764,-0.046581537124954296,4.215372652353194e-05
robocasa/CleanMicrowave,32,4200420,0,learned_wam,1,-0.046331605584846565,-0.04551902671730256,0.0008125788675440032
robocasa/CleanMicrowave,32,4200420,0,learned_wam,2,-0.0384561470433985,-0.0387442846050463,0.0002881375616477985
robocasa/CleanMicrowave,32,4200420,0,learned_wam,4,-0.03006618097763207,-0.0304457595249001,0.000379578547268028
robocasa/CleanMicrowave,32,4200420,0,learned_wam,8,-0.024811637167029887,-0.024779318868131398,3.231829889848922e-05
robocasa/CleanMicrowave,32,4200420,0,learned_physics_score,1,-0.046331605584846565,-0.04551902671730256,0.0008125788675440032
robocasa/CleanMicrowave,32,4200420,0,learned_physics_score,2,-0.0384561470433985,-0.0387442846050463,0.0002881375616477985
robocasa/CleanMicrowave,32,4200420,0,learned_physics_score,4,-0.03006618097763207,-0.0304457595249001,0.000379578547268028
robocasa/CleanMicrowave,32,4200420,0,learned_physics_score,8,-0.024811637167029887,-0.024779318868131398,3.231829889848922e-05
robocasa/CleanMicrowave,32,4200420,0,learned_energy_regularized,1,-0.046331605584846565,-0.04551902671730256,0.0008125788675440032
robocasa/CleanMicrowave,32,4200420,0,learned_energy_regularized,2,-0.03733073731989929,-0.03750658651481087,0.0001758491949115787
robocasa/CleanMicrowave,32,4200420,0,learned_energy_regularized,4,-0.030162664856183886,-0.03038049590573443,0.00021783104955054242
robocasa/CleanMicrowave,32,4200420,0,learned_energy_regularized,8,-0.025272446056110634,-0.025229979831778812,4.24662243318219e-05
robocasa/CleanMicrowave,32,4200420,0,oracle_real_utility,1,-0.046331605584846565,-0.04551902671730256,0.0008125788675440032
robocasa/CleanMicrowave,32,4200420,0,oracle_real_utility,2,-0.036832040925327734,-0.037061274511447306,0.00022923358611957184
robocasa/CleanMicrowave,32,4200420,0,oracle_real_utility,4,-0.02933335982456308,-0.029654394274817628,0.00032103445025454674
robocasa/CleanMicrowave,32,4200420,0,oracle_real_utility,8,-0.024751075833889594,-0.024737887709980796,1.31881239087972e-05
robocasa/CleanMicrowave,32,4210427,1,learned_wam,1,-0.06547075253362059,-0.06563976386282992,0.00016901132920933704
robocasa/CleanMicrowave,32,4210427,1,learned_wam,2,-0.0556642535746206,-0.056006158390185384,0.00034190481556478636
robocasa/CleanMicrowave,32,4210427,1,learned_wam,4,-0.04838391318865815,-0.04858052029203927,0.0001966071033811176
robocasa/CleanMicrowave,32,4210427,1,learned_wam,8,-0.042727918424279865,-0.043066827709487235,0.00033890928520736996
robocasa/CleanMicrowave,32,4210427,1,learned_physics_score,1,-0.06547075253362059,-0.06563976386282992,0.00016901132920933704
robocasa/CleanMicrowave,32,4210427,1,learned_physics_score,2,-0.0556642535746206,-0.056006158390185384,0.00034190481556478636
robocasa/CleanMicrowave,32,4210427,1,learned_physics_score,4,-0.04838391318865815,-0.04858052029203927,0.0001966071033811176
robocasa/CleanMicrowave,32,4210427,1,learned_physics_score,8,-0.042727918424279865,-0.043066827709487235,0.00033890928520736996
robocasa/CleanMicrowave,32,4210427,1,learned_energy_regularized,1,-0.06547075253362057,-0.06563976386282992,0.0001690113292093509
robocasa/CleanMicrowave,32,4210427,1,learned_energy_regularized,2,-0.055756129387926644,-0.056098994878476846,0.0003428654905502024
robocasa/CleanMicrowave,32,4210427,1,learned_energy_regularized,4,-0.04881190557452239,-0.049039411817271,0.00022750624274860826
robocasa/CleanMicrowave,32,4210427,1,learned_energy_regularized,8,-0.04329311312027441,-0.04364969188643392,0.0003565787661595071
robocasa/CleanMicrowave,32,4210427,1,oracle_real_utility,1,-0.06547075253362059,-0.06563976386282992,0.00016901132920933704
robocasa/CleanMicrowave,32,4210427,1,oracle_real_utility,2,-0.05525052956965668,-0.05557847549610625,0.000327945926449566
robocasa/CleanMicrowave,32,4210427,1,oracle_real_utility,4,-0.04757578399431178,-0.047773238175350084,0.0001974541810383021
robocasa/CleanMicrowave,32,4210427,1,oracle_real_utility,8,-0.04196560731518263,-0.04231289811678769,0.0003472908016050602
robocasa/ClearSink,33,4300423,0,learned_wam,1,-0.04441838018953103,-0.04401702724351729,0.0004013529460137402
robocasa/ClearSink,33,4300423,0,learned_wam,2,-0.0399584604274447,-0.040324241243868,0.00036578081642330007
robocasa/ClearSink,33,4300423,0,learned_wam,4,-0.03747493432531038,-0.03757413063671001,9.919631139963109e-05
robocasa/ClearSink,33,4300423,0,learned_wam,8,-0.034662876847352066,-0.034600790633950426,6.20862134016395e-05
robocasa/ClearSink,33,4300423,0,learned_physics_score,1,-0.04441838018953103,-0.04401702724351729,0.0004013529460137402
robocasa/ClearSink,33,4300423,0,learned_physics_score,2,-0.0399584604274447,-0.040324241243868,0.00036578081642330007
robocasa/ClearSink,33,4300423,0,learned_physics_score,4,-0.03747493432531038,-0.03757413063671001,9.919631139963109e-05
robocasa/ClearSink,33,4300423,0,learned_physics_score,8,-0.034662876847352066,-0.034600790633950426,6.20862134016395e-05
robocasa/ClearSink,33,4300423,0,learned_energy_regularized,1,-0.04441838018953102,-0.04401702724351729,0.0004013529460137333
robocasa/ClearSink,33,4300423,0,learned_energy_regularized,2,-0.04087308521076205,-0.041093241434703685,0.0002201562239416352
robocasa/ClearSink,33,4300423,0,learned_energy_regularized,4,-0.04109519341054384,-0.041153586156749196,5.839274620535878e-05
robocasa/ClearSink,33,4300423,0,learned_energy_regularized,8,-0.04289694865790327,-0.042876805482732025,2.014317517124581e-05
robocasa/ClearSink,33,4300423,0,oracle_real_utility,1,-0.04441838018953103,-0.04401702724351729,0.0004013529460137402
robocasa/ClearSink,33,4300423,0,oracle_real_utility,2,-0.03799948713671134,-0.03846158991533839,0.0004621027786270507
robocasa/ClearSink,33,4300423,0,oracle_real_utility,4,-0.033572633775741795,-0.03354988915756006,2.2744618181733123e-05
robocasa/ClearSink,33,4300423,0,oracle_real_utility,8,-0.03125593253137451,-0.03123583825509145,2.009427628305721e-05
robocasa/ClearSink,33,4310430,1,learned_wam,1,-0.053233415888095124,-0.05435266933835976,0.0011192534502646387
robocasa/ClearSink,33,4310430,1,learned_wam,2,-0.042566269702505564,-0.042599990107930336,3.3720405424771116e-05
robocasa/ClearSink,33,4310430,1,learned_wam,4,-0.0330060468957693,-0.03245532129682052,0.0005507255989487814
robocasa/ClearSink,33,4310430,1,learned_wam,8,-0.026858475842517743,-0.026911058031494378,5.258218897663536e-05
robocasa/ClearSink,33,4310430,1,learned_physics_score,1,-0.053233415888095124,-0.05435266933835976,0.0011192534502646387
robocasa/ClearSink,33,4310430,1,learned_physics_score,2,-0.042566269702505564,-0.042599990107930336,3.3720405424771116e-05
robocasa/ClearSink,33,4310430,1,learned_physics_score,4,-0.0330060468957693,-0.03245532129682052,0.0005507255989487814
robocasa/ClearSink,33,4310430,1,learned_physics_score,8,-0.026858475842517743,-0.026911058031494378,5.258218897663536e-05
robocasa/ClearSink,33,4310430,1,learned_energy_regularized,1,-0.053233415888095124,-0.05435266933835976,0.0011192534502646387
robocasa/ClearSink,33,4310430,1,learned_energy_regularized,2,-0.04473378834437985,-0.04488839746224607,0.00015460911786622372
robocasa/ClearSink,33,4310430,1,learned_energy_regularized,4,-0.03476990301954414,-0.03405935165191778,0.0007105513676263636
robocasa/ClearSink,33,4310430,1,learned_energy_regularized,8,-0.02718731067705563,-0.027329742103394124,0.00014243142633849418
robocasa/ClearSink,33,4310430,1,oracle_real_utility,1,-0.053233415888095124,-0.05435266933835976,0.0011192534502646387
robocasa/ClearSink,33,4310430,1,oracle_real_utility,2,-0.042485696246152574,-0.04251490453802158,2.9208291869003977e-05
robocasa/ClearSink,33,4310430,1,oracle_real_utility,4,-0.03299723417398069,-0.03243727284259745,0.000559961331383238
robocasa/ClearSink,33,4310430,1,oracle_real_utility,8,-0.026858436807373102,-0.026911058031494378,5.2621224121276317e-05
robocasa/ClearCuttingBoard,34,4400426,0,learned_wam,1,-0.05414334940702855,-0.053834461090892106,0.00030888831613644363
robocasa/ClearCuttingBoard,34,4400426,0,learned_wam,2,-0.050722271482350034,-0.05096692745214756,0.0002446559697975234
robocasa/ClearCuttingBoard,34,4400426,0,learned_wam,4,-0.04752966252216591,-0.0475385489071749,8.886385008989584e-06
robocasa/ClearCuttingBoard,34,4400426,0,learned_wam,8,-0.045902025546665906,-0.045984077913352524,8.20523666866177e-05
robocasa/ClearCuttingBoard,34,4400426,0,learned_physics_score,1,-0.05414334940702855,-0.053834461090892106,0.00030888831613644363
robocasa/ClearCuttingBoard,34,4400426,0,learned_physics_score,2,-0.050722271482350034,-0.05096692745214756,0.0002446559697975234
robocasa/ClearCuttingBoard,34,4400426,0,learned_physics_score,4,-0.04752966252216591,-0.0475385489071749,8.886385008989584e-06
robocasa/ClearCuttingBoard,34,4400426,0,learned_physics_score,8,-0.045902025546665906,-0.045984077913352524,8.20523666866177e-05
robocasa/ClearCuttingBoard,34,4400426,0,learned_energy_regularized,1,-0.05414334940702856,-0.053834461090892106,0.00030888831613645057
robocasa/ClearCuttingBoard,34,4400426,0,learned_energy_regularized,2,-0.05386733167880519,-0.05385601815871872,1.1313520086472795e-05
robocasa/ClearCuttingBoard,34,4400426,0,learned_energy_regularized,4,-0.05109852957852795,-0.05148801848015415,0.00038948890162619765
robocasa/ClearCuttingBoard,34,4400426,0,learned_energy_regularized,8,-0.047219301568620926,-0.04729205711430452,7.275554568359627e-05
robocasa/ClearCuttingBoard,34,4400426,0,oracle_real_utility,1,-0.05414334940702855,-0.053834461090892106,0.00030888831613644363
robocasa/ClearCuttingBoard,34,4400426,0,oracle_real_utility,2,-0.049554073056366596,-0.04984965824431233,0.00029558518794573635
robocasa/ClearCuttingBoard,34,4400426,0,oracle_real_utility,4,-0.04647536840529734,-0.04647368931708608,1.6790882112621697e-06
robocasa/ClearCuttingBoard,34,4400426,0,oracle_real_utility,8,-0.04500236389233016,-0.044979011091986536,2.3352800343622027e-05
robocasa/ClearCuttingBoard,34,4410433,1,learned_wam,1,-0.041703818823926944,-0.04191534355163424,0.00021152472770729486
robocasa/ClearCuttingBoard,34,4410433,1,learned_wam,2,-0.03474712480475945,-0.03495310915043637,0.00020598434567691698
robocasa/ClearCuttingBoard,34,4410433,1,learned_wam,4,-0.025661173845489178,-0.025815067026838754,0.0001538931813495764
robocasa/ClearCuttingBoard,34,4410433,1,learned_wam,8,-0.016687301755460626,-0.016068455275082733,0.000618846480377893
robocasa/ClearCuttingBoard,34,4410433,1,learned_physics_score,1,-0.041703818823926944,-0.04191534355163424,0.00021152472770729486
robocasa/ClearCuttingBoard,34,4410433,1,learned_physics_score,2,-0.03474712480475945,-0.03495310915043637,0.00020598434567691698
robocasa/ClearCuttingBoard,34,4410433,1,learned_physics_score,4,-0.025661173845489178,-0.025815067026838754,0.0001538931813495764
robocasa/ClearCuttingBoard,34,4410433,1,learned_physics_score,8,-0.016687301755460626,-0.016068455275082733,0.000618846480377893
robocasa/ClearCuttingBoard,34,4410433,1,learned_energy_regularized,1,-0.041703818823926944,-0.04191534355163424,0.00021152472770729486
robocasa/ClearCuttingBoard,34,4410433,1,learned_energy_regularized,2,-0.03536093310897524,-0.03572820472160642,0.0003672716126311773
robocasa/ClearCuttingBoard,34,4410433,1,learned_energy_regularized,4,-0.026429504608862404,-0.02648201540819086,5.251079932845626e-05
robocasa/ClearCuttingBoard,34,4410433,1,learned_energy_regularized,8,-0.017260401878084412,-0.01658702828792085,0.0006733735901635618
robocasa/ClearCuttingBoard,34,4410433,1,oracle_real_utility,1,-0.04170381882392694,-0.04191534355163424,0.0002115247277073018
robocasa/ClearCuttingBoard,34,4410433,1,oracle_real_utility,2,-0.03291032764099809,-0.0330911221520285,0.00018079451103041044
robocasa/ClearCuttingBoard,34,4410433,1,oracle_real_utility,4,-0.024412083714490666,-0.024599730472985974,0.00018764675849530787
robocasa/ClearCuttingBoard,34,4410433,1,oracle_real_utility,8,-0.01573920561666942,-0.01506878433367243,0.0006704212829969896
robocasa/RinseCuttingBoard,35,4500429,0,learned_wam,1,-0.05833520806007272,-0.057726588985106346,0.0006086190749663711
robocasa/RinseCuttingBoard,35,4500429,0,learned_wam,2,-0.046467964688735486,-0.045872549893100384,0.0005954147956351019
robocasa/RinseCuttingBoard,35,4500429,0,learned_wam,4,-0.037308502106835735,-0.03705750324917554,0.00025099885766019514
robocasa/RinseCuttingBoard,35,4500429,0,learned_wam,8,-0.03195183942717301,-0.03180080602296115,0.00015103340421186023
robocasa/RinseCuttingBoard,35,4500429,0,learned_physics_score,1,-0.05833520806007272,-0.057726588985106346,0.0006086190749663711
robocasa/RinseCuttingBoard,35,4500429,0,learned_physics_score,2,-0.046467964688735486,-0.045872549893100384,0.0005954147956351019
robocasa/RinseCuttingBoard,35,4500429,0,learned_physics_score,4,-0.037308502106835735,-0.03705750324917554,0.00025099885766019514
robocasa/RinseCuttingBoard,35,4500429,0,learned_physics_score,8,-0.03195183942717301,-0.03180080602296115,0.00015103340421186023
robocasa/RinseCuttingBoard,35,4500429,0,learned_energy_regularized,1,-0.05833520806007272,-0.057726588985106346,0.0006086190749663711
robocasa/RinseCuttingBoard,35,4500429,0,learned_energy_regularized,2,-0.04878927618623033,-0.04813428347667874,0.0006549927095515912
robocasa/RinseCuttingBoard,35,4500429,0,learned_energy_regularized,4,-0.04169079240774726,-0.041033034345713634,0.0006577580620336226
robocasa/RinseCuttingBoard,35,4500429,0,learned_energy_regularized,8,-0.0372798602134345,-0.03717411472640042,0.0001057454870340771
robocasa/RinseCuttingBoard,35,4500429,0,oracle_real_utility,1,-0.05833520806007271,-0.057726588985106346,0.0006086190749663642
robocasa/RinseCuttingBoard,35,4500429,0,oracle_real_utility,2,-0.046310910218563046,-0.045706050759342656,0.0006048594592203901
robocasa/RinseCuttingBoard,35,4500429,0,oracle_real_utility,4,-0.03691337877206428,-0.03666391951815731,0.0002494592539069654
robocasa/RinseCuttingBoard,35,4500429,0,oracle_real_utility,8,-0.03092167141732072,-0.030816420166709862,0.0001052512506108591
robocasa/RinseCuttingBoard,35,4510436,1,learned_wam,1,-0.05613034517579641,-0.056212625481479046,8.2280305682636e-05
robocasa/RinseCuttingBoard,35,4510436,1,learned_wam,2,-0.049150800873137716,-0.04967275076842711,0.000521949895289392
robocasa/RinseCuttingBoard,35,4510436,1,learned_wam,4,-0.04294863699665289,-0.042988334672381626,3.9697675728735116e-05
robocasa/RinseCuttingBoard,35,4510436,1,learned_wam,8,-0.038957218293797335,-0.038965214750414714,7.996456617379022e-06
robocasa/RinseCuttingBoard,35,4510436,1,learned_physics_score,1,-0.05613034517579641,-0.056212625481479046,8.2280305682636e-05
robocasa/RinseCuttingBoard,35,4510436,1,learned_physics_score,2,-0.049150800873137716,-0.04967275076842711,0.000521949895289392
robocasa/RinseCuttingBoard,35,4510436,1,learned_physics_score,4,-0.04294863699665289,-0.042988334672381626,3.9697675728735116e-05
robocasa/RinseCuttingBoard,35,4510436,1,learned_physics_score,8,-0.038957218293797335,-0.038965214750414714,7.996456617379022e-06
robocasa/RinseCuttingBoard,35,4510436,1,learned_energy_regularized,1,-0.05613034517579642,-0.056212625481479046,8.228030568262906e-05
robocasa/RinseCuttingBoard,35,4510436,1,learned_energy_regularized,2,-0.053510425332110166,-0.054137005129853685,0.0006265797977435192
robocasa/RinseCuttingBoard,35,4510436,1,learned_energy_regularized,4,-0.04760126561519433,-0.047566098723452216,3.516689174211385e-05
robocasa/RinseCuttingBoard,35,4510436,1,learned_energy_regularized,8,-0.04077578322830877,-0.04066738215153323,0.00010840107677553834
robocasa/RinseCuttingBoard,35,4510436,1,oracle_real_utility,1,-0.05613034517579641,-0.056212625481479046,8.2280305682636e-05
robocasa/RinseCuttingBoard,35,4510436,1,oracle_real_utility,2,-0.04820496208332734,-0.04862478600799397,0.0004198239246666277
robocasa/RinseCuttingBoard,35,4510436,1,oracle_real_utility,4,-0.04181842921585905,-0.04181628618757671,2.1430282823378666e-06
robocasa/RinseCuttingBoard,35,4510436,1,oracle_real_utility,8,-0.03760938420763176,-0.03758620577175453,2.3178435877228842e-05
robocasa/RinseSinkBasin,36,4600432,0,learned_wam,1,-0.05181614304791123,-0.052341186392926016,0.0005250433450147834
robocasa/RinseSinkBasin,36,4600432,0,learned_wam,2,-0.04941597067169358,-0.04896984449654657,0.0004461261751470061
robocasa/RinseSinkBasin,36,4600432,0,learned_wam,4,-0.04615331205444948,-0.046414352264016,0.00026104020956652096
robocasa/RinseSinkBasin,36,4600432,0,learned_wam,8,-0.04144361065618091,-0.04163093112748996,0.00018732047130905205
robocasa/RinseSinkBasin,36,4600432,0,learned_physics_score,1,-0.05181614304791123,-0.052341186392926016,0.0005250433450147834
robocasa/RinseSinkBasin,36,4600432,0,learned_physics_score,2,-0.04941597067169358,-0.04896984449654657,0.0004461261751470061
robocasa/RinseSinkBasin,36,4600432,0,learned_physics_score,4,-0.04615331205444948,-0.046414352264016,0.00026104020956652096
robocasa/RinseSinkBasin,36,4600432,0,learned_physics_score,8,-0.04144361065618091,-0.04163093112748996,0.00018732047130905205
robocasa/RinseSinkBasin,36,4600432,0,learned_energy_regularized,1,-0.05181614304791124,-0.052341186392926016,0.0005250433450147765
robocasa/RinseSinkBasin,36,4600432,0,learned_energy_regularized,2,-0.05046293504885109,-0.05040760631804442,5.5328730806672444e-05
robocasa/RinseSinkBasin,36,4600432,0,learned_energy_regularized,4,-0.04639758604031836,-0.04640545790410859,7.871863790233358e-06
robocasa/RinseSinkBasin,36,4600432,0,learned_energy_regularized,8,-0.04139403771685032,-0.04153870154133384,0.00014466382448352633
robocasa/RinseSinkBasin,36,4600432,0,oracle_real_utility,1,-0.05181614304791123,-0.052341186392926016,0.0005250433450147834
robocasa/RinseSinkBasin,36,4600432,0,oracle_real_utility,2,-0.04731255712768394,-0.04680341053581532,0.0005091465918686186
robocasa/RinseSinkBasin,36,4600432,0,oracle_real_utility,4,-0.042881355890235964,-0.0431576525795522,0.0002762966893162383
robocasa/RinseSinkBasin,36,4600432,0,oracle_real_utility,8,-0.0388479104121475,-0.03894908492936616,0.00010117451721865928
robocasa/RinseSinkBasin,36,4610439,1,learned_wam,1,-0.04529997452153445,-0.045355545757627964,5.557123609351705e-05
robocasa/RinseSinkBasin,36,4610439,1,learned_wam,2,-0.044414050494599414,-0.04436069100449732,5.3359490102093676e-05
robocasa/RinseSinkBasin,36,4610439,1,learned_wam,4,-0.041691248399841646,-0.041356543516438894,0.0003347048834027519
robocasa/RinseSinkBasin,36,4610439,1,learned_wam,8,-0.037224967548972684,-0.03708647405368029,0.00013849349529239385
robocasa/RinseSinkBasin,36,4610439,1,learned_physics_score,1,-0.04529997452153445,-0.045355545757627964,5.557123609351705e-05
robocasa/RinseSinkBasin,36,4610439,1,learned_physics_score,2,-0.044414050494599414,-0.04436069100449732,5.3359490102093676e-05
robocasa/RinseSinkBasin,36,4610439,1,learned_physics_score,4,-0.041691248399841646,-0.041356543516438894,0.0003347048834027519
robocasa/RinseSinkBasin,36,4610439,1,learned_physics_score,8,-0.037224967548972684,-0.03708647405368029,0.00013849349529239385
robocasa/RinseSinkBasin,36,4610439,1,learned_energy_regularized,1,-0.04529997452153444,-0.045355545757627964,5.557123609352399e-05
robocasa/RinseSinkBasin,36,4610439,1,learned_energy_regularized,2,-0.04410200716681625,-0.044194012267465596,9.200510064934914e-05
robocasa/RinseSinkBasin,36,4610439,1,learned_energy_regularized,4,-0.041226933463443964,-0.041037734307643105,0.00018919915580085933
robocasa/RinseSinkBasin,36,4610439,1,learned_energy_regularized,8,-0.03716554337124576,-0.037018481999369,0.0001470613718767555
robocasa/RinseSinkBasin,36,4610439,1,oracle_real_utility,1,-0.04529997452153444,-0.045355545757627964,5.557123609352399e-05
robocasa/RinseSinkBasin,36,4610439,1,oracle_real_utility,2,-0.04138213969267004,-0.04151828719137707,0.0001361474987070302
robocasa/RinseSinkBasin,36,4610439,1,oracle_real_utility,4,-0.03780276132976472,-0.03767066390762908,0.00013209742213563663
robocasa/RinseSinkBasin,36,4610439,1,oracle_real_utility,8,-0.034509708567154185,-0.0344556713809067,5.403718624748255e-05
robocasa/WashFruitColander,37,4700435,0,learned_wam,1,-0.06439012853640522,-0.0652874029989462,0.0008972744625409812
robocasa/WashFruitColander,37,4700435,0,learned_wam,2,-0.056071599400875145,-0.05604227049325655,2.932890761859347e-05
robocasa/WashFruitColander,37,4700435,0,learned_wam,4,-0.0483108185356742,-0.04781169256023371,0.0004991259754404884
robocasa/WashFruitColander,37,4700435,0,learned_wam,8,-0.041407416919476456,-0.04138927612084174,1.814079863471374e-05
robocasa/WashFruitColander,37,4700435,0,learned_physics_score,1,-0.06439012853640522,-0.0652874029989462,0.0008972744625409812
robocasa/WashFruitColander,37,4700435,0,learned_physics_score,2,-0.056071599400875145,-0.05604227049325655,2.932890761859347e-05
robocasa/WashFruitColander,37,4700435,0,learned_physics_score,4,-0.0483108185356742,-0.04781169256023371,0.0004991259754404884
robocasa/WashFruitColander,37,4700435,0,learned_physics_score,8,-0.041407416919476456,-0.04138927612084174,1.814079863471374e-05
robocasa/WashFruitColander,37,4700435,0,learned_energy_regularized,1,-0.06439012853640522,-0.0652874029989462,0.0008972744625409812
robocasa/WashFruitColander,37,4700435,0,learned_energy_regularized,2,-0.05578577226926457,-0.055758729978698865,2.7042290565708338e-05
robocasa/WashFruitColander,37,4700435,0,learned_energy_regularized,4,-0.04806518584444636,-0.04760132379136833,0.00046386205307803047
robocasa/WashFruitColander,37,4700435,0,learned_energy_regularized,8,-0.04137870271083173,-0.04136183671620713,1.6865994624602754e-05
robocasa/WashFruitColander,37,4700435,0,oracle_real_utility,1,-0.06439012853640522,-0.0652874029989462,0.0008972744625409812
robocasa/WashFruitColander,37,4700435,0,oracle_real_utility,2,-0.055537788093642924,-0.05554876809400927,1.0980000366346554e-05
robocasa/WashFruitColander,37,4700435,0,oracle_real_utility,4,-0.047744430125395025,-0.04732182107368853,0.0004226090517064976
robocasa/WashFruitColander,37,4700435,0,oracle_real_utility,8,-0.04116807887400116,-0.041110742226712946,5.733664728821419e-05
robocasa/WashFruitColander,37,4710442,1,learned_wam,1,-0.05199968395292317,-0.05191407695485866,8.5606998064508e-05
robocasa/WashFruitColander,37,4710442,1,learned_wam,2,-0.047599600646691415,-0.047416881817578235,0.00018271882911317927
robocasa/WashFruitColander,37,4710442,1,learned_wam,4,-0.04330384868438542,-0.043229939905703146,7.390877868227591e-05
robocasa/WashFruitColander,37,4710442,1,learned_wam,8,-0.04053541053309741,-0.04097969910371267,0.0004442885706152644
robocasa/WashFruitColander,37,4710442,1,learned_physics_score,1,-0.05199968395292317,-0.05191407695485866,8.5606998064508e-05
robocasa/WashFruitColander,37,4710442,1,learned_physics_score,2,-0.047599600646691415,-0.047416881817578235,0.00018271882911317927
robocasa/WashFruitColander,37,4710442,1,learned_physics_score,4,-0.04330384868438542,-0.043229939905703146,7.390877868227591e-05
robocasa/WashFruitColander,37,4710442,1,learned_physics_score,8,-0.04053541053309741,-0.04097969910371267,0.0004442885706152644
robocasa/WashFruitColander,37,4710442,1,learned_energy_regularized,1,-0.05199968395292317,-0.05191407695485866,8.5606998064508e-05
robocasa/WashFruitColander,37,4710442,1,learned_energy_regularized,2,-0.048066998183426246,-0.048040191372143395,2.6806811282850673e-05
robocasa/WashFruitColander,37,4710442,1,learned_energy_regularized,4,-0.04340232185021298,-0.043176100186347446,0.00022622166386553066
robocasa/WashFruitColander,37,4710442,1,learned_energy_regularized,8,-0.039241364558596406,-0.03955426676430207,0.0003129022057056646
robocasa/WashFruitColander,37,4710442,1,oracle_real_utility,1,-0.05199968395292317,-0.05191407695485866,8.5606998064508e-05
robocasa/WashFruitColander,37,4710442,1,oracle_real_utility,2,-0.046626805522804064,-0.046517947822893375,0.00010885769991068883
robocasa/WashFruitColander,37,4710442,1,oracle_real_utility,4,-0.04154936158848587,-0.04146663196954526,8.27296189406107e-05
robocasa/WashFruitColander,37,4710442,1,oracle_real_utility,8,-0.03812159127639887,-0.03833563827955934,0.00021404700316046688
robocasa/WashLettuce,38,4800438,0,learned_wam,1,-0.06675183106167047,-0.06659028544432263,0.00016154561734783857
robocasa/WashLettuce,38,4800438,0,learned_wam,2,-0.05983644501188072,-0.06038003670800449,0.0005435916961237727
robocasa/WashLettuce,38,4800438,0,learned_wam,4,-0.05476638498393288,-0.05491644360383764,0.000150058619904761
robocasa/WashLettuce,38,4800438,0,learned_wam,8,-0.053247895795022385,-0.05315079541714295,9.710037787943188e-05
robocasa/WashLettuce,38,4800438,0,learned_physics_score,1,-0.06675183106167047,-0.06659028544432263,0.00016154561734783857
robocasa/WashLettuce,38,4800438,0,learned_physics_score,2,-0.05983644501188072,-0.06038003670800449,0.0005435916961237727
robocasa/WashLettuce,38,4800438,0,learned_physics_score,4,-0.05476638498393288,-0.05491644360383764,0.000150058619904761
robocasa/WashLettuce,38,4800438,0,learned_physics_score,8,-0.053247895795022385,-0.05315079541714295,9.710037787943188e-05
robocasa/WashLettuce,38,4800438,0,learned_energy_regularized,1,-0.06675183106167047,-0.06659028544432263,0.00016154561734783857
robocasa/WashLettuce,38,4800438,0,learned_energy_regularized,2,-0.05875790768865356,-0.059184227639471815,0.0004263199508182519
robocasa/WashLettuce,38,4800438,0,learned_energy_regularized,4,-0.05264638624649427,-0.05293878894675226,0.00029240270025798765
robocasa/WashLettuce,38,4800438,0,learned_energy_regularized,8,-0.04819476316373007,-0.048003710301924005,0.00019105286180606806
robocasa/WashLettuce,38,4800438,0,oracle_real_utility,1,-0.06675183106167047,-0.06659028544432263,0.00016154561734783857
robocasa/WashLettuce,38,4800438,0,oracle_real_utility,2,-0.05757951971895693,-0.05779789202091452,0.00021837230195758534
robocasa/WashLettuce,38,4800438,0,oracle_real_utility,4,-0.05110176704644173,-0.051203998390363624,0.0001022313439218922
robocasa/WashLettuce,38,4800438,0,oracle_real_utility,8,-0.04660589992458804,-0.04652661908653397,7.928083805406466e-05
robocasa/WashLettuce,38,4810445,1,learned_wam,1,-0.052895216610264736,-0.05286789316370593,2.732344655880653e-05
robocasa/WashLettuce,38,4810445,1,learned_wam,2,-0.04589213145074057,-0.045717087772993145,0.00017504367774742735
robocasa/WashLettuce,38,4810445,1,learned_wam,4,-0.04007391611231417,-0.04000844028410808,6.547582820609632e-05
robocasa/WashLettuce,38,4810445,1,learned_wam,8,-0.03555570190871267,-0.035823781676275576,0.0002680797675629065
robocasa/WashLettuce,38,4810445,1,learned_physics_score,1,-0.052895216610264736,-0.05286789316370593,2.732344655880653e-05
robocasa/WashLettuce,38,4810445,1,learned_physics_score,2,-0.04589213145074057,-0.045717087772993145,0.00017504367774742735
robocasa/WashLettuce,38,4810445,1,learned_physics_score,4,-0.04007391611231417,-0.04000844028410808,6.547582820609632e-05
robocasa/WashLettuce,38,4810445,1,learned_physics_score,8,-0.03555570190871267,-0.035823781676275576,0.0002680797675629065
robocasa/WashLettuce,38,4810445,1,learned_energy_regularized,1,-0.052895216610264736,-0.05286789316370593,2.732344655880653e-05
robocasa/WashLettuce,38,4810445,1,learned_energy_regularized,2,-0.04565358098723622,-0.04553870180425858,0.00011487918297764521
robocasa/WashLettuce,38,4810445,1,learned_energy_regularized,4,-0.03924774510310801,-0.03908169507985073,0.00016605002325727897
robocasa/WashLettuce,38,4810445,1,learned_energy_regularized,8,-0.03467194369676986,-0.034932797000425175,0.00026085330365531456
robocasa/WashLettuce,38,4810445,1,oracle_real_utility,1,-0.052895216610264736,-0.05286789316370593,2.732344655880653e-05
robocasa/WashLettuce,38,4810445,1,oracle_real_utility,2,-0.045514411948193806,-0.045369472252783,0.00014493969541080898
robocasa/WashLettuce,38,4810445,1,oracle_real_utility,4,-0.03923252348946274,-0.03905497462435459,0.00017754886510815138
robocasa/WashLettuce,38,4810445,1,oracle_real_utility,8,-0.03467187627402527,-0.034932797000425175,0.0002609207263999033
robocasa/CollectWashingSupplies,39,4900441,0,learned_wam,1,-0.05614788251339004,-0.05673020244325637,0.0005823199298663276
robocasa/CollectWashingSupplies,39,4900441,0,learned_wam,2,-0.048487710536190984,-0.04822964766828632,0.0002580628679046612
robocasa/CollectWashingSupplies,39,4900441,0,learned_wam,4,-0.04718403624449203,-0.046872091886391895,0.0003119443581001344
robocasa/CollectWashingSupplies,39,4900441,0,learned_wam,8,-0.04903597735389616,-0.04916316826711005,0.00012719091321389264
robocasa/CollectWashingSupplies,39,4900441,0,learned_physics_score,1,-0.05614788251339004,-0.05673020244325637,0.0005823199298663276
robocasa/CollectWashingSupplies,39,4900441,0,learned_physics_score,2,-0.048487710536190984,-0.04822964766828632,0.0002580628679046612
robocasa/CollectWashingSupplies,39,4900441,0,learned_physics_score,4,-0.04718403624449203,-0.046872091886391895,0.0003119443581001344
robocasa/CollectWashingSupplies,39,4900441,0,learned_physics_score,8,-0.04903597735389616,-0.04916316826711005,0.00012719091321389264
robocasa/CollectWashingSupplies,39,4900441,0,learned_energy_regularized,1,-0.05614788251339004,-0.05673020244325637,0.0005823199298663276
robocasa/CollectWashingSupplies,39,4900441,0,learned_energy_regularized,2,-0.04804253206796645,-0.047833126932140986,0.00020940513582546477
robocasa/CollectWashingSupplies,39,4900441,0,learned_energy_regularized,4,-0.046161074163765047,-0.045809062736372294,0.00035201142739275243
robocasa/CollectWashingSupplies,39,4900441,0,learned_energy_regularized,8,-0.0479137452036206,-0.04801525499946287,0.00010150979584226671
robocasa/CollectWashingSupplies,39,4900441,0,oracle_real_utility,1,-0.056147882513390035,-0.05673020244325637,0.0005823199298663345
robocasa/CollectWashingSupplies,39,4900441,0,oracle_real_utility,2,-0.04588960246789914,-0.04567669380750671,0.000212908660392426
robocasa/CollectWashingSupplies,39,4900441,0,oracle_real_utility,4,-0.04137828213526522,-0.04117663845057725,0.0002016436846879674
robocasa/CollectWashingSupplies,39,4900441,0,oracle_real_utility,8,-0.03960602497947042,-0.03966349182007739,5.746684060697199e-05
robocasa/CollectWashingSupplies,39,4910448,1,learned_wam,1,-0.05671087819357535,-0.056779578176312406,6.869998273705685e-05
robocasa/CollectWashingSupplies,39,4910448,1,learned_wam,2,-0.05525444154696416,-0.05481626364035355,0.0004381779066106109
robocasa/CollectWashingSupplies,39,4910448,1,learned_wam,4,-0.05602585646463121,-0.05626443405670209,0.00023857759207088214
robocasa/CollectWashingSupplies,39,4910448,1,learned_wam,8,-0.05868082152022191,-0.05867713232548852,3.6891947333902997e-06
robocasa/CollectWashingSupplies,39,4910448,1,learned_physics_score,1,-0.05671087819357535,-0.056779578176312406,6.869998273705685e-05
robocasa/CollectWashingSupplies,39,4910448,1,learned_physics_score,2,-0.05525444154696416,-0.05481626364035355,0.0004381779066106109
robocasa/CollectWashingSupplies,39,4910448,1,learned_physics_score,4,-0.05602585646463121,-0.05626443405670209,0.00023857759207088214
robocasa/CollectWashingSupplies,39,4910448,1,learned_physics_score,8,-0.05868082152022191,-0.05867713232548852,3.6891947333902997e-06
robocasa/CollectWashingSupplies,39,4910448,1,learned_energy_regularized,1,-0.05671087819357534,-0.056779578176312406,6.869998273706379e-05
robocasa/CollectWashingSupplies,39,4910448,1,learned_energy_regularized,2,-0.053615434745250566,-0.053371538025509146,0.00024389671974141963
robocasa/CollectWashingSupplies,39,4910448,1,learned_energy_regularized,4,-0.05395387266534292,-0.05396990177722393,1.6029111881012137e-05
robocasa/CollectWashingSupplies,39,4910448,1,learned_energy_regularized,8,-0.05396682961176173,-0.05361888209791721,0.0003479475138445237
robocasa/CollectWashingSupplies,39,4910448,1,oracle_real_utility,1,-0.05671087819357534,-0.056779578176312406,6.869998273706379e-05
robocasa/CollectWashingSupplies,39,4910448,1,oracle_real_utility,2,-0.050126945068063505,-0.050218545821469104,9.160075340559903e-05
robocasa/CollectWashingSupplies,39,4910448,1,oracle_real_utility,4,-0.04476855085763207,-0.044970214819959026,0.00020166396232695893
robocasa/CollectWashingSupplies,39,4910448,1,oracle_real_utility,8,-0.04112007042707589,-0.041219982921440704,9.991249436481359e-05
robocasa/MicrowavePressButton,40,5000444,0,learned_wam,1,-0.04808933417332999,-0.04823420150958255,0.00014486733625256043
robocasa/MicrowavePressButton,40,5000444,0,learned_wam,2,-0.04137268788832899,-0.04242701905675733,0.0010543311684283393
robocasa/MicrowavePressButton,40,5000444,0,learned_wam,4,-0.03650100121632177,-0.036609989963869806,0.00010898874754803473
robocasa/MicrowavePressButton,40,5000444,0,learned_wam,8,-0.03367241349886226,-0.0338518982651342,0.00017948476627193538
robocasa/MicrowavePressButton,40,5000444,0,learned_physics_score,1,-0.04808933417332999,-0.04823420150958255,0.00014486733625256043
robocasa/MicrowavePressButton,40,5000444,0,learned_physics_score,2,-0.04137268788832899,-0.04242701905675733,0.0010543311684283393
robocasa/MicrowavePressButton,40,5000444,0,learned_physics_score,4,-0.03650100121632177,-0.036609989963869806,0.00010898874754803473
robocasa/MicrowavePressButton,40,5000444,0,learned_physics_score,8,-0.03367241349886226,-0.0338518982651342,0.00017948476627193538
robocasa/MicrowavePressButton,40,5000444,0,learned_energy_regularized,1,-0.04808933417332999,-0.04823420150958255,0.00014486733625256043
robocasa/MicrowavePressButton,40,5000444,0,learned_energy_regularized,2,-0.04085628089569786,-0.04177958456336212,0.0009233036676642645
robocasa/MicrowavePressButton,40,5000444,0,learned_energy_regularized,4,-0.03781492772548416,-0.03754531681787103,0.000269610907613127
robocasa/MicrowavePressButton,40,5000444,0,learned_energy_regularized,8,-0.03507447654937243,-0.03540114405388286,0.0003266675045104292
robocasa/MicrowavePressButton,40,5000444,0,oracle_real_utility,1,-0.04808933417332998,-0.04823420150958255,0.00014486733625256737
robocasa/MicrowavePressButton,40,5000444,0,oracle_real_utility,2,-0.038176251625887295,-0.038791051031234945,0.0006147994053476505
robocasa/MicrowavePressButton,40,5000444,0,oracle_real_utility,4,-0.031519020894042266,-0.03144698603631852,7.20348577237448e-05
robocasa/MicrowavePressButton,40,5000444,0,oracle_real_utility,8,-0.027934757203908023,-0.027994539195200008,5.978199129198433e-05
robocasa/MicrowavePressButton,40,5010451,1,learned_wam,1,-0.05231462784863737,-0.05194511990065066,0.00036950794798670805
robocasa/MicrowavePressButton,40,5010451,1,learned_wam,2,-0.04515367092631024,-0.04455544773662305,0.0005982231896871845
robocasa/MicrowavePressButton,40,5010451,1,learned_wam,4,-0.03793326366124604,-0.037693499469969,0.0002397641912770393
robocasa/MicrowavePressButton,40,5010451,1,learned_wam,8,-0.03251891956842902,-0.03249350421985563,2.5415348573386287e-05
robocasa/MicrowavePressButton,40,5010451,1,learned_physics_score,1,-0.05231462784863737,-0.05194511990065066,0.00036950794798670805
robocasa/MicrowavePressButton,40,5010451,1,learned_physics_score,2,-0.04515367092631024,-0.04455544773662305,0.0005982231896871845
robocasa/MicrowavePressButton,40,5010451,1,learned_physics_score,4,-0.03793326366124604,-0.037693499469969,0.0002397641912770393
robocasa/MicrowavePressButton,40,5010451,1,learned_physics_score,8,-0.03251891956842902,-0.03249350421985563,2.5415348573386287e-05
robocasa/MicrowavePressButton,40,5010451,1,learned_energy_regularized,1,-0.05231462784863737,-0.05194511990065066,0.00036950794798670805
robocasa/MicrowavePressButton,40,5010451,1,learned_energy_regularized,2,-0.045232652395758736,-0.04460983129242692,0.0006228211033318179
robocasa/MicrowavePressButton,40,5010451,1,learned_energy_regularized,4,-0.03786990295897973,-0.037646265655181456,0.00022363730379827695
robocasa/MicrowavePressButton,40,5010451,1,learned_energy_regularized,8,-0.03251612778167975,-0.03249350421985563,2.2623561824114402e-05
robocasa/MicrowavePressButton,40,5010451,1,oracle_real_utility,1,-0.05231462784863738,-0.05194511990065066,0.000369507947986715
robocasa/MicrowavePressButton,40,5010451,1,oracle_real_utility,2,-0.04435414191319428,-0.04376792466659762,0.0005862172465966597
robocasa/MicrowavePressButton,40,5010451,1,oracle_real_utility,4,-0.03743355802804856,-0.03711065582730125,0.0003229022007473145
robocasa/MicrowavePressButton,40,5010451,1,oracle_real_utility,8,-0.03247414613889203,-0.03248071175564577,6.565616753738401e-06
robocasa/ToastBagel,41,5100447,0,learned_wam,1,-0.06399941233729418,-0.06400774432851825,8.331991224061475e-06
robocasa/ToastBagel,41,5100447,0,learned_wam,2,-0.0564291794577719,-0.0564169960456144,1.2183412157501516e-05
robocasa/ToastBagel,41,5100447,0,learned_wam,4,-0.050890410043352055,-0.050347249284053534,0.0005431607592985208
robocasa/ToastBagel,41,5100447,0,learned_wam,8,-0.04833238432263352,-0.04862811755865103,0.00029573323601750356
robocasa/ToastBagel,41,5100447,0,learned_physics_score,1,-0.06399941233729418,-0.06400774432851825,8.331991224061475e-06
robocasa/ToastBagel,41,5100447,0,learned_physics_score,2,-0.0564291794577719,-0.0564169960456144,1.2183412157501516e-05
robocasa/ToastBagel,41,5100447,0,learned_physics_score,4,-0.050890410043352055,-0.050347249284053534,0.0005431607592985208
robocasa/ToastBagel,41,5100447,0,learned_physics_score,8,-0.04833238432263352,-0.04862811755865103,0.00029573323601750356
robocasa/ToastBagel,41,5100447,0,learned_energy_regularized,1,-0.06399941233729418,-0.06400774432851825,8.331991224061475e-06
robocasa/ToastBagel,41,5100447,0,learned_energy_regularized,2,-0.057477366116407594,-0.05750942956999135,3.206345358375273e-05
robocasa/ToastBagel,41,5100447,0,learned_energy_regularized,4,-0.053470536969712275,-0.05311173944317487,0.00035879752653740493
robocasa/ToastBagel,41,5100447,0,learned_energy_regularized,8,-0.05345135738043813,-0.05369830623815471,0.0002469488577165821
robocasa/ToastBagel,41,5100447,0,oracle_real_utility,1,-0.06399941233729418,-0.06400774432851825,8.331991224061475e-06
robocasa/ToastBagel,41,5100447,0,oracle_real_utility,2,-0.05567377409343843,-0.055566636024838495,0.00010713806859993791
robocasa/ToastBagel,41,5100447,0,oracle_real_utility,4,-0.049252912077951495,-0.048926783180255756,0.0003261288976957391
robocasa/ToastBagel,41,5100447,0,oracle_real_utility,8,-0.04549084428545573,-0.045619639326974576,0.0001287950415188449
robocasa/ToastBagel,41,5110454,1,learned_wam,1,-0.05287470234307941,-0.05136176914618241,0.0015129331968969997
robocasa/ToastBagel,41,5110454,1,learned_wam,2,-0.03828073849884081,-0.038538326387853046,0.00025758788901223545
robocasa/ToastBagel,41,5110454,1,learned_wam,4,-0.029515379252068284,-0.029857286265207207,0.0003419070131389229
robocasa/ToastBagel,41,5110454,1,learned_wam,8,-0.02563617523367771,-0.025859170766599562,0.00022299553292185262
robocasa/ToastBagel,41,5110454,1,learned_physics_score,1,-0.05287470234307941,-0.05136176914618241,0.0015129331968969997
robocasa/ToastBagel,41,5110454,1,learned_physics_score,2,-0.03828073849884081,-0.038538326387853046,0.00025758788901223545
robocasa/ToastBagel,41,5110454,1,learned_physics_score,4,-0.029515379252068284,-0.029857286265207207,0.0003419070131389229
robocasa/ToastBagel,41,5110454,1,learned_physics_score,8,-0.02563617523367771,-0.025859170766599562,0.00022299553292185262
robocasa/ToastBagel,41,5110454,1,learned_energy_regularized,1,-0.05287470234307941,-0.05136176914618241,0.0015129331968969997
robocasa/ToastBagel,41,5110454,1,learned_energy_regularized,2,-0.0383158825499248,-0.03856531701908555,0.00024943446916074474
robocasa/ToastBagel,41,5110454,1,learned_energy_regularized,4,-0.029598297247594572,-0.029954002693790352,0.00035570544619577954
robocasa/ToastBagel,41,5110454,1,learned_energy_regularized,8,-0.025700787471852074,-0.025928896563950195,0.00022810909209812144
robocasa/ToastBagel,41,5110454,1,oracle_real_utility,1,-0.05287470234307941,-0.05136176914618241,0.0015129331968969997
robocasa/ToastBagel,41,5110454,1,oracle_real_utility,2,-0.03828073849884081,-0.038538326387853046,0.00025758788901223545
robocasa/ToastBagel,41,5110454,1,oracle_real_utility,4,-0.029515379252068284,-0.029857286265207207,0.0003419070131389229
robocasa/ToastBagel,41,5110454,1,oracle_real_utility,8,-0.02563617523367771,-0.025859170766599562,0.00022299553292185262
robocasa/AdjustHeat,42,5200450,0,learned_wam,1,-0.053752485181883206,-0.0531718326939946,0.0005806524878886055
robocasa/AdjustHeat,42,5200450,0,learned_wam,2,-0.047619392753419955,-0.047380022359103054,0.00023937039431690121
robocasa/AdjustHeat,42,5200450,0,learned_wam,4,-0.04075631258246288,-0.040715252557754426,4.106002470845305e-05
robocasa/AdjustHeat,42,5200450,0,learned_wam,8,-0.0347423338197152,-0.034566976479571784,0.00017535734014341442
robocasa/AdjustHeat,42,5200450,0,learned_physics_score,1,-0.053752485181883206,-0.0531718326939946,0.0005806524878886055
robocasa/AdjustHeat,42,5200450,0,learned_physics_score,2,-0.047619392753419955,-0.047380022359103054,0.00023937039431690121
robocasa/AdjustHeat,42,5200450,0,learned_physics_score,4,-0.04075631258246288,-0.040715252557754426,4.106002470845305e-05
robocasa/AdjustHeat,42,5200450,0,learned_physics_score,8,-0.0347423338197152,-0.034566976479571784,0.00017535734014341442
robocasa/AdjustHeat,42,5200450,0,learned_energy_regularized,1,-0.0537524851818832,-0.0531718326939946,0.0005806524878885985
robocasa/AdjustHeat,42,5200450,0,learned_energy_regularized,2,-0.04940800960531261,-0.04910569177429737,0.0003023178310152391
robocasa/AdjustHeat,42,5200450,0,learned_energy_regularized,4,-0.04489229789336413,-0.0444375433018374,0.00045475459152673203
robocasa/AdjustHeat,42,5200450,0,learned_energy_regularized,8,-0.03906777646549767,-0.03907791753029816,1.0141064800496535e-05
robocasa/AdjustHeat,42,5200450,0,oracle_real_utility,1,-0.05375248518188321,-0.0531718326939946,0.0005806524878886124
robocasa/AdjustHeat,42,5200450,0,oracle_real_utility,2,-0.04699800043907027,-0.04679393053167255,0.00020406990739772063
robocasa/AdjustHeat,42,5200450,0,oracle_real_utility,4,-0.04029312507800542,-0.040190637964758386,0.00010248711324703508
robocasa/AdjustHeat,42,5200450,0,oracle_real_utility,8,-0.034429461357114166,-0.03426354118463107,0.0001659201724830972
robocasa/AdjustHeat,42,5210457,1,learned_wam,1,-0.05130468933488669,-0.05171494898519318,0.0004102596503064923
robocasa/AdjustHeat,42,5210457,1,learned_wam,2,-0.0454225151585122,-0.045847543732824764,0.0004250285743125637
robocasa/AdjustHeat,42,5210457,1,learned_wam,4,-0.041548248002802865,-0.041242433649799466,0.0003058143530033988
robocasa/AdjustHeat,42,5210457,1,learned_wam,8,-0.038876927431821404,-0.03880364502712274,7.328240469866437e-05
robocasa/AdjustHeat,42,5210457,1,learned_physics_score,1,-0.05130468933488669,-0.05171494898519318,0.0004102596503064923
robocasa/AdjustHeat,42,5210457,1,learned_physics_score,2,-0.0454225151585122,-0.045847543732824764,0.0004250285743125637
robocasa/AdjustHeat,42,5210457,1,learned_physics_score,4,-0.041548248002802865,-0.041242433649799466,0.0003058143530033988
robocasa/AdjustHeat,42,5210457,1,learned_physics_score,8,-0.038876927431821404,-0.03880364502712274,7.328240469866437e-05
robocasa/AdjustHeat,42,5210457,1,learned_energy_regularized,1,-0.05130468933488669,-0.05171494898519318,0.0004102596503064923
robocasa/AdjustHeat,42,5210457,1,learned_energy_regularized,2,-0.04574921363345171,-0.046181222235417305,0.00043200860196559304
robocasa/AdjustHeat,42,5210457,1,learned_energy_regularized,4,-0.042472274403827615,-0.04209774014133204,0.00037453426249557664
robocasa/AdjustHeat,42,5210457,1,learned_energy_regularized,8,-0.04031303325897155,-0.040288547826032396,2.448543293915445e-05
robocasa/AdjustHeat,42,5210457,1,oracle_real_utility,1,-0.051304689334886674,-0.05171494898519318,0.0004102596503065062
robocasa/AdjustHeat,42,5210457,1,oracle_real_utility,2,-0.04498812236633139,-0.045466123207773476,0.0004780008414420889
robocasa/AdjustHeat,42,5210457,1,oracle_real_utility,4,-0.041201148578753684,-0.040919566655874956,0.0002815819228787278
robocasa/AdjustHeat,42,5210457,1,oracle_real_utility,8,-0.038774899886903164,-0.038702416635376706,7.248325152645757e-05
robocasa/LowerHeat,43,5300453,0,learned_wam,1,-0.05428999389495155,-0.05460917381285436,0.00031917991790280514
robocasa/LowerHeat,43,5300453,0,learned_wam,2,-0.05117918176213518,-0.051078795700477596,0.00010038606165758274
robocasa/LowerHeat,43,5300453,0,learned_wam,4,-0.049725271884841625,-0.04974214656793376,1.6874683092131526e-05
robocasa/LowerHeat,43,5300453,0,learned_wam,8,-0.04770281630402791,-0.047510914167648785,0.000191902136379124
robocasa/LowerHeat,43,5300453,0,learned_physics_score,1,-0.05428999389495155,-0.05460917381285436,0.00031917991790280514
robocasa/LowerHeat,43,5300453,0,learned_physics_score,2,-0.05117918176213518,-0.051078795700477596,0.00010038606165758274
robocasa/LowerHeat,43,5300453,0,learned_physics_score,4,-0.049725271884841625,-0.04974214656793376,1.6874683092131526e-05
robocasa/LowerHeat,43,5300453,0,learned_physics_score,8,-0.04770281630402791,-0.047510914167648785,0.000191902136379124
robocasa/LowerHeat,43,5300453,0,learned_energy_regularized,1,-0.05428999389495155,-0.05460917381285436,0.00031917991790280514
robocasa/LowerHeat,43,5300453,0,learned_energy_regularized,2,-0.05058930615289381,-0.050401696132257,0.00018761002063680948
robocasa/LowerHeat,43,5300453,0,learned_energy_regularized,4,-0.04839080622056932,-0.04840100712152835,1.0200900959031478e-05
robocasa/LowerHeat,43,5300453,0,learned_energy_regularized,8,-0.0467253758351755,-0.04667258753551573,5.278829965976728e-05
robocasa/LowerHeat,43,5300453,0,oracle_real_utility,1,-0.054289993894951545,-0.05460917381285436,0.0003191799179028121
robocasa/LowerHeat,43,5300453,0,oracle_real_utility,2,-0.04982067607989746,-0.04965672966833846,0.0001639464115590003
robocasa/LowerHeat,43,5300453,0,oracle_real_utility,4,-0.04764960362444784,-0.04762669789717389,2.2905727273946075e-05
robocasa/LowerHeat,43,5300453,0,oracle_real_utility,8,-0.04645376254975928,-0.046413248189271755,4.051436048752716e-05
robocasa/LowerHeat,43,5310460,1,learned_wam,1,-0.048034139807807574,-0.04812641762382752,9.227781601994778e-05
robocasa/LowerHeat,43,5310460,1,learned_wam,2,-0.04489123750138435,-0.044761067241600255,0.0001301702597840959
robocasa/LowerHeat,43,5310460,1,learned_wam,4,-0.04134949093382707,-0.04159558701306186,0.00024609607923479354
robocasa/LowerHeat,43,5310460,1,learned_wam,8,-0.03838190587675633,-0.03869243170374449,0.00031052582698816444
robocasa/LowerHeat,43,5310460,1,learned_physics_score,1,-0.048034139807807574,-0.04812641762382752,9.227781601994778e-05
robocasa/LowerHeat,43,5310460,1,learned_physics_score,2,-0.04489123750138435,-0.044761067241600255,0.0001301702597840959
robocasa/LowerHeat,43,5310460,1,learned_physics_score,4,-0.04134949093382707,-0.04159558701306186,0.00024609607923479354
robocasa/LowerHeat,43,5310460,1,learned_physics_score,8,-0.03838190587675633,-0.03869243170374449,0.00031052582698816444
robocasa/LowerHeat,43,5310460,1,learned_energy_regularized,1,-0.04803413980780757,-0.04812641762382752,9.227781601995472e-05
robocasa/LowerHeat,43,5310460,1,learned_energy_regularized,2,-0.04554054534965126,-0.04551947864497095,2.106670468031424e-05
robocasa/LowerHeat,43,5310460,1,learned_energy_regularized,4,-0.04195481203667495,-0.042105893201621114,0.0001510811649461652
robocasa/LowerHeat,43,5310460,1,learned_energy_regularized,8,-0.03820097246886778,-0.03862924450011492,0.00042827203124714414
robocasa/LowerHeat,43,5310460,1,oracle_real_utility,1,-0.04803413980780758,-0.04812641762382752,9.227781601994084e-05
robocasa/LowerHeat,43,5310460,1,oracle_real_utility,2,-0.043940414132257286,-0.04382863610118758,0.00011177803106970224
robocasa/LowerHeat,43,5310460,1,oracle_real_utility,4,-0.04066727030244303,-0.04082076654429216,0.00015349624184913396
robocasa/LowerHeat,43,5310460,1,oracle_real_utility,8,-0.03787819393518084,-0.03812963269654611,0.0002514387613652691
robocasa/TransportCookware,44,5400456,0,learned_wam,1,-0.05614101218509417,-0.05618060255551019,3.9590370416016374e-05
robocasa/TransportCookware,44,5400456,0,learned_wam,2,-0.04874744040675583,-0.04803211726791954,0.0007153231388362935
robocasa/TransportCookware,44,5400456,0,learned_wam,4,-0.04247552833930253,-0.04265924951619038,0.0001837211768878494
robocasa/TransportCookware,44,5400456,0,learned_wam,8,-0.03655053835950183,-0.03631740074367363,0.00023313761582820225
robocasa/TransportCookware,44,5400456,0,learned_physics_score,1,-0.05614101218509417,-0.05618060255551019,3.9590370416016374e-05
robocasa/TransportCookware,44,5400456,0,learned_physics_score,2,-0.04874744040675583,-0.04803211726791954,0.0007153231388362935
robocasa/TransportCookware,44,5400456,0,learned_physics_score,4,-0.04247552833930253,-0.04265924951619038,0.0001837211768878494
robocasa/TransportCookware,44,5400456,0,learned_physics_score,8,-0.03655053835950183,-0.03631740074367363,0.00023313761582820225
robocasa/TransportCookware,44,5400456,0,learned_energy_regularized,1,-0.05614101218509418,-0.05618060255551019,3.9590370416009435e-05
robocasa/TransportCookware,44,5400456,0,learned_energy_regularized,2,-0.05186848669490868,-0.05121345186380614,0.0006550348311025397
robocasa/TransportCookware,44,5400456,0,learned_energy_regularized,4,-0.04961592033833642,-0.049728960267666183,0.00011303992932976126
robocasa/TransportCookware,44,5400456,0,learned_energy_regularized,8,-0.0494514267637593,-0.04978665876513572,0.00033523200137642456
robocasa/TransportCookware,44,5400456,0,oracle_real_utility,1,-0.05614101218509417,-0.05618060255551019,3.9590370416016374e-05
robocasa/TransportCookware,44,5400456,0,oracle_real_utility,2,-0.04860113307669547,-0.04788229856193772,0.0007188345147577449
robocasa/TransportCookware,44,5400456,0,oracle_real_utility,4,-0.042130334482441356,-0.04228938458579778,0.0001590501033564215
robocasa/TransportCookware,44,5400456,0,oracle_real_utility,8,-0.036281552748425774,-0.036036490669957726,0.0002450620784680488
robocasa/TransportCookware,44,5410463,1,learned_wam,1,-0.06044426732114159,-0.06081979789407627,0.0003755305729346847
robocasa/TransportCookware,44,5410463,1,learned_wam,2,-0.053213029198290844,-0.05283725300901253,0.0003757761892783165
robocasa/TransportCookware,44,5410463,1,learned_wam,4,-0.046843905769294245,-0.04676128262542596,8.262314386828229e-05
robocasa/TransportCookware,44,5410463,1,learned_wam,8,-0.04297322441004951,-0.042953130252495156,2.009415755435673e-05
robocasa/TransportCookware,44,5410463,1,learned_physics_score,1,-0.06044426732114159,-0.06081979789407627,0.0003755305729346847
robocasa/TransportCookware,44,5410463,1,learned_physics_score,2,-0.053213029198290844,-0.05283725300901253,0.0003757761892783165
robocasa/TransportCookware,44,5410463,1,learned_physics_score,4,-0.046843905769294245,-0.04676128262542596,8.262314386828229e-05
robocasa/TransportCookware,44,5410463,1,learned_physics_score,8,-0.04297322441004951,-0.042953130252495156,2.009415755435673e-05
robocasa/TransportCookware,44,5410463,1,learned_energy_regularized,1,-0.06044426732114158,-0.06081979789407627,0.00037553057293469166
robocasa/TransportCookware,44,5410463,1,learned_energy_regularized,2,-0.05401880449316932,-0.05376729220012687,0.00025151229304245376
robocasa/TransportCookware,44,5410463,1,learned_energy_regularized,4,-0.048870613595718246,-0.04851811929670477,0.0003524942990134755
robocasa/TransportCookware,44,5410463,1,learned_energy_regularized,8,-0.04508947777375429,-0.045216753781157026,0.00012727600740273376
robocasa/TransportCookware,44,5410463,1,oracle_real_utility,1,-0.06044426732114158,-0.06081979789407627,0.00037553057293469166
robocasa/TransportCookware,44,5410463,1,oracle_real_utility,2,-0.05235118854004089,-0.05212853946111541,0.00022264907892547564
robocasa/TransportCookware,44,5410463,1,oracle_real_utility,4,-0.04584853710389139,-0.04582549943720868,2.3037666682712565e-05
robocasa/TransportCookware,44,5410463,1,oracle_real_utility,8,-0.042726884064299024,-0.04274490137824125,1.8017313942228497e-05
robocasa/FillKettle,45,5500459,0,learned_wam,1,-0.051900978227168604,-0.05135149083233461,0.0005494873948339932
robocasa/FillKettle,45,5500459,0,learned_wam,2,-0.047484477185388514,-0.04767112434124347,0.000186647155854959
robocasa/FillKettle,45,5500459,0,learned_wam,4,-0.04432440812445215,-0.04482943519302819,0.0005050270685760389
robocasa/FillKettle,45,5500459,0,learned_wam,8,-0.04194694473889178,-0.042096499058086434,0.000149554319194653
robocasa/FillKettle,45,5500459,0,learned_physics_score,1,-0.051900978227168604,-0.05135149083233461,0.0005494873948339932
robocasa/FillKettle,45,5500459,0,learned_physics_score,2,-0.047484477185388514,-0.04767112434124347,0.000186647155854959
robocasa/FillKettle,45,5500459,0,learned_physics_score,4,-0.04432440812445215,-0.04482943519302819,0.0005050270685760389
robocasa/FillKettle,45,5500459,0,learned_physics_score,8,-0.04194694473889178,-0.042096499058086434,0.000149554319194653
robocasa/FillKettle,45,5500459,0,learned_energy_regularized,1,-0.051900978227168604,-0.05135149083233461,0.0005494873948339932
robocasa/FillKettle,45,5500459,0,learned_energy_regularized,2,-0.04620677181270512,-0.04638800578411294,0.00018123397140781816
robocasa/FillKettle,45,5500459,0,learned_energy_regularized,4,-0.042111843983713565,-0.04247390639702637,0.0003620624133128039
robocasa/FillKettle,45,5500459,0,learned_energy_regularized,8,-0.039891315007979565,-0.0400023456908948,0.00011103068291523632
robocasa/FillKettle,45,5500459,0,oracle_real_utility,1,-0.05190097822716859,-0.05135149083233461,0.0005494873948339793
robocasa/FillKettle,45,5500459,0,oracle_real_utility,2,-0.04562717354656353,-0.0458590897769543,0.00023191623039076764
robocasa/FillKettle,45,5500459,0,oracle_real_utility,4,-0.04184326866185066,-0.0421848137148326,0.00034154505298193694
robocasa/FillKettle,45,5500459,0,oracle_real_utility,8,-0.03986603335727999,-0.03997835578915536,0.00011232243187536683
robocasa/FillKettle,45,5510466,1,learned_wam,1,-0.05490851421790153,-0.05446406325356083,0.0004444509643406966
robocasa/FillKettle,45,5510466,1,learned_wam,2,-0.04961509396931113,-0.04894974677547745,0.0006653471938336819
robocasa/FillKettle,45,5510466,1,learned_wam,4,-0.04558739313417372,-0.04551319634534654,7.419678882717579e-05
robocasa/FillKettle,45,5510466,1,learned_wam,8,-0.04316424713390413,-0.043142517246953276,2.172988695085115e-05
robocasa/FillKettle,45,5510466,1,learned_physics_score,1,-0.05490851421790153,-0.05446406325356083,0.0004444509643406966
robocasa/FillKettle,45,5510466,1,learned_physics_score,2,-0.04961509396931113,-0.04894974677547745,0.0006653471938336819
robocasa/FillKettle,45,5510466,1,learned_physics_score,4,-0.04558739313417372,-0.04551319634534654,7.419678882717579e-05
robocasa/FillKettle,45,5510466,1,learned_physics_score,8,-0.04316424713390413,-0.043142517246953276,2.172988695085115e-05
robocasa/FillKettle,45,5510466,1,learned_energy_regularized,1,-0.054908514217901536,-0.05446406325356083,0.0004444509643407035
robocasa/FillKettle,45,5510466,1,learned_energy_regularized,2,-0.048713373211666376,-0.04818143362723676,0.0005319395844296179
robocasa/FillKettle,45,5510466,1,learned_energy_regularized,4,-0.043973205689506675,-0.04388061754770628,9.258814180039543e-05
robocasa/FillKettle,45,5510466,1,learned_energy_regularized,8,-0.04231612741382397,-0.042467700681143486,0.00015157326731951581
robocasa/FillKettle,45,5510466,1,oracle_real_utility,1,-0.054908514217901536,-0.05446406325356083,0.0004444509643407035
robocasa/FillKettle,45,5510466,1,oracle_real_utility,2,-0.04684708623154347,-0.04650117156561488,0.00034591466592858583
robocasa/FillKettle,45,5510466,1,oracle_real_utility,4,-0.04131850979892691,-0.041146230911725465,0.0001722788872014422
robocasa/FillKettle,45,5510466,1,oracle_real_utility,8,-0.03814902287238846,-0.03821599043185266,6.696755946420524e-05
robocasa/FillBlenderJug,46,5600462,0,learned_wam,1,-0.055111437857611065,-0.054658264114065984,0.00045317374354508083
robocasa/FillBlenderJug,46,5600462,0,learned_wam,2,-0.04693901436615461,-0.046694935147508276,0.00024407921864633142
robocasa/FillBlenderJug,46,5600462,0,learned_wam,4,-0.03878861500601269,-0.039110708475810683,0.00032209346979799464
robocasa/FillBlenderJug,46,5600462,0,learned_wam,8,-0.0301556420763692,-0.030028814593448225,0.00012682748292097354
robocasa/FillBlenderJug,46,5600462,0,learned_physics_score,1,-0.055111437857611065,-0.054658264114065984,0.00045317374354508083
robocasa/FillBlenderJug,46,5600462,0,learned_physics_score,2,-0.04693901436615461,-0.046694935147508276,0.00024407921864633142
robocasa/FillBlenderJug,46,5600462,0,learned_physics_score,4,-0.03878861500601269,-0.039110708475810683,0.00032209346979799464
robocasa/FillBlenderJug,46,5600462,0,learned_physics_score,8,-0.0301556420763692,-0.030028814593448225,0.00012682748292097354
robocasa/FillBlenderJug,46,5600462,0,learned_energy_regularized,1,-0.05511143785761107,-0.054658264114065984,0.00045317374354508777
robocasa/FillBlenderJug,46,5600462,0,learned_energy_regularized,2,-0.047997030232063996,-0.04774798895751957,0.0002490412745444273
robocasa/FillBlenderJug,46,5600462,0,learned_energy_regularized,4,-0.0406197445897097,-0.041073965821242966,0.00045422123153326943
robocasa/FillBlenderJug,46,5600462,0,learned_energy_regularized,8,-0.0328827168311223,-0.032821029567680966,6.168726344133596e-05
robocasa/FillBlenderJug,46,5600462,0,oracle_real_utility,1,-0.055111437857611065,-0.054658264114065984,0.00045317374354508083
robocasa/FillBlenderJug,46,5600462,0,oracle_real_utility,2,-0.04645110545583852,-0.04618023719876828,0.0002708682570702406
robocasa/FillBlenderJug,46,5600462,0,oracle_real_utility,4,-0.037926629450607506,-0.03821366600771787,0.00028703655711036224
robocasa/FillBlenderJug,46,5600462,0,oracle_real_utility,8,-0.02967171175135274,-0.029515511352397446,0.00015620039895529458
robocasa/FillBlenderJug,46,5610469,1,learned_wam,1,-0.04722441226264655,-0.04753354669037481,0.00030913442772825817
robocasa/FillBlenderJug,46,5610469,1,learned_wam,2,-0.03783776563664984,-0.03821180916020419,0.00037404352355435017
robocasa/FillBlenderJug,46,5610469,1,learned_wam,4,-0.031049482105762728,-0.031000929334225404,4.855277153732393e-05
robocasa/FillBlenderJug,46,5610469,1,learned_wam,8,-0.027270983197173696,-0.027139016740125876,0.00013196645704782045
robocasa/FillBlenderJug,46,5610469,1,learned_physics_score,1,-0.04722441226264655,-0.04753354669037481,0.00030913442772825817
robocasa/FillBlenderJug,46,5610469,1,learned_physics_score,2,-0.03783776563664984,-0.03821180916020419,0.00037404352355435017
robocasa/FillBlenderJug,46,5610469,1,learned_physics_score,4,-0.031049482105762728,-0.031000929334225404,4.855277153732393e-05
robocasa/FillBlenderJug,46,5610469,1,learned_physics_score,8,-0.027270983197173696,-0.027139016740125876,0.00013196645704782045
robocasa/FillBlenderJug,46,5610469,1,learned_energy_regularized,1,-0.04722441226264655,-0.04753354669037481,0.00030913442772825817
robocasa/FillBlenderJug,46,5610469,1,learned_energy_regularized,2,-0.039926851921285623,-0.04026165507803902,0.00033480315675339656
robocasa/FillBlenderJug,46,5610469,1,learned_energy_regularized,4,-0.03496461580594327,-0.03495701261842144,7.603187521826316e-06
robocasa/FillBlenderJug,46,5610469,1,learned_energy_regularized,8,-0.033430954385423726,-0.03322763082300458,0.0002033235624191443
robocasa/FillBlenderJug,46,5610469,1,oracle_real_utility,1,-0.04722441226264655,-0.04753354669037481,0.00030913442772825817
robocasa/FillBlenderJug,46,5610469,1,oracle_real_utility,2,-0.037496130965390784,-0.03788475302036263,0.0003886220549718447
robocasa/FillBlenderJug,46,5610469,1,oracle_real_utility,4,-0.030067282425892947,-0.03001261006770193,5.467235819101718e-05
robocasa/FillBlenderJug,46,5610469,1,oracle_real_utility,8,-0.026045913044068447,-0.025902444005209378,0.00014346903885906898
robocasa/LoadDishwasher,47,5700465,0,learned_wam,1,-0.054052229741101666,-0.053881657826578076,0.0001705719145235901
robocasa/LoadDishwasher,47,5700465,0,learned_wam,2,-0.04981435388420359,-0.04955338037468486,0.00026097350951873044
robocasa/LoadDishwasher,47,5700465,0,learned_wam,4,-0.04391284386087349,-0.04465948590878555,0.000746642047912062
robocasa/LoadDishwasher,47,5700465,0,learned_wam,8,-0.037845538847749924,-0.03778183767979823,6.370116795169356e-05
robocasa/LoadDishwasher,47,5700465,0,learned_physics_score,1,-0.054052229741101666,-0.053881657826578076,0.0001705719145235901
robocasa/LoadDishwasher,47,5700465,0,learned_physics_score,2,-0.04981435388420359,-0.04955338037468486,0.00026097350951873044
robocasa/LoadDishwasher,47,5700465,0,learned_physics_score,4,-0.04391284386087349,-0.04465948590878555,0.000746642047912062
robocasa/LoadDishwasher,47,5700465,0,learned_physics_score,8,-0.037845538847749924,-0.03778183767979823,6.370116795169356e-05
robocasa/LoadDishwasher,47,5700465,0,learned_energy_regularized,1,-0.05405222974110166,-0.053881657826578076,0.00017057191452358317
robocasa/LoadDishwasher,47,5700465,0,learned_energy_regularized,2,-0.050654866235889995,-0.05028498241719924,0.0003698838186907555
robocasa/LoadDishwasher,47,5700465,0,learned_energy_regularized,4,-0.045548577354167105,-0.0463200167056311,0.0007714393514639956
robocasa/LoadDishwasher,47,5700465,0,learned_energy_regularized,8,-0.03907967895570234,-0.03921799795627187,0.0001383190005695284
robocasa/LoadDishwasher,47,5700465,0,oracle_real_utility,1,-0.054052229741101666,-0.053881657826578076,0.0001705719145235901
robocasa/LoadDishwasher,47,5700465,0,oracle_real_utility,2,-0.04827457783074607,-0.04799096686530177,0.00028361096544429754
robocasa/LoadDishwasher,47,5700465,0,oracle_real_utility,4,-0.04226168754310589,-0.04278408741170655,0.0005223998686006565
robocasa/LoadDishwasher,47,5700465,0,oracle_real_utility,8,-0.03656226068431005,-0.03662073341562103,5.847273131098091e-05
robocasa/LoadDishwasher,47,5710472,1,learned_wam,1,-0.06151293020086527,-0.06147416313916224,3.8767061703026684e-05
robocasa/LoadDishwasher,47,5710472,1,learned_wam,2,-0.059223157486674664,-0.059348389500579295,0.00012523201390463035
robocasa/LoadDishwasher,47,5710472,1,learned_wam,4,-0.05686649527442608,-0.05677137228322131,9.512299120477408e-05
robocasa/LoadDishwasher,47,5710472,1,learned_wam,8,-0.05506027885091681,-0.05494572785257668,0.00011455099834013077
robocasa/LoadDishwasher,47,5710472,1,learned_physics_score,1,-0.06151293020086527,-0.06147416313916224,3.8767061703026684e-05
robocasa/LoadDishwasher,47,5710472,1,learned_physics_score,2,-0.059223157486674664,-0.059348389500579295,0.00012523201390463035
robocasa/LoadDishwasher,47,5710472,1,learned_physics_score,4,-0.05686649527442608,-0.05677137228322131,9.512299120477408e-05
robocasa/LoadDishwasher,47,5710472,1,learned_physics_score,8,-0.05506027885091681,-0.05494572785257668,0.00011455099834013077
robocasa/LoadDishwasher,47,5710472,1,learned_energy_regularized,1,-0.06151293020086527,-0.06147416313916224,3.8767061703026684e-05
robocasa/LoadDishwasher,47,5710472,1,learned_energy_regularized,2,-0.05914351286533219,-0.05909267479403732,5.083807129487028e-05
robocasa/LoadDishwasher,47,5710472,1,learned_energy_regularized,4,-0.056068826160377935,-0.05592485501359765,0.00014397114678028206
robocasa/LoadDishwasher,47,5710472,1,learned_energy_regularized,8,-0.053892780126523945,-0.0537868697560069,0.00010591037051704832
robocasa/LoadDishwasher,47,5710472,1,oracle_real_utility,1,-0.06151293020086527,-0.06147416313916224,3.8767061703026684e-05
robocasa/LoadDishwasher,47,5710472,1,oracle_real_utility,2,-0.05796784206403336,-0.05797050898307014,2.666919036782567e-06
robocasa/LoadDishwasher,47,5710472,1,oracle_real_utility,4,-0.0552380660470623,-0.055160979926351744,7.708612071055665e-05
robocasa/LoadDishwasher,47,5710472,1,oracle_real_utility,8,-0.05344462399762474,-0.05338094481762637,6.367917999837436e-05
robocasa/EmptyDishRack,48,5800468,0,learned_wam,1,-0.060328350795835525,-0.060116400545253086,0.00021195025058243916
robocasa/EmptyDishRack,48,5800468,0,learned_wam,2,-0.05317181776421131,-0.05352178931197407,0.00034997154776276324
robocasa/EmptyDishRack,48,5800468,0,learned_wam,4,-0.04860845992547143,-0.048869548523500776,0.00026108859802934786
robocasa/EmptyDishRack,48,5800468,0,learned_wam,8,-0.04387709814963758,-0.043213991642113384,0.0006631065075241999
robocasa/EmptyDishRack,48,5800468,0,learned_physics_score,1,-0.060328350795835525,-0.060116400545253086,0.00021195025058243916
robocasa/EmptyDishRack,48,5800468,0,learned_physics_score,2,-0.05317181776421131,-0.05352178931197407,0.00034997154776276324
robocasa/EmptyDishRack,48,5800468,0,learned_physics_score,4,-0.04860845992547143,-0.048869548523500776,0.00026108859802934786
robocasa/EmptyDishRack,48,5800468,0,learned_physics_score,8,-0.04387709814963758,-0.043213991642113384,0.0006631065075241999
robocasa/EmptyDishRack,48,5800468,0,learned_energy_regularized,1,-0.060328350795835525,-0.060116400545253086,0.00021195025058243916
robocasa/EmptyDishRack,48,5800468,0,learned_energy_regularized,2,-0.05336738894281638,-0.05369270934946495,0.000325320406648566
robocasa/EmptyDishRack,48,5800468,0,learned_energy_regularized,4,-0.04856466716968065,-0.04873910877361172,0.00017444160393106922
robocasa/EmptyDishRack,48,5800468,0,learned_energy_regularized,8,-0.04385655564822963,-0.043156557923873226,0.0006999977243564021
robocasa/EmptyDishRack,48,5800468,0,oracle_real_utility,1,-0.060328350795835525,-0.060116400545253086,0.00021195025058243916
robocasa/EmptyDishRack,48,5800468,0,oracle_real_utility,2,-0.05191979262484801,-0.052316044695679305,0.00039625207083129194
robocasa/EmptyDishRack,48,5800468,0,oracle_real_utility,4,-0.04584552079775986,-0.04595734401988089,0.00011182322212103385
robocasa/EmptyDishRack,48,5800468,0,oracle_real_utility,8,-0.041104268386526796,-0.04067139505647994,0.0004328733300468582
robocasa/EmptyDishRack,48,5810475,1,learned_wam,1,-0.06616302442991237,-0.06499178983781906,0.001171234592093312
robocasa/EmptyDishRack,48,5810475,1,learned_wam,2,-0.05487721813101666,-0.05378703597216756,0.0010901821588491026
robocasa/EmptyDishRack,48,5810475,1,learned_wam,4,-0.045957049145494214,-0.04658167258844349,0.0006246234429492792
robocasa/EmptyDishRack,48,5810475,1,learned_wam,8,-0.0408909596725492,-0.04080475437466286,8.620529788633952e-05
robocasa/EmptyDishRack,48,5810475,1,learned_physics_score,1,-0.06616302442991237,-0.06499178983781906,0.001171234592093312
robocasa/EmptyDishRack,48,5810475,1,learned_physics_score,2,-0.05487721813101666,-0.05378703597216756,0.0010901821588491026
robocasa/EmptyDishRack,48,5810475,1,learned_physics_score,4,-0.045957049145494214,-0.04658167258844349,0.0006246234429492792
robocasa/EmptyDishRack,48,5810475,1,learned_physics_score,8,-0.0408909596725492,-0.04080475437466286,8.620529788633952e-05
robocasa/EmptyDishRack,48,5810475,1,learned_energy_regularized,1,-0.06616302442991236,-0.06499178983781906,0.0011712345920932982
robocasa/EmptyDishRack,48,5810475,1,learned_energy_regularized,2,-0.05562192082803739,-0.0544229176443156,0.0011990031837217849
robocasa/EmptyDishRack,48,5810475,1,learned_energy_regularized,4,-0.04749791691043034,-0.0481756997562795,0.0006777828458491564
robocasa/EmptyDishRack,48,5810475,1,learned_energy_regularized,8,-0.04296163601621558,-0.042736366898501785,0.0002252691177137972
robocasa/EmptyDishRack,48,5810475,1,oracle_real_utility,1,-0.06616302442991237,-0.06499178983781906,0.001171234592093312
robocasa/EmptyDishRack,48,5810475,1,oracle_real_utility,2,-0.054758938170069826,-0.05369698939636427,0.001061948773705558
robocasa/EmptyDishRack,48,5810475,1,oracle_real_utility,4,-0.04593409266132896,-0.046560057628033426,0.0006259649667044662
robocasa/EmptyDishRack,48,5810475,1,oracle_real_utility,8,-0.04088956674756533,-0.040803471864142966,8.609488342236488e-05
robocasa/LoadFridgeByType,49,5900471,0,learned_wam,1,-0.05928765398563565,-0.058622787991593796,0.0006648659940418564
robocasa/LoadFridgeByType,49,5900471,0,learned_wam,2,-0.04829334184871909,-0.048462388116860974,0.00016904626814188278
robocasa/LoadFridgeByType,49,5900471,0,learned_wam,4,-0.03956283989823751,-0.03955257857046094,1.0261327776567297e-05
robocasa/LoadFridgeByType,49,5900471,0,learned_wam,8,-0.033599794871636196,-0.03318749300530548,0.0004123018663307193
robocasa/LoadFridgeByType,49,5900471,0,learned_physics_score,1,-0.05928765398563565,-0.058622787991593796,0.0006648659940418564
robocasa/LoadFridgeByType,49,5900471,0,learned_physics_score,2,-0.04829334184871909,-0.048462388116860974,0.00016904626814188278
robocasa/LoadFridgeByType,49,5900471,0,learned_physics_score,4,-0.03956283989823751,-0.03955257857046094,1.0261327776567297e-05
robocasa/LoadFridgeByType,49,5900471,0,learned_physics_score,8,-0.033599794871636196,-0.03318749300530548,0.0004123018663307193
robocasa/LoadFridgeByType,49,5900471,0,learned_energy_regularized,1,-0.05928765398563565,-0.058622787991593796,0.0006648659940418564
robocasa/LoadFridgeByType,49,5900471,0,learned_energy_regularized,2,-0.04890711607604529,-0.049030728667722,0.00012361259167670974
robocasa/LoadFridgeByType,49,5900471,0,learned_energy_regularized,4,-0.04090603288156997,-0.04090227281877481,3.760062795163388e-06
robocasa/LoadFridgeByType,49,5900471,0,learned_energy_regularized,8,-0.036513724169029656,-0.03622120454462467,0.0002925196244049841
robocasa/LoadFridgeByType,49,5900471,0,oracle_real_utility,1,-0.05928765398563565,-0.058622787991593796,0.0006648659940418564
robocasa/LoadFridgeByType,49,5900471,0,oracle_real_utility,2,-0.047970943633656546,-0.048142569087518926,0.00017162545386237987
robocasa/LoadFridgeByType,49,5900471,0,oracle_real_utility,4,-0.03907420510353334,-0.03902642468347888,4.7780420054460704e-05
robocasa/LoadFridgeByType,49,5900471,0,oracle_real_utility,8,-0.033436154508699883,-0.03302242511919345,0.0004137293895064356
robocasa/LoadFridgeByType,49,5910478,1,learned_wam,1,-0.052211544068603746,-0.051991576880367645,0.00021996718823610178
robocasa/LoadFridgeByType,49,5910478,1,learned_wam,2,-0.04572773564857861,-0.045661104673692755,6.663097488585762e-05
robocasa/LoadFridgeByType,49,5910478,1,learned_wam,4,-0.04220745050840112,-0.04211569830151169,9.17522068894297e-05
robocasa/LoadFridgeByType,49,5910478,1,learned_wam,8,-0.042911363626954746,-0.04276229018741479,0.0001490734395399526
robocasa/LoadFridgeByType,49,5910478,1,learned_physics_score,1,-0.052211544068603746,-0.051991576880367645,0.00021996718823610178
robocasa/LoadFridgeByType,49,5910478,1,learned_physics_score,2,-0.04572773564857861,-0.045661104673692755,6.663097488585762e-05
robocasa/LoadFridgeByType,49,5910478,1,learned_physics_score,4,-0.04220745050840112,-0.04211569830151169,9.17522068894297e-05
robocasa/LoadFridgeByType,49,5910478,1,learned_physics_score,8,-0.042911363626954746,-0.04276229018741479,0.0001490734395399526
robocasa/LoadFridgeByType,49,5910478,1,learned_energy_regularized,1,-0.052211544068603746,-0.051991576880367645,0.00021996718823610178
robocasa/LoadFridgeByType,49,5910478,1,learned_energy_regularized,2,-0.04743174339355342,-0.04712663638538129,0.00030510700817212855
robocasa/LoadFridgeByType,49,5910478,1,learned_energy_regularized,4,-0.044212627808335334,-0.044038619689376834,0.0001740081189584991
robocasa/LoadFridgeByType,49,5910478,1,learned_energy_regularized,8,-0.04373309832227355,-0.04347931528755812,0.0002537830347154324
robocasa/LoadFridgeByType,49,5910478,1,oracle_real_utility,1,-0.05221154406860374,-0.051991576880367645,0.00021996718823609485
robocasa/LoadFridgeByType,49,5910478,1,oracle_real_utility,2,-0.04395859108163873,-0.043953659691719424,4.931389919304863e-06
robocasa/LoadFridgeByType,49,5910478,1,oracle_real_utility,4,-0.038676022431461024,-0.03879063828806782,0.00011461585660679785
robocasa/LoadFridgeByType,49,5910478,1,oracle_real_utility,8,-0.03630424616647392,-0.0362307962976447,7.344986882922011e-05
robocasa/ArrangeDrinkware,50,6000474,0,learned_wam,1,-0.06224396139024264,-0.061048180140329734,0.0011957812499129028
robocasa/ArrangeDrinkware,50,6000474,0,learned_wam,2,-0.054341591860697744,-0.05398249468635031,0.000359097174347435
robocasa/ArrangeDrinkware,50,6000474,0,learned_wam,4,-0.050327942940392514,-0.050357838035238606,2.989509484609132e-05
robocasa/ArrangeDrinkware,50,6000474,0,learned_wam,8,-0.049669517790265696,-0.04973970629062995,7.018850036425578e-05
robocasa/ArrangeDrinkware,50,6000474,0,learned_physics_score,1,-0.06224396139024264,-0.061048180140329734,0.0011957812499129028
robocasa/ArrangeDrinkware,50,6000474,0,learned_physics_score,2,-0.054341591860697744,-0.05398249468635031,0.000359097174347435
robocasa/ArrangeDrinkware,50,6000474,0,learned_physics_score,4,-0.050327942940392514,-0.050357838035238606,2.989509484609132e-05
robocasa/ArrangeDrinkware,50,6000474,0,learned_physics_score,8,-0.049669517790265696,-0.04973970629062995,7.018850036425578e-05
robocasa/ArrangeDrinkware,50,6000474,0,learned_energy_regularized,1,-0.06224396139024264,-0.061048180140329734,0.0011957812499129028
robocasa/ArrangeDrinkware,50,6000474,0,learned_energy_regularized,2,-0.05450244427772779,-0.054157502116079004,0.0003449421616487855
robocasa/ArrangeDrinkware,50,6000474,0,learned_energy_regularized,4,-0.05046617548627771,-0.05049681452355256,3.0639037274855785e-05
robocasa/ArrangeDrinkware,50,6000474,0,learned_energy_regularized,8,-0.04968567703252371,-0.04975000084531987,6.432381279616178e-05
robocasa/ArrangeDrinkware,50,6000474,0,oracle_real_utility,1,-0.06224396139024263,-0.061048180140329734,0.0011957812499128959
robocasa/ArrangeDrinkware,50,6000474,0,oracle_real_utility,2,-0.05386323851609149,-0.05350354437962441,0.00035969413646708137
robocasa/ArrangeDrinkware,50,6000474,0,oracle_real_utility,4,-0.04844261025307817,-0.048644332900356274,0.00020172264727810751
robocasa/ArrangeDrinkware,50,6000474,0,oracle_real_utility,8,-0.04541530105498698,-0.045592624282502624,0.00017732322751564528
robocasa/ArrangeDrinkware,50,6010481,1,learned_wam,1,4.944528807069016,4.945528530073122,0.0009997230041056682
robocasa/ArrangeDrinkware,50,6010481,1,learned_wam,2,4.95317995675467,4.953619891472767,0.0004399347180976676
robocasa/ArrangeDrinkware,50,6010481,1,learned_wam,4,4.95959992666499,4.959437456123091,0.00016247054189921784
robocasa/ArrangeDrinkware,50,6010481,1,learned_wam,8,4.963138509664812,4.963303491138322,0.00016498147350940684
robocasa/ArrangeDrinkware,50,6010481,1,learned_physics_score,1,4.944528807069016,4.945528530073122,0.0009997230041056682
robocasa/ArrangeDrinkware,50,6010481,1,learned_physics_score,2,4.95317995675467,4.953619891472767,0.0004399347180976676
robocasa/ArrangeDrinkware,50,6010481,1,learned_physics_score,4,4.95959992666499,4.959437456123091,0.00016247054189921784
robocasa/ArrangeDrinkware,50,6010481,1,learned_physics_score,8,4.963138509664812,4.963303491138322,0.00016498147350940684
robocasa/ArrangeDrinkware,50,6010481,1,learned_energy_regularized,1,4.944528807069016,4.945528530073122,0.0009997230041056682
robocasa/ArrangeDrinkware,50,6010481,1,learned_energy_regularized,2,4.952037959744132,4.952747215082679,0.0007092553385472655
robocasa/ArrangeDrinkware,50,6010481,1,learned_energy_regularized,4,4.956057285264891,4.956042860745344,1.4424519546807346e-05
robocasa/ArrangeDrinkware,50,6010481,1,learned_energy_regularized,8,4.958114444564109,4.9581985722019075,8.412763779830357e-05
robocasa/ArrangeDrinkware,50,6010481,1,oracle_real_utility,1,4.944528807069016,4.945528530073122,0.0009997230041056682
robocasa/ArrangeDrinkware,50,6010481,1,oracle_real_utility,2,4.953390147472545,4.953909113900564,0.0005189664280189632
robocasa/ArrangeDrinkware,50,6010481,1,oracle_real_utility,4,4.960568774505196,4.960278218994592,0.00029055551060430673
robocasa/ArrangeDrinkware,50,6010481,1,oracle_real_utility,8,4.9659156845125825,4.966135180489538,0.00021949597695591905
robocasa/GatherVegetables,51,6100477,0,learned_wam,1,-0.0533347122929637,-0.054022892972584474,0.0006881806796207729
robocasa/GatherVegetables,51,6100477,0,learned_wam,2,-0.043126154992314904,-0.04300654176462591,0.00011961322768899718
robocasa/GatherVegetables,51,6100477,0,learned_wam,4,-0.03760572512067785,-0.03745429131557331,0.00015143380510453802
robocasa/GatherVegetables,51,6100477,0,learned_wam,8,-0.03644147037266327,-0.03627324874389591,0.00016822162876736074
robocasa/GatherVegetables,51,6100477,0,learned_physics_score,1,-0.0533347122929637,-0.054022892972584474,0.0006881806796207729
robocasa/GatherVegetables,51,6100477,0,learned_physics_score,2,-0.043126154992314904,-0.04300654176462591,0.00011961322768899718
robocasa/GatherVegetables,51,6100477,0,learned_physics_score,4,-0.03760572512067785,-0.03745429131557331,0.00015143380510453802
robocasa/GatherVegetables,51,6100477,0,learned_physics_score,8,-0.03644147037266327,-0.03627324874389591,0.00016822162876736074
robocasa/GatherVegetables,51,6100477,0,learned_energy_regularized,1,-0.0533347122929637,-0.054022892972584474,0.0006881806796207729
robocasa/GatherVegetables,51,6100477,0,learned_energy_regularized,2,-0.04448485058335136,-0.04407292192982839,0.00041192865352297076
robocasa/GatherVegetables,51,6100477,0,learned_energy_regularized,4,-0.039587887166467106,-0.039503005837272835,8.4881329194271e-05
robocasa/GatherVegetables,51,6100477,0,learned_energy_regularized,8,-0.03748173856036027,-0.037211717612987645,0.00027002094737262755
robocasa/GatherVegetables,51,6100477,0,oracle_real_utility,1,-0.0533347122929637,-0.054022892972584474,0.0006881806796207729
robocasa/GatherVegetables,51,6100477,0,oracle_real_utility,2,-0.04222185816285261,-0.04222659375328796,4.735590435352155e-06
robocasa/GatherVegetables,51,6100477,0,oracle_real_utility,4,-0.035591533431482525,-0.03553055267949894,6.0980751983581716e-05
robocasa/GatherVegetables,51,6100477,0,oracle_real_utility,8,-0.03230299142321561,-0.032264407574729904,3.858384848570706e-05
robocasa/GatherVegetables,51,6110484,1,learned_wam,1,-0.04643044192838607,-0.04601721648040212,0.0004132254479839517
robocasa/GatherVegetables,51,6110484,1,learned_wam,2,-0.036160225332993956,-0.03588101852728293,0.0002792068057110228
robocasa/GatherVegetables,51,6110484,1,learned_wam,4,-0.02927916319579504,-0.029260504161677716,1.865903411732428e-05
robocasa/GatherVegetables,51,6110484,1,learned_wam,8,-0.02431792242213556,-0.024036474991764072,0.0002814474303714891
robocasa/GatherVegetables,51,6110484,1,learned_physics_score,1,-0.04643044192838607,-0.04601721648040212,0.0004132254479839517
robocasa/GatherVegetables,51,6110484,1,learned_physics_score,2,-0.036160225332993956,-0.03588101852728293,0.0002792068057110228
robocasa/GatherVegetables,51,6110484,1,learned_physics_score,4,-0.02927916319579504,-0.029260504161677716,1.865903411732428e-05
robocasa/GatherVegetables,51,6110484,1,learned_physics_score,8,-0.02431792242213556,-0.024036474991764072,0.0002814474303714891
robocasa/GatherVegetables,51,6110484,1,learned_energy_regularized,1,-0.046430441928386065,-0.04601721648040212,0.0004132254479839448
robocasa/GatherVegetables,51,6110484,1,learned_energy_regularized,2,-0.03659251701647544,-0.03626483729042593,0.00032767972604950957
robocasa/GatherVegetables,51,6110484,1,learned_energy_regularized,4,-0.029818581529932827,-0.029893541074140977,7.495954420815021e-05
robocasa/GatherVegetables,51,6110484,1,learned_energy_regularized,8,-0.02485604194223902,-0.024564170878409664,0.0002918710638293541
robocasa/GatherVegetables,51,6110484,1,oracle_real_utility,1,-0.04643044192838607,-0.04601721648040212,0.0004132254479839517
robocasa/GatherVegetables,51,6110484,1,oracle_real_utility,2,-0.036160225332993956,-0.03588101852728293,0.0002792068057110228
robocasa/GatherVegetables,51,6110484,1,oracle_real_utility,4,-0.02927916319579504,-0.029260504161677716,1.865903411732428e-05
robocasa/GatherVegetables,51,6110484,1,oracle_real_utility,8,-0.02431792242213556,-0.024036474991764072,0.0002814474303714891
robocasa/OrganizeCondiments,52,6200480,0,learned_wam,1,-0.05656486074359654,-0.05643560311213672,0.0001292576314598226
robocasa/OrganizeCondiments,52,6200480,0,learned_wam,2,-0.05176039785745279,-0.05195351774193695,0.00019311988448415807
robocasa/OrganizeCondiments,52,6200480,0,learned_wam,4,-0.044527752340579395,-0.04422492895567406,0.00030282338490533744
robocasa/OrganizeCondiments,52,6200480,0,learned_wam,8,-0.03671940999068556,-0.036134052469194995,0.0005853575214905676
robocasa/OrganizeCondiments,52,6200480,0,learned_physics_score,1,-0.05656486074359654,-0.05643560311213672,0.0001292576314598226
robocasa/OrganizeCondiments,52,6200480,0,learned_physics_score,2,-0.05176039785745279,-0.05195351774193695,0.00019311988448415807
robocasa/OrganizeCondiments,52,6200480,0,learned_physics_score,4,-0.044527752340579395,-0.04422492895567406,0.00030282338490533744
robocasa/OrganizeCondiments,52,6200480,0,learned_physics_score,8,-0.03671940999068556,-0.036134052469194995,0.0005853575214905676
robocasa/OrganizeCondiments,52,6200480,0,learned_energy_regularized,1,-0.05656486074359654,-0.05643560311213672,0.0001292576314598226
robocasa/OrganizeCondiments,52,6200480,0,learned_energy_regularized,2,-0.052731660443783676,-0.052951157316731085,0.00021949687294740838
robocasa/OrganizeCondiments,52,6200480,0,learned_energy_regularized,4,-0.04556248695436848,-0.04529719295734614,0.00026529399702233947
robocasa/OrganizeCondiments,52,6200480,0,learned_energy_regularized,8,-0.03753937137562953,-0.03692030962535933,0.0006190617502701973
robocasa/OrganizeCondiments,52,6200480,0,oracle_real_utility,1,-0.05656486074359654,-0.05643560311213672,0.0001292576314598226
robocasa/OrganizeCondiments,52,6200480,0,oracle_real_utility,2,-0.04992697395605464,-0.05013367693369355,0.00020670297763891038
robocasa/OrganizeCondiments,52,6200480,0,oracle_real_utility,4,-0.043243306705248404,-0.04294461115619504,0.00029869554905336687
robocasa/OrganizeCondiments,52,6200480,0,oracle_real_utility,8,-0.036367352132084335,-0.035898835015089677,0.00046851711699465864
robocasa/OrganizeCondiments,52,6210487,1,learned_wam,1,-0.051768651963397895,-0.05186444911611946,9.579715272156619e-05
robocasa/OrganizeCondiments,52,6210487,1,learned_wam,2,-0.04377070298988993,-0.04409871910039945,0.0003280161105095186
robocasa/OrganizeCondiments,52,6210487,1,learned_wam,4,-0.03832430871547886,-0.03779899044165962,0.000525318273819235
robocasa/OrganizeCondiments,52,6210487,1,learned_wam,8,-0.0356915903482697,-0.03567367270666649,1.79176416032073e-05
robocasa/OrganizeCondiments,52,6210487,1,learned_physics_score,1,-0.051768651963397895,-0.05186444911611946,9.579715272156619e-05
robocasa/OrganizeCondiments,52,6210487,1,learned_physics_score,2,-0.04377070298988993,-0.04409871910039945,0.0003280161105095186
robocasa/OrganizeCondiments,52,6210487,1,learned_physics_score,4,-0.03832430871547886,-0.03779899044165962,0.000525318273819235
robocasa/OrganizeCondiments,52,6210487,1,learned_physics_score,8,-0.0356915903482697,-0.03567367270666649,1.79176416032073e-05
robocasa/OrganizeCondiments,52,6210487,1,learned_energy_regularized,1,-0.051768651963397895,-0.05186444911611946,9.579715272156619e-05
robocasa/OrganizeCondiments,52,6210487,1,learned_energy_regularized,2,-0.04401827584265762,-0.04426844401414494,0.0002501681714873194
robocasa/OrganizeCondiments,52,6210487,1,learned_energy_regularized,4,-0.03995081917869038,-0.03951435433102111,0.00043646484766927257
robocasa/OrganizeCondiments,52,6210487,1,learned_energy_regularized,8,-0.040481428724804716,-0.040203408746896784,0.0002780199779079326
robocasa/OrganizeCondiments,52,6210487,1,oracle_real_utility,1,-0.0517686519633979,-0.05186444911611946,9.579715272155925e-05
robocasa/OrganizeCondiments,52,6210487,1,oracle_real_utility,2,-0.042566154394958,-0.042874134181982826,0.00030797978702482715
robocasa/OrganizeCondiments,52,6210487,1,oracle_real_utility,4,-0.03491766616457587,-0.03440408578811994,0.0005135803764559285
robocasa/OrganizeCondiments,52,6210487,1,oracle_real_utility,8,-0.02975147620570351,-0.029500646723632704,0.00025082948207080444
robocasa/TurnOnMicrowave,53,6300483,0,learned_wam,1,-0.04590826380756261,-0.04579465271238881,0.00011361109517379897
robocasa/TurnOnMicrowave,53,6300483,0,learned_wam,2,-0.04087098335219079,-0.0409226568457795,5.167349358870671e-05
robocasa/TurnOnMicrowave,53,6300483,0,learned_wam,4,-0.03977367473435363,-0.039840337103430074,6.666236907644507e-05
robocasa/TurnOnMicrowave,53,6300483,0,learned_wam,8,-0.04141760521502562,-0.04165437087774326,0.00023676566271764454
robocasa/TurnOnMicrowave,53,6300483,0,learned_physics_score,1,-0.04590826380756261,-0.04579465271238881,0.00011361109517379897
robocasa/TurnOnMicrowave,53,6300483,0,learned_physics_score,2,-0.04087098335219079,-0.0409226568457795,5.167349358870671e-05
robocasa/TurnOnMicrowave,53,6300483,0,learned_physics_score,4,-0.03977367473435363,-0.039840337103430074,6.666236907644507e-05
robocasa/TurnOnMicrowave,53,6300483,0,learned_physics_score,8,-0.04141760521502562,-0.04165437087774326,0.00023676566271764454
robocasa/TurnOnMicrowave,53,6300483,0,learned_energy_regularized,1,-0.04590826380756261,-0.04579465271238881,0.00011361109517379897
robocasa/TurnOnMicrowave,53,6300483,0,learned_energy_regularized,2,-0.040034604252917945,-0.0400809483841395,4.634413122155817e-05
robocasa/TurnOnMicrowave,53,6300483,0,learned_energy_regularized,4,-0.036435566979373585,-0.03630517761027614,0.0001303893690974417
robocasa/TurnOnMicrowave,53,6300483,0,learned_energy_regularized,8,-0.033709776297980124,-0.03365283421062829,5.694208735183143e-05
robocasa/TurnOnMicrowave,53,6300483,0,oracle_real_utility,1,-0.04590826380756261,-0.04579465271238881,0.00011361109517379897
robocasa/TurnOnMicrowave,53,6300483,0,oracle_real_utility,2,-0.03976119180711676,-0.039807894768070236,4.6702960953479145e-05
robocasa/TurnOnMicrowave,53,6300483,0,oracle_real_utility,4,-0.03587691785593762,-0.03571261671478622,0.0001643011411514017
robocasa/TurnOnMicrowave,53,6300483,0,oracle_real_utility,8,-0.033248312930464353,-0.033175216883086674,7.309604737767983e-05
robocasa/TurnOnMicrowave,53,6310490,1,learned_wam,1,-0.055224820005229956,-0.05545825560576478,0.00023343560053482038
robocasa/TurnOnMicrowave,53,6310490,1,learned_wam,2,-0.050666518931203254,-0.05050247811945239,0.00016404081175086516
robocasa/TurnOnMicrowave,53,6310490,1,learned_wam,4,-0.049222323594159643,-0.04918345546708757,3.8868127072072545e-05
robocasa/TurnOnMicrowave,53,6310490,1,learned_wam,8,-0.048620215811581755,-0.04859189262316331,2.832318841844428e-05
robocasa/TurnOnMicrowave,53,6310490,1,learned_physics_score,1,-0.055224820005229956,-0.05545825560576478,0.00023343560053482038
robocasa/TurnOnMicrowave,53,6310490,1,learned_physics_score,2,-0.050666518931203254,-0.05050247811945239,0.00016404081175086516
robocasa/TurnOnMicrowave,53,6310490,1,learned_physics_score,4,-0.049222323594159643,-0.04918345546708757,3.8868127072072545e-05
robocasa/TurnOnMicrowave,53,6310490,1,learned_physics_score,8,-0.048620215811581755,-0.04859189262316331,2.832318841844428e-05
robocasa/TurnOnMicrowave,53,6310490,1,learned_energy_regularized,1,-0.055224820005229956,-0.05545825560576478,0.00023343560053482038
robocasa/TurnOnMicrowave,53,6310490,1,learned_energy_regularized,2,-0.05095907270060334,-0.05080673403962848,0.00015233866097486004
robocasa/TurnOnMicrowave,53,6310490,1,learned_energy_regularized,4,-0.050063415681184886,-0.0498267693400022,0.00023664634118268635
robocasa/TurnOnMicrowave,53,6310490,1,learned_energy_regularized,8,-0.049669286416007354,-0.04969269975043132,2.341333442396759e-05
robocasa/TurnOnMicrowave,53,6310490,1,oracle_real_utility,1,-0.05522482000522996,-0.05545825560576478,0.00023343560053481344
robocasa/TurnOnMicrowave,53,6310490,1,oracle_real_utility,2,-0.049686923303083524,-0.04950678579170677,0.00018013751137675726
robocasa/TurnOnMicrowave,53,6310490,1,oracle_real_utility,4,-0.04677831163201046,-0.04661922555148829,0.00015908608052216805
robocasa/TurnOnMicrowave,53,6310490,1,oracle_real_utility,8,-0.04528663802841763,-0.045329119103895414,4.248107547778074e-05
robocasa/TurnOnToaster,54,6400486,0,learned_wam,1,-0.05191069611149206,-0.051378724791713036,0.0005319713197790218
robocasa/TurnOnToaster,54,6400486,0,learned_wam,2,-0.04185051441378852,-0.042355453003425025,0.0005049385896365027
robocasa/TurnOnToaster,54,6400486,0,learned_wam,4,-0.03343520740057755,-0.03372217296834241,0.0002869655677648561
robocasa/TurnOnToaster,54,6400486,0,learned_wam,8,-0.025910685169557354,-0.025640905550613588,0.00026977961894376554
robocasa/TurnOnToaster,54,6400486,0,learned_physics_score,1,-0.05191069611149206,-0.051378724791713036,0.0005319713197790218
robocasa/TurnOnToaster,54,6400486,0,learned_physics_score,2,-0.04185051441378852,-0.042355453003425025,0.0005049385896365027
robocasa/TurnOnToaster,54,6400486,0,learned_physics_score,4,-0.03343520740057755,-0.03372217296834241,0.0002869655677648561
robocasa/TurnOnToaster,54,6400486,0,learned_physics_score,8,-0.025910685169557354,-0.025640905550613588,0.00026977961894376554
robocasa/TurnOnToaster,54,6400486,0,learned_energy_regularized,1,-0.05191069611149206,-0.051378724791713036,0.0005319713197790218
robocasa/TurnOnToaster,54,6400486,0,learned_energy_regularized,2,-0.04219939388769885,-0.04264751436526406,0.00044812047756521284
robocasa/TurnOnToaster,54,6400486,0,learned_energy_regularized,4,-0.0341111613812788,-0.03440642514709305,0.0002952637658142493
robocasa/TurnOnToaster,54,6400486,0,learned_energy_regularized,8,-0.02631993288739686,-0.02602301203958597,0.00029692084781089007
robocasa/TurnOnToaster,54,6400486,0,oracle_real_utility,1,-0.05191069611149206,-0.051378724791713036,0.0005319713197790218
robocasa/TurnOnToaster,54,6400486,0,oracle_real_utility,2,-0.04169037838250723,-0.04219039389216708,0.0005000155096598555
robocasa/TurnOnToaster,54,6400486,0,oracle_real_utility,4,-0.03325611818752469,-0.03354013061388664,0.0002840124263619459
robocasa/TurnOnToaster,54,6400486,0,oracle_real_utility,8,-0.025868870077411114,-0.025617580777624625,0.00025128929978648906
robocasa/TurnOnToaster,54,6410493,1,learned_wam,1,-0.05704515934639527,-0.057324005752393964,0.00027884640599869226
robocasa/TurnOnToaster,54,6410493,1,learned_wam,2,-0.05140116875344706,-0.051164978191578496,0.0002361905618685628
robocasa/TurnOnToaster,54,6410493,1,learned_wam,4,-0.04664815842642679,-0.04711384493899834,0.0004656865125715476
robocasa/TurnOnToaster,54,6410493,1,learned_wam,8,-0.04155235405917722,-0.04121597597320845,0.0003363780859687651
robocasa/TurnOnToaster,54,6410493,1,learned_physics_score,1,-0.05704515934639527,-0.057324005752393964,0.00027884640599869226
robocasa/TurnOnToaster,54,6410493,1,learned_physics_score,2,-0.05140116875344706,-0.051164978191578496,0.0002361905618685628
robocasa/TurnOnToaster,54,6410493,1,learned_physics_score,4,-0.04664815842642679,-0.04711384493899834,0.0004656865125715476
robocasa/TurnOnToaster,54,6410493,1,learned_physics_score,8,-0.04155235405917722,-0.04121597597320845,0.0003363780859687651
robocasa/TurnOnToaster,54,6410493,1,learned_energy_regularized,1,-0.05704515934639528,-0.057324005752393964,0.0002788464059986853
robocasa/TurnOnToaster,54,6410493,1,learned_energy_regularized,2,-0.052106463074348186,-0.051790501991332366,0.00031596108301581993
robocasa/TurnOnToaster,54,6410493,1,learned_energy_regularized,4,-0.0472221475513949,-0.047654408795427136,0.00043226124403223515
robocasa/TurnOnToaster,54,6410493,1,learned_energy_regularized,8,-0.04171449961334141,-0.04137158223245498,0.0003429173808864247
robocasa/TurnOnToaster,54,6410493,1,oracle_real_utility,1,-0.057045159346395286,-0.057324005752393964,0.0002788464059986784
robocasa/TurnOnToaster,54,6410493,1,oracle_real_utility,2,-0.051102460023682246,-0.05082107351307111,0.00028138651061113823
robocasa/TurnOnToaster,54,6410493,1,oracle_real_utility,4,-0.04593112994133523,-0.04634583015034603,0.00041470020901079874
robocasa/TurnOnToaster,54,6410493,1,oracle_real_utility,8,-0.04081985914412566,-0.04051596732300225,0.0003038918211234129
robocasa/ManipulateSinkFaucet,55,6500489,0,learned_wam,1,-0.05547985558851174,-0.05521440040688776,0.0002654551816239775
robocasa/ManipulateSinkFaucet,55,6500489,0,learned_wam,2,-0.050232088044100294,-0.050428629438187794,0.0001965413940875002
robocasa/ManipulateSinkFaucet,55,6500489,0,learned_wam,4,-0.0470155998877763,-0.04699798482690286,1.7615060873443777e-05
robocasa/ManipulateSinkFaucet,55,6500489,0,learned_wam,8,-0.044880310706159325,-0.045002678831721814,0.00012236812556248866
robocasa/ManipulateSinkFaucet,55,6500489,0,learned_physics_score,1,-0.05547985558851174,-0.05521440040688776,0.0002654551816239775
robocasa/ManipulateSinkFaucet,55,6500489,0,learned_physics_score,2,-0.050232088044100294,-0.050428629438187794,0.0001965413940875002
robocasa/ManipulateSinkFaucet,55,6500489,0,learned_physics_score,4,-0.0470155998877763,-0.04699798482690286,1.7615060873443777e-05
robocasa/ManipulateSinkFaucet,55,6500489,0,learned_physics_score,8,-0.044880310706159325,-0.045002678831721814,0.00012236812556248866
robocasa/ManipulateSinkFaucet,55,6500489,0,learned_energy_regularized,1,-0.05547985558851174,-0.05521440040688776,0.0002654551816239775
robocasa/ManipulateSinkFaucet,55,6500489,0,learned_energy_regularized,2,-0.05023406240237312,-0.05043065118105916,0.00019658877868604374
robocasa/ManipulateSinkFaucet,55,6500489,0,learned_energy_regularized,4,-0.047017296601917016,-0.046999311595662195,1.798500625482119e-05
robocasa/ManipulateSinkFaucet,55,6500489,0,learned_energy_regularized,8,-0.044880509050295045,-0.04500280519065128,0.00012229614035623448
robocasa/ManipulateSinkFaucet,55,6500489,0,oracle_real_utility,1,-0.05547985558851174,-0.05521440040688776,0.0002654551816239775
robocasa/ManipulateSinkFaucet,55,6500489,0,oracle_real_utility,2,-0.05016480258563614,-0.050346810320695386,0.0001820077350592475
robocasa/ManipulateSinkFaucet,55,6500489,0,oracle_real_utility,4,-0.04685684825921245,-0.046845112265272305,1.1735993940144296e-05
robocasa/ManipulateSinkFaucet,55,6500489,0,oracle_real_utility,8,-0.044756606581738176,-0.04487349075147064,0.00011688416973246185
robocasa/ManipulateSinkFaucet,55,6510496,1,learned_wam,1,-0.0500003009830398,-0.05079342235258457,0.0007931213695447706
robocasa/ManipulateSinkFaucet,55,6510496,1,learned_wam,2,-0.04185888783767083,-0.04209408253389215,0.00023519469622131778
robocasa/ManipulateSinkFaucet,55,6510496,1,learned_wam,4,-0.03465654313159843,-0.03471504005325235,5.849692165391801e-05
robocasa/ManipulateSinkFaucet,55,6510496,1,learned_wam,8,-0.029016693054282932,-0.02887087173609523,0.00014582131818770272
robocasa/ManipulateSinkFaucet,55,6510496,1,learned_physics_score,1,-0.0500003009830398,-0.05079342235258457,0.0007931213695447706
robocasa/ManipulateSinkFaucet,55,6510496,1,learned_physics_score,2,-0.04185888783767083,-0.04209408253389215,0.00023519469622131778
robocasa/ManipulateSinkFaucet,55,6510496,1,learned_physics_score,4,-0.03465654313159843,-0.03471504005325235,5.849692165391801e-05
robocasa/ManipulateSinkFaucet,55,6510496,1,learned_physics_score,8,-0.029016693054282932,-0.02887087173609523,0.00014582131818770272
robocasa/ManipulateSinkFaucet,55,6510496,1,learned_energy_regularized,1,-0.0500003009830398,-0.05079342235258457,0.0007931213695447706
robocasa/ManipulateSinkFaucet,55,6510496,1,learned_energy_regularized,2,-0.04236840618270654,-0.04254442914329577,0.00017602296058923106
robocasa/ManipulateSinkFaucet,55,6510496,1,learned_energy_regularized,4,-0.036366357356993034,-0.036396885118750805,3.052776175777039e-05
robocasa/ManipulateSinkFaucet,55,6510496,1,learned_energy_regularized,8,-0.033125641738821224,-0.033052727227523664,7.291451129756016e-05
robocasa/ManipulateSinkFaucet,55,6510496,1,oracle_real_utility,1,-0.0500003009830398,-0.05079342235258457,0.0007931213695447706
robocasa/ManipulateSinkFaucet,55,6510496,1,oracle_real_utility,2,-0.04170955993180532,-0.04193372409548174,0.00022416416367641856
robocasa/ManipulateSinkFaucet,55,6510496,1,oracle_real_utility,4,-0.03458609169896194,-0.034636929351492735,5.083765253079131e-05
robocasa/ManipulateSinkFaucet,55,6510496,1,oracle_real_utility,8,-0.029012670718521087,-0.02886507988724757,0.0001475908312735183
robocasa/ManipulateStoveKnob,56,6600492,0,learned_wam,1,-0.04842050374952892,-0.048783618014237515,0.00036311426470859304
robocasa/ManipulateStoveKnob,56,6600492,0,learned_wam,2,-0.042200537151600076,-0.042216168893713685,1.5631742113608738e-05
robocasa/ManipulateStoveKnob,56,6600492,0,learned_wam,4,-0.039009992038497344,-0.03890964672995327,0.00010034530854407392
robocasa/ManipulateStoveKnob,56,6600492,0,learned_wam,8,-0.038024942969567516,-0.03817082814073186,0.00014588517116434496
robocasa/ManipulateStoveKnob,56,6600492,0,learned_physics_score,1,-0.04842050374952892,-0.048783618014237515,0.00036311426470859304
robocasa/ManipulateStoveKnob,56,6600492,0,learned_physics_score,2,-0.042200537151600076,-0.042216168893713685,1.5631742113608738e-05
robocasa/ManipulateStoveKnob,56,6600492,0,learned_physics_score,4,-0.039009992038497344,-0.03890964672995327,0.00010034530854407392
robocasa/ManipulateStoveKnob,56,6600492,0,learned_physics_score,8,-0.038024942969567516,-0.03817082814073186,0.00014588517116434496
robocasa/ManipulateStoveKnob,56,6600492,0,learned_energy_regularized,1,-0.04842050374952892,-0.048783618014237515,0.00036311426470859304
robocasa/ManipulateStoveKnob,56,6600492,0,learned_energy_regularized,2,-0.04160958162145395,-0.041684479186575,7.48975651210515e-05
robocasa/ManipulateStoveKnob,56,6600492,0,learned_energy_regularized,4,-0.037232987955830715,-0.03712183941237674,0.00011114854345397468
robocasa/ManipulateStoveKnob,56,6600492,0,learned_energy_regularized,8,-0.03564147246145959,-0.03564671705258898,5.244591129389964e-06
robocasa/ManipulateStoveKnob,56,6600492,0,oracle_real_utility,1,-0.04842050374952892,-0.048783618014237515,0.00036311426470859304
robocasa/ManipulateStoveKnob,56,6600492,0,oracle_real_utility,2,-0.04071752152826417,-0.04064912217181794,6.839935644623041e-05
robocasa/ManipulateStoveKnob,56,6600492,0,oracle_real_utility,4,-0.035524027738436714,-0.035537716303366426,1.3688564929711933e-05
robocasa/ManipulateStoveKnob,56,6600492,0,oracle_real_utility,8,-0.032787401497295886,-0.03280313633653586,1.5734839239972542e-05
robocasa/ManipulateStoveKnob,56,6610499,1,learned_wam,1,-0.0576439164787112,-0.05686371075495146,0.0007802057237597387
robocasa/ManipulateStoveKnob,56,6610499,1,learned_wam,2,-0.049639131856988976,-0.05010920546160084,0.000470073604611862
robocasa/ManipulateStoveKnob,56,6610499,1,learned_wam,4,-0.0434624401217253,-0.043784335086045414,0.000321894964320113
robocasa/ManipulateStoveKnob,56,6610499,1,learned_wam,8,-0.038970494771450856,-0.03925517608055691,0.00028468130910605516
robocasa/ManipulateStoveKnob,56,6610499,1,learned_physics_score,1,-0.0576439164787112,-0.05686371075495146,0.0007802057237597387
robocasa/ManipulateStoveKnob,56,6610499,1,learned_physics_score,2,-0.049639131856988976,-0.05010920546160084,0.000470073604611862
robocasa/ManipulateStoveKnob,56,6610499,1,learned_physics_score,4,-0.0434624401217253,-0.043784335086045414,0.000321894964320113
robocasa/ManipulateStoveKnob,56,6610499,1,learned_physics_score,8,-0.038970494771450856,-0.03925517608055691,0.00028468130910605516
robocasa/ManipulateStoveKnob,56,6610499,1,learned_energy_regularized,1,-0.0576439164787112,-0.05686371075495146,0.0007802057237597387
robocasa/ManipulateStoveKnob,56,6610499,1,learned_energy_regularized,2,-0.051160565316201966,-0.05138787193882344,0.00022730662262147178
robocasa/ManipulateStoveKnob,56,6610499,1,learned_energy_regularized,4,-0.046079904920273654,-0.04651612203896992,0.0004362171186962638
robocasa/ManipulateStoveKnob,56,6610499,1,learned_energy_regularized,8,-0.04037245867576079,-0.04093773006994917,0.0005652713941883825
robocasa/ManipulateStoveKnob,56,6610499,1,oracle_real_utility,1,-0.0576439164787112,-0.05686371075495146,0.0007802057237597387
robocasa/ManipulateStoveKnob,56,6610499,1,oracle_real_utility,2,-0.04955733331538565,-0.050038531521655556,0.00048119820626990606
robocasa/ManipulateStoveKnob,56,6610499,1,oracle_real_utility,4,-0.04339214450003494,-0.04370319093277491,0.0003110464327399712
robocasa/ManipulateStoveKnob,56,6610499,1,oracle_real_utility,8,-0.038962277285667764,-0.039247323420563,0.00028504613489523795
robocasa/MoveFreezerToFridge,57,6700495,0,learned_wam,1,-0.05623705022170122,-0.055626936938221745,0.0006101132834794715
robocasa/MoveFreezerToFridge,57,6700495,0,learned_wam,2,-0.04886619967219916,-0.04921845533741856,0.00035225566521939616
robocasa/MoveFreezerToFridge,57,6700495,0,learned_wam,4,-0.04424310373498198,-0.04413893424887012,0.00010416948611186028
robocasa/MoveFreezerToFridge,57,6700495,0,learned_wam,8,-0.04335682193497361,-0.043315787238309214,4.103469666439513e-05
robocasa/MoveFreezerToFridge,57,6700495,0,learned_physics_score,1,-0.05623705022170122,-0.055626936938221745,0.0006101132834794715
robocasa/MoveFreezerToFridge,57,6700495,0,learned_physics_score,2,-0.04886619967219916,-0.04921845533741856,0.00035225566521939616
robocasa/MoveFreezerToFridge,57,6700495,0,learned_physics_score,4,-0.04424310373498198,-0.04413893424887012,0.00010416948611186028
robocasa/MoveFreezerToFridge,57,6700495,0,learned_physics_score,8,-0.04335682193497361,-0.043315787238309214,4.103469666439513e-05
robocasa/MoveFreezerToFridge,57,6700495,0,learned_energy_regularized,1,-0.05623705022170122,-0.055626936938221745,0.0006101132834794715
robocasa/MoveFreezerToFridge,57,6700495,0,learned_energy_regularized,2,-0.04822291928788878,-0.04853915125158679,0.00031623196369801043
robocasa/MoveFreezerToFridge,57,6700495,0,learned_energy_regularized,4,-0.04399182233486073,-0.04391249955359285,7.932278126787651e-05
robocasa/MoveFreezerToFridge,57,6700495,0,learned_energy_regularized,8,-0.043349398827206356,-0.043315787238309214,3.361158889714222e-05
robocasa/MoveFreezerToFridge,57,6700495,0,oracle_real_utility,1,-0.05623705022170122,-0.055626936938221745,0.0006101132834794715
robocasa/MoveFreezerToFridge,57,6700495,0,oracle_real_utility,2,-0.04791427838955596,-0.048200859874868426,0.00028658148531246486
robocasa/MoveFreezerToFridge,57,6700495,0,oracle_real_utility,4,-0.04275725874152948,-0.04268465192101689,7.260682051259126e-05
robocasa/MoveFreezerToFridge,57,6700495,0,oracle_real_utility,8,-0.040487378031164103,-0.04057974288974002,9.236485857591625e-05
robocasa/MoveFreezerToFridge,57,6710502,1,learned_wam,1,-0.051486798832948745,-0.052110517114567774,0.000623718281619029
robocasa/MoveFreezerToFridge,57,6710502,1,learned_wam,2,-0.04675635514810315,-0.04636827793694634,0.0003880772111568079
robocasa/MoveFreezerToFridge,57,6710502,1,learned_wam,4,-0.04179684547848739,-0.04165796669234298,0.00013887878614440852
robocasa/MoveFreezerToFridge,57,6710502,1,learned_wam,8,-0.03639449644933447,-0.03650868500611206,0.00011418855677759049
robocasa/MoveFreezerToFridge,57,6710502,1,learned_physics_score,1,-0.051486798832948745,-0.052110517114567774,0.000623718281619029
robocasa/MoveFreezerToFridge,57,6710502,1,learned_physics_score,2,-0.04675635514810315,-0.04636827793694634,0.0003880772111568079
robocasa/MoveFreezerToFridge,57,6710502,1,learned_physics_score,4,-0.04179684547848739,-0.04165796669234298,0.00013887878614440852
robocasa/MoveFreezerToFridge,57,6710502,1,learned_physics_score,8,-0.03639449644933447,-0.03650868500611206,0.00011418855677759049
robocasa/MoveFreezerToFridge,57,6710502,1,learned_energy_regularized,1,-0.05148679883294874,-0.052110517114567774,0.0006237182816190359
robocasa/MoveFreezerToFridge,57,6710502,1,learned_energy_regularized,2,-0.04641560859136185,-0.045842831991311894,0.0005727766000499582
robocasa/MoveFreezerToFridge,57,6710502,1,learned_energy_regularized,4,-0.041583878880524075,-0.04158611087684072,2.2319963166456125e-06
robocasa/MoveFreezerToFridge,57,6710502,1,learned_energy_regularized,8,-0.036375414725347034,-0.0365032330612042,0.0001278183358571633
robocasa/MoveFreezerToFridge,57,6710502,1,oracle_real_utility,1,-0.05148679883294874,-0.052110517114567774,0.0006237182816190359
robocasa/MoveFreezerToFridge,57,6710502,1,oracle_real_utility,2,-0.044721942768790386,-0.0442311647770242,0.0004907779917661878
robocasa/MoveFreezerToFridge,57,6710502,1,oracle_real_utility,4,-0.039360611531877546,-0.03932472811211267,3.588341976487608e-05
robocasa/MoveFreezerToFridge,57,6710502,1,oracle_real_utility,8,-0.03528204610432865,-0.03536381405677639,8.176795244774215e-05
robocasa/MoveFridgeToFreezer,58,6800498,0,learned_wam,1,-0.05574585903933753,-0.055863465196913854,0.00011760615757632625
robocasa/MoveFridgeToFreezer,58,6800498,0,learned_wam,2,-0.04865330582513799,-0.04903798490060731,0.0003846790754693241
robocasa/MoveFridgeToFreezer,58,6800498,0,learned_wam,4,-0.042773433267106205,-0.04218001031886678,0.0005934229482394277
robocasa/MoveFridgeToFreezer,58,6800498,0,learned_wam,8,-0.03765212344768578,-0.03853594573489585,0.0008838222872100676
robocasa/MoveFridgeToFreezer,58,6800498,0,learned_physics_score,1,-0.05574585903933753,-0.055863465196913854,0.00011760615757632625
robocasa/MoveFridgeToFreezer,58,6800498,0,learned_physics_score,2,-0.04865330582513799,-0.04903798490060731,0.0003846790754693241
robocasa/MoveFridgeToFreezer,58,6800498,0,learned_physics_score,4,-0.042773433267106205,-0.04218001031886678,0.0005934229482394277
robocasa/MoveFridgeToFreezer,58,6800498,0,learned_physics_score,8,-0.03765212344768578,-0.03853594573489585,0.0008838222872100676
robocasa/MoveFridgeToFreezer,58,6800498,0,learned_energy_regularized,1,-0.05574585903933752,-0.055863465196913854,0.00011760615757633319
robocasa/MoveFridgeToFreezer,58,6800498,0,learned_energy_regularized,2,-0.04759545237926768,-0.0479854656950052,0.0003900133157375141
robocasa/MoveFridgeToFreezer,58,6800498,0,learned_energy_regularized,4,-0.0395617950240518,-0.03921645587010361,0.0003453391539481876
robocasa/MoveFridgeToFreezer,58,6800498,0,learned_energy_regularized,8,-0.033084295359666935,-0.033323445885795326,0.00023915052612839133
robocasa/MoveFridgeToFreezer,58,6800498,0,oracle_real_utility,1,-0.05574585903933753,-0.055863465196913854,0.00011760615757632625
robocasa/MoveFridgeToFreezer,58,6800498,0,oracle_real_utility,2,-0.04756286292823875,-0.04795313695958449,0.00039027403134574146
robocasa/MoveFridgeToFreezer,58,6800498,0,oracle_real_utility,4,-0.039484904288030406,-0.03915492698656098,0.00032997730146942794
robocasa/MoveFridgeToFreezer,58,6800498,0,oracle_real_utility,8,-0.03302437974644349,-0.03326087413981977,0.00023649439337627975
robocasa/MoveFridgeToFreezer,58,6810505,1,learned_wam,1,-0.06030164044174742,-0.05979056068680513,0.0005110797549422869
robocasa/MoveFridgeToFreezer,58,6810505,1,learned_wam,2,-0.054599714052640524,-0.053719052704218416,0.0008806613484221085
robocasa/MoveFridgeToFreezer,58,6810505,1,learned_wam,4,-0.05024217495708564,-0.05022934666756073,1.2828289524910441e-05
robocasa/MoveFridgeToFreezer,58,6810505,1,learned_wam,8,-0.04847311594803348,-0.04851189187841762,3.8775930384135626e-05
robocasa/MoveFridgeToFreezer,58,6810505,1,learned_physics_score,1,-0.06030164044174742,-0.05979056068680513,0.0005110797549422869
robocasa/MoveFridgeToFreezer,58,6810505,1,learned_physics_score,2,-0.054599714052640524,-0.053719052704218416,0.0008806613484221085
robocasa/MoveFridgeToFreezer,58,6810505,1,learned_physics_score,4,-0.05024217495708564,-0.05022934666756073,1.2828289524910441e-05
robocasa/MoveFridgeToFreezer,58,6810505,1,learned_physics_score,8,-0.04847311594803348,-0.04851189187841762,3.8775930384135626e-05
robocasa/MoveFridgeToFreezer,58,6810505,1,learned_energy_regularized,1,-0.060301640441747406,-0.05979056068680513,0.000511079754942273
robocasa/MoveFridgeToFreezer,58,6810505,1,learned_energy_regularized,2,-0.054529950156862,-0.05366415200594045,0.000865798150921554
robocasa/MoveFridgeToFreezer,58,6810505,1,learned_energy_regularized,4,-0.050290265373315865,-0.05026702788888029,2.3237484435577327e-05
robocasa/MoveFridgeToFreezer,58,6810505,1,learned_energy_regularized,8,-0.04849317484607846,-0.048532179217989864,3.9004371911406654e-05
robocasa/MoveFridgeToFreezer,58,6810505,1,oracle_real_utility,1,-0.06030164044174741,-0.05979056068680513,0.0005110797549422799
robocasa/MoveFridgeToFreezer,58,6810505,1,oracle_real_utility,2,-0.05372226517321055,-0.053001570330818364,0.0007206948423921847
robocasa/MoveFridgeToFreezer,58,6810505,1,oracle_real_utility,4,-0.047621882371194524,-0.04747625820933887,0.00014562416185565086
robocasa/MoveFridgeToFreezer,58,6810505,1,oracle_real_utility,8,-0.04257333382962143,-0.04266887975372835,9.554592410691842e-05
robocasa/MoveToCounter,59,6900501,0,learned_wam,1,-0.050017419758989684,-0.049850606088019174,0.00016681367097051009
robocasa/MoveToCounter,59,6900501,0,learned_wam,2,-0.04739134248152108,-0.04746667311575248,7.533063423139502e-05
robocasa/MoveToCounter,59,6900501,0,learned_wam,4,-0.04537511786040639,-0.04525512975875465,0.000119988101651744
robocasa/MoveToCounter,59,6900501,0,learned_wam,8,-0.044087202825151176,-0.044138100402450614,5.089757729943856e-05
robocasa/MoveToCounter,59,6900501,0,learned_physics_score,1,-0.050017419758989684,-0.049850606088019174,0.00016681367097051009
robocasa/MoveToCounter,59,6900501,0,learned_physics_score,2,-0.04739134248152108,-0.04746667311575248,7.533063423139502e-05
robocasa/MoveToCounter,59,6900501,0,learned_physics_score,4,-0.04537511786040639,-0.04525512975875465,0.000119988101651744
robocasa/MoveToCounter,59,6900501,0,learned_physics_score,8,-0.044087202825151176,-0.044138100402450614,5.089757729943856e-05
robocasa/MoveToCounter,59,6900501,0,learned_energy_regularized,1,-0.05001741975898969,-0.049850606088019174,0.00016681367097051703
robocasa/MoveToCounter,59,6900501,0,learned_energy_regularized,2,-0.04787373349666144,-0.04789368730006845,1.9953803407003756e-05
robocasa/MoveToCounter,59,6900501,0,learned_energy_regularized,4,-0.04601860796101195,-0.04594527716536976,7.333079564218747e-05
robocasa/MoveToCounter,59,6900501,0,learned_energy_regularized,8,-0.04503335415715663,-0.04492731762022354,0.00010603653693309206
robocasa/MoveToCounter,59,6900501,0,oracle_real_utility,1,-0.0500174197589897,-0.049850606088019174,0.00016681367097052396
robocasa/MoveToCounter,59,6900501,0,oracle_real_utility,2,-0.04672321229968956,-0.046762105028688085,3.8892728998526915e-05
robocasa/MoveToCounter,59,6900501,0,oracle_real_utility,4,-0.044478438535618864,-0.04441781196066719,6.062657495167073e-05
robocasa/MoveToCounter,59,6900501,0,oracle_real_utility,8,-0.04320431274935556,-0.043212969903694734,8.657154339175577e-06
robocasa/MoveToCounter,59,6910508,1,learned_wam,1,-0.05184244737492849,-0.052268699859803154,0.0004262524848746632
robocasa/MoveToCounter,59,6910508,1,learned_wam,2,-0.047850961882482786,-0.04779245514955762,5.850673292516484e-05
robocasa/MoveToCounter,59,6910508,1,learned_wam,4,-0.046807787470920736,-0.04661546511946115,0.00019232235145958537
robocasa/MoveToCounter,59,6910508,1,learned_wam,8,-0.046076681464011976,-0.04604218310086932,3.44983631426557e-05
robocasa/MoveToCounter,59,6910508,1,learned_physics_score,1,-0.05184244737492849,-0.052268699859803154,0.0004262524848746632
robocasa/MoveToCounter,59,6910508,1,learned_physics_score,2,-0.047850961882482786,-0.04779245514955762,5.850673292516484e-05
robocasa/MoveToCounter,59,6910508,1,learned_physics_score,4,-0.046807787470920736,-0.04661546511946115,0.00019232235145958537
robocasa/MoveToCounter,59,6910508,1,learned_physics_score,8,-0.046076681464011976,-0.04604218310086932,3.44983631426557e-05
robocasa/MoveToCounter,59,6910508,1,learned_energy_regularized,1,-0.05184244737492849,-0.052268699859803154,0.0004262524848746632
robocasa/MoveToCounter,59,6910508,1,learned_energy_regularized,2,-0.04736724256700083,-0.04742467443233932,5.7431865338485044e-05
robocasa/MoveToCounter,59,6910508,1,learned_energy_regularized,4,-0.045111265772721246,-0.04484741836854545,0.0002638474041757946
robocasa/MoveToCounter,59,6910508,1,learned_energy_regularized,8,-0.04476846872280746,-0.044660407912269294,0.00010806081053816446
robocasa/MoveToCounter,59,6910508,1,oracle_real_utility,1,-0.051842447374928484,-0.052268699859803154,0.00042625248487467016
robocasa/MoveToCounter,59,6910508,1,oracle_real_utility,2,-0.04538807495552454,-0.04576546781097018,0.00037739285544563517
robocasa/MoveToCounter,59,6910508,1,oracle_real_utility,4,-0.04163586206994932,-0.04144742166310741,0.00018844040684191238
robocasa/MoveToCounter,59,6910508,1,oracle_real_utility,8,-0.039519589178732266,-0.039379266285450125,0.00014032289328214098
robocasa/MoveToFreezerDrawer,60,7000504,0,learned_wam,1,-0.055513183331021454,-0.05543275478537317,8.042854564828394e-05
robocasa/MoveToFreezerDrawer,60,7000504,0,learned_wam,2,-0.049722063792562235,-0.0502130530343562,0.000490989241793964
robocasa/MoveToFreezerDrawer,60,7000504,0,learned_wam,4,-0.0468417504221621,-0.04712985312076921,0.000288102698607115
robocasa/MoveToFreezerDrawer,60,7000504,0,learned_wam,8,-0.04728270282181962,-0.047263829776971696,1.8873044847926568e-05
robocasa/MoveToFreezerDrawer,60,7000504,0,learned_physics_score,1,-0.055513183331021454,-0.05543275478537317,8.042854564828394e-05
robocasa/MoveToFreezerDrawer,60,7000504,0,learned_physics_score,2,-0.049722063792562235,-0.0502130530343562,0.000490989241793964
robocasa/MoveToFreezerDrawer,60,7000504,0,learned_physics_score,4,-0.0468417504221621,-0.04712985312076921,0.000288102698607115
robocasa/MoveToFreezerDrawer,60,7000504,0,learned_physics_score,8,-0.04728270282181962,-0.047263829776971696,1.8873044847926568e-05
robocasa/MoveToFreezerDrawer,60,7000504,0,learned_energy_regularized,1,-0.05551318333102147,-0.05543275478537317,8.042854564829782e-05
robocasa/MoveToFreezerDrawer,60,7000504,0,learned_energy_regularized,2,-0.05152505539407056,-0.05212085524923593,0.0005957998551653701
robocasa/MoveToFreezerDrawer,60,7000504,0,learned_energy_regularized,4,-0.051150050525280356,-0.05142249098382887,0.00027244045854851046
robocasa/MoveToFreezerDrawer,60,7000504,0,learned_energy_regularized,8,-0.0517500862319795,-0.05148413004280846,0.0002659561891710377
robocasa/MoveToFreezerDrawer,60,7000504,0,oracle_real_utility,1,-0.05551318333102146,-0.05543275478537317,8.042854564829088e-05
robocasa/MoveToFreezerDrawer,60,7000504,0,oracle_real_utility,2,-0.04901835582587666,-0.0495301704412263,0.0005118146153496386
robocasa/MoveToFreezerDrawer,60,7000504,0,oracle_real_utility,4,-0.04438407518069262,-0.04461635079160136,0.00023227561090873733
robocasa/MoveToFreezerDrawer,60,7000504,0,oracle_real_utility,8,-0.042417102773120795,-0.04237301247598742,4.409029713337703e-05
robocasa/MoveToFreezerDrawer,60,7010511,1,learned_wam,1,-0.05753766169173172,-0.05784464778552562,0.00030698609379390535
robocasa/MoveToFreezerDrawer,60,7010511,1,learned_wam,2,-0.04940653069693053,-0.049023870043952096,0.00038266065297843516
robocasa/MoveToFreezerDrawer,60,7010511,1,learned_wam,4,-0.04210601409634955,-0.04219054576753291,8.453167118335769e-05
robocasa/MoveToFreezerDrawer,60,7010511,1,learned_wam,8,-0.03722845276002721,-0.0372218308314188,6.62192860841071e-06
robocasa/MoveToFreezerDrawer,60,7010511,1,learned_physics_score,1,-0.05753766169173172,-0.05784464778552562,0.00030698609379390535
robocasa/MoveToFreezerDrawer,60,7010511,1,learned_physics_score,2,-0.04940653069693053,-0.049023870043952096,0.00038266065297843516
robocasa/MoveToFreezerDrawer,60,7010511,1,learned_physics_score,4,-0.04210601409634955,-0.04219054576753291,8.453167118335769e-05
robocasa/MoveToFreezerDrawer,60,7010511,1,learned_physics_score,8,-0.03722845276002721,-0.0372218308314188,6.62192860841071e-06
robocasa/MoveToFreezerDrawer,60,7010511,1,learned_energy_regularized,1,-0.05753766169173172,-0.05784464778552562,0.00030698609379390535
robocasa/MoveToFreezerDrawer,60,7010511,1,learned_energy_regularized,2,-0.05047610885030113,-0.0500288472434286,0.0004472616068725288
robocasa/MoveToFreezerDrawer,60,7010511,1,learned_energy_regularized,4,-0.04250730728523512,-0.04265411601422508,0.00014680872898995695
robocasa/MoveToFreezerDrawer,60,7010511,1,learned_energy_regularized,8,-0.037263752078441875,-0.03726469252950771,9.40451065835346e-07
robocasa/MoveToFreezerDrawer,60,7010511,1,oracle_real_utility,1,-0.05753766169173173,-0.05784464778552562,0.00030698609379389147
robocasa/MoveToFreezerDrawer,60,7010511,1,oracle_real_utility,2,-0.049151988057887896,-0.04880366665700595,0.00034832140088194435
robocasa/MoveToFreezerDrawer,60,7010511,1,oracle_real_utility,4,-0.04196427578792667,-0.04205919497773137,9.49191898046986e-05
robocasa/MoveToFreezerDrawer,60,7010511,1,oracle_real_utility,8,-0.037206861298955896,-0.037193227396760106,1.3633902195789305e-05
robocasa/PickPlaceCoffee,61,7100507,0,learned_wam,1,-0.04656464159491678,-0.046771779523655126,0.00020713792873834624
robocasa/PickPlaceCoffee,61,7100507,0,learned_wam,2,-0.04176001069942834,-0.041998043189067226,0.00023803248963888413
robocasa/PickPlaceCoffee,61,7100507,0,learned_wam,4,-0.037175148471911855,-0.037263283401393954,8.813492948209906e-05
robocasa/PickPlaceCoffee,61,7100507,0,learned_wam,8,-0.0330662835660553,-0.033042692205925345,2.3591360129956995e-05
robocasa/PickPlaceCoffee,61,7100507,0,learned_physics_score,1,-0.04656464159491678,-0.046771779523655126,0.00020713792873834624
robocasa/PickPlaceCoffee,61,7100507,0,learned_physics_score,2,-0.04176001069942834,-0.041998043189067226,0.00023803248963888413
robocasa/PickPlaceCoffee,61,7100507,0,learned_physics_score,4,-0.037175148471911855,-0.037263283401393954,8.813492948209906e-05
robocasa/PickPlaceCoffee,61,7100507,0,learned_physics_score,8,-0.0330662835660553,-0.033042692205925345,2.3591360129956995e-05
robocasa/PickPlaceCoffee,61,7100507,0,learned_energy_regularized,1,-0.04656464159491678,-0.046771779523655126,0.00020713792873834624
robocasa/PickPlaceCoffee,61,7100507,0,learned_energy_regularized,2,-0.044137597973703105,-0.04477941211231547,0.0006418141386123621
robocasa/PickPlaceCoffee,61,7100507,0,learned_energy_regularized,4,-0.037769545290480544,-0.03809626470985603,0.0003267194193754888
robocasa/PickPlaceCoffee,61,7100507,0,learned_energy_regularized,8,-0.03308057753251747,-0.033042692205925345,3.788532659212279e-05
robocasa/PickPlaceCoffee,61,7100507,0,oracle_real_utility,1,-0.04656464159491678,-0.046771779523655126,0.00020713792873834624
robocasa/PickPlaceCoffee,61,7100507,0,oracle_real_utility,2,-0.03835514598968319,-0.038515925227987205,0.0001607792383040152
robocasa/PickPlaceCoffee,61,7100507,0,oracle_real_utility,4,-0.0316459024000986,-0.0319034271223144,0.0002575247222158031
robocasa/PickPlaceCoffee,61,7100507,0,oracle_real_utility,8,-0.028142155969949473,-0.028364113087357083,0.00022195711740760973
robocasa/PickPlaceCoffee,61,7110514,1,learned_wam,1,-0.058854683807001276,-0.0585541602568831,0.00030052355011817716
robocasa/PickPlaceCoffee,61,7110514,1,learned_wam,2,-0.05823247749893198,-0.058206501182749705,2.5976316182271808e-05
robocasa/PickPlaceCoffee,61,7110514,1,learned_wam,4,-0.05901956183750838,-0.05913100881571307,0.00011144697820469202
robocasa/PickPlaceCoffee,61,7110514,1,learned_wam,8,-0.061455918298905655,-0.06173904290285133,0.0002831246039456739
robocasa/PickPlaceCoffee,61,7110514,1,learned_physics_score,1,-0.058854683807001276,-0.0585541602568831,0.00030052355011817716
robocasa/PickPlaceCoffee,61,7110514,1,learned_physics_score,2,-0.05823247749893198,-0.058206501182749705,2.5976316182271808e-05
robocasa/PickPlaceCoffee,61,7110514,1,learned_physics_score,4,-0.05901956183750838,-0.05913100881571307,0.00011144697820469202
robocasa/PickPlaceCoffee,61,7110514,1,learned_physics_score,8,-0.061455918298905655,-0.06173904290285133,0.0002831246039456739
robocasa/PickPlaceCoffee,61,7110514,1,learned_energy_regularized,1,-0.05885468380700128,-0.0585541602568831,0.0003005235501181841
robocasa/PickPlaceCoffee,61,7110514,1,learned_energy_regularized,2,-0.06019671557938464,-0.06046030039401475,0.00026358481463011063
robocasa/PickPlaceCoffee,61,7110514,1,learned_energy_regularized,4,-0.06345646813917677,-0.06352373884042002,6.727070124325218e-05
robocasa/PickPlaceCoffee,61,7110514,1,learned_energy_regularized,8,-0.06469675034468016,-0.06471539781639361,1.8647471713456598e-05
robocasa/PickPlaceCoffee,61,7110514,1,oracle_real_utility,1,-0.058854683807001276,-0.0585541602568831,0.00030052355011817716
robocasa/PickPlaceCoffee,61,7110514,1,oracle_real_utility,2,-0.05232843548125547,-0.052671103875775956,0.0003426683945204831
robocasa/PickPlaceCoffee,61,7110514,1,oracle_real_utility,4,-0.046726914842944285,-0.04670745639670015,1.94584462441319e-05
robocasa/PickPlaceCoffee,61,7110514,1,oracle_real_utility,8,-0.043019265102059986,-0.04290776431011513,0.0001115007919448574
robocasa/PickPlaceFridgeDrawerToShelf,62,7200510,0,learned_wam,1,-0.053884167386122,-0.053723188994390825,0.0001609783917311744
robocasa/PickPlaceFridgeDrawerToShelf,62,7200510,0,learned_wam,2,-0.04955127586555658,-0.04942436248815026,0.00012691337740631387
robocasa/PickPlaceFridgeDrawerToShelf,62,7200510,0,learned_wam,4,-0.04577394031713556,-0.045410838131593814,0.0003631021855417457
robocasa/PickPlaceFridgeDrawerToShelf,62,7200510,0,learned_wam,8,-0.041373076095026176,-0.04140090387662452,2.7827781598342705e-05
robocasa/PickPlaceFridgeDrawerToShelf,62,7200510,0,learned_physics_score,1,-0.053884167386122,-0.053723188994390825,0.0001609783917311744
robocasa/PickPlaceFridgeDrawerToShelf,62,7200510,0,learned_physics_score,2,-0.04955127586555658,-0.04942436248815026,0.00012691337740631387
robocasa/PickPlaceFridgeDrawerToShelf,62,7200510,0,learned_physics_score,4,-0.04577394031713556,-0.045410838131593814,0.0003631021855417457
robocasa/PickPlaceFridgeDrawerToShelf,62,7200510,0,learned_physics_score,8,-0.041373076095026176,-0.04140090387662452,2.7827781598342705e-05
robocasa/PickPlaceFridgeDrawerToShelf,62,7200510,0,learned_energy_regularized,1,-0.053884167386122,-0.053723188994390825,0.0001609783917311744
robocasa/PickPlaceFridgeDrawerToShelf,62,7200510,0,learned_energy_regularized,2,-0.0511545235385852,-0.05137110674100388,0.00021658320241868534
robocasa/PickPlaceFridgeDrawerToShelf,62,7200510,0,learned_energy_regularized,4,-0.047239898698864705,-0.04674750182486048,0.0004923968740042223
robocasa/PickPlaceFridgeDrawerToShelf,62,7200510,0,learned_energy_regularized,8,-0.04443765956678587,-0.044448358060611134,1.069849382526189e-05
robocasa/PickPlaceFridgeDrawerToShelf,62,7200510,0,oracle_real_utility,1,-0.053884167386122,-0.053723188994390825,0.0001609783917311744
robocasa/PickPlaceFridgeDrawerToShelf,62,7200510,0,oracle_real_utility,2,-0.048064563415428904,-0.047867240587076254,0.00019732282835265014
robocasa/PickPlaceFridgeDrawerToShelf,62,7200510,0,oracle_real_utility,4,-0.043505012006214934,-0.04325870036610793,0.0002463116401070012
robocasa/PickPlaceFridgeDrawerToShelf,62,7200510,0,oracle_real_utility,8,-0.04021297484242137,-0.04017726399999558,3.5710842425790146e-05
robocasa/PickPlaceFridgeDrawerToShelf,62,7210517,1,learned_wam,1,-0.05648610825866579,-0.05606011810909267,0.00042599014957311887
robocasa/PickPlaceFridgeDrawerToShelf,62,7210517,1,learned_wam,2,-0.04787170916095181,-0.047825103184761374,4.660597619043916e-05
robocasa/PickPlaceFridgeDrawerToShelf,62,7210517,1,learned_wam,4,-0.039678983373450646,-0.04009494613680302,0.00041596276335237325
robocasa/PickPlaceFridgeDrawerToShelf,62,7210517,1,learned_wam,8,-0.03282959418206138,-0.032106824476521245,0.0007227697055401383
robocasa/PickPlaceFridgeDrawerToShelf,62,7210517,1,learned_physics_score,1,-0.05648610825866579,-0.05606011810909267,0.00042599014957311887
robocasa/PickPlaceFridgeDrawerToShelf,62,7210517,1,learned_physics_score,2,-0.04787170916095181,-0.047825103184761374,4.660597619043916e-05
robocasa/PickPlaceFridgeDrawerToShelf,62,7210517,1,learned_physics_score,4,-0.039678983373450646,-0.04009494613680302,0.00041596276335237325
robocasa/PickPlaceFridgeDrawerToShelf,62,7210517,1,learned_physics_score,8,-0.03282959418206138,-0.032106824476521245,0.0007227697055401383
robocasa/PickPlaceFridgeDrawerToShelf,62,7210517,1,learned_energy_regularized,1,-0.05648610825866578,-0.05606011810909267,0.00042599014957311193
robocasa/PickPlaceFridgeDrawerToShelf,62,7210517,1,learned_energy_regularized,2,-0.049155903014864916,-0.04919623319584562,4.033018098070773e-05
robocasa/PickPlaceFridgeDrawerToShelf,62,7210517,1,learned_energy_regularized,4,-0.0464199912625362,-0.046476970322467094,5.697905993089225e-05
robocasa/PickPlaceFridgeDrawerToShelf,62,7210517,1,learned_energy_regularized,8,-0.04641519659537782,-0.04634804899565788,6.714759971994388e-05
robocasa/PickPlaceFridgeDrawerToShelf,62,7210517,1,oracle_real_utility,1,-0.05648610825866578,-0.05606011810909267,0.00042599014957311193
robocasa/PickPlaceFridgeDrawerToShelf,62,7210517,1,oracle_real_utility,2,-0.04627512270433961,-0.04631655806455164,4.14353602120332e-05
robocasa/PickPlaceFridgeDrawerToShelf,62,7210517,1,oracle_real_utility,4,-0.03864885212957754,-0.038973501944367654,0.0003246498147901136
robocasa/PickPlaceFridgeDrawerToShelf,62,7210517,1,oracle_real_utility,8,-0.03270596945267921,-0.03204656620520772,0.0006594032474714906
robocasa/PickPlaceFridgeShelfToDrawer,63,7300513,0,learned_wam,1,-0.057364185774287695,-0.057356602493792264,7.583280495430944e-06
robocasa/PickPlaceFridgeShelfToDrawer,63,7300513,0,learned_wam,2,-0.052617950971486166,-0.05298734235805587,0.0003693913865697035
robocasa/PickPlaceFridgeShelfToDrawer,63,7300513,0,learned_wam,4,-0.048898584621996116,-0.0487736030617431,0.00012498156025301382
robocasa/PickPlaceFridgeShelfToDrawer,63,7300513,0,learned_wam,8,-0.04571473374200314,-0.045866740939697774,0.0001520071976946341
robocasa/PickPlaceFridgeShelfToDrawer,63,7300513,0,learned_physics_score,1,-0.057364185774287695,-0.057356602493792264,7.583280495430944e-06
robocasa/PickPlaceFridgeShelfToDrawer,63,7300513,0,learned_physics_score,2,-0.052617950971486166,-0.05298734235805587,0.0003693913865697035
robocasa/PickPlaceFridgeShelfToDrawer,63,7300513,0,learned_physics_score,4,-0.048898584621996116,-0.0487736030617431,0.00012498156025301382
robocasa/PickPlaceFridgeShelfToDrawer,63,7300513,0,learned_physics_score,8,-0.04571473374200314,-0.045866740939697774,0.0001520071976946341
robocasa/PickPlaceFridgeShelfToDrawer,63,7300513,0,learned_energy_regularized,1,-0.057364185774287695,-0.057356602493792264,7.583280495430944e-06
robocasa/PickPlaceFridgeShelfToDrawer,63,7300513,0,learned_energy_regularized,2,-0.0523749802800062,-0.05274631543210775,0.00037133515210154705
robocasa/PickPlaceFridgeShelfToDrawer,63,7300513,0,learned_energy_regularized,4,-0.04868978168400552,-0.04857145144643178,0.00011833023757373828
robocasa/PickPlaceFridgeShelfToDrawer,63,7300513,0,learned_energy_regularized,8,-0.045690324893583475,-0.0458434157533157,0.00015309085973222447
robocasa/PickPlaceFridgeShelfToDrawer,63,7300513,0,oracle_real_utility,1,-0.057364185774287695,-0.057356602493792264,7.583280495430944e-06
robocasa/PickPlaceFridgeShelfToDrawer,63,7300513,0,oracle_real_utility,2,-0.05199143922092282,-0.052397197659384116,0.00040575843846129417
robocasa/PickPlaceFridgeShelfToDrawer,63,7300513,0,oracle_real_utility,4,-0.0479558903287068,-0.04784426619076096,0.00011162413794583992
robocasa/PickPlaceFridgeShelfToDrawer,63,7300513,0,oracle_real_utility,8,-0.045075001499956587,-0.04521812201606184,0.00014312051610525234
robocasa/PickPlaceFridgeShelfToDrawer,63,7310520,1,learned_wam,1,-0.06012270569823965,-0.06002582442458416,9.688127365549415e-05
robocasa/PickPlaceFridgeShelfToDrawer,63,7310520,1,learned_wam,2,-0.05654950201450659,-0.05672866045713456,0.0001791584426279677
robocasa/PickPlaceFridgeShelfToDrawer,63,7310520,1,learned_wam,4,-0.052511581618801886,-0.052245805273692554,0.0002657763451093323
robocasa/PickPlaceFridgeShelfToDrawer,63,7310520,1,learned_wam,8,-0.048902438301412415,-0.04884694581872496,5.549248268745671e-05
robocasa/PickPlaceFridgeShelfToDrawer,63,7310520,1,learned_physics_score,1,-0.06012270569823965,-0.06002582442458416,9.688127365549415e-05
robocasa/PickPlaceFridgeShelfToDrawer,63,7310520,1,learned_physics_score,2,-0.05654950201450659,-0.05672866045713456,0.0001791584426279677
robocasa/PickPlaceFridgeShelfToDrawer,63,7310520,1,learned_physics_score,4,-0.052511581618801886,-0.052245805273692554,0.0002657763451093323
robocasa/PickPlaceFridgeShelfToDrawer,63,7310520,1,learned_physics_score,8,-0.048902438301412415,-0.04884694581872496,5.549248268745671e-05
robocasa/PickPlaceFridgeShelfToDrawer,63,7310520,1,learned_energy_regularized,1,-0.06012270569823965,-0.06002582442458416,9.688127365549415e-05
robocasa/PickPlaceFridgeShelfToDrawer,63,7310520,1,learned_energy_regularized,2,-0.05768480372839446,-0.05795311852452051,0.0002683147961260457
robocasa/PickPlaceFridgeShelfToDrawer,63,7310520,1,learned_energy_regularized,4,-0.05331669605992623,-0.05302863554013719,0.0002880605197890379
robocasa/PickPlaceFridgeShelfToDrawer,63,7310520,1,learned_energy_regularized,8,-0.04921889397386432,-0.04917433840505255,4.4555568811770196e-05
robocasa/PickPlaceFridgeShelfToDrawer,63,7310520,1,oracle_real_utility,1,-0.06012270569823965,-0.06002582442458416,9.688127365549415e-05
robocasa/PickPlaceFridgeShelfToDrawer,63,7310520,1,oracle_real_utility,2,-0.055872610300267855,-0.0560847708166444,0.00021216051637654165
robocasa/PickPlaceFridgeShelfToDrawer,63,7310520,1,oracle_real_utility,4,-0.05147637229020503,-0.05127052914279379,0.00020584314741124016
robocasa/PickPlaceFridgeShelfToDrawer,63,7310520,1,oracle_real_utility,8,-0.048390044699792675,-0.04837939822816399,1.0646471628683596e-05
robocasa/PickPlaceStoveToCounter,64,7400516,0,learned_wam,1,-0.048790315104976924,-0.04883280405583895,4.248895086202825e-05
robocasa/PickPlaceStoveToCounter,64,7400516,0,learned_wam,2,-0.04289408346783833,-0.04284207010544691,5.2013362391419016e-05
robocasa/PickPlaceStoveToCounter,64,7400516,0,learned_wam,4,-0.038512776276786745,-0.038489758833213754,2.3017443572991014e-05
robocasa/PickPlaceStoveToCounter,64,7400516,0,learned_wam,8,-0.035363587387398074,-0.035080088442295404,0.0002834989451026698
robocasa/PickPlaceStoveToCounter,64,7400516,0,learned_physics_score,1,-0.048790315104976924,-0.04883280405583895,4.248895086202825e-05
robocasa/PickPlaceStoveToCounter,64,7400516,0,learned_physics_score,2,-0.04289408346783833,-0.04284207010544691,5.2013362391419016e-05
robocasa/PickPlaceStoveToCounter,64,7400516,0,learned_physics_score,4,-0.038512776276786745,-0.038489758833213754,2.3017443572991014e-05
robocasa/PickPlaceStoveToCounter,64,7400516,0,learned_physics_score,8,-0.035363587387398074,-0.035080088442295404,0.0002834989451026698
robocasa/PickPlaceStoveToCounter,64,7400516,0,learned_energy_regularized,1,-0.04879031510497693,-0.04883280405583895,4.248895086202131e-05
robocasa/PickPlaceStoveToCounter,64,7400516,0,learned_energy_regularized,2,-0.04358552766575919,-0.043677776849947544,9.224918418835465e-05
robocasa/PickPlaceStoveToCounter,64,7400516,0,learned_energy_regularized,4,-0.040783052884345174,-0.04087360558621272,9.055270186754394e-05
robocasa/PickPlaceStoveToCounter,64,7400516,0,learned_energy_regularized,8,-0.03971268943456769,-0.0397325071905135,1.9817755945811255e-05
robocasa/PickPlaceStoveToCounter,64,7400516,0,oracle_real_utility,1,-0.048790315104976924,-0.04883280405583895,4.248895086202825e-05
robocasa/PickPlaceStoveToCounter,64,7400516,0,oracle_real_utility,2,-0.04194333987906003,-0.041964130621572775,2.079074251274543e-05
robocasa/PickPlaceStoveToCounter,64,7400516,0,oracle_real_utility,4,-0.03740938929338752,-0.037374169359998294,3.521993338922308e-05
robocasa/PickPlaceStoveToCounter,64,7400516,0,oracle_real_utility,8,-0.035049865914455886,-0.034872499139269965,0.00017736677518592064
robocasa/PickPlaceStoveToCounter,64,7410523,1,learned_wam,1,-0.056303343749707926,-0.05645157477005056,0.00014823102034263597
robocasa/PickPlaceStoveToCounter,64,7410523,1,learned_wam,2,-0.04930979257899233,-0.049264645414185855,4.514716480647635e-05
robocasa/PickPlaceStoveToCounter,64,7410523,1,learned_wam,4,-0.045883313651692736,-0.045420396552716485,0.000462917098976251
robocasa/PickPlaceStoveToCounter,64,7410523,1,learned_wam,8,-0.04291940661644941,-0.042311597838152804,0.0006078087782966091
robocasa/PickPlaceStoveToCounter,64,7410523,1,learned_physics_score,1,-0.056303343749707926,-0.05645157477005056,0.00014823102034263597
robocasa/PickPlaceStoveToCounter,64,7410523,1,learned_physics_score,2,-0.04930979257899233,-0.049264645414185855,4.514716480647635e-05
robocasa/PickPlaceStoveToCounter,64,7410523,1,learned_physics_score,4,-0.045883313651692736,-0.045420396552716485,0.000462917098976251
robocasa/PickPlaceStoveToCounter,64,7410523,1,learned_physics_score,8,-0.04291940661644941,-0.042311597838152804,0.0006078087782966091
robocasa/PickPlaceStoveToCounter,64,7410523,1,learned_energy_regularized,1,-0.056303343749707926,-0.05645157477005056,0.00014823102034263597
robocasa/PickPlaceStoveToCounter,64,7410523,1,learned_energy_regularized,2,-0.05200962045362148,-0.05199914192018779,1.0478533433687376e-05
robocasa/PickPlaceStoveToCounter,64,7410523,1,learned_energy_regularized,4,-0.050776852696508,-0.050779798424226856,2.9457277188546516e-06
robocasa/PickPlaceStoveToCounter,64,7410523,1,learned_energy_regularized,8,-0.051552846825796535,-0.05150765020984882,4.519661594771379e-05
robocasa/PickPlaceStoveToCounter,64,7410523,1,oracle_real_utility,1,-0.056303343749707926,-0.05645157477005056,0.00014823102034263597
robocasa/PickPlaceStoveToCounter,64,7410523,1,oracle_real_utility,2,-0.04740218208914557,-0.04729814464251822,0.00010403744662734749
robocasa/PickPlaceStoveToCounter,64,7410523,1,oracle_real_utility,4,-0.04209357377140915,-0.04190529774465231,0.00018827602675683397
robocasa/PickPlaceStoveToCounter,64,7410523,1,oracle_real_utility,8,-0.0393640496156358,-0.039231543666049126,0.00013250594958667122
robocasa/PickPlaceToasterOvenToCounter,65,7500519,0,learned_wam,1,-0.04264616185260926,-0.04125352017966743,0.0013926416729418342
robocasa/PickPlaceToasterOvenToCounter,65,7500519,0,learned_wam,2,-0.03720477148111717,-0.03696884065098867,0.0002359308301285029
robocasa/PickPlaceToasterOvenToCounter,65,7500519,0,learned_wam,4,-0.027714671538554288,-0.027365736858052478,0.0003489346805018098
robocasa/PickPlaceToasterOvenToCounter,65,7500519,0,learned_wam,8,-0.01811804066779369,-0.017066883444760022,0.0010511572230336684
robocasa/PickPlaceToasterOvenToCounter,65,7500519,0,learned_physics_score,1,-0.04264616185260926,-0.04125352017966743,0.0013926416729418342
robocasa/PickPlaceToasterOvenToCounter,65,7500519,0,learned_physics_score,2,-0.03720477148111717,-0.03696884065098867,0.0002359308301285029
robocasa/PickPlaceToasterOvenToCounter,65,7500519,0,learned_physics_score,4,-0.027714671538554288,-0.027365736858052478,0.0003489346805018098
robocasa/PickPlaceToasterOvenToCounter,65,7500519,0,learned_physics_score,8,-0.01811804066779369,-0.017066883444760022,0.0010511572230336684
robocasa/PickPlaceToasterOvenToCounter,65,7500519,0,learned_energy_regularized,1,-0.04264616185260926,-0.04125352017966743,0.0013926416729418342
robocasa/PickPlaceToasterOvenToCounter,65,7500519,0,learned_energy_regularized,2,-0.038852130186695547,-0.038540948062378316,0.00031118212431723025
robocasa/PickPlaceToasterOvenToCounter,65,7500519,0,learned_energy_regularized,4,-0.03361997179557967,-0.033549039417720763,7.09323778589066e-05
robocasa/PickPlaceToasterOvenToCounter,65,7500519,0,learned_energy_regularized,8,-0.025227460430943913,-0.023664809118285942,0.0015626513126579707
robocasa/PickPlaceToasterOvenToCounter,65,7500519,0,oracle_real_utility,1,-0.04264616185260926,-0.04125352017966743,0.0013926416729418342
robocasa/PickPlaceToasterOvenToCounter,65,7500519,0,oracle_real_utility,2,-0.03244620264431059,-0.03222731648832449,0.0002188861559861005
robocasa/PickPlaceToasterOvenToCounter,65,7500519,0,oracle_real_utility,4,-0.023297198151778425,-0.022956463330941982,0.00034073482083644274
robocasa/PickPlaceToasterOvenToCounter,65,7500519,0,oracle_real_utility,8,-0.016134211700382584,-0.015455245359946726,0.0006789663404358579
robocasa/PickPlaceToasterOvenToCounter,65,7510526,1,learned_wam,1,-0.06962346893183416,-0.06880963046720837,0.0008138384646257935
robocasa/PickPlaceToasterOvenToCounter,65,7510526,1,learned_wam,2,-0.05856992099602042,-0.05822354287394694,0.0003463781220734846
robocasa/PickPlaceToasterOvenToCounter,65,7510526,1,learned_wam,4,-0.05094459954002167,-0.051171630416348264,0.00022703087632659075
robocasa/PickPlaceToasterOvenToCounter,65,7510526,1,learned_wam,8,-0.045923160612358405,-0.045773743843916775,0.0001494167684416292
robocasa/PickPlaceToasterOvenToCounter,65,7510526,1,learned_physics_score,1,-0.06962346893183416,-0.06880963046720837,0.0008138384646257935
robocasa/PickPlaceToasterOvenToCounter,65,7510526,1,learned_physics_score,2,-0.05856992099602042,-0.05822354287394694,0.0003463781220734846
robocasa/PickPlaceToasterOvenToCounter,65,7510526,1,learned_physics_score,4,-0.05094459954002167,-0.051171630416348264,0.00022703087632659075
robocasa/PickPlaceToasterOvenToCounter,65,7510526,1,learned_physics_score,8,-0.045923160612358405,-0.045773743843916775,0.0001494167684416292
robocasa/PickPlaceToasterOvenToCounter,65,7510526,1,learned_energy_regularized,1,-0.06962346893183416,-0.06880963046720837,0.0008138384646257935
robocasa/PickPlaceToasterOvenToCounter,65,7510526,1,learned_energy_regularized,2,-0.05885621234206638,-0.058571673150738815,0.0002845391913275652
robocasa/PickPlaceToasterOvenToCounter,65,7510526,1,learned_energy_regularized,4,-0.052264223713202246,-0.05241757035434026,0.00015334664113801633
robocasa/PickPlaceToasterOvenToCounter,65,7510526,1,learned_energy_regularized,8,-0.049705825867084656,-0.04961233821170094,9.348765538371578e-05
robocasa/PickPlaceToasterOvenToCounter,65,7510526,1,oracle_real_utility,1,-0.06962346893183416,-0.06880963046720837,0.0008138384646257935
robocasa/PickPlaceToasterOvenToCounter,65,7510526,1,oracle_real_utility,2,-0.058065531155828826,-0.0577180279249318,0.00034750323089702273
robocasa/PickPlaceToasterOvenToCounter,65,7510526,1,oracle_real_utility,4,-0.050307167559249584,-0.05065162849323441,0.0003444609339848248
robocasa/PickPlaceToasterOvenToCounter,65,7510526,1,oracle_real_utility,8,-0.0455151836306681,-0.04541472726346483,0.0001004563672032735
robocasa/PickPlaceToasterToCounter,66,7600522,0,learned_wam,1,-0.06653304699873498,-0.06668140593601198,0.00014835893727699334
robocasa/PickPlaceToasterToCounter,66,7600522,0,learned_wam,2,-0.055316969138167735,-0.055512256188993435,0.00019528705082570014
robocasa/PickPlaceToasterToCounter,66,7600522,0,learned_wam,4,-0.043951083212149245,-0.044351210378433564,0.00040012716628431977
robocasa/PickPlaceToasterToCounter,66,7600522,0,learned_wam,8,-0.03385476805161418,-0.034060824345176106,0.00020605629356192784
robocasa/PickPlaceToasterToCounter,66,7600522,0,learned_physics_score,1,-0.06653304699873498,-0.06668140593601198,0.00014835893727699334
robocasa/PickPlaceToasterToCounter,66,7600522,0,learned_physics_score,2,-0.055316969138167735,-0.055512256188993435,0.00019528705082570014
robocasa/PickPlaceToasterToCounter,66,7600522,0,learned_physics_score,4,-0.043951083212149245,-0.044351210378433564,0.00040012716628431977
robocasa/PickPlaceToasterToCounter,66,7600522,0,learned_physics_score,8,-0.03385476805161418,-0.034060824345176106,0.00020605629356192784
robocasa/PickPlaceToasterToCounter,66,7600522,0,learned_energy_regularized,1,-0.06653304699873498,-0.06668140593601198,0.00014835893727699334
robocasa/PickPlaceToasterToCounter,66,7600522,0,learned_energy_regularized,2,-0.054951851276781025,-0.05516244076289133,0.00021058948611030193
robocasa/PickPlaceToasterToCounter,66,7600522,0,learned_energy_regularized,4,-0.04369534829561461,-0.04408844853507733,0.0003931002394627209
robocasa/PickPlaceToasterToCounter,66,7600522,0,learned_energy_regularized,8,-0.03382582483557428,-0.03403320192591909,0.00020737709034480967
robocasa/PickPlaceToasterToCounter,66,7600522,0,oracle_real_utility,1,-0.06653304699873497,-0.06668140593601198,0.00014835893727700722
robocasa/PickPlaceToasterToCounter,66,7600522,0,oracle_real_utility,2,-0.0546032420607396,-0.05478315393583825,0.00017991187509865114
robocasa/PickPlaceToasterToCounter,66,7600522,0,oracle_real_utility,4,-0.042513345172474126,-0.042638234196344965,0.0001248890238708389
robocasa/PickPlaceToasterToCounter,66,7600522,0,oracle_real_utility,8,-0.03196658144598734,-0.032259478234700274,0.00029289678871293606
robocasa/PickPlaceToasterToCounter,66,7610529,1,learned_wam,1,-0.04543866452575346,-0.045460343197542,2.167867178853866e-05
robocasa/PickPlaceToasterToCounter,66,7610529,1,learned_wam,2,-0.043063560199275715,-0.04317989045753337,0.00011633025825765614
robocasa/PickPlaceToasterToCounter,66,7610529,1,learned_wam,4,-0.04069529237581673,-0.04055158541363831,0.00014370696217842066
robocasa/PickPlaceToasterToCounter,66,7610529,1,learned_wam,8,-0.03922873970307361,-0.039231662504625064,2.922801551452636e-06
robocasa/PickPlaceToasterToCounter,66,7610529,1,learned_physics_score,1,-0.04543866452575346,-0.045460343197542,2.167867178853866e-05
robocasa/PickPlaceToasterToCounter,66,7610529,1,learned_physics_score,2,-0.043063560199275715,-0.04317989045753337,0.00011633025825765614
robocasa/PickPlaceToasterToCounter,66,7610529,1,learned_physics_score,4,-0.04069529237581673,-0.04055158541363831,0.00014370696217842066
robocasa/PickPlaceToasterToCounter,66,7610529,1,learned_physics_score,8,-0.03922873970307361,-0.039231662504625064,2.922801551452636e-06
robocasa/PickPlaceToasterToCounter,66,7610529,1,learned_energy_regularized,1,-0.04543866452575346,-0.045460343197542,2.167867178853866e-05
robocasa/PickPlaceToasterToCounter,66,7610529,1,learned_energy_regularized,2,-0.0451628418131317,-0.045236632465403014,7.379065227131054e-05
robocasa/PickPlaceToasterToCounter,66,7610529,1,learned_energy_regularized,4,-0.04286268338576078,-0.04262291478167826,0.00023976860408252143
robocasa/PickPlaceToasterToCounter,66,7610529,1,learned_energy_regularized,8,-0.04008922549331391,-0.0400948111647254,5.5856714114913e-06
robocasa/PickPlaceToasterToCounter,66,7610529,1,oracle_real_utility,1,-0.04543866452575346,-0.045460343197542,2.167867178853866e-05
robocasa/PickPlaceToasterToCounter,66,7610529,1,oracle_real_utility,2,-0.04249080878825894,-0.04263158339111516,0.00014077460285621957
robocasa/PickPlaceToasterToCounter,66,7610529,1,oracle_real_utility,4,-0.04030274370250409,-0.040190739305654956,0.00011200439684913577
robocasa/PickPlaceToasterToCounter,66,7610529,1,oracle_real_utility,8,-0.039130428320599826,-0.03912894026628251,1.4880543173154126e-06
robocasa/AirDryFruit,67,7700525,0,learned_wam,1,-0.05761993529474276,-0.05787779966239794,0.0002578643676551806
robocasa/AirDryFruit,67,7700525,0,learned_wam,2,-0.04891952768878177,-0.04862398049256101,0.00029554719622076203
robocasa/AirDryFruit,67,7700525,0,learned_wam,4,-0.04315531834903546,-0.043237712942362554,8.239459332709531e-05
robocasa/AirDryFruit,67,7700525,0,learned_wam,8,-0.039858145587960504,-0.03978658671672089,7.155887123961452e-05
robocasa/AirDryFruit,67,7700525,0,learned_physics_score,1,-0.05761993529474276,-0.05787779966239794,0.0002578643676551806
robocasa/AirDryFruit,67,7700525,0,learned_physics_score,2,-0.04891952768878177,-0.04862398049256101,0.00029554719622076203
robocasa/AirDryFruit,67,7700525,0,learned_physics_score,4,-0.04315531834903546,-0.043237712942362554,8.239459332709531e-05
robocasa/AirDryFruit,67,7700525,0,learned_physics_score,8,-0.039858145587960504,-0.03978658671672089,7.155887123961452e-05
robocasa/AirDryFruit,67,7700525,0,learned_energy_regularized,1,-0.05761993529474276,-0.05787779966239794,0.0002578643676551806
robocasa/AirDryFruit,67,7700525,0,learned_energy_regularized,2,-0.04952854128756816,-0.04916965667707362,0.0003588846104945406
robocasa/AirDryFruit,67,7700525,0,learned_energy_regularized,4,-0.043678689410492515,-0.043646970080747007,3.1719329745508174e-05
robocasa/AirDryFruit,67,7700525,0,learned_energy_regularized,8,-0.03991932712606185,-0.039884028892526714,3.529823353513872e-05
robocasa/AirDryFruit,67,7700525,0,oracle_real_utility,1,-0.05761993529474276,-0.05787779966239794,0.0002578643676551806
robocasa/AirDryFruit,67,7700525,0,oracle_real_utility,2,-0.048628838390983836,-0.04831499713223102,0.00031384125875281305
robocasa/AirDryFruit,67,7700525,0,oracle_real_utility,4,-0.04273958302472236,-0.042765495515772176,2.5912491049814856e-05
robocasa/AirDryFruit,67,7700525,0,oracle_real_utility,8,-0.039611746810976574,-0.0395481936710915,6.355313988507666e-05
robocasa/AirDryFruit,67,7710532,1,learned_wam,1,-0.05524072080266096,-0.05541719935324528,0.00017647855058432194
robocasa/AirDryFruit,67,7710532,1,learned_wam,2,-0.04779523790109128,-0.048241647622172625,0.00044640972108134225
robocasa/AirDryFruit,67,7710532,1,learned_wam,4,-0.03954576266104512,-0.03870596669096921,0.0008397959700759128
robocasa/AirDryFruit,67,7710532,1,learned_wam,8,-0.03302299128036387,-0.03283268177168156,0.00019030950868231117
robocasa/AirDryFruit,67,7710532,1,learned_physics_score,1,-0.05524072080266096,-0.05541719935324528,0.00017647855058432194
robocasa/AirDryFruit,67,7710532,1,learned_physics_score,2,-0.04779523790109128,-0.048241647622172625,0.00044640972108134225
robocasa/AirDryFruit,67,7710532,1,learned_physics_score,4,-0.03954576266104512,-0.03870596669096921,0.0008397959700759128
robocasa/AirDryFruit,67,7710532,1,learned_physics_score,8,-0.03302299128036387,-0.03283268177168156,0.00019030950868231117
robocasa/AirDryFruit,67,7710532,1,learned_energy_regularized,1,-0.05524072080266096,-0.05541719935324528,0.00017647855058432194
robocasa/AirDryFruit,67,7710532,1,learned_energy_regularized,2,-0.04931700736781277,-0.04966037347892733,0.0003433661111145597
robocasa/AirDryFruit,67,7710532,1,learned_energy_regularized,4,-0.04477445540838381,-0.04412480498931471,0.0006496504190691005
robocasa/AirDryFruit,67,7710532,1,learned_energy_regularized,8,-0.04410249239683787,-0.044040590820990974,6.19015758468941e-05
robocasa/AirDryFruit,67,7710532,1,oracle_real_utility,1,-0.055240720802660966,-0.05541719935324528,0.000176478550584315
robocasa/AirDryFruit,67,7710532,1,oracle_real_utility,2,-0.04459599326905786,-0.04540740977228493,0.0008114165032270734
robocasa/AirDryFruit,67,7710532,1,oracle_real_utility,4,-0.036049180776017514,-0.03545575408747206,0.0005934266885454509
robocasa/AirDryFruit,67,7710532,1,oracle_real_utility,8,-0.030238801947411017,-0.030239738401692706,9.364542816886479e-07
robocasa/CleanBlenderJug,68,7800528,0,learned_wam,1,-0.053841696015841906,-0.0547889472623972,0.0009472512465552932
robocasa/CleanBlenderJug,68,7800528,0,learned_wam,2,-0.03980091630624661,-0.038704579906137994,0.0010963364001086162
robocasa/CleanBlenderJug,68,7800528,0,learned_wam,4,-0.027368066725863796,-0.02743806321385511,6.999648799131328e-05
robocasa/CleanBlenderJug,68,7800528,0,learned_wam,8,-0.01598063806007999,-0.015990556146286465,9.918086206473636e-06
robocasa/CleanBlenderJug,68,7800528,0,learned_physics_score,1,-0.053841696015841906,-0.0547889472623972,0.0009472512465552932
robocasa/CleanBlenderJug,68,7800528,0,learned_physics_score,2,-0.03980091630624661,-0.038704579906137994,0.0010963364001086162
robocasa/CleanBlenderJug,68,7800528,0,learned_physics_score,4,-0.027368066725863796,-0.02743806321385511,6.999648799131328e-05
robocasa/CleanBlenderJug,68,7800528,0,learned_physics_score,8,-0.01598063806007999,-0.015990556146286465,9.918086206473636e-06
robocasa/CleanBlenderJug,68,7800528,0,learned_energy_regularized,1,-0.053841696015841906,-0.0547889472623972,0.0009472512465552932
robocasa/CleanBlenderJug,68,7800528,0,learned_energy_regularized,2,-0.0407874398691313,-0.03953918788908989,0.001248251980041415
robocasa/CleanBlenderJug,68,7800528,0,learned_energy_regularized,4,-0.02890333555196528,-0.029010865722756497,0.00010753017079121602
robocasa/CleanBlenderJug,68,7800528,0,learned_energy_regularized,8,-0.016678790262717992,-0.016678989904153795,1.9964143580311622e-07
robocasa/CleanBlenderJug,68,7800528,0,oracle_real_utility,1,-0.05384169601584191,-0.0547889472623972,0.0009472512465552863
robocasa/CleanBlenderJug,68,7800528,0,oracle_real_utility,2,-0.03919026633227151,-0.03816800094899702,0.00102226538327449
robocasa/CleanBlenderJug,68,7800528,0,oracle_real_utility,4,-0.026209720182514468,-0.026169646235652808,4.0073946861660104e-05
robocasa/CleanBlenderJug,68,7800528,0,oracle_real_utility,8,-0.015162492329558862,-0.015167156216598953,4.663887040090922e-06
robocasa/CleanBlenderJug,68,7810535,1,learned_wam,1,-0.0537761640299633,-0.05390484610571119,0.0001286820757478921
robocasa/CleanBlenderJug,68,7810535,1,learned_wam,2,-0.048766817822483245,-0.049035407561864176,0.0002685897393809311
robocasa/CleanBlenderJug,68,7810535,1,learned_wam,4,-0.04465423723653294,-0.04470676685206557,5.2529615532634355e-05
robocasa/CleanBlenderJug,68,7810535,1,learned_wam,8,-0.04066483450025446,-0.04020372369082549,0.000461110809428969
robocasa/CleanBlenderJug,68,7810535,1,learned_physics_score,1,-0.0537761640299633,-0.05390484610571119,0.0001286820757478921
robocasa/CleanBlenderJug,68,7810535,1,learned_physics_score,2,-0.048766817822483245,-0.049035407561864176,0.0002685897393809311
robocasa/CleanBlenderJug,68,7810535,1,learned_physics_score,4,-0.04465423723653294,-0.04470676685206557,5.2529615532634355e-05
robocasa/CleanBlenderJug,68,7810535,1,learned_physics_score,8,-0.04066483450025446,-0.04020372369082549,0.000461110809428969
robocasa/CleanBlenderJug,68,7810535,1,learned_energy_regularized,1,-0.05377616402996329,-0.05390484610571119,0.00012868207574789903
robocasa/CleanBlenderJug,68,7810535,1,learned_energy_regularized,2,-0.050183792336746025,-0.05057866468084745,0.0003948723441014254
robocasa/CleanBlenderJug,68,7810535,1,learned_energy_regularized,4,-0.04828138566364446,-0.04841533263685234,0.00013394697320787824
robocasa/CleanBlenderJug,68,7810535,1,learned_energy_regularized,8,-0.0484787215987737,-0.04842627315687148,5.2448441902219756e-05
robocasa/CleanBlenderJug,68,7810535,1,oracle_real_utility,1,-0.05377616402996329,-0.05390484610571119,0.00012868207574789903
robocasa/CleanBlenderJug,68,7810535,1,oracle_real_utility,2,-0.04853559556348019,-0.04879335239611407,0.0002577568326338833
robocasa/CleanBlenderJug,68,7810535,1,oracle_real_utility,4,-0.044091163005870807,-0.04414292156209358,5.175855622277514e-05
robocasa/CleanBlenderJug,68,7810535,1,oracle_real_utility,8,-0.04003091879641117,-0.03963217245693386,0.00039874633947731275
robocasa/ClearClutter,69,7900531,0,learned_wam,1,-0.05745812601364827,-0.057018035506119745,0.0004400905075285233
robocasa/ClearClutter,69,7900531,0,learned_wam,2,-0.0523110380985653,-0.05208735262031777,0.00022368547824752616
robocasa/ClearClutter,69,7900531,0,learned_wam,4,-0.04622498173957993,-0.046732707515048724,0.0005077257754687939
robocasa/ClearClutter,69,7900531,0,learned_wam,8,-0.04113922254592918,-0.04163597738928835,0.0004967548433591693
robocasa/ClearClutter,69,7900531,0,learned_physics_score,1,-0.05745812601364827,-0.057018035506119745,0.0004400905075285233
robocasa/ClearClutter,69,7900531,0,learned_physics_score,2,-0.0523110380985653,-0.05208735262031777,0.00022368547824752616
robocasa/ClearClutter,69,7900531,0,learned_physics_score,4,-0.04622498173957993,-0.046732707515048724,0.0005077257754687939
robocasa/ClearClutter,69,7900531,0,learned_physics_score,8,-0.04113922254592918,-0.04163597738928835,0.0004967548433591693
robocasa/ClearClutter,69,7900531,0,learned_energy_regularized,1,-0.05745812601364826,-0.057018035506119745,0.00044009050752851636
robocasa/ClearClutter,69,7900531,0,learned_energy_regularized,2,-0.05212842008580901,-0.05208143165049496,4.6988435314046506e-05
robocasa/ClearClutter,69,7900531,0,learned_energy_regularized,4,-0.048461659445714324,-0.04858570787289776,0.00012404842718343606
robocasa/ClearClutter,69,7900531,0,learned_energy_regularized,8,-0.04772035847976109,-0.047917427827451266,0.00019706934769017637
robocasa/ClearClutter,69,7900531,0,oracle_real_utility,1,-0.05745812601364827,-0.057018035506119745,0.0004400905075285233
robocasa/ClearClutter,69,7900531,0,oracle_real_utility,2,-0.050066764113530914,-0.05004176172061535,2.500239291556433e-05
robocasa/ClearClutter,69,7900531,0,oracle_real_utility,4,-0.044205393098419005,-0.044537748640550906,0.0003323555421319013
robocasa/ClearClutter,69,7900531,0,oracle_real_utility,8,-0.03973381763715589,-0.040168709974250885,0.00043489233709499697
robocasa/ClearClutter,69,7910538,1,learned_wam,1,-0.05054752189440372,-0.05112883681503708,0.0005813149206333607
robocasa/ClearClutter,69,7910538,1,learned_wam,2,-0.041236773061336406,-0.04112207542000754,0.0001146976413288689
robocasa/ClearClutter,69,7910538,1,learned_wam,4,-0.0366710023521887,-0.036656357963097845,1.4644389090857912e-05
robocasa/ClearClutter,69,7910538,1,learned_wam,8,-0.035834730598001255,-0.03628663597729201,0.00045190537929075403
robocasa/ClearClutter,69,7910538,1,learned_physics_score,1,-0.05054752189440372,-0.05112883681503708,0.0005813149206333607
robocasa/ClearClutter,69,7910538,1,learned_physics_score,2,-0.041236773061336406,-0.04112207542000754,0.0001146976413288689
robocasa/ClearClutter,69,7910538,1,learned_physics_score,4,-0.0366710023521887,-0.036656357963097845,1.4644389090857912e-05
robocasa/ClearClutter,69,7910538,1,learned_physics_score,8,-0.035834730598001255,-0.03628663597729201,0.00045190537929075403
robocasa/ClearClutter,69,7910538,1,learned_energy_regularized,1,-0.05054752189440372,-0.05112883681503708,0.0005813149206333607
robocasa/ClearClutter,69,7910538,1,learned_energy_regularized,2,-0.04136709007184367,-0.04130241392348766,6.46761483560146e-05
robocasa/ClearClutter,69,7910538,1,learned_energy_regularized,4,-0.03767760840805236,-0.03750682453894599,0.000170783869106364
robocasa/ClearClutter,69,7910538,1,learned_energy_regularized,8,-0.03798326663309319,-0.038166447609633294,0.0001831809765401038
robocasa/ClearClutter,69,7910538,1,oracle_real_utility,1,-0.05054752189440373,-0.05112883681503708,0.0005813149206333537
robocasa/ClearClutter,69,7910538,1,oracle_real_utility,2,-0.04007304233998613,-0.03992701635212741,0.00014602598785871945
robocasa/ClearClutter,69,7910538,1,oracle_real_utility,4,-0.033260127249272936,-0.033125355046642886,0.0001347722026300499
robocasa/ClearClutter,69,7910538,1,oracle_real_utility,8,-0.028199478478459324,-0.028431662991174528,0.0002321845127152035
robocasa/ClearFoodWaste,70,8000534,0,learned_wam,1,-0.05601586742662003,-0.055430755644385814,0.0005851117822342142
robocasa/ClearFoodWaste,70,8000534,0,learned_wam,2,-0.04257163025149191,-0.043190481568112636,0.0006188513166207263
robocasa/ClearFoodWaste,70,8000534,0,learned_wam,4,-0.0313332354932016,-0.03190518369849433,0.0005719482052927299
robocasa/ClearFoodWaste,70,8000534,0,learned_wam,8,-0.025569928415661913,-0.025549347339084115,2.058107657779834e-05
robocasa/ClearFoodWaste,70,8000534,0,learned_physics_score,1,-0.05601586742662003,-0.055430755644385814,0.0005851117822342142
robocasa/ClearFoodWaste,70,8000534,0,learned_physics_score,2,-0.04257163025149191,-0.043190481568112636,0.0006188513166207263
robocasa/ClearFoodWaste,70,8000534,0,learned_physics_score,4,-0.0313332354932016,-0.03190518369849433,0.0005719482052927299
robocasa/ClearFoodWaste,70,8000534,0,learned_physics_score,8,-0.025569928415661913,-0.025549347339084115,2.058107657779834e-05
robocasa/ClearFoodWaste,70,8000534,0,learned_energy_regularized,1,-0.05601586742662003,-0.055430755644385814,0.0005851117822342142
robocasa/ClearFoodWaste,70,8000534,0,learned_energy_regularized,2,-0.04257163025149191,-0.043190481568112636,0.0006188513166207263
robocasa/ClearFoodWaste,70,8000534,0,learned_energy_regularized,4,-0.0313332354932016,-0.03190518369849433,0.0005719482052927299
robocasa/ClearFoodWaste,70,8000534,0,learned_energy_regularized,8,-0.025569928415661913,-0.025549347339084115,2.058107657779834e-05
robocasa/ClearFoodWaste,70,8000534,0,oracle_real_utility,1,-0.05601586742662002,-0.055430755644385814,0.0005851117822342072
robocasa/ClearFoodWaste,70,8000534,0,oracle_real_utility,2,-0.04171712686500911,-0.04237003915111443,0.0006529122861053185
robocasa/ClearFoodWaste,70,8000534,0,oracle_real_utility,4,-0.03042791978787629,-0.03089428535671584,0.0004663655688395517
robocasa/ClearFoodWaste,70,8000534,0,oracle_real_utility,8,-0.024285492549504566,-0.024214776721657928,7.071582784663744e-05
robocasa/ClearFoodWaste,70,8010541,1,learned_wam,1,-0.055411818578128214,-0.05560949558329625,0.00019767700516803988
robocasa/ClearFoodWaste,70,8010541,1,learned_wam,2,-0.04719986555018168,-0.04739539685751087,0.00019553130732918866
robocasa/ClearFoodWaste,70,8010541,1,learned_wam,4,-0.0423276536466571,-0.04248429452012676,0.00015664087346965727
robocasa/ClearFoodWaste,70,8010541,1,learned_wam,8,-0.03995759360011862,-0.039903528656847785,5.406494327083594e-05
robocasa/ClearFoodWaste,70,8010541,1,learned_physics_score,1,-0.055411818578128214,-0.05560949558329625,0.00019767700516803988
robocasa/ClearFoodWaste,70,8010541,1,learned_physics_score,2,-0.04719986555018168,-0.04739539685751087,0.00019553130732918866
robocasa/ClearFoodWaste,70,8010541,1,learned_physics_score,4,-0.0423276536466571,-0.04248429452012676,0.00015664087346965727
robocasa/ClearFoodWaste,70,8010541,1,learned_physics_score,8,-0.03995759360011862,-0.039903528656847785,5.406494327083594e-05
robocasa/ClearFoodWaste,70,8010541,1,learned_energy_regularized,1,-0.05541181857812822,-0.05560949558329625,0.00019767700516803294
robocasa/ClearFoodWaste,70,8010541,1,learned_energy_regularized,2,-0.047608852415065066,-0.04773175953940676,0.00012290712434169515
robocasa/ClearFoodWaste,70,8010541,1,learned_energy_regularized,4,-0.044384746343968856,-0.0446134878937192,0.000228741549750347
robocasa/ClearFoodWaste,70,8010541,1,learned_energy_regularized,8,-0.044770153732347856,-0.044866471124929676,9.631739258181976e-05
robocasa/ClearFoodWaste,70,8010541,1,oracle_real_utility,1,-0.05541181857812822,-0.05560949558329625,0.00019767700516803294
robocasa/ClearFoodWaste,70,8010541,1,oracle_real_utility,2,-0.046585049870425915,-0.046745631449296644,0.00016058157887072905
robocasa/ClearFoodWaste,70,8010541,1,oracle_real_utility,4,-0.04084342999694742,-0.04094761885502155,0.0001041888580741307
robocasa/ClearFoodWaste,70,8010541,1,oracle_real_utility,8,-0.036894157624399425,-0.036806490582073734,8.766704232569117e-05
robocasa/CountertopCleanup,71,8100537,0,learned_wam,1,-0.05581143192969969,-0.05553783617135433,0.0002735957583453602
robocasa/CountertopCleanup,71,8100537,0,learned_wam,2,-0.04768605467081226,-0.048070073021683965,0.00038401835087170655
robocasa/CountertopCleanup,71,8100537,0,learned_wam,4,-0.0416897178420394,-0.04196325308839952,0.0002735352463601251
robocasa/CountertopCleanup,71,8100537,0,learned_wam,8,-0.039434071695523445,-0.039510076568151586,7.600487262814093e-05
robocasa/CountertopCleanup,71,8100537,0,learned_physics_score,1,-0.05581143192969969,-0.05553783617135433,0.0002735957583453602
robocasa/CountertopCleanup,71,8100537,0,learned_physics_score,2,-0.04768605467081226,-0.048070073021683965,0.00038401835087170655
robocasa/CountertopCleanup,71,8100537,0,learned_physics_score,4,-0.0416897178420394,-0.04196325308839952,0.0002735352463601251
robocasa/CountertopCleanup,71,8100537,0,learned_physics_score,8,-0.039434071695523445,-0.039510076568151586,7.600487262814093e-05
robocasa/CountertopCleanup,71,8100537,0,learned_energy_regularized,1,-0.05581143192969969,-0.05553783617135433,0.0002735957583453602
robocasa/CountertopCleanup,71,8100537,0,learned_energy_regularized,2,-0.047844421661184675,-0.04821196984505765,0.00036754818387297467
robocasa/CountertopCleanup,71,8100537,0,learned_energy_regularized,4,-0.04241969068828727,-0.04272341464218714,0.0003037239538998676
robocasa/CountertopCleanup,71,8100537,0,learned_energy_regularized,8,-0.04152651814998653,-0.041608122456605404,8.160430661887513e-05
robocasa/CountertopCleanup,71,8100537,0,oracle_real_utility,1,-0.05581143192969969,-0.05553783617135433,0.0002735957583453602
robocasa/CountertopCleanup,71,8100537,0,oracle_real_utility,2,-0.04664739747942924,-0.0470059746681857,0.00035857718875646066
robocasa/CountertopCleanup,71,8100537,0,oracle_real_utility,4,-0.04009554970534135,-0.04042600719431495,0.00033045748897360394
robocasa/CountertopCleanup,71,8100537,0,oracle_real_utility,8,-0.037222607160506085,-0.037383993144597234,0.00016138598409114885
robocasa/CountertopCleanup,71,8110544,1,learned_wam,1,-0.056174352611764136,-0.05548817372178604,0.0006861788899780938
robocasa/CountertopCleanup,71,8110544,1,learned_wam,2,-0.04866566747976571,-0.048486341147296115,0.000179326332469594
robocasa/CountertopCleanup,71,8110544,1,learned_wam,4,-0.04351129676957662,-0.04339908365883568,0.00011221311074094409
robocasa/CountertopCleanup,71,8110544,1,learned_wam,8,-0.041915613464719045,-0.04189235291136662,2.3260553352423552e-05
robocasa/CountertopCleanup,71,8110544,1,learned_physics_score,1,-0.056174352611764136,-0.05548817372178604,0.0006861788899780938
robocasa/CountertopCleanup,71,8110544,1,learned_physics_score,2,-0.04866566747976571,-0.048486341147296115,0.000179326332469594
robocasa/CountertopCleanup,71,8110544,1,learned_physics_score,4,-0.04351129676957662,-0.04339908365883568,0.00011221311074094409
robocasa/CountertopCleanup,71,8110544,1,learned_physics_score,8,-0.041915613464719045,-0.04189235291136662,2.3260553352423552e-05
robocasa/CountertopCleanup,71,8110544,1,learned_energy_regularized,1,-0.056174352611764136,-0.05548817372178604,0.0006861788899780938
robocasa/CountertopCleanup,71,8110544,1,learned_energy_regularized,2,-0.0492312218516061,-0.049097254358151,0.00013396749345509495
robocasa/CountertopCleanup,71,8110544,1,learned_energy_regularized,4,-0.04472551438639932,-0.04475303320300516,2.7518816605835716e-05
robocasa/CountertopCleanup,71,8110544,1,learned_energy_regularized,8,-0.04368417648113508,-0.04368293799845473,1.2384826803546467e-06
robocasa/CountertopCleanup,71,8110544,1,oracle_real_utility,1,-0.05617435261176414,-0.05548817372178604,0.0006861788899781007
robocasa/CountertopCleanup,71,8110544,1,oracle_real_utility,2,-0.0479943237374691,-0.04786952429130878,0.00012479944616031885
robocasa/CountertopCleanup,71,8110544,1,oracle_real_utility,4,-0.04216163869399517,-0.04217967938137893,1.804068738376491e-05
robocasa/CountertopCleanup,71,8110544,1,oracle_real_utility,8,-0.03873622553696186,-0.03873662482526672,3.992883048573037e-07
robocasa/FoodCleanup,72,8200540,0,learned_wam,1,-0.053484137123674606,-0.05364772624488289,0.00016358912120828517
robocasa/FoodCleanup,72,8200540,0,learned_wam,2,-0.044782745538633796,-0.04525706923453754,0.00047432369590374307
robocasa/FoodCleanup,72,8200540,0,learned_wam,4,-0.03971461961949712,-0.0401439555034086,0.00042933588391148164
robocasa/FoodCleanup,72,8200540,0,learned_wam,8,-0.035845559897812226,-0.035418455626583425,0.0004271042712288009
robocasa/FoodCleanup,72,8200540,0,learned_physics_score,1,-0.053484137123674606,-0.05364772624488289,0.00016358912120828517
robocasa/FoodCleanup,72,8200540,0,learned_physics_score,2,-0.044782745538633796,-0.04525706923453754,0.00047432369590374307
robocasa/FoodCleanup,72,8200540,0,learned_physics_score,4,-0.03971461961949712,-0.0401439555034086,0.00042933588391148164
robocasa/FoodCleanup,72,8200540,0,learned_physics_score,8,-0.035845559897812226,-0.035418455626583425,0.0004271042712288009
robocasa/FoodCleanup,72,8200540,0,learned_energy_regularized,1,-0.053484137123674606,-0.05364772624488289,0.00016358912120828517
robocasa/FoodCleanup,72,8200540,0,learned_energy_regularized,2,-0.04544369748156386,-0.045806981251055354,0.0003632837694914903
robocasa/FoodCleanup,72,8200540,0,learned_energy_regularized,4,-0.0407163749080005,-0.04126492999861799,0.0005485550906174919
robocasa/FoodCleanup,72,8200540,0,learned_energy_regularized,8,-0.03618104071244253,-0.03571456209701609,0.00046647861542644525
robocasa/FoodCleanup,72,8200540,0,oracle_real_utility,1,-0.053484137123674606,-0.05364772624488289,0.00016358912120828517
robocasa/FoodCleanup,72,8200540,0,oracle_real_utility,2,-0.043235823371933484,-0.043947835724425954,0.0007120123524924707
robocasa/FoodCleanup,72,8200540,0,oracle_real_utility,4,-0.03536917979873943,-0.03538460051613491,1.5420717395478456e-05
robocasa/FoodCleanup,72,8200540,0,oracle_real_utility,8,-0.030529334767786846,-0.030122099178135516,0.0004072355896513301
robocasa/FoodCleanup,72,8210547,1,learned_wam,1,-0.05249024094558194,-0.05283762684965934,0.0003473859040774019
robocasa/FoodCleanup,72,8210547,1,learned_wam,2,-0.0480451646774719,-0.0477206842811611,0.00032448039631079867
robocasa/FoodCleanup,72,8210547,1,learned_wam,4,-0.0441220008689093,-0.04407406966925834,4.7931199650963485e-05
robocasa/FoodCleanup,72,8210547,1,learned_wam,8,-0.0424137528767988,-0.04229666310279039,0.00011708977400840676
robocasa/FoodCleanup,72,8210547,1,learned_physics_score,1,-0.05249024094558194,-0.05283762684965934,0.0003473859040774019
robocasa/FoodCleanup,72,8210547,1,learned_physics_score,2,-0.0480451646774719,-0.0477206842811611,0.00032448039631079867
robocasa/FoodCleanup,72,8210547,1,learned_physics_score,4,-0.0441220008689093,-0.04407406966925834,4.7931199650963485e-05
robocasa/FoodCleanup,72,8210547,1,learned_physics_score,8,-0.0424137528767988,-0.04229666310279039,0.00011708977400840676
robocasa/FoodCleanup,72,8210547,1,learned_energy_regularized,1,-0.05249024094558194,-0.05283762684965934,0.0003473859040774019
robocasa/FoodCleanup,72,8210547,1,learned_energy_regularized,2,-0.04827424884314852,-0.0479186130003057,0.0003556358428428233
robocasa/FoodCleanup,72,8210547,1,learned_energy_regularized,4,-0.04414705694953018,-0.04409606174916329,5.099520036688787e-05
robocasa/FoodCleanup,72,8210547,1,learned_energy_regularized,8,-0.04241386386041483,-0.04229666310279039,0.00011720075762444021
robocasa/FoodCleanup,72,8210547,1,oracle_real_utility,1,-0.05249024094558194,-0.05283762684965934,0.0003473859040774019
robocasa/FoodCleanup,72,8210547,1,oracle_real_utility,2,-0.04725968934996376,-0.04689702586167513,0.00036266348828863093
robocasa/FoodCleanup,72,8210547,1,oracle_real_utility,4,-0.04301675024940688,-0.04290427299349458,0.00011247725591230495
robocasa/FoodCleanup,72,8210547,1,oracle_real_utility,8,-0.03992556119176666,-0.03972601017080426,0.00019955102096240462
robocasa/GatherProduceWashing,73,8300543,0,learned_wam,1,-0.046050040316981636,-0.04582605547008254,0.00022398484689909598
robocasa/GatherProduceWashing,73,8300543,0,learned_wam,2,-0.03926856773569401,-0.039340778881516214,7.221114582220411e-05
robocasa/GatherProduceWashing,73,8300543,0,learned_wam,4,-0.03060576020258398,-0.03156796614362274,0.0009622059410387615
robocasa/GatherProduceWashing,73,8300543,0,learned_wam,8,-0.02055148992474787,-0.020965328583587968,0.00041383865884009677
robocasa/GatherProduceWashing,73,8300543,0,learned_physics_score,1,-0.046050040316981636,-0.04582605547008254,0.00022398484689909598
robocasa/GatherProduceWashing,73,8300543,0,learned_physics_score,2,-0.03926856773569401,-0.039340778881516214,7.221114582220411e-05
robocasa/GatherProduceWashing,73,8300543,0,learned_physics_score,4,-0.03060576020258398,-0.03156796614362274,0.0009622059410387615
robocasa/GatherProduceWashing,73,8300543,0,learned_physics_score,8,-0.02055148992474787,-0.020965328583587968,0.00041383865884009677
robocasa/GatherProduceWashing,73,8300543,0,learned_energy_regularized,1,-0.046050040316981636,-0.04582605547008254,0.00022398484689909598
robocasa/GatherProduceWashing,73,8300543,0,learned_energy_regularized,2,-0.03919788108216001,-0.03931955804677639,0.00012167696461638094
robocasa/GatherProduceWashing,73,8300543,0,learned_energy_regularized,4,-0.03001325931280587,-0.031027576380380992,0.0010143170675751233
robocasa/GatherProduceWashing,73,8300543,0,learned_energy_regularized,8,-0.02043006217631291,-0.0208919923625742,0.0004619301862612904
robocasa/GatherProduceWashing,73,8300543,0,oracle_real_utility,1,-0.046050040316981636,-0.04582605547008254,0.00022398484689909598
robocasa/GatherProduceWashing,73,8300543,0,oracle_real_utility,2,-0.037923633943432324,-0.03808626595839266,0.00016263201496033441
robocasa/GatherProduceWashing,73,8300543,0,oracle_real_utility,4,-0.02951771728348811,-0.030468540218530002,0.0009508229350418916
robocasa/GatherProduceWashing,73,8300543,0,oracle_real_utility,8,-0.020228329085687457,-0.02066919319413853,0.00044086410845107366
robocasa/GatherProduceWashing,73,8310550,1,learned_wam,1,-0.053602865586061005,-0.0537113829788466,0.00010851739278559813
robocasa/GatherProduceWashing,73,8310550,1,learned_wam,2,-0.04929237867071473,-0.04985490768824475,0.0005625290175300182
robocasa/GatherProduceWashing,73,8310550,1,learned_wam,4,-0.047127841224917706,-0.04739058379196214,0.00026274256704443555
robocasa/GatherProduceWashing,73,8310550,1,learned_wam,8,-0.04655920564230141,-0.04624017835295086,0.00031902728935054997
robocasa/GatherProduceWashing,73,8310550,1,learned_physics_score,1,-0.053602865586061005,-0.0537113829788466,0.00010851739278559813
robocasa/GatherProduceWashing,73,8310550,1,learned_physics_score,2,-0.04929237867071473,-0.04985490768824475,0.0005625290175300182
robocasa/GatherProduceWashing,73,8310550,1,learned_physics_score,4,-0.047127841224917706,-0.04739058379196214,0.00026274256704443555
robocasa/GatherProduceWashing,73,8310550,1,learned_physics_score,8,-0.04655920564230141,-0.04624017835295086,0.00031902728935054997
robocasa/GatherProduceWashing,73,8310550,1,learned_energy_regularized,1,-0.053602865586061,-0.0537113829788466,0.00010851739278560507
robocasa/GatherProduceWashing,73,8310550,1,learned_energy_regularized,2,-0.046649709293193925,-0.04682042064201677,0.0001707113488228426
robocasa/GatherProduceWashing,73,8310550,1,learned_energy_regularized,4,-0.042984318636022915,-0.043118517067523156,0.00013419843150024036
robocasa/GatherProduceWashing,73,8310550,1,learned_energy_regularized,8,-0.042269916600789284,-0.0425564346560161,0.00028651805522681567
robocasa/GatherProduceWashing,73,8310550,1,oracle_real_utility,1,-0.053602865586061,-0.0537113829788466,0.00010851739278560507
robocasa/GatherProduceWashing,73,8310550,1,oracle_real_utility,2,-0.04568296392327906,-0.04593711938797528,0.0002541554646962249
robocasa/GatherProduceWashing,73,8310550,1,oracle_real_utility,4,-0.040615711395134785,-0.04082617683979346,0.0002104654446586779
robocasa/GatherProduceWashing,73,8310550,1,oracle_real_utility,8,-0.03736629473577269,-0.03748167235794426,0.00011537762217157105
robocasa/RinseBowls,74,8400546,0,learned_wam,1,-0.04267908986852952,-0.04243588237247996,0.00024320749604956476
robocasa/RinseBowls,74,8400546,0,learned_wam,2,-0.036309248605487066,-0.03606523829274749,0.0002440103127395732
robocasa/RinseBowls,74,8400546,0,learned_wam,4,-0.03202770719924859,-0.03219719330347378,0.00016948610422518745
robocasa/RinseBowls,74,8400546,0,learned_wam,8,-0.02992680231646361,-0.029952678702049176,2.5876385585564543e-05
robocasa/RinseBowls,74,8400546,0,learned_physics_score,1,-0.04267908986852952,-0.04243588237247996,0.00024320749604956476
robocasa/RinseBowls,74,8400546,0,learned_physics_score,2,-0.036309248605487066,-0.03606523829274749,0.0002440103127395732
robocasa/RinseBowls,74,8400546,0,learned_physics_score,4,-0.03202770719924859,-0.03219719330347378,0.00016948610422518745
robocasa/RinseBowls,74,8400546,0,learned_physics_score,8,-0.02992680231646361,-0.029952678702049176,2.5876385585564543e-05
robocasa/RinseBowls,74,8400546,0,learned_energy_regularized,1,-0.04267908986852952,-0.04243588237247996,0.00024320749604956476
robocasa/RinseBowls,74,8400546,0,learned_energy_regularized,2,-0.03657378079815503,-0.03633305753497555,0.00024072326317947645
robocasa/RinseBowls,74,8400546,0,learned_energy_regularized,4,-0.0329964538797585,-0.0331906801056169,0.00019422622585840016
robocasa/RinseBowls,74,8400546,0,learned_energy_regularized,8,-0.0320644448042254,-0.032088244307285206,2.3799503059807048e-05
robocasa/RinseBowls,74,8400546,0,oracle_real_utility,1,-0.04267908986852952,-0.04243588237247996,0.00024320749604956476
robocasa/RinseBowls,74,8400546,0,oracle_real_utility,2,-0.03627122328285973,-0.03602021631075674,0.00025100697210298645
robocasa/RinseBowls,74,8400546,0,oracle_real_utility,4,-0.032012853557597296,-0.0321825915795849,0.00016973802198760185
robocasa/RinseBowls,74,8400546,0,oracle_real_utility,8,-0.029926363524803504,-0.029952678702049176,2.6315177245671978e-05
robocasa/RinseBowls,74,8410553,1,learned_wam,1,-0.05602308824670384,-0.056661723669230626,0.0006386354225267898
robocasa/RinseBowls,74,8410553,1,learned_wam,2,-0.04894953398067893,-0.04930322812878688,0.00035369414810795113
robocasa/RinseBowls,74,8410553,1,learned_wam,4,-0.04511828887444214,-0.045206078814530495,8.778994008835223e-05
robocasa/RinseBowls,74,8410553,1,learned_wam,8,-0.044267565239134596,-0.044250556204697505,1.7009034437090453e-05
robocasa/RinseBowls,74,8410553,1,learned_physics_score,1,-0.05602308824670384,-0.056661723669230626,0.0006386354225267898
robocasa/RinseBowls,74,8410553,1,learned_physics_score,2,-0.04894953398067893,-0.04930322812878688,0.00035369414810795113
robocasa/RinseBowls,74,8410553,1,learned_physics_score,4,-0.04511828887444214,-0.045206078814530495,8.778994008835223e-05
robocasa/RinseBowls,74,8410553,1,learned_physics_score,8,-0.044267565239134596,-0.044250556204697505,1.7009034437090453e-05
robocasa/RinseBowls,74,8410553,1,learned_energy_regularized,1,-0.05602308824670384,-0.056661723669230626,0.0006386354225267898
robocasa/RinseBowls,74,8410553,1,learned_energy_regularized,2,-0.04947814105227233,-0.04975045190605102,0.0002723108537786914
robocasa/RinseBowls,74,8410553,1,learned_energy_regularized,4,-0.045009959690907646,-0.04519736381249558,0.0001874041215879363
robocasa/RinseBowls,74,8410553,1,learned_energy_regularized,8,-0.04208103247478031,-0.04217561752268419,9.458504790388345e-05
robocasa/RinseBowls,74,8410553,1,oracle_real_utility,1,-0.05602308824670384,-0.056661723669230626,0.0006386354225267898
robocasa/RinseBowls,74,8410553,1,oracle_real_utility,2,-0.04815119417341863,-0.048521919885630586,0.0003707257122119584
robocasa/RinseBowls,74,8410553,1,oracle_real_utility,4,-0.04353731192219355,-0.043571878092951724,3.4566170758171255e-05
robocasa/RinseBowls,74,8410553,1,oracle_real_utility,8,-0.041099185383428605,-0.041072261149594454,2.6924233834151046e-05
robocasa/RinseFragileItem,75,8500549,0,learned_wam,1,-0.059918052456134595,-0.06001946455709725,0.00010141210096265701
robocasa/RinseFragileItem,75,8500549,0,learned_wam,2,-0.05335801268555485,-0.0534124233823113,5.441069675644894e-05
robocasa/RinseFragileItem,75,8500549,0,learned_wam,4,-0.046784574027639664,-0.046272872209611314,0.0005117018180283497
robocasa/RinseFragileItem,75,8500549,0,learned_wam,8,-0.04099881079615504,-0.04078779378803043,0.00021101700812461294
robocasa/RinseFragileItem,75,8500549,0,learned_physics_score,1,-0.059918052456134595,-0.06001946455709725,0.00010141210096265701
robocasa/RinseFragileItem,75,8500549,0,learned_physics_score,2,-0.05335801268555485,-0.0534124233823113,5.441069675644894e-05
robocasa/RinseFragileItem,75,8500549,0,learned_physics_score,4,-0.046784574027639664,-0.046272872209611314,0.0005117018180283497
robocasa/RinseFragileItem,75,8500549,0,learned_physics_score,8,-0.04099881079615504,-0.04078779378803043,0.00021101700812461294
robocasa/RinseFragileItem,75,8500549,0,learned_energy_regularized,1,-0.0599180524561346,-0.06001946455709725,0.00010141210096265008
robocasa/RinseFragileItem,75,8500549,0,learned_energy_regularized,2,-0.05513066016197058,-0.055304543108198954,0.00017388294622837364
robocasa/RinseFragileItem,75,8500549,0,learned_energy_regularized,4,-0.049037516702746226,-0.04831804908510706,0.0007194676176391634
robocasa/RinseFragileItem,75,8500549,0,learned_energy_regularized,8,-0.04233220807394328,-0.042130069495360786,0.00020213857858249196
robocasa/RinseFragileItem,75,8500549,0,oracle_real_utility,1,-0.059918052456134595,-0.06001946455709725,0.00010141210096265701
robocasa/RinseFragileItem,75,8500549,0,oracle_real_utility,2,-0.05261714812635456,-0.052613044379328656,4.103747025904769e-06
robocasa/RinseFragileItem,75,8500549,0,oracle_real_utility,4,-0.04633668659470179,-0.045914238337380495,0.0004224482573212951
robocasa/RinseFragileItem,75,8500549,0,oracle_real_utility,8,-0.040960197028553066,-0.040753266728292804,0.0002069303002602621
robocasa/RinseFragileItem,75,8510556,1,learned_wam,1,-0.06470514821338094,-0.06460895766986127,9.619054351966971e-05
robocasa/RinseFragileItem,75,8510556,1,learned_wam,2,-0.06036351204941057,-0.06037985515288169,1.6343103471122555e-05
robocasa/RinseFragileItem,75,8510556,1,learned_wam,4,-0.057911408279594234,-0.05785101576799589,6.039251159834641e-05
robocasa/RinseFragileItem,75,8510556,1,learned_wam,8,-0.056149411530012405,-0.05618227402259968,3.286249258727808e-05
robocasa/RinseFragileItem,75,8510556,1,learned_physics_score,1,-0.06470514821338094,-0.06460895766986127,9.619054351966971e-05
robocasa/RinseFragileItem,75,8510556,1,learned_physics_score,2,-0.06036351204941057,-0.06037985515288169,1.6343103471122555e-05
robocasa/RinseFragileItem,75,8510556,1,learned_physics_score,4,-0.057911408279594234,-0.05785101576799589,6.039251159834641e-05
robocasa/RinseFragileItem,75,8510556,1,learned_physics_score,8,-0.056149411530012405,-0.05618227402259968,3.286249258727808e-05
robocasa/RinseFragileItem,75,8510556,1,learned_energy_regularized,1,-0.06470514821338094,-0.06460895766986127,9.619054351966971e-05
robocasa/RinseFragileItem,75,8510556,1,learned_energy_regularized,2,-0.060048630323559865,-0.06005249371151372,3.863387953856323e-06
robocasa/RinseFragileItem,75,8510556,1,learned_energy_regularized,4,-0.05759109090106819,-0.057610406564323244,1.931566325505396e-05
robocasa/RinseFragileItem,75,8510556,1,learned_energy_regularized,8,-0.05673649646207636,-0.056749818048059515,1.3321585983154527e-05
robocasa/RinseFragileItem,75,8510556,1,oracle_real_utility,1,-0.06470514821338094,-0.06460895766986127,9.619054351966971e-05
robocasa/RinseFragileItem,75,8510556,1,oracle_real_utility,2,-0.059585188824615484,-0.0595746421558632,1.0546668752282884e-05
robocasa/RinseFragileItem,75,8510556,1,oracle_real_utility,4,-0.05620108257868944,-0.056252066710319674,5.0984131630231466e-05
robocasa/RinseFragileItem,75,8510556,1,oracle_real_utility,8,-0.05454052801306793,-0.05458254302197441,4.2015008906479134e-05
robocasa/WashFish,76,8600552,0,learned_wam,1,-0.05597098190485608,-0.055224874917668455,0.0007461069871876266
robocasa/WashFish,76,8600552,0,learned_wam,2,-0.0452562206891028,-0.0450692331108865,0.0001869875782163008
robocasa/WashFish,76,8600552,0,learned_wam,4,-0.036574958388067874,-0.03704523054364656,0.0004702721555786826
robocasa/WashFish,76,8600552,0,learned_wam,8,-0.029563912038208143,-0.02975206551774382,0.00018815347953567846
robocasa/WashFish,76,8600552,0,learned_physics_score,1,-0.05597098190485608,-0.055224874917668455,0.0007461069871876266
robocasa/WashFish,76,8600552,0,learned_physics_score,2,-0.0452562206891028,-0.0450692331108865,0.0001869875782163008
robocasa/WashFish,76,8600552,0,learned_physics_score,4,-0.036574958388067874,-0.03704523054364656,0.0004702721555786826
robocasa/WashFish,76,8600552,0,learned_physics_score,8,-0.029563912038208143,-0.02975206551774382,0.00018815347953567846
robocasa/WashFish,76,8600552,0,learned_energy_regularized,1,-0.05597098190485608,-0.055224874917668455,0.0007461069871876266
robocasa/WashFish,76,8600552,0,learned_energy_regularized,2,-0.044724661151907014,-0.04455068922521679,0.00017397192669022649
robocasa/WashFish,76,8600552,0,learned_energy_regularized,4,-0.03639299130877804,-0.03688149005382965,0.0004884987450516146
robocasa/WashFish,76,8600552,0,learned_energy_regularized,8,-0.029519002759043768,-0.029698527899976925,0.00017952514093315733
robocasa/WashFish,76,8600552,0,oracle_real_utility,1,-0.05597098190485608,-0.055224874917668455,0.0007461069871876266
robocasa/WashFish,76,8600552,0,oracle_real_utility,2,-0.044125478541754866,-0.04385334054066423,0.0002721380010906327
robocasa/WashFish,76,8600552,0,oracle_real_utility,4,-0.03463135888877723,-0.03512243631889447,0.0004910774301172399
robocasa/WashFish,76,8600552,0,oracle_real_utility,8,-0.027144054434713544,-0.02732133359916037,0.00017727916444682662
robocasa/WashFish,76,8610559,1,learned_wam,1,-0.06058768374647713,-0.06064790830137404,6.0224554896903815e-05
robocasa/WashFish,76,8610559,1,learned_wam,2,-0.05379277307648263,-0.053726223108028354,6.654996845427419e-05
robocasa/WashFish,76,8610559,1,learned_wam,4,-0.049006602600797755,-0.04891919398765133,8.740861314642662e-05
robocasa/WashFish,76,8610559,1,learned_wam,8,-0.0449353791801972,-0.044638225173061756,0.0002971540071354459
robocasa/WashFish,76,8610559,1,learned_physics_score,1,-0.06058768374647713,-0.06064790830137404,6.0224554896903815e-05
robocasa/WashFish,76,8610559,1,learned_physics_score,2,-0.05379277307648263,-0.053726223108028354,6.654996845427419e-05
robocasa/WashFish,76,8610559,1,learned_physics_score,4,-0.049006602600797755,-0.04891919398765133,8.740861314642662e-05
robocasa/WashFish,76,8610559,1,learned_physics_score,8,-0.0449353791801972,-0.044638225173061756,0.0002971540071354459
robocasa/WashFish,76,8610559,1,learned_energy_regularized,1,-0.06058768374647713,-0.06064790830137404,6.0224554896903815e-05
robocasa/WashFish,76,8610559,1,learned_energy_regularized,2,-0.05301092762529683,-0.05286678626592501,0.00014414135937181743
robocasa/WashFish,76,8610559,1,learned_energy_regularized,4,-0.04668798718497757,-0.04648712939936485,0.00020085778561271944
robocasa/WashFish,76,8610559,1,learned_energy_regularized,8,-0.04189178584326014,-0.041556191276391166,0.00033559456686897693
robocasa/WashFish,76,8610559,1,oracle_real_utility,1,-0.06058768374647713,-0.06064790830137404,6.0224554896903815e-05
robocasa/WashFish,76,8610559,1,oracle_real_utility,2,-0.05284843720790959,-0.05268479699845131,0.00016364020945828367
robocasa/WashFish,76,8610559,1,oracle_real_utility,4,-0.04644171264612503,-0.0462687422783964,0.00017297036772863372
robocasa/WashFish,76,8610559,1,oracle_real_utility,8,-0.041809310228841,-0.04149379495611447,0.00031551527272652424
robocasa/WashInSaucepan,77,8700555,0,learned_wam,1,-0.054321062875537465,-0.05453586685094589,0.00021480397540842716
robocasa/WashInSaucepan,77,8700555,0,learned_wam,2,-0.051074094310686276,-0.05054988148302354,0.0005242128276627331
robocasa/WashInSaucepan,77,8700555,0,learned_wam,4,-0.04831034752386727,-0.04823068091551019,7.966660835707906e-05
robocasa/WashInSaucepan,77,8700555,0,learned_wam,8,-0.047447197904927185,-0.04727524310709691,0.000171954797830276
robocasa/WashInSaucepan,77,8700555,0,learned_physics_score,1,-0.054321062875537465,-0.05453586685094589,0.00021480397540842716
robocasa/WashInSaucepan,77,8700555,0,learned_physics_score,2,-0.051074094310686276,-0.05054988148302354,0.0005242128276627331
robocasa/WashInSaucepan,77,8700555,0,learned_physics_score,4,-0.04831034752386727,-0.04823068091551019,7.966660835707906e-05
robocasa/WashInSaucepan,77,8700555,0,learned_physics_score,8,-0.047447197904927185,-0.04727524310709691,0.000171954797830276
robocasa/WashInSaucepan,77,8700555,0,learned_energy_regularized,1,-0.054321062875537465,-0.05453586685094589,0.00021480397540842716
robocasa/WashInSaucepan,77,8700555,0,learned_energy_regularized,2,-0.05056022404881619,-0.050112547159321674,0.0004476768894945138
robocasa/WashInSaucepan,77,8700555,0,learned_energy_regularized,4,-0.04821518056619853,-0.048141451875047314,7.372869115121472e-05
robocasa/WashInSaucepan,77,8700555,0,learned_energy_regularized,8,-0.04744175523390986,-0.04727191831581996,0.0001698369180899023
robocasa/WashInSaucepan,77,8700555,0,oracle_real_utility,1,-0.054321062875537465,-0.05453586685094589,0.00021480397540842716
robocasa/WashInSaucepan,77,8700555,0,oracle_real_utility,2,-0.049351639379353815,-0.048671611293268906,0.0006800280860849092
robocasa/WashInSaucepan,77,8700555,0,oracle_real_utility,4,-0.04473885019849499,-0.0446060244080234,0.0001328257904715871
robocasa/WashInSaucepan,77,8700555,0,oracle_real_utility,8,-0.04051581851059027,-0.0405045202459513,1.1298264638963385e-05
robocasa/WashInSaucepan,77,8710562,1,learned_wam,1,-0.0619841809566803,-0.06235589642962708,0.0003717154729467806
robocasa/WashInSaucepan,77,8710562,1,learned_wam,2,-0.05819903483978531,-0.05802824124280346,0.00017079359698184832
robocasa/WashInSaucepan,77,8710562,1,learned_wam,4,-0.05615014051735305,-0.056186977078490304,3.683656113725314e-05
robocasa/WashInSaucepan,77,8710562,1,learned_wam,8,-0.05423759502318181,-0.05407124308101018,0.00016635194217162752
robocasa/WashInSaucepan,77,8710562,1,learned_physics_score,1,-0.0619841809566803,-0.06235589642962708,0.0003717154729467806
robocasa/WashInSaucepan,77,8710562,1,learned_physics_score,2,-0.05819903483978531,-0.05802824124280346,0.00017079359698184832
robocasa/WashInSaucepan,77,8710562,1,learned_physics_score,4,-0.05615014051735305,-0.056186977078490304,3.683656113725314e-05
robocasa/WashInSaucepan,77,8710562,1,learned_physics_score,8,-0.05423759502318181,-0.05407124308101018,0.00016635194217162752
robocasa/WashInSaucepan,77,8710562,1,learned_energy_regularized,1,-0.0619841809566803,-0.06235589642962708,0.0003717154729467806
robocasa/WashInSaucepan,77,8710562,1,learned_energy_regularized,2,-0.05716207126877279,-0.057165487551721045,3.4162829482542456e-06
robocasa/WashInSaucepan,77,8710562,1,learned_energy_regularized,4,-0.05263418590938871,-0.052304585468619415,0.0003296004407692954
robocasa/WashInSaucepan,77,8710562,1,learned_energy_regularized,8,-0.04870713978582411,-0.048662441094608856,4.469869121525444e-05
robocasa/WashInSaucepan,77,8710562,1,oracle_real_utility,1,-0.0619841809566803,-0.06235589642962708,0.0003717154729467806
robocasa/WashInSaucepan,77,8710562,1,oracle_real_utility,2,-0.05478022133601099,-0.055017407352844855,0.00023718601683386797
robocasa/WashInSaucepan,77,8710562,1,oracle_real_utility,4,-0.04907055885947201,-0.04879670849143066,0.0002738503680413465
robocasa/WashInSaucepan,77,8710562,1,oracle_real_utility,8,-0.04503632936121304,-0.04509904789215557,6.271853094252933e-05
robocasa/GetToastedBread,78,8800558,0,learned_wam,1,-0.05302666553953286,-0.052786648696100086,0.00024001684343277763
robocasa/GetToastedBread,78,8800558,0,learned_wam,2,-0.0473267045195813,-0.047527394911116815,0.0002006903915355157
robocasa/GetToastedBread,78,8800558,0,learned_wam,4,-0.04484717274832939,-0.04495225907915979,0.00010508633083040203
robocasa/GetToastedBread,78,8800558,0,learned_wam,8,-0.04417638521249703,-0.044198487481090704,2.2102268593671148e-05
robocasa/GetToastedBread,78,8800558,0,learned_physics_score,1,-0.05302666553953286,-0.052786648696100086,0.00024001684343277763
robocasa/GetToastedBread,78,8800558,0,learned_physics_score,2,-0.0473267045195813,-0.047527394911116815,0.0002006903915355157
robocasa/GetToastedBread,78,8800558,0,learned_physics_score,4,-0.04484717274832939,-0.04495225907915979,0.00010508633083040203
robocasa/GetToastedBread,78,8800558,0,learned_physics_score,8,-0.04417638521249703,-0.044198487481090704,2.2102268593671148e-05
robocasa/GetToastedBread,78,8800558,0,learned_energy_regularized,1,-0.05302666553953286,-0.052786648696100086,0.00024001684343277763
robocasa/GetToastedBread,78,8800558,0,learned_energy_regularized,2,-0.047064778655199,-0.04739182517452473,0.00032704651932572576
robocasa/GetToastedBread,78,8800558,0,learned_energy_regularized,4,-0.04459067819994943,-0.04463729296937646,4.661476942703635e-05
robocasa/GetToastedBread,78,8800558,0,learned_energy_regularized,8,-0.04454501552913434,-0.04452355651601334,2.1459013120998793e-05
robocasa/GetToastedBread,78,8800558,0,oracle_real_utility,1,-0.05302666553953286,-0.052786648696100086,0.00024001684343277763
robocasa/GetToastedBread,78,8800558,0,oracle_real_utility,2,-0.04660917054752431,-0.0469781819448658,0.0003690113973414885
robocasa/GetToastedBread,78,8800558,0,oracle_real_utility,4,-0.043809036730050634,-0.04383474619712123,2.5709467070596237e-05
robocasa/GetToastedBread,78,8800558,0,oracle_real_utility,8,-0.04321928467965036,-0.04318349430120573,3.579037844463062e-05
robocasa/GetToastedBread,78,8810565,1,learned_wam,1,-0.0554849991101669,-0.055732767471868526,0.00024776836170162936
robocasa/GetToastedBread,78,8810565,1,learned_wam,2,-0.04838239033088956,-0.04768992285333645,0.0006924674775531103
robocasa/GetToastedBread,78,8810565,1,learned_wam,4,-0.044255752556220815,-0.04409063377377964,0.00016511878244117317
robocasa/GetToastedBread,78,8810565,1,learned_wam,8,-0.04386642553409537,-0.04375167912103645,0.0001147464130589193
robocasa/GetToastedBread,78,8810565,1,learned_physics_score,1,-0.0554849991101669,-0.055732767471868526,0.00024776836170162936
robocasa/GetToastedBread,78,8810565,1,learned_physics_score,2,-0.04838239033088956,-0.04768992285333645,0.0006924674775531103
robocasa/GetToastedBread,78,8810565,1,learned_physics_score,4,-0.044255752556220815,-0.04409063377377964,0.00016511878244117317
robocasa/GetToastedBread,78,8810565,1,learned_physics_score,8,-0.04386642553409537,-0.04375167912103645,0.0001147464130589193
robocasa/GetToastedBread,78,8810565,1,learned_energy_regularized,1,-0.0554849991101669,-0.055732767471868526,0.00024776836170162936
robocasa/GetToastedBread,78,8810565,1,learned_energy_regularized,2,-0.04823538408577543,-0.04755350105787053,0.0006818830279048949
robocasa/GetToastedBread,78,8810565,1,learned_energy_regularized,4,-0.04375730950638071,-0.04356846759113423,0.00018884191524647792
robocasa/GetToastedBread,78,8810565,1,learned_energy_regularized,8,-0.043082394656885376,-0.0429284441483973,0.00015395050848807795
robocasa/GetToastedBread,78,8810565,1,oracle_real_utility,1,-0.0554849991101669,-0.055732767471868526,0.00024776836170162936
robocasa/GetToastedBread,78,8810565,1,oracle_real_utility,2,-0.047907045144593735,-0.047241901427749255,0.0006651437168444796
robocasa/GetToastedBread,78,8810565,1,oracle_real_utility,4,-0.042354371811037496,-0.0422751106742454,7.926113679209562e-05
robocasa/GetToastedBread,78,8810565,1,oracle_real_utility,8,-0.03945855925381302,-0.03921596970341517,0.00024258955039785368
robocasa/HeatMug,79,8900561,0,learned_wam,1,-0.05805999483890358,-0.05866282456382531,0.000602829724921726
robocasa/HeatMug,79,8900561,0,learned_wam,2,-0.05091226780891385,-0.051278430314537334,0.0003661625056234838
robocasa/HeatMug,79,8900561,0,learned_wam,4,-0.04603610381672102,-0.04598923708439223,4.6866732328787464e-05
robocasa/HeatMug,79,8900561,0,learned_wam,8,-0.04397180352631616,-0.04399364005822941,2.183653191324686e-05
robocasa/HeatMug,79,8900561,0,learned_physics_score,1,-0.05805999483890358,-0.05866282456382531,0.000602829724921726
robocasa/HeatMug,79,8900561,0,learned_physics_score,2,-0.05091226780891385,-0.051278430314537334,0.0003661625056234838
robocasa/HeatMug,79,8900561,0,learned_physics_score,4,-0.04603610381672102,-0.04598923708439223,4.6866732328787464e-05
robocasa/HeatMug,79,8900561,0,learned_physics_score,8,-0.04397180352631616,-0.04399364005822941,2.183653191324686e-05
robocasa/HeatMug,79,8900561,0,learned_energy_regularized,1,-0.05805999483890358,-0.05866282456382531,0.000602829724921726
robocasa/HeatMug,79,8900561,0,learned_energy_regularized,2,-0.05296525042412267,-0.053537725490126274,0.0005724750660036013
robocasa/HeatMug,79,8900561,0,learned_energy_regularized,4,-0.04881468651343238,-0.0489050310530254,9.034453959301525e-05
robocasa/HeatMug,79,8900561,0,learned_energy_regularized,8,-0.04869469196315444,-0.048771899130928546,7.720716777410291e-05
robocasa/HeatMug,79,8900561,0,oracle_real_utility,1,-0.05805999483890358,-0.05866282456382531,0.000602829724921726
robocasa/HeatMug,79,8900561,0,oracle_real_utility,2,-0.05053878268888807,-0.05086860917402382,0.00032982648513574936
robocasa/HeatMug,79,8900561,0,oracle_real_utility,4,-0.04545614918194582,-0.04534354813532511,0.00011260104662071113
robocasa/HeatMug,79,8900561,0,oracle_real_utility,8,-0.0434504096463954,-0.043491594102892085,4.118445649668734e-05
robocasa/HeatMug,79,8910568,1,learned_wam,1,-0.04889802446903758,-0.04830080451373844,0.0005972199552991345
robocasa/HeatMug,79,8910568,1,learned_wam,2,-0.04412445045860621,-0.044134159472130806,9.709013524594745e-06
robocasa/HeatMug,79,8910568,1,learned_wam,4,-0.039554381163722015,-0.03983015351731566,0.00027577235359364793
robocasa/HeatMug,79,8910568,1,learned_wam,8,-0.03651824055878124,-0.03661915297966896,0.00010091242088772212
robocasa/HeatMug,79,8910568,1,learned_physics_score,1,-0.04889802446903758,-0.04830080451373844,0.0005972199552991345
robocasa/HeatMug,79,8910568,1,learned_physics_score,2,-0.04412445045860621,-0.044134159472130806,9.709013524594745e-06
robocasa/HeatMug,79,8910568,1,learned_physics_score,4,-0.039554381163722015,-0.03983015351731566,0.00027577235359364793
robocasa/HeatMug,79,8910568,1,learned_physics_score,8,-0.03651824055878124,-0.03661915297966896,0.00010091242088772212
robocasa/HeatMug,79,8910568,1,learned_energy_regularized,1,-0.04889802446903758,-0.04830080451373844,0.0005972199552991345
robocasa/HeatMug,79,8910568,1,learned_energy_regularized,2,-0.043947630265498465,-0.043953095594388474,5.465328890008614e-06
robocasa/HeatMug,79,8910568,1,learned_energy_regularized,4,-0.0394853107757893,-0.039750938070803384,0.000265627295014087
robocasa/HeatMug,79,8910568,1,learned_energy_regularized,8,-0.03651620014937209,-0.03661349473348951,9.729458411741887e-05
robocasa/HeatMug,79,8910568,1,oracle_real_utility,1,-0.04889802446903758,-0.04830080451373844,0.0005972199552991345
robocasa/HeatMug,79,8910568,1,oracle_real_utility,2,-0.04296709726471695,-0.042981470183380076,1.4372918663123346e-05
robocasa/HeatMug,79,8910568,1,oracle_real_utility,4,-0.038545295340312334,-0.03877516241707309,0.00022986707676075913
robocasa/HeatMug,79,8910568,1,oracle_real_utility,8,-0.03556159547447448,-0.03562591144823118,6.431597375669562e-05
robocasa/KettleBoiling,80,9000564,0,learned_wam,1,-0.055547374288944684,-0.056137940717682425,0.0005905664287377405
robocasa/KettleBoiling,80,9000564,0,learned_wam,2,-0.05044077171944176,-0.050692498908470225,0.0002517271890284667
robocasa/KettleBoiling,80,9000564,0,learned_wam,4,-0.04499399669495255,-0.0456338839926359,0.0006398872976833489
robocasa/KettleBoiling,80,9000564,0,learned_wam,8,-0.039360101342622994,-0.03941465221132977,5.4550868706773614e-05
robocasa/KettleBoiling,80,9000564,0,learned_physics_score,1,-0.055547374288944684,-0.056137940717682425,0.0005905664287377405
robocasa/KettleBoiling,80,9000564,0,learned_physics_score,2,-0.05044077171944176,-0.050692498908470225,0.0002517271890284667
robocasa/KettleBoiling,80,9000564,0,learned_physics_score,4,-0.04499399669495255,-0.0456338839926359,0.0006398872976833489
robocasa/KettleBoiling,80,9000564,0,learned_physics_score,8,-0.039360101342622994,-0.03941465221132977,5.4550868706773614e-05
robocasa/KettleBoiling,80,9000564,0,learned_energy_regularized,1,-0.055547374288944684,-0.056137940717682425,0.0005905664287377405
robocasa/KettleBoiling,80,9000564,0,learned_energy_regularized,2,-0.04970603077751722,-0.04999792522475285,0.0002918944472356244
robocasa/KettleBoiling,80,9000564,0,learned_energy_regularized,4,-0.04441434659421621,-0.044931166681171024,0.0005168200869548126
robocasa/KettleBoiling,80,9000564,0,learned_energy_regularized,8,-0.0391951773415224,-0.039272822632887144,7.764529136474602e-05
robocasa/KettleBoiling,80,9000564,0,oracle_real_utility,1,-0.055547374288944684,-0.056137940717682425,0.0005905664287377405
robocasa/KettleBoiling,80,9000564,0,oracle_real_utility,2,-0.049508206071807906,-0.049766447426231646,0.0002582413544237397
robocasa/KettleBoiling,80,9000564,0,oracle_real_utility,4,-0.04420829332952331,-0.044678662370018545,0.00047036904049523737
robocasa/KettleBoiling,80,9000564,0,oracle_real_utility,8,-0.03912041310339952,-0.0391853106714394,6.489756803988028e-05
robocasa/KettleBoiling,80,9010571,1,learned_wam,1,-0.05630528429390072,-0.056585161373147175,0.00027987707924645444
robocasa/KettleBoiling,80,9010571,1,learned_wam,2,-0.05172495127222651,-0.05268436160577455,0.0009594103335480372
robocasa/KettleBoiling,80,9010571,1,learned_wam,4,-0.047588184328935065,-0.04778760581794547,0.0001994214890104068
robocasa/KettleBoiling,80,9010571,1,learned_wam,8,-0.04546855682330199,-0.045468370490291565,1.863330104240335e-07
robocasa/KettleBoiling,80,9010571,1,learned_physics_score,1,-0.05630528429390072,-0.056585161373147175,0.00027987707924645444
robocasa/KettleBoiling,80,9010571,1,learned_physics_score,2,-0.05172495127222651,-0.05268436160577455,0.0009594103335480372
robocasa/KettleBoiling,80,9010571,1,learned_physics_score,4,-0.047588184328935065,-0.04778760581794547,0.0001994214890104068
robocasa/KettleBoiling,80,9010571,1,learned_physics_score,8,-0.04546855682330199,-0.045468370490291565,1.863330104240335e-07
robocasa/KettleBoiling,80,9010571,1,learned_energy_regularized,1,-0.05630528429390072,-0.056585161373147175,0.00027987707924645444
robocasa/KettleBoiling,80,9010571,1,learned_energy_regularized,2,-0.05172495127222651,-0.05268436160577455,0.0009594103335480372
robocasa/KettleBoiling,80,9010571,1,learned_energy_regularized,4,-0.047588184328935065,-0.04778760581794547,0.0001994214890104068
robocasa/KettleBoiling,80,9010571,1,learned_energy_regularized,8,-0.04546855682330199,-0.045468370490291565,1.863330104240335e-07
robocasa/KettleBoiling,80,9010571,1,oracle_real_utility,1,-0.056305284293900706,-0.056585161373147175,0.0002798770792464683
robocasa/KettleBoiling,80,9010571,1,oracle_real_utility,2,-0.04980183652689113,-0.05033586115375377,0.0005340246268626392
robocasa/KettleBoiling,80,9010571,1,oracle_real_utility,4,-0.04548007329451487,-0.045481204639851454,1.1313453365871529e-06
robocasa/KettleBoiling,80,9010571,1,oracle_real_utility,8,-0.04290251718831822,-0.04290132764835893,1.1895399592912193e-06
robocasa/MicrowaveCorrectMeal,81,9100567,0,learned_wam,1,-0.04464552823385491,-0.04490812009130894,0.0002625918574540309
robocasa/MicrowaveCorrectMeal,81,9100567,0,learned_wam,2,-0.040352294042111804,-0.04042806780402243,7.577376191062607e-05
robocasa/MicrowaveCorrectMeal,81,9100567,0,learned_wam,4,-0.03953065414736563,-0.03975253743879086,0.00022188329142523028
robocasa/MicrowaveCorrectMeal,81,9100567,0,learned_wam,8,-0.040196678241445294,-0.04010103260856309,9.564563288220335e-05
robocasa/MicrowaveCorrectMeal,81,9100567,0,learned_physics_score,1,-0.04464552823385491,-0.04490812009130894,0.0002625918574540309
robocasa/MicrowaveCorrectMeal,81,9100567,0,learned_physics_score,2,-0.040352294042111804,-0.04042806780402243,7.577376191062607e-05
robocasa/MicrowaveCorrectMeal,81,9100567,0,learned_physics_score,4,-0.03953065414736563,-0.03975253743879086,0.00022188329142523028
robocasa/MicrowaveCorrectMeal,81,9100567,0,learned_physics_score,8,-0.040196678241445294,-0.04010103260856309,9.564563288220335e-05
robocasa/MicrowaveCorrectMeal,81,9100567,0,learned_energy_regularized,1,-0.044645528233854904,-0.04490812009130894,0.00026259185745403785
robocasa/MicrowaveCorrectMeal,81,9100567,0,learned_energy_regularized,2,-0.04199541271466544,-0.04185099002454778,0.00014442269011766262
robocasa/MicrowaveCorrectMeal,81,9100567,0,learned_energy_regularized,4,-0.04197181984282787,-0.04216205158549347,0.00019023174266560167
robocasa/MicrowaveCorrectMeal,81,9100567,0,learned_energy_regularized,8,-0.04171471062155045,-0.041636777032253665,7.793358929678723e-05
robocasa/MicrowaveCorrectMeal,81,9100567,0,oracle_real_utility,1,-0.04464552823385491,-0.04490812009130894,0.0002625918574540309
robocasa/MicrowaveCorrectMeal,81,9100567,0,oracle_real_utility,2,-0.03711869745713649,-0.037302622280699256,0.00018392482356276857
robocasa/MicrowaveCorrectMeal,81,9100567,0,oracle_real_utility,4,-0.03305858455110937,-0.033113873530597186,5.52889794878178e-05
robocasa/MicrowaveCorrectMeal,81,9100567,0,oracle_real_utility,8,-0.03066518364046313,-0.0307792237641144,0.00011404012365127253
robocasa/MicrowaveCorrectMeal,81,9110574,1,learned_wam,1,-0.04905007570549164,-0.04906042944861365,1.0353743122006043e-05
robocasa/MicrowaveCorrectMeal,81,9110574,1,learned_wam,2,-0.04529090124365538,-0.045346166994256754,5.526575060137151e-05
robocasa/MicrowaveCorrectMeal,81,9110574,1,learned_wam,4,-0.041044234323944995,-0.04116463217681819,0.00012039785287319693
robocasa/MicrowaveCorrectMeal,81,9110574,1,learned_wam,8,-0.03835130064895348,-0.038166557767454534,0.0001847428814989449
robocasa/MicrowaveCorrectMeal,81,9110574,1,learned_physics_score,1,-0.04905007570549164,-0.04906042944861365,1.0353743122006043e-05
robocasa/MicrowaveCorrectMeal,81,9110574,1,learned_physics_score,2,-0.04529090124365538,-0.045346166994256754,5.526575060137151e-05
robocasa/MicrowaveCorrectMeal,81,9110574,1,learned_physics_score,4,-0.041044234323944995,-0.04116463217681819,0.00012039785287319693
robocasa/MicrowaveCorrectMeal,81,9110574,1,learned_physics_score,8,-0.03835130064895348,-0.038166557767454534,0.0001847428814989449
robocasa/MicrowaveCorrectMeal,81,9110574,1,learned_energy_regularized,1,-0.04905007570549164,-0.04906042944861365,1.0353743122006043e-05
robocasa/MicrowaveCorrectMeal,81,9110574,1,learned_energy_regularized,2,-0.04700314333480829,-0.046823040245434225,0.0001801030893740646
robocasa/MicrowaveCorrectMeal,81,9110574,1,learned_energy_regularized,4,-0.04620167665044306,-0.0462130899312439,1.1413280800842696e-05
robocasa/MicrowaveCorrectMeal,81,9110574,1,learned_energy_regularized,8,-0.04514495300359498,-0.04516094659128975,1.599358769476672e-05
robocasa/MicrowaveCorrectMeal,81,9110574,1,oracle_real_utility,1,-0.04905007570549165,-0.04906042944861365,1.0353743121999104e-05
robocasa/MicrowaveCorrectMeal,81,9110574,1,oracle_real_utility,2,-0.043444557506670374,-0.043492548289399864,4.799078272949009e-05
robocasa/MicrowaveCorrectMeal,81,9110574,1,oracle_real_utility,4,-0.038755707629893825,-0.0388902519117204,0.0001345442818265763
robocasa/MicrowaveCorrectMeal,81,9110574,1,oracle_real_utility,8,-0.03545989705150379,-0.0353018413801898,0.00015805567131399467
robocasa/PlaceMicrowaveSafeItem,82,9200570,0,learned_wam,1,-0.04790801487479936,-0.048265063173962654,0.000357048299163297
robocasa/PlaceMicrowaveSafeItem,82,9200570,0,learned_wam,2,-0.03889329998519301,-0.038165269577909805,0.0007280304072832047
robocasa/PlaceMicrowaveSafeItem,82,9200570,0,learned_wam,4,-0.03434408309282161,-0.03435252175186926,8.438659047649288e-06
robocasa/PlaceMicrowaveSafeItem,82,9200570,0,learned_wam,8,-0.033379756122364164,-0.03338610899741772,6.3528750535585266e-06
robocasa/PlaceMicrowaveSafeItem,82,9200570,0,learned_physics_score,1,-0.04790801487479936,-0.048265063173962654,0.000357048299163297
robocasa/PlaceMicrowaveSafeItem,82,9200570,0,learned_physics_score,2,-0.03889329998519301,-0.038165269577909805,0.0007280304072832047
robocasa/PlaceMicrowaveSafeItem,82,9200570,0,learned_physics_score,4,-0.03434408309282161,-0.03435252175186926,8.438659047649288e-06
robocasa/PlaceMicrowaveSafeItem,82,9200570,0,learned_physics_score,8,-0.033379756122364164,-0.03338610899741772,6.3528750535585266e-06
robocasa/PlaceMicrowaveSafeItem,82,9200570,0,learned_energy_regularized,1,-0.04790801487479936,-0.048265063173962654,0.000357048299163297
robocasa/PlaceMicrowaveSafeItem,82,9200570,0,learned_energy_regularized,2,-0.038995972533406816,-0.03825661142702406,0.0007393611063827576
robocasa/PlaceMicrowaveSafeItem,82,9200570,0,learned_energy_regularized,4,-0.034871732406461645,-0.03482521102756452,4.652137889712277e-05
robocasa/PlaceMicrowaveSafeItem,82,9200570,0,learned_energy_regularized,8,-0.034959707124107675,-0.03491795785242986,4.174927167781284e-05
robocasa/PlaceMicrowaveSafeItem,82,9200570,0,oracle_real_utility,1,-0.04790801487479936,-0.048265063173962654,0.000357048299163297
robocasa/PlaceMicrowaveSafeItem,82,9200570,0,oracle_real_utility,2,-0.03843593263280278,-0.03764063290652395,0.0007952997262788281
robocasa/PlaceMicrowaveSafeItem,82,9200570,0,oracle_real_utility,4,-0.03326157497099312,-0.03336804843094391,0.00010647345995078855
robocasa/PlaceMicrowaveSafeItem,82,9200570,0,oracle_real_utility,8,-0.03126869357360481,-0.031304741114454554,3.604754084974432e-05
robocasa/PlaceMicrowaveSafeItem,82,9210577,1,learned_wam,1,-0.05907305873916628,-0.05870277924063513,0.00037027949853114805
robocasa/PlaceMicrowaveSafeItem,82,9210577,1,learned_wam,2,-0.044406887918260876,-0.046248769347215536,0.00184188142895466
robocasa/PlaceMicrowaveSafeItem,82,9210577,1,learned_wam,4,-0.033769133301748175,-0.034152615874573765,0.00038348257282559
robocasa/PlaceMicrowaveSafeItem,82,9210577,1,learned_wam,8,-0.028681301515245967,-0.028615878170786844,6.54233444591229e-05
robocasa/PlaceMicrowaveSafeItem,82,9210577,1,learned_physics_score,1,-0.05907305873916628,-0.05870277924063513,0.00037027949853114805
robocasa/PlaceMicrowaveSafeItem,82,9210577,1,learned_physics_score,2,-0.044406887918260876,-0.046248769347215536,0.00184188142895466
robocasa/PlaceMicrowaveSafeItem,82,9210577,1,learned_physics_score,4,-0.033769133301748175,-0.034152615874573765,0.00038348257282559
robocasa/PlaceMicrowaveSafeItem,82,9210577,1,learned_physics_score,8,-0.028681301515245967,-0.028615878170786844,6.54233444591229e-05
robocasa/PlaceMicrowaveSafeItem,82,9210577,1,learned_energy_regularized,1,-0.05907305873916628,-0.05870277924063513,0.00037027949853114805
robocasa/PlaceMicrowaveSafeItem,82,9210577,1,learned_energy_regularized,2,-0.045839386248942536,-0.04786328772757855,0.0020239014786360143
robocasa/PlaceMicrowaveSafeItem,82,9210577,1,learned_energy_regularized,4,-0.03457362542829644,-0.03483417594051511,0.0002605505122186755
robocasa/PlaceMicrowaveSafeItem,82,9210577,1,learned_energy_regularized,8,-0.028768349441340914,-0.02875407819673457,1.4271244606345324e-05
robocasa/PlaceMicrowaveSafeItem,82,9210577,1,oracle_real_utility,1,-0.05907305873916628,-0.05870277924063513,0.00037027949853114805
robocasa/PlaceMicrowaveSafeItem,82,9210577,1,oracle_real_utility,2,-0.04422561076418424,-0.046028336327858355,0.0018027255636741124
robocasa/PlaceMicrowaveSafeItem,82,9210577,1,oracle_real_utility,4,-0.03369832191343699,-0.03406560284061697,0.0003672809271799832
robocasa/PlaceMicrowaveSafeItem,82,9210577,1,oracle_real_utility,8,-0.02867920967491744,-0.028615878170786844,6.333150413059471e-05
robocasa/PrepareToast,83,9300573,0,learned_wam,1,-0.05446073585340244,-0.054520457768928825,5.972191552638256e-05
robocasa/PrepareToast,83,9300573,0,learned_wam,2,-0.052379632354269345,-0.05351244728588705,0.0011328149316177025
robocasa/PrepareToast,83,9300573,0,learned_wam,4,-0.04911784570988105,-0.049491543584988834,0.00037369787510778407
robocasa/PrepareToast,83,9300573,0,learned_wam,8,-0.04450693399851069,-0.04405919582789348,0.00044773817061721094
robocasa/PrepareToast,83,9300573,0,learned_physics_score,1,-0.05446073585340244,-0.054520457768928825,5.972191552638256e-05
robocasa/PrepareToast,83,9300573,0,learned_physics_score,2,-0.052379632354269345,-0.05351244728588705,0.0011328149316177025
robocasa/PrepareToast,83,9300573,0,learned_physics_score,4,-0.04911784570988105,-0.049491543584988834,0.00037369787510778407
robocasa/PrepareToast,83,9300573,0,learned_physics_score,8,-0.04450693399851069,-0.04405919582789348,0.00044773817061721094
robocasa/PrepareToast,83,9300573,0,learned_energy_regularized,1,-0.05446073585340244,-0.054520457768928825,5.972191552638256e-05
robocasa/PrepareToast,83,9300573,0,learned_energy_regularized,2,-0.05050442403910841,-0.05143830040446738,0.0009338763653589724
robocasa/PrepareToast,83,9300573,0,learned_energy_regularized,4,-0.04651765285958104,-0.04696933064320031,0.0004516777836192712
robocasa/PrepareToast,83,9300573,0,learned_energy_regularized,8,-0.04296982557059512,-0.04254667991390668,0.0004231456566884395
robocasa/PrepareToast,83,9300573,0,oracle_real_utility,1,-0.05446073585340244,-0.054520457768928825,5.972191552638256e-05
robocasa/PrepareToast,83,9300573,0,oracle_real_utility,2,-0.048091252690537004,-0.04887210046437142,0.0007808477738344144
robocasa/PrepareToast,83,9300573,0,oracle_real_utility,4,-0.04239066136444937,-0.04274104864541815,0.0003503872809687836
robocasa/PrepareToast,83,9300573,0,oracle_real_utility,8,-0.03857980081577311,-0.038694109431053864,0.00011430861528075043
robocasa/PrepareToast,83,9310580,1,learned_wam,1,-0.050447931866431095,-0.05028971622471613,0.00015821564171496216
robocasa/PrepareToast,83,9310580,1,learned_wam,2,-0.046324464606396144,-0.04632361402983824,8.505765579022717e-07
robocasa/PrepareToast,83,9310580,1,learned_wam,4,-0.04268767242291785,-0.04289017172012708,0.00020249929720923127
robocasa/PrepareToast,83,9310580,1,learned_wam,8,-0.04006801146882799,-0.04015979738097377,9.178591214577952e-05
robocasa/PrepareToast,83,9310580,1,learned_physics_score,1,-0.050447931866431095,-0.05028971622471613,0.00015821564171496216
robocasa/PrepareToast,83,9310580,1,learned_physics_score,2,-0.046324464606396144,-0.04632361402983824,8.505765579022717e-07
robocasa/PrepareToast,83,9310580,1,learned_physics_score,4,-0.04268767242291785,-0.04289017172012708,0.00020249929720923127
robocasa/PrepareToast,83,9310580,1,learned_physics_score,8,-0.04006801146882799,-0.04015979738097377,9.178591214577952e-05
robocasa/PrepareToast,83,9310580,1,learned_energy_regularized,1,-0.050447931866431095,-0.05028971622471613,0.00015821564171496216
robocasa/PrepareToast,83,9310580,1,learned_energy_regularized,2,-0.046198940011061444,-0.046220440901275923,2.1500890214479207e-05
robocasa/PrepareToast,83,9310580,1,learned_energy_regularized,4,-0.04258013192514329,-0.04274338089096259,0.00016324896581930426
robocasa/PrepareToast,83,9310580,1,learned_energy_regularized,8,-0.040064263251459925,-0.04015979738097377,9.553412951384538e-05
robocasa/PrepareToast,83,9310580,1,oracle_real_utility,1,-0.050447931866431095,-0.05028971622471613,0.00015821564171496216
robocasa/PrepareToast,83,9310580,1,oracle_real_utility,2,-0.045648745930226435,-0.04566818625773591,1.9440327509473443e-05
robocasa/PrepareToast,83,9310580,1,oracle_real_utility,4,-0.04212151267204381,-0.04228990400552162,0.0001683913334778117
robocasa/PrepareToast,83,9310580,1,oracle_real_utility,8,-0.039881307170565455,-0.039983292614429344,0.00010198544386388897
robocasa/ReturnHeatedFood,84,9400576,0,learned_wam,1,-0.05479121665602761,-0.05479016578863357,1.0508673940409774e-06
robocasa/ReturnHeatedFood,84,9400576,0,learned_wam,2,-0.05288010199021187,-0.052573956458382524,0.0003061455318293452
robocasa/ReturnHeatedFood,84,9400576,0,learned_wam,4,-0.04959134701953326,-0.04976885197419208,0.00017750495465881921
robocasa/ReturnHeatedFood,84,9400576,0,learned_wam,8,-0.045527570576244125,-0.04547045055350851,5.7120022735612785e-05
robocasa/ReturnHeatedFood,84,9400576,0,learned_physics_score,1,-0.05479121665602761,-0.05479016578863357,1.0508673940409774e-06
robocasa/ReturnHeatedFood,84,9400576,0,learned_physics_score,2,-0.05288010199021187,-0.052573956458382524,0.0003061455318293452
robocasa/ReturnHeatedFood,84,9400576,0,learned_physics_score,4,-0.04959134701953326,-0.04976885197419208,0.00017750495465881921
robocasa/ReturnHeatedFood,84,9400576,0,learned_physics_score,8,-0.045527570576244125,-0.04547045055350851,5.7120022735612785e-05
robocasa/ReturnHeatedFood,84,9400576,0,learned_energy_regularized,1,-0.05479121665602761,-0.05479016578863357,1.0508673940409774e-06
robocasa/ReturnHeatedFood,84,9400576,0,learned_energy_regularized,2,-0.052757869391307236,-0.052465111247953944,0.00029275814335329164
robocasa/ReturnHeatedFood,84,9400576,0,learned_energy_regularized,4,-0.04926028914246709,-0.04944515688164113,0.0001848677391740397
robocasa/ReturnHeatedFood,84,9400576,0,learned_energy_regularized,8,-0.045235546300948476,-0.045196125845589324,3.942045535915151e-05
robocasa/ReturnHeatedFood,84,9400576,0,oracle_real_utility,1,-0.054791216656027604,-0.05479016578863357,1.0508673940340385e-06
robocasa/ReturnHeatedFood,84,9400576,0,oracle_real_utility,2,-0.05123664524248303,-0.05108896595604883,0.00014767928643420053
robocasa/ReturnHeatedFood,84,9400576,0,oracle_real_utility,4,-0.04801891097249815,-0.04816281448806855,0.00014390351557039965
robocasa/ReturnHeatedFood,84,9400576,0,oracle_real_utility,8,-0.04451845940175389,-0.04452261221819917,4.152816445279761e-06
robocasa/ReturnHeatedFood,84,9410583,1,learned_wam,1,-0.043848697545630734,-0.04414593327424403,0.00029723572861329456
robocasa/ReturnHeatedFood,84,9410583,1,learned_wam,2,-0.03774304801844737,-0.037516901900049186,0.0002261461183981836
robocasa/ReturnHeatedFood,84,9410583,1,learned_wam,4,-0.03381227843354634,-0.03367728993096898,0.00013498850257735728
robocasa/ReturnHeatedFood,84,9410583,1,learned_wam,8,-0.030628524452026407,-0.030427335717339552,0.00020118873468685447
robocasa/ReturnHeatedFood,84,9410583,1,learned_physics_score,1,-0.043848697545630734,-0.04414593327424403,0.00029723572861329456
robocasa/ReturnHeatedFood,84,9410583,1,learned_physics_score,2,-0.03774304801844737,-0.037516901900049186,0.0002261461183981836
robocasa/ReturnHeatedFood,84,9410583,1,learned_physics_score,4,-0.03381227843354634,-0.03367728993096898,0.00013498850257735728
robocasa/ReturnHeatedFood,84,9410583,1,learned_physics_score,8,-0.030628524452026407,-0.030427335717339552,0.00020118873468685447
robocasa/ReturnHeatedFood,84,9410583,1,learned_energy_regularized,1,-0.04384869754563073,-0.04414593327424403,0.0002972357286133015
robocasa/ReturnHeatedFood,84,9410583,1,learned_energy_regularized,2,-0.037937402073436814,-0.03773566065979294,0.00020174141364387443
robocasa/ReturnHeatedFood,84,9410583,1,learned_energy_regularized,4,-0.03412288973838316,-0.03393170880695807,0.00019118093142508896
robocasa/ReturnHeatedFood,84,9410583,1,learned_energy_regularized,8,-0.03073424700334106,-0.03054082221791375,0.00019342478542731106
robocasa/ReturnHeatedFood,84,9410583,1,oracle_real_utility,1,-0.043848697545630734,-0.04414593327424403,0.00029723572861329456
robocasa/ReturnHeatedFood,84,9410583,1,oracle_real_utility,2,-0.037645739267399704,-0.037425125365584296,0.00022061390181540852
robocasa/ReturnHeatedFood,84,9410583,1,oracle_real_utility,4,-0.033667943580803335,-0.033528924495382854,0.00013901908542048036
robocasa/ReturnHeatedFood,84,9410583,1,oracle_real_utility,8,-0.030537241021885878,-0.03035025747965126,0.00018698354223461652
robocasa/ToastBaguette,85,9500579,0,learned_wam,1,-0.0563930500775552,-0.05625169624778907,0.00014135382976612765
robocasa/ToastBaguette,85,9500579,0,learned_wam,2,-0.04752395216606763,-0.04773391877862324,0.00020996661255560933
robocasa/ToastBaguette,85,9500579,0,learned_wam,4,-0.042176238685218234,-0.04247045049894449,0.0002942118137262556
robocasa/ToastBaguette,85,9500579,0,learned_wam,8,-0.0383858916280896,-0.03821765267396009,0.00016823895412951262
robocasa/ToastBaguette,85,9500579,0,learned_physics_score,1,-0.0563930500775552,-0.05625169624778907,0.00014135382976612765
robocasa/ToastBaguette,85,9500579,0,learned_physics_score,2,-0.04752395216606763,-0.04773391877862324,0.00020996661255560933
robocasa/ToastBaguette,85,9500579,0,learned_physics_score,4,-0.042176238685218234,-0.04247045049894449,0.0002942118137262556
robocasa/ToastBaguette,85,9500579,0,learned_physics_score,8,-0.0383858916280896,-0.03821765267396009,0.00016823895412951262
robocasa/ToastBaguette,85,9500579,0,learned_energy_regularized,1,-0.0563930500775552,-0.05625169624778907,0.00014135382976612765
robocasa/ToastBaguette,85,9500579,0,learned_energy_regularized,2,-0.04748530444169148,-0.04768159604837752,0.00019629160668603596
robocasa/ToastBaguette,85,9500579,0,learned_energy_regularized,4,-0.04208756360064282,-0.04236913503130895,0.00028157143066612905
robocasa/ToastBaguette,85,9500579,0,learned_energy_regularized,8,-0.038347602473826105,-0.03816673024544844,0.0001808722283776626
robocasa/ToastBaguette,85,9500579,0,oracle_real_utility,1,-0.0563930500775552,-0.05625169624778907,0.00014135382976612765
robocasa/ToastBaguette,85,9500579,0,oracle_real_utility,2,-0.04711082015540531,-0.04738958897102781,0.0002787688156224988
robocasa/ToastBaguette,85,9500579,0,oracle_real_utility,4,-0.040933926379965305,-0.04122265595747206,0.0002887295775067522
robocasa/ToastBaguette,85,9500579,0,oracle_real_utility,8,-0.036590369861891736,-0.03657297630272767,1.7393559164066708e-05
robocasa/ToastBaguette,85,9510586,1,learned_wam,1,-0.051428543993251745,-0.051840612631877975,0.00041206863862622983
robocasa/ToastBaguette,85,9510586,1,learned_wam,2,-0.044477522639131385,-0.04463263702613422,0.00015511438700283736
robocasa/ToastBaguette,85,9510586,1,learned_wam,4,-0.04023900418530976,-0.03997869614572805,0.00026030803958171367
robocasa/ToastBaguette,85,9510586,1,learned_wam,8,-0.0381236762231626,-0.03809704642044289,2.6629802719710383e-05
robocasa/ToastBaguette,85,9510586,1,learned_physics_score,1,-0.051428543993251745,-0.051840612631877975,0.00041206863862622983
robocasa/ToastBaguette,85,9510586,1,learned_physics_score,2,-0.044477522639131385,-0.04463263702613422,0.00015511438700283736
robocasa/ToastBaguette,85,9510586,1,learned_physics_score,4,-0.04023900418530976,-0.03997869614572805,0.00026030803958171367
robocasa/ToastBaguette,85,9510586,1,learned_physics_score,8,-0.0381236762231626,-0.03809704642044289,2.6629802719710383e-05
robocasa/ToastBaguette,85,9510586,1,learned_energy_regularized,1,-0.051428543993251745,-0.051840612631877975,0.00041206863862622983
robocasa/ToastBaguette,85,9510586,1,learned_energy_regularized,2,-0.04455056603686563,-0.04470743346541409,0.00015686742854845864
robocasa/ToastBaguette,85,9510586,1,learned_energy_regularized,4,-0.04030177585523763,-0.040044143030097935,0.0002576328251396934
robocasa/ToastBaguette,85,9510586,1,learned_energy_regularized,8,-0.03813101416673305,-0.03810639597535288,2.4618191380165744e-05
robocasa/ToastBaguette,85,9510586,1,oracle_real_utility,1,-0.051428543993251745,-0.051840612631877975,0.00041206863862622983
robocasa/ToastBaguette,85,9510586,1,oracle_real_utility,2,-0.044477522639131385,-0.04463263702613422,0.00015511438700283736
robocasa/ToastBaguette,85,9510586,1,oracle_real_utility,4,-0.04023900418530976,-0.03997869614572805,0.00026030803958171367
robocasa/ToastBaguette,85,9510586,1,oracle_real_utility,8,-0.0381236762231626,-0.03809704642044289,2.6629802719710383e-05
robocasa/TurnOffMicrowave,86,9600582,0,learned_wam,1,-0.050011671870304246,-0.049916358354449304,9.531351585494174e-05
robocasa/TurnOffMicrowave,86,9600582,0,learned_wam,2,-0.04825861651240581,-0.04800554211187453,0.0002530744005312807
robocasa/TurnOffMicrowave,86,9600582,0,learned_wam,4,-0.045787122726305376,-0.04589680373961941,0.0001096810133140308
robocasa/TurnOffMicrowave,86,9600582,0,learned_wam,8,-0.04378383803686591,-0.04387780797884084,9.396994197492792e-05
robocasa/TurnOffMicrowave,86,9600582,0,learned_physics_score,1,-0.050011671870304246,-0.049916358354449304,9.531351585494174e-05
robocasa/TurnOffMicrowave,86,9600582,0,learned_physics_score,2,-0.04825861651240581,-0.04800554211187453,0.0002530744005312807
robocasa/TurnOffMicrowave,86,9600582,0,learned_physics_score,4,-0.045787122726305376,-0.04589680373961941,0.0001096810133140308
robocasa/TurnOffMicrowave,86,9600582,0,learned_physics_score,8,-0.04378383803686591,-0.04387780797884084,9.396994197492792e-05
robocasa/TurnOffMicrowave,86,9600582,0,learned_energy_regularized,1,-0.050011671870304246,-0.049916358354449304,9.531351585494174e-05
robocasa/TurnOffMicrowave,86,9600582,0,learned_energy_regularized,2,-0.04780841781827827,-0.04760766295472766,0.0002007548635506104
robocasa/TurnOffMicrowave,86,9600582,0,learned_energy_regularized,4,-0.046236590702259106,-0.04624353796169693,6.9472594378255925e-06
robocasa/TurnOffMicrowave,86,9600582,0,learned_energy_regularized,8,-0.04442613854589246,-0.04447619653008054,5.005798418807744e-05
robocasa/TurnOffMicrowave,86,9600582,0,oracle_real_utility,1,-0.050011671870304246,-0.049916358354449304,9.531351585494174e-05
robocasa/TurnOffMicrowave,86,9600582,0,oracle_real_utility,2,-0.046210671075974125,-0.0460913788003449,0.00011929227562922778
robocasa/TurnOffMicrowave,86,9600582,0,oracle_real_utility,4,-0.043908810201832196,-0.04399782970900758,8.901950717538076e-05
robocasa/TurnOffMicrowave,86,9600582,0,oracle_real_utility,8,-0.04276292392677953,-0.04277901432184967,1.609039507013965e-05
robocasa/TurnOffMicrowave,86,9610589,1,learned_wam,1,-0.0498409296877192,-0.05022472110175618,0.0003837914140369797
robocasa/TurnOffMicrowave,86,9610589,1,learned_wam,2,-0.045313020754077706,-0.04597195547268507,0.000658934718607361
robocasa/TurnOffMicrowave,86,9610589,1,learned_wam,4,-0.04163132110474061,-0.04143723374136505,0.00019408736337556132
robocasa/TurnOffMicrowave,86,9610589,1,learned_wam,8,-0.03918263264304945,-0.03904928964924077,0.00013334299380867581
robocasa/TurnOffMicrowave,86,9610589,1,learned_physics_score,1,-0.0498409296877192,-0.05022472110175618,0.0003837914140369797
robocasa/TurnOffMicrowave,86,9610589,1,learned_physics_score,2,-0.045313020754077706,-0.04597195547268507,0.000658934718607361
robocasa/TurnOffMicrowave,86,9610589,1,learned_physics_score,4,-0.04163132110474061,-0.04143723374136505,0.00019408736337556132
robocasa/TurnOffMicrowave,86,9610589,1,learned_physics_score,8,-0.03918263264304945,-0.03904928964924077,0.00013334299380867581
robocasa/TurnOffMicrowave,86,9610589,1,learned_energy_regularized,1,-0.0498409296877192,-0.05022472110175618,0.0003837914140369797
robocasa/TurnOffMicrowave,86,9610589,1,learned_energy_regularized,2,-0.044808015234897115,-0.04542047844607859,0.0006124632111814757
robocasa/TurnOffMicrowave,86,9610589,1,learned_energy_regularized,4,-0.03991050742315943,-0.039647696074052705,0.0002628113491067244
robocasa/TurnOffMicrowave,86,9610589,1,learned_energy_regularized,8,-0.03738635500706694,-0.03737889076905609,7.464238010852775e-06
robocasa/TurnOffMicrowave,86,9610589,1,oracle_real_utility,1,-0.04984092968771919,-0.05022472110175618,0.00038379141403698663
robocasa/TurnOffMicrowave,86,9610589,1,oracle_real_utility,2,-0.04420237137932469,-0.044796235692701226,0.0005938643133765395
robocasa/TurnOffMicrowave,86,9610589,1,oracle_real_utility,4,-0.039216263028242423,-0.038921525789677044,0.00029473723856537903
robocasa/TurnOffMicrowave,86,9610589,1,oracle_real_utility,8,-0.03650615019023701,-0.03643963775889601,6.651243134099538e-05
robocasa/AddIceCubes,87,9700585,0,learned_wam,1,-0.048277411274161956,-0.04715573753888785,0.001121673735274109
robocasa/AddIceCubes,87,9700585,0,learned_wam,2,-0.04058491359551417,-0.04023317781342755,0.0003517357820866235
robocasa/AddIceCubes,87,9700585,0,learned_wam,4,-0.03563561288011828,-0.03495907736311469,0.0006765355170035917
robocasa/AddIceCubes,87,9700585,0,learned_wam,8,-0.03124163217063322,-0.031412052340874616,0.00017042017024139489
robocasa/AddIceCubes,87,9700585,0,learned_physics_score,1,-0.048277411274161956,-0.04715573753888785,0.001121673735274109
robocasa/AddIceCubes,87,9700585,0,learned_physics_score,2,-0.04058491359551417,-0.04023317781342755,0.0003517357820866235
robocasa/AddIceCubes,87,9700585,0,learned_physics_score,4,-0.03563561288011828,-0.03495907736311469,0.0006765355170035917
robocasa/AddIceCubes,87,9700585,0,learned_physics_score,8,-0.03124163217063322,-0.031412052340874616,0.00017042017024139489
robocasa/AddIceCubes,87,9700585,0,learned_energy_regularized,1,-0.048277411274161956,-0.04715573753888785,0.001121673735274109
robocasa/AddIceCubes,87,9700585,0,learned_energy_regularized,2,-0.04185268136024909,-0.04153513967298466,0.00031754168726443044
robocasa/AddIceCubes,87,9700585,0,learned_energy_regularized,4,-0.036528843760654586,-0.03572020471068189,0.0008086390499726995
robocasa/AddIceCubes,87,9700585,0,learned_energy_regularized,8,-0.031357104909119575,-0.03156197803504281,0.00020487312592323836
robocasa/AddIceCubes,87,9700585,0,oracle_real_utility,1,-0.048277411274161956,-0.04715573753888785,0.001121673735274109
robocasa/AddIceCubes,87,9700585,0,oracle_real_utility,2,-0.04021730154128653,-0.039866803445289575,0.0003504980959969581
robocasa/AddIceCubes,87,9700585,0,oracle_real_utility,4,-0.03492336452505221,-0.03432461589524451,0.0005987486298076952
robocasa/AddIceCubes,87,9700585,0,oracle_real_utility,8,-0.030810410486660982,-0.031036185334126883,0.00022577484746590104
robocasa/AddIceCubes,87,9710592,1,learned_wam,1,-0.058017021321742815,-0.058504506481956896,0.0004874851602140809
robocasa/AddIceCubes,87,9710592,1,learned_wam,2,-0.04783750970266026,-0.04811004921173887,0.0002725395090786148
robocasa/AddIceCubes,87,9710592,1,learned_wam,4,-0.03925884802496816,-0.03958718755307717,0.0003283395281090118
robocasa/AddIceCubes,87,9710592,1,learned_wam,8,-0.032749066100486494,-0.032761279713484526,1.2213612998031309e-05
robocasa/AddIceCubes,87,9710592,1,learned_physics_score,1,-0.058017021321742815,-0.058504506481956896,0.0004874851602140809
robocasa/AddIceCubes,87,9710592,1,learned_physics_score,2,-0.04783750970266026,-0.04811004921173887,0.0002725395090786148
robocasa/AddIceCubes,87,9710592,1,learned_physics_score,4,-0.03925884802496816,-0.03958718755307717,0.0003283395281090118
robocasa/AddIceCubes,87,9710592,1,learned_physics_score,8,-0.032749066100486494,-0.032761279713484526,1.2213612998031309e-05
robocasa/AddIceCubes,87,9710592,1,learned_energy_regularized,1,-0.058017021321742815,-0.058504506481956896,0.0004874851602140809
robocasa/AddIceCubes,87,9710592,1,learned_energy_regularized,2,-0.04914436092484306,-0.049348028744927205,0.00020366782008414408
robocasa/AddIceCubes,87,9710592,1,learned_energy_regularized,4,-0.03972293635467035,-0.0401175230295869,0.0003945866749165486
robocasa/AddIceCubes,87,9710592,1,learned_energy_regularized,8,-0.032785092218609174,-0.03278195128329261,3.1409353165659515e-06
robocasa/AddIceCubes,87,9710592,1,oracle_real_utility,1,-0.058017021321742815,-0.058504506481956896,0.0004874851602140809
robocasa/AddIceCubes,87,9710592,1,oracle_real_utility,2,-0.04783750970266026,-0.04811004921173887,0.0002725395090786148
robocasa/AddIceCubes,87,9710592,1,oracle_real_utility,4,-0.03925884802496816,-0.03958718755307717,0.0003283395281090118
robocasa/AddIceCubes,87,9710592,1,oracle_real_utility,8,-0.032749066100486494,-0.032761279713484526,1.2213612998031309e-05
robocasa/ArrangeVegetables,88,9800588,0,learned_wam,1,-0.04028754705669363,-0.0400987243973382,0.00018882265935542958
robocasa/ArrangeVegetables,88,9800588,0,learned_wam,2,-0.03770869989715927,-0.0377404023253746,3.1702428215332756e-05
robocasa/ArrangeVegetables,88,9800588,0,learned_wam,4,-0.03350958314778517,-0.03352256514325212,1.298199546695411e-05
robocasa/ArrangeVegetables,88,9800588,0,learned_wam,8,-0.029895924241721147,-0.029798733375173227,9.71908665479207e-05
robocasa/ArrangeVegetables,88,9800588,0,learned_physics_score,1,-0.04028754705669363,-0.0400987243973382,0.00018882265935542958
robocasa/ArrangeVegetables,88,9800588,0,learned_physics_score,2,-0.03770869989715927,-0.0377404023253746,3.1702428215332756e-05
robocasa/ArrangeVegetables,88,9800588,0,learned_physics_score,4,-0.03350958314778517,-0.03352256514325212,1.298199546695411e-05
robocasa/ArrangeVegetables,88,9800588,0,learned_physics_score,8,-0.029895924241721147,-0.029798733375173227,9.71908665479207e-05
robocasa/ArrangeVegetables,88,9800588,0,learned_energy_regularized,1,-0.04028754705669362,-0.0400987243973382,0.00018882265935542264
robocasa/ArrangeVegetables,88,9800588,0,learned_energy_regularized,2,-0.03762335277179753,-0.03756753759927528,5.5815172522247214e-05
robocasa/ArrangeVegetables,88,9800588,0,learned_energy_regularized,4,-0.033930042106373445,-0.033924746086391434,5.296019982010958e-06
robocasa/ArrangeVegetables,88,9800588,0,learned_energy_regularized,8,-0.030549398027686636,-0.030462530445930114,8.686758175652232e-05
robocasa/ArrangeVegetables,88,9800588,0,oracle_real_utility,1,-0.04028754705669363,-0.0400987243973382,0.00018882265935542958
robocasa/ArrangeVegetables,88,9800588,0,oracle_real_utility,2,-0.03643239646582378,-0.03636670154239316,6.569492343062172e-05
robocasa/ArrangeVegetables,88,9800588,0,oracle_real_utility,4,-0.03264139025831223,-0.03262786816126753,1.3522097044700587e-05
robocasa/ArrangeVegetables,88,9800588,0,oracle_real_utility,8,-0.029718695649067296,-0.02960899718427757,0.00010969846478972589
robocasa/ArrangeVegetables,88,9810595,1,learned_wam,1,-0.06588472388972169,-0.06667597205641324,0.0007912481666915439
robocasa/ArrangeVegetables,88,9810595,1,learned_wam,2,-0.06078555608282726,-0.060575997276535315,0.00020955880629194845
robocasa/ArrangeVegetables,88,9810595,1,learned_wam,4,-0.05621232425767653,-0.056869815075665686,0.0006574908179891592
robocasa/ArrangeVegetables,88,9810595,1,learned_wam,8,-0.05282435293865677,-0.052752797132815506,7.15558058412627e-05
robocasa/ArrangeVegetables,88,9810595,1,learned_physics_score,1,-0.06588472388972169,-0.06667597205641324,0.0007912481666915439
robocasa/ArrangeVegetables,88,9810595,1,learned_physics_score,2,-0.06078555608282726,-0.060575997276535315,0.00020955880629194845
robocasa/ArrangeVegetables,88,9810595,1,learned_physics_score,4,-0.05621232425767653,-0.056869815075665686,0.0006574908179891592
robocasa/ArrangeVegetables,88,9810595,1,learned_physics_score,8,-0.05282435293865677,-0.052752797132815506,7.15558058412627e-05
robocasa/ArrangeVegetables,88,9810595,1,learned_energy_regularized,1,-0.06588472388972169,-0.06667597205641324,0.0007912481666915439
robocasa/ArrangeVegetables,88,9810595,1,learned_energy_regularized,2,-0.06023276890335619,-0.060174748274001516,5.802062935467145e-05
robocasa/ArrangeVegetables,88,9810595,1,learned_energy_regularized,4,-0.05689934415952665,-0.057397901862342324,0.0004985577028156704
robocasa/ArrangeVegetables,88,9810595,1,learned_energy_regularized,8,-0.05673961450377349,-0.05667391709024122,6.569741353226743e-05
robocasa/ArrangeVegetables,88,9810595,1,oracle_real_utility,1,-0.06588472388972169,-0.06667597205641324,0.0007912481666915439
robocasa/ArrangeVegetables,88,9810595,1,oracle_real_utility,2,-0.059285225796196,-0.059236275293110666,4.895050308533627e-05
robocasa/ArrangeVegetables,88,9810595,1,oracle_real_utility,4,-0.0539697882535836,-0.05452521839319532,0.0005554301396117137
robocasa/ArrangeVegetables,88,9810595,1,oracle_real_utility,8,-0.05070970206631522,-0.050654016055459584,5.568601085563507e-05
robocasa/BlendIngredients,89,9900591,0,learned_wam,1,-0.055681456823504866,-0.055643054649486004,3.84021740188617e-05
robocasa/BlendIngredients,89,9900591,0,learned_wam,2,-0.048870793063180644,-0.04838146679072421,0.0004893262724564307
robocasa/BlendIngredients,89,9900591,0,learned_wam,4,-0.04168862902535564,-0.04088821984615215,0.0008004091792034873
robocasa/BlendIngredients,89,9900591,0,learned_wam,8,-0.03374630738240586,-0.03332188199653983,0.0004244253858660327
robocasa/BlendIngredients,89,9900591,0,learned_physics_score,1,-0.055681456823504866,-0.055643054649486004,3.84021740188617e-05
robocasa/BlendIngredients,89,9900591,0,learned_physics_score,2,-0.048870793063180644,-0.04838146679072421,0.0004893262724564307
robocasa/BlendIngredients,89,9900591,0,learned_physics_score,4,-0.04168862902535564,-0.04088821984615215,0.0008004091792034873
robocasa/BlendIngredients,89,9900591,0,learned_physics_score,8,-0.03374630738240586,-0.03332188199653983,0.0004244253858660327
robocasa/BlendIngredients,89,9900591,0,learned_energy_regularized,1,-0.055681456823504866,-0.055643054649486004,3.84021740188617e-05
robocasa/BlendIngredients,89,9900591,0,learned_energy_regularized,2,-0.05008863544898264,-0.049467604788451316,0.0006210306605313257
robocasa/BlendIngredients,89,9900591,0,learned_energy_regularized,4,-0.04385372024123199,-0.0430717152578823,0.0007820049833496892
robocasa/BlendIngredients,89,9900591,0,learned_energy_regularized,8,-0.03619092555395366,-0.03569099474895353,0.0004999308050001317
robocasa/BlendIngredients,89,9900591,0,oracle_real_utility,1,-0.055681456823504866,-0.055643054649486004,3.84021740188617e-05
robocasa/BlendIngredients,89,9900591,0,oracle_real_utility,2,-0.048207580214230085,-0.04776093788167778,0.00044664233255230223
robocasa/BlendIngredients,89,9900591,0,oracle_real_utility,4,-0.04075736045575918,-0.04002028274418291,0.0007370777115762728
robocasa/BlendIngredients,89,9900591,0,oracle_real_utility,8,-0.03328093457937436,-0.032832437264295224,0.0004484973150791355
robocasa/BlendIngredients,89,9910598,1,learned_wam,1,-0.06136650629006858,-0.0616434355564748,0.0002769292664062187
robocasa/BlendIngredients,89,9910598,1,learned_wam,2,-0.05279672384998789,-0.05299640591208032,0.00019968206209242806
robocasa/BlendIngredients,89,9910598,1,learned_wam,4,-0.049108920584208474,-0.04926414421824474,0.00015522363403626394
robocasa/BlendIngredients,89,9910598,1,learned_wam,8,-0.048991418400095646,-0.048983099391698565,8.319008397081329e-06
robocasa/BlendIngredients,89,9910598,1,learned_physics_score,1,-0.06136650629006858,-0.0616434355564748,0.0002769292664062187
robocasa/BlendIngredients,89,9910598,1,learned_physics_score,2,-0.05279672384998789,-0.05299640591208032,0.00019968206209242806
robocasa/BlendIngredients,89,9910598,1,learned_physics_score,4,-0.049108920584208474,-0.04926414421824474,0.00015522363403626394
robocasa/BlendIngredients,89,9910598,1,learned_physics_score,8,-0.048991418400095646,-0.048983099391698565,8.319008397081329e-06
robocasa/BlendIngredients,89,9910598,1,learned_energy_regularized,1,-0.06136650629006858,-0.0616434355564748,0.0002769292664062187
robocasa/BlendIngredients,89,9910598,1,learned_energy_regularized,2,-0.05274300665543738,-0.05293624265418374,0.00019323599874636332
robocasa/BlendIngredients,89,9910598,1,learned_energy_regularized,4,-0.049027505461217855,-0.049186791458091995,0.00015928599687414086
robocasa/BlendIngredients,89,9910598,1,learned_energy_regularized,8,-0.04896415304687258,-0.04896762883966802,3.475792795443189e-06
robocasa/BlendIngredients,89,9910598,1,oracle_real_utility,1,-0.06136650629006857,-0.0616434355564748,0.00027692926640623255
robocasa/BlendIngredients,89,9910598,1,oracle_real_utility,2,-0.0520467059130887,-0.05226428615125798,0.0002175802381692779
robocasa/BlendIngredients,89,9910598,1,oracle_real_utility,4,-0.046791716891137806,-0.04694598110586651,0.00015426421472870128
robocasa/BlendIngredients,89,9910598,1,oracle_real_utility,8,-0.04458528775978749,-0.0444776895448709,0.00010759821491659188
robocasa/CoffeeSetupMug,90,10000594,0,learned_wam,1,-0.053475095703488594,-0.053775784090720584,0.0003006883872319899
robocasa/CoffeeSetupMug,90,10000594,0,learned_wam,2,-0.04734661105712461,-0.04645494884472774,0.0008916622123968654
robocasa/CoffeeSetupMug,90,10000594,0,learned_wam,4,-0.04108949728449569,-0.041210168871432515,0.00012067158693682828
robocasa/CoffeeSetupMug,90,10000594,0,learned_wam,8,-0.034190680729225105,-0.03487911873491648,0.0006884380056913775
robocasa/CoffeeSetupMug,90,10000594,0,learned_physics_score,1,-0.053475095703488594,-0.053775784090720584,0.0003006883872319899
robocasa/CoffeeSetupMug,90,10000594,0,learned_physics_score,2,-0.04734661105712461,-0.04645494884472774,0.0008916622123968654
robocasa/CoffeeSetupMug,90,10000594,0,learned_physics_score,4,-0.04108949728449569,-0.041210168871432515,0.00012067158693682828
robocasa/CoffeeSetupMug,90,10000594,0,learned_physics_score,8,-0.034190680729225105,-0.03487911873491648,0.0006884380056913775
robocasa/CoffeeSetupMug,90,10000594,0,learned_energy_regularized,1,-0.053475095703488594,-0.053775784090720584,0.0003006883872319899
robocasa/CoffeeSetupMug,90,10000594,0,learned_energy_regularized,2,-0.050071952552594265,-0.049050428017866236,0.0010215245347280286
robocasa/CoffeeSetupMug,90,10000594,0,learned_energy_regularized,4,-0.048150804257379415,-0.04796490038664426,0.0001859038707351518
robocasa/CoffeeSetupMug,90,10000594,0,learned_energy_regularized,8,-0.047516825907357355,-0.04742225649122755,9.45694161298069e-05
robocasa/CoffeeSetupMug,90,10000594,0,oracle_real_utility,1,-0.0534750957034886,-0.053775784090720584,0.00030068838723198293
robocasa/CoffeeSetupMug,90,10000594,0,oracle_real_utility,2,-0.04660828790344663,-0.04572590207594298,0.0008823858275036484
robocasa/CoffeeSetupMug,90,10000594,0,oracle_real_utility,4,-0.03984175639165366,-0.040018015129820055,0.00017625873816639465
robocasa/CoffeeSetupMug,90,10000594,0,oracle_real_utility,8,-0.03350080875342862,-0.03411487811322861,0.0006140693597999902
robocasa/CoffeeSetupMug,90,10010601,1,learned_wam,1,-0.05483435068739918,-0.0551258949355353,0.00029154424813611357
robocasa/CoffeeSetupMug,90,10010601,1,learned_wam,2,-0.048942566168105536,-0.04863296498822332,0.0003096011798822129
robocasa/CoffeeSetupMug,90,10010601,1,learned_wam,4,-0.0453951358262127,-0.04582542510898217,0.00043028928276946793
robocasa/CoffeeSetupMug,90,10010601,1,learned_wam,8,-0.044089515485009494,-0.04405189218090098,3.7623304108516664e-05
robocasa/CoffeeSetupMug,90,10010601,1,learned_physics_score,1,-0.05483435068739918,-0.0551258949355353,0.00029154424813611357
robocasa/CoffeeSetupMug,90,10010601,1,learned_physics_score,2,-0.048942566168105536,-0.04863296498822332,0.0003096011798822129
robocasa/CoffeeSetupMug,90,10010601,1,learned_physics_score,4,-0.0453951358262127,-0.04582542510898217,0.00043028928276946793
robocasa/CoffeeSetupMug,90,10010601,1,learned_physics_score,8,-0.044089515485009494,-0.04405189218090098,3.7623304108516664e-05
robocasa/CoffeeSetupMug,90,10010601,1,learned_energy_regularized,1,-0.05483435068739919,-0.0551258949355353,0.00029154424813610663
robocasa/CoffeeSetupMug,90,10010601,1,learned_energy_regularized,2,-0.05104683053667274,-0.05060951243351279,0.00043731810315995184
robocasa/CoffeeSetupMug,90,10010601,1,learned_energy_regularized,4,-0.04624784374016344,-0.046629182999872114,0.0003813392597086726
robocasa/CoffeeSetupMug,90,10010601,1,learned_energy_regularized,8,-0.043868783170656636,-0.04387670498312689,7.92181247025181e-06
robocasa/CoffeeSetupMug,90,10010601,1,oracle_real_utility,1,-0.054834350687399176,-0.0551258949355353,0.0002915442481361205
robocasa/CoffeeSetupMug,90,10010601,1,oracle_real_utility,2,-0.04801428163500248,-0.04770718459373587,0.0003070970412666074
robocasa/CoffeeSetupMug,90,10010601,1,oracle_real_utility,4,-0.04421168766735369,-0.044525431762429644,0.0003137440950759518
robocasa/CoffeeSetupMug,90,10010601,1,oracle_real_utility,8,-0.042901571142569095,-0.04285427967710766,4.729146546143814e-05
robocasa/DrainVeggies,91,10100597,0,learned_wam,1,-0.05733480794076101,-0.05754975138002797,0.0002149434392669583
robocasa/DrainVeggies,91,10100597,0,learned_wam,2,-0.04912531081406142,-0.049000010221024785,0.0001253005930366355
robocasa/DrainVeggies,91,10100597,0,learned_wam,4,-0.039117880386066284,-0.038321317452197474,0.0007965629338688093
robocasa/DrainVeggies,91,10100597,0,learned_wam,8,-0.02985910404164644,-0.029906374700550232,4.72706589037912e-05
robocasa/DrainVeggies,91,10100597,0,learned_physics_score,1,-0.05733480794076101,-0.05754975138002797,0.0002149434392669583
robocasa/DrainVeggies,91,10100597,0,learned_physics_score,2,-0.04912531081406142,-0.049000010221024785,0.0001253005930366355
robocasa/DrainVeggies,91,10100597,0,learned_physics_score,4,-0.039117880386066284,-0.038321317452197474,0.0007965629338688093
robocasa/DrainVeggies,91,10100597,0,learned_physics_score,8,-0.02985910404164644,-0.029906374700550232,4.72706589037912e-05
robocasa/DrainVeggies,91,10100597,0,learned_energy_regularized,1,-0.057334807940761005,-0.05754975138002797,0.00021494343926696524
robocasa/DrainVeggies,91,10100597,0,learned_energy_regularized,2,-0.04779527769065712,-0.04783270760007036,3.7429909413237705e-05
robocasa/DrainVeggies,91,10100597,0,learned_energy_regularized,4,-0.03832345836921769,-0.03763667023175728,0.0006867881374604118
robocasa/DrainVeggies,91,10100597,0,learned_energy_regularized,8,-0.029714521252215444,-0.02977496636242445,6.0445110209007835e-05
robocasa/DrainVeggies,91,10100597,0,oracle_real_utility,1,-0.05733480794076101,-0.05754975138002797,0.0002149434392669583
robocasa/DrainVeggies,91,10100597,0,oracle_real_utility,2,-0.04661769996598865,-0.0466820518036907,6.435183770205077e-05
robocasa/DrainVeggies,91,10100597,0,oracle_real_utility,4,-0.03665693096325849,-0.035909425492386675,0.0007475054708718162
robocasa/DrainVeggies,91,10100597,0,oracle_real_utility,8,-0.02895807967862249,-0.029013545161898073,5.5465483275583816e-05
robocasa/DrainVeggies,91,10110604,1,learned_wam,1,-0.059284105954939534,-0.059585524478103974,0.00030141852316444007
robocasa/DrainVeggies,91,10110604,1,learned_wam,2,-0.051295424704779144,-0.05078162196132151,0.0005138027434576364
robocasa/DrainVeggies,91,10110604,1,learned_wam,4,-0.04306230154946855,-0.042736875995234846,0.0003254255542337048
robocasa/DrainVeggies,91,10110604,1,learned_wam,8,-0.034475359866619315,-0.034396964296089676,7.839557052963936e-05
robocasa/DrainVeggies,91,10110604,1,learned_physics_score,1,-0.059284105954939534,-0.059585524478103974,0.00030141852316444007
robocasa/DrainVeggies,91,10110604,1,learned_physics_score,2,-0.051295424704779144,-0.05078162196132151,0.0005138027434576364
robocasa/DrainVeggies,91,10110604,1,learned_physics_score,4,-0.04306230154946855,-0.042736875995234846,0.0003254255542337048
robocasa/DrainVeggies,91,10110604,1,learned_physics_score,8,-0.034475359866619315,-0.034396964296089676,7.839557052963936e-05
robocasa/DrainVeggies,91,10110604,1,learned_energy_regularized,1,-0.059284105954939534,-0.059585524478103974,0.00030141852316444007
robocasa/DrainVeggies,91,10110604,1,learned_energy_regularized,2,-0.052078435334063686,-0.05154960961090918,0.0005288257231545052
robocasa/DrainVeggies,91,10110604,1,learned_energy_regularized,4,-0.04351140434339865,-0.04322741338753835,0.00028399095586030543
robocasa/DrainVeggies,91,10110604,1,learned_energy_regularized,8,-0.03454755215244315,-0.034466838611281685,8.071354116146595e-05
robocasa/DrainVeggies,91,10110604,1,oracle_real_utility,1,-0.059284105954939534,-0.059585524478103974,0.00030141852316444007
robocasa/DrainVeggies,91,10110604,1,oracle_real_utility,2,-0.047971161356333655,-0.04789048708772474,8.067426860891569e-05
robocasa/DrainVeggies,91,10110604,1,oracle_real_utility,4,-0.03763031654154498,-0.03753266408758233,9.765245396264888e-05
robocasa/DrainVeggies,91,10110604,1,oracle_real_utility,8,-0.02988440387701246,-0.029761813613846496,0.00012259026316596353
robocasa/ArrangeTea,92,10200600,0,learned_wam,1,-0.05454423464128699,-0.05487983504478153,0.0003356004034945348
robocasa/ArrangeTea,92,10200600,0,learned_wam,2,-0.04787563596083926,-0.04719435662616884,0.0006812793346704232
robocasa/ArrangeTea,92,10200600,0,learned_wam,4,-0.04173030108982953,-0.041455737790921904,0.0002745632989076263
robocasa/ArrangeTea,92,10200600,0,learned_wam,8,-0.03620698158921651,-0.036025066509053565,0.0001819150801629435
robocasa/ArrangeTea,92,10200600,0,learned_physics_score,1,-0.05454423464128699,-0.05487983504478153,0.0003356004034945348
robocasa/ArrangeTea,92,10200600,0,learned_physics_score,2,-0.04787563596083926,-0.04719435662616884,0.0006812793346704232
robocasa/ArrangeTea,92,10200600,0,learned_physics_score,4,-0.04173030108982953,-0.041455737790921904,0.0002745632989076263
robocasa/ArrangeTea,92,10200600,0,learned_physics_score,8,-0.03620698158921651,-0.036025066509053565,0.0001819150801629435
robocasa/ArrangeTea,92,10200600,0,learned_energy_regularized,1,-0.054544234641287,-0.05487983504478153,0.00033560040349452785
robocasa/ArrangeTea,92,10200600,0,learned_energy_regularized,2,-0.04699905595990457,-0.04642642465112886,0.0005726313087757104
robocasa/ArrangeTea,92,10200600,0,learned_energy_regularized,4,-0.04034694827585448,-0.040124283260395764,0.00022266501545871453
robocasa/ArrangeTea,92,10200600,0,learned_energy_regularized,8,-0.0354921220113516,-0.03534226280080488,0.00014985921054672113
robocasa/ArrangeTea,92,10200600,0,oracle_real_utility,1,-0.054544234641287,-0.05487983504478153,0.00033560040349452785
robocasa/ArrangeTea,92,10200600,0,oracle_real_utility,2,-0.046987539540796756,-0.046415000363373905,0.0005725391774228511
robocasa/ArrangeTea,92,10200600,0,oracle_real_utility,4,-0.0403294937031442,-0.04010843666770342,0.00022105703544077898
robocasa/ArrangeTea,92,10200600,0,oracle_real_utility,8,-0.03548627659746752,-0.035336366394221684,0.00014991020324583298
robocasa/ArrangeTea,92,10210607,1,learned_wam,1,-0.05126410990983777,-0.05101975752381711,0.0002443523860206631
robocasa/ArrangeTea,92,10210607,1,learned_wam,2,-0.04803835980923577,-0.04831010422210932,0.0002717444128735452
robocasa/ArrangeTea,92,10210607,1,learned_wam,4,-0.043997506530836505,-0.04414863216047287,0.00015112562963636583
robocasa/ArrangeTea,92,10210607,1,learned_wam,8,-0.03926180720018646,-0.03928675482748242,2.494762729596256e-05
robocasa/ArrangeTea,92,10210607,1,learned_physics_score,1,-0.05126410990983777,-0.05101975752381711,0.0002443523860206631
robocasa/ArrangeTea,92,10210607,1,learned_physics_score,2,-0.04803835980923577,-0.04831010422210932,0.0002717444128735452
robocasa/ArrangeTea,92,10210607,1,learned_physics_score,4,-0.043997506530836505,-0.04414863216047287,0.00015112562963636583
robocasa/ArrangeTea,92,10210607,1,learned_physics_score,8,-0.03926180720018646,-0.03928675482748242,2.494762729596256e-05
robocasa/ArrangeTea,92,10210607,1,learned_energy_regularized,1,-0.05126410990983777,-0.05101975752381711,0.0002443523860206631
robocasa/ArrangeTea,92,10210607,1,learned_energy_regularized,2,-0.04670056605720942,-0.04696411855795642,0.0002635525007470066
robocasa/ArrangeTea,92,10210607,1,learned_energy_regularized,4,-0.042321138894540554,-0.042541697219925664,0.0002205583253851104
robocasa/ArrangeTea,92,10210607,1,learned_energy_regularized,8,-0.038816411278452624,-0.03880638384115863,1.0027437293995412e-05
robocasa/ArrangeTea,92,10210607,1,oracle_real_utility,1,-0.05126410990983776,-0.05101975752381711,0.0002443523860206562
robocasa/ArrangeTea,92,10210607,1,oracle_real_utility,2,-0.045560087008249046,-0.04580549767363855,0.0002454106653895019
robocasa/ArrangeTea,92,10210607,1,oracle_real_utility,4,-0.04063352455146671,-0.040800842632208144,0.000167318080741434
robocasa/ArrangeTea,92,10210607,1,oracle_real_utility,8,-0.03698539937199969,-0.037014916402009525,2.9517030009834633e-05
robocasa/CondimentCollection,93,10300603,0,learned_wam,1,-0.05747767824679392,-0.057437693781227525,3.9984465566397787e-05
robocasa/CondimentCollection,93,10300603,0,learned_wam,2,-0.05150163171145665,-0.05182509072483657,0.00032345901337992033
robocasa/CondimentCollection,93,10300603,0,learned_wam,4,-0.04674726788884769,-0.046494549295703826,0.00025271859314386635
robocasa/CondimentCollection,93,10300603,0,learned_wam,8,-0.04359497680140241,-0.043447111235207385,0.0001478655661950254
robocasa/CondimentCollection,93,10300603,0,learned_physics_score,1,-0.05747767824679392,-0.057437693781227525,3.9984465566397787e-05
robocasa/CondimentCollection,93,10300603,0,learned_physics_score,2,-0.05150163171145665,-0.05182509072483657,0.00032345901337992033
robocasa/CondimentCollection,93,10300603,0,learned_physics_score,4,-0.04674726788884769,-0.046494549295703826,0.00025271859314386635
robocasa/CondimentCollection,93,10300603,0,learned_physics_score,8,-0.04359497680140241,-0.043447111235207385,0.0001478655661950254
robocasa/CondimentCollection,93,10300603,0,learned_energy_regularized,1,-0.05747767824679393,-0.057437693781227525,3.9984465566404725e-05
robocasa/CondimentCollection,93,10300603,0,learned_energy_regularized,2,-0.05175057593006285,-0.052100395868657716,0.00034981993859486277
robocasa/CondimentCollection,93,10300603,0,learned_energy_regularized,4,-0.047457572056139326,-0.04731300537381471,0.00014456668232461917
robocasa/CondimentCollection,93,10300603,0,learned_energy_regularized,8,-0.044057825354023174,-0.04417974861460087,0.00012192326057769431
robocasa/CondimentCollection,93,10300603,0,oracle_real_utility,1,-0.057477678246793916,-0.057437693781227525,3.998446556639085e-05
robocasa/CondimentCollection,93,10300603,0,oracle_real_utility,2,-0.05036718995025202,-0.05052812502811891,0.0001609350778668875
robocasa/CondimentCollection,93,10300603,0,oracle_real_utility,4,-0.04498625186167055,-0.04491836265981377,6.788920185678282e-05
robocasa/CondimentCollection,93,10300603,0,oracle_real_utility,8,-0.04163511129799379,-0.041646729322534,1.1618024540208105e-05
robocasa/CondimentCollection,93,10310610,1,learned_wam,1,-0.04601293196644257,-0.045467422497008955,0.0005455094694336166
robocasa/CondimentCollection,93,10310610,1,learned_wam,2,-0.0318282234348194,-0.031426508113087996,0.00040171532173140234
robocasa/CondimentCollection,93,10310610,1,learned_wam,4,-0.022412254713247808,-0.02241264502602428,3.903127764708081e-07
robocasa/CondimentCollection,93,10310610,1,learned_wam,8,-0.018013903299978255,-0.017955987558841598,5.791574113665765e-05
robocasa/CondimentCollection,93,10310610,1,learned_physics_score,1,-0.04601293196644257,-0.045467422497008955,0.0005455094694336166
robocasa/CondimentCollection,93,10310610,1,learned_physics_score,2,-0.0318282234348194,-0.031426508113087996,0.00040171532173140234
robocasa/CondimentCollection,93,10310610,1,learned_physics_score,4,-0.022412254713247808,-0.02241264502602428,3.903127764708081e-07
robocasa/CondimentCollection,93,10310610,1,learned_physics_score,8,-0.018013903299978255,-0.017955987558841598,5.791574113665765e-05
robocasa/CondimentCollection,93,10310610,1,learned_energy_regularized,1,-0.04601293196644258,-0.045467422497008955,0.0005455094694336235
robocasa/CondimentCollection,93,10310610,1,learned_energy_regularized,2,-0.03498918155069703,-0.03439415432714342,0.0005950272235536111
robocasa/CondimentCollection,93,10310610,1,learned_energy_regularized,4,-0.02859865156868097,-0.028834370201322262,0.00023571863264129286
robocasa/CondimentCollection,93,10310610,1,learned_energy_regularized,8,-0.023910636326052094,-0.024159802480965633,0.0002491661549135389
robocasa/CondimentCollection,93,10310610,1,oracle_real_utility,1,-0.04601293196644257,-0.045467422497008955,0.0005455094694336166
robocasa/CondimentCollection,93,10310610,1,oracle_real_utility,2,-0.031711309696528224,-0.031329235882829744,0.00038207381369848026
robocasa/CondimentCollection,93,10310610,1,oracle_real_utility,4,-0.021873355450811944,-0.021877647759603883,4.292308791939425e-06
robocasa/CondimentCollection,93,10310610,1,oracle_real_utility,8,-0.016469163852760805,-0.01645200922946399,1.715462329681533e-05
robocasa/BreadAndCheese,94,10400606,0,learned_wam,1,-0.05521097600682194,-0.05449735681192053,0.0007136191949014131
robocasa/BreadAndCheese,94,10400606,0,learned_wam,2,-0.04791560568459525,-0.0483703822373282,0.00045477655273295364
robocasa/BreadAndCheese,94,10400606,0,learned_wam,4,-0.043886900019988816,-0.043841360228841095,4.553979114772094e-05
robocasa/BreadAndCheese,94,10400606,0,learned_wam,8,-0.042199633481368994,-0.042233188412255235,3.355493088624123e-05
robocasa/BreadAndCheese,94,10400606,0,learned_physics_score,1,-0.05521097600682194,-0.05449735681192053,0.0007136191949014131
robocasa/BreadAndCheese,94,10400606,0,learned_physics_score,2,-0.04791560568459525,-0.0483703822373282,0.00045477655273295364
robocasa/BreadAndCheese,94,10400606,0,learned_physics_score,4,-0.043886900019988816,-0.043841360228841095,4.553979114772094e-05
robocasa/BreadAndCheese,94,10400606,0,learned_physics_score,8,-0.042199633481368994,-0.042233188412255235,3.355493088624123e-05
robocasa/BreadAndCheese,94,10400606,0,learned_energy_regularized,1,-0.05521097600682194,-0.05449735681192053,0.0007136191949014131
robocasa/BreadAndCheese,94,10400606,0,learned_energy_regularized,2,-0.049200680289734317,-0.04982835417938929,0.0006276738896549769
robocasa/BreadAndCheese,94,10400606,0,learned_energy_regularized,4,-0.045013789675259416,-0.045013673224045786,1.1645121363035305e-07
robocasa/BreadAndCheese,94,10400606,0,learned_energy_regularized,8,-0.04288931039868183,-0.04284420057892631,4.510981975552192e-05
robocasa/BreadAndCheese,94,10400606,0,oracle_real_utility,1,-0.05521097600682194,-0.05449735681192053,0.0007136191949014131
robocasa/BreadAndCheese,94,10400606,0,oracle_real_utility,2,-0.04791560568459525,-0.0483703822373282,0.00045477655273295364
robocasa/BreadAndCheese,94,10400606,0,oracle_real_utility,4,-0.043886900019988816,-0.043841360228841095,4.553979114772094e-05
robocasa/BreadAndCheese,94,10400606,0,oracle_real_utility,8,-0.042199633481368994,-0.042233188412255235,3.355493088624123e-05
robocasa/BreadAndCheese,94,10410613,1,learned_wam,1,-0.05814393499837078,-0.05839222287981064,0.0002482878814398584
robocasa/BreadAndCheese,94,10410613,1,learned_wam,2,-0.05000867051268518,-0.04972621099712291,0.0002824595155622653
robocasa/BreadAndCheese,94,10410613,1,learned_wam,4,-0.042307629112975684,-0.04286834353105277,0.0005607144180770837
robocasa/BreadAndCheese,94,10410613,1,learned_wam,8,-0.03527548209543062,-0.035590581621323995,0.0003150995258933767
robocasa/BreadAndCheese,94,10410613,1,learned_physics_score,1,-0.05814393499837078,-0.05839222287981064,0.0002482878814398584
robocasa/BreadAndCheese,94,10410613,1,learned_physics_score,2,-0.05000867051268518,-0.04972621099712291,0.0002824595155622653
robocasa/BreadAndCheese,94,10410613,1,learned_physics_score,4,-0.042307629112975684,-0.04286834353105277,0.0005607144180770837
robocasa/BreadAndCheese,94,10410613,1,learned_physics_score,8,-0.03527548209543062,-0.035590581621323995,0.0003150995258933767
robocasa/BreadAndCheese,94,10410613,1,learned_energy_regularized,1,-0.05814393499837078,-0.05839222287981064,0.0002482878814398584
robocasa/BreadAndCheese,94,10410613,1,learned_energy_regularized,2,-0.05096877487389009,-0.050309954448735504,0.0006588204251545826
robocasa/BreadAndCheese,94,10410613,1,learned_energy_regularized,4,-0.04673311015290457,-0.04698527103189942,0.0002521608789948504
robocasa/BreadAndCheese,94,10410613,1,learned_energy_regularized,8,-0.047960997945630315,-0.047879917444746865,8.108050088345004e-05
robocasa/BreadAndCheese,94,10410613,1,oracle_real_utility,1,-0.05814393499837078,-0.05839222287981064,0.0002482878814398584
robocasa/BreadAndCheese,94,10410613,1,oracle_real_utility,2,-0.04845369198221303,-0.048196728252244296,0.0002569637299687372
robocasa/BreadAndCheese,94,10410613,1,oracle_real_utility,4,-0.04016967415173455,-0.040646086958767313,0.0004764128070327625
robocasa/BreadAndCheese,94,10410613,1,oracle_real_utility,8,-0.03312331555639525,-0.033448221000968587,0.0003249054445733368
robocasa/CerealAndBowl,95,10500609,0,learned_wam,1,-0.056851295637362805,-0.05680796989033988,4.3325747022926464e-05
robocasa/CerealAndBowl,95,10500609,0,learned_wam,2,-0.05168829427216658,-0.05133478615827272,0.00035350811389385506
robocasa/CerealAndBowl,95,10500609,0,learned_wam,4,-0.046615995798348936,-0.04683434058683732,0.00021834478848838101
robocasa/CerealAndBowl,95,10500609,0,learned_wam,8,-0.04238024080297455,-0.04241284545575597,3.2604652781424714e-05
robocasa/CerealAndBowl,95,10500609,0,learned_physics_score,1,-0.056851295637362805,-0.05680796989033988,4.3325747022926464e-05
robocasa/CerealAndBowl,95,10500609,0,learned_physics_score,2,-0.05168829427216658,-0.05133478615827272,0.00035350811389385506
robocasa/CerealAndBowl,95,10500609,0,learned_physics_score,4,-0.046615995798348936,-0.04683434058683732,0.00021834478848838101
robocasa/CerealAndBowl,95,10500609,0,learned_physics_score,8,-0.04238024080297455,-0.04241284545575597,3.2604652781424714e-05
robocasa/CerealAndBowl,95,10500609,0,learned_energy_regularized,1,-0.056851295637362805,-0.05680796989033988,4.3325747022926464e-05
robocasa/CerealAndBowl,95,10500609,0,learned_energy_regularized,2,-0.0516466573770232,-0.051302809022802605,0.00034384835422059806
robocasa/CerealAndBowl,95,10500609,0,learned_energy_regularized,4,-0.046580214091585095,-0.0467917044062105,0.0002114903146254038
robocasa/CerealAndBowl,95,10500609,0,learned_energy_regularized,8,-0.04237605795830291,-0.0424088483138222,3.279035551929238e-05
robocasa/CerealAndBowl,95,10500609,0,oracle_real_utility,1,-0.056851295637362805,-0.05680796989033988,4.3325747022926464e-05
robocasa/CerealAndBowl,95,10500609,0,oracle_real_utility,2,-0.05148125795345612,-0.05110168332374503,0.0003795746297110894
robocasa/CerealAndBowl,95,10500609,0,oracle_real_utility,4,-0.0461899748266065,-0.04643708804208267,0.0002471132154761718
robocasa/CerealAndBowl,95,10500609,0,oracle_real_utility,8,-0.04207197158750068,-0.04211245254678999,4.048095928931017e-05
robocasa/CerealAndBowl,95,10510616,1,learned_wam,1,-0.050073626856688314,-0.05000182570423334,7.180115245497554e-05
robocasa/CerealAndBowl,95,10510616,1,learned_wam,2,-0.04767058656789919,-0.04779269919127736,0.00012211262337817608
robocasa/CerealAndBowl,95,10510616,1,learned_wam,4,-0.044623886478762406,-0.04451070277625632,0.0001131837025060839
robocasa/CerealAndBowl,95,10510616,1,learned_wam,8,-0.042652662714434006,-0.04258351907919595,6.914363523805728e-05
robocasa/CerealAndBowl,95,10510616,1,learned_physics_score,1,-0.050073626856688314,-0.05000182570423334,7.180115245497554e-05
robocasa/CerealAndBowl,95,10510616,1,learned_physics_score,2,-0.04767058656789919,-0.04779269919127736,0.00012211262337817608
robocasa/CerealAndBowl,95,10510616,1,learned_physics_score,4,-0.044623886478762406,-0.04451070277625632,0.0001131837025060839
robocasa/CerealAndBowl,95,10510616,1,learned_physics_score,8,-0.042652662714434006,-0.04258351907919595,6.914363523805728e-05
robocasa/CerealAndBowl,95,10510616,1,learned_energy_regularized,1,-0.050073626856688314,-0.05000182570423334,7.180115245497554e-05
robocasa/CerealAndBowl,95,10510616,1,learned_energy_regularized,2,-0.04792890431034004,-0.04804895039177869,0.00012004608143865309
robocasa/CerealAndBowl,95,10510616,1,learned_energy_regularized,4,-0.04523335490233381,-0.04508106835156573,0.00015228655076807845
robocasa/CerealAndBowl,95,10510616,1,learned_energy_regularized,8,-0.043127579150770964,-0.0430794891446824,4.809000608856778e-05
robocasa/CerealAndBowl,95,10510616,1,oracle_real_utility,1,-0.05007362685668831,-0.05000182570423334,7.18011524549686e-05
robocasa/CerealAndBowl,95,10510616,1,oracle_real_utility,2,-0.04640861693960009,-0.04640161726081438,6.999678785708785e-06
robocasa/CerealAndBowl,95,10510616,1,oracle_real_utility,4,-0.04320738912640338,-0.04319337635136387,1.4012775039512482e-05
robocasa/CerealAndBowl,95,10510616,1,oracle_real_utility,8,-0.04087141267107902,-0.040898874894702474,2.746222362345202e-05
robocasa/AddToSoupPot,96,10600612,0,learned_wam,1,-0.05304145684432392,-0.05242020534265317,0.0006212515016707498
robocasa/AddToSoupPot,96,10600612,0,learned_wam,2,-0.04610516526281599,-0.04624639114297605,0.00014122588016006465
robocasa/AddToSoupPot,96,10600612,0,learned_wam,4,-0.040636256266431664,-0.040577356258770736,5.8900007660928066e-05
robocasa/AddToSoupPot,96,10600612,0,learned_wam,8,-0.03701802466165781,-0.03703927929413503,2.1254632477221702e-05
robocasa/AddToSoupPot,96,10600612,0,learned_physics_score,1,-0.05304145684432392,-0.05242020534265317,0.0006212515016707498
robocasa/AddToSoupPot,96,10600612,0,learned_physics_score,2,-0.04610516526281599,-0.04624639114297605,0.00014122588016006465
robocasa/AddToSoupPot,96,10600612,0,learned_physics_score,4,-0.040636256266431664,-0.040577356258770736,5.8900007660928066e-05
robocasa/AddToSoupPot,96,10600612,0,learned_physics_score,8,-0.03701802466165781,-0.03703927929413503,2.1254632477221702e-05
robocasa/AddToSoupPot,96,10600612,0,learned_energy_regularized,1,-0.05304145684432392,-0.05242020534265317,0.0006212515016707498
robocasa/AddToSoupPot,96,10600612,0,learned_energy_regularized,2,-0.04664322582472057,-0.046816099836185156,0.0001728740114645827
robocasa/AddToSoupPot,96,10600612,0,learned_energy_regularized,4,-0.041307402906447736,-0.041310037132809244,2.634226361507286e-06
robocasa/AddToSoupPot,96,10600612,0,learned_energy_regularized,8,-0.03720157920517113,-0.03729137464454489,8.979543937376322e-05
robocasa/AddToSoupPot,96,10600612,0,oracle_real_utility,1,-0.05304145684432392,-0.05242020534265317,0.0006212515016707498
robocasa/AddToSoupPot,96,10600612,0,oracle_real_utility,2,-0.04600703277442169,-0.04616788515226061,0.00016085237783892287
robocasa/AddToSoupPot,96,10600612,0,oracle_real_utility,4,-0.04055192365921781,-0.04050513074731252,4.6792911905291223e-05
robocasa/AddToSoupPot,96,10600612,0,oracle_real_utility,8,-0.037008166266722715,-0.037036139054506416,2.7972787783700492e-05
robocasa/AddToSoupPot,96,10610619,1,learned_wam,1,-0.06324853591224665,-0.06348879746884407,0.00024026155659742643
robocasa/AddToSoupPot,96,10610619,1,learned_wam,2,-0.0598551885911459,-0.059382894743500725,0.0004722938476451749
robocasa/AddToSoupPot,96,10610619,1,learned_wam,4,-0.0560216090797005,-0.05593840536877079,8.320371092971485e-05
robocasa/AddToSoupPot,96,10610619,1,learned_wam,8,-0.05279667925551844,-0.05302036909340527,0.0002236898378868285
robocasa/AddToSoupPot,96,10610619,1,learned_physics_score,1,-0.06324853591224665,-0.06348879746884407,0.00024026155659742643
robocasa/AddToSoupPot,96,10610619,1,learned_physics_score,2,-0.0598551885911459,-0.059382894743500725,0.0004722938476451749
robocasa/AddToSoupPot,96,10610619,1,learned_physics_score,4,-0.0560216090797005,-0.05593840536877079,8.320371092971485e-05
robocasa/AddToSoupPot,96,10610619,1,learned_physics_score,8,-0.05279667925551844,-0.05302036909340527,0.0002236898378868285
robocasa/AddToSoupPot,96,10610619,1,learned_energy_regularized,1,-0.06324853591224665,-0.06348879746884407,0.00024026155659742643
robocasa/AddToSoupPot,96,10610619,1,learned_energy_regularized,2,-0.06020641165251633,-0.05975453096376077,0.0004518806887555543
robocasa/AddToSoupPot,96,10610619,1,learned_energy_regularized,4,-0.05808183847259806,-0.05799965429237786,8.218418022019891e-05
robocasa/AddToSoupPot,96,10610619,1,learned_energy_regularized,8,-0.056062844829600625,-0.05620204330404233,0.00013919847444170824
robocasa/AddToSoupPot,96,10610619,1,oracle_real_utility,1,-0.06324853591224665,-0.06348879746884407,0.00024026155659742643
robocasa/AddToSoupPot,96,10610619,1,oracle_real_utility,2,-0.05813301354283593,-0.057773346061657904,0.000359667481178029
robocasa/AddToSoupPot,96,10610619,1,oracle_real_utility,4,-0.05422855222046942,-0.05423775713053512,9.204910065702121e-06
robocasa/AddToSoupPot,96,10610619,1,oracle_real_utility,8,-0.051665616158190215,-0.05178635307360946,0.00012073691541924364
