env_id,task_index,seed,state_id,scorer,N,real_utility,normalized_real_utility,success
robocasa/OpenDrawer,0,1000324,0,random,1,-0.06707860251474523,0.4419937045509705,0.0
robocasa/OpenDrawer,0,1000324,0,random,2,-0.06705492590386206,0.44256317350219815,0.0
robocasa/OpenDrawer,0,1000324,0,random,4,-0.0699178085079025,0.3737052291766282,0.0
robocasa/OpenDrawer,0,1000324,0,random,8,-0.07603630533627631,0.22654337441886005,0.0
robocasa/OpenDrawer,0,1000324,0,learned_wam,1,-0.06707860251474523,0.4419937045509705,0.0
robocasa/OpenDrawer,0,1000324,0,learned_wam,2,-0.06204704959745293,0.5630124253888785,0.0
robocasa/OpenDrawer,0,1000324,0,learned_wam,4,-0.058316544761671384,0.6527383868816701,0.0
robocasa/OpenDrawer,0,1000324,0,learned_wam,8,-0.05682287822152856,0.6886639981229296,0.0
robocasa/OpenDrawer,0,1000324,0,learned_physics_score,1,-0.06707860251474523,0.4419937045509705,0.0
robocasa/OpenDrawer,0,1000324,0,learned_physics_score,2,-0.06204704959745293,0.5630124253888785,0.0
robocasa/OpenDrawer,0,1000324,0,learned_physics_score,4,-0.058316544761671384,0.6527383868816701,0.0
robocasa/OpenDrawer,0,1000324,0,learned_physics_score,8,-0.05682287822152856,0.6886639981229296,0.0
robocasa/OpenDrawer,0,1000324,0,learned_energy_regularized,1,-0.06707860251474523,0.4419937045509705,0.0
robocasa/OpenDrawer,0,1000324,0,learned_energy_regularized,2,-0.0621187940696985,0.5612868300506061,0.0
robocasa/OpenDrawer,0,1000324,0,learned_energy_regularized,4,-0.058465430767359446,0.649157386292943,0.0
robocasa/OpenDrawer,0,1000324,0,learned_energy_regularized,8,-0.05691686719575931,0.6864033788625854,0.0
robocasa/OpenDrawer,0,1000324,0,predicted_progress,1,-0.06707860251474523,0.4419937045509704,0.0
robocasa/OpenDrawer,0,1000324,0,predicted_progress,2,-0.06279787083551615,0.5449537013126455,0.0
robocasa/OpenDrawer,0,1000324,0,predicted_progress,4,-0.06148882852240416,0.5764387376144724,0.0
robocasa/OpenDrawer,0,1000324,0,predicted_progress,8,-0.062333093300251885,0.5561325130466075,0.0
robocasa/OpenDrawer,0,1000324,0,predicted_success,1,-0.06707860251474522,0.4419937045509705,0.0
robocasa/OpenDrawer,0,1000324,0,predicted_success,2,-0.06707860251474522,0.4419937045509705,0.0
robocasa/OpenDrawer,0,1000324,0,predicted_success,4,-0.06707860251474522,0.4419937045509705,0.0
robocasa/OpenDrawer,0,1000324,0,predicted_success,8,-0.06707860251474522,0.4419937045509705,0.0
robocasa/OpenDrawer,0,1000324,0,low_energy,1,-0.06707860251474523,0.4419937045509705,0.0
robocasa/OpenDrawer,0,1000324,0,low_energy,2,-0.06163578983082579,0.5729040297717446,0.0
robocasa/OpenDrawer,0,1000324,0,low_energy,4,-0.056239083103805584,0.7027054162575658,0.0
robocasa/OpenDrawer,0,1000324,0,low_energy,8,-0.05053510477959462,0.8398972876002685,0.0
robocasa/OpenDrawer,0,1000324,0,distance_progress,1,-0.06707860251474522,0.4419937045509705,0.0
robocasa/OpenDrawer,0,1000324,0,distance_progress,2,-0.05985858339848547,0.6156493317972018,0.0
robocasa/OpenDrawer,0,1000324,0,distance_progress,4,-0.05327710629900434,0.7739467705592713,0.0
robocasa/OpenDrawer,0,1000324,0,distance_progress,8,-0.049604246925273474,0.862286245574795,0.0
robocasa/OpenDrawer,0,1000324,0,oracle_real_utility,1,-0.06707860251474523,0.4419937045509705,0.0
robocasa/OpenDrawer,0,1000324,0,oracle_real_utility,2,-0.05925002110730819,0.6302864490528608,0.0
robocasa/OpenDrawer,0,1000324,0,oracle_real_utility,4,-0.051961029920474106,0.8056009899370187,0.0
robocasa/OpenDrawer,0,1000324,0,oracle_real_utility,8,-0.04695735758846796,0.925949127990048,0.0
robocasa/OpenDrawer,0,1010331,1,random,1,-0.04554407397240652,0.3661613901082522,0.0
robocasa/OpenDrawer,0,1010331,1,random,2,-0.04410744787489207,0.40289969548749094,0.0
robocasa/OpenDrawer,0,1010331,1,random,4,-0.03974270034194849,0.5145177623219938,0.0
robocasa/OpenDrawer,0,1010331,1,random,8,-0.03240446221792989,0.7021757991711075,0.0
robocasa/OpenDrawer,0,1010331,1,learned_wam,1,-0.04554407397240653,0.3661613901082522,0.0
robocasa/OpenDrawer,0,1010331,1,learned_wam,2,-0.03933348653583024,0.5249824349327608,0.0
robocasa/OpenDrawer,0,1010331,1,learned_wam,4,-0.03208493588862041,0.7103469272629533,0.0
robocasa/OpenDrawer,0,1010331,1,learned_wam,8,-0.026240844432685102,0.8597957065548038,0.0
robocasa/OpenDrawer,0,1010331,1,learned_physics_score,1,-0.04554407397240653,0.3661613901082522,0.0
robocasa/OpenDrawer,0,1010331,1,learned_physics_score,2,-0.03933348653583024,0.5249824349327608,0.0
robocasa/OpenDrawer,0,1010331,1,learned_physics_score,4,-0.03208493588862041,0.7103469272629533,0.0
robocasa/OpenDrawer,0,1010331,1,learned_physics_score,8,-0.026240844432685102,0.8597957065548038,0.0
robocasa/OpenDrawer,0,1010331,1,learned_energy_regularized,1,-0.04554407397240652,0.3661613901082522,0.0
robocasa/OpenDrawer,0,1010331,1,learned_energy_regularized,2,-0.04198716838137612,0.45712081513504227,0.0
robocasa/OpenDrawer,0,1010331,1,learned_energy_regularized,4,-0.03866961166250281,0.541959460389909,0.0
robocasa/OpenDrawer,0,1010331,1,learned_energy_regularized,8,-0.032964887454545275,0.6878442528344304,0.0
robocasa/OpenDrawer,0,1010331,1,predicted_progress,1,-0.04554407397240652,0.3661613901082522,0.0
robocasa/OpenDrawer,0,1010331,1,predicted_progress,2,-0.04251837581504382,0.4435364448165786,0.0
robocasa/OpenDrawer,0,1010331,1,predicted_progress,4,-0.041806006791598224,0.4617535931555472,0.0
robocasa/OpenDrawer,0,1010331,1,predicted_progress,8,-0.041072245575208235,0.48051779609590606,0.0
robocasa/OpenDrawer,0,1010331,1,predicted_success,1,-0.04554407397240652,0.3661613901082522,0.0
robocasa/OpenDrawer,0,1010331,1,predicted_success,2,-0.04554407397240652,0.3661613901082522,0.0
robocasa/OpenDrawer,0,1010331,1,predicted_success,4,-0.04554407397240652,0.3661613901082522,0.0
robocasa/OpenDrawer,0,1010331,1,predicted_success,8,-0.04554407397240652,0.3661613901082522,0.0
robocasa/OpenDrawer,0,1010331,1,low_energy,1,-0.04554407397240652,0.3661613901082522,0.0
robocasa/OpenDrawer,0,1010331,1,low_energy,2,-0.042564947398674044,0.4423454870131795,0.0
robocasa/OpenDrawer,0,1010331,1,low_energy,4,-0.03916614050549321,0.5292619127851832,0.0
robocasa/OpenDrawer,0,1010331,1,low_energy,8,-0.03302293116495078,0.6863599225957476,0.0
robocasa/OpenDrawer,0,1010331,1,distance_progress,1,-0.04554407397240653,0.3661613901082522,0.0
robocasa/OpenDrawer,0,1010331,1,distance_progress,2,-0.03932274544056784,0.5252571129707974,0.0
robocasa/OpenDrawer,0,1010331,1,distance_progress,4,-0.033783775461450616,0.6669031341111005,0.0
robocasa/OpenDrawer,0,1010331,1,distance_progress,8,-0.031005153775300182,0.7379597940282383,0.0
robocasa/OpenDrawer,0,1010331,1,oracle_real_utility,1,-0.04554407397240653,0.36616139010825227,0.0
robocasa/OpenDrawer,0,1010331,1,oracle_real_utility,2,-0.038337112539343195,0.5504623369185351,0.0
robocasa/OpenDrawer,0,1010331,1,oracle_real_utility,4,-0.030674696119658357,0.7464104648665875,0.0
robocasa/OpenDrawer,0,1010331,1,oracle_real_utility,8,-0.024798689697957857,0.8966753937191888,0.0
robocasa/OpenCabinet,1,1100327,0,random,1,-0.04959164683500442,0.6124212129404266,0.0
robocasa/OpenCabinet,1,1100327,0,random,2,-0.04554639184006569,0.7458470107515491,0.0
robocasa/OpenCabinet,1,1100327,0,random,4,-0.04298023345705594,0.8304873436826405,0.0
robocasa/OpenCabinet,1,1100327,0,random,8,-0.041757231486771726,0.8708259660473395,0.0
robocasa/OpenCabinet,1,1100327,0,learned_wam,1,-0.04959164683500442,0.6124212129404266,0.0
robocasa/OpenCabinet,1,1100327,0,learned_wam,2,-0.047146291697434006,0.693077058015726,0.0
robocasa/OpenCabinet,1,1100327,0,learned_wam,4,-0.04375396578662656,0.8049671098545179,0.0
robocasa/OpenCabinet,1,1100327,0,learned_wam,8,-0.04058497212628248,0.9094909304588603,0.0
robocasa/OpenCabinet,1,1100327,0,learned_physics_score,1,-0.04959164683500442,0.6124212129404266,0.0
robocasa/OpenCabinet,1,1100327,0,learned_physics_score,2,-0.047146291697434006,0.693077058015726,0.0
robocasa/OpenCabinet,1,1100327,0,learned_physics_score,4,-0.04375396578662656,0.8049671098545179,0.0
robocasa/OpenCabinet,1,1100327,0,learned_physics_score,8,-0.04058497212628248,0.9094909304588603,0.0
robocasa/OpenCabinet,1,1100327,0,learned_energy_regularized,1,-0.04959164683500442,0.6124212129404266,0.0
robocasa/OpenCabinet,1,1100327,0,learned_energy_regularized,2,-0.0452949193644079,0.7541413990494827,0.0
robocasa/OpenCabinet,1,1100327,0,learned_energy_regularized,4,-0.042136087291389665,0.8583300571244733,0.0
robocasa/OpenCabinet,1,1100327,0,learned_energy_regularized,8,-0.039570423529766155,0.942954075817487,0.0
robocasa/OpenCabinet,1,1100327,0,predicted_progress,1,-0.04959164683500442,0.6124212129404266,0.0
robocasa/OpenCabinet,1,1100327,0,predicted_progress,2,-0.04797940492510039,0.6655982471107365,0.0
robocasa/OpenCabinet,1,1100327,0,predicted_progress,4,-0.044912382095282435,0.7667587347648859,0.0
robocasa/OpenCabinet,1,1100327,0,predicted_progress,8,-0.04221576311188567,0.8557020868409596,0.0
robocasa/OpenCabinet,1,1100327,0,predicted_success,1,-0.049591646835004416,0.6124212129404266,0.0
robocasa/OpenCabinet,1,1100327,0,predicted_success,2,-0.049591646835004416,0.6124212129404266,0.0
robocasa/OpenCabinet,1,1100327,0,predicted_success,4,-0.049591646835004416,0.6124212129404266,0.0
robocasa/OpenCabinet,1,1100327,0,predicted_success,8,-0.049591646835004416,0.6124212129404266,0.0
robocasa/OpenCabinet,1,1100327,0,low_energy,1,-0.04959164683500442,0.6124212129404266,0.0
robocasa/OpenCabinet,1,1100327,0,low_energy,2,-0.04532008519252087,0.7533113473722086,0.0
robocasa/OpenCabinet,1,1100327,0,low_energy,4,-0.042221415177335214,0.8555156631562155,0.0
robocasa/OpenCabinet,1,1100327,0,low_energy,8,-0.039704640863701936,0.9385271472597402,0.0
robocasa/OpenCabinet,1,1100327,0,distance_progress,1,-0.04959164683500442,0.6124212129404266,0.0
robocasa/OpenCabinet,1,1100327,0,distance_progress,2,-0.046414028717603,0.7172294964686157,0.0
robocasa/OpenCabinet,1,1100327,0,distance_progress,4,-0.04560580781444249,0.743887276743713,0.0
robocasa/OpenCabinet,1,1100327,0,distance_progress,8,-0.04629574354501145,0.7211309300103824,0.0
robocasa/OpenCabinet,1,1100327,0,oracle_real_utility,1,-0.04959164683500442,0.6124212129404266,0.0
robocasa/OpenCabinet,1,1100327,0,oracle_real_utility,2,-0.04426110677561079,0.7882399341529602,0.0
robocasa/OpenCabinet,1,1100327,0,oracle_real_utility,4,-0.04103131262861366,0.8947691545279327,0.0
robocasa/OpenCabinet,1,1100327,0,oracle_real_utility,8,-0.039295972157342166,0.9520063836131255,0.0
robocasa/OpenCabinet,1,1110334,1,random,1,-0.05375801272382107,0.45971580549409874,0.0
robocasa/OpenCabinet,1,1110334,1,random,2,-0.05350286996500729,0.46610363186428805,0.0
robocasa/OpenCabinet,1,1110334,1,random,4,-0.05365184957788668,0.46237373608282023,0.0
robocasa/OpenCabinet,1,1110334,1,random,8,-0.05289572415244492,0.48130430638104615,0.0
robocasa/OpenCabinet,1,1110334,1,learned_wam,1,-0.05375801272382107,0.45971580549409874,0.0
robocasa/OpenCabinet,1,1110334,1,learned_wam,2,-0.047188070537468846,0.6242027387847724,0.0
robocasa/OpenCabinet,1,1110334,1,learned_wam,4,-0.0423096294845961,0.7463407706373623,0.0
robocasa/OpenCabinet,1,1110334,1,learned_wam,8,-0.0381488606962363,0.8505109564192932,0.0
robocasa/OpenCabinet,1,1110334,1,learned_physics_score,1,-0.05375801272382107,0.45971580549409874,0.0
robocasa/OpenCabinet,1,1110334,1,learned_physics_score,2,-0.047188070537468846,0.6242027387847724,0.0
robocasa/OpenCabinet,1,1110334,1,learned_physics_score,4,-0.0423096294845961,0.7463407706373623,0.0
robocasa/OpenCabinet,1,1110334,1,learned_physics_score,8,-0.0381488606962363,0.8505109564192932,0.0
robocasa/OpenCabinet,1,1110334,1,learned_energy_regularized,1,-0.05375801272382107,0.45971580549409874,0.0
robocasa/OpenCabinet,1,1110334,1,learned_energy_regularized,2,-0.047188070537468846,0.6242027387847724,0.0
robocasa/OpenCabinet,1,1110334,1,learned_energy_regularized,4,-0.0423096294845961,0.7463407706373623,0.0
robocasa/OpenCabinet,1,1110334,1,learned_energy_regularized,8,-0.0381488606962363,0.8505109564192932,0.0
robocasa/OpenCabinet,1,1110334,1,predicted_progress,1,-0.053758012723821066,0.45971580549409874,0.0
robocasa/OpenCabinet,1,1110334,1,predicted_progress,2,-0.049173162244730305,0.5745034205919166,0.0
robocasa/OpenCabinet,1,1110334,1,predicted_progress,4,-0.04670789494853722,0.6362245508227043,0.0
robocasa/OpenCabinet,1,1110334,1,predicted_progress,8,-0.046842338840995174,0.6328585754544569,0.0
robocasa/OpenCabinet,1,1110334,1,predicted_success,1,-0.053758012723821066,0.4597158054940987,0.0
robocasa/OpenCabinet,1,1110334,1,predicted_success,2,-0.053758012723821066,0.4597158054940987,0.0
robocasa/OpenCabinet,1,1110334,1,predicted_success,4,-0.053758012723821066,0.4597158054940987,0.0
robocasa/OpenCabinet,1,1110334,1,predicted_success,8,-0.053758012723821066,0.4597158054940987,0.0
robocasa/OpenCabinet,1,1110334,1,low_energy,1,-0.05375801272382107,0.45971580549409874,0.0
robocasa/OpenCabinet,1,1110334,1,low_energy,2,-0.047188070537468846,0.6242027387847724,0.0
robocasa/OpenCabinet,1,1110334,1,low_energy,4,-0.0423096294845961,0.7463407706373623,0.0
robocasa/OpenCabinet,1,1110334,1,low_energy,8,-0.0381488606962363,0.8505109564192932,0.0
robocasa/OpenCabinet,1,1110334,1,distance_progress,1,-0.053758012723821066,0.45971580549409874,0.0
robocasa/OpenCabinet,1,1110334,1,distance_progress,2,-0.04952593246971311,0.5656713653290529,0.0
robocasa/OpenCabinet,1,1110334,1,distance_progress,4,-0.04568110400163902,0.6619315797729369,0.0
robocasa/OpenCabinet,1,1110334,1,distance_progress,8,-0.04481205056286873,0.6836894477958833,0.0
robocasa/OpenCabinet,1,1110334,1,oracle_real_utility,1,-0.053758012723821066,0.45971580549409874,0.0
robocasa/OpenCabinet,1,1110334,1,oracle_real_utility,2,-0.0467214348075317,0.635885563078213,0.0
robocasa/OpenCabinet,1,1110334,1,oracle_real_utility,4,-0.04113355606225101,0.7757852779220782,0.0
robocasa/OpenCabinet,1,1110334,1,oracle_real_utility,8,-0.03676005435892052,0.885281505212594,0.0
robocasa/OpenMicrowave,2,1200330,0,random,1,-0.055105965596077895,0.6077709436258314,0.0
robocasa/OpenMicrowave,2,1200330,0,random,2,-0.04926234179541938,0.714116796108613,0.0
robocasa/OpenMicrowave,2,1200330,0,random,4,-0.04210830028025072,0.8443104344366117,0.0
robocasa/OpenMicrowave,2,1200330,0,random,8,-0.03694101198551405,0.9383479182777419,0.0
robocasa/OpenMicrowave,2,1200330,0,learned_wam,1,-0.0551059655960779,0.6077709436258315,0.0
robocasa/OpenMicrowave,2,1200330,0,learned_wam,2,-0.04745442219704209,0.7470184265811453,0.0
robocasa/OpenMicrowave,2,1200330,0,learned_wam,4,-0.04293622745151195,0.8292433076288401,0.0
robocasa/OpenMicrowave,2,1200330,0,learned_wam,8,-0.03915125186895768,0.8981246163311365,0.0
robocasa/OpenMicrowave,2,1200330,0,learned_physics_score,1,-0.0551059655960779,0.6077709436258315,0.0
robocasa/OpenMicrowave,2,1200330,0,learned_physics_score,2,-0.04745442219704209,0.7470184265811453,0.0
robocasa/OpenMicrowave,2,1200330,0,learned_physics_score,4,-0.04293622745151195,0.8292433076288401,0.0
robocasa/OpenMicrowave,2,1200330,0,learned_physics_score,8,-0.03915125186895768,0.8981246163311365,0.0
robocasa/OpenMicrowave,2,1200330,0,learned_energy_regularized,1,-0.0551059655960779,0.6077709436258315,0.0
robocasa/OpenMicrowave,2,1200330,0,learned_energy_regularized,2,-0.04741936021980749,0.7476565059623547,0.0
robocasa/OpenMicrowave,2,1200330,0,learned_energy_regularized,4,-0.04292253136665469,0.829492557387125,0.0
robocasa/OpenMicrowave,2,1200330,0,learned_energy_regularized,8,-0.03915084727270092,0.8981319794221405,0.0
robocasa/OpenMicrowave,2,1200330,0,predicted_progress,1,-0.0551059655960779,0.6077709436258315,0.0
robocasa/OpenMicrowave,2,1200330,0,predicted_progress,2,-0.05085933053138158,0.685053814930365,0.0
robocasa/OpenMicrowave,2,1200330,0,predicted_progress,4,-0.05194736527689334,0.6652530908438326,0.0
robocasa/OpenMicrowave,2,1200330,0,predicted_progress,8,-0.05560629889230073,0.5986655712186718,0.0
robocasa/OpenMicrowave,2,1200330,0,predicted_success,1,-0.0551059655960779,0.6077709436258315,0.0
robocasa/OpenMicrowave,2,1200330,0,predicted_success,2,-0.0551059655960779,0.6077709436258315,0.0
robocasa/OpenMicrowave,2,1200330,0,predicted_success,4,-0.0551059655960779,0.6077709436258315,0.0
robocasa/OpenMicrowave,2,1200330,0,predicted_success,8,-0.0551059655960779,0.6077709436258315,0.0
robocasa/OpenMicrowave,2,1200330,0,low_energy,1,-0.0551059655960779,0.6077709436258315,0.0
robocasa/OpenMicrowave,2,1200330,0,low_energy,2,-0.04741936021980749,0.7476565059623547,0.0
robocasa/OpenMicrowave,2,1200330,0,low_energy,4,-0.04292253136665469,0.829492557387125,0.0
robocasa/OpenMicrowave,2,1200330,0,low_energy,8,-0.03915084727270092,0.8981319794221405,0.0
robocasa/OpenMicrowave,2,1200330,0,distance_progress,1,-0.055105965596077895,0.6077709436258315,0.0
robocasa/OpenMicrowave,2,1200330,0,distance_progress,2,-0.04844277181936159,0.7290318335487947,0.0
robocasa/OpenMicrowave,2,1200330,0,distance_progress,4,-0.044166404227244875,0.8068557956358379,0.0
robocasa/OpenMicrowave,2,1200330,0,distance_progress,8,-0.042133262358210084,0.8438561592212854,0.0
robocasa/OpenMicrowave,2,1200330,0,oracle_real_utility,1,-0.055105965596077895,0.6077709436258314,0.0
robocasa/OpenMicrowave,2,1200330,0,oracle_real_utility,2,-0.046405991775414775,0.7660984068742425,0.0
robocasa/OpenMicrowave,2,1200330,0,oracle_real_utility,4,-0.0405596323308263,0.8724940442842787,0.0
robocasa/OpenMicrowave,2,1200330,0,oracle_real_utility,8,-0.03676370154593103,0.9415747224825964,0.0
robocasa/OpenMicrowave,2,1210337,1,random,1,-0.06127072249620247,0.624232091549363,0.0
robocasa/OpenMicrowave,2,1210337,1,random,2,-0.057857160119245944,0.7072680546118948,0.0
robocasa/OpenMicrowave,2,1210337,1,random,4,-0.05555742104156372,0.7632099206217202,0.0
robocasa/OpenMicrowave,2,1210337,1,random,8,-0.056094149176783084,0.7501538423406979,0.0
robocasa/OpenMicrowave,2,1210337,1,learned_wam,1,-0.061270722496202454,0.6242320915493629,0.0
robocasa/OpenMicrowave,2,1210337,1,learned_wam,2,-0.05775511954017136,0.7097502233316211,0.0
robocasa/OpenMicrowave,2,1210337,1,learned_wam,4,-0.05590893866371621,0.7546591454884098,0.0
robocasa/OpenMicrowave,2,1210337,1,learned_wam,8,-0.05794346692877165,0.705168614714092,0.0
robocasa/OpenMicrowave,2,1210337,1,learned_physics_score,1,-0.061270722496202454,0.6242320915493629,0.0
robocasa/OpenMicrowave,2,1210337,1,learned_physics_score,2,-0.05775511954017136,0.7097502233316211,0.0
robocasa/OpenMicrowave,2,1210337,1,learned_physics_score,4,-0.05590893866371621,0.7546591454884098,0.0
robocasa/OpenMicrowave,2,1210337,1,learned_physics_score,8,-0.05794346692877165,0.705168614714092,0.0
robocasa/OpenMicrowave,2,1210337,1,learned_energy_regularized,1,-0.06127072249620247,0.6242320915493629,0.0
robocasa/OpenMicrowave,2,1210337,1,learned_energy_regularized,2,-0.05552116164596935,0.7640919416603774,0.0
robocasa/OpenMicrowave,2,1210337,1,learned_energy_regularized,4,-0.051382884334968,0.864756820163401,0.0
robocasa/OpenMicrowave,2,1210337,1,learned_energy_regularized,8,-0.048048632856190876,0.9458635210404411,0.0
robocasa/OpenMicrowave,2,1210337,1,predicted_progress,1,-0.06127072249620247,0.6242320915493629,0.0
robocasa/OpenMicrowave,2,1210337,1,predicted_progress,2,-0.06511538702167882,0.5307094350775292,0.0
robocasa/OpenMicrowave,2,1210337,1,predicted_progress,4,-0.07159652778591806,0.37305367676024237,0.0
robocasa/OpenMicrowave,2,1210337,1,predicted_progress,8,-0.07870524602415992,0.200131901831705,0.0
robocasa/OpenMicrowave,2,1210337,1,predicted_success,1,-0.06127072249620246,0.6242320915493629,0.0
robocasa/OpenMicrowave,2,1210337,1,predicted_success,2,-0.06127072249620246,0.6242320915493629,0.0
robocasa/OpenMicrowave,2,1210337,1,predicted_success,4,-0.06127072249620246,0.6242320915493629,0.0
robocasa/OpenMicrowave,2,1210337,1,predicted_success,8,-0.06127072249620246,0.6242320915493629,0.0
robocasa/OpenMicrowave,2,1210337,1,low_energy,1,-0.06127072249620247,0.6242320915493629,0.0
robocasa/OpenMicrowave,2,1210337,1,low_energy,2,-0.055429417097624126,0.7663236562407255,0.0
robocasa/OpenMicrowave,2,1210337,1,low_energy,4,-0.05116642454121602,0.8700222717514099,0.0
robocasa/OpenMicrowave,2,1210337,1,low_energy,8,-0.0478799607644416,0.9499665219625044,0.0
robocasa/OpenMicrowave,2,1210337,1,distance_progress,1,-0.06127072249620247,0.6242320915493629,0.0
robocasa/OpenMicrowave,2,1210337,1,distance_progress,2,-0.05582008263234397,0.7568205959979177,0.0
robocasa/OpenMicrowave,2,1210337,1,distance_progress,4,-0.05231752336537765,0.8420214359999834,0.0
robocasa/OpenMicrowave,2,1210337,1,distance_progress,8,-0.049580854209962666,0.9085917616039392,0.0
robocasa/OpenMicrowave,2,1210337,1,oracle_real_utility,1,-0.061270722496202454,0.6242320915493629,0.0
robocasa/OpenMicrowave,2,1210337,1,oracle_real_utility,2,-0.05508050782187945,0.774810982539049,0.0
robocasa/OpenMicrowave,2,1210337,1,oracle_real_utility,4,-0.050614434768384495,0.8834495940986289,0.0
robocasa/OpenMicrowave,2,1210337,1,oracle_real_utility,8,-0.047390546873303324,0.9618716665883017,0.0
robocasa/TurnOnSinkFaucet,3,1300333,0,random,1,-0.05260889423225777,0.4181298925786456,0.0
robocasa/TurnOnSinkFaucet,3,1300333,0,random,2,-0.05198415919861282,0.4311610786985903,0.0
robocasa/TurnOnSinkFaucet,3,1300333,0,random,4,-0.0514168539505075,0.44299435180919267,0.0
robocasa/TurnOnSinkFaucet,3,1300333,0,random,8,-0.04967358059333793,0.47935683886659075,0.0
robocasa/TurnOnSinkFaucet,3,1300333,0,learned_wam,1,-0.05260889423225777,0.4181298925786456,0.0
robocasa/TurnOnSinkFaucet,3,1300333,0,learned_wam,2,-0.045137279918540454,0.5739783587202584,0.0
robocasa/TurnOnSinkFaucet,3,1300333,0,learned_wam,4,-0.03757788384712177,0.7316578417905492,0.0
robocasa/TurnOnSinkFaucet,3,1300333,0,learned_wam,8,-0.03089684557459988,0.8710158872258345,0.0
robocasa/TurnOnSinkFaucet,3,1300333,0,learned_physics_score,1,-0.05260889423225777,0.4181298925786456,0.0
robocasa/TurnOnSinkFaucet,3,1300333,0,learned_physics_score,2,-0.045137279918540454,0.5739783587202584,0.0
robocasa/TurnOnSinkFaucet,3,1300333,0,learned_physics_score,4,-0.03757788384712177,0.7316578417905492,0.0
robocasa/TurnOnSinkFaucet,3,1300333,0,learned_physics_score,8,-0.03089684557459988,0.8710158872258345,0.0
robocasa/TurnOnSinkFaucet,3,1300333,0,learned_energy_regularized,1,-0.05260889423225777,0.41812989257864563,0.0
robocasa/TurnOnSinkFaucet,3,1300333,0,learned_energy_regularized,2,-0.04626535763555624,0.5504480780468207,0.0
robocasa/TurnOnSinkFaucet,3,1300333,0,learned_energy_regularized,4,-0.040643193041081466,0.6677193519181079,0.0
robocasa/TurnOnSinkFaucet,3,1300333,0,learned_energy_regularized,8,-0.0370363166887075,0.7429542507602385,0.0
robocasa/TurnOnSinkFaucet,3,1300333,0,predicted_progress,1,-0.05260889423225777,0.41812989257864563,0.0
robocasa/TurnOnSinkFaucet,3,1300333,0,predicted_progress,2,-0.048865918321319764,0.49620365683247375,0.0
robocasa/TurnOnSinkFaucet,3,1300333,0,predicted_progress,4,-0.043061514705488343,0.6172762072093536,0.0
robocasa/TurnOnSinkFaucet,3,1300333,0,predicted_progress,8,-0.034262343662181075,0.800815835037768,0.0
robocasa/TurnOnSinkFaucet,3,1300333,0,predicted_success,1,-0.05260889423225777,0.41812989257864563,0.0
robocasa/TurnOnSinkFaucet,3,1300333,0,predicted_success,2,-0.05260889423225777,0.41812989257864563,0.0
robocasa/TurnOnSinkFaucet,3,1300333,0,predicted_success,4,-0.05260889423225777,0.41812989257864563,0.0
robocasa/TurnOnSinkFaucet,3,1300333,0,predicted_success,8,-0.05260889423225777,0.41812989257864563,0.0
robocasa/TurnOnSinkFaucet,3,1300333,0,low_energy,1,-0.05260889423225777,0.41812989257864563,0.0
robocasa/TurnOnSinkFaucet,3,1300333,0,low_energy,2,-0.04626535763555624,0.5504480780468207,0.0
robocasa/TurnOnSinkFaucet,3,1300333,0,low_energy,4,-0.040643193041081466,0.6677193519181079,0.0
robocasa/TurnOnSinkFaucet,3,1300333,0,low_energy,8,-0.0370363166887075,0.7429542507602385,0.0
robocasa/TurnOnSinkFaucet,3,1300333,0,distance_progress,1,-0.05260889423225777,0.41812989257864563,0.0
robocasa/TurnOnSinkFaucet,3,1300333,0,distance_progress,2,-0.04872459315476191,0.4991515218467067,0.0
robocasa/TurnOnSinkFaucet,3,1300333,0,distance_progress,4,-0.04453237575702005,0.5865958978192123,0.0
robocasa/TurnOnSinkFaucet,3,1300333,0,distance_progress,8,-0.04195817686999877,0.6402904451072285,0.0
robocasa/TurnOnSinkFaucet,3,1300333,0,oracle_real_utility,1,-0.05260889423225777,0.4181298925786456,0.0
robocasa/TurnOnSinkFaucet,3,1300333,0,oracle_real_utility,2,-0.04435609660464136,0.5902728589627397,0.0
robocasa/TurnOnSinkFaucet,3,1300333,0,oracle_real_utility,4,-0.036656824761809356,0.7508699744896632,0.0
robocasa/TurnOnSinkFaucet,3,1300333,0,oracle_real_utility,8,-0.030419145553239206,0.8809801081396729,0.0
robocasa/TurnOnSinkFaucet,3,1310340,1,random,1,-0.055409883216274845,0.6573015966085953,0.0
robocasa/TurnOnSinkFaucet,3,1310340,1,random,2,-0.05603399659173994,0.6469365443503533,0.0
robocasa/TurnOnSinkFaucet,3,1310340,1,random,4,-0.05500660321553676,0.6639991269719515,0.0
robocasa/TurnOnSinkFaucet,3,1310340,1,random,8,-0.05287956693360321,0.699324186623155,0.0
robocasa/TurnOnSinkFaucet,3,1310340,1,learned_wam,1,-0.055409883216274845,0.6573015966085953,0.0
robocasa/TurnOnSinkFaucet,3,1310340,1,learned_wam,2,-0.046427829412807015,0.806472341411026,0.0
robocasa/TurnOnSinkFaucet,3,1310340,1,learned_wam,4,-0.04093586146858982,0.8976809855135204,0.0
robocasa/TurnOnSinkFaucet,3,1310340,1,learned_wam,8,-0.037672616579571425,0.9518757923159091,0.0
robocasa/TurnOnSinkFaucet,3,1310340,1,learned_physics_score,1,-0.055409883216274845,0.6573015966085953,0.0
robocasa/TurnOnSinkFaucet,3,1310340,1,learned_physics_score,2,-0.046427829412807015,0.806472341411026,0.0
robocasa/TurnOnSinkFaucet,3,1310340,1,learned_physics_score,4,-0.04093586146858982,0.8976809855135204,0.0
robocasa/TurnOnSinkFaucet,3,1310340,1,learned_physics_score,8,-0.037672616579571425,0.9518757923159091,0.0
robocasa/TurnOnSinkFaucet,3,1310340,1,learned_energy_regularized,1,-0.055409883216274845,0.6573015966085954,0.0
robocasa/TurnOnSinkFaucet,3,1310340,1,learned_energy_regularized,2,-0.047561079644241784,0.7876517259070992,0.0
robocasa/TurnOnSinkFaucet,3,1310340,1,learned_energy_regularized,4,-0.043870017044997225,0.8489515765970528,0.0
robocasa/TurnOnSinkFaucet,3,1310340,1,learned_energy_regularized,8,-0.04073960844039563,0.9009402857833715,0.0
robocasa/TurnOnSinkFaucet,3,1310340,1,predicted_progress,1,-0.05540988321627485,0.6573015966085953,0.0
robocasa/TurnOnSinkFaucet,3,1310340,1,predicted_progress,2,-0.05304296601878623,0.6966105129166609,0.0
robocasa/TurnOnSinkFaucet,3,1310340,1,predicted_progress,4,-0.047550054318340654,0.7878348305858673,0.0
robocasa/TurnOnSinkFaucet,3,1310340,1,predicted_progress,8,-0.04135906476842105,0.8906525761073891,0.0
robocasa/TurnOnSinkFaucet,3,1310340,1,predicted_success,1,-0.05540988321627485,0.6573015966085953,0.0
robocasa/TurnOnSinkFaucet,3,1310340,1,predicted_success,2,-0.05540988321627485,0.6573015966085953,0.0
robocasa/TurnOnSinkFaucet,3,1310340,1,predicted_success,4,-0.05540988321627485,0.6573015966085953,0.0
robocasa/TurnOnSinkFaucet,3,1310340,1,predicted_success,8,-0.05540988321627485,0.6573015966085953,0.0
robocasa/TurnOnSinkFaucet,3,1310340,1,low_energy,1,-0.055409883216274845,0.6573015966085954,0.0
robocasa/TurnOnSinkFaucet,3,1310340,1,low_energy,2,-0.047561079644241784,0.7876517259070992,0.0
robocasa/TurnOnSinkFaucet,3,1310340,1,low_energy,4,-0.043870017044997225,0.8489515765970528,0.0
robocasa/TurnOnSinkFaucet,3,1310340,1,low_energy,8,-0.04073960844039563,0.9009402857833715,0.0
robocasa/TurnOnSinkFaucet,3,1310340,1,distance_progress,1,-0.055409883216274845,0.6573015966085953,0.0
robocasa/TurnOnSinkFaucet,3,1310340,1,distance_progress,2,-0.04816104307732794,0.7776877472752709,0.0
robocasa/TurnOnSinkFaucet,3,1310340,1,distance_progress,4,-0.04092275679977182,0.8978986231775494,0.0
robocasa/TurnOnSinkFaucet,3,1310340,1,distance_progress,8,-0.03671766359675581,0.9677353107306074,0.0
robocasa/TurnOnSinkFaucet,3,1310340,1,oracle_real_utility,1,-0.055409883216274845,0.6573015966085953,0.0
robocasa/TurnOnSinkFaucet,3,1310340,1,oracle_real_utility,2,-0.04591033486607228,0.8150667062029419,0.0
robocasa/TurnOnSinkFaucet,3,1310340,1,oracle_real_utility,4,-0.040081007856167576,0.9118780892998328,0.0
robocasa/TurnOnSinkFaucet,3,1310340,1,oracle_real_utility,8,-0.03660867723099903,0.9695453174071396,0.0
robocasa/CloseDrawer,4,1400336,0,random,1,-0.05288615628777867,0.38204394845841594,0.0
robocasa/CloseDrawer,4,1400336,0,random,2,-0.05170010236545007,0.42637057664048517,0.0
robocasa/CloseDrawer,4,1400336,0,random,4,-0.050806263280946805,0.45977620180429657,0.0
robocasa/CloseDrawer,4,1400336,0,random,8,-0.048854394905723665,0.5327237652329386,0.0
robocasa/CloseDrawer,4,1400336,0,learned_wam,1,-0.05288615628777867,0.38204394845841594,0.0
robocasa/CloseDrawer,4,1400336,0,learned_wam,2,-0.04896720972974425,0.5285075144675706,0.0
robocasa/CloseDrawer,4,1400336,0,learned_wam,4,-0.04420669195171259,0.7064232883867227,0.0
robocasa/CloseDrawer,4,1400336,0,learned_wam,8,-0.040046448428075365,0.8619048936893504,0.0
robocasa/CloseDrawer,4,1400336,0,learned_physics_score,1,-0.05288615628777867,0.38204394845841594,0.0
robocasa/CloseDrawer,4,1400336,0,learned_physics_score,2,-0.04896720972974425,0.5285075144675706,0.0
robocasa/CloseDrawer,4,1400336,0,learned_physics_score,4,-0.04420669195171259,0.7064232883867227,0.0
robocasa/CloseDrawer,4,1400336,0,learned_physics_score,8,-0.040046448428075365,0.8619048936893504,0.0
robocasa/CloseDrawer,4,1400336,0,learned_energy_regularized,1,-0.05288615628777867,0.38204394845841594,0.0
robocasa/CloseDrawer,4,1400336,0,learned_energy_regularized,2,-0.04965601650930132,0.5027646022509236,0.0
robocasa/CloseDrawer,4,1400336,0,learned_energy_regularized,4,-0.045616763063324475,0.6537244214144843,0.0
robocasa/CloseDrawer,4,1400336,0,learned_energy_regularized,8,-0.04154809148890584,0.8057836901196737,0.0
robocasa/CloseDrawer,4,1400336,0,predicted_progress,1,-0.05288615628777867,0.38204394845841594,0.0
robocasa/CloseDrawer,4,1400336,0,predicted_progress,2,-0.05239405354185643,0.40043540186134763,0.0
robocasa/CloseDrawer,4,1400336,0,predicted_progress,4,-0.050603698807551147,0.4673466839940751,0.0
robocasa/CloseDrawer,4,1400336,0,predicted_progress,8,-0.047627948129203616,0.5785600035560388,0.0
robocasa/CloseDrawer,4,1400336,0,predicted_success,1,-0.05288615628777867,0.38204394845841594,0.0
robocasa/CloseDrawer,4,1400336,0,predicted_success,2,-0.05288615628777867,0.38204394845841594,0.0
robocasa/CloseDrawer,4,1400336,0,predicted_success,4,-0.05288615628777867,0.38204394845841594,0.0
robocasa/CloseDrawer,4,1400336,0,predicted_success,8,-0.05288615628777867,0.38204394845841594,0.0
robocasa/CloseDrawer,4,1400336,0,low_energy,1,-0.05288615628777867,0.38204394845841594,0.0
robocasa/CloseDrawer,4,1400336,0,low_energy,2,-0.04965601650930132,0.5027646022509236,0.0
robocasa/CloseDrawer,4,1400336,0,low_energy,4,-0.045616763063324475,0.6537244214144843,0.0
robocasa/CloseDrawer,4,1400336,0,low_energy,8,-0.04154809148890584,0.8057836901196737,0.0
robocasa/CloseDrawer,4,1400336,0,distance_progress,1,-0.05288615628777867,0.382043948458416,0.0
robocasa/CloseDrawer,4,1400336,0,distance_progress,2,-0.05203940681666754,0.4136896841730423,0.0
robocasa/CloseDrawer,4,1400336,0,distance_progress,4,-0.052208592735441685,0.40736666531701976,0.0
robocasa/CloseDrawer,4,1400336,0,distance_progress,8,-0.052430514401353726,0.3990727429369015,0.0
robocasa/CloseDrawer,4,1400336,0,oracle_real_utility,1,-0.05288615628777867,0.38204394845841594,0.0
robocasa/CloseDrawer,4,1400336,0,oracle_real_utility,2,-0.048426335606180676,0.5487217102281093,0.0
robocasa/CloseDrawer,4,1400336,0,oracle_real_utility,4,-0.04383940879043561,0.7201498347274624,0.0
robocasa/CloseDrawer,4,1400336,0,oracle_real_utility,8,-0.039910715821669926,0.8669776552755222,0.0
robocasa/CloseDrawer,4,1410343,1,random,1,-0.05316609002670264,0.3959427612847937,0.0
robocasa/CloseDrawer,4,1410343,1,random,2,-0.051757502426200794,0.4409571731297315,0.0
robocasa/CloseDrawer,4,1410343,1,random,4,-0.04731402671368491,0.5829578876574645,0.0
robocasa/CloseDrawer,4,1410343,1,random,8,-0.041881339527667275,0.7565709581750424,0.0
robocasa/CloseDrawer,4,1410343,1,learned_wam,1,-0.053166090026702646,0.3959427612847937,0.0
robocasa/CloseDrawer,4,1410343,1,learned_wam,2,-0.04804546699331227,0.5595831582651344,0.0
robocasa/CloseDrawer,4,1410343,1,learned_wam,4,-0.04524332472914974,0.6491315724938118,0.0
robocasa/CloseDrawer,4,1410343,1,learned_wam,8,-0.046469238497942274,0.6099548913593575,0.0
robocasa/CloseDrawer,4,1410343,1,learned_physics_score,1,-0.053166090026702646,0.3959427612847937,0.0
robocasa/CloseDrawer,4,1410343,1,learned_physics_score,2,-0.04804546699331227,0.5595831582651344,0.0
robocasa/CloseDrawer,4,1410343,1,learned_physics_score,4,-0.04524332472914974,0.6491315724938118,0.0
robocasa/CloseDrawer,4,1410343,1,learned_physics_score,8,-0.046469238497942274,0.6099548913593575,0.0
robocasa/CloseDrawer,4,1410343,1,learned_energy_regularized,1,-0.053166090026702646,0.3959427612847937,0.0
robocasa/CloseDrawer,4,1410343,1,learned_energy_regularized,2,-0.04807793373522344,0.558545614493535,0.0
robocasa/CloseDrawer,4,1410343,1,learned_energy_regularized,4,-0.043915788800422906,0.6915558058275222,0.0
robocasa/CloseDrawer,4,1410343,1,learned_energy_regularized,8,-0.04123571322617025,0.777203319430499,0.0
robocasa/CloseDrawer,4,1410343,1,predicted_progress,1,-0.053166090026702646,0.3959427612847937,0.0
robocasa/CloseDrawer,4,1410343,1,predicted_progress,2,-0.0487363187630865,0.5375055210082528,0.0
robocasa/CloseDrawer,4,1410343,1,predicted_progress,4,-0.04686917458728327,0.5971740832428903,0.0
robocasa/CloseDrawer,4,1410343,1,predicted_progress,8,-0.04858175161128081,0.5424450429993601,0.0
robocasa/CloseDrawer,4,1410343,1,predicted_success,1,-0.05316609002670264,0.3959427612847937,0.0
robocasa/CloseDrawer,4,1410343,1,predicted_success,2,-0.05316609002670264,0.3959427612847937,0.0
robocasa/CloseDrawer,4,1410343,1,predicted_success,4,-0.05316609002670264,0.3959427612847937,0.0
robocasa/CloseDrawer,4,1410343,1,predicted_success,8,-0.05316609002670264,0.3959427612847937,0.0
robocasa/CloseDrawer,4,1410343,1,low_energy,1,-0.053166090026702646,0.3959427612847937,0.0
robocasa/CloseDrawer,4,1410343,1,low_energy,2,-0.04807793373522344,0.558545614493535,0.0
robocasa/CloseDrawer,4,1410343,1,low_energy,4,-0.043915788800422906,0.6915558058275222,0.0
robocasa/CloseDrawer,4,1410343,1,low_energy,8,-0.04123571322617025,0.777203319430499,0.0
robocasa/CloseDrawer,4,1410343,1,distance_progress,1,-0.053166090026702646,0.3959427612847937,0.0
robocasa/CloseDrawer,4,1410343,1,distance_progress,2,-0.04921803420467542,0.5221112798037838,0.0
robocasa/CloseDrawer,4,1410343,1,distance_progress,4,-0.044850520259380064,0.6616844745429602,0.0
robocasa/CloseDrawer,4,1410343,1,distance_progress,8,-0.0397617046629452,0.8243083972434355,0.0
robocasa/CloseDrawer,4,1410343,1,oracle_real_utility,1,-0.053166090026702646,0.3959427612847937,0.0
robocasa/CloseDrawer,4,1410343,1,oracle_real_utility,2,-0.04698206875694847,0.5935663100050803,0.0
robocasa/CloseDrawer,4,1410343,1,oracle_real_utility,4,-0.04122173233827806,0.7776501084305675,0.0
robocasa/CloseDrawer,4,1410343,1,oracle_real_utility,8,-0.03728994500144049,0.9032987329137449,0.0
robocasa/CloseCabinet,5,1500339,0,random,1,-0.05560265317416645,0.3718090612368731,0.0
robocasa/CloseCabinet,5,1500339,0,random,2,-0.05466541848263325,0.3922301278514439,0.0
robocasa/CloseCabinet,5,1500339,0,random,4,-0.04928703946751511,0.5094176766461491,0.0
robocasa/CloseCabinet,5,1500339,0,random,8,-0.0454289475290995,0.59348024196865,0.0
robocasa/CloseCabinet,5,1500339,0,learned_wam,1,-0.05560265317416646,0.3718090612368732,0.0
robocasa/CloseCabinet,5,1500339,0,learned_wam,2,-0.05006309849814121,0.4925084080238688,0.0
robocasa/CloseCabinet,5,1500339,0,learned_wam,4,-0.04294986672595451,0.6474960340442831,0.0
robocasa/CloseCabinet,5,1500339,0,learned_wam,8,-0.03805355258372615,0.7541800462427032,0.0
robocasa/CloseCabinet,5,1500339,0,learned_physics_score,1,-0.05560265317416646,0.3718090612368732,0.0
robocasa/CloseCabinet,5,1500339,0,learned_physics_score,2,-0.05006309849814121,0.4925084080238688,0.0
robocasa/CloseCabinet,5,1500339,0,learned_physics_score,4,-0.04294986672595451,0.6474960340442831,0.0
robocasa/CloseCabinet,5,1500339,0,learned_physics_score,8,-0.03805355258372615,0.7541800462427032,0.0
robocasa/CloseCabinet,5,1500339,0,learned_energy_regularized,1,-0.05560265317416646,0.3718090612368732,0.0
robocasa/CloseCabinet,5,1500339,0,learned_energy_regularized,2,-0.04733632437304295,0.5519211000150583,0.0
robocasa/CloseCabinet,5,1500339,0,learned_energy_regularized,4,-0.040372780110321325,0.7036472392064319,0.0
robocasa/CloseCabinet,5,1500339,0,learned_energy_regularized,8,-0.03746716028874325,0.766956735183365,0.0
robocasa/CloseCabinet,5,1500339,0,predicted_progress,1,-0.05560265317416645,0.37180906123687313,0.0
robocasa/CloseCabinet,5,1500339,0,predicted_progress,2,-0.05924634283521085,0.29241802933931477,0.0
robocasa/CloseCabinet,5,1500339,0,predicted_progress,4,-0.06380962545909907,0.19299032005222883,0.0
robocasa/CloseCabinet,5,1500339,0,predicted_progress,8,-0.06894200685133771,0.08116272420125287,0.0
robocasa/CloseCabinet,5,1500339,0,predicted_success,1,-0.05560265317416646,0.37180906123687313,0.0
robocasa/CloseCabinet,5,1500339,0,predicted_success,2,-0.05560265317416646,0.37180906123687313,0.0
robocasa/CloseCabinet,5,1500339,0,predicted_success,4,-0.05560265317416646,0.37180906123687313,0.0
robocasa/CloseCabinet,5,1500339,0,predicted_success,8,-0.05560265317416646,0.37180906123687313,0.0
robocasa/CloseCabinet,5,1500339,0,low_energy,1,-0.05560265317416645,0.37180906123687313,0.0
robocasa/CloseCabinet,5,1500339,0,low_energy,2,-0.04682680532086525,0.563022825761992,0.0
robocasa/CloseCabinet,5,1500339,0,low_energy,4,-0.038527223498181544,0.7438594025609646,0.0
robocasa/CloseCabinet,5,1500339,0,low_energy,8,-0.032309054075754524,0.8793448398193134,0.0
robocasa/CloseCabinet,5,1500339,0,distance_progress,1,-0.055602653174166454,0.37180906123687313,0.0
robocasa/CloseCabinet,5,1500339,0,distance_progress,2,-0.04904066282975199,0.5147858878076503,0.0
robocasa/CloseCabinet,5,1500339,0,distance_progress,4,-0.04199104439586619,0.6683874658821729,0.0
robocasa/CloseCabinet,5,1500339,0,distance_progress,8,-0.03447630577707238,0.8321233788949917,0.0
robocasa/CloseCabinet,5,1500339,0,oracle_real_utility,1,-0.05560265317416645,0.37180906123687313,0.0
robocasa/CloseCabinet,5,1500339,0,oracle_real_utility,2,-0.04647454095739874,0.5706981861570722,0.0
robocasa/CloseCabinet,5,1500339,0,oracle_real_utility,4,-0.03771606454448452,0.7615334506708938,0.0
robocasa/CloseCabinet,5,1500339,0,oracle_real_utility,8,-0.03168286842286858,0.8929885717961503,0.0
robocasa/CloseCabinet,5,1510346,1,random,1,-0.0549855188140285,0.5048319547422673,0.0
robocasa/CloseCabinet,5,1510346,1,random,2,-0.05139106103497333,0.6655967066864897,0.0
robocasa/CloseCabinet,5,1510346,1,random,4,-0.0488237273704613,0.7804225817150787,0.0
robocasa/CloseCabinet,5,1510346,1,random,8,-0.04721479550160755,0.8523832357805213,0.0
robocasa/CloseCabinet,5,1510346,1,learned_wam,1,-0.054985518814028495,0.5048319547422674,0.0
robocasa/CloseCabinet,5,1510346,1,learned_wam,2,-0.053173001567242396,0.5858981136695215,0.0
robocasa/CloseCabinet,5,1510346,1,learned_wam,4,-0.05220533719103087,0.6291776103194442,0.0
robocasa/CloseCabinet,5,1510346,1,learned_wam,8,-0.052391972485635735,0.6208302103260372,0.0
robocasa/CloseCabinet,5,1510346,1,learned_physics_score,1,-0.054985518814028495,0.5048319547422674,0.0
robocasa/CloseCabinet,5,1510346,1,learned_physics_score,2,-0.053173001567242396,0.5858981136695215,0.0
robocasa/CloseCabinet,5,1510346,1,learned_physics_score,4,-0.05220533719103087,0.6291776103194442,0.0
robocasa/CloseCabinet,5,1510346,1,learned_physics_score,8,-0.052391972485635735,0.6208302103260372,0.0
robocasa/CloseCabinet,5,1510346,1,learned_energy_regularized,1,-0.054985518814028495,0.5048319547422673,0.0
robocasa/CloseCabinet,5,1510346,1,learned_energy_regularized,2,-0.05087279510914272,0.6887765291044347,0.0
robocasa/CloseCabinet,5,1510346,1,learned_energy_regularized,4,-0.047280349311128886,0.8494512937256986,0.0
robocasa/CloseCabinet,5,1510346,1,learned_energy_regularized,8,-0.04494357312044098,0.9539653171854079,0.0
robocasa/CloseCabinet,5,1510346,1,predicted_progress,1,-0.054985518814028495,0.5048319547422673,0.0
robocasa/CloseCabinet,5,1510346,1,predicted_progress,2,-0.05507694324618181,0.5007429301771676,0.0
robocasa/CloseCabinet,5,1510346,1,predicted_progress,4,-0.05536584675366067,0.48782150959843873,0.0
robocasa/CloseCabinet,5,1510346,1,predicted_progress,8,-0.057234172645013064,0.40425926824330805,0.0
robocasa/CloseCabinet,5,1510346,1,predicted_success,1,-0.054985518814028495,0.5048319547422673,0.0
robocasa/CloseCabinet,5,1510346,1,predicted_success,2,-0.054985518814028495,0.5048319547422673,0.0
robocasa/CloseCabinet,5,1510346,1,predicted_success,4,-0.054985518814028495,0.5048319547422673,0.0
robocasa/CloseCabinet,5,1510346,1,predicted_success,8,-0.054985518814028495,0.5048319547422673,0.0
robocasa/CloseCabinet,5,1510346,1,low_energy,1,-0.0549855188140285,0.5048319547422673,0.0
robocasa/CloseCabinet,5,1510346,1,low_energy,2,-0.05181755400142079,0.6465214969687935,0.0
robocasa/CloseCabinet,5,1510346,1,low_energy,4,-0.04901813906361523,0.7717273766115251,0.0
robocasa/CloseCabinet,5,1510346,1,low_energy,8,-0.04590561436132433,0.9109373193739052,0.0
robocasa/CloseCabinet,5,1510346,1,distance_progress,1,-0.054985518814028495,0.5048319547422674,0.0
robocasa/CloseCabinet,5,1510346,1,distance_progress,2,-0.05503944774568835,0.5024199438483201,0.0
robocasa/CloseCabinet,5,1510346,1,distance_progress,4,-0.05750216232052868,0.3922732340884689,0.0
robocasa/CloseCabinet,5,1510346,1,distance_progress,8,-0.06074576731804844,0.24720062929399161,0.0
robocasa/CloseCabinet,5,1510346,1,oracle_real_utility,1,-0.054985518814028495,0.5048319547422673,0.0
robocasa/CloseCabinet,5,1510346,1,oracle_real_utility,2,-0.050167400018507835,0.7203258402215063,0.0
robocasa/CloseCabinet,5,1510346,1,oracle_real_utility,4,-0.046423518167836256,0.8877736930072202,0.0
robocasa/CloseCabinet,5,1510346,1,oracle_real_utility,8,-0.044505597390526695,0.9735541018937841,0.0
robocasa/CloseMicrowave,6,1600342,0,random,1,-0.05629093590537307,0.5609086498229346,0.0
robocasa/CloseMicrowave,6,1600342,0,random,2,-0.05438422811928881,0.6060394329136689,0.0
robocasa/CloseMicrowave,6,1600342,0,random,4,-0.053833280228203995,0.6190800833732288,0.0
robocasa/CloseMicrowave,6,1600342,0,random,8,-0.04961895586215372,0.7188309525028973,0.0
robocasa/CloseMicrowave,6,1600342,0,learned_wam,1,-0.05629093590537307,0.5609086498229346,0.0
robocasa/CloseMicrowave,6,1600342,0,learned_wam,2,-0.0506269458255133,0.6949723535471325,0.0
robocasa/CloseMicrowave,6,1600342,0,learned_wam,4,-0.049201660979837664,0.7287081056545903,0.0
robocasa/CloseMicrowave,6,1600342,0,learned_wam,8,-0.05102011893585072,0.6856661502110735,0.0
robocasa/CloseMicrowave,6,1600342,0,learned_physics_score,1,-0.05629093590537307,0.5609086498229346,0.0
robocasa/CloseMicrowave,6,1600342,0,learned_physics_score,2,-0.0506269458255133,0.6949723535471325,0.0
robocasa/CloseMicrowave,6,1600342,0,learned_physics_score,4,-0.049201660979837664,0.7287081056545903,0.0
robocasa/CloseMicrowave,6,1600342,0,learned_physics_score,8,-0.05102011893585072,0.6856661502110735,0.0
robocasa/CloseMicrowave,6,1600342,0,learned_energy_regularized,1,-0.05629093590537307,0.5609086498229346,0.0
robocasa/CloseMicrowave,6,1600342,0,learned_energy_regularized,2,-0.05068580164183713,0.6935792669401946,0.0
robocasa/CloseMicrowave,6,1600342,0,learned_energy_regularized,4,-0.04929086432645345,0.72659670876595,0.0
robocasa/CloseMicrowave,6,1600342,0,learned_energy_regularized,8,-0.051049992510499,0.684959058213319,0.0
robocasa/CloseMicrowave,6,1600342,0,predicted_progress,1,-0.05629093590537308,0.5609086498229346,0.0
robocasa/CloseMicrowave,6,1600342,0,predicted_progress,2,-0.052071003538789004,0.660792257412849,0.0
robocasa/CloseMicrowave,6,1600342,0,predicted_progress,4,-0.052341070847034335,0.654399904480075,0.0
robocasa/CloseMicrowave,6,1600342,0,predicted_progress,8,-0.053795187016224565,0.6199817299179275,0.0
robocasa/CloseMicrowave,6,1600342,0,predicted_success,1,-0.056290935905373075,0.5609086498229346,0.0
robocasa/CloseMicrowave,6,1600342,0,predicted_success,2,-0.056290935905373075,0.5609086498229346,0.0
robocasa/CloseMicrowave,6,1600342,0,predicted_success,4,-0.056290935905373075,0.5609086498229346,0.0
robocasa/CloseMicrowave,6,1600342,0,predicted_success,8,-0.056290935905373075,0.5609086498229346,0.0
robocasa/CloseMicrowave,6,1600342,0,low_energy,1,-0.05629093590537307,0.5609086498229346,0.0
robocasa/CloseMicrowave,6,1600342,0,low_energy,2,-0.05013260553533815,0.7066731314910475,0.0
robocasa/CloseMicrowave,6,1600342,0,low_energy,4,-0.04765217556291125,0.7653836207827754,0.0
robocasa/CloseMicrowave,6,1600342,0,low_energy,8,-0.046926893966999145,0.7825506594993019,0.0
robocasa/CloseMicrowave,6,1600342,0,distance_progress,1,-0.05629093590537307,0.5609086498229346,0.0
robocasa/CloseMicrowave,6,1600342,0,distance_progress,2,-0.05038217186008406,0.7007660261909792,0.0
robocasa/CloseMicrowave,6,1600342,0,distance_progress,4,-0.04528411074262732,0.8214344852775981,0.0
robocasa/CloseMicrowave,6,1600342,0,distance_progress,8,-0.04125912055139912,0.9167039128156811,0.0
robocasa/CloseMicrowave,6,1600342,0,oracle_real_utility,1,-0.05629093590537307,0.5609086498229346,0.0
robocasa/CloseMicrowave,6,1600342,0,oracle_real_utility,2,-0.04863827977832635,0.7420430461149847,0.0
robocasa/CloseMicrowave,6,1600342,0,oracle_real_utility,4,-0.043613292121817505,0.8609818943300283,0.0
robocasa/CloseMicrowave,6,1600342,0,oracle_real_utility,8,-0.040478177521150446,0.9351884287764379,0.0
robocasa/CloseMicrowave,6,1610349,1,random,1,-0.05157315326532076,0.5767925718203875,0.0
robocasa/CloseMicrowave,6,1610349,1,random,2,-0.058172537087035785,0.4734759262617631,0.0
robocasa/CloseMicrowave,6,1610349,1,random,4,-0.06336284565493748,0.3922190566604986,0.0
robocasa/CloseMicrowave,6,1610349,1,random,8,-0.06857466365930587,0.3106254461022555,0.0
robocasa/CloseMicrowave,6,1610349,1,learned_wam,1,-0.05157315326532077,0.5767925718203873,0.0
robocasa/CloseMicrowave,6,1610349,1,learned_wam,2,-0.04145179754164316,0.735247444294254,0.0
robocasa/CloseMicrowave,6,1610349,1,learned_wam,4,-0.03455769528380283,0.8431780539785229,0.0
robocasa/CloseMicrowave,6,1610349,1,learned_wam,8,-0.030453647145664467,0.9074289747157533,0.0
robocasa/CloseMicrowave,6,1610349,1,learned_physics_score,1,-0.05157315326532077,0.5767925718203873,0.0
robocasa/CloseMicrowave,6,1610349,1,learned_physics_score,2,-0.04145179754164316,0.735247444294254,0.0
robocasa/CloseMicrowave,6,1610349,1,learned_physics_score,4,-0.03455769528380283,0.8431780539785229,0.0
robocasa/CloseMicrowave,6,1610349,1,learned_physics_score,8,-0.030453647145664467,0.9074289747157533,0.0
robocasa/CloseMicrowave,6,1610349,1,learned_energy_regularized,1,-0.05157315326532077,0.5767925718203873,0.0
robocasa/CloseMicrowave,6,1610349,1,learned_energy_regularized,2,-0.04036879302964837,0.7522024201415415,0.0
robocasa/CloseMicrowave,6,1610349,1,learned_energy_regularized,4,-0.03418196243222594,0.8490603391887521,0.0
robocasa/CloseMicrowave,6,1610349,1,learned_energy_regularized,8,-0.030443009683847094,0.9075955094865622,0.0
robocasa/CloseMicrowave,6,1610349,1,predicted_progress,1,-0.05157315326532076,0.5767925718203873,0.0
robocasa/CloseMicrowave,6,1610349,1,predicted_progress,2,-0.051084156192424846,0.5844480649125383,0.0
robocasa/CloseMicrowave,6,1610349,1,predicted_progress,4,-0.048679718296215965,0.6220907395320878,0.0
robocasa/CloseMicrowave,6,1610349,1,predicted_progress,8,-0.042012268615787655,0.7264729900607072,0.0
robocasa/CloseMicrowave,6,1610349,1,predicted_success,1,-0.05157315326532076,0.5767925718203873,0.0
robocasa/CloseMicrowave,6,1610349,1,predicted_success,2,-0.05157315326532076,0.5767925718203873,0.0
robocasa/CloseMicrowave,6,1610349,1,predicted_success,4,-0.05157315326532076,0.5767925718203873,0.0
robocasa/CloseMicrowave,6,1610349,1,predicted_success,8,-0.05157315326532076,0.5767925718203873,0.0
robocasa/CloseMicrowave,6,1610349,1,low_energy,1,-0.05157315326532077,0.5767925718203873,0.0
robocasa/CloseMicrowave,6,1610349,1,low_energy,2,-0.04003091251821242,0.75749210808579,0.0
robocasa/CloseMicrowave,6,1610349,1,low_energy,4,-0.033210555961847577,0.8642681920284668,0.0
robocasa/CloseMicrowave,6,1610349,1,low_energy,8,-0.02923140159866464,0.926563838420676,0.0
robocasa/CloseMicrowave,6,1610349,1,distance_progress,1,-0.05157315326532077,0.5767925718203873,0.0
robocasa/CloseMicrowave,6,1610349,1,distance_progress,2,-0.04007444107445178,0.7568106468254427,0.0
robocasa/CloseMicrowave,6,1610349,1,distance_progress,4,-0.03392853511191707,0.8530278702999248,0.0
robocasa/CloseMicrowave,6,1610349,1,distance_progress,8,-0.03230054742804375,0.8785148295452858,0.0
robocasa/CloseMicrowave,6,1610349,1,oracle_real_utility,1,-0.05157315326532077,0.5767925718203873,0.0
robocasa/CloseMicrowave,6,1610349,1,oracle_real_utility,2,-0.039742828657245904,0.76200220462794,0.0
robocasa/CloseMicrowave,6,1610349,1,oracle_real_utility,4,-0.032482113930288055,0.8756723153857109,0.0
robocasa/CloseMicrowave,6,1610349,1,oracle_real_utility,8,-0.028334125271022286,0.9406111468991026,0.0
robocasa/TurnOffSinkFaucet,7,1700345,0,random,1,-0.05380429677575732,0.46883809431848883,0.0
robocasa/TurnOffSinkFaucet,7,1700345,0,random,2,-0.05137078709213095,0.5007293221755057,0.0
robocasa/TurnOffSinkFaucet,7,1700345,0,random,4,-0.05090124191904154,0.5068827277710989,0.0
robocasa/TurnOffSinkFaucet,7,1700345,0,random,8,-0.0524307990671882,0.48683782889106497,0.0
robocasa/TurnOffSinkFaucet,7,1700345,0,learned_wam,1,-0.05380429677575732,0.46883809431848883,0.0
robocasa/TurnOffSinkFaucet,7,1700345,0,learned_wam,2,-0.043292818420523356,0.606591378637178,0.0
robocasa/TurnOffSinkFaucet,7,1700345,0,learned_wam,4,-0.03343687287132387,0.7357538830523982,0.0
robocasa/TurnOffSinkFaucet,7,1700345,0,learned_wam,8,-0.023838678505993402,0.8615385493638743,0.0
robocasa/TurnOffSinkFaucet,7,1700345,0,learned_physics_score,1,-0.05380429677575732,0.46883809431848883,0.0
robocasa/TurnOffSinkFaucet,7,1700345,0,learned_physics_score,2,-0.043292818420523356,0.606591378637178,0.0
robocasa/TurnOffSinkFaucet,7,1700345,0,learned_physics_score,4,-0.03343687287132387,0.7357538830523982,0.0
robocasa/TurnOffSinkFaucet,7,1700345,0,learned_physics_score,8,-0.023838678505993402,0.8615385493638743,0.0
robocasa/TurnOffSinkFaucet,7,1700345,0,learned_energy_regularized,1,-0.053804296775757335,0.46883809431848883,0.0
robocasa/TurnOffSinkFaucet,7,1700345,0,learned_energy_regularized,2,-0.0432187658359442,0.6075618402975959,0.0
robocasa/TurnOffSinkFaucet,7,1700345,0,learned_energy_regularized,4,-0.033407946080472636,0.7361329696384988,0.0
robocasa/TurnOffSinkFaucet,7,1700345,0,learned_energy_regularized,8,-0.023837823979212885,0.8615497479666374,0.0
robocasa/TurnOffSinkFaucet,7,1700345,0,predicted_progress,1,-0.05380429677575732,0.4688380943184889,0.0
robocasa/TurnOffSinkFaucet,7,1700345,0,predicted_progress,2,-0.04901292212508827,0.5316292234275859,0.0
robocasa/TurnOffSinkFaucet,7,1700345,0,predicted_progress,4,-0.038378959376396196,0.6709876699229383,0.0
robocasa/TurnOffSinkFaucet,7,1700345,0,predicted_progress,8,-0.0253663828067311,0.841517932112675,0.0
robocasa/TurnOffSinkFaucet,7,1700345,0,predicted_success,1,-0.05380429677575732,0.4688380943184889,0.0
robocasa/TurnOffSinkFaucet,7,1700345,0,predicted_success,2,-0.05380429677575732,0.4688380943184889,0.0
robocasa/TurnOffSinkFaucet,7,1700345,0,predicted_success,4,-0.05380429677575732,0.4688380943184889,0.0
robocasa/TurnOffSinkFaucet,7,1700345,0,predicted_success,8,-0.05380429677575732,0.4688380943184889,0.0
robocasa/TurnOffSinkFaucet,7,1700345,0,low_energy,1,-0.053804296775757335,0.46883809431848883,0.0
robocasa/TurnOffSinkFaucet,7,1700345,0,low_energy,2,-0.0432187658359442,0.6075618402975959,0.0
robocasa/TurnOffSinkFaucet,7,1700345,0,low_energy,4,-0.033407946080472636,0.7361329696384988,0.0
robocasa/TurnOffSinkFaucet,7,1700345,0,low_energy,8,-0.023837823979212885,0.8615497479666374,0.0
robocasa/TurnOffSinkFaucet,7,1700345,0,distance_progress,1,-0.05380429677575732,0.4688380943184889,0.0
robocasa/TurnOffSinkFaucet,7,1700345,0,distance_progress,2,-0.0463434620019244,0.5666125898862622,0.0
robocasa/TurnOffSinkFaucet,7,1700345,0,distance_progress,4,-0.035185235268188716,0.7128415338843569,0.0
robocasa/TurnOffSinkFaucet,7,1700345,0,distance_progress,8,-0.024453880212428093,0.853476309903747,0.0
robocasa/TurnOffSinkFaucet,7,1700345,0,oracle_real_utility,1,-0.05380429677575732,0.46883809431848883,0.0
robocasa/TurnOffSinkFaucet,7,1700345,0,oracle_real_utility,2,-0.043125755948913165,0.6087807380567543,0.0
robocasa/TurnOffSinkFaucet,7,1700345,0,oracle_real_utility,4,-0.03325814477687067,0.7380961208593846,0.0
robocasa/TurnOffSinkFaucet,7,1700345,0,oracle_real_utility,8,-0.023747521352700265,0.8627331669838609,0.0
robocasa/TurnOffSinkFaucet,7,1710352,1,random,1,-0.033747769710505214,0.38751462770725464,0.0
robocasa/TurnOffSinkFaucet,7,1710352,1,random,2,-0.035523633111271505,0.32191535935535354,0.0
robocasa/TurnOffSinkFaucet,7,1710352,1,random,4,-0.03785521334444027,0.235788263468571,0.0
robocasa/TurnOffSinkFaucet,7,1710352,1,random,8,-0.038802359800741607,0.20080127374365525,0.0
robocasa/TurnOffSinkFaucet,7,1710352,1,learned_wam,1,-0.033747769710505214,0.3875146277072546,0.0
robocasa/TurnOffSinkFaucet,7,1710352,1,learned_wam,2,-0.03185087980887454,0.45758453828561796,0.0
robocasa/TurnOffSinkFaucet,7,1710352,1,learned_wam,4,-0.029384437461675357,0.5486933551791899,0.0
robocasa/TurnOffSinkFaucet,7,1710352,1,learned_wam,8,-0.025290141264005153,0.6999340614560594,0.0
robocasa/TurnOffSinkFaucet,7,1710352,1,learned_physics_score,1,-0.033747769710505214,0.3875146277072546,0.0
robocasa/TurnOffSinkFaucet,7,1710352,1,learned_physics_score,2,-0.03185087980887454,0.45758453828561796,0.0
robocasa/TurnOffSinkFaucet,7,1710352,1,learned_physics_score,4,-0.029384437461675357,0.5486933551791899,0.0
robocasa/TurnOffSinkFaucet,7,1710352,1,learned_physics_score,8,-0.025290141264005153,0.6999340614560594,0.0
robocasa/TurnOffSinkFaucet,7,1710352,1,learned_energy_regularized,1,-0.033747769710505214,0.3875146277072546,0.0
robocasa/TurnOffSinkFaucet,7,1710352,1,learned_energy_regularized,2,-0.03308929062458333,0.4118384277488936,0.0
robocasa/TurnOffSinkFaucet,7,1710352,1,learned_energy_regularized,4,-0.029985314181577225,0.5264973500257283,0.0
robocasa/TurnOffSinkFaucet,7,1710352,1,learned_energy_regularized,8,-0.02439862420271239,0.7328661365913467,0.0
robocasa/TurnOffSinkFaucet,7,1710352,1,predicted_progress,1,-0.033747769710505214,0.3875146277072546,0.0
robocasa/TurnOffSinkFaucet,7,1710352,1,predicted_progress,2,-0.030582638681458527,0.5044325616281687,0.0
robocasa/TurnOffSinkFaucet,7,1710352,1,predicted_progress,4,-0.026071651824274737,0.6710655567383838,0.0
robocasa/TurnOffSinkFaucet,7,1710352,1,predicted_progress,8,-0.02193983136393267,0.8236923854927232,0.0
robocasa/TurnOffSinkFaucet,7,1710352,1,predicted_success,1,-0.03374776971050522,0.3875146277072546,0.0
robocasa/TurnOffSinkFaucet,7,1710352,1,predicted_success,2,-0.03374776971050522,0.3875146277072546,0.0
robocasa/TurnOffSinkFaucet,7,1710352,1,predicted_success,4,-0.03374776971050522,0.3875146277072546,0.0
robocasa/TurnOffSinkFaucet,7,1710352,1,predicted_success,8,-0.03374776971050522,0.3875146277072546,0.0
robocasa/TurnOffSinkFaucet,7,1710352,1,low_energy,1,-0.033747769710505214,0.3875146277072546,0.0
robocasa/TurnOffSinkFaucet,7,1710352,1,low_energy,2,-0.03292298380543641,0.41798169623072756,0.0
robocasa/TurnOffSinkFaucet,7,1710352,1,low_energy,4,-0.029920350580347956,0.5288970642764448,0.0
robocasa/TurnOffSinkFaucet,7,1710352,1,low_energy,8,-0.024396705111953416,0.7329370265875227,0.0
robocasa/TurnOffSinkFaucet,7,1710352,1,distance_progress,1,-0.033747769710505214,0.3875146277072546,0.0
robocasa/TurnOffSinkFaucet,7,1710352,1,distance_progress,2,-0.02987507810640511,0.5305694007668806,0.0
robocasa/TurnOffSinkFaucet,7,1710352,1,distance_progress,4,-0.026417401062785124,0.658293799029023,0.0
robocasa/TurnOffSinkFaucet,7,1710352,1,distance_progress,8,-0.024837977604875307,0.7166367004098423,0.0
robocasa/TurnOffSinkFaucet,7,1710352,1,oracle_real_utility,1,-0.033747769710505214,0.3875146277072546,0.0
robocasa/TurnOffSinkFaucet,7,1710352,1,oracle_real_utility,2,-0.029395563772587292,0.5482823563067748,0.0
robocasa/TurnOffSinkFaucet,7,1710352,1,oracle_real_utility,4,-0.024984080397980404,0.7112397558432003,0.0
robocasa/TurnOffSinkFaucet,7,1710352,1,oracle_real_utility,8,-0.020992269131358654,0.8586947337296018,0.0
robocasa/TurnOnStove,8,1800348,0,random,1,-0.0645449557138235,0.5152525956993292,0.0
robocasa/TurnOnStove,8,1800348,0,random,2,-0.05827612324491465,0.6605985397434105,0.0
robocasa/TurnOnStove,8,1800348,0,random,4,-0.05217831370708953,0.8019792335603027,0.0
robocasa/TurnOnStove,8,1800348,0,random,8,-0.049658875181558045,0.8603936468933394,0.0
robocasa/TurnOnStove,8,1800348,0,learned_wam,1,-0.0645449557138235,0.5152525956993292,0.0
robocasa/TurnOnStove,8,1800348,0,learned_wam,2,-0.05757033178706137,0.676962659577321,0.0
robocasa/TurnOnStove,8,1800348,0,learned_wam,4,-0.05411004829476006,0.7571910232069246,0.0
robocasa/TurnOnStove,8,1800348,0,learned_wam,8,-0.05337188906541295,0.7743056056393661,0.0
robocasa/TurnOnStove,8,1800348,0,learned_physics_score,1,-0.0645449557138235,0.5152525956993292,0.0
robocasa/TurnOnStove,8,1800348,0,learned_physics_score,2,-0.05757033178706137,0.676962659577321,0.0
robocasa/TurnOnStove,8,1800348,0,learned_physics_score,4,-0.05411004829476006,0.7571910232069246,0.0
robocasa/TurnOnStove,8,1800348,0,learned_physics_score,8,-0.05337188906541295,0.7743056056393661,0.0
robocasa/TurnOnStove,8,1800348,0,learned_energy_regularized,1,-0.0645449557138235,0.5152525956993292,0.0
robocasa/TurnOnStove,8,1800348,0,learned_energy_regularized,2,-0.05757033178706137,0.676962659577321,0.0
robocasa/TurnOnStove,8,1800348,0,learned_energy_regularized,4,-0.05411004829476006,0.7571910232069246,0.0
robocasa/TurnOnStove,8,1800348,0,learned_energy_regularized,8,-0.05337188906541295,0.7743056056393661,0.0
robocasa/TurnOnStove,8,1800348,0,predicted_progress,1,-0.0645449557138235,0.5152525956993292,0.0
robocasa/TurnOnStove,8,1800348,0,predicted_progress,2,-0.057161900754898784,0.6864323326370163,0.0
robocasa/TurnOnStove,8,1800348,0,predicted_progress,4,-0.050958813290206864,0.8302539466321637,0.0
robocasa/TurnOnStove,8,1800348,0,predicted_progress,8,-0.04641148236489491,0.9356860361796698,0.0
robocasa/TurnOnStove,8,1800348,0,predicted_success,1,-0.0645449557138235,0.5152525956993292,0.0
robocasa/TurnOnStove,8,1800348,0,predicted_success,2,-0.0645449557138235,0.5152525956993292,0.0
robocasa/TurnOnStove,8,1800348,0,predicted_success,4,-0.0645449557138235,0.5152525956993292,0.0
robocasa/TurnOnStove,8,1800348,0,predicted_success,8,-0.0645449557138235,0.5152525956993292,0.0
robocasa/TurnOnStove,8,1800348,0,low_energy,1,-0.0645449557138235,0.5152525956993292,0.0
robocasa/TurnOnStove,8,1800348,0,low_energy,2,-0.06192554217792513,0.5759849785003105,0.0
robocasa/TurnOnStove,8,1800348,0,low_energy,4,-0.05804567566143927,0.6659415795740374,0.0
robocasa/TurnOnStove,8,1800348,0,low_energy,8,-0.0542341764250568,0.7543130518510324,0.0
robocasa/TurnOnStove,8,1800348,0,distance_progress,1,-0.0645449557138235,0.5152525956993292,0.0
robocasa/TurnOnStove,8,1800348,0,distance_progress,2,-0.05593920054492146,0.7147812344753492,0.0
robocasa/TurnOnStove,8,1800348,0,distance_progress,4,-0.04918610106514645,0.8713551458024674,0.0
robocasa/TurnOnStove,8,1800348,0,distance_progress,8,-0.04538556794804758,0.9594723632452999,0.0
robocasa/TurnOnStove,8,1800348,0,oracle_real_utility,1,-0.0645449557138235,0.5152525956993292,0.0
robocasa/TurnOnStove,8,1800348,0,oracle_real_utility,2,-0.0558235573955835,0.7174624774015432,0.0
robocasa/TurnOnStove,8,1800348,0,oracle_real_utility,4,-0.04901082941693109,0.8754189046124801,0.0
robocasa/TurnOnStove,8,1800348,0,oracle_real_utility,8,-0.045326870703321545,0.9608332875465642,0.0
robocasa/TurnOnStove,8,1810355,1,random,1,-0.046394486108542715,0.5265949079878903,0.0
robocasa/TurnOnStove,8,1810355,1,random,2,-0.046766072517989365,0.5185390727204616,0.0
robocasa/TurnOnStove,8,1810355,1,random,4,-0.0535430495163184,0.37161709462392445,0.0
robocasa/TurnOnStove,8,1810355,1,random,8,-0.0626188873444083,0.1748567917757476,0.0
robocasa/TurnOnStove,8,1810355,1,learned_wam,1,-0.046394486108542715,0.5265949079878904,0.0
robocasa/TurnOnStove,8,1810355,1,learned_wam,2,-0.03893216686941067,0.6883748142899857,0.0
robocasa/TurnOnStove,8,1810355,1,learned_wam,4,-0.032240438670791176,0.8334486346774488,0.0
robocasa/TurnOnStove,8,1810355,1,learned_wam,8,-0.027912156591095562,0.9272839487216706,0.0
robocasa/TurnOnStove,8,1810355,1,learned_physics_score,1,-0.046394486108542715,0.5265949079878904,0.0
robocasa/TurnOnStove,8,1810355,1,learned_physics_score,2,-0.03893216686941067,0.6883748142899857,0.0
robocasa/TurnOnStove,8,1810355,1,learned_physics_score,4,-0.032240438670791176,0.8334486346774488,0.0
robocasa/TurnOnStove,8,1810355,1,learned_physics_score,8,-0.027912156591095562,0.9272839487216706,0.0
robocasa/TurnOnStove,8,1810355,1,learned_energy_regularized,1,-0.046394486108542715,0.5265949079878904,0.0
robocasa/TurnOnStove,8,1810355,1,learned_energy_regularized,2,-0.03951892955475312,0.6756540489066879,0.0
robocasa/TurnOnStove,8,1810355,1,learned_energy_regularized,4,-0.03402910159854344,0.7946711833804909,0.0
robocasa/TurnOnStove,8,1810355,1,learned_energy_regularized,8,-0.02979974498770551,0.8863618353471698,0.0
robocasa/TurnOnStove,8,1810355,1,predicted_progress,1,-0.04639448610854271,0.5265949079878903,0.0
robocasa/TurnOnStove,8,1810355,1,predicted_progress,2,-0.040752794126206485,0.6489043899384102,0.0
robocasa/TurnOnStove,8,1810355,1,predicted_progress,4,-0.03509165781924479,0.7716354165743302,0.0
robocasa/TurnOnStove,8,1810355,1,predicted_progress,8,-0.031262046514341564,0.8546597603777655,0.0
robocasa/TurnOnStove,8,1810355,1,predicted_success,1,-0.046394486108542715,0.5265949079878903,0.0
robocasa/TurnOnStove,8,1810355,1,predicted_success,2,-0.046394486108542715,0.5265949079878903,0.0
robocasa/TurnOnStove,8,1810355,1,predicted_success,4,-0.046394486108542715,0.5265949079878903,0.0
robocasa/TurnOnStove,8,1810355,1,predicted_success,8,-0.046394486108542715,0.5265949079878903,0.0
robocasa/TurnOnStove,8,1810355,1,low_energy,1,-0.046394486108542715,0.5265949079878903,0.0
robocasa/TurnOnStove,8,1810355,1,low_energy,2,-0.04093869073969408,0.6448742304466812,0.0
robocasa/TurnOnStove,8,1810355,1,low_energy,4,-0.036770141635566946,0.7352466015380861,0.0
robocasa/TurnOnStove,8,1810355,1,low_energy,8,-0.035260440460696,0.7679762807153057,0.0
robocasa/TurnOnStove,8,1810355,1,distance_progress,1,-0.04639448610854271,0.5265949079878903,0.0
robocasa/TurnOnStove,8,1810355,1,distance_progress,2,-0.039936453651066,0.6666023041319331,0.0
robocasa/TurnOnStove,8,1810355,1,distance_progress,4,-0.03693668813166958,0.7316359443588631,0.0
robocasa/TurnOnStove,8,1810355,1,distance_progress,8,-0.035378325115226844,0.7654205915584487,0.0
robocasa/TurnOnStove,8,1810355,1,oracle_real_utility,1,-0.04639448610854271,0.5265949079878904,0.0
robocasa/TurnOnStove,8,1810355,1,oracle_real_utility,2,-0.03744798512568641,0.7205512430570454,0.0
robocasa/TurnOnStove,8,1810355,1,oracle_real_utility,4,-0.031094975546880094,0.8582817878729148,0.0
robocasa/TurnOnStove,8,1810355,1,oracle_real_utility,8,-0.0275025153465677,0.9361647966234417,0.0
robocasa/TurnOffStove,9,1900351,0,random,1,-0.059757156564581144,0.3183565729304553,0.0
robocasa/TurnOffStove,9,1900351,0,random,2,-0.052451500953395874,0.4402489510024609,0.0
robocasa/TurnOffStove,9,1900351,0,random,4,-0.04386972896217296,0.5834328966678358,0.0
robocasa/TurnOffStove,9,1900351,0,random,8,-0.03400268868052181,0.7480611064374452,0.0
robocasa/TurnOffStove,9,1900351,0,learned_wam,1,-0.059757156564581144,0.3183565729304552,0.0
robocasa/TurnOffStove,9,1900351,0,learned_wam,2,-0.05148402085103524,0.4563910273184498,0.0
robocasa/TurnOffStove,9,1900351,0,learned_wam,4,-0.04068269077056336,0.6366075444827186,0.0
robocasa/TurnOffStove,9,1900351,0,learned_wam,8,-0.029975027921387617,0.8152612557637444,0.0
robocasa/TurnOffStove,9,1900351,0,learned_physics_score,1,-0.059757156564581144,0.3183565729304552,0.0
robocasa/TurnOffStove,9,1900351,0,learned_physics_score,2,-0.05148402085103524,0.4563910273184498,0.0
robocasa/TurnOffStove,9,1900351,0,learned_physics_score,4,-0.04068269077056336,0.6366075444827186,0.0
robocasa/TurnOffStove,9,1900351,0,learned_physics_score,8,-0.029975027921387617,0.8152612557637444,0.0
robocasa/TurnOffStove,9,1900351,0,learned_energy_regularized,1,-0.05975715656458115,0.3183565729304552,0.0
robocasa/TurnOffStove,9,1900351,0,learned_energy_regularized,2,-0.05188463293975628,0.44970695092921553,0.0
robocasa/TurnOffStove,9,1900351,0,learned_energy_regularized,4,-0.04197188691701728,0.6150977454371762,0.0
robocasa/TurnOffStove,9,1900351,0,learned_energy_regularized,8,-0.031933699133911406,0.7825814930344184,0.0
robocasa/TurnOffStove,9,1900351,0,predicted_progress,1,-0.05975715656458115,0.3183565729304552,0.0
robocasa/TurnOffStove,9,1900351,0,predicted_progress,2,-0.05472276985045069,0.40235360227029204,0.0
robocasa/TurnOffStove,9,1900351,0,predicted_progress,4,-0.051920206361805166,0.44911342048643654,0.0
robocasa/TurnOffStove,9,1900351,0,predicted_progress,8,-0.05148153581753066,0.4564324892569237,0.0
robocasa/TurnOffStove,9,1900351,0,predicted_success,1,-0.05975715656458115,0.3183565729304553,0.0
robocasa/TurnOffStove,9,1900351,0,predicted_success,2,-0.05975715656458115,0.3183565729304553,0.0
robocasa/TurnOffStove,9,1900351,0,predicted_success,4,-0.05975715656458115,0.3183565729304553,0.0
robocasa/TurnOffStove,9,1900351,0,predicted_success,8,-0.05975715656458115,0.3183565729304553,0.0
robocasa/TurnOffStove,9,1900351,0,low_energy,1,-0.05975715656458115,0.3183565729304553,0.0
robocasa/TurnOffStove,9,1900351,0,low_energy,2,-0.05319366638913288,0.42786617323418985,0.0
robocasa/TurnOffStove,9,1900351,0,low_energy,4,-0.04452369329897927,0.5725217242241804,0.0
robocasa/TurnOffStove,9,1900351,0,low_energy,8,-0.033493775632124426,0.7565521474887172,0.0
robocasa/TurnOffStove,9,1900351,0,distance_progress,1,-0.05975715656458115,0.3183565729304552,0.0
robocasa/TurnOffStove,9,1900351,0,distance_progress,2,-0.053010562729854944,0.43092119548693636,0.0
robocasa/TurnOffStove,9,1900351,0,distance_progress,4,-0.04646959095212503,0.5400550839867834,0.0
robocasa/TurnOffStove,9,1900351,0,distance_progress,8,-0.04262175345951101,0.6042549432973227,0.0
robocasa/TurnOffStove,9,1900351,0,oracle_real_utility,1,-0.059757156564581144,0.3183565729304552,0.0
robocasa/TurnOffStove,9,1900351,0,oracle_real_utility,2,-0.05075486982702356,0.46855666405532875,0.0
robocasa/TurnOffStove,9,1900351,0,oracle_real_utility,4,-0.04036936917580565,0.6418352086813783,0.0
robocasa/TurnOffStove,9,1900351,0,oracle_real_utility,8,-0.029940170867669237,0.8158428338446783,0.0
robocasa/TurnOffStove,9,1910358,1,random,1,-0.05566971752944131,0.3787794957096157,0.0
robocasa/TurnOffStove,9,1910358,1,random,2,-0.05376962795706967,0.4258234141487761,0.0
robocasa/TurnOffStove,9,1910358,1,random,4,-0.04966653274495758,0.5274110862845591,0.0
robocasa/TurnOffStove,9,1910358,1,random,8,-0.042551245140692945,0.7035769968781276,0.0
robocasa/TurnOffStove,9,1910358,1,learned_wam,1,-0.055669717529441304,0.37877949570961567,0.0
robocasa/TurnOffStove,9,1910358,1,learned_wam,2,-0.04823024717478514,0.5629717788966436,0.0
robocasa/TurnOffStove,9,1910358,1,learned_wam,4,-0.04067273416930743,0.750086655269981,0.0
robocasa/TurnOffStove,9,1910358,1,learned_wam,8,-0.035924198837856955,0.8676546436882311,0.0
robocasa/TurnOffStove,9,1910358,1,learned_physics_score,1,-0.055669717529441304,0.37877949570961567,0.0
robocasa/TurnOffStove,9,1910358,1,learned_physics_score,2,-0.04823024717478514,0.5629717788966436,0.0
robocasa/TurnOffStove,9,1910358,1,learned_physics_score,4,-0.04067273416930743,0.750086655269981,0.0
robocasa/TurnOffStove,9,1910358,1,learned_physics_score,8,-0.035924198837856955,0.8676546436882311,0.0
robocasa/TurnOffStove,9,1910358,1,learned_energy_regularized,1,-0.05566971752944131,0.3787794957096157,0.0
robocasa/TurnOffStove,9,1910358,1,learned_energy_regularized,2,-0.048650630292471346,0.5525636016247979,0.0
robocasa/TurnOffStove,9,1910358,1,learned_energy_regularized,4,-0.04073197999464479,0.74861980033032,0.0
robocasa/TurnOffStove,9,1910358,1,learned_energy_regularized,8,-0.034425520367801374,0.9047601089973322,0.0
robocasa/TurnOffStove,9,1910358,1,predicted_progress,1,-0.05566971752944131,0.37877949570961567,0.0
robocasa/TurnOffStove,9,1910358,1,predicted_progress,2,-0.05253175524824121,0.4564716444211532,0.0
robocasa/TurnOffStove,9,1910358,1,predicted_progress,4,-0.05023525063783581,0.5133303194846761,0.0
robocasa/TurnOffStove,9,1910358,1,predicted_progress,8,-0.045265498431872206,0.6363753700126731,0.0
robocasa/TurnOffStove,9,1910358,1,predicted_success,1,-0.055669717529441304,0.3787794957096157,0.0
robocasa/TurnOffStove,9,1910358,1,predicted_success,2,-0.055669717529441304,0.3787794957096157,0.0
robocasa/TurnOffStove,9,1910358,1,predicted_success,4,-0.055669717529441304,0.3787794957096157,0.0
robocasa/TurnOffStove,9,1910358,1,predicted_success,8,-0.055669717529441304,0.3787794957096157,0.0
robocasa/TurnOffStove,9,1910358,1,low_energy,1,-0.05566971752944131,0.3787794957096157,0.0
robocasa/TurnOffStove,9,1910358,1,low_energy,2,-0.04925669632743497,0.5375581400233291,0.0
robocasa/TurnOffStove,9,1910358,1,low_energy,4,-0.041650548828886524,0.725877147590594,0.0
robocasa/TurnOffStove,9,1910358,1,low_energy,8,-0.03473314262279922,0.8971437542293168,0.0
robocasa/TurnOffStove,9,1910358,1,distance_progress,1,-0.055669717529441304,0.37877949570961567,0.0
robocasa/TurnOffStove,9,1910358,1,distance_progress,2,-0.04887053601657446,0.5471190020125285,0.0
robocasa/TurnOffStove,9,1910358,1,distance_progress,4,-0.04130476752130566,0.7344382743228022,0.0
robocasa/TurnOffStove,9,1910358,1,distance_progress,8,-0.03605720201664832,0.8643616459337096,0.0
robocasa/TurnOffStove,9,1910358,1,oracle_real_utility,1,-0.05566971752944131,0.3787794957096157,0.0
robocasa/TurnOffStove,9,1910358,1,oracle_real_utility,2,-0.047959523220912355,0.569674576380881,0.0
robocasa/TurnOffStove,9,1910358,1,oracle_real_utility,4,-0.039974684996147,0.7673695080608068,0.0
robocasa/TurnOffStove,9,1910358,1,oracle_real_utility,8,-0.034002109105094575,0.915243259475411,0.0
robocasa/OpenOven,10,2000354,0,random,1,-0.04635085436773612,0.5015105988594067,0.0
robocasa/OpenOven,10,2000354,0,random,2,-0.04850149317817272,0.4320525320037492,0.0
robocasa/OpenOven,10,2000354,0,random,4,-0.04981943109625826,0.38948777422956515,0.0
robocasa/OpenOven,10,2000354,0,random,8,-0.05144390402406647,0.337023014141839,0.0
robocasa/OpenOven,10,2000354,0,learned_wam,1,-0.04635085436773612,0.5015105988594069,0.0
robocasa/OpenOven,10,2000354,0,learned_wam,2,-0.04106413706542538,0.6722529671496531,0.0
robocasa/OpenOven,10,2000354,0,learned_wam,4,-0.03725768677780004,0.7951879189777319,0.0
robocasa/OpenOven,10,2000354,0,learned_wam,8,-0.03425890082423649,0.8920381544694552,0.0
robocasa/OpenOven,10,2000354,0,learned_physics_score,1,-0.04635085436773612,0.5015105988594069,0.0
robocasa/OpenOven,10,2000354,0,learned_physics_score,2,-0.04106413706542538,0.6722529671496531,0.0
robocasa/OpenOven,10,2000354,0,learned_physics_score,4,-0.03725768677780004,0.7951879189777319,0.0
robocasa/OpenOven,10,2000354,0,learned_physics_score,8,-0.03425890082423649,0.8920381544694552,0.0
robocasa/OpenOven,10,2000354,0,learned_energy_regularized,1,-0.04635085436773612,0.5015105988594067,0.0
robocasa/OpenOven,10,2000354,0,learned_energy_regularized,2,-0.0414100839563826,0.6610800997374189,0.0
robocasa/OpenOven,10,2000354,0,learned_energy_regularized,4,-0.035904789956497304,0.838881726327826,0.0
robocasa/OpenOven,10,2000354,0,learned_energy_regularized,8,-0.032591772751285636,0.9458805256691349,0.0
robocasa/OpenOven,10,2000354,0,predicted_progress,1,-0.04635085436773612,0.5015105988594069,0.0
robocasa/OpenOven,10,2000354,0,predicted_progress,2,-0.04339450881654108,0.5969901586752393,0.0
robocasa/OpenOven,10,2000354,0,predicted_progress,4,-0.0414141970193692,0.6609472622741879,0.0
robocasa/OpenOven,10,2000354,0,predicted_progress,8,-0.04198612774136276,0.6424759122119388,0.0
robocasa/OpenOven,10,2000354,0,predicted_success,1,-0.04635085436773612,0.5015105988594067,0.0
robocasa/OpenOven,10,2000354,0,predicted_success,2,-0.04635085436773612,0.5015105988594067,0.0
robocasa/OpenOven,10,2000354,0,predicted_success,4,-0.04635085436773612,0.5015105988594067,0.0
robocasa/OpenOven,10,2000354,0,predicted_success,8,-0.04635085436773612,0.5015105988594067,0.0
robocasa/OpenOven,10,2000354,0,low_energy,1,-0.04635085436773612,0.5015105988594067,0.0
robocasa/OpenOven,10,2000354,0,low_energy,2,-0.041384410899551624,0.6619092491460045,0.0
robocasa/OpenOven,10,2000354,0,low_energy,4,-0.035894761418672705,0.8392056128155547,0.0
robocasa/OpenOven,10,2000354,0,low_energy,8,-0.03259147649809306,0.9458900936049297,0.0
robocasa/OpenOven,10,2000354,0,distance_progress,1,-0.04635085436773612,0.5015105988594069,0.0
robocasa/OpenOven,10,2000354,0,distance_progress,2,-0.04146026045663671,0.6594595753181994,0.0
robocasa/OpenOven,10,2000354,0,distance_progress,4,-0.03963302695642451,0.7184727885098987,0.0
robocasa/OpenOven,10,2000354,0,distance_progress,8,-0.04141070607589187,0.6610600074661098,0.0
robocasa/OpenOven,10,2000354,0,oracle_real_utility,1,-0.04635085436773612,0.5015105988594067,0.0
robocasa/OpenOven,10,2000354,0,oracle_real_utility,2,-0.04025018456628071,0.6985407690941569,0.0
robocasa/OpenOven,10,2000354,0,oracle_real_utility,4,-0.03546942752937438,0.8529424009621717,0.0
robocasa/OpenOven,10,2000354,0,oracle_real_utility,8,-0.0325463338549809,0.9473480421493852,0.0
robocasa/OpenOven,10,2010361,1,random,1,-0.057027450345056366,0.4171472049219484,0.0
robocasa/OpenOven,10,2010361,1,random,2,-0.05663588277782544,0.423905216110824,0.0
robocasa/OpenOven,10,2010361,1,random,4,-0.05833471569182459,0.39458529076045457,0.0
robocasa/OpenOven,10,2010361,1,random,8,-0.05879904388751166,0.38657151381780763,0.0
robocasa/OpenOven,10,2010361,1,learned_wam,1,-0.057027450345056366,0.41714720492194834,0.0
robocasa/OpenOven,10,2010361,1,learned_wam,2,-0.049488111870989594,0.5472676184300865,0.0
robocasa/OpenOven,10,2010361,1,learned_wam,4,-0.04259952971431931,0.6661567174928091,0.0
robocasa/OpenOven,10,2010361,1,learned_wam,8,-0.03475186845602869,0.8015984318438776,0.0
robocasa/OpenOven,10,2010361,1,learned_physics_score,1,-0.057027450345056366,0.41714720492194834,0.0
robocasa/OpenOven,10,2010361,1,learned_physics_score,2,-0.049488111870989594,0.5472676184300865,0.0
robocasa/OpenOven,10,2010361,1,learned_physics_score,4,-0.04259952971431931,0.6661567174928091,0.0
robocasa/OpenOven,10,2010361,1,learned_physics_score,8,-0.03475186845602869,0.8015984318438776,0.0
robocasa/OpenOven,10,2010361,1,learned_energy_regularized,1,-0.057027450345056366,0.41714720492194834,0.0
robocasa/OpenOven,10,2010361,1,learned_energy_regularized,2,-0.049488111870989594,0.5472676184300865,0.0
robocasa/OpenOven,10,2010361,1,learned_energy_regularized,4,-0.04259952971431931,0.6661567174928091,0.0
robocasa/OpenOven,10,2010361,1,learned_energy_regularized,8,-0.03475186845602869,0.8015984318438776,0.0
robocasa/OpenOven,10,2010361,1,predicted_progress,1,-0.057027450345056366,0.41714720492194834,0.0
robocasa/OpenOven,10,2010361,1,predicted_progress,2,-0.04983651395513128,0.5412545944212097,0.0
robocasa/OpenOven,10,2010361,1,predicted_progress,4,-0.04334436406098677,0.6533017231830558,0.0
robocasa/OpenOven,10,2010361,1,predicted_progress,8,-0.03530617802685315,0.7920316786313386,0.0
robocasa/OpenOven,10,2010361,1,predicted_success,1,-0.05702745034505637,0.4171472049219483,0.0
robocasa/OpenOven,10,2010361,1,predicted_success,2,-0.05702745034505637,0.4171472049219483,0.0
robocasa/OpenOven,10,2010361,1,predicted_success,4,-0.05702745034505637,0.4171472049219483,0.0
robocasa/OpenOven,10,2010361,1,predicted_success,8,-0.05702745034505637,0.4171472049219483,0.0
robocasa/OpenOven,10,2010361,1,low_energy,1,-0.057027450345056366,0.41714720492194834,0.0
robocasa/OpenOven,10,2010361,1,low_energy,2,-0.049488111870989594,0.5472676184300865,0.0
robocasa/OpenOven,10,2010361,1,low_energy,4,-0.04259952971431931,0.6661567174928091,0.0
robocasa/OpenOven,10,2010361,1,low_energy,8,-0.03475186845602869,0.8015984318438776,0.0
robocasa/OpenOven,10,2010361,1,distance_progress,1,-0.057027450345056366,0.41714720492194834,0.0
robocasa/OpenOven,10,2010361,1,distance_progress,2,-0.048581488986212354,0.5629148990328794,0.0
robocasa/OpenOven,10,2010361,1,distance_progress,4,-0.04075795197961555,0.6979402562172323,0.0
robocasa/OpenOven,10,2010361,1,distance_progress,8,-0.032988521806734714,0.8320317909447534,0.0
robocasa/OpenOven,10,2010361,1,oracle_real_utility,1,-0.057027450345056366,0.41714720492194834,0.0
robocasa/OpenOven,10,2010361,1,oracle_real_utility,2,-0.048498501434422144,0.5643471698603684,0.0
robocasa/OpenOven,10,2010361,1,oracle_real_utility,4,-0.04059104284578542,0.7008209181727827,0.0
robocasa/OpenOven,10,2010361,1,oracle_real_utility,8,-0.03278913480865675,0.8354729839257147,0.0
robocasa/CloseOven,11,2100357,0,random,1,-0.04918205734237744,0.4939149226328731,0.0
robocasa/CloseOven,11,2100357,0,random,2,-0.04982045033838392,0.4700027461663736,0.0
robocasa/CloseOven,11,2100357,0,random,4,-0.049390608051934265,0.486103274634959,0.0
robocasa/CloseOven,11,2100357,0,random,8,-0.048798738239564154,0.5082728402271928,0.0
robocasa/CloseOven,11,2100357,0,learned_wam,1,-0.04918205734237745,0.4939149226328731,0.0
robocasa/CloseOven,11,2100357,0,learned_wam,2,-0.04331014307649762,0.7138582036529082,0.0
robocasa/CloseOven,11,2100357,0,learned_wam,4,-0.03898926567545485,0.8757045640456161,0.0
robocasa/CloseOven,11,2100357,0,learned_wam,8,-0.037010177318446205,0.9498349356687805,0.0
robocasa/CloseOven,11,2100357,0,learned_physics_score,1,-0.04918205734237745,0.4939149226328731,0.0
robocasa/CloseOven,11,2100357,0,learned_physics_score,2,-0.04331014307649762,0.7138582036529082,0.0
robocasa/CloseOven,11,2100357,0,learned_physics_score,4,-0.03898926567545485,0.8757045640456161,0.0
robocasa/CloseOven,11,2100357,0,learned_physics_score,8,-0.037010177318446205,0.9498349356687805,0.0
robocasa/CloseOven,11,2100357,0,learned_energy_regularized,1,-0.04918205734237745,0.4939149226328731,0.0
robocasa/CloseOven,11,2100357,0,learned_energy_regularized,2,-0.04330856834233848,0.7139171881990057,0.0
robocasa/CloseOven,11,2100357,0,learned_energy_regularized,4,-0.03898865054492393,0.8757276048839355,0.0
robocasa/CloseOven,11,2100357,0,learned_energy_regularized,8,-0.037010159146865576,0.9498356163185454,0.0
robocasa/CloseOven,11,2100357,0,predicted_progress,1,-0.04918205734237745,0.49391492263287307,0.0
robocasa/CloseOven,11,2100357,0,predicted_progress,2,-0.04722997456644046,0.5670337508584666,0.0
robocasa/CloseOven,11,2100357,0,predicted_progress,4,-0.04709025918719842,0.5722670457480077,0.0
robocasa/CloseOven,11,2100357,0,predicted_progress,8,-0.04517974937665562,0.6438286825711891,0.0
robocasa/CloseOven,11,2100357,0,predicted_success,1,-0.04918205734237745,0.4939149226328731,0.0
robocasa/CloseOven,11,2100357,0,predicted_success,2,-0.04918205734237745,0.4939149226328731,0.0
robocasa/CloseOven,11,2100357,0,predicted_success,4,-0.04918205734237745,0.4939149226328731,0.0
robocasa/CloseOven,11,2100357,0,predicted_success,8,-0.04918205734237745,0.4939149226328731,0.0
robocasa/CloseOven,11,2100357,0,low_energy,1,-0.04918205734237745,0.4939149226328731,0.0
robocasa/CloseOven,11,2100357,0,low_energy,2,-0.043271208445600576,0.7153165714146038,0.0
robocasa/CloseOven,11,2100357,0,low_energy,4,-0.03890050453855796,0.8790292746582373,0.0
robocasa/CloseOven,11,2100357,0,low_energy,8,-0.036941473082745376,0.9524083783887842,0.0
robocasa/CloseOven,11,2100357,0,distance_progress,1,-0.04918205734237745,0.49391492263287307,0.0
robocasa/CloseOven,11,2100357,0,distance_progress,2,-0.0463576370623735,0.5997087464584862,0.0
robocasa/CloseOven,11,2100357,0,distance_progress,4,-0.04464555099083446,0.6638380594750439,0.0
robocasa/CloseOven,11,2100357,0,distance_progress,8,-0.041930726266748805,0.7655267814441892,0.0
robocasa/CloseOven,11,2100357,0,oracle_real_utility,1,-0.04918205734237745,0.4939149226328731,0.0
robocasa/CloseOven,11,2100357,0,oracle_real_utility,2,-0.04323260805858848,0.7167624194606859,0.0
robocasa/CloseOven,11,2100357,0,oracle_real_utility,4,-0.03889107588879606,0.8793824419679628,0.0
robocasa/CloseOven,11,2100357,0,oracle_real_utility,8,-0.03694124972298839,0.9524167447367202,0.0
robocasa/CloseOven,11,2110364,1,random,1,-0.05432870583183469,0.5834322819172981,0.0
robocasa/CloseOven,11,2110364,1,random,2,-0.05554079815960337,0.553766990476005,0.0
robocasa/CloseOven,11,2110364,1,random,4,-0.061238756783784265,0.41431259468923926,0.0
robocasa/CloseOven,11,2110364,1,random,8,-0.06958430455114618,0.21005991435771962,0.0
robocasa/CloseOven,11,2110364,1,learned_wam,1,-0.05432870583183469,0.5834322819172981,0.0
robocasa/CloseOven,11,2110364,1,learned_wam,2,-0.04716683842531634,0.7587150380332257,0.0
robocasa/CloseOven,11,2110364,1,learned_wam,4,-0.0416056323249173,0.8948224911982283,0.0
robocasa/CloseOven,11,2110364,1,learned_wam,8,-0.03829760879210711,0.9757845433020662,0.0
robocasa/CloseOven,11,2110364,1,learned_physics_score,1,-0.05432870583183469,0.5834322819172981,0.0
robocasa/CloseOven,11,2110364,1,learned_physics_score,2,-0.04716683842531634,0.7587150380332257,0.0
robocasa/CloseOven,11,2110364,1,learned_physics_score,4,-0.0416056323249173,0.8948224911982283,0.0
robocasa/CloseOven,11,2110364,1,learned_physics_score,8,-0.03829760879210711,0.9757845433020662,0.0
robocasa/CloseOven,11,2110364,1,learned_energy_regularized,1,-0.054328705831834696,0.5834322819172981,0.0
robocasa/CloseOven,11,2110364,1,learned_energy_regularized,2,-0.050763148409229526,0.670697333983888,0.0
robocasa/CloseOven,11,2110364,1,learned_energy_regularized,4,-0.04897992908587985,0.7143406437541064,0.0
robocasa/CloseOven,11,2110364,1,learned_energy_regularized,8,-0.05132154370464069,0.6570309169970621,0.0
robocasa/CloseOven,11,2110364,1,predicted_progress,1,-0.054328705831834696,0.5834322819172981,0.0
robocasa/CloseOven,11,2110364,1,predicted_progress,2,-0.05139777737203087,0.6551651400187264,0.0
robocasa/CloseOven,11,2110364,1,predicted_progress,4,-0.0500067873488858,0.6892088539200361,0.0
robocasa/CloseOven,11,2110364,1,predicted_progress,8,-0.04560794692364429,0.7968680480498703,0.0
robocasa/CloseOven,11,2110364,1,predicted_success,1,-0.05432870583183469,0.5834322819172981,0.0
robocasa/CloseOven,11,2110364,1,predicted_success,2,-0.05432870583183469,0.5834322819172981,0.0
robocasa/CloseOven,11,2110364,1,predicted_success,4,-0.05432870583183469,0.5834322819172981,0.0
robocasa/CloseOven,11,2110364,1,predicted_success,8,-0.05432870583183469,0.5834322819172981,0.0
robocasa/CloseOven,11,2110364,1,low_energy,1,-0.054328705831834696,0.5834322819172981,0.0
robocasa/CloseOven,11,2110364,1,low_energy,2,-0.050763148409229526,0.670697333983888,0.0
robocasa/CloseOven,11,2110364,1,low_energy,4,-0.04897992908587985,0.7143406437541064,0.0
robocasa/CloseOven,11,2110364,1,low_energy,8,-0.05132154370464069,0.6570309169970621,0.0
robocasa/CloseOven,11,2110364,1,distance_progress,1,-0.05432870583183469,0.5834322819172981,0.0
robocasa/CloseOven,11,2110364,1,distance_progress,2,-0.04762955403284444,0.747390328654836,0.0
robocasa/CloseOven,11,2110364,1,distance_progress,4,-0.04235248377959239,0.8765437136177481,0.0
robocasa/CloseOven,11,2110364,1,distance_progress,8,-0.03887277887377645,0.9617075726702633,0.0
robocasa/CloseOven,11,2110364,1,oracle_real_utility,1,-0.05432870583183469,0.5834322819172981,0.0
robocasa/CloseOven,11,2110364,1,oracle_real_utility,2,-0.0468606660463593,0.7662084382016392,0.0
robocasa/CloseOven,11,2110364,1,oracle_real_utility,4,-0.0412774791403644,0.9028538594645967,0.0
robocasa/CloseOven,11,2110364,1,oracle_real_utility,8,-0.038218777936783334,0.9777138850231306,0.0
robocasa/OpenDishwasher,12,2200360,0,random,1,-0.05331649392843246,0.5473879096672017,0.0
robocasa/OpenDishwasher,12,2200360,0,random,2,-0.055029400847852225,0.4676305908480686,0.0
robocasa/OpenDishwasher,12,2200360,0,random,4,-0.05650983813160564,0.3986976517061974,0.0
robocasa/OpenDishwasher,12,2200360,0,random,8,-0.05752480072872444,0.3514384022220979,0.0
robocasa/OpenDishwasher,12,2200360,0,learned_wam,1,-0.05331649392843247,0.5473879096672017,0.0
robocasa/OpenDishwasher,12,2200360,0,learned_wam,2,-0.05144634541124106,0.6344667986796243,0.0
robocasa/OpenDishwasher,12,2200360,0,learned_wam,4,-0.05035011282830965,0.6855101861664348,0.0
robocasa/OpenDishwasher,12,2200360,0,learned_wam,8,-0.04854080981890249,0.7697559530120648,0.0
robocasa/OpenDishwasher,12,2200360,0,learned_physics_score,1,-0.05331649392843247,0.5473879096672017,0.0
robocasa/OpenDishwasher,12,2200360,0,learned_physics_score,2,-0.05144634541124106,0.6344667986796243,0.0
robocasa/OpenDishwasher,12,2200360,0,learned_physics_score,4,-0.05035011282830965,0.6855101861664348,0.0
robocasa/OpenDishwasher,12,2200360,0,learned_physics_score,8,-0.04854080981890249,0.7697559530120648,0.0
robocasa/OpenDishwasher,12,2200360,0,learned_energy_regularized,1,-0.053316493928432476,0.5473879096672017,0.0
robocasa/OpenDishwasher,12,2200360,0,learned_energy_regularized,2,-0.049829829446971424,0.7097359085633917,0.0
robocasa/OpenDishwasher,12,2200360,0,learned_energy_regularized,4,-0.04708465561212506,0.8375582101009148,0.0
robocasa/OpenDishwasher,12,2200360,0,learned_energy_regularized,8,-0.0454625872298378,0.9130858547416083,0.0
robocasa/OpenDishwasher,12,2200360,0,predicted_progress,1,-0.05331649392843247,0.5473879096672017,0.0
robocasa/OpenDishwasher,12,2200360,0,predicted_progress,2,-0.05407874185591936,0.5118957003226393,0.0
robocasa/OpenDishwasher,12,2200360,0,predicted_progress,4,-0.054409964723163284,0.49647311808921024,0.0
robocasa/OpenDishwasher,12,2200360,0,predicted_progress,8,-0.05501581553956285,0.4682631574821384,0.0
robocasa/OpenDishwasher,12,2200360,0,predicted_success,1,-0.05331649392843246,0.5473879096672017,0.0
robocasa/OpenDishwasher,12,2200360,0,predicted_success,2,-0.05331649392843246,0.5473879096672017,0.0
robocasa/OpenDishwasher,12,2200360,0,predicted_success,4,-0.05331649392843246,0.5473879096672017,0.0
robocasa/OpenDishwasher,12,2200360,0,predicted_success,8,-0.05331649392843246,0.5473879096672017,0.0
robocasa/OpenDishwasher,12,2200360,0,low_energy,1,-0.053316493928432476,0.5473879096672017,0.0
robocasa/OpenDishwasher,12,2200360,0,low_energy,2,-0.049762349687516694,0.7128779384236554,0.0
robocasa/OpenDishwasher,12,2200360,0,low_energy,4,-0.04684149065229576,0.8488805913738663,0.0
robocasa/OpenDishwasher,12,2200360,0,low_energy,8,-0.04478339097542218,0.9447109661764652,0.0
robocasa/OpenDishwasher,12,2200360,0,distance_progress,1,-0.05331649392843246,0.5473879096672017,0.0
robocasa/OpenDishwasher,12,2200360,0,distance_progress,2,-0.05331649392843246,0.5473879096672017,0.0
robocasa/OpenDishwasher,12,2200360,0,distance_progress,4,-0.05331649392843246,0.5473879096672017,0.0
robocasa/OpenDishwasher,12,2200360,0,distance_progress,8,-0.05331649392843246,0.5473879096672017,0.0
robocasa/OpenDishwasher,12,2200360,0,oracle_real_utility,1,-0.053316493928432476,0.5473879096672017,0.0
robocasa/OpenDishwasher,12,2200360,0,oracle_real_utility,2,-0.049762349687516694,0.7128779384236554,0.0
robocasa/OpenDishwasher,12,2200360,0,oracle_real_utility,4,-0.04684149065229576,0.8488805913738663,0.0
robocasa/OpenDishwasher,12,2200360,0,oracle_real_utility,8,-0.04478339097542218,0.9447109661764652,0.0
robocasa/OpenDishwasher,12,2210367,1,random,1,-0.05737376883625984,0.45251722563963304,0.0
robocasa/OpenDishwasher,12,2210367,1,random,2,-0.059977102745324376,0.3652917459470734,0.0
robocasa/OpenDishwasher,12,2210367,1,random,4,-0.060612359659571666,0.34400727341732934,0.0
robocasa/OpenDishwasher,12,2210367,1,random,8,-0.06037624329546084,0.3519184226752556,0.0
robocasa/OpenDishwasher,12,2210367,1,learned_wam,1,-0.05737376883625984,0.45251722563963304,0.0
robocasa/OpenDishwasher,12,2210367,1,learned_wam,2,-0.052992274556308984,0.5993204993219743,0.0
robocasa/OpenDishwasher,12,2210367,1,learned_wam,4,-0.04894206655473681,0.7350239273615693,0.0
robocasa/OpenDishwasher,12,2210367,1,learned_wam,8,-0.04605530255044819,0.8317458169956846,0.0
robocasa/OpenDishwasher,12,2210367,1,learned_physics_score,1,-0.05737376883625984,0.45251722563963304,0.0
robocasa/OpenDishwasher,12,2210367,1,learned_physics_score,2,-0.052992274556308984,0.5993204993219743,0.0
robocasa/OpenDishwasher,12,2210367,1,learned_physics_score,4,-0.04894206655473681,0.7350239273615693,0.0
robocasa/OpenDishwasher,12,2210367,1,learned_physics_score,8,-0.04605530255044819,0.8317458169956846,0.0
robocasa/OpenDishwasher,12,2210367,1,learned_energy_regularized,1,-0.05737376883625984,0.45251722563963304,0.0
robocasa/OpenDishwasher,12,2210367,1,learned_energy_regularized,2,-0.052513511683791876,0.6153615922716292,0.0
robocasa/OpenDishwasher,12,2210367,1,learned_energy_regularized,4,-0.047747638172877485,0.7750436068207919,0.0
robocasa/OpenDishwasher,12,2210367,1,learned_energy_regularized,8,-0.043767074321261465,0.9084135868280181,0.0
robocasa/OpenDishwasher,12,2210367,1,predicted_progress,1,-0.057373768836259845,0.452517225639633,0.0
robocasa/OpenDishwasher,12,2210367,1,predicted_progress,2,-0.05768910216167569,0.4419518884477048,0.0
robocasa/OpenDishwasher,12,2210367,1,predicted_progress,4,-0.058216896738449576,0.42426797361144913,0.0
robocasa/OpenDishwasher,12,2210367,1,predicted_progress,8,-0.05840324794815878,0.4180242207061544,0.0
robocasa/OpenDishwasher,12,2210367,1,predicted_success,1,-0.057373768836259845,0.45251722563963304,0.0
robocasa/OpenDishwasher,12,2210367,1,predicted_success,2,-0.057373768836259845,0.45251722563963304,0.0
robocasa/OpenDishwasher,12,2210367,1,predicted_success,4,-0.057373768836259845,0.45251722563963304,0.0
robocasa/OpenDishwasher,12,2210367,1,predicted_success,8,-0.057373768836259845,0.45251722563963304,0.0
robocasa/OpenDishwasher,12,2210367,1,low_energy,1,-0.05737376883625984,0.45251722563963304,0.0
robocasa/OpenDishwasher,12,2210367,1,low_energy,2,-0.05244620805606246,0.6176166204081687,0.0
robocasa/OpenDishwasher,12,2210367,1,low_energy,4,-0.04765413556568092,0.7781764395845139,0.0
robocasa/OpenDishwasher,12,2210367,1,low_energy,8,-0.04373818870673027,0.9093814079649551,0.0
robocasa/OpenDishwasher,12,2210367,1,distance_progress,1,-0.057373768836259845,0.45251722563963304,0.0
robocasa/OpenDishwasher,12,2210367,1,distance_progress,2,-0.057373768836259845,0.45251722563963304,0.0
robocasa/OpenDishwasher,12,2210367,1,distance_progress,4,-0.057373768836259845,0.45251722563963304,0.0
robocasa/OpenDishwasher,12,2210367,1,distance_progress,8,-0.057373768836259845,0.45251722563963304,0.0
robocasa/OpenDishwasher,12,2210367,1,oracle_real_utility,1,-0.05737376883625984,0.45251722563963304,0.0
robocasa/OpenDishwasher,12,2210367,1,oracle_real_utility,2,-0.05244620805606246,0.6176166204081687,0.0
robocasa/OpenDishwasher,12,2210367,1,oracle_real_utility,4,-0.04765413556568092,0.7781764395845139,0.0
robocasa/OpenDishwasher,12,2210367,1,oracle_real_utility,8,-0.04373818870673027,0.9093814079649551,0.0
robocasa/CloseDishwasher,13,2300363,0,random,1,-0.04690048053860664,0.5632485412564499,0.0
robocasa/CloseDishwasher,13,2300363,0,random,2,-0.0467399406246841,0.5708511662200162,0.0
robocasa/CloseDishwasher,13,2300363,0,random,4,-0.045308976880914995,0.6386167480901164,0.0
robocasa/CloseDishwasher,13,2300363,0,random,8,-0.04398765086738869,0.7011902594991924,0.0
robocasa/CloseDishwasher,13,2300363,0,learned_wam,1,-0.04690048053860665,0.5632485412564499,0.0
robocasa/CloseDishwasher,13,2300363,0,learned_wam,2,-0.044561440814286465,0.6740175167990002,0.0
robocasa/CloseDishwasher,13,2300363,0,learned_wam,4,-0.043528357358009084,0.7229408398670008,0.0
robocasa/CloseDishwasher,13,2300363,0,learned_wam,8,-0.04214242564866033,0.7885738575623783,0.0
robocasa/CloseDishwasher,13,2300363,0,learned_physics_score,1,-0.04690048053860665,0.5632485412564499,0.0
robocasa/CloseDishwasher,13,2300363,0,learned_physics_score,2,-0.044561440814286465,0.6740175167990002,0.0
robocasa/CloseDishwasher,13,2300363,0,learned_physics_score,4,-0.043528357358009084,0.7229408398670008,0.0
robocasa/CloseDishwasher,13,2300363,0,learned_physics_score,8,-0.04214242564866033,0.7885738575623783,0.0
robocasa/CloseDishwasher,13,2300363,0,learned_energy_regularized,1,-0.04690048053860665,0.5632485412564499,0.0
robocasa/CloseDishwasher,13,2300363,0,learned_energy_regularized,2,-0.043314206991344695,0.7330822737558037,0.0
robocasa/CloseDishwasher,13,2300363,0,learned_energy_regularized,4,-0.040662697045190724,0.8586487775319296,0.0
robocasa/CloseDishwasher,13,2300363,0,learned_energy_regularized,8,-0.03928538998636533,0.9238733610767659,0.0
robocasa/CloseDishwasher,13,2300363,0,predicted_progress,1,-0.04690048053860665,0.5632485412564499,0.0
robocasa/CloseDishwasher,13,2300363,0,predicted_progress,2,-0.04617938114330172,0.5973973590177615,0.0
robocasa/CloseDishwasher,13,2300363,0,predicted_progress,4,-0.045968319304229226,0.6073925307316504,0.0
robocasa/CloseDishwasher,13,2300363,0,predicted_progress,8,-0.04597913778381234,0.6068802042893549,0.0
robocasa/CloseDishwasher,13,2300363,0,predicted_success,1,-0.04690048053860664,0.5632485412564499,0.0
robocasa/CloseDishwasher,13,2300363,0,predicted_success,2,-0.04690048053860664,0.5632485412564499,0.0
robocasa/CloseDishwasher,13,2300363,0,predicted_success,4,-0.04690048053860664,0.5632485412564499,0.0
robocasa/CloseDishwasher,13,2300363,0,predicted_success,8,-0.04690048053860664,0.5632485412564499,0.0
robocasa/CloseDishwasher,13,2300363,0,low_energy,1,-0.04690048053860665,0.5632485412564499,0.0
robocasa/CloseDishwasher,13,2300363,0,low_energy,2,-0.04326479790732265,0.7354221201306694,0.0
robocasa/CloseDishwasher,13,2300363,0,low_energy,4,-0.04043495204852661,0.8694340069160766,0.0
robocasa/CloseDishwasher,13,2300363,0,low_energy,8,-0.03863256541454597,0.9547889151298089,0.0
robocasa/CloseDishwasher,13,2300363,0,distance_progress,1,-0.04690048053860664,0.5632485412564499,0.0
robocasa/CloseDishwasher,13,2300363,0,distance_progress,2,-0.04690048053860664,0.5632485412564499,0.0
robocasa/CloseDishwasher,13,2300363,0,distance_progress,4,-0.04690048053860664,0.5632485412564499,0.0
robocasa/CloseDishwasher,13,2300363,0,distance_progress,8,-0.04690048053860664,0.5632485412564499,0.0
robocasa/CloseDishwasher,13,2300363,0,oracle_real_utility,1,-0.04690048053860665,0.5632485412564499,0.0
robocasa/CloseDishwasher,13,2300363,0,oracle_real_utility,2,-0.04326479790732265,0.7354221201306694,0.0
robocasa/CloseDishwasher,13,2300363,0,oracle_real_utility,4,-0.04043495204852661,0.8694340069160766,0.0
robocasa/CloseDishwasher,13,2300363,0,oracle_real_utility,8,-0.03863256541454597,0.9547889151298089,0.0
robocasa/CloseDishwasher,13,2310370,1,random,1,-0.0542320042103529,0.38499194385624574,0.0
robocasa/CloseDishwasher,13,2310370,1,random,2,-0.05628840087912977,0.33696161922454443,0.0
robocasa/CloseDishwasher,13,2310370,1,random,4,-0.054053665201499825,0.3891573272279294,0.0
robocasa/CloseDishwasher,13,2310370,1,random,8,-0.05282572477533844,0.41783777501916275,0.0
robocasa/CloseDishwasher,13,2310370,1,learned_wam,1,-0.05423200421035289,0.38499194385624574,0.0
robocasa/CloseDishwasher,13,2310370,1,learned_wam,2,-0.04755970464088023,0.5408338197100654,0.0
robocasa/CloseDishwasher,13,2310370,1,learned_wam,4,-0.04128230760819861,0.6874521360590751,0.0
robocasa/CloseDishwasher,13,2310370,1,learned_wam,8,-0.03569803319744441,0.8178815015863781,0.0
robocasa/CloseDishwasher,13,2310370,1,learned_physics_score,1,-0.05423200421035289,0.38499194385624574,0.0
robocasa/CloseDishwasher,13,2310370,1,learned_physics_score,2,-0.04755970464088023,0.5408338197100654,0.0
robocasa/CloseDishwasher,13,2310370,1,learned_physics_score,4,-0.04128230760819861,0.6874521360590751,0.0
robocasa/CloseDishwasher,13,2310370,1,learned_physics_score,8,-0.03569803319744441,0.8178815015863781,0.0
robocasa/CloseDishwasher,13,2310370,1,learned_energy_regularized,1,-0.05423200421035289,0.38499194385624574,0.0
robocasa/CloseDishwasher,13,2310370,1,learned_energy_regularized,2,-0.04706199728883803,0.5524585446734596,0.0
robocasa/CloseDishwasher,13,2310370,1,learned_energy_regularized,4,-0.039848251548974076,0.7209467332398712,0.0
robocasa/CloseDishwasher,13,2310370,1,learned_energy_regularized,8,-0.033455573862665094,0.8702576075479297,0.0
robocasa/CloseDishwasher,13,2310370,1,predicted_progress,1,-0.0542320042103529,0.3849919438562458,0.0
robocasa/CloseDishwasher,13,2310370,1,predicted_progress,2,-0.05218010903336108,0.43291712918527964,0.0
robocasa/CloseDishwasher,13,2310370,1,predicted_progress,4,-0.053393150501797215,0.4045846695945153,0.0
robocasa/CloseDishwasher,13,2310370,1,predicted_progress,8,-0.05464533502218306,0.3753379634866436,0.0
robocasa/CloseDishwasher,13,2310370,1,predicted_success,1,-0.0542320042103529,0.38499194385624574,0.0
robocasa/CloseDishwasher,13,2310370,1,predicted_success,2,-0.0542320042103529,0.38499194385624574,0.0
robocasa/CloseDishwasher,13,2310370,1,predicted_success,4,-0.0542320042103529,0.38499194385624574,0.0
robocasa/CloseDishwasher,13,2310370,1,predicted_success,8,-0.0542320042103529,0.38499194385624574,0.0
robocasa/CloseDishwasher,13,2310370,1,low_energy,1,-0.0542320042103529,0.38499194385624574,0.0
robocasa/CloseDishwasher,13,2310370,1,low_energy,2,-0.04703739219345153,0.5530332347305635,0.0
robocasa/CloseDishwasher,13,2310370,1,low_energy,4,-0.0398271065451263,0.7214406075076949,0.0
robocasa/CloseDishwasher,13,2310370,1,low_energy,8,-0.03345310203349104,0.870315340941232,0.0
robocasa/CloseDishwasher,13,2310370,1,distance_progress,1,-0.0542320042103529,0.38499194385624574,0.0
robocasa/CloseDishwasher,13,2310370,1,distance_progress,2,-0.0542320042103529,0.38499194385624574,0.0
robocasa/CloseDishwasher,13,2310370,1,distance_progress,4,-0.0542320042103529,0.38499194385624574,0.0
robocasa/CloseDishwasher,13,2310370,1,distance_progress,8,-0.0542320042103529,0.38499194385624574,0.0
robocasa/CloseDishwasher,13,2310370,1,oracle_real_utility,1,-0.0542320042103529,0.38499194385624574,0.0
robocasa/CloseDishwasher,13,2310370,1,oracle_real_utility,2,-0.04703739219345153,0.5530332347305635,0.0
robocasa/CloseDishwasher,13,2310370,1,oracle_real_utility,4,-0.0398271065451263,0.7214406075076949,0.0
robocasa/CloseDishwasher,13,2310370,1,oracle_real_utility,8,-0.03345310203349104,0.870315340941232,0.0
robocasa/OpenFridge,14,2400366,0,random,1,-0.055102510348603514,0.5953196821177859,0.0
robocasa/OpenFridge,14,2400366,0,random,2,-0.05584909415307967,0.5833466101822433,0.0
robocasa/OpenFridge,14,2400366,0,random,4,-0.05710080765135801,0.5632727006389041,0.0
robocasa/OpenFridge,14,2400366,0,random,8,-0.05231793261299361,0.6399763560754547,0.0
robocasa/OpenFridge,14,2400366,0,learned_wam,1,-0.055102510348603514,0.5953196821177857,0.0
robocasa/OpenFridge,14,2400366,0,learned_wam,2,-0.04493574650981444,0.7583655372028766,0.0
robocasa/OpenFridge,14,2400366,0,learned_wam,4,-0.038852916802821214,0.8559167527755037,0.0
robocasa/OpenFridge,14,2400366,0,learned_wam,8,-0.03472935726182058,0.9220468706790599,0.0
robocasa/OpenFridge,14,2400366,0,learned_physics_score,1,-0.055102510348603514,0.5953196821177857,0.0
robocasa/OpenFridge,14,2400366,0,learned_physics_score,2,-0.04493574650981444,0.7583655372028766,0.0
robocasa/OpenFridge,14,2400366,0,learned_physics_score,4,-0.038852916802821214,0.8559167527755037,0.0
robocasa/OpenFridge,14,2400366,0,learned_physics_score,8,-0.03472935726182058,0.9220468706790599,0.0
robocasa/OpenFridge,14,2400366,0,learned_energy_regularized,1,-0.055102510348603514,0.5953196821177857,0.0
robocasa/OpenFridge,14,2400366,0,learned_energy_regularized,2,-0.04493574650981444,0.7583655372028766,0.0
robocasa/OpenFridge,14,2400366,0,learned_energy_regularized,4,-0.038852916802821214,0.8559167527755037,0.0
robocasa/OpenFridge,14,2400366,0,learned_energy_regularized,8,-0.03472935726182058,0.9220468706790599,0.0
robocasa/OpenFridge,14,2400366,0,predicted_progress,1,-0.055102510348603514,0.5953196821177859,0.0
robocasa/OpenFridge,14,2400366,0,predicted_progress,2,-0.0475499846352254,0.7164406240926258,0.0
robocasa/OpenFridge,14,2400366,0,predicted_progress,4,-0.04413521515307212,0.771203773799314,0.0
robocasa/OpenFridge,14,2400366,0,predicted_progress,8,-0.04611116617407378,0.7395151628574231,0.0
robocasa/OpenFridge,14,2400366,0,predicted_success,1,-0.055102510348603514,0.5953196821177857,0.0
robocasa/OpenFridge,14,2400366,0,predicted_success,2,-0.055102510348603514,0.5953196821177857,0.0
robocasa/OpenFridge,14,2400366,0,predicted_success,4,-0.055102510348603514,0.5953196821177857,0.0
robocasa/OpenFridge,14,2400366,0,predicted_success,8,-0.055102510348603514,0.5953196821177857,0.0
robocasa/OpenFridge,14,2400366,0,low_energy,1,-0.055102510348603514,0.5953196821177857,0.0
robocasa/OpenFridge,14,2400366,0,low_energy,2,-0.04460552617181744,0.7636613282951994,0.0
robocasa/OpenFridge,14,2400366,0,low_energy,4,-0.03807380319285954,0.8684115098839528,0.0
robocasa/OpenFridge,14,2400366,0,low_energy,8,-0.03412224810762292,0.9317831675721265,0.0
robocasa/OpenFridge,14,2400366,0,distance_progress,1,-0.05510251034860352,0.5953196821177857,0.0
robocasa/OpenFridge,14,2400366,0,distance_progress,2,-0.04691682871958003,0.7265946366481959,0.0
robocasa/OpenFridge,14,2400366,0,distance_progress,4,-0.042397960868009885,0.7990643708289731,0.0
robocasa/OpenFridge,14,2400366,0,distance_progress,8,-0.04266552370402459,0.7947734271148514,0.0
robocasa/OpenFridge,14,2400366,0,oracle_real_utility,1,-0.055102510348603514,0.5953196821177857,0.0
robocasa/OpenFridge,14,2400366,0,oracle_real_utility,2,-0.04443378836666955,0.7664155121962694,0.0
robocasa/OpenFridge,14,2400366,0,oracle_real_utility,4,-0.037597957688814077,0.8760427127254589,0.0
robocasa/OpenFridge,14,2400366,0,oracle_real_utility,8,-0.033480297293521914,0.9420782251801662,0.0
robocasa/OpenFridge,14,2410373,1,random,1,-0.04623785934870629,0.4626474474140249,0.0
robocasa/OpenFridge,14,2410373,1,random,2,-0.050102921337280934,0.35382835294916015,0.0
robocasa/OpenFridge,14,2410373,1,random,4,-0.05323603753156514,0.26561686549486874,0.0
robocasa/OpenFridge,14,2410373,1,random,8,-0.05686936876871193,0.16332204686428123,0.0
robocasa/OpenFridge,14,2410373,1,learned_wam,1,-0.046237859348706285,0.4626474474140249,0.0
robocasa/OpenFridge,14,2410373,1,learned_wam,2,-0.04202603433390889,0.5812295000459259,0.0
robocasa/OpenFridge,14,2410373,1,learned_wam,4,-0.03713132191868436,0.7190379425146818,0.0
robocasa/OpenFridge,14,2410373,1,learned_wam,8,-0.03208761080236345,0.8610413768820617,0.0
robocasa/OpenFridge,14,2410373,1,learned_physics_score,1,-0.046237859348706285,0.4626474474140249,0.0
robocasa/OpenFridge,14,2410373,1,learned_physics_score,2,-0.04202603433390889,0.5812295000459259,0.0
robocasa/OpenFridge,14,2410373,1,learned_physics_score,4,-0.03713132191868436,0.7190379425146818,0.0
robocasa/OpenFridge,14,2410373,1,learned_physics_score,8,-0.03208761080236345,0.8610413768820617,0.0
robocasa/OpenFridge,14,2410373,1,learned_energy_regularized,1,-0.046237859348706285,0.4626474474140249,0.0
robocasa/OpenFridge,14,2410373,1,learned_energy_regularized,2,-0.040543464296060615,0.6229705974659148,0.0
robocasa/OpenFridge,14,2410373,1,learned_energy_regularized,4,-0.03606055332457521,0.7491849541633474,0.0
robocasa/OpenFridge,14,2410373,1,learned_energy_regularized,8,-0.03182658648123862,0.8683904000910232,0.0
robocasa/OpenFridge,14,2410373,1,predicted_progress,1,-0.04623785934870629,0.46264744741402497,0.0
robocasa/OpenFridge,14,2410373,1,predicted_progress,2,-0.049416179757894634,0.37316325547364637,0.0
robocasa/OpenFridge,14,2410373,1,predicted_progress,4,-0.05235469456416239,0.2904306832057491,0.0
robocasa/OpenFridge,14,2410373,1,predicted_progress,8,-0.05360935889426152,0.2551061692232183,0.0
robocasa/OpenFridge,14,2410373,1,predicted_success,1,-0.04623785934870629,0.46264744741402486,0.0
robocasa/OpenFridge,14,2410373,1,predicted_success,2,-0.04623785934870629,0.46264744741402486,0.0
robocasa/OpenFridge,14,2410373,1,predicted_success,4,-0.04623785934870629,0.46264744741402486,0.0
robocasa/OpenFridge,14,2410373,1,predicted_success,8,-0.04623785934870629,0.46264744741402486,0.0
robocasa/OpenFridge,14,2410373,1,low_energy,1,-0.046237859348706285,0.4626474474140249,0.0
robocasa/OpenFridge,14,2410373,1,low_energy,2,-0.04027546487304457,0.6305160015541081,0.0
robocasa/OpenFridge,14,2410373,1,low_energy,4,-0.03565436669906652,0.7606209572345154,0.0
robocasa/OpenFridge,14,2410373,1,low_energy,8,-0.03169055743144826,0.8722202372483212,0.0
robocasa/OpenFridge,14,2410373,1,distance_progress,1,-0.04623785934870629,0.4626474474140249,0.0
robocasa/OpenFridge,14,2410373,1,distance_progress,2,-0.044446083197681965,0.5130941048840935,0.0
robocasa/OpenFridge,14,2410373,1,distance_progress,4,-0.042075503303304326,0.5798367233014302,0.0
robocasa/OpenFridge,14,2410373,1,distance_progress,8,-0.03949621912128673,0.6524553177468484,0.0
robocasa/OpenFridge,14,2410373,1,oracle_real_utility,1,-0.04623785934870629,0.4626474474140249,0.0
robocasa/OpenFridge,14,2410373,1,oracle_real_utility,2,-0.03966969282175984,0.6475712431693244,0.0
robocasa/OpenFridge,14,2410373,1,oracle_real_utility,4,-0.03433139669275406,0.7978685870310532,0.0
robocasa/OpenFridge,14,2410373,1,oracle_real_utility,8,-0.03057168691779677,0.9037215369632823,0.0
robocasa/CloseFridge,15,2500369,0,random,1,-0.053130670990449394,0.5550992846498771,0.0
robocasa/CloseFridge,15,2500369,0,random,2,-0.051923365676848174,0.5986822108103331,0.0
robocasa/CloseFridge,15,2500369,0,random,4,-0.048238218740679246,0.7317135865527331,0.0
robocasa/CloseFridge,15,2500369,0,random,8,-0.043508354070899743,0.9024585839693834,0.0
robocasa/CloseFridge,15,2500369,0,learned_wam,1,-0.053130670990449394,0.5550992846498771,0.0
robocasa/CloseFridge,15,2500369,0,learned_wam,2,-0.049879802795948294,0.672453484024431,0.0
robocasa/CloseFridge,15,2500369,0,learned_wam,4,-0.04910837901888127,0.7003013739786674,0.0
robocasa/CloseFridge,15,2500369,0,learned_wam,8,-0.050392248824374444,0.6539545201198516,0.0
robocasa/CloseFridge,15,2500369,0,learned_physics_score,1,-0.053130670990449394,0.5550992846498771,0.0
robocasa/CloseFridge,15,2500369,0,learned_physics_score,2,-0.049879802795948294,0.672453484024431,0.0
robocasa/CloseFridge,15,2500369,0,learned_physics_score,4,-0.04910837901888127,0.7003013739786674,0.0
robocasa/CloseFridge,15,2500369,0,learned_physics_score,8,-0.050392248824374444,0.6539545201198516,0.0
robocasa/CloseFridge,15,2500369,0,learned_energy_regularized,1,-0.053130670990449394,0.5550992846498771,0.0
robocasa/CloseFridge,15,2500369,0,learned_energy_regularized,2,-0.049028536310579254,0.7031836431289605,0.0
robocasa/CloseFridge,15,2500369,0,learned_energy_regularized,4,-0.04753949196641778,0.7569371626158046,0.0
robocasa/CloseFridge,15,2500369,0,learned_energy_regularized,8,-0.047365442334847956,0.7632202396100868,0.0
robocasa/CloseFridge,15,2500369,0,predicted_progress,1,-0.0531306709904494,0.5550992846498771,0.0
robocasa/CloseFridge,15,2500369,0,predicted_progress,2,-0.05091360432231977,0.6351339302373127,0.0
robocasa/CloseFridge,15,2500369,0,predicted_progress,4,-0.050054943305723576,0.6661310270458625,0.0
robocasa/CloseFridge,15,2500369,0,predicted_progress,8,-0.05029667201331432,0.6574047800103344,0.0
robocasa/CloseFridge,15,2500369,0,predicted_success,1,-0.0531306709904494,0.5550992846498771,0.0
robocasa/CloseFridge,15,2500369,0,predicted_success,2,-0.0531306709904494,0.5550992846498771,0.0
robocasa/CloseFridge,15,2500369,0,predicted_success,4,-0.0531306709904494,0.5550992846498771,0.0
robocasa/CloseFridge,15,2500369,0,predicted_success,8,-0.0531306709904494,0.5550992846498771,0.0
robocasa/CloseFridge,15,2500369,0,low_energy,1,-0.053130670990449394,0.5550992846498771,0.0
robocasa/CloseFridge,15,2500369,0,low_energy,2,-0.04891969386404957,0.7071127837173316,0.0
robocasa/CloseFridge,15,2500369,0,low_energy,4,-0.047522864490905134,0.7575374035236666,0.0
robocasa/CloseFridge,15,2500369,0,low_energy,8,-0.047363686571064316,0.7632836215255605,0.0
robocasa/CloseFridge,15,2500369,0,distance_progress,1,-0.053130670990449394,0.5550992846498771,0.0
robocasa/CloseFridge,15,2500369,0,distance_progress,2,-0.04909554901067287,0.700764528819523,0.0
robocasa/CloseFridge,15,2500369,0,distance_progress,4,-0.04451812580086183,0.866006489996086,0.0
robocasa/CloseFridge,15,2500369,0,distance_progress,8,-0.04171610809341271,0.9671574825977647,0.0
robocasa/CloseFridge,15,2500369,0,oracle_real_utility,1,-0.053130670990449394,0.5550992846498771,0.0
robocasa/CloseFridge,15,2500369,0,oracle_real_utility,2,-0.0473913121476809,0.7622863564160175,0.0
robocasa/CloseFridge,15,2500369,0,oracle_real_utility,4,-0.04338654084420849,0.9068559611733451,0.0
robocasa/CloseFridge,15,2500369,0,oracle_real_utility,8,-0.04148178171823625,0.9756165103115582,0.0
robocasa/CloseFridge,15,2510376,1,random,1,-0.04760961955647183,0.49929176597530023,0.0
robocasa/CloseFridge,15,2510376,1,random,2,-0.04506627695655586,0.5833966903224755,0.0
robocasa/CloseFridge,15,2510376,1,random,4,-0.041360050886574296,0.705956609398902,0.0
robocasa/CloseFridge,15,2510376,1,random,8,-0.03699334308469534,0.8503577723941603,0.0
robocasa/CloseFridge,15,2510376,1,learned_wam,1,-0.04760961955647183,0.4992917659753003,0.0
robocasa/CloseFridge,15,2510376,1,learned_wam,2,-0.04233631072626358,0.6736730075109905,0.0
robocasa/CloseFridge,15,2510376,1,learned_wam,4,-0.03930286914779904,0.7739848469292292,0.0
robocasa/CloseFridge,15,2510376,1,learned_wam,8,-0.038962691208365166,0.7852340745643931,0.0
robocasa/CloseFridge,15,2510376,1,learned_physics_score,1,-0.04760961955647183,0.4992917659753003,0.0
robocasa/CloseFridge,15,2510376,1,learned_physics_score,2,-0.04233631072626358,0.6736730075109905,0.0
robocasa/CloseFridge,15,2510376,1,learned_physics_score,4,-0.03930286914779904,0.7739848469292292,0.0
robocasa/CloseFridge,15,2510376,1,learned_physics_score,8,-0.038962691208365166,0.7852340745643931,0.0
robocasa/CloseFridge,15,2510376,1,learned_energy_regularized,1,-0.04760961955647183,0.49929176597530023,0.0
robocasa/CloseFridge,15,2510376,1,learned_energy_regularized,2,-0.04309088591578728,0.6487202193057195,0.0
robocasa/CloseFridge,15,2510376,1,learned_energy_regularized,4,-0.04053562775340937,0.7332191753022089,0.0
robocasa/CloseFridge,15,2510376,1,learned_energy_regularized,8,-0.04088601833036631,0.721632229458617,0.0
robocasa/CloseFridge,15,2510376,1,predicted_progress,1,-0.04760961955647183,0.4992917659753003,0.0
robocasa/CloseFridge,15,2510376,1,predicted_progress,2,-0.04416883946150103,0.6130737431231477,0.0
robocasa/CloseFridge,15,2510376,1,predicted_progress,4,-0.04356609439915157,0.6330057129140874,0.0
robocasa/CloseFridge,15,2510376,1,predicted_progress,8,-0.04371926538354261,0.6279405541522216,0.0
robocasa/CloseFridge,15,2510376,1,predicted_success,1,-0.047609619556471826,0.49929176597530023,0.0
robocasa/CloseFridge,15,2510376,1,predicted_success,2,-0.047609619556471826,0.49929176597530023,0.0
robocasa/CloseFridge,15,2510376,1,predicted_success,4,-0.047609619556471826,0.49929176597530023,0.0
robocasa/CloseFridge,15,2510376,1,predicted_success,8,-0.047609619556471826,0.49929176597530023,0.0
robocasa/CloseFridge,15,2510376,1,low_energy,1,-0.047609619556471826,0.49929176597530023,0.0
robocasa/CloseFridge,15,2510376,1,low_energy,2,-0.04329513769088691,0.6419658873910582,0.0
robocasa/CloseFridge,15,2510376,1,low_energy,4,-0.04111564395832071,0.7140388183043687,0.0
robocasa/CloseFridge,15,2510376,1,low_energy,8,-0.04135257830794498,0.7062037175393141,0.0
robocasa/CloseFridge,15,2510376,1,distance_progress,1,-0.04760961955647183,0.4992917659753003,0.0
robocasa/CloseFridge,15,2510376,1,distance_progress,2,-0.04372995321933251,0.6275871217752488,0.0
robocasa/CloseFridge,15,2510376,1,distance_progress,4,-0.041484872720705744,0.7018289189663003,0.0
robocasa/CloseFridge,15,2510376,1,distance_progress,8,-0.0387840258158708,0.7911422991660227,0.0
robocasa/CloseFridge,15,2510376,1,oracle_real_utility,1,-0.04760961955647183,0.49929176597530023,0.0
robocasa/CloseFridge,15,2510376,1,oracle_real_utility,2,-0.04197294778139748,0.6856889321408615,0.0
robocasa/CloseFridge,15,2510376,1,oracle_real_utility,4,-0.037950957435074706,0.818690751798867,0.0
robocasa/CloseFridge,15,2510376,1,oracle_real_utility,8,-0.035337476936853456,0.905115042255441,0.0
robocasa/OpenFridgeDrawer,16,2600372,0,random,1,-0.0487353379635971,0.4114520008495834,0.0
robocasa/OpenFridgeDrawer,16,2600372,0,random,2,-0.04955451256502637,0.392520631038703,0.0
robocasa/OpenFridgeDrawer,16,2600372,0,random,4,-0.051762215290679744,0.341499961380598,0.0
robocasa/OpenFridgeDrawer,16,2600372,0,random,8,-0.05466903961946601,0.27432238257444097,0.0
robocasa/OpenFridgeDrawer,16,2600372,0,learned_wam,1,-0.048735337963597095,0.4114520008495834,0.0
robocasa/OpenFridgeDrawer,16,2600372,0,learned_wam,2,-0.041828277331268766,0.5710762359133111,0.0
robocasa/OpenFridgeDrawer,16,2600372,0,learned_wam,4,-0.03463227690937932,0.7373779558498796,0.0
robocasa/OpenFridgeDrawer,16,2600372,0,learned_wam,8,-0.028774213696316615,0.8727595471107752,0.0
robocasa/OpenFridgeDrawer,16,2600372,0,learned_physics_score,1,-0.048735337963597095,0.4114520008495834,0.0
robocasa/OpenFridgeDrawer,16,2600372,0,learned_physics_score,2,-0.041828277331268766,0.5710762359133111,0.0
robocasa/OpenFridgeDrawer,16,2600372,0,learned_physics_score,4,-0.03463227690937932,0.7373779558498796,0.0
robocasa/OpenFridgeDrawer,16,2600372,0,learned_physics_score,8,-0.028774213696316615,0.8727595471107752,0.0
robocasa/OpenFridgeDrawer,16,2600372,0,learned_energy_regularized,1,-0.04873533796359711,0.4114520008495834,0.0
robocasa/OpenFridgeDrawer,16,2600372,0,learned_energy_regularized,2,-0.042733217588673225,0.5501627961658067,0.0
robocasa/OpenFridgeDrawer,16,2600372,0,learned_energy_regularized,4,-0.03520238212910539,0.7242026538728452,0.0
robocasa/OpenFridgeDrawer,16,2600372,0,learned_energy_regularized,8,-0.02883745375730217,0.8712980504050774,0.0
robocasa/OpenFridgeDrawer,16,2600372,0,predicted_progress,1,-0.048735337963597095,0.4114520008495834,0.0
robocasa/OpenFridgeDrawer,16,2600372,0,predicted_progress,2,-0.045748742165472256,0.48047312214811155,0.0
robocasa/OpenFridgeDrawer,16,2600372,0,predicted_progress,4,-0.04414993908431559,0.5174219390808411,0.0
robocasa/OpenFridgeDrawer,16,2600372,0,predicted_progress,8,-0.04145124197222964,0.5797896357200116,0.0
robocasa/OpenFridgeDrawer,16,2600372,0,predicted_success,1,-0.04873533796359711,0.41145200084958333,0.0
robocasa/OpenFridgeDrawer,16,2600372,0,predicted_success,2,-0.04873533796359711,0.41145200084958333,0.0
robocasa/OpenFridgeDrawer,16,2600372,0,predicted_success,4,-0.04873533796359711,0.41145200084958333,0.0
robocasa/OpenFridgeDrawer,16,2600372,0,predicted_success,8,-0.04873533796359711,0.41145200084958333,0.0
robocasa/OpenFridgeDrawer,16,2600372,0,low_energy,1,-0.04873533796359711,0.4114520008495834,0.0
robocasa/OpenFridgeDrawer,16,2600372,0,low_energy,2,-0.042733217588673225,0.5501627961658067,0.0
robocasa/OpenFridgeDrawer,16,2600372,0,low_energy,4,-0.03520238212910539,0.7242026538728452,0.0
robocasa/OpenFridgeDrawer,16,2600372,0,low_energy,8,-0.02883745375730217,0.8712980504050774,0.0
robocasa/OpenFridgeDrawer,16,2600372,0,distance_progress,1,-0.048735337963597095,0.4114520008495834,0.0
robocasa/OpenFridgeDrawer,16,2600372,0,distance_progress,2,-0.043943379265435706,0.5221955982158544,0.0
robocasa/OpenFridgeDrawer,16,2600372,0,distance_progress,4,-0.042395083583848074,0.5579771740527797,0.0
robocasa/OpenFridgeDrawer,16,2600372,0,distance_progress,8,-0.041334440319245956,0.5824889568211519,0.0
robocasa/OpenFridgeDrawer,16,2600372,0,oracle_real_utility,1,-0.0487353379635971,0.4114520008495834,0.0
robocasa/OpenFridgeDrawer,16,2600372,0,oracle_real_utility,2,-0.04069674316150985,0.5972263286822742,0.0
robocasa/OpenFridgeDrawer,16,2600372,0,oracle_real_utility,4,-0.03344010862163715,0.7649293212030935,0.0
robocasa/OpenFridgeDrawer,16,2600372,0,oracle_real_utility,8,-0.028170581968468965,0.8867096567083214,0.0
robocasa/OpenFridgeDrawer,16,2610379,1,random,1,-0.05515404566107111,0.3430872417479282,0.0
robocasa/OpenFridgeDrawer,16,2610379,1,random,2,-0.05378055263005262,0.39656434772054827,0.0
robocasa/OpenFridgeDrawer,16,2610379,1,random,4,-0.05374565250358803,0.3979231880781294,0.0
robocasa/OpenFridgeDrawer,16,2610379,1,random,8,-0.054753164908368436,0.3586955790387024,0.0
robocasa/OpenFridgeDrawer,16,2610379,1,learned_wam,1,-0.055154045661071106,0.34308724174792826,0.0
robocasa/OpenFridgeDrawer,16,2610379,1,learned_wam,2,-0.05172706197054198,0.4765172380027828,0.0
robocasa/OpenFridgeDrawer,16,2610379,1,learned_wam,4,-0.04655941628230778,0.6777201053327531,0.0
robocasa/OpenFridgeDrawer,16,2610379,1,learned_wam,8,-0.04162373777691892,0.8698913042530251,0.0
robocasa/OpenFridgeDrawer,16,2610379,1,learned_physics_score,1,-0.055154045661071106,0.34308724174792826,0.0
robocasa/OpenFridgeDrawer,16,2610379,1,learned_physics_score,2,-0.05172706197054198,0.4765172380027828,0.0
robocasa/OpenFridgeDrawer,16,2610379,1,learned_physics_score,4,-0.04655941628230778,0.6777201053327531,0.0
robocasa/OpenFridgeDrawer,16,2610379,1,learned_physics_score,8,-0.04162373777691892,0.8698913042530251,0.0
robocasa/OpenFridgeDrawer,16,2610379,1,learned_energy_regularized,1,-0.055154045661071106,0.34308724174792826,0.0
robocasa/OpenFridgeDrawer,16,2610379,1,learned_energy_regularized,2,-0.0515542866449367,0.48324426477917326,0.0
robocasa/OpenFridgeDrawer,16,2610379,1,learned_energy_regularized,4,-0.047198657674542704,0.6528311696755529,0.0
robocasa/OpenFridgeDrawer,16,2610379,1,learned_energy_regularized,8,-0.04383321398656216,0.783865098994847,0.0
robocasa/OpenFridgeDrawer,16,2610379,1,predicted_progress,1,-0.05515404566107111,0.34308724174792826,0.0
robocasa/OpenFridgeDrawer,16,2610379,1,predicted_progress,2,-0.05163963754218257,0.4799211179747874,0.0
robocasa/OpenFridgeDrawer,16,2610379,1,predicted_progress,4,-0.04670831467293614,0.6719227297109192,0.0
robocasa/OpenFridgeDrawer,16,2610379,1,predicted_progress,8,-0.04193510221701758,0.8577682946831009,0.0
robocasa/OpenFridgeDrawer,16,2610379,1,predicted_success,1,-0.05515404566107111,0.34308724174792826,0.0
robocasa/OpenFridgeDrawer,16,2610379,1,predicted_success,2,-0.05515404566107111,0.34308724174792826,0.0
robocasa/OpenFridgeDrawer,16,2610379,1,predicted_success,4,-0.05515404566107111,0.34308724174792826,0.0
robocasa/OpenFridgeDrawer,16,2610379,1,predicted_success,8,-0.05515404566107111,0.34308724174792826,0.0
robocasa/OpenFridgeDrawer,16,2610379,1,low_energy,1,-0.05515404566107111,0.34308724174792826,0.0
robocasa/OpenFridgeDrawer,16,2610379,1,low_energy,2,-0.05256650441525648,0.4438334518021172,0.0
robocasa/OpenFridgeDrawer,16,2610379,1,low_energy,4,-0.051145445280273,0.49916254939391136,0.0
robocasa/OpenFridgeDrawer,16,2610379,1,low_energy,8,-0.05255951021788513,0.4441057716651046,0.0
robocasa/OpenFridgeDrawer,16,2610379,1,distance_progress,1,-0.05515404566107111,0.34308724174792826,0.0
robocasa/OpenFridgeDrawer,16,2610379,1,distance_progress,2,-0.05215743791843078,0.4597605019629577,0.0
robocasa/OpenFridgeDrawer,16,2610379,1,distance_progress,4,-0.05004226472434283,0.5421150086813562,0.0
robocasa/OpenFridgeDrawer,16,2610379,1,distance_progress,8,-0.04989631744662778,0.5477974823892832,0.0
robocasa/OpenFridgeDrawer,16,2610379,1,oracle_real_utility,1,-0.055154045661071106,0.34308724174792826,0.0
robocasa/OpenFridgeDrawer,16,2610379,1,oracle_real_utility,2,-0.050348255136827065,0.5302012374823201,0.0
robocasa/OpenFridgeDrawer,16,2610379,1,oracle_real_utility,4,-0.04525467743571634,0.7285202593852456,0.0
robocasa/OpenFridgeDrawer,16,2610379,1,oracle_real_utility,8,-0.041176396700727404,0.8873085794754995,0.0
robocasa/PickPlaceCounterToCabinet,17,2700375,0,random,1,-0.050273310391133544,0.45509537934215194,0.0
robocasa/PickPlaceCounterToCabinet,17,2700375,0,random,2,-0.05419968736116557,0.3830623886177726,0.0
robocasa/PickPlaceCounterToCabinet,17,2700375,0,random,4,-0.0586565775085128,0.30129664653702126,0.0
robocasa/PickPlaceCounterToCabinet,17,2700375,0,random,8,-0.061566271455057955,0.24791563939940042,0.0
robocasa/PickPlaceCounterToCabinet,17,2700375,0,learned_wam,1,-0.050273310391133544,0.45509537934215194,0.0
robocasa/PickPlaceCounterToCabinet,17,2700375,0,learned_wam,2,-0.0439221961383868,0.5716124019177627,0.0
robocasa/PickPlaceCounterToCabinet,17,2700375,0,learned_wam,4,-0.03734673292118218,0.6922453122441328,0.0
robocasa/PickPlaceCounterToCabinet,17,2700375,0,learned_wam,8,-0.029591585174465584,0.8345206184536818,0.0
robocasa/PickPlaceCounterToCabinet,17,2700375,0,learned_physics_score,1,-0.050273310391133544,0.45509537934215194,0.0
robocasa/PickPlaceCounterToCabinet,17,2700375,0,learned_physics_score,2,-0.0439221961383868,0.5716124019177627,0.0
robocasa/PickPlaceCounterToCabinet,17,2700375,0,learned_physics_score,4,-0.03734673292118218,0.6922453122441328,0.0
robocasa/PickPlaceCounterToCabinet,17,2700375,0,learned_physics_score,8,-0.029591585174465584,0.8345206184536818,0.0
robocasa/PickPlaceCounterToCabinet,17,2700375,0,learned_energy_regularized,1,-0.050273310391133544,0.45509537934215194,0.0
robocasa/PickPlaceCounterToCabinet,17,2700375,0,learned_energy_regularized,2,-0.044442396519260935,0.5620688482813375,0.0
robocasa/PickPlaceCounterToCabinet,17,2700375,0,learned_energy_regularized,4,-0.03808339959189591,0.6787304857607122,0.0
robocasa/PickPlaceCounterToCabinet,17,2700375,0,learned_energy_regularized,8,-0.030443844001298674,0.8188851477292449,0.0
robocasa/PickPlaceCounterToCabinet,17,2700375,0,predicted_progress,1,-0.050273310391133544,0.45509537934215194,0.0
robocasa/PickPlaceCounterToCabinet,17,2700375,0,predicted_progress,2,-0.044703522262935336,0.5572782567473205,0.0
robocasa/PickPlaceCounterToCabinet,17,2700375,0,predicted_progress,4,-0.04092614710755707,0.6265776723680381,0.0
robocasa/PickPlaceCounterToCabinet,17,2700375,0,predicted_progress,8,-0.039483000749926916,0.6530535173993539,0.0
robocasa/PickPlaceCounterToCabinet,17,2700375,0,predicted_success,1,-0.050273310391133544,0.455095379342152,0.0
robocasa/PickPlaceCounterToCabinet,17,2700375,0,predicted_success,2,-0.050273310391133544,0.455095379342152,0.0
robocasa/PickPlaceCounterToCabinet,17,2700375,0,predicted_success,4,-0.050273310391133544,0.455095379342152,0.0
robocasa/PickPlaceCounterToCabinet,17,2700375,0,predicted_success,8,-0.050273310391133544,0.455095379342152,0.0
robocasa/PickPlaceCounterToCabinet,17,2700375,0,low_energy,1,-0.050273310391133544,0.455095379342152,0.0
robocasa/PickPlaceCounterToCabinet,17,2700375,0,low_energy,2,-0.04394114189146478,0.5712648246815094,0.0
robocasa/PickPlaceCounterToCabinet,17,2700375,0,low_energy,4,-0.03818492614828532,0.6768678878618106,0.0
robocasa/PickPlaceCounterToCabinet,17,2700375,0,low_energy,8,-0.031061351050921428,0.8075564139074001,0.0
robocasa/PickPlaceCounterToCabinet,17,2700375,0,distance_progress,1,-0.05027331039113354,0.455095379342152,0.0
robocasa/PickPlaceCounterToCabinet,17,2700375,0,distance_progress,2,-0.04572432726090421,0.5385506517538824,0.0
robocasa/PickPlaceCounterToCabinet,17,2700375,0,distance_progress,4,-0.04232233703145333,0.6009632862290855,0.0
robocasa/PickPlaceCounterToCabinet,17,2700375,0,distance_progress,8,-0.04230723742017142,0.601240302462553,0.0
robocasa/PickPlaceCounterToCabinet,17,2700375,0,oracle_real_utility,1,-0.050273310391133544,0.45509537934215194,0.0
robocasa/PickPlaceCounterToCabinet,17,2700375,0,oracle_real_utility,2,-0.04174341356054215,0.6115841688719285,0.0
robocasa/PickPlaceCounterToCabinet,17,2700375,0,oracle_real_utility,4,-0.03434322380060009,0.7473474448907883,0.0
robocasa/PickPlaceCounterToCabinet,17,2700375,0,oracle_real_utility,8,-0.02779303886744482,0.8675166018856895,0.0
robocasa/PickPlaceCounterToCabinet,17,2710382,1,random,1,-0.06157983737785397,0.4056541595624991,0.0
robocasa/PickPlaceCounterToCabinet,17,2710382,1,random,2,-0.06569355202833414,0.3102747728862556,0.0
robocasa/PickPlaceCounterToCabinet,17,2710382,1,random,4,-0.06912616281078063,0.23068726161106518,0.0
robocasa/PickPlaceCounterToCabinet,17,2710382,1,random,8,-0.07400819917176309,0.11749379210600977,0.0
robocasa/PickPlaceCounterToCabinet,17,2710382,1,learned_wam,1,-0.06157983737785397,0.4056541595624992,0.0
robocasa/PickPlaceCounterToCabinet,17,2710382,1,learned_wam,2,-0.05476565605188199,0.5636457780370709,0.0
robocasa/PickPlaceCounterToCabinet,17,2710382,1,learned_wam,4,-0.04781415399406172,0.7248212749024526,0.0
robocasa/PickPlaceCounterToCabinet,17,2710382,1,learned_wam,8,-0.043324386847787895,0.8289197049383719,0.0
robocasa/PickPlaceCounterToCabinet,17,2710382,1,learned_physics_score,1,-0.06157983737785397,0.4056541595624992,0.0
robocasa/PickPlaceCounterToCabinet,17,2710382,1,learned_physics_score,2,-0.05476565605188199,0.5636457780370709,0.0
robocasa/PickPlaceCounterToCabinet,17,2710382,1,learned_physics_score,4,-0.04781415399406172,0.7248212749024526,0.0
robocasa/PickPlaceCounterToCabinet,17,2710382,1,learned_physics_score,8,-0.043324386847787895,0.8289197049383719,0.0
robocasa/PickPlaceCounterToCabinet,17,2710382,1,learned_energy_regularized,1,-0.06157983737785396,0.4056541595624992,0.0
robocasa/PickPlaceCounterToCabinet,17,2710382,1,learned_energy_regularized,2,-0.054781559810295026,0.5632770381384232,0.0
robocasa/PickPlaceCounterToCabinet,17,2710382,1,learned_energy_regularized,4,-0.047824093843069876,0.7245908124657978,0.0
robocasa/PickPlaceCounterToCabinet,17,2710382,1,learned_energy_regularized,8,-0.04332527745437627,0.828899055594072,0.0
robocasa/PickPlaceCounterToCabinet,17,2710382,1,predicted_progress,1,-0.06157983737785397,0.4056541595624991,0.0
robocasa/PickPlaceCounterToCabinet,17,2710382,1,predicted_progress,2,-0.05870560724698449,0.47229522009806907,0.0
robocasa/PickPlaceCounterToCabinet,17,2710382,1,predicted_progress,4,-0.055414561922117245,0.5486004360111165,0.0
robocasa/PickPlaceCounterToCabinet,17,2710382,1,predicted_progress,8,-0.04964214211529227,0.682438076098404,0.0
robocasa/PickPlaceCounterToCabinet,17,2710382,1,predicted_success,1,-0.06157983737785397,0.4056541595624991,0.0
robocasa/PickPlaceCounterToCabinet,17,2710382,1,predicted_success,2,-0.06157983737785397,0.4056541595624991,0.0
robocasa/PickPlaceCounterToCabinet,17,2710382,1,predicted_success,4,-0.06157983737785397,0.4056541595624991,0.0
robocasa/PickPlaceCounterToCabinet,17,2710382,1,predicted_success,8,-0.06157983737785397,0.4056541595624991,0.0
robocasa/PickPlaceCounterToCabinet,17,2710382,1,low_energy,1,-0.06157983737785396,0.4056541595624992,0.0
robocasa/PickPlaceCounterToCabinet,17,2710382,1,low_energy,2,-0.05435177995337469,0.5732417884047263,0.0
robocasa/PickPlaceCounterToCabinet,17,2710382,1,low_energy,4,-0.04678334271688636,0.7487213641768665,0.0
robocasa/PickPlaceCounterToCabinet,17,2710382,1,low_energy,8,-0.04040740205417843,0.8965520625998165,0.0
robocasa/PickPlaceCounterToCabinet,17,2710382,1,distance_progress,1,-0.06157983737785396,0.4056541595624992,0.0
robocasa/PickPlaceCounterToCabinet,17,2710382,1,distance_progress,2,-0.055276842721841274,0.5517935531745379,0.0
robocasa/PickPlaceCounterToCabinet,17,2710382,1,distance_progress,4,-0.051793459624632984,0.6325582565142163,0.0
robocasa/PickPlaceCounterToCabinet,17,2710382,1,distance_progress,8,-0.05206661476347712,0.6262249612266162,0.0
robocasa/PickPlaceCounterToCabinet,17,2710382,1,oracle_real_utility,1,-0.06157983737785396,0.4056541595624991,0.0
robocasa/PickPlaceCounterToCabinet,17,2710382,1,oracle_real_utility,2,-0.05332736455231726,0.5969935847630735,0.0
robocasa/PickPlaceCounterToCabinet,17,2710382,1,oracle_real_utility,4,-0.04563619127169489,0.7753188826154287,0.0
robocasa/PickPlaceCounterToCabinet,17,2710382,1,oracle_real_utility,8,-0.039910002937134176,0.9080846132864442,0.0
robocasa/PickPlaceCounterToDrawer,18,2800378,0,random,1,-0.05980399339992657,0.5259108415824354,0.0
robocasa/PickPlaceCounterToDrawer,18,2800378,0,random,2,-0.05746954263683645,0.5728921440391098,0.0
robocasa/PickPlaceCounterToDrawer,18,2800378,0,random,4,-0.05485790810930667,0.625451826849363,0.0
robocasa/PickPlaceCounterToDrawer,18,2800378,0,random,8,-0.05445997175647341,0.633460377916946,0.0
robocasa/PickPlaceCounterToDrawer,18,2800378,0,learned_wam,1,-0.05980399339992657,0.5259108415824354,0.0
robocasa/PickPlaceCounterToDrawer,18,2800378,0,learned_wam,2,-0.05052288518519944,0.7126950561237754,0.0
robocasa/PickPlaceCounterToDrawer,18,2800378,0,learned_wam,4,-0.04293554269711705,0.8653918865350211,0.0
robocasa/PickPlaceCounterToDrawer,18,2800378,0,learned_wam,8,-0.038435670858433385,0.9559527341708156,0.0
robocasa/PickPlaceCounterToDrawer,18,2800378,0,learned_physics_score,1,-0.05980399339992657,0.5259108415824354,0.0
robocasa/PickPlaceCounterToDrawer,18,2800378,0,learned_physics_score,2,-0.05052288518519944,0.7126950561237754,0.0
robocasa/PickPlaceCounterToDrawer,18,2800378,0,learned_physics_score,4,-0.04293554269711705,0.8653918865350211,0.0
robocasa/PickPlaceCounterToDrawer,18,2800378,0,learned_physics_score,8,-0.038435670858433385,0.9559527341708156,0.0
robocasa/PickPlaceCounterToDrawer,18,2800378,0,learned_energy_regularized,1,-0.05980399339992657,0.5259108415824354,0.0
robocasa/PickPlaceCounterToDrawer,18,2800378,0,learned_energy_regularized,2,-0.05581703521285014,0.6061491963298301,0.0
robocasa/PickPlaceCounterToDrawer,18,2800378,0,learned_energy_regularized,4,-0.04878648027619789,0.7476405625816073,0.0
robocasa/PickPlaceCounterToDrawer,18,2800378,0,learned_energy_regularized,8,-0.04095911819092496,0.9051678368254787,0.0
robocasa/PickPlaceCounterToDrawer,18,2800378,0,predicted_progress,1,-0.05980399339992657,0.5259108415824354,0.0
robocasa/PickPlaceCounterToDrawer,18,2800378,0,predicted_progress,2,-0.0540787533220213,0.6411324774335562,0.0
robocasa/PickPlaceCounterToDrawer,18,2800378,0,predicted_progress,4,-0.05284347616092797,0.6659926847425881,0.0
robocasa/PickPlaceCounterToDrawer,18,2800378,0,predicted_progress,8,-0.054210804121308465,0.6384749278981171,0.0
robocasa/PickPlaceCounterToDrawer,18,2800378,0,predicted_success,1,-0.059803993399926564,0.5259108415824354,0.0
robocasa/PickPlaceCounterToDrawer,18,2800378,0,predicted_success,2,-0.059803993399926564,0.5259108415824354,0.0
robocasa/PickPlaceCounterToDrawer,18,2800378,0,predicted_success,4,-0.059803993399926564,0.5259108415824354,0.0
robocasa/PickPlaceCounterToDrawer,18,2800378,0,predicted_success,8,-0.059803993399926564,0.5259108415824354,0.0
robocasa/PickPlaceCounterToDrawer,18,2800378,0,low_energy,1,-0.05980399339992657,0.5259108415824354,0.0
robocasa/PickPlaceCounterToDrawer,18,2800378,0,low_energy,2,-0.05581703521285014,0.6061491963298301,0.0
robocasa/PickPlaceCounterToDrawer,18,2800378,0,low_energy,4,-0.04878648027619789,0.7476405625816073,0.0
robocasa/PickPlaceCounterToDrawer,18,2800378,0,low_energy,8,-0.04095911819092496,0.9051678368254787,0.0
robocasa/PickPlaceCounterToDrawer,18,2800378,0,distance_progress,1,-0.05980399339992657,0.5259108415824354,0.0
robocasa/PickPlaceCounterToDrawer,18,2800378,0,distance_progress,2,-0.05248140681841997,0.6732794048394989,0.0
robocasa/PickPlaceCounterToDrawer,18,2800378,0,distance_progress,4,-0.049828090647527135,0.7266779393080063,0.0
robocasa/PickPlaceCounterToDrawer,18,2800378,0,distance_progress,8,-0.05246242194828347,0.6736614792614941,0.0
robocasa/PickPlaceCounterToDrawer,18,2800378,0,oracle_real_utility,1,-0.05980399339992657,0.5259108415824354,0.0
robocasa/PickPlaceCounterToDrawer,18,2800378,0,oracle_real_utility,2,-0.05052288518519944,0.7126950561237754,0.0
robocasa/PickPlaceCounterToDrawer,18,2800378,0,oracle_real_utility,4,-0.04293554269711705,0.8653918865350211,0.0
robocasa/PickPlaceCounterToDrawer,18,2800378,0,oracle_real_utility,8,-0.038435670858433385,0.9559527341708156,0.0
robocasa/PickPlaceCounterToDrawer,18,2810385,1,random,1,-0.045201616403492205,0.6029592212181373,0.0
robocasa/PickPlaceCounterToDrawer,18,2810385,1,random,2,-0.04208514343525064,0.6719458263202182,0.0
robocasa/PickPlaceCounterToDrawer,18,2810385,1,random,4,-0.041581839384439885,0.6830870228437838,0.0
robocasa/PickPlaceCounterToDrawer,18,2810385,1,random,8,-0.041548284965477335,0.6838297873323541,0.0
robocasa/PickPlaceCounterToDrawer,18,2810385,1,learned_wam,1,-0.04520161640349221,0.6029592212181372,0.0
robocasa/PickPlaceCounterToDrawer,18,2810385,1,learned_wam,2,-0.03721331803710531,0.7797891152860055,0.0
robocasa/PickPlaceCounterToDrawer,18,2810385,1,learned_wam,4,-0.03198554468716399,0.895511709170423,0.0
robocasa/PickPlaceCounterToDrawer,18,2810385,1,learned_wam,8,-0.029542515982731714,0.9495908743687697,0.0
robocasa/PickPlaceCounterToDrawer,18,2810385,1,learned_physics_score,1,-0.04520161640349221,0.6029592212181372,0.0
robocasa/PickPlaceCounterToDrawer,18,2810385,1,learned_physics_score,2,-0.03721331803710531,0.7797891152860055,0.0
robocasa/PickPlaceCounterToDrawer,18,2810385,1,learned_physics_score,4,-0.03198554468716399,0.895511709170423,0.0
robocasa/PickPlaceCounterToDrawer,18,2810385,1,learned_physics_score,8,-0.029542515982731714,0.9495908743687697,0.0
robocasa/PickPlaceCounterToDrawer,18,2810385,1,learned_energy_regularized,1,-0.04520161640349221,0.6029592212181372,0.0
robocasa/PickPlaceCounterToDrawer,18,2810385,1,learned_energy_regularized,2,-0.03832119759581258,0.7552649655834235,0.0
robocasa/PickPlaceCounterToDrawer,18,2810385,1,learned_energy_regularized,4,-0.0335671194760307,0.8605017872135137,0.0
robocasa/PickPlaceCounterToDrawer,18,2810385,1,learned_energy_regularized,8,-0.03130121750313583,0.9106600546514387,0.0
robocasa/PickPlaceCounterToDrawer,18,2810385,1,predicted_progress,1,-0.04520161640349221,0.6029592212181372,0.0
robocasa/PickPlaceCounterToDrawer,18,2810385,1,predicted_progress,2,-0.038421194126773535,0.7530514308397308,0.0
robocasa/PickPlaceCounterToDrawer,18,2810385,1,predicted_progress,4,-0.03300042192779503,0.873046269508353,0.0
robocasa/PickPlaceCounterToDrawer,18,2810385,1,predicted_progress,8,-0.030414650264034067,0.9302852093194303,0.0
robocasa/PickPlaceCounterToDrawer,18,2810385,1,predicted_success,1,-0.04520161640349221,0.6029592212181372,0.0
robocasa/PickPlaceCounterToDrawer,18,2810385,1,predicted_success,2,-0.04520161640349221,0.6029592212181372,0.0
robocasa/PickPlaceCounterToDrawer,18,2810385,1,predicted_success,4,-0.04520161640349221,0.6029592212181372,0.0
robocasa/PickPlaceCounterToDrawer,18,2810385,1,predicted_success,8,-0.04520161640349221,0.6029592212181372,0.0
robocasa/PickPlaceCounterToDrawer,18,2810385,1,low_energy,1,-0.04520161640349221,0.6029592212181372,0.0
robocasa/PickPlaceCounterToDrawer,18,2810385,1,low_energy,2,-0.03950058980896585,0.7291578035132255,0.0
robocasa/PickPlaceCounterToDrawer,18,2810385,1,low_energy,4,-0.03490929068691597,0.8307913304733843,0.0
robocasa/PickPlaceCounterToDrawer,18,2810385,1,low_energy,8,-0.03162356928758698,0.9035244383683845,0.0
robocasa/PickPlaceCounterToDrawer,18,2810385,1,distance_progress,1,-0.04520161640349221,0.6029592212181372,0.0
robocasa/PickPlaceCounterToDrawer,18,2810385,1,distance_progress,2,-0.041227551755819304,0.6909295746570895,0.0
robocasa/PickPlaceCounterToDrawer,18,2810385,1,distance_progress,4,-0.0371275425893849,0.7816878504907201,0.0
robocasa/PickPlaceCounterToDrawer,18,2810385,1,distance_progress,8,-0.032020301096871304,0.8947423372760801,0.0
robocasa/PickPlaceCounterToDrawer,18,2810385,1,oracle_real_utility,1,-0.04520161640349221,0.6029592212181372,0.0
robocasa/PickPlaceCounterToDrawer,18,2810385,1,oracle_real_utility,2,-0.036978132302772374,0.7849952138292646,0.0
robocasa/PickPlaceCounterToDrawer,18,2810385,1,oracle_real_utility,4,-0.03165179027169899,0.9028997354088637,0.0
robocasa/PickPlaceCounterToDrawer,18,2810385,1,oracle_real_utility,8,-0.02878290756188026,0.9664056539916015,0.0
robocasa/PickPlaceCounterToMicrowave,19,2900381,0,random,1,-0.05847462320062281,0.3602843432382566,0.0
robocasa/PickPlaceCounterToMicrowave,19,2900381,0,random,2,-0.059179659218129135,0.33768680376679766,0.0
robocasa/PickPlaceCounterToMicrowave,19,2900381,0,random,4,-0.05885604403918002,0.3480591912736534,0.0
robocasa/PickPlaceCounterToMicrowave,19,2900381,0,random,8,-0.06018217903246963,0.3055544296568812,0.0
robocasa/PickPlaceCounterToMicrowave,19,2900381,0,learned_wam,1,-0.0584746232006228,0.3602843432382566,0.0
robocasa/PickPlaceCounterToMicrowave,19,2900381,0,learned_wam,2,-0.05397760162400563,0.5044211249888377,0.0
robocasa/PickPlaceCounterToMicrowave,19,2900381,0,learned_wam,4,-0.04790138433784634,0.6991736717406958,0.0
robocasa/PickPlaceCounterToMicrowave,19,2900381,0,learned_wam,8,-0.041769034474721106,0.8957253579579516,0.0
robocasa/PickPlaceCounterToMicrowave,19,2900381,0,learned_physics_score,1,-0.0584746232006228,0.3602843432382566,0.0
robocasa/PickPlaceCounterToMicrowave,19,2900381,0,learned_physics_score,2,-0.05397760162400563,0.5044211249888377,0.0
robocasa/PickPlaceCounterToMicrowave,19,2900381,0,learned_physics_score,4,-0.04790138433784634,0.6991736717406958,0.0
robocasa/PickPlaceCounterToMicrowave,19,2900381,0,learned_physics_score,8,-0.041769034474721106,0.8957253579579516,0.0
robocasa/PickPlaceCounterToMicrowave,19,2900381,0,learned_energy_regularized,1,-0.0584746232006228,0.3602843432382566,0.0
robocasa/PickPlaceCounterToMicrowave,19,2900381,0,learned_energy_regularized,2,-0.05403611651442364,0.5025456285417687,0.0
robocasa/PickPlaceCounterToMicrowave,19,2900381,0,learned_energy_regularized,4,-0.047924241716915866,0.6984410559410594,0.0
robocasa/PickPlaceCounterToMicrowave,19,2900381,0,learned_energy_regularized,8,-0.04176970970491335,0.8957037157431674,0.0
robocasa/PickPlaceCounterToMicrowave,19,2900381,0,predicted_progress,1,-0.05847462320062281,0.3602843432382566,0.0
robocasa/PickPlaceCounterToMicrowave,19,2900381,0,predicted_progress,2,-0.05691542936665105,0.41025901592441544,0.0
robocasa/PickPlaceCounterToMicrowave,19,2900381,0,predicted_progress,4,-0.05568253531674021,0.4497752551876629,0.0
robocasa/PickPlaceCounterToMicrowave,19,2900381,0,predicted_progress,8,-0.05599634913028769,0.4397170172221613,0.0
robocasa/PickPlaceCounterToMicrowave,19,2900381,0,predicted_success,1,-0.0584746232006228,0.36028434323825653,0.0
robocasa/PickPlaceCounterToMicrowave,19,2900381,0,predicted_success,2,-0.0584746232006228,0.36028434323825653,0.0
robocasa/PickPlaceCounterToMicrowave,19,2900381,0,predicted_success,4,-0.0584746232006228,0.36028434323825653,0.0
robocasa/PickPlaceCounterToMicrowave,19,2900381,0,predicted_success,8,-0.0584746232006228,0.36028434323825653,0.0
robocasa/PickPlaceCounterToMicrowave,19,2900381,0,low_energy,1,-0.0584746232006228,0.3602843432382566,0.0
robocasa/PickPlaceCounterToMicrowave,19,2900381,0,low_energy,2,-0.05407195440057138,0.5013969665916149,0.0
robocasa/PickPlaceCounterToMicrowave,19,2900381,0,low_energy,4,-0.0479550399003241,0.6974539245776461,0.0
robocasa/PickPlaceCounterToMicrowave,19,2900381,0,low_energy,8,-0.04177330998083689,0.8955883211033615,0.0
robocasa/PickPlaceCounterToMicrowave,19,2900381,0,distance_progress,1,-0.05847462320062281,0.3602843432382566,0.0
robocasa/PickPlaceCounterToMicrowave,19,2900381,0,distance_progress,2,-0.05765467223031227,0.38656509196055433,0.0
robocasa/PickPlaceCounterToMicrowave,19,2900381,0,distance_progress,4,-0.06088949297821912,0.28288387891775674,0.0
robocasa/PickPlaceCounterToMicrowave,19,2900381,0,distance_progress,8,-0.06485122435331478,0.15590400994498166,0.0
robocasa/PickPlaceCounterToMicrowave,19,2900381,0,oracle_real_utility,1,-0.05847462320062281,0.36028434323825653,0.0
robocasa/PickPlaceCounterToMicrowave,19,2900381,0,oracle_real_utility,2,-0.05251588768852555,0.5512714099853712,0.0
robocasa/PickPlaceCounterToMicrowave,19,2900381,0,oracle_real_utility,4,-0.046071994470662514,0.7578085623078326,0.0
robocasa/PickPlaceCounterToMicrowave,19,2900381,0,oracle_real_utility,8,-0.04097366218800799,0.9212183202991879,0.0
robocasa/PickPlaceCounterToMicrowave,19,2910388,1,random,1,-0.047050305855816335,0.5021902330699759,0.0
robocasa/PickPlaceCounterToMicrowave,19,2910388,1,random,2,-0.04863733236670738,0.47590304504156866,0.0
robocasa/PickPlaceCounterToMicrowave,19,2910388,1,random,4,-0.051822537271872485,0.423143951430669,0.0
robocasa/PickPlaceCounterToMicrowave,19,2910388,1,random,8,-0.05957611761785159,0.29471520556574987,0.0
robocasa/PickPlaceCounterToMicrowave,19,2910388,1,learned_wam,1,-0.047050305855816335,0.5021902330699759,0.0
robocasa/PickPlaceCounterToMicrowave,19,2910388,1,learned_wam,2,-0.03969327114871053,0.624050676704673,0.0
robocasa/PickPlaceCounterToMicrowave,19,2910388,1,learned_wam,4,-0.03310537049983029,0.7331713384460758,0.0
robocasa/PickPlaceCounterToMicrowave,19,2910388,1,learned_wam,8,-0.026111476836857682,0.8490167868412781,0.0
robocasa/PickPlaceCounterToMicrowave,19,2910388,1,learned_physics_score,1,-0.047050305855816335,0.5021902330699759,0.0
robocasa/PickPlaceCounterToMicrowave,19,2910388,1,learned_physics_score,2,-0.03969327114871053,0.624050676704673,0.0
robocasa/PickPlaceCounterToMicrowave,19,2910388,1,learned_physics_score,4,-0.03310537049983029,0.7331713384460758,0.0
robocasa/PickPlaceCounterToMicrowave,19,2910388,1,learned_physics_score,8,-0.026111476836857682,0.8490167868412781,0.0
robocasa/PickPlaceCounterToMicrowave,19,2910388,1,learned_energy_regularized,1,-0.047050305855816335,0.5021902330699759,0.0
robocasa/PickPlaceCounterToMicrowave,19,2910388,1,learned_energy_regularized,2,-0.039622230763423825,0.6252273753627147,0.0
robocasa/PickPlaceCounterToMicrowave,19,2910388,1,learned_energy_regularized,4,-0.03285099715591669,0.7373847273686825,0.0
robocasa/PickPlaceCounterToMicrowave,19,2910388,1,learned_energy_regularized,8,-0.025693939759769833,0.8559327870334094,0.0
robocasa/PickPlaceCounterToMicrowave,19,2910388,1,predicted_progress,1,-0.047050305855816335,0.5021902330699759,0.0
robocasa/PickPlaceCounterToMicrowave,19,2910388,1,predicted_progress,2,-0.043483872985419315,0.5612639100447739,0.0
robocasa/PickPlaceCounterToMicrowave,19,2910388,1,predicted_progress,4,-0.04136460181271533,0.5963670916348371,0.0
robocasa/PickPlaceCounterToMicrowave,19,2910388,1,predicted_progress,8,-0.042531739875311905,0.5770348514384456,0.0
robocasa/PickPlaceCounterToMicrowave,19,2910388,1,predicted_success,1,-0.047050305855816335,0.5021902330699759,0.0
robocasa/PickPlaceCounterToMicrowave,19,2910388,1,predicted_success,2,-0.047050305855816335,0.5021902330699759,0.0
robocasa/PickPlaceCounterToMicrowave,19,2910388,1,predicted_success,4,-0.047050305855816335,0.5021902330699759,0.0
robocasa/PickPlaceCounterToMicrowave,19,2910388,1,predicted_success,8,-0.047050305855816335,0.5021902330699759,0.0
robocasa/PickPlaceCounterToMicrowave,19,2910388,1,low_energy,1,-0.047050305855816335,0.5021902330699759,0.0
robocasa/PickPlaceCounterToMicrowave,19,2910388,1,low_energy,2,-0.039622230763423825,0.6252273753627147,0.0
robocasa/PickPlaceCounterToMicrowave,19,2910388,1,low_energy,4,-0.03285099715591669,0.7373847273686825,0.0
robocasa/PickPlaceCounterToMicrowave,19,2910388,1,low_energy,8,-0.025693939759769833,0.8559327870334094,0.0
robocasa/PickPlaceCounterToMicrowave,19,2910388,1,distance_progress,1,-0.047050305855816335,0.5021902330699759,0.0
robocasa/PickPlaceCounterToMicrowave,19,2910388,1,distance_progress,2,-0.043724361477535084,0.5572805070155669,0.0
robocasa/PickPlaceCounterToMicrowave,19,2910388,1,distance_progress,4,-0.03984102509131381,0.6216033101077719,0.0
robocasa/PickPlaceCounterToMicrowave,19,2910388,1,distance_progress,8,-0.03842664974106118,0.6450307390257429,0.0
robocasa/PickPlaceCounterToMicrowave,19,2910388,1,oracle_real_utility,1,-0.047050305855816335,0.5021902330699759,0.0
robocasa/PickPlaceCounterToMicrowave,19,2910388,1,oracle_real_utility,2,-0.03878019811009269,0.6391746349278661,0.0
robocasa/PickPlaceCounterToMicrowave,19,2910388,1,oracle_real_utility,4,-0.03217000243333339,0.7486645870282728,0.0
robocasa/PickPlaceCounterToMicrowave,19,2910388,1,oracle_real_utility,8,-0.02554749067182674,0.8583585402800816,0.0
robocasa/PickPlaceCounterToSink,20,3000384,0,random,1,-0.05708844768274445,0.4352623905299924,0.0
robocasa/PickPlaceCounterToSink,20,3000384,0,random,2,-0.05597503793374567,0.45943461183945344,0.0
robocasa/PickPlaceCounterToSink,20,3000384,0,random,4,-0.05557219071174348,0.4681804596397761,0.0
robocasa/PickPlaceCounterToSink,20,3000384,0,random,8,-0.052564500033661074,0.5334776826669573,0.0
robocasa/PickPlaceCounterToSink,20,3000384,0,learned_wam,1,-0.05708844768274446,0.4352623905299923,0.0
robocasa/PickPlaceCounterToSink,20,3000384,0,learned_wam,2,-0.05484325512506716,0.4840057138530848,0.0
robocasa/PickPlaceCounterToSink,20,3000384,0,learned_wam,4,-0.05161636663769596,0.5540617401523246,0.0
robocasa/PickPlaceCounterToSink,20,3000384,0,learned_wam,8,-0.048602195584374536,0.619499652682707,0.0
robocasa/PickPlaceCounterToSink,20,3000384,0,learned_physics_score,1,-0.05708844768274446,0.4352623905299923,0.0
robocasa/PickPlaceCounterToSink,20,3000384,0,learned_physics_score,2,-0.05484325512506716,0.4840057138530848,0.0
robocasa/PickPlaceCounterToSink,20,3000384,0,learned_physics_score,4,-0.05161636663769596,0.5540617401523246,0.0
robocasa/PickPlaceCounterToSink,20,3000384,0,learned_physics_score,8,-0.048602195584374536,0.619499652682707,0.0
robocasa/PickPlaceCounterToSink,20,3000384,0,learned_energy_regularized,1,-0.05708844768274445,0.4352623905299923,0.0
robocasa/PickPlaceCounterToSink,20,3000384,0,learned_energy_regularized,2,-0.05371374951116611,0.5085273777724517,0.0
robocasa/PickPlaceCounterToSink,20,3000384,0,learned_energy_regularized,4,-0.04836903799773046,0.6245615239205048,0.0
robocasa/PickPlaceCounterToSink,20,3000384,0,learned_energy_regularized,8,-0.04455189351680206,0.7074320585517677,0.0
robocasa/PickPlaceCounterToSink,20,3000384,0,predicted_progress,1,-0.05708844768274446,0.4352623905299923,0.0
robocasa/PickPlaceCounterToSink,20,3000384,0,predicted_progress,2,-0.05695034215163908,0.438260673475639,0.0
robocasa/PickPlaceCounterToSink,20,3000384,0,predicted_progress,4,-0.060340139414081596,0.3646678836732787,0.0
robocasa/PickPlaceCounterToSink,20,3000384,0,predicted_progress,8,-0.06673809964802441,0.22576761731305803,0.0
robocasa/PickPlaceCounterToSink,20,3000384,0,predicted_success,1,-0.05708844768274446,0.43526239052999227,0.0
robocasa/PickPlaceCounterToSink,20,3000384,0,predicted_success,2,-0.05708844768274446,0.43526239052999227,0.0
robocasa/PickPlaceCounterToSink,20,3000384,0,predicted_success,4,-0.05708844768274446,0.43526239052999227,0.0
robocasa/PickPlaceCounterToSink,20,3000384,0,predicted_success,8,-0.05708844768274446,0.43526239052999227,0.0
robocasa/PickPlaceCounterToSink,20,3000384,0,low_energy,1,-0.05708844768274445,0.4352623905299923,0.0
robocasa/PickPlaceCounterToSink,20,3000384,0,low_energy,2,-0.05384104649033032,0.5057637494180655,0.0
robocasa/PickPlaceCounterToSink,20,3000384,0,low_energy,4,-0.04825975840470746,0.6269339932737998,0.0
robocasa/PickPlaceCounterToSink,20,3000384,0,low_energy,8,-0.04413979567909613,0.7163787380137858,0.0
robocasa/PickPlaceCounterToSink,20,3000384,0,distance_progress,1,-0.05708844768274445,0.4352623905299923,0.0
robocasa/PickPlaceCounterToSink,20,3000384,0,distance_progress,2,-0.050126929679498625,0.5863975444798978,0.0
robocasa/PickPlaceCounterToSink,20,3000384,0,distance_progress,4,-0.0447491813614144,0.7031489224952312,0.0
robocasa/PickPlaceCounterToSink,20,3000384,0,distance_progress,8,-0.03915721776723899,0.8245509325588288,0.0
robocasa/PickPlaceCounterToSink,20,3000384,0,oracle_real_utility,1,-0.05708844768274445,0.4352623905299923,0.0
robocasa/PickPlaceCounterToSink,20,3000384,0,oracle_real_utility,2,-0.048847901725383086,0.6141653512515464,0.0
robocasa/PickPlaceCounterToSink,20,3000384,0,oracle_real_utility,4,-0.041901233564025316,0.7649781138582363,0.0
robocasa/PickPlaceCounterToSink,20,3000384,0,oracle_real_utility,8,-0.03654874387236263,0.8811811249238612,0.0
robocasa/PickPlaceCounterToSink,20,3010391,1,random,1,-0.06268526079467564,0.5665402548466961,0.0
robocasa/PickPlaceCounterToSink,20,3010391,1,random,2,-0.06113307025329373,0.6118268141418595,0.0
robocasa/PickPlaceCounterToSink,20,3010391,1,random,4,-0.062157285020427014,0.5819444243538965,0.0
robocasa/PickPlaceCounterToSink,20,3010391,1,random,8,-0.06426811128451775,0.5203591638964867,0.0
robocasa/PickPlaceCounterToSink,20,3010391,1,learned_wam,1,-0.06268526079467564,0.5665402548466962,0.0
robocasa/PickPlaceCounterToSink,20,3010391,1,learned_wam,2,-0.05688565521493377,0.735748979531817,0.0
robocasa/PickPlaceCounterToSink,20,3010391,1,learned_wam,4,-0.05135935274345291,0.896983839483298,0.0
robocasa/PickPlaceCounterToSink,20,3010391,1,learned_wam,8,-0.04892043037105477,0.9681415998801468,0.0
robocasa/PickPlaceCounterToSink,20,3010391,1,learned_physics_score,1,-0.06268526079467564,0.5665402548466962,0.0
robocasa/PickPlaceCounterToSink,20,3010391,1,learned_physics_score,2,-0.05688565521493377,0.735748979531817,0.0
robocasa/PickPlaceCounterToSink,20,3010391,1,learned_physics_score,4,-0.05135935274345291,0.896983839483298,0.0
robocasa/PickPlaceCounterToSink,20,3010391,1,learned_physics_score,8,-0.04892043037105477,0.9681415998801468,0.0
robocasa/PickPlaceCounterToSink,20,3010391,1,learned_energy_regularized,1,-0.06268526079467565,0.5665402548466962,0.0
robocasa/PickPlaceCounterToSink,20,3010391,1,learned_energy_regularized,2,-0.057807595323807595,0.7088505451618122,0.0
robocasa/PickPlaceCounterToSink,20,3010391,1,learned_energy_regularized,4,-0.05275871950129862,0.8561560519370345,0.0
robocasa/PickPlaceCounterToSink,20,3010391,1,learned_energy_regularized,8,-0.049348229863829106,0.955660163755225,0.0
robocasa/PickPlaceCounterToSink,20,3010391,1,predicted_progress,1,-0.06268526079467565,0.5665402548466961,0.0
robocasa/PickPlaceCounterToSink,20,3010391,1,predicted_progress,2,-0.0579647237966163,0.7042661802200729,0.0
robocasa/PickPlaceCounterToSink,20,3010391,1,predicted_progress,4,-0.05397259551240757,0.8207401242603201,0.0
robocasa/PickPlaceCounterToSink,20,3010391,1,predicted_progress,8,-0.05166244898028999,0.8881407333467004,0.0
robocasa/PickPlaceCounterToSink,20,3010391,1,predicted_success,1,-0.06268526079467564,0.5665402548466961,0.0
robocasa/PickPlaceCounterToSink,20,3010391,1,predicted_success,2,-0.06268526079467564,0.5665402548466961,0.0
robocasa/PickPlaceCounterToSink,20,3010391,1,predicted_success,4,-0.06268526079467564,0.5665402548466961,0.0
robocasa/PickPlaceCounterToSink,20,3010391,1,predicted_success,8,-0.06268526079467564,0.5665402548466961,0.0
robocasa/PickPlaceCounterToSink,20,3010391,1,low_energy,1,-0.06268526079467565,0.5665402548466962,0.0
robocasa/PickPlaceCounterToSink,20,3010391,1,low_energy,2,-0.0589093873334446,0.67670476934041,0.0
robocasa/PickPlaceCounterToSink,20,3010391,1,low_energy,4,-0.05344733950732175,0.8360649420486581,0.0
robocasa/PickPlaceCounterToSink,20,3010391,1,low_energy,8,-0.049409929947376585,0.9538600081573163,0.0
robocasa/PickPlaceCounterToSink,20,3010391,1,distance_progress,1,-0.06268526079467565,0.5665402548466961,0.0
robocasa/PickPlaceCounterToSink,20,3010391,1,distance_progress,2,-0.05665893959450421,0.7423636122808238,0.0
robocasa/PickPlaceCounterToSink,20,3010391,1,distance_progress,4,-0.05315555916689006,0.8445778966994182,0.0
robocasa/PickPlaceCounterToSink,20,3010391,1,distance_progress,8,-0.05149517853298953,0.8930209995434369,0.0
robocasa/PickPlaceCounterToSink,20,3010391,1,oracle_real_utility,1,-0.06268526079467564,0.5665402548466962,0.0
robocasa/PickPlaceCounterToSink,20,3010391,1,oracle_real_utility,2,-0.05546792075000244,0.77711266150204,0.0
robocasa/PickPlaceCounterToSink,20,3010391,1,oracle_real_utility,4,-0.0506768080659397,0.9168976961817683,0.0
robocasa/PickPlaceCounterToSink,20,3010391,1,oracle_real_utility,8,-0.04875416617861408,0.9729925076835946,0.0
robocasa/PickPlaceCounterToStove,21,3100387,0,random,1,-0.051265379479868055,0.5116992305967369,0.0
robocasa/PickPlaceCounterToStove,21,3100387,0,random,2,-0.05129112462043141,0.511212563398034,0.0
robocasa/PickPlaceCounterToStove,21,3100387,0,random,4,-0.053233632960383026,0.47449281467749826,0.0
robocasa/PickPlaceCounterToStove,21,3100387,0,random,8,-0.05344346248030432,0.47052635178660923,0.0
robocasa/PickPlaceCounterToStove,21,3100387,0,learned_wam,1,-0.051265379479868055,0.5116992305967369,0.0
robocasa/PickPlaceCounterToStove,21,3100387,0,learned_wam,2,-0.043980545199929715,0.6494063789926832,0.0
robocasa/PickPlaceCounterToStove,21,3100387,0,learned_wam,4,-0.03736817722272266,0.774401719077971,0.0
robocasa/PickPlaceCounterToStove,21,3100387,0,learned_wam,8,-0.03144039051057634,0.8864562385166701,0.0
robocasa/PickPlaceCounterToStove,21,3100387,0,learned_physics_score,1,-0.051265379479868055,0.5116992305967369,0.0
robocasa/PickPlaceCounterToStove,21,3100387,0,learned_physics_score,2,-0.043980545199929715,0.6494063789926832,0.0
robocasa/PickPlaceCounterToStove,21,3100387,0,learned_physics_score,4,-0.03736817722272266,0.774401719077971,0.0
robocasa/PickPlaceCounterToStove,21,3100387,0,learned_physics_score,8,-0.03144039051057634,0.8864562385166701,0.0
robocasa/PickPlaceCounterToStove,21,3100387,0,learned_energy_regularized,1,-0.051265379479868055,0.5116992305967369,0.0
robocasa/PickPlaceCounterToStove,21,3100387,0,learned_energy_regularized,2,-0.043980545199929715,0.6494063789926832,0.0
robocasa/PickPlaceCounterToStove,21,3100387,0,learned_energy_regularized,4,-0.03736817722272266,0.774401719077971,0.0
robocasa/PickPlaceCounterToStove,21,3100387,0,learned_energy_regularized,8,-0.03144039051057634,0.8864562385166701,0.0
robocasa/PickPlaceCounterToStove,21,3100387,0,predicted_progress,1,-0.051265379479868055,0.5116992305967369,0.0
robocasa/PickPlaceCounterToStove,21,3100387,0,predicted_progress,2,-0.04586280527185922,0.613825519211319,0.0
robocasa/PickPlaceCounterToStove,21,3100387,0,predicted_progress,4,-0.04363808442155058,0.6558800056279407,0.0
robocasa/PickPlaceCounterToStove,21,3100387,0,predicted_progress,8,-0.04487921886200527,0.6324185131624649,0.0
robocasa/PickPlaceCounterToStove,21,3100387,0,predicted_success,1,-0.05126537947986805,0.5116992305967369,0.0
robocasa/PickPlaceCounterToStove,21,3100387,0,predicted_success,2,-0.05126537947986805,0.5116992305967369,0.0
robocasa/PickPlaceCounterToStove,21,3100387,0,predicted_success,4,-0.05126537947986805,0.5116992305967369,0.0
robocasa/PickPlaceCounterToStove,21,3100387,0,predicted_success,8,-0.05126537947986805,0.5116992305967369,0.0
robocasa/PickPlaceCounterToStove,21,3100387,0,low_energy,1,-0.051265379479868055,0.5116992305967369,0.0
robocasa/PickPlaceCounterToStove,21,3100387,0,low_energy,2,-0.043980545199929715,0.6494063789926832,0.0
robocasa/PickPlaceCounterToStove,21,3100387,0,low_energy,4,-0.03736817722272266,0.774401719077971,0.0
robocasa/PickPlaceCounterToStove,21,3100387,0,low_energy,8,-0.03144039051057634,0.8864562385166701,0.0
robocasa/PickPlaceCounterToStove,21,3100387,0,distance_progress,1,-0.051265379479868055,0.5116992305967369,0.0
robocasa/PickPlaceCounterToStove,21,3100387,0,distance_progress,2,-0.04429380675149244,0.6434847130617792,0.0
robocasa/PickPlaceCounterToStove,21,3100387,0,distance_progress,4,-0.03861665384979722,0.7508014353176543,0.0
robocasa/PickPlaceCounterToStove,21,3100387,0,distance_progress,8,-0.032710765375633485,0.8624420065741987,0.0
robocasa/PickPlaceCounterToStove,21,3100387,0,oracle_real_utility,1,-0.051265379479868055,0.5116992305967369,0.0
robocasa/PickPlaceCounterToStove,21,3100387,0,oracle_real_utility,2,-0.0428440850997566,0.6708891847294715,0.0
robocasa/PickPlaceCounterToStove,21,3100387,0,oracle_real_utility,4,-0.036418238583207294,0.7923586603304346,0.0
robocasa/PickPlaceCounterToStove,21,3100387,0,oracle_real_utility,8,-0.03114192744529399,0.8920981647489156,0.0
robocasa/PickPlaceCounterToStove,21,3110394,1,random,1,-0.07007426962207815,0.7192747956269989,0.0
robocasa/PickPlaceCounterToStove,21,3110394,1,random,2,-0.07172660197285421,0.6883660605503807,0.0
robocasa/PickPlaceCounterToStove,21,3110394,1,random,4,-0.0707615578390818,0.7064182965027941,0.0
robocasa/PickPlaceCounterToStove,21,3110394,1,random,8,-0.07103336053850555,0.7013339213008851,0.0
robocasa/PickPlaceCounterToStove,21,3110394,1,learned_wam,1,-0.07007426962207815,0.7192747956269988,0.0
robocasa/PickPlaceCounterToStove,21,3110394,1,learned_wam,2,-0.06354432575251945,0.8414247402398831,0.0
robocasa/PickPlaceCounterToStove,21,3110394,1,learned_wam,4,-0.05945489792591861,0.9179220873068864,0.0
robocasa/PickPlaceCounterToStove,21,3110394,1,learned_wam,8,-0.056426711472264385,0.9745677208651956,0.0
robocasa/PickPlaceCounterToStove,21,3110394,1,learned_physics_score,1,-0.07007426962207815,0.7192747956269988,0.0
robocasa/PickPlaceCounterToStove,21,3110394,1,learned_physics_score,2,-0.06354432575251945,0.8414247402398831,0.0
robocasa/PickPlaceCounterToStove,21,3110394,1,learned_physics_score,4,-0.05945489792591861,0.9179220873068864,0.0
robocasa/PickPlaceCounterToStove,21,3110394,1,learned_physics_score,8,-0.056426711472264385,0.9745677208651956,0.0
robocasa/PickPlaceCounterToStove,21,3110394,1,learned_energy_regularized,1,-0.07007426962207813,0.7192747956269988,0.0
robocasa/PickPlaceCounterToStove,21,3110394,1,learned_energy_regularized,2,-0.0640058484026165,0.8327914399737422,0.0
robocasa/PickPlaceCounterToStove,21,3110394,1,learned_energy_regularized,4,-0.06038496082218346,0.9005242147470831,0.0
robocasa/PickPlaceCounterToStove,21,3110394,1,learned_energy_regularized,8,-0.057129693014190436,0.9614176604473027,0.0
robocasa/PickPlaceCounterToStove,21,3110394,1,predicted_progress,1,-0.07007426962207813,0.7192747956269988,0.0
robocasa/PickPlaceCounterToStove,21,3110394,1,predicted_progress,2,-0.0654140059614185,0.8064502690157899,0.0
robocasa/PickPlaceCounterToStove,21,3110394,1,predicted_progress,4,-0.060853841641035494,0.8917532716583043,0.0
robocasa/PickPlaceCounterToStove,21,3110394,1,predicted_progress,8,-0.05836888597662139,0.938237162306842,0.0
robocasa/PickPlaceCounterToStove,21,3110394,1,predicted_success,1,-0.07007426962207813,0.7192747956269988,0.0
robocasa/PickPlaceCounterToStove,21,3110394,1,predicted_success,2,-0.07007426962207813,0.7192747956269988,0.0
robocasa/PickPlaceCounterToStove,21,3110394,1,predicted_success,4,-0.07007426962207813,0.7192747956269988,0.0
robocasa/PickPlaceCounterToStove,21,3110394,1,predicted_success,8,-0.07007426962207813,0.7192747956269988,0.0
robocasa/PickPlaceCounterToStove,21,3110394,1,low_energy,1,-0.07007426962207813,0.7192747956269988,0.0
robocasa/PickPlaceCounterToStove,21,3110394,1,low_energy,2,-0.06414419043207917,0.8302035967129026,0.0
robocasa/PickPlaceCounterToStove,21,3110394,1,low_energy,4,-0.06050384850375294,0.8983002869447991,0.0
robocasa/PickPlaceCounterToStove,21,3110394,1,low_energy,8,-0.05714359086173186,0.9611576855774823,0.0
robocasa/PickPlaceCounterToStove,21,3110394,1,distance_progress,1,-0.07007426962207813,0.7192747956269989,0.0
robocasa/PickPlaceCounterToStove,21,3110394,1,distance_progress,2,-0.06417038440400576,0.8297136090064323,0.0
robocasa/PickPlaceCounterToStove,21,3110394,1,distance_progress,4,-0.06248154462722146,0.8613052565481407,0.0
robocasa/PickPlaceCounterToStove,21,3110394,1,distance_progress,8,-0.06178370342462841,0.8743591611372303,0.0
robocasa/PickPlaceCounterToStove,21,3110394,1,oracle_real_utility,1,-0.07007426962207813,0.7192747956269988,0.0
robocasa/PickPlaceCounterToStove,21,3110394,1,oracle_real_utility,2,-0.062215422355659945,0.8662833729578445,0.0
robocasa/PickPlaceCounterToStove,21,3110394,1,oracle_real_utility,4,-0.05803911184549693,0.9444059583418895,0.0
robocasa/PickPlaceCounterToStove,21,3110394,1,oracle_real_utility,8,-0.05586363213494227,0.9851007531914298,0.0
robocasa/PickPlaceCounterToOven,22,3200390,0,random,1,-0.04732668539700105,0.5663746163092551,0.0
robocasa/PickPlaceCounterToOven,22,3200390,0,random,2,-0.04609032369334003,0.6004391564960689,0.0
robocasa/PickPlaceCounterToOven,22,3200390,0,random,4,-0.04273808834501018,0.6928007650776848,0.0
robocasa/PickPlaceCounterToOven,22,3200390,0,random,8,-0.039310115185551914,0.7872491203639308,0.0
robocasa/PickPlaceCounterToOven,22,3200390,0,learned_wam,1,-0.04732668539700106,0.566374616309255,0.0
robocasa/PickPlaceCounterToOven,22,3200390,0,learned_wam,2,-0.0424229049681467,0.7014847745998087,0.0
robocasa/PickPlaceCounterToOven,22,3200390,0,learned_wam,4,-0.037603973884943645,0.8342571429570405,0.0
robocasa/PickPlaceCounterToOven,22,3200390,0,learned_wam,8,-0.034543623323007845,0.9185766704821199,0.0
robocasa/PickPlaceCounterToOven,22,3200390,0,learned_physics_score,1,-0.04732668539700106,0.566374616309255,0.0
robocasa/PickPlaceCounterToOven,22,3200390,0,learned_physics_score,2,-0.0424229049681467,0.7014847745998087,0.0
robocasa/PickPlaceCounterToOven,22,3200390,0,learned_physics_score,4,-0.037603973884943645,0.8342571429570405,0.0
robocasa/PickPlaceCounterToOven,22,3200390,0,learned_physics_score,8,-0.034543623323007845,0.9185766704821199,0.0
robocasa/PickPlaceCounterToOven,22,3200390,0,learned_energy_regularized,1,-0.04732668539700106,0.566374616309255,0.0
robocasa/PickPlaceCounterToOven,22,3200390,0,learned_energy_regularized,2,-0.0434406738453002,0.6734429574567983,0.0
robocasa/PickPlaceCounterToOven,22,3200390,0,learned_energy_regularized,4,-0.03874499756342105,0.802819379368517,0.0
robocasa/PickPlaceCounterToOven,22,3200390,0,learned_energy_regularized,8,-0.03519853061732617,0.9005325044586303,0.0
robocasa/PickPlaceCounterToOven,22,3200390,0,predicted_progress,1,-0.04732668539700106,0.566374616309255,0.0
robocasa/PickPlaceCounterToOven,22,3200390,0,predicted_progress,2,-0.044939816370179395,0.6321382157834747,0.0
robocasa/PickPlaceCounterToOven,22,3200390,0,predicted_progress,4,-0.045256440292753,0.6234145159934557,0.0
robocasa/PickPlaceCounterToOven,22,3200390,0,predicted_progress,8,-0.04708928936945448,0.5729154097490747,0.0
robocasa/PickPlaceCounterToOven,22,3200390,0,predicted_success,1,-0.04732668539700105,0.566374616309255,0.0
robocasa/PickPlaceCounterToOven,22,3200390,0,predicted_success,2,-0.04732668539700105,0.566374616309255,0.0
robocasa/PickPlaceCounterToOven,22,3200390,0,predicted_success,4,-0.04732668539700105,0.566374616309255,0.0
robocasa/PickPlaceCounterToOven,22,3200390,0,predicted_success,8,-0.04732668539700105,0.566374616309255,0.0
robocasa/PickPlaceCounterToOven,22,3200390,0,low_energy,1,-0.04732668539700106,0.566374616309255,0.0
robocasa/PickPlaceCounterToOven,22,3200390,0,low_energy,2,-0.0433747423509027,0.6752595181233327,0.0
robocasa/PickPlaceCounterToOven,22,3200390,0,low_energy,4,-0.03873778630622132,0.8030180656914192,0.0
robocasa/PickPlaceCounterToOven,22,3200390,0,low_energy,8,-0.03519849867572236,0.9005333845215142,0.0
robocasa/PickPlaceCounterToOven,22,3200390,0,distance_progress,1,-0.04732668539700105,0.566374616309255,0.0
robocasa/PickPlaceCounterToOven,22,3200390,0,distance_progress,2,-0.044009514254269834,0.6577701273182948,0.0
robocasa/PickPlaceCounterToOven,22,3200390,0,distance_progress,4,-0.043932197732353434,0.659900371048853,0.0
robocasa/PickPlaceCounterToOven,22,3200390,0,distance_progress,8,-0.0454787176710277,0.617290275277784,0.0
robocasa/PickPlaceCounterToOven,22,3200390,0,oracle_real_utility,1,-0.04732668539700106,0.5663746163092551,0.0
robocasa/PickPlaceCounterToOven,22,3200390,0,oracle_real_utility,2,-0.041430600820038674,0.7288249812971486,0.0
robocasa/PickPlaceCounterToOven,22,3200390,0,oracle_real_utility,4,-0.03698846612575805,0.8512157633478108,0.0
robocasa/PickPlaceCounterToOven,22,3200390,0,oracle_real_utility,8,-0.033882623754419736,0.9367886923370201,0.0
robocasa/PickPlaceCounterToOven,22,3210397,1,random,1,-0.052962939369281745,0.5596877431797987,0.0
robocasa/PickPlaceCounterToOven,22,3210397,1,random,2,-0.04715006510839482,0.6648533298440218,0.0
robocasa/PickPlaceCounterToOven,22,3210397,1,random,4,-0.04375519949301547,0.726272692807,0.0
robocasa/PickPlaceCounterToOven,22,3210397,1,random,8,-0.04200770212507542,0.7578881342642803,0.0
robocasa/PickPlaceCounterToOven,22,3210397,1,learned_wam,1,-0.052962939369281745,0.5596877431797987,0.0
robocasa/PickPlaceCounterToOven,22,3210397,1,learned_wam,2,-0.046008161836722475,0.685512460265483,0.0
robocasa/PickPlaceCounterToOven,22,3210397,1,learned_wam,4,-0.04296737284850447,0.7405259258103687,0.0
robocasa/PickPlaceCounterToOven,22,3210397,1,learned_wam,8,-0.04160694627226827,0.7651385447287162,0.0
robocasa/PickPlaceCounterToOven,22,3210397,1,learned_physics_score,1,-0.052962939369281745,0.5596877431797987,0.0
robocasa/PickPlaceCounterToOven,22,3210397,1,learned_physics_score,2,-0.046008161836722475,0.685512460265483,0.0
robocasa/PickPlaceCounterToOven,22,3210397,1,learned_physics_score,4,-0.04296737284850447,0.7405259258103687,0.0
robocasa/PickPlaceCounterToOven,22,3210397,1,learned_physics_score,8,-0.04160694627226827,0.7651385447287162,0.0
robocasa/PickPlaceCounterToOven,22,3210397,1,learned_energy_regularized,1,-0.052962939369281745,0.5596877431797987,0.0
robocasa/PickPlaceCounterToOven,22,3210397,1,learned_energy_regularized,2,-0.04836483276720094,0.6428759486440407,0.0
robocasa/PickPlaceCounterToOven,22,3210397,1,learned_energy_regularized,4,-0.046110538508828264,0.6836602779715737,0.0
robocasa/PickPlaceCounterToOven,22,3210397,1,learned_energy_regularized,8,-0.04327823194875998,0.7349019129415104,0.0
robocasa/PickPlaceCounterToOven,22,3210397,1,predicted_progress,1,-0.052962939369281745,0.5596877431797987,0.0
robocasa/PickPlaceCounterToOven,22,3210397,1,predicted_progress,2,-0.04446714463500388,0.7133922957487415,0.0
robocasa/PickPlaceCounterToOven,22,3210397,1,predicted_progress,4,-0.04005134092169772,0.7932823066558485,0.0
robocasa/PickPlaceCounterToOven,22,3210397,1,predicted_progress,8,-0.03943615672364579,0.8044121202714658,0.0
robocasa/PickPlaceCounterToOven,22,3210397,1,predicted_success,1,-0.052962939369281745,0.5596877431797987,0.0
robocasa/PickPlaceCounterToOven,22,3210397,1,predicted_success,2,-0.052962939369281745,0.5596877431797987,0.0
robocasa/PickPlaceCounterToOven,22,3210397,1,predicted_success,4,-0.052962939369281745,0.5596877431797987,0.0
robocasa/PickPlaceCounterToOven,22,3210397,1,predicted_success,8,-0.052962939369281745,0.5596877431797987,0.0
robocasa/PickPlaceCounterToOven,22,3210397,1,low_energy,1,-0.052962939369281745,0.5596877431797987,0.0
robocasa/PickPlaceCounterToOven,22,3210397,1,low_energy,2,-0.04836483276720094,0.6428759486440407,0.0
robocasa/PickPlaceCounterToOven,22,3210397,1,low_energy,4,-0.046110538508828264,0.6836602779715737,0.0
robocasa/PickPlaceCounterToOven,22,3210397,1,low_energy,8,-0.04327823194875998,0.7349019129415104,0.0
robocasa/PickPlaceCounterToOven,22,3210397,1,distance_progress,1,-0.052962939369281745,0.5596877431797987,0.0
robocasa/PickPlaceCounterToOven,22,3210397,1,distance_progress,2,-0.04447381640189273,0.7132715912147257,0.0
robocasa/PickPlaceCounterToOven,22,3210397,1,distance_progress,4,-0.03664052202866408,0.8549902937535374,0.0
robocasa/PickPlaceCounterToOven,22,3210397,1,distance_progress,8,-0.03216332307028529,0.9359910575647458,0.0
robocasa/PickPlaceCounterToOven,22,3210397,1,oracle_real_utility,1,-0.052962939369281745,0.5596877431797987,0.0
robocasa/PickPlaceCounterToOven,22,3210397,1,oracle_real_utility,2,-0.04326449366944797,0.7351504636822904,0.0
robocasa/PickPlaceCounterToOven,22,3210397,1,oracle_real_utility,4,-0.03633819134555289,0.8604600118704285,0.0
robocasa/PickPlaceCounterToOven,22,3210397,1,oracle_real_utility,8,-0.032156052666895044,0.9361225925341095,0.0
robocasa/PickPlaceCounterToBlender,23,3300393,0,random,1,-0.05522019337384458,0.42919305059400925,0.0
robocasa/PickPlaceCounterToBlender,23,3300393,0,random,2,-0.05351784130695948,0.48222624087949206,0.0
robocasa/PickPlaceCounterToBlender,23,3300393,0,random,4,-0.05072314916917666,0.5692889835491509,0.0
robocasa/PickPlaceCounterToBlender,23,3300393,0,random,8,-0.04573858356714825,0.7245726180011818,0.0
robocasa/PickPlaceCounterToBlender,23,3300393,0,learned_wam,1,-0.05522019337384459,0.42919305059400925,0.0
robocasa/PickPlaceCounterToBlender,23,3300393,0,learned_wam,2,-0.04946181664904167,0.6085831394730684,0.0
robocasa/PickPlaceCounterToBlender,23,3300393,0,learned_wam,4,-0.04380522745329455,0.7848022524405572,0.0
robocasa/PickPlaceCounterToBlender,23,3300393,0,learned_wam,8,-0.04025705788075182,0.8953379963481775,0.0
robocasa/PickPlaceCounterToBlender,23,3300393,0,learned_physics_score,1,-0.05522019337384459,0.42919305059400925,0.0
robocasa/PickPlaceCounterToBlender,23,3300393,0,learned_physics_score,2,-0.04946181664904167,0.6085831394730684,0.0
robocasa/PickPlaceCounterToBlender,23,3300393,0,learned_physics_score,4,-0.04380522745329455,0.7848022524405572,0.0
robocasa/PickPlaceCounterToBlender,23,3300393,0,learned_physics_score,8,-0.04025705788075182,0.8953379963481775,0.0
robocasa/PickPlaceCounterToBlender,23,3300393,0,learned_energy_regularized,1,-0.05522019337384459,0.4291930505940092,0.0
robocasa/PickPlaceCounterToBlender,23,3300393,0,learned_energy_regularized,2,-0.049226158060235205,0.6159245860666922,0.0
robocasa/PickPlaceCounterToBlender,23,3300393,0,learned_energy_regularized,4,-0.04341495028504683,0.7969605149588579,0.0
robocasa/PickPlaceCounterToBlender,23,3300393,0,learned_energy_regularized,8,-0.03977055571138762,0.910493945945255,0.0
robocasa/PickPlaceCounterToBlender,23,3300393,0,predicted_progress,1,-0.05522019337384459,0.4291930505940092,0.0
robocasa/PickPlaceCounterToBlender,23,3300393,0,predicted_progress,2,-0.05067811412968562,0.5706919552759179,0.0
robocasa/PickPlaceCounterToBlender,23,3300393,0,predicted_progress,4,-0.04710801521518302,0.6819108616078187,0.0
robocasa/PickPlaceCounterToBlender,23,3300393,0,predicted_progress,8,-0.04590782495232423,0.719300259386997,0.0
robocasa/PickPlaceCounterToBlender,23,3300393,0,predicted_success,1,-0.05522019337384459,0.42919305059400925,0.0
robocasa/PickPlaceCounterToBlender,23,3300393,0,predicted_success,2,-0.05522019337384459,0.42919305059400925,0.0
robocasa/PickPlaceCounterToBlender,23,3300393,0,predicted_success,4,-0.05522019337384459,0.42919305059400925,0.0
robocasa/PickPlaceCounterToBlender,23,3300393,0,predicted_success,8,-0.05522019337384459,0.42919305059400925,0.0
robocasa/PickPlaceCounterToBlender,23,3300393,0,low_energy,1,-0.05522019337384459,0.4291930505940092,0.0
robocasa/PickPlaceCounterToBlender,23,3300393,0,low_energy,2,-0.049226158060235205,0.6159245860666922,0.0
robocasa/PickPlaceCounterToBlender,23,3300393,0,low_energy,4,-0.04341495028504683,0.7969605149588579,0.0
robocasa/PickPlaceCounterToBlender,23,3300393,0,low_energy,8,-0.03977055571138762,0.910493945945255,0.0
robocasa/PickPlaceCounterToBlender,23,3300393,0,distance_progress,1,-0.05522019337384459,0.4291930505940092,0.0
robocasa/PickPlaceCounterToBlender,23,3300393,0,distance_progress,2,-0.05137870507997443,0.5488665209831526,0.0
robocasa/PickPlaceCounterToBlender,23,3300393,0,distance_progress,4,-0.05042034055419928,0.5787223476637569,0.0
robocasa/PickPlaceCounterToBlender,23,3300393,0,distance_progress,8,-0.05101655384742766,0.5601485792608606,0.0
robocasa/PickPlaceCounterToBlender,23,3300393,0,oracle_real_utility,1,-0.05522019337384459,0.4291930505940092,0.0
robocasa/PickPlaceCounterToBlender,23,3300393,0,oracle_real_utility,2,-0.04878555534872385,0.6296506348050338,0.0
robocasa/PickPlaceCounterToBlender,23,3300393,0,oracle_real_utility,4,-0.043236244867659514,0.8025277055475177,0.0
robocasa/PickPlaceCounterToBlender,23,3300393,0,oracle_real_utility,8,-0.03975629027836506,0.9109383554412147,0.0
robocasa/PickPlaceCounterToBlender,23,3310400,1,random,1,-0.058247410801135414,0.346667106322722,0.0
robocasa/PickPlaceCounterToBlender,23,3310400,1,random,2,-0.05799992075127945,0.35338152302164016,0.0
robocasa/PickPlaceCounterToBlender,23,3310400,1,random,4,-0.06109824323050578,0.2693238883601351,0.0
robocasa/PickPlaceCounterToBlender,23,3310400,1,random,8,-0.06396671323154411,0.19150216224821132,0.0
robocasa/PickPlaceCounterToBlender,23,3310400,1,learned_wam,1,-0.05824741080113542,0.346667106322722,0.0
robocasa/PickPlaceCounterToBlender,23,3310400,1,learned_wam,2,-0.05296142326646745,0.4900761968849614,0.0
robocasa/PickPlaceCounterToBlender,23,3310400,1,learned_wam,4,-0.04764757803752877,0.6342410680036858,0.0
robocasa/PickPlaceCounterToBlender,23,3310400,1,learned_wam,8,-0.04534610688870088,0.6966800885734479,0.0
robocasa/PickPlaceCounterToBlender,23,3310400,1,learned_physics_score,1,-0.05824741080113542,0.346667106322722,0.0
robocasa/PickPlaceCounterToBlender,23,3310400,1,learned_physics_score,2,-0.05296142326646745,0.4900761968849614,0.0
robocasa/PickPlaceCounterToBlender,23,3310400,1,learned_physics_score,4,-0.04764757803752877,0.6342410680036858,0.0
robocasa/PickPlaceCounterToBlender,23,3310400,1,learned_physics_score,8,-0.04534610688870088,0.6966800885734479,0.0
robocasa/PickPlaceCounterToBlender,23,3310400,1,learned_energy_regularized,1,-0.058247410801135414,0.346667106322722,0.0
robocasa/PickPlaceCounterToBlender,23,3310400,1,learned_energy_regularized,2,-0.05302151775508179,0.4884458305809427,0.0
robocasa/PickPlaceCounterToBlender,23,3310400,1,learned_energy_regularized,4,-0.04783771635805503,0.6290826064203261,0.0
robocasa/PickPlaceCounterToBlender,23,3310400,1,learned_energy_regularized,8,-0.04611406993639218,0.6758452149509673,0.0
robocasa/PickPlaceCounterToBlender,23,3310400,1,predicted_progress,1,-0.05824741080113542,0.346667106322722,0.0
robocasa/PickPlaceCounterToBlender,23,3310400,1,predicted_progress,2,-0.051588766286551624,0.5273164453442312,0.0
robocasa/PickPlaceCounterToBlender,23,3310400,1,predicted_progress,4,-0.04418741254720726,0.7281155205837222,0.0
robocasa/PickPlaceCounterToBlender,23,3310400,1,predicted_progress,8,-0.03855392599465996,0.880952275853551,0.0
robocasa/PickPlaceCounterToBlender,23,3310400,1,predicted_success,1,-0.05824741080113542,0.346667106322722,0.0
robocasa/PickPlaceCounterToBlender,23,3310400,1,predicted_success,2,-0.05824741080113542,0.346667106322722,0.0
robocasa/PickPlaceCounterToBlender,23,3310400,1,predicted_success,4,-0.05824741080113542,0.346667106322722,0.0
robocasa/PickPlaceCounterToBlender,23,3310400,1,predicted_success,8,-0.05824741080113542,0.346667106322722,0.0
robocasa/PickPlaceCounterToBlender,23,3310400,1,low_energy,1,-0.058247410801135414,0.346667106322722,0.0
robocasa/PickPlaceCounterToBlender,23,3310400,1,low_energy,2,-0.05302151775508179,0.4884458305809427,0.0
robocasa/PickPlaceCounterToBlender,23,3310400,1,low_energy,4,-0.04783771635805503,0.6290826064203261,0.0
robocasa/PickPlaceCounterToBlender,23,3310400,1,low_energy,8,-0.04611406993639218,0.6758452149509673,0.0
robocasa/PickPlaceCounterToBlender,23,3310400,1,distance_progress,1,-0.05824741080113542,0.346667106322722,0.0
robocasa/PickPlaceCounterToBlender,23,3310400,1,distance_progress,2,-0.05379578865498575,0.46743982463109945,0.0
robocasa/PickPlaceCounterToBlender,23,3310400,1,distance_progress,4,-0.04986202130829411,0.5741631178610968,0.0
robocasa/PickPlaceCounterToBlender,23,3310400,1,distance_progress,8,-0.04429912653403997,0.7250847148639417,0.0
robocasa/PickPlaceCounterToBlender,23,3310400,1,oracle_real_utility,1,-0.05824741080113542,0.346667106322722,0.0
robocasa/PickPlaceCounterToBlender,23,3310400,1,oracle_real_utility,2,-0.05130885150918922,0.5349105464262338,0.0
robocasa/PickPlaceCounterToBlender,23,3310400,1,oracle_real_utility,4,-0.04402931357572009,0.7324047531199516,0.0
robocasa/PickPlaceCounterToBlender,23,3310400,1,oracle_real_utility,8,-0.038538659915546336,0.8813664452982911,0.0
robocasa/PickPlaceCounterToStandMixer,24,3400396,0,random,1,-0.04141672761409136,0.45289979691942,0.0
robocasa/PickPlaceCounterToStandMixer,24,3400396,0,random,2,-0.03881618971717453,0.514656844044778,0.0
robocasa/PickPlaceCounterToStandMixer,24,3400396,0,random,4,-0.03759752556744898,0.5435974333797052,0.0
robocasa/PickPlaceCounterToStandMixer,24,3400396,0,random,8,-0.03821341599292931,0.5289713923304513,0.0
robocasa/PickPlaceCounterToStandMixer,24,3400396,0,learned_wam,1,-0.04141672761409136,0.45289979691942006,0.0
robocasa/PickPlaceCounterToStandMixer,24,3400396,0,learned_wam,2,-0.03651332577293835,0.5693447904485176,0.0
robocasa/PickPlaceCounterToStandMixer,24,3400396,0,learned_wam,4,-0.030612409393926024,0.7094785571332936,0.0
robocasa/PickPlaceCounterToStandMixer,24,3400396,0,learned_wam,8,-0.02455282800703657,0.8533802682807246,0.0
robocasa/PickPlaceCounterToStandMixer,24,3400396,0,learned_physics_score,1,-0.04141672761409136,0.45289979691942006,0.0
robocasa/PickPlaceCounterToStandMixer,24,3400396,0,learned_physics_score,2,-0.03651332577293835,0.5693447904485176,0.0
robocasa/PickPlaceCounterToStandMixer,24,3400396,0,learned_physics_score,4,-0.030612409393926024,0.7094785571332936,0.0
robocasa/PickPlaceCounterToStandMixer,24,3400396,0,learned_physics_score,8,-0.02455282800703657,0.8533802682807246,0.0
robocasa/PickPlaceCounterToStandMixer,24,3400396,0,learned_energy_regularized,1,-0.04141672761409136,0.45289979691942006,0.0
robocasa/PickPlaceCounterToStandMixer,24,3400396,0,learned_energy_regularized,2,-0.037024162233558144,0.5572135496735802,0.0
robocasa/PickPlaceCounterToStandMixer,24,3400396,0,learned_energy_regularized,4,-0.03081195488635563,0.7047397912055835,0.0
robocasa/PickPlaceCounterToStandMixer,24,3400396,0,learned_energy_regularized,8,-0.02455872278354633,0.853240280322411,0.0
robocasa/PickPlaceCounterToStandMixer,24,3400396,0,predicted_progress,1,-0.04141672761409136,0.45289979691942,0.0
robocasa/PickPlaceCounterToStandMixer,24,3400396,0,predicted_progress,2,-0.03556195107976741,0.5919378439201434,0.0
robocasa/PickPlaceCounterToStandMixer,24,3400396,0,predicted_progress,4,-0.030575883445847666,0.710345967948359,0.0
robocasa/PickPlaceCounterToStandMixer,24,3400396,0,predicted_progress,8,-0.025576817741875334,0.8290627675108665,0.0
robocasa/PickPlaceCounterToStandMixer,24,3400396,0,predicted_success,1,-0.04141672761409136,0.45289979691942006,0.0
robocasa/PickPlaceCounterToStandMixer,24,3400396,0,predicted_success,2,-0.04141672761409136,0.45289979691942006,0.0
robocasa/PickPlaceCounterToStandMixer,24,3400396,0,predicted_success,4,-0.04141672761409136,0.45289979691942006,0.0
robocasa/PickPlaceCounterToStandMixer,24,3400396,0,predicted_success,8,-0.04141672761409136,0.45289979691942006,0.0
robocasa/PickPlaceCounterToStandMixer,24,3400396,0,low_energy,1,-0.04141672761409136,0.45289979691942006,0.0
robocasa/PickPlaceCounterToStandMixer,24,3400396,0,low_energy,2,-0.037024162233558144,0.5572135496735802,0.0
robocasa/PickPlaceCounterToStandMixer,24,3400396,0,low_energy,4,-0.03081195488635563,0.7047397912055835,0.0
robocasa/PickPlaceCounterToStandMixer,24,3400396,0,low_energy,8,-0.02455872278354633,0.853240280322411,0.0
robocasa/PickPlaceCounterToStandMixer,24,3400396,0,distance_progress,1,-0.04141672761409136,0.45289979691942,0.0
robocasa/PickPlaceCounterToStandMixer,24,3400396,0,distance_progress,2,-0.03690662575628274,0.5600047821238556,0.0
robocasa/PickPlaceCounterToStandMixer,24,3400396,0,distance_progress,4,-0.03518659072758741,0.600851825518356,0.0
robocasa/PickPlaceCounterToStandMixer,24,3400396,0,distance_progress,8,-0.035419154911499315,0.5953289383946782,0.0
robocasa/PickPlaceCounterToStandMixer,24,3400396,0,oracle_real_utility,1,-0.04141672761409136,0.45289979691942006,0.0
robocasa/PickPlaceCounterToStandMixer,24,3400396,0,oracle_real_utility,2,-0.03441573322909798,0.6191579932221942,0.0
robocasa/PickPlaceCounterToStandMixer,24,3400396,0,oracle_real_utility,4,-0.028758196682219097,0.7535120249605014,0.0
robocasa/PickPlaceCounterToStandMixer,24,3400396,0,oracle_real_utility,8,-0.02405940263610918,0.8650980340250107,0.0
robocasa/PickPlaceCounterToStandMixer,24,3410403,1,random,1,-0.05927847795110339,0.587922919839081,0.0
robocasa/PickPlaceCounterToStandMixer,24,3410403,1,random,2,-0.06398573387804246,0.5134934705522067,0.0
robocasa/PickPlaceCounterToStandMixer,24,3410403,1,random,4,-0.06925310270813131,0.4302077161128274,0.0
robocasa/PickPlaceCounterToStandMixer,24,3410403,1,random,8,-0.07079218737800498,0.40587225907319785,0.0
robocasa/PickPlaceCounterToStandMixer,24,3410403,1,learned_wam,1,-0.05927847795110339,0.5879229198390811,0.0
robocasa/PickPlaceCounterToStandMixer,24,3410403,1,learned_wam,2,-0.05056839845277303,0.7256435856298566,0.0
robocasa/PickPlaceCounterToStandMixer,24,3410403,1,learned_wam,4,-0.044283990870568946,0.8250103935318569,0.0
robocasa/PickPlaceCounterToStandMixer,24,3410403,1,learned_wam,8,-0.03847110746780462,0.9169216295367992,0.0
robocasa/PickPlaceCounterToStandMixer,24,3410403,1,learned_physics_score,1,-0.05927847795110339,0.5879229198390811,0.0
robocasa/PickPlaceCounterToStandMixer,24,3410403,1,learned_physics_score,2,-0.05056839845277303,0.7256435856298566,0.0
robocasa/PickPlaceCounterToStandMixer,24,3410403,1,learned_physics_score,4,-0.044283990870568946,0.8250103935318569,0.0
robocasa/PickPlaceCounterToStandMixer,24,3410403,1,learned_physics_score,8,-0.03847110746780462,0.9169216295367992,0.0
robocasa/PickPlaceCounterToStandMixer,24,3410403,1,learned_energy_regularized,1,-0.05927847795110339,0.5879229198390812,0.0
robocasa/PickPlaceCounterToStandMixer,24,3410403,1,learned_energy_regularized,2,-0.051680380550105334,0.7080613219063872,0.0
robocasa/PickPlaceCounterToStandMixer,24,3410403,1,learned_energy_regularized,4,-0.046054953382424935,0.7970085668814728,0.0
robocasa/PickPlaceCounterToStandMixer,24,3410403,1,learned_energy_regularized,8,-0.04170750442368351,0.8657488769101074,0.0
robocasa/PickPlaceCounterToStandMixer,24,3410403,1,predicted_progress,1,-0.05927847795110339,0.5879229198390811,0.0
robocasa/PickPlaceCounterToStandMixer,24,3410403,1,predicted_progress,2,-0.053988161343752644,0.671571516335589,0.0
robocasa/PickPlaceCounterToStandMixer,24,3410403,1,predicted_progress,4,-0.046459346097898965,0.7906144537133096,0.0
robocasa/PickPlaceCounterToStandMixer,24,3410403,1,predicted_progress,8,-0.04172101294839631,0.8655352849425881,0.0
robocasa/PickPlaceCounterToStandMixer,24,3410403,1,predicted_success,1,-0.05927847795110339,0.5879229198390811,0.0
robocasa/PickPlaceCounterToStandMixer,24,3410403,1,predicted_success,2,-0.05927847795110339,0.5879229198390811,0.0
robocasa/PickPlaceCounterToStandMixer,24,3410403,1,predicted_success,4,-0.05927847795110339,0.5879229198390811,0.0
robocasa/PickPlaceCounterToStandMixer,24,3410403,1,predicted_success,8,-0.05927847795110339,0.5879229198390811,0.0
robocasa/PickPlaceCounterToStandMixer,24,3410403,1,low_energy,1,-0.05927847795110339,0.5879229198390812,0.0
robocasa/PickPlaceCounterToStandMixer,24,3410403,1,low_energy,2,-0.051680380550105334,0.7080613219063872,0.0
robocasa/PickPlaceCounterToStandMixer,24,3410403,1,low_energy,4,-0.046054953382424935,0.7970085668814728,0.0
robocasa/PickPlaceCounterToStandMixer,24,3410403,1,low_energy,8,-0.04170750442368351,0.8657488769101074,0.0
robocasa/PickPlaceCounterToStandMixer,24,3410403,1,distance_progress,1,-0.05927847795110338,0.5879229198390811,0.0
robocasa/PickPlaceCounterToStandMixer,24,3410403,1,distance_progress,2,-0.05123722331760165,0.7150683657711538,0.0
robocasa/PickPlaceCounterToStandMixer,24,3410403,1,distance_progress,4,-0.045268604478181665,0.8094420348718613,0.0
robocasa/PickPlaceCounterToStandMixer,24,3410403,1,distance_progress,8,-0.042421560083590173,0.854458483876052,0.0
robocasa/PickPlaceCounterToStandMixer,24,3410403,1,oracle_real_utility,1,-0.05927847795110339,0.5879229198390812,0.0
robocasa/PickPlaceCounterToStandMixer,24,3410403,1,oracle_real_utility,2,-0.04900569387063637,0.7503525122851658,0.0
robocasa/PickPlaceCounterToStandMixer,24,3410403,1,oracle_real_utility,4,-0.041512348919603176,0.8688346060311596,0.0
robocasa/PickPlaceCounterToStandMixer,24,3410403,1,oracle_real_utility,8,-0.03670115295393887,0.9449075180830182,0.0
robocasa/PickPlaceCounterToToasterOven,25,3500399,0,random,1,-0.06660197166203723,0.5945189226468193,0.0
robocasa/PickPlaceCounterToToasterOven,25,3500399,0,random,2,-0.06588294408940049,0.6098013378679452,0.0
robocasa/PickPlaceCounterToToasterOven,25,3500399,0,random,4,-0.06101311897246364,0.7133059770828002,0.0
robocasa/PickPlaceCounterToToasterOven,25,3500399,0,random,8,-0.053534765101152404,0.8722530235956247,0.0
robocasa/PickPlaceCounterToToasterOven,25,3500399,0,learned_wam,1,-0.06660197166203723,0.5945189226468193,0.0
robocasa/PickPlaceCounterToToasterOven,25,3500399,0,learned_wam,2,-0.06307675264327184,0.6694449238745932,0.0
robocasa/PickPlaceCounterToToasterOven,25,3500399,0,learned_wam,4,-0.06103461922059508,0.7128490047331906,0.0
robocasa/PickPlaceCounterToToasterOven,25,3500399,0,learned_wam,8,-0.0557494185586697,0.8251821531635375,0.0
robocasa/PickPlaceCounterToToasterOven,25,3500399,0,learned_physics_score,1,-0.06660197166203723,0.5945189226468193,0.0
robocasa/PickPlaceCounterToToasterOven,25,3500399,0,learned_physics_score,2,-0.06307675264327184,0.6694449238745932,0.0
robocasa/PickPlaceCounterToToasterOven,25,3500399,0,learned_physics_score,4,-0.06103461922059508,0.7128490047331906,0.0
robocasa/PickPlaceCounterToToasterOven,25,3500399,0,learned_physics_score,8,-0.0557494185586697,0.8251821531635375,0.0
robocasa/PickPlaceCounterToToasterOven,25,3500399,0,learned_energy_regularized,1,-0.06660197166203723,0.5945189226468193,0.0
robocasa/PickPlaceCounterToToasterOven,25,3500399,0,learned_energy_regularized,2,-0.0594506032204643,0.7465161284321259,0.0
robocasa/PickPlaceCounterToToasterOven,25,3500399,0,learned_energy_regularized,4,-0.05588103004749916,0.8223848453874438,0.0
robocasa/PickPlaceCounterToToasterOven,25,3500399,0,learned_energy_regularized,8,-0.05326392756645564,0.8780094810949162,0.0
robocasa/PickPlaceCounterToToasterOven,25,3500399,0,predicted_progress,1,-0.06660197166203723,0.5945189226468192,0.0
robocasa/PickPlaceCounterToToasterOven,25,3500399,0,predicted_progress,2,-0.07202211057020723,0.47931775859815784,0.0
robocasa/PickPlaceCounterToToasterOven,25,3500399,0,predicted_progress,4,-0.0772249243417815,0.3687356844173087,0.0
robocasa/PickPlaceCounterToToasterOven,25,3500399,0,predicted_progress,8,-0.08012858075383875,0.3070205504818774,0.0
robocasa/PickPlaceCounterToToasterOven,25,3500399,0,predicted_success,1,-0.06660197166203723,0.5945189226468193,0.0
robocasa/PickPlaceCounterToToasterOven,25,3500399,0,predicted_success,2,-0.06660197166203723,0.5945189226468193,0.0
robocasa/PickPlaceCounterToToasterOven,25,3500399,0,predicted_success,4,-0.06660197166203723,0.5945189226468193,0.0
robocasa/PickPlaceCounterToToasterOven,25,3500399,0,predicted_success,8,-0.06660197166203723,0.5945189226468193,0.0
robocasa/PickPlaceCounterToToasterOven,25,3500399,0,low_energy,1,-0.06660197166203723,0.5945189226468193,0.0
robocasa/PickPlaceCounterToToasterOven,25,3500399,0,low_energy,2,-0.0594506032204643,0.7465161284321259,0.0
robocasa/PickPlaceCounterToToasterOven,25,3500399,0,low_energy,4,-0.05588103004749916,0.8223848453874438,0.0
robocasa/PickPlaceCounterToToasterOven,25,3500399,0,low_energy,8,-0.05326392756645564,0.8780094810949162,0.0
robocasa/PickPlaceCounterToToasterOven,25,3500399,0,distance_progress,1,-0.06660197166203723,0.5945189226468192,0.0
robocasa/PickPlaceCounterToToasterOven,25,3500399,0,distance_progress,2,-0.06029095529446212,0.7286550479735916,0.0
robocasa/PickPlaceCounterToToasterOven,25,3500399,0,distance_progress,4,-0.055142835570684764,0.838074639406399,0.0
robocasa/PickPlaceCounterToToasterOven,25,3500399,0,distance_progress,8,-0.052638177161783865,0.8913093570286215,0.0
robocasa/PickPlaceCounterToToasterOven,25,3500399,0,oracle_real_utility,1,-0.06660197166203721,0.5945189226468192,0.0
robocasa/PickPlaceCounterToToasterOven,25,3500399,0,oracle_real_utility,2,-0.0580924963179645,0.7753817163296364,0.0
robocasa/PickPlaceCounterToToasterOven,25,3500399,0,oracle_real_utility,4,-0.052398544487172946,0.8964025776133671,0.0
robocasa/PickPlaceCounterToToasterOven,25,3500399,0,oracle_real_utility,8,-0.04921473797018197,0.9640721010475755,0.0
robocasa/PickPlaceCounterToToasterOven,25,3510406,1,random,1,-0.04695160889448761,0.5909571081287694,0.0
robocasa/PickPlaceCounterToToasterOven,25,3510406,1,random,2,-0.04482780463692767,0.6354169005688474,0.0
robocasa/PickPlaceCounterToToasterOven,25,3510406,1,random,4,-0.03906084735469988,0.7561425855588663,0.0
robocasa/PickPlaceCounterToToasterOven,25,3510406,1,random,8,-0.03180406402255075,0.9080563410669398,0.0
robocasa/PickPlaceCounterToToasterOven,25,3510406,1,learned_wam,1,-0.04695160889448761,0.5909571081287694,0.0
robocasa/PickPlaceCounterToToasterOven,25,3510406,1,learned_wam,2,-0.03900542802199567,0.7573027358036104,0.0
robocasa/PickPlaceCounterToToasterOven,25,3510406,1,learned_wam,4,-0.03349060699598621,0.8727501916074031,0.0
robocasa/PickPlaceCounterToToasterOven,25,3510406,1,learned_wam,8,-0.030627744441951175,0.9326814562160843,0.0
robocasa/PickPlaceCounterToToasterOven,25,3510406,1,learned_physics_score,1,-0.04695160889448761,0.5909571081287694,0.0
robocasa/PickPlaceCounterToToasterOven,25,3510406,1,learned_physics_score,2,-0.03900542802199567,0.7573027358036104,0.0
robocasa/PickPlaceCounterToToasterOven,25,3510406,1,learned_physics_score,4,-0.03349060699598621,0.8727501916074031,0.0
robocasa/PickPlaceCounterToToasterOven,25,3510406,1,learned_physics_score,8,-0.030627744441951175,0.9326814562160843,0.0
robocasa/PickPlaceCounterToToasterOven,25,3510406,1,learned_energy_regularized,1,-0.04695160889448761,0.5909571081287694,0.0
robocasa/PickPlaceCounterToToasterOven,25,3510406,1,learned_energy_regularized,2,-0.039712041559198295,0.7425104633578098,0.0
robocasa/PickPlaceCounterToToasterOven,25,3510406,1,learned_energy_regularized,4,-0.034561568138308935,0.8503306536817365,0.0
robocasa/PickPlaceCounterToToasterOven,25,3510406,1,learned_energy_regularized,8,-0.030986401811258002,0.9251733103313,0.0
robocasa/PickPlaceCounterToToasterOven,25,3510406,1,predicted_progress,1,-0.04695160889448761,0.5909571081287694,0.0
robocasa/PickPlaceCounterToToasterOven,25,3510406,1,predicted_progress,2,-0.039497872252803205,0.7469938910915415,0.0
robocasa/PickPlaceCounterToToasterOven,25,3510406,1,predicted_progress,4,-0.03370202738008128,0.8683243099090265,0.0
robocasa/PickPlaceCounterToToasterOven,25,3510406,1,predicted_progress,8,-0.029815387273140696,0.9496873695359958,0.0
robocasa/PickPlaceCounterToToasterOven,25,3510406,1,predicted_success,1,-0.04695160889448761,0.5909571081287694,0.0
robocasa/PickPlaceCounterToToasterOven,25,3510406,1,predicted_success,2,-0.04695160889448761,0.5909571081287694,0.0
robocasa/PickPlaceCounterToToasterOven,25,3510406,1,predicted_success,4,-0.04695160889448761,0.5909571081287694,0.0
robocasa/PickPlaceCounterToToasterOven,25,3510406,1,predicted_success,8,-0.04695160889448761,0.5909571081287694,0.0
robocasa/PickPlaceCounterToToasterOven,25,3510406,1,low_energy,1,-0.04695160889448761,0.5909571081287694,0.0
robocasa/PickPlaceCounterToToasterOven,25,3510406,1,low_energy,2,-0.039712041559198295,0.7425104633578098,0.0
robocasa/PickPlaceCounterToToasterOven,25,3510406,1,low_energy,4,-0.034561568138308935,0.8503306536817365,0.0
robocasa/PickPlaceCounterToToasterOven,25,3510406,1,low_energy,8,-0.030986401811258002,0.9251733103313,0.0
robocasa/PickPlaceCounterToToasterOven,25,3510406,1,distance_progress,1,-0.04695160889448761,0.5909571081287693,0.0
robocasa/PickPlaceCounterToToasterOven,25,3510406,1,distance_progress,2,-0.040124618016615064,0.7338735734009705,0.0
robocasa/PickPlaceCounterToToasterOven,25,3510406,1,distance_progress,4,-0.03578366485474965,0.8247472383734538,0.0
robocasa/PickPlaceCounterToToasterOven,25,3510406,1,distance_progress,8,-0.032016273581324306,0.9036139387583051,0.0
robocasa/PickPlaceCounterToToasterOven,25,3510406,1,oracle_real_utility,1,-0.04695160889448761,0.5909571081287694,0.0
robocasa/PickPlaceCounterToToasterOven,25,3510406,1,oracle_real_utility,2,-0.03808689695529086,0.7765312972070881,0.0
robocasa/PickPlaceCounterToToasterOven,25,3510406,1,oracle_real_utility,4,-0.03181793861072288,0.9077658899539768,0.0
robocasa/PickPlaceCounterToToasterOven,25,3510406,1,oracle_real_utility,8,-0.028579341757202475,0.9755627894997166,0.0
robocasa/PickPlaceDrawerToCounter,26,3600402,0,random,1,-0.04267694160816975,0.5921785481253238,0.0
robocasa/PickPlaceDrawerToCounter,26,3600402,0,random,2,-0.04076366712779288,0.62811893130579,0.0
robocasa/PickPlaceDrawerToCounter,26,3600402,0,random,4,-0.035715686079998414,0.7229439943096765,0.0
robocasa/PickPlaceDrawerToCounter,26,3600402,0,random,8,-0.032475977092414836,0.7838011183664502,0.0
robocasa/PickPlaceDrawerToCounter,26,3600402,0,learned_wam,1,-0.04267694160816976,0.5921785481253238,0.0
robocasa/PickPlaceDrawerToCounter,26,3600402,0,learned_wam,2,-0.034605194736486364,0.7438042967982941,0.0
robocasa/PickPlaceDrawerToCounter,26,3600402,0,learned_wam,4,-0.03062617565119486,0.8185491763618347,0.0
robocasa/PickPlaceDrawerToCounter,26,3600402,0,learned_wam,8,-0.029299721304081563,0.8434662899258314,0.0
robocasa/PickPlaceDrawerToCounter,26,3600402,0,learned_physics_score,1,-0.04267694160816976,0.5921785481253238,0.0
robocasa/PickPlaceDrawerToCounter,26,3600402,0,learned_physics_score,2,-0.034605194736486364,0.7438042967982941,0.0
robocasa/PickPlaceDrawerToCounter,26,3600402,0,learned_physics_score,4,-0.03062617565119486,0.8185491763618347,0.0
robocasa/PickPlaceDrawerToCounter,26,3600402,0,learned_physics_score,8,-0.029299721304081563,0.8434662899258314,0.0
robocasa/PickPlaceDrawerToCounter,26,3600402,0,learned_energy_regularized,1,-0.04267694160816976,0.5921785481253238,0.0
robocasa/PickPlaceDrawerToCounter,26,3600402,0,learned_energy_regularized,2,-0.03519736638492196,0.7326805003061191,0.0
robocasa/PickPlaceDrawerToCounter,26,3600402,0,learned_energy_regularized,4,-0.030857492701365022,0.8142039433570789,0.0
robocasa/PickPlaceDrawerToCounter,26,3600402,0,learned_energy_regularized,8,-0.029306554644674968,0.8433379273297437,0.0
robocasa/PickPlaceDrawerToCounter,26,3600402,0,predicted_progress,1,-0.04267694160816975,0.5921785481253238,0.0
robocasa/PickPlaceDrawerToCounter,26,3600402,0,predicted_progress,2,-0.03746261765646938,0.6901283210268471,0.0
robocasa/PickPlaceDrawerToCounter,26,3600402,0,predicted_progress,4,-0.03756887159786171,0.6881323672798851,0.0
robocasa/PickPlaceDrawerToCounter,26,3600402,0,predicted_progress,8,-0.03977683561903363,0.6466563146886379,0.0
robocasa/PickPlaceDrawerToCounter,26,3600402,0,predicted_success,1,-0.04267694160816975,0.5921785481253237,0.0
robocasa/PickPlaceDrawerToCounter,26,3600402,0,predicted_success,2,-0.04267694160816975,0.5921785481253237,0.0
robocasa/PickPlaceDrawerToCounter,26,3600402,0,predicted_success,4,-0.04267694160816975,0.5921785481253237,0.0
robocasa/PickPlaceDrawerToCounter,26,3600402,0,predicted_success,8,-0.04267694160816975,0.5921785481253237,0.0
robocasa/PickPlaceDrawerToCounter,26,3600402,0,low_energy,1,-0.04267694160816975,0.5921785481253238,0.0
robocasa/PickPlaceDrawerToCounter,26,3600402,0,low_energy,2,-0.03609736973053718,0.7157741622783728,0.0
robocasa/PickPlaceDrawerToCounter,26,3600402,0,low_energy,4,-0.03163093307650308,0.7996750591144843,0.0
robocasa/PickPlaceDrawerToCounter,26,3600402,0,low_energy,8,-0.029396969028016858,0.8416395157240586,0.0
robocasa/PickPlaceDrawerToCounter,26,3600402,0,distance_progress,1,-0.04267694160816975,0.5921785481253237,0.0
robocasa/PickPlaceDrawerToCounter,26,3600402,0,distance_progress,2,-0.03523393507590103,0.7319935665808877,0.0
robocasa/PickPlaceDrawerToCounter,26,3600402,0,distance_progress,4,-0.030323662221837987,0.8242318155648525,0.0
robocasa/PickPlaceDrawerToCounter,26,3600402,0,distance_progress,8,-0.02606045537605392,0.9043150912195225,0.0
robocasa/PickPlaceDrawerToCounter,26,3600402,0,oracle_real_utility,1,-0.04267694160816975,0.5921785481253237,0.0
robocasa/PickPlaceDrawerToCounter,26,3600402,0,oracle_real_utility,2,-0.03389906216991975,0.7570688206702745,0.0
robocasa/PickPlaceDrawerToCounter,26,3600402,0,oracle_real_utility,4,-0.028426965267679204,0.8598607940563558,0.0
robocasa/PickPlaceDrawerToCounter,26,3600402,0,oracle_real_utility,8,-0.02472652012721697,0.9293727316536786,0.0
robocasa/PickPlaceDrawerToCounter,26,3610409,1,random,1,-0.05084592081087564,0.4707904741243918,0.0
robocasa/PickPlaceDrawerToCounter,26,3610409,1,random,2,-0.05137888804230845,0.45610401083742236,0.0
robocasa/PickPlaceDrawerToCounter,26,3610409,1,random,4,-0.0502658858249905,0.48677393806542724,0.0
robocasa/PickPlaceDrawerToCounter,26,3610409,1,random,8,-0.04543694681732603,0.6198403467833116,0.0
robocasa/PickPlaceDrawerToCounter,26,3610409,1,learned_wam,1,-0.05084592081087564,0.47079047412439184,0.0
robocasa/PickPlaceDrawerToCounter,26,3610409,1,learned_wam,2,-0.04543077862023023,0.6200103178337844,0.0
robocasa/PickPlaceDrawerToCounter,26,3610409,1,learned_wam,4,-0.0409140905814767,0.7444723281557252,0.0
robocasa/PickPlaceDrawerToCounter,26,3610409,1,learned_wam,8,-0.03634250669620707,0.8704470503048048,0.0
robocasa/PickPlaceDrawerToCounter,26,3610409,1,learned_physics_score,1,-0.05084592081087564,0.47079047412439184,0.0
robocasa/PickPlaceDrawerToCounter,26,3610409,1,learned_physics_score,2,-0.04543077862023023,0.6200103178337844,0.0
robocasa/PickPlaceDrawerToCounter,26,3610409,1,learned_physics_score,4,-0.0409140905814767,0.7444723281557252,0.0
robocasa/PickPlaceDrawerToCounter,26,3610409,1,learned_physics_score,8,-0.03634250669620707,0.8704470503048048,0.0
robocasa/PickPlaceDrawerToCounter,26,3610409,1,learned_energy_regularized,1,-0.05084592081087564,0.47079047412439184,0.0
robocasa/PickPlaceDrawerToCounter,26,3610409,1,learned_energy_regularized,2,-0.04830934008422564,0.5406885795224069,0.0
robocasa/PickPlaceDrawerToCounter,26,3610409,1,learned_energy_regularized,4,-0.047977391751510806,0.549835759150094,0.0
robocasa/PickPlaceDrawerToCounter,26,3610409,1,learned_energy_regularized,8,-0.04948792141400622,0.5082115520248691,0.0
robocasa/PickPlaceDrawerToCounter,26,3610409,1,predicted_progress,1,-0.05084592081087564,0.47079047412439184,0.0
robocasa/PickPlaceDrawerToCounter,26,3610409,1,predicted_progress,2,-0.045495624295423795,0.618223428186763,0.0
robocasa/PickPlaceDrawerToCounter,26,3610409,1,predicted_progress,4,-0.03956563949916418,0.7816302923731807,0.0
robocasa/PickPlaceDrawerToCounter,26,3610409,1,predicted_progress,8,-0.035198358510764104,0.9019752368974151,0.0
robocasa/PickPlaceDrawerToCounter,26,3610409,1,predicted_success,1,-0.05084592081087563,0.47079047412439184,0.0
robocasa/PickPlaceDrawerToCounter,26,3610409,1,predicted_success,2,-0.05084592081087563,0.47079047412439184,0.0
robocasa/PickPlaceDrawerToCounter,26,3610409,1,predicted_success,4,-0.05084592081087563,0.47079047412439184,0.0
robocasa/PickPlaceDrawerToCounter,26,3610409,1,predicted_success,8,-0.05084592081087563,0.47079047412439184,0.0
robocasa/PickPlaceDrawerToCounter,26,3610409,1,low_energy,1,-0.05084592081087564,0.4707904741243918,0.0
robocasa/PickPlaceDrawerToCounter,26,3610409,1,low_energy,2,-0.04894484697230556,0.5231765299442174,0.0
robocasa/PickPlaceDrawerToCounter,26,3610409,1,low_energy,4,-0.050132157293906784,0.49045896604904526,0.0
robocasa/PickPlaceDrawerToCounter,26,3610409,1,low_energy,8,-0.05287728097861144,0.4148142437549183,0.0
robocasa/PickPlaceDrawerToCounter,26,3610409,1,distance_progress,1,-0.05084592081087564,0.4707904741243918,0.0
robocasa/PickPlaceDrawerToCounter,26,3610409,1,distance_progress,2,-0.04558572780715787,0.6157405327307856,0.0
robocasa/PickPlaceDrawerToCounter,26,3610409,1,distance_progress,4,-0.03993382038288365,0.7714846873288086,0.0
robocasa/PickPlaceDrawerToCounter,26,3610409,1,distance_progress,8,-0.037027184866594995,0.8515800351868985,0.0
robocasa/PickPlaceDrawerToCounter,26,3610409,1,oracle_real_utility,1,-0.05084592081087564,0.4707904741243918,0.0
robocasa/PickPlaceDrawerToCounter,26,3610409,1,oracle_real_utility,2,-0.04418965233735363,0.654210836201409,0.0
robocasa/PickPlaceDrawerToCounter,26,3610409,1,oracle_real_utility,4,-0.03833003493146454,0.8156786541682342,0.0
robocasa/PickPlaceDrawerToCounter,26,3610409,1,oracle_real_utility,8,-0.03437307809409166,0.9247166923304823,0.0
robocasa/PickPlaceMicrowaveToCounter,27,3700405,0,random,1,-0.05771883966148034,0.3789843519878626,0.0
robocasa/PickPlaceMicrowaveToCounter,27,3700405,0,random,2,-0.05804430849060076,0.3727603864522885,0.0
robocasa/PickPlaceMicrowaveToCounter,27,3700405,0,random,4,-0.05758486339196801,0.38154639052864403,0.0
robocasa/PickPlaceMicrowaveToCounter,27,3700405,0,random,8,-0.05341439176443833,0.46129864129558257,0.0
robocasa/PickPlaceMicrowaveToCounter,27,3700405,0,learned_wam,1,-0.05771883966148032,0.3789843519878626,0.0
robocasa/PickPlaceMicrowaveToCounter,27,3700405,0,learned_wam,2,-0.04857963265273244,0.5537541128852321,0.0
robocasa/PickPlaceMicrowaveToCounter,27,3700405,0,learned_wam,4,-0.038115617210850626,0.7538582876843781,0.0
robocasa/PickPlaceMicrowaveToCounter,27,3700405,0,learned_wam,8,-0.030448092212450272,0.9004849599287382,0.0
robocasa/PickPlaceMicrowaveToCounter,27,3700405,0,learned_physics_score,1,-0.05771883966148032,0.3789843519878626,0.0
robocasa/PickPlaceMicrowaveToCounter,27,3700405,0,learned_physics_score,2,-0.04857963265273244,0.5537541128852321,0.0
robocasa/PickPlaceMicrowaveToCounter,27,3700405,0,learned_physics_score,4,-0.038115617210850626,0.7538582876843781,0.0
robocasa/PickPlaceMicrowaveToCounter,27,3700405,0,learned_physics_score,8,-0.030448092212450272,0.9004849599287382,0.0
robocasa/PickPlaceMicrowaveToCounter,27,3700405,0,learned_energy_regularized,1,-0.05771883966148032,0.3789843519878626,0.0
robocasa/PickPlaceMicrowaveToCounter,27,3700405,0,learned_energy_regularized,2,-0.04848447926708188,0.555573738421978,0.0
robocasa/PickPlaceMicrowaveToCounter,27,3700405,0,learned_energy_regularized,4,-0.03807844791958088,0.7545690789096695,0.0
robocasa/PickPlaceMicrowaveToCounter,27,3700405,0,learned_energy_regularized,8,-0.0304469941938361,0.9005059574234306,0.0
robocasa/PickPlaceMicrowaveToCounter,27,3700405,0,predicted_progress,1,-0.05771883966148033,0.3789843519878626,0.0
robocasa/PickPlaceMicrowaveToCounter,27,3700405,0,predicted_progress,2,-0.05048501819536525,0.5173172781155968,0.0
robocasa/PickPlaceMicrowaveToCounter,27,3700405,0,predicted_progress,4,-0.043683000254567186,0.6473927921065821,0.0
robocasa/PickPlaceMicrowaveToCounter,27,3700405,0,predicted_progress,8,-0.0404875364014262,0.7084998939629114,0.0
robocasa/PickPlaceMicrowaveToCounter,27,3700405,0,predicted_success,1,-0.05771883966148032,0.3789843519878626,0.0
robocasa/PickPlaceMicrowaveToCounter,27,3700405,0,predicted_success,2,-0.05771883966148032,0.3789843519878626,0.0
robocasa/PickPlaceMicrowaveToCounter,27,3700405,0,predicted_success,4,-0.05771883966148032,0.3789843519878626,0.0
robocasa/PickPlaceMicrowaveToCounter,27,3700405,0,predicted_success,8,-0.05771883966148032,0.3789843519878626,0.0
robocasa/PickPlaceMicrowaveToCounter,27,3700405,0,low_energy,1,-0.05771883966148032,0.3789843519878626,0.0
robocasa/PickPlaceMicrowaveToCounter,27,3700405,0,low_energy,2,-0.04848447926708188,0.555573738421978,0.0
robocasa/PickPlaceMicrowaveToCounter,27,3700405,0,low_energy,4,-0.03807844791958088,0.7545690789096695,0.0
robocasa/PickPlaceMicrowaveToCounter,27,3700405,0,low_energy,8,-0.0304469941938361,0.9005059574234306,0.0
robocasa/PickPlaceMicrowaveToCounter,27,3700405,0,distance_progress,1,-0.05771883966148033,0.3789843519878626,0.0
robocasa/PickPlaceMicrowaveToCounter,27,3700405,0,distance_progress,2,-0.05135195174849347,0.5007388408781975,0.0
robocasa/PickPlaceMicrowaveToCounter,27,3700405,0,distance_progress,4,-0.04943051656570646,0.5374825941550462,0.0
robocasa/PickPlaceMicrowaveToCounter,27,3700405,0,distance_progress,8,-0.05475258062428878,0.4357083524611435,0.0
robocasa/PickPlaceMicrowaveToCounter,27,3700405,0,oracle_real_utility,1,-0.05771883966148032,0.3789843519878626,0.0
robocasa/PickPlaceMicrowaveToCounter,27,3700405,0,oracle_real_utility,2,-0.0477405698447013,0.5697995757133654,0.0
robocasa/PickPlaceMicrowaveToCounter,27,3700405,0,oracle_real_utility,4,-0.03769631129138764,0.7618767071399452,0.0
robocasa/PickPlaceMicrowaveToCounter,27,3700405,0,oracle_real_utility,8,-0.03037390948888506,0.901903561876128,0.0
robocasa/PickPlaceMicrowaveToCounter,27,3710412,1,random,1,-0.06205650473330737,0.6455301611424552,0.0
robocasa/PickPlaceMicrowaveToCounter,27,3710412,1,random,2,-0.06665414118716945,0.5500093476163137,0.0
robocasa/PickPlaceMicrowaveToCounter,27,3710412,1,random,4,-0.0728335930085516,0.42162462841386633,0.0
robocasa/PickPlaceMicrowaveToCounter,27,3710412,1,random,8,-0.078162342537793,0.31091415897633423,0.0
robocasa/PickPlaceMicrowaveToCounter,27,3710412,1,learned_wam,1,-0.06205650473330738,0.6455301611424552,0.0
robocasa/PickPlaceMicrowaveToCounter,27,3710412,1,learned_wam,2,-0.05415815075873276,0.8096269105787974,0.0
robocasa/PickPlaceMicrowaveToCounter,27,3710412,1,learned_wam,4,-0.05011329921731368,0.8936630264627021,0.0
robocasa/PickPlaceMicrowaveToCounter,27,3710412,1,learned_wam,8,-0.04720523543537679,0.9540811610899365,0.0
robocasa/PickPlaceMicrowaveToCounter,27,3710412,1,learned_physics_score,1,-0.06205650473330738,0.6455301611424552,0.0
robocasa/PickPlaceMicrowaveToCounter,27,3710412,1,learned_physics_score,2,-0.05415815075873276,0.8096269105787974,0.0
robocasa/PickPlaceMicrowaveToCounter,27,3710412,1,learned_physics_score,4,-0.05011329921731368,0.8936630264627021,0.0
robocasa/PickPlaceMicrowaveToCounter,27,3710412,1,learned_physics_score,8,-0.04720523543537679,0.9540811610899365,0.0
robocasa/PickPlaceMicrowaveToCounter,27,3710412,1,learned_energy_regularized,1,-0.06205650473330738,0.6455301611424552,0.0
robocasa/PickPlaceMicrowaveToCounter,27,3710412,1,learned_energy_regularized,2,-0.05343352541494772,0.8246817769290642,0.0
robocasa/PickPlaceMicrowaveToCounter,27,3710412,1,learned_energy_regularized,4,-0.04840363629682083,0.9291831017578626,0.0
robocasa/PickPlaceMicrowaveToCounter,27,3710412,1,learned_energy_regularized,8,-0.04587301379741236,0.981759490147162,0.0
robocasa/PickPlaceMicrowaveToCounter,27,3710412,1,predicted_progress,1,-0.06205650473330737,0.6455301611424551,0.0
robocasa/PickPlaceMicrowaveToCounter,27,3710412,1,predicted_progress,2,-0.06411280470979419,0.6028083303542006,0.0
robocasa/PickPlaceMicrowaveToCounter,27,3710412,1,predicted_progress,4,-0.06787521396879814,0.5246402548995931,0.0
robocasa/PickPlaceMicrowaveToCounter,27,3710412,1,predicted_progress,8,-0.07109989526122067,0.4576440529367382,0.0
robocasa/PickPlaceMicrowaveToCounter,27,3710412,1,predicted_success,1,-0.06205650473330737,0.6455301611424551,0.0
robocasa/PickPlaceMicrowaveToCounter,27,3710412,1,predicted_success,2,-0.06205650473330737,0.6455301611424551,0.0
robocasa/PickPlaceMicrowaveToCounter,27,3710412,1,predicted_success,4,-0.06205650473330737,0.6455301611424551,0.0
robocasa/PickPlaceMicrowaveToCounter,27,3710412,1,predicted_success,8,-0.06205650473330737,0.6455301611424551,0.0
robocasa/PickPlaceMicrowaveToCounter,27,3710412,1,low_energy,1,-0.06205650473330738,0.6455301611424552,0.0
robocasa/PickPlaceMicrowaveToCounter,27,3710412,1,low_energy,2,-0.053361961722514006,0.8261685891615669,0.0
robocasa/PickPlaceMicrowaveToCounter,27,3710412,1,low_energy,4,-0.04805950754417494,0.9363327445668016,0.0
robocasa/PickPlaceMicrowaveToCounter,27,3710412,1,low_energy,8,-0.045751710260795164,0.9842797008287916,0.0
robocasa/PickPlaceMicrowaveToCounter,27,3710412,1,distance_progress,1,-0.06205650473330738,0.6455301611424551,0.0
robocasa/PickPlaceMicrowaveToCounter,27,3710412,1,distance_progress,2,-0.05339086575457882,0.825568076988688,0.0
robocasa/PickPlaceMicrowaveToCounter,27,3710412,1,distance_progress,4,-0.048904965043062895,0.9187674609899075,0.0
robocasa/PickPlaceMicrowaveToCounter,27,3710412,1,distance_progress,8,-0.048717311968818906,0.9226661542624932,0.0
robocasa/PickPlaceMicrowaveToCounter,27,3710412,1,oracle_real_utility,1,-0.06205650473330738,0.6455301611424551,0.0
robocasa/PickPlaceMicrowaveToCounter,27,3710412,1,oracle_real_utility,2,-0.05227526891808247,0.8487457941611292,0.0
robocasa/PickPlaceMicrowaveToCounter,27,3710412,1,oracle_real_utility,4,-0.046925593459262165,0.9598910221615069,0.0
robocasa/PickPlaceMicrowaveToCounter,27,3710412,1,oracle_real_utility,8,-0.045281805118968795,0.9940424826141299,0.0
robocasa/CloseFridgeDrawer,28,3800408,0,random,1,-0.049742414580088753,0.5883294806431031,0.0
robocasa/CloseFridgeDrawer,28,3800408,0,random,2,-0.04723299784768759,0.6402256148698318,0.0
robocasa/CloseFridgeDrawer,28,3800408,0,random,4,-0.04142039455416669,0.7604334850224503,0.0
robocasa/CloseFridgeDrawer,28,3800408,0,random,8,-0.038141275642166184,0.8282474885736861,0.0
robocasa/CloseFridgeDrawer,28,3800408,0,learned_wam,1,-0.04974241458008876,0.5883294806431031,0.0
robocasa/CloseFridgeDrawer,28,3800408,0,learned_wam,2,-0.04117966205418642,0.7654119670618835,0.0
robocasa/CloseFridgeDrawer,28,3800408,0,learned_wam,4,-0.03649561578956073,0.862280649945266,0.0
robocasa/CloseFridgeDrawer,28,3800408,0,learned_wam,8,-0.03370102764799778,0.9200742875784237,0.0
robocasa/CloseFridgeDrawer,28,3800408,0,learned_physics_score,1,-0.04974241458008876,0.5883294806431031,0.0
robocasa/CloseFridgeDrawer,28,3800408,0,learned_physics_score,2,-0.04117966205418642,0.7654119670618835,0.0
robocasa/CloseFridgeDrawer,28,3800408,0,learned_physics_score,4,-0.03649561578956073,0.862280649945266,0.0
robocasa/CloseFridgeDrawer,28,3800408,0,learned_physics_score,8,-0.03370102764799778,0.9200742875784237,0.0
robocasa/CloseFridgeDrawer,28,3800408,0,learned_energy_regularized,1,-0.04974241458008876,0.5883294806431031,0.0
robocasa/CloseFridgeDrawer,28,3800408,0,learned_energy_regularized,2,-0.042645522151729745,0.7350971646627923,0.0
robocasa/CloseFridgeDrawer,28,3800408,0,learned_energy_regularized,4,-0.03691087542685455,0.8536928496019879,0.0
robocasa/CloseFridgeDrawer,28,3800408,0,learned_energy_regularized,8,-0.03375222987028772,0.919015397133343,0.0
robocasa/CloseFridgeDrawer,28,3800408,0,predicted_progress,1,-0.04974241458008877,0.5883294806431031,0.0
robocasa/CloseFridgeDrawer,28,3800408,0,predicted_progress,2,-0.044736806576023344,0.6918482392100794,0.0
robocasa/CloseFridgeDrawer,28,3800408,0,predicted_progress,4,-0.046011052816860715,0.665496117978655,0.0
robocasa/CloseFridgeDrawer,28,3800408,0,predicted_progress,8,-0.04981660920794713,0.5867950944582481,0.0
robocasa/CloseFridgeDrawer,28,3800408,0,predicted_success,1,-0.04974241458008876,0.5883294806431031,0.0
robocasa/CloseFridgeDrawer,28,3800408,0,predicted_success,2,-0.04974241458008876,0.5883294806431031,0.0
robocasa/CloseFridgeDrawer,28,3800408,0,predicted_success,4,-0.04974241458008876,0.5883294806431031,0.0
robocasa/CloseFridgeDrawer,28,3800408,0,predicted_success,8,-0.04974241458008876,0.5883294806431031,0.0
robocasa/CloseFridgeDrawer,28,3800408,0,low_energy,1,-0.04974241458008876,0.5883294806431031,0.0
robocasa/CloseFridgeDrawer,28,3800408,0,low_energy,2,-0.04265934223231793,0.7348113577069494,0.0
robocasa/CloseFridgeDrawer,28,3800408,0,low_energy,4,-0.03692789291041256,0.8533409185737434,0.0
robocasa/CloseFridgeDrawer,28,3800408,0,low_energy,8,-0.03375304765188107,0.9189984849549913,0.0
robocasa/CloseFridgeDrawer,28,3800408,0,distance_progress,1,-0.04974241458008876,0.5883294806431031,0.0
robocasa/CloseFridgeDrawer,28,3800408,0,distance_progress,2,-0.04343084279683651,0.7188562967817191,0.0
robocasa/CloseFridgeDrawer,28,3800408,0,distance_progress,4,-0.0422184202429985,0.7439298697682533,0.0
robocasa/CloseFridgeDrawer,28,3800408,0,distance_progress,8,-0.04236032907677407,0.7409951161298933,0.0
robocasa/CloseFridgeDrawer,28,3800408,0,oracle_real_utility,1,-0.04974241458008877,0.5883294806431031,0.0
robocasa/CloseFridgeDrawer,28,3800408,0,oracle_real_utility,2,-0.04097397898533172,0.7696656073646782,0.0
robocasa/CloseFridgeDrawer,28,3800408,0,oracle_real_utility,4,-0.03597957831675338,0.8729525919981936,0.0
robocasa/CloseFridgeDrawer,28,3800408,0,oracle_real_utility,8,-0.03312327702324624,0.9320224919498008,0.0
robocasa/CloseFridgeDrawer,28,3810415,1,random,1,-0.0568831245148053,0.534630157187674,0.0
robocasa/CloseFridgeDrawer,28,3810415,1,random,2,-0.060267260112244384,0.43464341306423204,0.0
robocasa/CloseFridgeDrawer,28,3810415,1,random,4,-0.06222730108686492,0.37673257889164485,0.0
robocasa/CloseFridgeDrawer,28,3810415,1,random,8,-0.0653636975698362,0.28406546683803013,0.0
robocasa/CloseFridgeDrawer,28,3810415,1,learned_wam,1,-0.056883124514805296,0.5346301571876741,0.0
robocasa/CloseFridgeDrawer,28,3810415,1,learned_wam,2,-0.051672261384231255,0.6885888930294826,0.0
robocasa/CloseFridgeDrawer,28,3810415,1,learned_wam,4,-0.047578041591794316,0.8095555904281653,0.0
robocasa/CloseFridgeDrawer,28,3810415,1,learned_wam,8,-0.044671579938122534,0.8954291109484989,0.0
robocasa/CloseFridgeDrawer,28,3810415,1,learned_physics_score,1,-0.056883124514805296,0.5346301571876741,0.0
robocasa/CloseFridgeDrawer,28,3810415,1,learned_physics_score,2,-0.051672261384231255,0.6885888930294826,0.0
robocasa/CloseFridgeDrawer,28,3810415,1,learned_physics_score,4,-0.047578041591794316,0.8095555904281653,0.0
robocasa/CloseFridgeDrawer,28,3810415,1,learned_physics_score,8,-0.044671579938122534,0.8954291109484989,0.0
robocasa/CloseFridgeDrawer,28,3810415,1,learned_energy_regularized,1,-0.056883124514805296,0.5346301571876741,0.0
robocasa/CloseFridgeDrawer,28,3810415,1,learned_energy_regularized,2,-0.05265034791981456,0.6596906159515905,0.0
robocasa/CloseFridgeDrawer,28,3810415,1,learned_energy_regularized,4,-0.04852462431407473,0.7815881163955216,0.0
robocasa/CloseFridgeDrawer,28,3810415,1,learned_energy_regularized,8,-0.045558621343822256,0.8692208283590795,0.0
robocasa/CloseFridgeDrawer,28,3810415,1,predicted_progress,1,-0.05688312451480531,0.5346301571876741,0.0
robocasa/CloseFridgeDrawer,28,3810415,1,predicted_progress,2,-0.057599382474812916,0.5134677955412155,0.0
robocasa/CloseFridgeDrawer,28,3810415,1,predicted_progress,4,-0.05965573578306296,0.4527113435199126,0.0
robocasa/CloseFridgeDrawer,28,3810415,1,predicted_progress,8,-0.060052997447811035,0.44097395910385184,0.0
robocasa/CloseFridgeDrawer,28,3810415,1,predicted_success,1,-0.0568831245148053,0.5346301571876741,0.0
robocasa/CloseFridgeDrawer,28,3810415,1,predicted_success,2,-0.0568831245148053,0.5346301571876741,0.0
robocasa/CloseFridgeDrawer,28,3810415,1,predicted_success,4,-0.0568831245148053,0.5346301571876741,0.0
robocasa/CloseFridgeDrawer,28,3810415,1,predicted_success,8,-0.0568831245148053,0.5346301571876741,0.0
robocasa/CloseFridgeDrawer,28,3810415,1,low_energy,1,-0.0568831245148053,0.5346301571876741,0.0
robocasa/CloseFridgeDrawer,28,3810415,1,low_energy,2,-0.053266629540588306,0.6414821278605949,0.0
robocasa/CloseFridgeDrawer,28,3810415,1,low_energy,4,-0.04905424133192716,0.7659401969423223,0.0
robocasa/CloseFridgeDrawer,28,3810415,1,low_energy,8,-0.04562053302779395,0.8673916026896904,0.0
robocasa/CloseFridgeDrawer,28,3810415,1,distance_progress,1,-0.0568831245148053,0.534630157187674,0.0
robocasa/CloseFridgeDrawer,28,3810415,1,distance_progress,2,-0.05541366814271233,0.5780463129670723,0.0
robocasa/CloseFridgeDrawer,28,3810415,1,distance_progress,4,-0.054610302123540455,0.6017823454881073,0.0
robocasa/CloseFridgeDrawer,28,3810415,1,distance_progress,8,-0.055168304424640865,0.5852957622251197,0.0
robocasa/CloseFridgeDrawer,28,3810415,1,oracle_real_utility,1,-0.0568831245148053,0.5346301571876741,0.0
robocasa/CloseFridgeDrawer,28,3810415,1,oracle_real_utility,2,-0.05097202828826878,0.7092777884288715,0.0
robocasa/CloseFridgeDrawer,28,3810415,1,oracle_real_utility,4,-0.046800537867771205,0.8325275026552497,0.0
robocasa/CloseFridgeDrawer,28,3810415,1,oracle_real_utility,8,-0.04376948507806919,0.9220821587801173,0.0
robocasa/TurnOnBlender,29,3900411,0,random,1,-0.051936657172355655,0.4037152481090558,0.0
robocasa/TurnOnBlender,29,3900411,0,random,2,-0.051981963922246716,0.4025938460051897,0.0
robocasa/TurnOnBlender,29,3900411,0,random,4,-0.05530758874934374,0.32028022415541046,0.0
robocasa/TurnOnBlender,29,3900411,0,random,8,-0.05787543974369272,0.25672250892752385,0.0
robocasa/TurnOnBlender,29,3900411,0,learned_wam,1,-0.051936657172355655,0.4037152481090558,0.0
robocasa/TurnOnBlender,29,3900411,0,learned_wam,2,-0.04668615957992991,0.5336720218932385,0.0
robocasa/TurnOnBlender,29,3900411,0,learned_wam,4,-0.04133884400861186,0.6660251689657929,0.0
robocasa/TurnOnBlender,29,3900411,0,learned_wam,8,-0.035719366936357196,0.8051146738763182,0.0
robocasa/TurnOnBlender,29,3900411,0,learned_physics_score,1,-0.051936657172355655,0.4037152481090558,0.0
robocasa/TurnOnBlender,29,3900411,0,learned_physics_score,2,-0.04668615957992991,0.5336720218932385,0.0
robocasa/TurnOnBlender,29,3900411,0,learned_physics_score,4,-0.04133884400861186,0.6660251689657929,0.0
robocasa/TurnOnBlender,29,3900411,0,learned_physics_score,8,-0.035719366936357196,0.8051146738763182,0.0
robocasa/TurnOnBlender,29,3900411,0,learned_energy_regularized,1,-0.051936657172355655,0.4037152481090558,0.0
robocasa/TurnOnBlender,29,3900411,0,learned_energy_regularized,2,-0.04719699745992754,0.5210281073608308,0.0
robocasa/TurnOnBlender,29,3900411,0,learned_energy_regularized,4,-0.04018395041856854,0.6946103158750256,0.0
robocasa/TurnOnBlender,29,3900411,0,learned_energy_regularized,8,-0.03373578200837005,0.8542110296464852,0.0
robocasa/TurnOnBlender,29,3900411,0,predicted_progress,1,-0.051936657172355655,0.4037152481090558,0.0
robocasa/TurnOnBlender,29,3900411,0,predicted_progress,2,-0.05155174209304149,0.4132424064417656,0.0
robocasa/TurnOnBlender,29,3900411,0,predicted_progress,4,-0.052244962472148576,0.39608428334879153,0.0
robocasa/TurnOnBlender,29,3900411,0,predicted_progress,8,-0.05072385106077884,0.4337338066764628,0.0
robocasa/TurnOnBlender,29,3900411,0,predicted_success,1,-0.051936657172355655,0.4037152481090558,0.0
robocasa/TurnOnBlender,29,3900411,0,predicted_success,2,-0.051936657172355655,0.4037152481090558,0.0
robocasa/TurnOnBlender,29,3900411,0,predicted_success,4,-0.051936657172355655,0.4037152481090558,0.0
robocasa/TurnOnBlender,29,3900411,0,predicted_success,8,-0.051936657172355655,0.4037152481090558,0.0
robocasa/TurnOnBlender,29,3900411,0,low_energy,1,-0.05193665717235565,0.4037152481090558,0.0
robocasa/TurnOnBlender,29,3900411,0,low_energy,2,-0.04745475739170004,0.5146482074457621,0.0
robocasa/TurnOnBlender,29,3900411,0,low_energy,4,-0.04038550670712629,0.6896215306150029,0.0
robocasa/TurnOnBlender,29,3900411,0,low_energy,8,-0.033783231291705705,0.853036597000412,0.0
robocasa/TurnOnBlender,29,3900411,0,distance_progress,1,-0.051936657172355655,0.4037152481090558,0.0
robocasa/TurnOnBlender,29,3900411,0,distance_progress,2,-0.046747751029803254,0.532147551883048,0.0
robocasa/TurnOnBlender,29,3900411,0,distance_progress,4,-0.0427489570003568,0.6311230036276558,0.0
robocasa/TurnOnBlender,29,3900411,0,distance_progress,8,-0.042374492685021053,0.6403914917017269,0.0
robocasa/TurnOnBlender,29,3900411,0,oracle_real_utility,1,-0.051936657172355655,0.4037152481090558,0.0
robocasa/TurnOnBlender,29,3900411,0,oracle_real_utility,2,-0.045255789960887895,0.569075565602651,0.0
robocasa/TurnOnBlender,29,3900411,0,oracle_real_utility,4,-0.038785417232872786,0.7292258656669772,0.0
robocasa/TurnOnBlender,29,3900411,0,oracle_real_utility,8,-0.03322580045297162,0.8668337490101942,0.0
robocasa/TurnOnBlender,29,3910418,1,random,1,-0.056355953737376556,0.4429382314438205,0.0
robocasa/TurnOnBlender,29,3910418,1,random,2,-0.05078417204613925,0.6147612397906502,0.0
robocasa/TurnOnBlender,29,3910418,1,random,4,-0.04487457694036292,0.79700176274278,0.0
robocasa/TurnOnBlender,29,3910418,1,random,8,-0.04073381413675995,0.924694906730214,0.0
robocasa/TurnOnBlender,29,3910418,1,learned_wam,1,-0.056355953737376556,0.4429382314438205,0.0
robocasa/TurnOnBlender,29,3910418,1,learned_wam,2,-0.050479403583718746,0.6241597117632125,0.0
robocasa/TurnOnBlender,29,3910418,1,learned_wam,4,-0.04536356591148642,0.7819222853470669,0.0
robocasa/TurnOnBlender,29,3910418,1,learned_wam,8,-0.04198131292917978,0.8862244483919564,0.0
robocasa/TurnOnBlender,29,3910418,1,learned_physics_score,1,-0.056355953737376556,0.4429382314438205,0.0
robocasa/TurnOnBlender,29,3910418,1,learned_physics_score,2,-0.050479403583718746,0.6241597117632125,0.0
robocasa/TurnOnBlender,29,3910418,1,learned_physics_score,4,-0.04536356591148642,0.7819222853470669,0.0
robocasa/TurnOnBlender,29,3910418,1,learned_physics_score,8,-0.04198131292917978,0.8862244483919564,0.0
robocasa/TurnOnBlender,29,3910418,1,learned_energy_regularized,1,-0.05635595373737656,0.4429382314438205,0.0
robocasa/TurnOnBlender,29,3910418,1,learned_energy_regularized,2,-0.050621285234009106,0.6197843551299038,0.0
robocasa/TurnOnBlender,29,3910418,1,learned_energy_regularized,4,-0.04487612810968067,0.7969539276707329,0.0
robocasa/TurnOnBlender,29,3910418,1,learned_energy_regularized,8,-0.04073582038205539,0.9246330379921249,0.0
robocasa/TurnOnBlender,29,3910418,1,predicted_progress,1,-0.056355953737376556,0.4429382314438205,0.0
robocasa/TurnOnBlender,29,3910418,1,predicted_progress,2,-0.05478727542904814,0.49131324701366963,0.0
robocasa/TurnOnBlender,29,3910418,1,predicted_progress,4,-0.0538441875705713,0.520396258868514,0.0
robocasa/TurnOnBlender,29,3910418,1,predicted_progress,8,-0.053120271601357114,0.5427204320887807,0.0
robocasa/TurnOnBlender,29,3910418,1,predicted_success,1,-0.05635595373737656,0.4429382314438205,0.0
robocasa/TurnOnBlender,29,3910418,1,predicted_success,2,-0.05635595373737656,0.4429382314438205,0.0
robocasa/TurnOnBlender,29,3910418,1,predicted_success,4,-0.05635595373737656,0.4429382314438205,0.0
robocasa/TurnOnBlender,29,3910418,1,predicted_success,8,-0.05635595373737656,0.4429382314438205,0.0
robocasa/TurnOnBlender,29,3910418,1,low_energy,1,-0.05635595373737656,0.4429382314438205,0.0
robocasa/TurnOnBlender,29,3910418,1,low_energy,2,-0.05145948778316484,0.5939358040593506,0.0
robocasa/TurnOnBlender,29,3910418,1,low_energy,4,-0.04631496039977785,0.7525831130388775,0.0
robocasa/TurnOnBlender,29,3910418,1,low_energy,8,-0.04142695135155355,0.9033198909735342,0.0
robocasa/TurnOnBlender,29,3910418,1,distance_progress,1,-0.056355953737376556,0.4429382314438205,0.0
robocasa/TurnOnBlender,29,3910418,1,distance_progress,2,-0.05456081587932607,0.4982968230506326,0.0
robocasa/TurnOnBlender,29,3910418,1,distance_progress,4,-0.0536121315677842,0.5275524187314404,0.0
robocasa/TurnOnBlender,29,3910418,1,distance_progress,8,-0.049980549171025526,0.6395434203623563,0.0
robocasa/TurnOnBlender,29,3910418,1,oracle_real_utility,1,-0.056355953737376556,0.4429382314438205,0.0
robocasa/TurnOnBlender,29,3910418,1,oracle_real_utility,2,-0.05000065890223304,0.638923275011264,0.0
robocasa/TurnOnBlender,29,3910418,1,oracle_real_utility,4,-0.04445962500636691,0.8097980806119205,0.0
robocasa/TurnOnBlender,29,3910418,1,oracle_real_utility,8,-0.04069484356189537,0.9258966841474391,0.0
robocasa/PickPlaceCabinetToCounter,30,4000414,0,random,1,-0.057695966631248825,0.5077666599903918,0.0
robocasa/PickPlaceCabinetToCounter,30,4000414,0,random,2,-0.05541712665431284,0.5851210156768576,0.0
robocasa/PickPlaceCabinetToCounter,30,4000414,0,random,4,-0.05132016742577709,0.7241907373793943,0.0
robocasa/PickPlaceCabinetToCounter,30,4000414,0,random,8,-0.047437823466246046,0.8559754254585265,0.0
robocasa/PickPlaceCabinetToCounter,30,4000414,0,learned_wam,1,-0.05769596663124883,0.5077666599903918,0.0
robocasa/PickPlaceCabinetToCounter,30,4000414,0,learned_wam,2,-0.05399745278237026,0.6333113049294994,0.0
robocasa/PickPlaceCabinetToCounter,30,4000414,0,learned_wam,4,-0.050243657932218244,0.7607324424167845,0.0
robocasa/PickPlaceCabinetToCounter,30,4000414,0,learned_wam,8,-0.04788561090976668,0.8407754511169311,0.0
robocasa/PickPlaceCabinetToCounter,30,4000414,0,learned_physics_score,1,-0.05769596663124883,0.5077666599903918,0.0
robocasa/PickPlaceCabinetToCounter,30,4000414,0,learned_physics_score,2,-0.05399745278237026,0.6333113049294994,0.0
robocasa/PickPlaceCabinetToCounter,30,4000414,0,learned_physics_score,4,-0.050243657932218244,0.7607324424167845,0.0
robocasa/PickPlaceCabinetToCounter,30,4000414,0,learned_physics_score,8,-0.04788561090976668,0.8407754511169311,0.0
robocasa/PickPlaceCabinetToCounter,30,4000414,0,learned_energy_regularized,1,-0.057695966631248825,0.5077666599903918,0.0
robocasa/PickPlaceCabinetToCounter,30,4000414,0,learned_energy_regularized,2,-0.05248792926908429,0.6845515060606059,0.0
robocasa/PickPlaceCabinetToCounter,30,4000414,0,learned_energy_regularized,4,-0.048110718178335704,0.8331342705615902,0.0
robocasa/PickPlaceCabinetToCounter,30,4000414,0,learned_energy_regularized,8,-0.046612140600116446,0.8840029160928998,0.0
robocasa/PickPlaceCabinetToCounter,30,4000414,0,predicted_progress,1,-0.05769596663124883,0.5077666599903918,0.0
robocasa/PickPlaceCabinetToCounter,30,4000414,0,predicted_progress,2,-0.05537097906735676,0.5866874779522264,0.0
robocasa/PickPlaceCabinetToCounter,30,4000414,0,predicted_progress,4,-0.054475804522702204,0.617073837165471,0.0
robocasa/PickPlaceCabinetToCounter,30,4000414,0,predicted_progress,8,-0.057614676656899004,0.510526017230585,0.0
robocasa/PickPlaceCabinetToCounter,30,4000414,0,predicted_success,1,-0.05769596663124883,0.5077666599903918,0.0
robocasa/PickPlaceCabinetToCounter,30,4000414,0,predicted_success,2,-0.05769596663124883,0.5077666599903918,0.0
robocasa/PickPlaceCabinetToCounter,30,4000414,0,predicted_success,4,-0.05769596663124883,0.5077666599903918,0.0
robocasa/PickPlaceCabinetToCounter,30,4000414,0,predicted_success,8,-0.05769596663124883,0.5077666599903918,0.0
robocasa/PickPlaceCabinetToCounter,30,4000414,0,low_energy,1,-0.05769596663124883,0.5077666599903918,0.0
robocasa/PickPlaceCabinetToCounter,30,4000414,0,low_energy,2,-0.05223699698424964,0.6930693069640353,0.0
robocasa/PickPlaceCabinetToCounter,30,4000414,0,low_energy,4,-0.0477303989341332,0.8460440625558503,0.0
robocasa/PickPlaceCabinetToCounter,30,4000414,0,low_energy,8,-0.04648477435475801,0.8883263148157682,0.0
robocasa/PickPlaceCabinetToCounter,30,4000414,0,distance_progress,1,-0.05769596663124883,0.5077666599903918,0.0
robocasa/PickPlaceCabinetToCounter,30,4000414,0,distance_progress,2,-0.054275865664428526,0.623860685612479,0.0
robocasa/PickPlaceCabinetToCounter,30,4000414,0,distance_progress,4,-0.04904145617735415,0.8015407234254788,0.0
robocasa/PickPlaceCabinetToCounter,30,4000414,0,distance_progress,8,-0.04480583279397849,0.9453173470882272,0.0
robocasa/PickPlaceCabinetToCounter,30,4000414,0,oracle_real_utility,1,-0.05769596663124883,0.5077666599903918,0.0
robocasa/PickPlaceCabinetToCounter,30,4000414,0,oracle_real_utility,2,-0.0515917831509476,0.714970844965919,0.0
robocasa/PickPlaceCabinetToCounter,30,4000414,0,oracle_real_utility,4,-0.04653288187008343,0.8866933235178542,0.0
robocasa/PickPlaceCabinetToCounter,30,4000414,0,oracle_real_utility,8,-0.043920213195630574,0.9753793672857227,0.0
robocasa/PickPlaceCabinetToCounter,30,4010421,1,random,1,-0.04690159779201451,0.5566063351126151,0.0
robocasa/PickPlaceCabinetToCounter,30,4010421,1,random,2,-0.04680863404787342,0.5580836335644177,0.0
robocasa/PickPlaceCabinetToCounter,30,4010421,1,random,4,-0.043452058218113036,0.6114233986790486,0.0
robocasa/PickPlaceCabinetToCounter,30,4010421,1,random,8,-0.03762131124395872,0.7040805260070607,0.0
robocasa/PickPlaceCabinetToCounter,30,4010421,1,learned_wam,1,-0.04690159779201452,0.5566063351126151,0.0
robocasa/PickPlaceCabinetToCounter,30,4010421,1,learned_wam,2,-0.036553603464663964,0.7210476034833685,0.0
robocasa/PickPlaceCabinetToCounter,30,4010421,1,learned_wam,4,-0.02895797602713264,0.8417506663559535,0.0
robocasa/PickPlaceCabinetToCounter,30,4010421,1,learned_wam,8,-0.025083034243047145,0.9033278494970072,0.0
robocasa/PickPlaceCabinetToCounter,30,4010421,1,learned_physics_score,1,-0.04690159779201452,0.5566063351126151,0.0
robocasa/PickPlaceCabinetToCounter,30,4010421,1,learned_physics_score,2,-0.036553603464663964,0.7210476034833685,0.0
robocasa/PickPlaceCabinetToCounter,30,4010421,1,learned_physics_score,4,-0.02895797602713264,0.8417506663559535,0.0
robocasa/PickPlaceCabinetToCounter,30,4010421,1,learned_physics_score,8,-0.025083034243047145,0.9033278494970072,0.0
robocasa/PickPlaceCabinetToCounter,30,4010421,1,learned_energy_regularized,1,-0.04690159779201452,0.5566063351126151,0.0
robocasa/PickPlaceCabinetToCounter,30,4010421,1,learned_energy_regularized,2,-0.03604877167216772,0.7290699484563019,0.0
robocasa/PickPlaceCabinetToCounter,30,4010421,1,learned_energy_regularized,4,-0.027964916950710926,0.8575314919853474,0.0
robocasa/PickPlaceCabinetToCounter,30,4010421,1,learned_energy_regularized,8,-0.02472630015403415,0.9089967553943882,0.0
robocasa/PickPlaceCabinetToCounter,30,4010421,1,predicted_progress,1,-0.04690159779201451,0.5566063351126151,0.0
robocasa/PickPlaceCabinetToCounter,30,4010421,1,predicted_progress,2,-0.05157414591281004,0.4823542902041479,0.0
robocasa/PickPlaceCabinetToCounter,30,4010421,1,predicted_progress,4,-0.05794603393255938,0.38109782303402495,0.0
robocasa/PickPlaceCabinetToCounter,30,4010421,1,predicted_progress,8,-0.06426983032305297,0.2806055859419885,0.0
robocasa/PickPlaceCabinetToCounter,30,4010421,1,predicted_success,1,-0.04690159779201451,0.5566063351126151,0.0
robocasa/PickPlaceCabinetToCounter,30,4010421,1,predicted_success,2,-0.04690159779201451,0.5566063351126151,0.0
robocasa/PickPlaceCabinetToCounter,30,4010421,1,predicted_success,4,-0.04690159779201451,0.5566063351126151,0.0
robocasa/PickPlaceCabinetToCounter,30,4010421,1,predicted_success,8,-0.04690159779201451,0.5566063351126151,0.0
robocasa/PickPlaceCabinetToCounter,30,4010421,1,low_energy,1,-0.04690159779201452,0.5566063351126151,0.0
robocasa/PickPlaceCabinetToCounter,30,4010421,1,low_energy,2,-0.035976081039039445,0.7302250843727077,0.0
robocasa/PickPlaceCabinetToCounter,30,4010421,1,low_energy,4,-0.027902448437866316,0.8585241869135087,0.0
robocasa/PickPlaceCabinetToCounter,30,4010421,1,low_energy,8,-0.024718997649214536,0.9091128004091837,0.0
robocasa/PickPlaceCabinetToCounter,30,4010421,1,distance_progress,1,-0.04690159779201451,0.5566063351126151,0.0
robocasa/PickPlaceCabinetToCounter,30,4010421,1,distance_progress,2,-0.03866642118331359,0.6874725536234502,0.0
robocasa/PickPlaceCabinetToCounter,30,4010421,1,distance_progress,4,-0.03588774392181593,0.731628860519169,0.0
robocasa/PickPlaceCabinetToCounter,30,4010421,1,distance_progress,8,-0.0363684880002747,0.7239892964140221,0.0
robocasa/PickPlaceCabinetToCounter,30,4010421,1,oracle_real_utility,1,-0.04690159779201451,0.5566063351126151,0.0
robocasa/PickPlaceCabinetToCounter,30,4010421,1,oracle_real_utility,2,-0.03528679444236783,0.7411786236424438,0.0
robocasa/PickPlaceCabinetToCounter,30,4010421,1,oracle_real_utility,4,-0.02664638899219008,0.8784843842099203,0.0
robocasa/PickPlaceCabinetToCounter,30,4010421,1,oracle_real_utility,8,-0.021902330773705726,0.9538728049988987,0.0
robocasa/PickPlaceSinkToCounter,31,4100417,0,random,1,-0.05718678711564136,0.48627535450038345,0.0
robocasa/PickPlaceSinkToCounter,31,4100417,0,random,2,-0.054233611269020876,0.5486197092613007,0.0
robocasa/PickPlaceSinkToCounter,31,4100417,0,random,4,-0.05503013036024845,0.5318044326315114,0.0
robocasa/PickPlaceSinkToCounter,31,4100417,0,random,8,-0.056572500409408304,0.4992435319227118,0.0
robocasa/PickPlaceSinkToCounter,31,4100417,0,learned_wam,1,-0.057186787115641374,0.4862753545003834,0.0
robocasa/PickPlaceSinkToCounter,31,4100417,0,learned_wam,2,-0.04951861058233281,0.6481578643783552,0.0
robocasa/PickPlaceSinkToCounter,31,4100417,0,learned_wam,4,-0.04331129235288673,0.7792002641234821,0.0
robocasa/PickPlaceSinkToCounter,31,4100417,0,learned_wam,8,-0.038744331364585466,0.875613160212874,0.0
robocasa/PickPlaceSinkToCounter,31,4100417,0,learned_physics_score,1,-0.057186787115641374,0.4862753545003834,0.0
robocasa/PickPlaceSinkToCounter,31,4100417,0,learned_physics_score,2,-0.04951861058233281,0.6481578643783552,0.0
robocasa/PickPlaceSinkToCounter,31,4100417,0,learned_physics_score,4,-0.04331129235288673,0.7792002641234821,0.0
robocasa/PickPlaceSinkToCounter,31,4100417,0,learned_physics_score,8,-0.038744331364585466,0.875613160212874,0.0
robocasa/PickPlaceSinkToCounter,31,4100417,0,learned_energy_regularized,1,-0.05718678711564136,0.4862753545003834,0.0
robocasa/PickPlaceSinkToCounter,31,4100417,0,learned_energy_regularized,2,-0.05144404321276261,0.6075101477457239,0.0
robocasa/PickPlaceSinkToCounter,31,4100417,0,learned_energy_regularized,4,-0.044121966958150786,0.7620861511105078,0.0
robocasa/PickPlaceSinkToCounter,31,4100417,0,learned_energy_regularized,8,-0.03880694832228015,0.8742912565988261,0.0
robocasa/PickPlaceSinkToCounter,31,4100417,0,predicted_progress,1,-0.057186787115641374,0.48627535450038345,0.0
robocasa/PickPlaceSinkToCounter,31,4100417,0,predicted_progress,2,-0.054396382157895946,0.5451834607722748,0.0
robocasa/PickPlaceSinkToCounter,31,4100417,0,predicted_progress,4,-0.05386753238953574,0.5563479830649816,0.0
robocasa/PickPlaceSinkToCounter,31,4100417,0,predicted_progress,8,-0.05413821416792244,0.5506336329227888,0.0
robocasa/PickPlaceSinkToCounter,31,4100417,0,predicted_success,1,-0.05718678711564136,0.4862753545003834,0.0
robocasa/PickPlaceSinkToCounter,31,4100417,0,predicted_success,2,-0.05718678711564136,0.4862753545003834,0.0
robocasa/PickPlaceSinkToCounter,31,4100417,0,predicted_success,4,-0.05718678711564136,0.4862753545003834,0.0
robocasa/PickPlaceSinkToCounter,31,4100417,0,predicted_success,8,-0.05718678711564136,0.4862753545003834,0.0
robocasa/PickPlaceSinkToCounter,31,4100417,0,low_energy,1,-0.05718678711564136,0.4862753545003834,0.0
robocasa/PickPlaceSinkToCounter,31,4100417,0,low_energy,2,-0.05144404321276261,0.6075101477457239,0.0
robocasa/PickPlaceSinkToCounter,31,4100417,0,low_energy,4,-0.044121966958150786,0.7620861511105078,0.0
robocasa/PickPlaceSinkToCounter,31,4100417,0,low_energy,8,-0.03880694832228015,0.8742912565988261,0.0
robocasa/PickPlaceSinkToCounter,31,4100417,0,distance_progress,1,-0.05718678711564136,0.48627535450038345,0.0
robocasa/PickPlaceSinkToCounter,31,4100417,0,distance_progress,2,-0.053648547234719686,0.5609709682471371,0.0
robocasa/PickPlaceSinkToCounter,31,4100417,0,distance_progress,4,-0.05370968980492917,0.5596801903571256,0.0
robocasa/PickPlaceSinkToCounter,31,4100417,0,distance_progress,8,-0.054570788635942974,0.5415015739139596,0.0
robocasa/PickPlaceSinkToCounter,31,4100417,0,oracle_real_utility,1,-0.057186787115641374,0.4862753545003834,0.0
robocasa/PickPlaceSinkToCounter,31,4100417,0,oracle_real_utility,2,-0.04884735417688854,0.6623287264096311,0.0
robocasa/PickPlaceSinkToCounter,31,4100417,0,oracle_real_utility,4,-0.04217883609252454,0.8031074943441397,0.0
robocasa/PickPlaceSinkToCounter,31,4100417,0,oracle_real_utility,8,-0.03719283232361493,0.9083667826333545,0.0
robocasa/PickPlaceSinkToCounter,31,4110424,1,random,1,-0.060553816845258394,0.6852046925989369,0.0
robocasa/PickPlaceSinkToCounter,31,4110424,1,random,2,-0.0529278468636773,0.8474639210998582,0.0
robocasa/PickPlaceSinkToCounter,31,4110424,1,random,4,-0.04976739415328596,0.914709480647081,0.0
robocasa/PickPlaceSinkToCounter,31,4110424,1,random,8,-0.047861191732187405,0.9552681158057672,0.0
robocasa/PickPlaceSinkToCounter,31,4110424,1,learned_wam,1,-0.060553816845258394,0.685204692598937,0.0
robocasa/PickPlaceSinkToCounter,31,4110424,1,learned_wam,2,-0.054303219040573836,0.818199863037228,0.0
robocasa/PickPlaceSinkToCounter,31,4110424,1,learned_wam,4,-0.05271150501960081,0.8520670680827473,0.0
robocasa/PickPlaceSinkToCounter,31,4110424,1,learned_wam,8,-0.05267330579039564,0.8528798404218899,0.0
robocasa/PickPlaceSinkToCounter,31,4110424,1,learned_physics_score,1,-0.060553816845258394,0.685204692598937,0.0
robocasa/PickPlaceSinkToCounter,31,4110424,1,learned_physics_score,2,-0.054303219040573836,0.818199863037228,0.0
robocasa/PickPlaceSinkToCounter,31,4110424,1,learned_physics_score,4,-0.05271150501960081,0.8520670680827473,0.0
robocasa/PickPlaceSinkToCounter,31,4110424,1,learned_physics_score,8,-0.05267330579039564,0.8528798404218899,0.0
robocasa/PickPlaceSinkToCounter,31,4110424,1,learned_energy_regularized,1,-0.060553816845258394,0.685204692598937,0.0
robocasa/PickPlaceSinkToCounter,31,4110424,1,learned_energy_regularized,2,-0.05457181957799771,0.812484797795351,0.0
robocasa/PickPlaceSinkToCounter,31,4110424,1,learned_energy_regularized,4,-0.05362572729672588,0.8326149850398095,0.0
robocasa/PickPlaceSinkToCounter,31,4110424,1,learned_energy_regularized,8,-0.05419551708464369,0.8204914582466866,0.0
robocasa/PickPlaceSinkToCounter,31,4110424,1,predicted_progress,1,-0.060553816845258394,0.6852046925989369,0.0
robocasa/PickPlaceSinkToCounter,31,4110424,1,predicted_progress,2,-0.05750441689893088,0.7500873611482392,0.0
robocasa/PickPlaceSinkToCounter,31,4110424,1,predicted_progress,4,-0.05786411895722841,0.7424339113430971,0.0
robocasa/PickPlaceSinkToCounter,31,4110424,1,predicted_progress,8,-0.0561721193806138,0.7784349114241979,0.0
robocasa/PickPlaceSinkToCounter,31,4110424,1,predicted_success,1,-0.0605538168452584,0.685204692598937,0.0
robocasa/PickPlaceSinkToCounter,31,4110424,1,predicted_success,2,-0.0605538168452584,0.685204692598937,0.0
robocasa/PickPlaceSinkToCounter,31,4110424,1,predicted_success,4,-0.0605538168452584,0.685204692598937,0.0
robocasa/PickPlaceSinkToCounter,31,4110424,1,predicted_success,8,-0.0605538168452584,0.685204692598937,0.0
robocasa/PickPlaceSinkToCounter,31,4110424,1,low_energy,1,-0.060553816845258394,0.685204692598937,0.0
robocasa/PickPlaceSinkToCounter,31,4110424,1,low_energy,2,-0.05601078180259657,0.7818677220699924,0.0
robocasa/PickPlaceSinkToCounter,31,4110424,1,low_energy,4,-0.0541878219157098,0.8206551898345912,0.0
robocasa/PickPlaceSinkToCounter,31,4110424,1,low_energy,8,-0.05421212193056582,0.8201381537496575,0.0
robocasa/PickPlaceSinkToCounter,31,4110424,1,distance_progress,1,-0.060553816845258394,0.685204692598937,0.0
robocasa/PickPlaceSinkToCounter,31,4110424,1,distance_progress,2,-0.05626495530690855,0.7764596235835508,0.0
robocasa/PickPlaceSinkToCounter,31,4110424,1,distance_progress,4,-0.053661569496777715,0.8318523636628259,0.0
robocasa/PickPlaceSinkToCounter,31,4110424,1,distance_progress,8,-0.04956167804523463,0.9190865418030049,0.0
robocasa/PickPlaceSinkToCounter,31,4110424,1,oracle_real_utility,1,-0.060553816845258394,0.685204692598937,0.0
robocasa/PickPlaceSinkToCounter,31,4110424,1,oracle_real_utility,2,-0.05213579712331151,0.8643165156047559,0.0
robocasa/PickPlaceSinkToCounter,31,4110424,1,oracle_real_utility,4,-0.048157244740448385,0.9489689390673551,0.0
robocasa/PickPlaceSinkToCounter,31,4110424,1,oracle_real_utility,8,-0.046539383398430764,0.9833924856865115,0.0
