env_id,task_index,seed,state_id,scorer,N,real_utility,normalized_real_utility,success
robocasa/OpenDrawer,0,1000324,0,random,1,-0.06707860251474523,0.4419937045509705,0.0
robocasa/OpenDrawer,0,1000324,0,random,2,-0.06705492590386206,0.44256317350219815,0.0
robocasa/OpenDrawer,0,1000324,0,random,4,-0.0699178085079025,0.3737052291766282,0.0
robocasa/OpenDrawer,0,1000324,0,random,8,-0.07603630533627631,0.22654337441886005,0.0
robocasa/OpenDrawer,0,1000324,0,learned_wam,1,-0.06707860251474523,0.4419937045509705,0.0
robocasa/OpenDrawer,0,1000324,0,learned_wam,2,-0.06117732389653456,0.5839310351173507,0.0
robocasa/OpenDrawer,0,1000324,0,learned_wam,4,-0.05626453568606712,0.7020932317097841,0.0
robocasa/OpenDrawer,0,1000324,0,learned_wam,8,-0.055223889988788896,0.7271228027388921,0.0
robocasa/OpenDrawer,0,1000324,0,learned_physics_score,1,-0.06707860251474523,0.4419937045509705,0.0
robocasa/OpenDrawer,0,1000324,0,learned_physics_score,2,-0.06117732389653456,0.5839310351173507,0.0
robocasa/OpenDrawer,0,1000324,0,learned_physics_score,4,-0.05626453568606712,0.7020932317097841,0.0
robocasa/OpenDrawer,0,1000324,0,learned_physics_score,8,-0.055223889988788896,0.7271228027388921,0.0
robocasa/OpenDrawer,0,1000324,0,learned_energy_regularized,1,-0.06707860251474523,0.4419937045509705,0.0
robocasa/OpenDrawer,0,1000324,0,learned_energy_regularized,2,-0.0621187940696985,0.5612868300506061,0.0
robocasa/OpenDrawer,0,1000324,0,learned_energy_regularized,4,-0.058465430767359446,0.649157386292943,0.0
robocasa/OpenDrawer,0,1000324,0,learned_energy_regularized,8,-0.05691686719575931,0.6864033788625854,0.0
robocasa/OpenDrawer,0,1000324,0,predicted_progress,1,-0.06707860251474523,0.4419937045509705,0.0
robocasa/OpenDrawer,0,1000324,0,predicted_progress,2,-0.0627011386959255,0.5472802990826784,0.0
robocasa/OpenDrawer,0,1000324,0,predicted_progress,4,-0.06178767665197197,0.5692508536828926,0.0
robocasa/OpenDrawer,0,1000324,0,predicted_progress,8,-0.06264436629613783,0.5486457866993525,0.0
robocasa/OpenDrawer,0,1000324,0,predicted_success,1,-0.06707860251474522,0.4419937045509705,0.0
robocasa/OpenDrawer,0,1000324,0,predicted_success,2,-0.06707860251474522,0.4419937045509705,0.0
robocasa/OpenDrawer,0,1000324,0,predicted_success,4,-0.06707860251474522,0.4419937045509705,0.0
robocasa/OpenDrawer,0,1000324,0,predicted_success,8,-0.06707860251474522,0.4419937045509705,0.0
robocasa/OpenDrawer,0,1000324,0,low_energy,1,-0.06707860251474523,0.4419937045509705,0.0
robocasa/OpenDrawer,0,1000324,0,low_energy,2,-0.06163578983082579,0.5729040297717446,0.0
robocasa/OpenDrawer,0,1000324,0,low_energy,4,-0.056239083103805584,0.7027054162575658,0.0
robocasa/OpenDrawer,0,1000324,0,low_energy,8,-0.05053510477959462,0.8398972876002685,0.0
robocasa/OpenDrawer,0,1000324,0,distance_progress,1,-0.06707860251474522,0.4419937045509705,0.0
robocasa/OpenDrawer,0,1000324,0,distance_progress,2,-0.05985858339848547,0.6156493317972018,0.0
robocasa/OpenDrawer,0,1000324,0,distance_progress,4,-0.05327710629900434,0.7739467705592713,0.0
robocasa/OpenDrawer,0,1000324,0,distance_progress,8,-0.049604246925273474,0.862286245574795,0.0
robocasa/OpenDrawer,0,1000324,0,oracle_real_utility,1,-0.06707860251474523,0.4419937045509705,0.0
robocasa/OpenDrawer,0,1000324,0,oracle_real_utility,2,-0.05925002110730819,0.6302864490528608,0.0
robocasa/OpenDrawer,0,1000324,0,oracle_real_utility,4,-0.051961029920474106,0.8056009899370187,0.0
robocasa/OpenDrawer,0,1000324,0,oracle_real_utility,8,-0.04695735758846796,0.925949127990048,0.0
robocasa/OpenDrawer,0,1010331,1,random,1,-0.04554407397240652,0.3661613901082522,0.0
robocasa/OpenDrawer,0,1010331,1,random,2,-0.04410744787489207,0.40289969548749094,0.0
robocasa/OpenDrawer,0,1010331,1,random,4,-0.03974270034194849,0.5145177623219938,0.0
robocasa/OpenDrawer,0,1010331,1,random,8,-0.03240446221792989,0.7021757991711075,0.0
robocasa/OpenDrawer,0,1010331,1,learned_wam,1,-0.04554407397240653,0.3661613901082522,0.0
robocasa/OpenDrawer,0,1010331,1,learned_wam,2,-0.03933348653583024,0.5249824349327608,0.0
robocasa/OpenDrawer,0,1010331,1,learned_wam,4,-0.03208493588862041,0.7103469272629533,0.0
robocasa/OpenDrawer,0,1010331,1,learned_wam,8,-0.026240844432685102,0.8597957065548038,0.0
robocasa/OpenDrawer,0,1010331,1,learned_physics_score,1,-0.04554407397240653,0.3661613901082522,0.0
robocasa/OpenDrawer,0,1010331,1,learned_physics_score,2,-0.03933348653583024,0.5249824349327608,0.0
robocasa/OpenDrawer,0,1010331,1,learned_physics_score,4,-0.03208493588862041,0.7103469272629533,0.0
robocasa/OpenDrawer,0,1010331,1,learned_physics_score,8,-0.026240844432685102,0.8597957065548038,0.0
robocasa/OpenDrawer,0,1010331,1,learned_energy_regularized,1,-0.04554407397240652,0.3661613901082522,0.0
robocasa/OpenDrawer,0,1010331,1,learned_energy_regularized,2,-0.04223254976835519,0.4508457681031004,0.0
robocasa/OpenDrawer,0,1010331,1,learned_energy_regularized,4,-0.03904151782714298,0.5324488422321222,0.0
robocasa/OpenDrawer,0,1010331,1,learned_energy_regularized,8,-0.033089436218611115,0.684659213570022,0.0
robocasa/OpenDrawer,0,1010331,1,predicted_progress,1,-0.04554407397240652,0.3661613901082522,0.0
robocasa/OpenDrawer,0,1010331,1,predicted_progress,2,-0.041690377705494185,0.46471053280975655,0.0
robocasa/OpenDrawer,0,1010331,1,predicted_progress,4,-0.039018528755174864,0.5330367332274276,0.0
robocasa/OpenDrawer,0,1010331,1,predicted_progress,8,-0.03672388856818899,0.5917167141012345,0.0
robocasa/OpenDrawer,0,1010331,1,predicted_success,1,-0.04554407397240652,0.3661613901082522,0.0
robocasa/OpenDrawer,0,1010331,1,predicted_success,2,-0.04554407397240652,0.3661613901082522,0.0
robocasa/OpenDrawer,0,1010331,1,predicted_success,4,-0.04554407397240652,0.3661613901082522,0.0
robocasa/OpenDrawer,0,1010331,1,predicted_success,8,-0.04554407397240652,0.3661613901082522,0.0
robocasa/OpenDrawer,0,1010331,1,low_energy,1,-0.04554407397240652,0.3661613901082522,0.0
robocasa/OpenDrawer,0,1010331,1,low_energy,2,-0.042564947398674044,0.4423454870131795,0.0
robocasa/OpenDrawer,0,1010331,1,low_energy,4,-0.03916614050549321,0.5292619127851832,0.0
robocasa/OpenDrawer,0,1010331,1,low_energy,8,-0.03302293116495078,0.6863599225957476,0.0
robocasa/OpenDrawer,0,1010331,1,distance_progress,1,-0.04554407397240653,0.3661613901082522,0.0
robocasa/OpenDrawer,0,1010331,1,distance_progress,2,-0.03932274544056784,0.5252571129707974,0.0
robocasa/OpenDrawer,0,1010331,1,distance_progress,4,-0.033783775461450616,0.6669031341111005,0.0
robocasa/OpenDrawer,0,1010331,1,distance_progress,8,-0.031005153775300182,0.7379597940282383,0.0
robocasa/OpenDrawer,0,1010331,1,oracle_real_utility,1,-0.04554407397240653,0.36616139010825227,0.0
robocasa/OpenDrawer,0,1010331,1,oracle_real_utility,2,-0.038337112539343195,0.5504623369185351,0.0
robocasa/OpenDrawer,0,1010331,1,oracle_real_utility,4,-0.030674696119658357,0.7464104648665875,0.0
robocasa/OpenDrawer,0,1010331,1,oracle_real_utility,8,-0.024798689697957857,0.8966753937191888,0.0
robocasa/OpenCabinet,1,1100327,0,random,1,-0.04959164683500442,0.6124212129404266,0.0
robocasa/OpenCabinet,1,1100327,0,random,2,-0.04554639184006569,0.7458470107515491,0.0
robocasa/OpenCabinet,1,1100327,0,random,4,-0.04298023345705594,0.8304873436826405,0.0
robocasa/OpenCabinet,1,1100327,0,random,8,-0.041757231486771726,0.8708259660473395,0.0
robocasa/OpenCabinet,1,1100327,0,learned_wam,1,-0.04959164683500442,0.6124212129404266,0.0
robocasa/OpenCabinet,1,1100327,0,learned_wam,2,-0.04659871935397665,0.7111377925989634,0.0
robocasa/OpenCabinet,1,1100327,0,learned_wam,4,-0.042462037288781854,0.8475791555118435,0.0
robocasa/OpenCabinet,1,1100327,0,learned_wam,8,-0.03957826192692024,0.9426955397313435,0.0
robocasa/OpenCabinet,1,1100327,0,learned_physics_score,1,-0.04959164683500442,0.6124212129404266,0.0
robocasa/OpenCabinet,1,1100327,0,learned_physics_score,2,-0.04659871935397665,0.7111377925989634,0.0
robocasa/OpenCabinet,1,1100327,0,learned_physics_score,4,-0.042462037288781854,0.8475791555118435,0.0
robocasa/OpenCabinet,1,1100327,0,learned_physics_score,8,-0.03957826192692024,0.9426955397313435,0.0
robocasa/OpenCabinet,1,1100327,0,learned_energy_regularized,1,-0.04959164683500442,0.6124212129404266,0.0
robocasa/OpenCabinet,1,1100327,0,learned_energy_regularized,2,-0.0452949193644079,0.7541413990494827,0.0
robocasa/OpenCabinet,1,1100327,0,learned_energy_regularized,4,-0.042136087291389665,0.8583300571244733,0.0
robocasa/OpenCabinet,1,1100327,0,learned_energy_regularized,8,-0.039570423529766155,0.942954075817487,0.0
robocasa/OpenCabinet,1,1100327,0,predicted_progress,1,-0.04959164683500442,0.6124212129404266,0.0
robocasa/OpenCabinet,1,1100327,0,predicted_progress,2,-0.04904042165420629,0.6306024300982057,0.0
robocasa/OpenCabinet,1,1100327,0,predicted_progress,4,-0.04673709492552904,0.7065737117054107,0.0
robocasa/OpenCabinet,1,1100327,0,predicted_progress,8,-0.04309598366115582,0.8266695217287341,0.0
robocasa/OpenCabinet,1,1100327,0,predicted_success,1,-0.049591646835004416,0.6124212129404266,0.0
robocasa/OpenCabinet,1,1100327,0,predicted_success,2,-0.049591646835004416,0.6124212129404266,0.0
robocasa/OpenCabinet,1,1100327,0,predicted_success,4,-0.049591646835004416,0.6124212129404266,0.0
robocasa/OpenCabinet,1,1100327,0,predicted_success,8,-0.049591646835004416,0.6124212129404266,0.0
robocasa/OpenCabinet,1,1100327,0,low_energy,1,-0.04959164683500442,0.6124212129404266,0.0
robocasa/OpenCabinet,1,1100327,0,low_energy,2,-0.04532008519252087,0.7533113473722086,0.0
robocasa/OpenCabinet,1,1100327,0,low_energy,4,-0.042221415177335214,0.8555156631562155,0.0
robocasa/OpenCabinet,1,1100327,0,low_energy,8,-0.039704640863701936,0.9385271472597402,0.0
robocasa/OpenCabinet,1,1100327,0,distance_progress,1,-0.04959164683500442,0.6124212129404266,0.0
robocasa/OpenCabinet,1,1100327,0,distance_progress,2,-0.046414028717603,0.7172294964686157,0.0
robocasa/OpenCabinet,1,1100327,0,distance_progress,4,-0.04560580781444249,0.743887276743713,0.0
robocasa/OpenCabinet,1,1100327,0,distance_progress,8,-0.04629574354501145,0.7211309300103824,0.0
robocasa/OpenCabinet,1,1100327,0,oracle_real_utility,1,-0.04959164683500442,0.6124212129404266,0.0
robocasa/OpenCabinet,1,1100327,0,oracle_real_utility,2,-0.04426110677561079,0.7882399341529602,0.0
robocasa/OpenCabinet,1,1100327,0,oracle_real_utility,4,-0.04103131262861366,0.8947691545279327,0.0
robocasa/OpenCabinet,1,1100327,0,oracle_real_utility,8,-0.039295972157342166,0.9520063836131255,0.0
robocasa/OpenCabinet,1,1110334,1,random,1,-0.05375801272382107,0.45971580549409874,0.0
robocasa/OpenCabinet,1,1110334,1,random,2,-0.05350286996500729,0.46610363186428805,0.0
robocasa/OpenCabinet,1,1110334,1,random,4,-0.05365184957788668,0.46237373608282023,0.0
robocasa/OpenCabinet,1,1110334,1,random,8,-0.05289572415244492,0.48130430638104615,0.0
robocasa/OpenCabinet,1,1110334,1,learned_wam,1,-0.05375801272382107,0.45971580549409874,0.0
robocasa/OpenCabinet,1,1110334,1,learned_wam,2,-0.04751045810760725,0.6161313522734488,0.0
robocasa/OpenCabinet,1,1110334,1,learned_wam,4,-0.042586681302683796,0.7394044228541936,0.0
robocasa/OpenCabinet,1,1110334,1,learned_wam,8,-0.0381812477684546,0.8497001045066968,0.0
robocasa/OpenCabinet,1,1110334,1,learned_physics_score,1,-0.05375801272382107,0.45971580549409874,0.0
robocasa/OpenCabinet,1,1110334,1,learned_physics_score,2,-0.04751045810760725,0.6161313522734488,0.0
robocasa/OpenCabinet,1,1110334,1,learned_physics_score,4,-0.042586681302683796,0.7394044228541936,0.0
robocasa/OpenCabinet,1,1110334,1,learned_physics_score,8,-0.0381812477684546,0.8497001045066968,0.0
robocasa/OpenCabinet,1,1110334,1,learned_energy_regularized,1,-0.05375801272382107,0.45971580549409874,0.0
robocasa/OpenCabinet,1,1110334,1,learned_energy_regularized,2,-0.047188070537468846,0.6242027387847724,0.0
robocasa/OpenCabinet,1,1110334,1,learned_energy_regularized,4,-0.0423096294845961,0.7463407706373623,0.0
robocasa/OpenCabinet,1,1110334,1,learned_energy_regularized,8,-0.0381488606962363,0.8505109564192932,0.0
robocasa/OpenCabinet,1,1110334,1,predicted_progress,1,-0.05375801272382107,0.45971580549409874,0.0
robocasa/OpenCabinet,1,1110334,1,predicted_progress,2,-0.050968666376708466,0.5295506706281002,0.0
robocasa/OpenCabinet,1,1110334,1,predicted_progress,4,-0.05115335713731026,0.5249267004382836,0.0
robocasa/OpenCabinet,1,1110334,1,predicted_progress,8,-0.05422852612958299,0.4479358986104888,0.0
robocasa/OpenCabinet,1,1110334,1,predicted_success,1,-0.053758012723821066,0.4597158054940987,0.0
robocasa/OpenCabinet,1,1110334,1,predicted_success,2,-0.053758012723821066,0.4597158054940987,0.0
robocasa/OpenCabinet,1,1110334,1,predicted_success,4,-0.053758012723821066,0.4597158054940987,0.0
robocasa/OpenCabinet,1,1110334,1,predicted_success,8,-0.053758012723821066,0.4597158054940987,0.0
robocasa/OpenCabinet,1,1110334,1,low_energy,1,-0.05375801272382107,0.45971580549409874,0.0
robocasa/OpenCabinet,1,1110334,1,low_energy,2,-0.047188070537468846,0.6242027387847724,0.0
robocasa/OpenCabinet,1,1110334,1,low_energy,4,-0.0423096294845961,0.7463407706373623,0.0
robocasa/OpenCabinet,1,1110334,1,low_energy,8,-0.0381488606962363,0.8505109564192932,0.0
robocasa/OpenCabinet,1,1110334,1,distance_progress,1,-0.053758012723821066,0.45971580549409874,0.0
robocasa/OpenCabinet,1,1110334,1,distance_progress,2,-0.04952593246971311,0.5656713653290529,0.0
robocasa/OpenCabinet,1,1110334,1,distance_progress,4,-0.04568110400163902,0.6619315797729369,0.0
robocasa/OpenCabinet,1,1110334,1,distance_progress,8,-0.04481205056286873,0.6836894477958833,0.0
robocasa/OpenCabinet,1,1110334,1,oracle_real_utility,1,-0.053758012723821066,0.45971580549409874,0.0
robocasa/OpenCabinet,1,1110334,1,oracle_real_utility,2,-0.0467214348075317,0.635885563078213,0.0
robocasa/OpenCabinet,1,1110334,1,oracle_real_utility,4,-0.04113355606225101,0.7757852779220782,0.0
robocasa/OpenCabinet,1,1110334,1,oracle_real_utility,8,-0.03676005435892052,0.885281505212594,0.0
robocasa/OpenMicrowave,2,1200330,0,random,1,-0.055105965596077895,0.6077709436258314,0.0
robocasa/OpenMicrowave,2,1200330,0,random,2,-0.04926234179541938,0.714116796108613,0.0
robocasa/OpenMicrowave,2,1200330,0,random,4,-0.04210830028025072,0.8443104344366117,0.0
robocasa/OpenMicrowave,2,1200330,0,random,8,-0.03694101198551405,0.9383479182777419,0.0
robocasa/OpenMicrowave,2,1200330,0,learned_wam,1,-0.0551059655960779,0.6077709436258315,0.0
robocasa/OpenMicrowave,2,1200330,0,learned_wam,2,-0.04745442219704209,0.7470184265811453,0.0
robocasa/OpenMicrowave,2,1200330,0,learned_wam,4,-0.04293622745151195,0.8292433076288401,0.0
robocasa/OpenMicrowave,2,1200330,0,learned_wam,8,-0.03915125186895768,0.8981246163311365,0.0
robocasa/OpenMicrowave,2,1200330,0,learned_physics_score,1,-0.0551059655960779,0.6077709436258315,0.0
robocasa/OpenMicrowave,2,1200330,0,learned_physics_score,2,-0.04745442219704209,0.7470184265811453,0.0
robocasa/OpenMicrowave,2,1200330,0,learned_physics_score,4,-0.04293622745151195,0.8292433076288401,0.0
robocasa/OpenMicrowave,2,1200330,0,learned_physics_score,8,-0.03915125186895768,0.8981246163311365,0.0
robocasa/OpenMicrowave,2,1200330,0,learned_energy_regularized,1,-0.0551059655960779,0.6077709436258315,0.0
robocasa/OpenMicrowave,2,1200330,0,learned_energy_regularized,2,-0.04745442219704209,0.7470184265811453,0.0
robocasa/OpenMicrowave,2,1200330,0,learned_energy_regularized,4,-0.04293622745151195,0.8292433076288401,0.0
robocasa/OpenMicrowave,2,1200330,0,learned_energy_regularized,8,-0.03915125186895768,0.8981246163311365,0.0
robocasa/OpenMicrowave,2,1200330,0,predicted_progress,1,-0.055105965596077895,0.6077709436258315,0.0
robocasa/OpenMicrowave,2,1200330,0,predicted_progress,2,-0.05128960965571834,0.6772233313393473,0.0
robocasa/OpenMicrowave,2,1200330,0,predicted_progress,4,-0.053832804723094395,0.6309407066023418,0.0
robocasa/OpenMicrowave,2,1200330,0,predicted_progress,8,-0.05899887233756686,0.5369254374498595,0.0
robocasa/OpenMicrowave,2,1200330,0,predicted_success,1,-0.0551059655960779,0.6077709436258315,0.0
robocasa/OpenMicrowave,2,1200330,0,predicted_success,2,-0.0551059655960779,0.6077709436258315,0.0
robocasa/OpenMicrowave,2,1200330,0,predicted_success,4,-0.0551059655960779,0.6077709436258315,0.0
robocasa/OpenMicrowave,2,1200330,0,predicted_success,8,-0.0551059655960779,0.6077709436258315,0.0
robocasa/OpenMicrowave,2,1200330,0,low_energy,1,-0.0551059655960779,0.6077709436258315,0.0
robocasa/OpenMicrowave,2,1200330,0,low_energy,2,-0.04741936021980749,0.7476565059623547,0.0
robocasa/OpenMicrowave,2,1200330,0,low_energy,4,-0.04292253136665469,0.829492557387125,0.0
robocasa/OpenMicrowave,2,1200330,0,low_energy,8,-0.03915084727270092,0.8981319794221405,0.0
robocasa/OpenMicrowave,2,1200330,0,distance_progress,1,-0.055105965596077895,0.6077709436258315,0.0
robocasa/OpenMicrowave,2,1200330,0,distance_progress,2,-0.04844277181936159,0.7290318335487947,0.0
robocasa/OpenMicrowave,2,1200330,0,distance_progress,4,-0.044166404227244875,0.8068557956358379,0.0
robocasa/OpenMicrowave,2,1200330,0,distance_progress,8,-0.042133262358210084,0.8438561592212854,0.0
robocasa/OpenMicrowave,2,1200330,0,oracle_real_utility,1,-0.055105965596077895,0.6077709436258314,0.0
robocasa/OpenMicrowave,2,1200330,0,oracle_real_utility,2,-0.046405991775414775,0.7660984068742425,0.0
robocasa/OpenMicrowave,2,1200330,0,oracle_real_utility,4,-0.0405596323308263,0.8724940442842787,0.0
robocasa/OpenMicrowave,2,1200330,0,oracle_real_utility,8,-0.03676370154593103,0.9415747224825964,0.0
robocasa/OpenMicrowave,2,1210337,1,random,1,-0.06127072249620247,0.624232091549363,0.0
robocasa/OpenMicrowave,2,1210337,1,random,2,-0.057857160119245944,0.7072680546118948,0.0
robocasa/OpenMicrowave,2,1210337,1,random,4,-0.05555742104156372,0.7632099206217202,0.0
robocasa/OpenMicrowave,2,1210337,1,random,8,-0.056094149176783084,0.7501538423406979,0.0
robocasa/OpenMicrowave,2,1210337,1,learned_wam,1,-0.061270722496202454,0.6242320915493629,0.0
robocasa/OpenMicrowave,2,1210337,1,learned_wam,2,-0.05995905342085511,0.6561388484394818,0.0
robocasa/OpenMicrowave,2,1210337,1,learned_wam,4,-0.0580249439342244,0.7031866612976577,0.0
robocasa/OpenMicrowave,2,1210337,1,learned_wam,8,-0.05843860236471759,0.6931242917371043,0.0
robocasa/OpenMicrowave,2,1210337,1,learned_physics_score,1,-0.061270722496202454,0.6242320915493629,0.0
robocasa/OpenMicrowave,2,1210337,1,learned_physics_score,2,-0.05995905342085511,0.6561388484394818,0.0
robocasa/OpenMicrowave,2,1210337,1,learned_physics_score,4,-0.0580249439342244,0.7031866612976577,0.0
robocasa/OpenMicrowave,2,1210337,1,learned_physics_score,8,-0.05843860236471759,0.6931242917371043,0.0
robocasa/OpenMicrowave,2,1210337,1,learned_energy_regularized,1,-0.06127072249620247,0.6242320915493629,0.0
robocasa/OpenMicrowave,2,1210337,1,learned_energy_regularized,2,-0.05552116164596935,0.7640919416603774,0.0
robocasa/OpenMicrowave,2,1210337,1,learned_energy_regularized,4,-0.051382884334968,0.864756820163401,0.0
robocasa/OpenMicrowave,2,1210337,1,learned_energy_regularized,8,-0.048048632856190876,0.9458635210404411,0.0
robocasa/OpenMicrowave,2,1210337,1,predicted_progress,1,-0.061270722496202454,0.6242320915493629,0.0
robocasa/OpenMicrowave,2,1210337,1,predicted_progress,2,-0.06450444556818857,0.5455707753324612,0.0
robocasa/OpenMicrowave,2,1210337,1,predicted_progress,4,-0.07015508779408951,0.4081171514242229,0.0
robocasa/OpenMicrowave,2,1210337,1,predicted_progress,8,-0.07758203189585228,0.2274544337119113,0.0
robocasa/OpenMicrowave,2,1210337,1,predicted_success,1,-0.06127072249620246,0.6242320915493629,0.0
robocasa/OpenMicrowave,2,1210337,1,predicted_success,2,-0.06127072249620246,0.6242320915493629,0.0
robocasa/OpenMicrowave,2,1210337,1,predicted_success,4,-0.06127072249620246,0.6242320915493629,0.0
robocasa/OpenMicrowave,2,1210337,1,predicted_success,8,-0.06127072249620246,0.6242320915493629,0.0
robocasa/OpenMicrowave,2,1210337,1,low_energy,1,-0.06127072249620247,0.6242320915493629,0.0
robocasa/OpenMicrowave,2,1210337,1,low_energy,2,-0.055429417097624126,0.7663236562407255,0.0
robocasa/OpenMicrowave,2,1210337,1,low_energy,4,-0.05116642454121602,0.8700222717514099,0.0
robocasa/OpenMicrowave,2,1210337,1,low_energy,8,-0.0478799607644416,0.9499665219625044,0.0
robocasa/OpenMicrowave,2,1210337,1,distance_progress,1,-0.06127072249620247,0.6242320915493629,0.0
robocasa/OpenMicrowave,2,1210337,1,distance_progress,2,-0.05582008263234397,0.7568205959979177,0.0
robocasa/OpenMicrowave,2,1210337,1,distance_progress,4,-0.05231752336537765,0.8420214359999834,0.0
robocasa/OpenMicrowave,2,1210337,1,distance_progress,8,-0.049580854209962666,0.9085917616039392,0.0
robocasa/OpenMicrowave,2,1210337,1,oracle_real_utility,1,-0.061270722496202454,0.6242320915493629,0.0
robocasa/OpenMicrowave,2,1210337,1,oracle_real_utility,2,-0.05508050782187945,0.774810982539049,0.0
robocasa/OpenMicrowave,2,1210337,1,oracle_real_utility,4,-0.050614434768384495,0.8834495940986289,0.0
robocasa/OpenMicrowave,2,1210337,1,oracle_real_utility,8,-0.047390546873303324,0.9618716665883017,0.0
robocasa/TurnOnSinkFaucet,3,1300333,0,random,1,-0.05260035623924142,0.418142896503647,0.0
robocasa/TurnOnSinkFaucet,3,1300333,0,random,2,-0.05197614094420942,0.43116176198608314,0.0
robocasa/TurnOnSinkFaucet,3,1300333,0,random,4,-0.05140908422672025,0.44298850699643244,0.0
robocasa/TurnOnSinkFaucet,3,1300333,0,random,8,-0.04966526039847081,0.4793583428939694,0.0
robocasa/TurnOnSinkFaucet,3,1300333,0,learned_wam,1,-0.05260035623924142,0.4181428965036469,0.0
robocasa/TurnOnSinkFaucet,3,1300333,0,learned_wam,2,-0.04483062300980981,0.5801913316404367,0.0
robocasa/TurnOnSinkFaucet,3,1300333,0,learned_wam,4,-0.03731213459959851,0.7369997117343258,0.0
robocasa/TurnOnSinkFaucet,3,1300333,0,learned_wam,8,-0.030856151658192554,0.8716480840827772,0.0
robocasa/TurnOnSinkFaucet,3,1300333,0,learned_physics_score,1,-0.05260035623924142,0.4181428965036469,0.0
robocasa/TurnOnSinkFaucet,3,1300333,0,learned_physics_score,2,-0.04483062300980981,0.5801913316404367,0.0
robocasa/TurnOnSinkFaucet,3,1300333,0,learned_physics_score,4,-0.03731213459959851,0.7369997117343258,0.0
robocasa/TurnOnSinkFaucet,3,1300333,0,learned_physics_score,8,-0.030856151658192554,0.8716480840827772,0.0
robocasa/TurnOnSinkFaucet,3,1300333,0,learned_energy_regularized,1,-0.05260035623924142,0.41814289650364694,0.0
robocasa/TurnOnSinkFaucet,3,1300333,0,learned_energy_regularized,2,-0.046255710423131716,0.5504691805133969,0.0
robocasa/TurnOnSinkFaucet,3,1300333,0,learned_energy_regularized,4,-0.04063277687911385,0.6677431659617898,0.0
robocasa/TurnOnSinkFaucet,3,1300333,0,learned_energy_regularized,8,-0.03702572135886491,0.7429732524071928,0.0
robocasa/TurnOnSinkFaucet,3,1300333,0,predicted_progress,1,-0.05260035623924142,0.418142896503647,0.0
robocasa/TurnOnSinkFaucet,3,1300333,0,predicted_progress,2,-0.04944123348669131,0.4840307311742875,0.0
robocasa/TurnOnSinkFaucet,3,1300333,0,predicted_progress,4,-0.04797172910907299,0.5146792589664227,0.0
robocasa/TurnOnSinkFaucet,3,1300333,0,predicted_progress,8,-0.04755980456539623,0.5232705098789253,0.0
robocasa/TurnOnSinkFaucet,3,1300333,0,predicted_success,1,-0.05260035623924142,0.4181428965036469,0.0
robocasa/TurnOnSinkFaucet,3,1300333,0,predicted_success,2,-0.05260035623924142,0.4181428965036469,0.0
robocasa/TurnOnSinkFaucet,3,1300333,0,predicted_success,4,-0.05260035623924142,0.4181428965036469,0.0
robocasa/TurnOnSinkFaucet,3,1300333,0,predicted_success,8,-0.05260035623924142,0.4181428965036469,0.0
robocasa/TurnOnSinkFaucet,3,1300333,0,low_energy,1,-0.05260035623924142,0.41814289650364694,0.0
robocasa/TurnOnSinkFaucet,3,1300333,0,low_energy,2,-0.046255710423131716,0.5504691805133969,0.0
robocasa/TurnOnSinkFaucet,3,1300333,0,low_energy,4,-0.04063277687911385,0.6677431659617898,0.0
robocasa/TurnOnSinkFaucet,3,1300333,0,low_energy,8,-0.03702572135886491,0.7429732524071928,0.0
robocasa/TurnOnSinkFaucet,3,1300333,0,distance_progress,1,-0.05260035623924142,0.4181428965036469,0.0
robocasa/TurnOnSinkFaucet,3,1300333,0,distance_progress,2,-0.04871602971157707,0.4991558498163793,0.0
robocasa/TurnOnSinkFaucet,3,1300333,0,distance_progress,4,-0.04452287543894741,0.5866098290074367,0.0
robocasa/TurnOnSinkFaucet,3,1300333,0,distance_progress,8,-0.041947614751703846,0.6403204201067971,0.0
robocasa/TurnOnSinkFaucet,3,1300333,0,oracle_real_utility,1,-0.05260035623924142,0.4181428965036469,0.0
robocasa/TurnOnSinkFaucet,3,1300333,0,oracle_real_utility,2,-0.044346688496738555,0.5902844491563412,0.0
robocasa/TurnOnSinkFaucet,3,1300333,0,oracle_real_utility,4,-0.03664648197946848,0.750882809422696,0.0
robocasa/TurnOnSinkFaucet,3,1300333,0,oracle_real_utility,8,-0.030408278184907815,0.880989099191269,0.0
robocasa/TurnOnSinkFaucet,3,1310340,1,random,1,-0.05575442645639068,0.6736163829816937,0.0
robocasa/TurnOnSinkFaucet,3,1310340,1,random,2,-0.0562850575079253,0.6655575604588628,0.0
robocasa/TurnOnSinkFaucet,3,1310340,1,random,4,-0.05511331000057025,0.6833531741456877,0.0
robocasa/TurnOnSinkFaucet,3,1310340,1,random,8,-0.053409537784679446,0.709228776162353,0.0
robocasa/TurnOnSinkFaucet,3,1310340,1,learned_wam,1,-0.05575442645639068,0.6736163829816937,0.0
robocasa/TurnOnSinkFaucet,3,1310340,1,learned_wam,2,-0.046283254488172734,0.8174573695849806,0.0
robocasa/TurnOnSinkFaucet,3,1310340,1,learned_wam,4,-0.04084342705632943,0.900073348618375,0.0
robocasa/TurnOnSinkFaucet,3,1310340,1,learned_wam,8,-0.0372495750060266,0.9546540516566568,0.0
robocasa/TurnOnSinkFaucet,3,1310340,1,learned_physics_score,1,-0.05575442645639068,0.6736163829816937,0.0
robocasa/TurnOnSinkFaucet,3,1310340,1,learned_physics_score,2,-0.046283254488172734,0.8174573695849806,0.0
robocasa/TurnOnSinkFaucet,3,1310340,1,learned_physics_score,4,-0.04084342705632943,0.900073348618375,0.0
robocasa/TurnOnSinkFaucet,3,1310340,1,learned_physics_score,8,-0.0372495750060266,0.9546540516566568,0.0
robocasa/TurnOnSinkFaucet,3,1310340,1,learned_energy_regularized,1,-0.05575442645639068,0.6736163829816938,0.0
robocasa/TurnOnSinkFaucet,3,1310340,1,learned_energy_regularized,2,-0.0475396554391521,0.7983761035109803,0.0
robocasa/TurnOnSinkFaucet,3,1310340,1,learned_energy_regularized,4,-0.04394553014925206,0.8529609563053193,0.0
robocasa/TurnOnSinkFaucet,3,1310340,1,learned_energy_regularized,8,-0.04054904366556397,0.904544220598043,0.0
robocasa/TurnOnSinkFaucet,3,1310340,1,predicted_progress,1,-0.055754426456390685,0.6736163829816938,0.0
robocasa/TurnOnSinkFaucet,3,1310340,1,predicted_progress,2,-0.05763528307849742,0.6450513571231185,0.0
robocasa/TurnOnSinkFaucet,3,1310340,1,predicted_progress,4,-0.057859493650337615,0.6416462167699919,0.0
robocasa/TurnOnSinkFaucet,3,1310340,1,predicted_progress,8,-0.05228901992996743,0.7262463526850081,0.0
robocasa/TurnOnSinkFaucet,3,1310340,1,predicted_success,1,-0.055754426456390685,0.6736163829816937,0.0
robocasa/TurnOnSinkFaucet,3,1310340,1,predicted_success,2,-0.055754426456390685,0.6736163829816937,0.0
robocasa/TurnOnSinkFaucet,3,1310340,1,predicted_success,4,-0.055754426456390685,0.6736163829816937,0.0
robocasa/TurnOnSinkFaucet,3,1310340,1,predicted_success,8,-0.055754426456390685,0.6736163829816937,0.0
robocasa/TurnOnSinkFaucet,3,1310340,1,low_energy,1,-0.05575442645639068,0.6736163829816938,0.0
robocasa/TurnOnSinkFaucet,3,1310340,1,low_energy,2,-0.0475396554391521,0.7983761035109803,0.0
robocasa/TurnOnSinkFaucet,3,1310340,1,low_energy,4,-0.04394553014925206,0.8529609563053193,0.0
robocasa/TurnOnSinkFaucet,3,1310340,1,low_energy,8,-0.04054904366556397,0.904544220598043,0.0
robocasa/TurnOnSinkFaucet,3,1310340,1,distance_progress,1,-0.05575442645639068,0.6736163829816937,0.0
robocasa/TurnOnSinkFaucet,3,1310340,1,distance_progress,2,-0.046245489552086995,0.8180309148319481,0.0
robocasa/TurnOnSinkFaucet,3,1310340,1,distance_progress,4,-0.040634601735336597,0.9032448294340706,0.0
robocasa/TurnOnSinkFaucet,3,1310340,1,distance_progress,8,-0.036594003514197934,0.964610374959629,0.0
robocasa/TurnOnSinkFaucet,3,1310340,1,oracle_real_utility,1,-0.05575442645639068,0.6736163829816937,0.0
robocasa/TurnOnSinkFaucet,3,1310340,1,oracle_real_utility,2,-0.04585930525881249,0.8238959893910103,0.0
robocasa/TurnOnSinkFaucet,3,1310340,1,oracle_real_utility,4,-0.039944478573972056,0.9137258973253055,0.0
robocasa/TurnOnSinkFaucet,3,1310340,1,oracle_real_utility,8,-0.0361734272668624,0.970997768469287,0.0
robocasa/CloseDrawer,4,1400336,0,random,1,-0.05288615628777867,0.38204394845841594,0.0
robocasa/CloseDrawer,4,1400336,0,random,2,-0.05170010236545007,0.42637057664048517,0.0
robocasa/CloseDrawer,4,1400336,0,random,4,-0.050806263280946805,0.45977620180429657,0.0
robocasa/CloseDrawer,4,1400336,0,random,8,-0.048854394905723665,0.5327237652329386,0.0
robocasa/CloseDrawer,4,1400336,0,learned_wam,1,-0.05288615628777867,0.38204394845841594,0.0
robocasa/CloseDrawer,4,1400336,0,learned_wam,2,-0.04881459536306815,0.5342112014244096,0.0
robocasa/CloseDrawer,4,1400336,0,learned_wam,4,-0.04407553898035032,0.7113248943652563,0.0
robocasa/CloseDrawer,4,1400336,0,learned_wam,8,-0.040031116780788314,0.8624778863804223,0.0
robocasa/CloseDrawer,4,1400336,0,learned_physics_score,1,-0.05288615628777867,0.38204394845841594,0.0
robocasa/CloseDrawer,4,1400336,0,learned_physics_score,2,-0.04881459536306815,0.5342112014244096,0.0
robocasa/CloseDrawer,4,1400336,0,learned_physics_score,4,-0.04407553898035032,0.7113248943652563,0.0
robocasa/CloseDrawer,4,1400336,0,learned_physics_score,8,-0.040031116780788314,0.8624778863804223,0.0
robocasa/CloseDrawer,4,1400336,0,learned_energy_regularized,1,-0.05288615628777867,0.38204394845841594,0.0
robocasa/CloseDrawer,4,1400336,0,learned_energy_regularized,2,-0.04965601650930132,0.5027646022509236,0.0
robocasa/CloseDrawer,4,1400336,0,learned_energy_regularized,4,-0.045616763063324475,0.6537244214144843,0.0
robocasa/CloseDrawer,4,1400336,0,learned_energy_regularized,8,-0.04154809148890584,0.8057836901196737,0.0
robocasa/CloseDrawer,4,1400336,0,predicted_progress,1,-0.05288615628777867,0.38204394845841594,0.0
robocasa/CloseDrawer,4,1400336,0,predicted_progress,2,-0.051405278461116324,0.43738908881818667,0.0
robocasa/CloseDrawer,4,1400336,0,predicted_progress,4,-0.04982550820691954,0.49643015546159036,0.0
robocasa/CloseDrawer,4,1400336,0,predicted_progress,8,-0.04754218629271653,0.5817651976594492,0.0
robocasa/CloseDrawer,4,1400336,0,predicted_success,1,-0.05288615628777867,0.38204394845841594,0.0
robocasa/CloseDrawer,4,1400336,0,predicted_success,2,-0.05288615628777867,0.38204394845841594,0.0
robocasa/CloseDrawer,4,1400336,0,predicted_success,4,-0.05288615628777867,0.38204394845841594,0.0
robocasa/CloseDrawer,4,1400336,0,predicted_success,8,-0.05288615628777867,0.38204394845841594,0.0
robocasa/CloseDrawer,4,1400336,0,low_energy,1,-0.05288615628777867,0.38204394845841594,0.0
robocasa/CloseDrawer,4,1400336,0,low_energy,2,-0.04965601650930132,0.5027646022509236,0.0
robocasa/CloseDrawer,4,1400336,0,low_energy,4,-0.045616763063324475,0.6537244214144843,0.0
robocasa/CloseDrawer,4,1400336,0,low_energy,8,-0.04154809148890584,0.8057836901196737,0.0
robocasa/CloseDrawer,4,1400336,0,distance_progress,1,-0.05288615628777867,0.382043948458416,0.0
robocasa/CloseDrawer,4,1400336,0,distance_progress,2,-0.05203940681666754,0.4136896841730423,0.0
robocasa/CloseDrawer,4,1400336,0,distance_progress,4,-0.052208592735441685,0.40736666531701976,0.0
robocasa/CloseDrawer,4,1400336,0,distance_progress,8,-0.052430514401353726,0.3990727429369015,0.0
robocasa/CloseDrawer,4,1400336,0,oracle_real_utility,1,-0.05288615628777867,0.38204394845841594,0.0
robocasa/CloseDrawer,4,1400336,0,oracle_real_utility,2,-0.048426335606180676,0.5487217102281093,0.0
robocasa/CloseDrawer,4,1400336,0,oracle_real_utility,4,-0.04383940879043561,0.7201498347274624,0.0
robocasa/CloseDrawer,4,1400336,0,oracle_real_utility,8,-0.039910715821669926,0.8669776552755222,0.0
robocasa/CloseDrawer,4,1410343,1,random,1,-0.05316609002670264,0.3959427612847937,0.0
robocasa/CloseDrawer,4,1410343,1,random,2,-0.051757502426200794,0.4409571731297315,0.0
robocasa/CloseDrawer,4,1410343,1,random,4,-0.04731402671368491,0.5829578876574645,0.0
robocasa/CloseDrawer,4,1410343,1,random,8,-0.041881339527667275,0.7565709581750424,0.0
robocasa/CloseDrawer,4,1410343,1,learned_wam,1,-0.053166090026702646,0.3959427612847937,0.0
robocasa/CloseDrawer,4,1410343,1,learned_wam,2,-0.04804546699331227,0.5595831582651344,0.0
robocasa/CloseDrawer,4,1410343,1,learned_wam,4,-0.04524332472914974,0.6491315724938118,0.0
robocasa/CloseDrawer,4,1410343,1,learned_wam,8,-0.046469238497942274,0.6099548913593575,0.0
robocasa/CloseDrawer,4,1410343,1,learned_physics_score,1,-0.053166090026702646,0.3959427612847937,0.0
robocasa/CloseDrawer,4,1410343,1,learned_physics_score,2,-0.04804546699331227,0.5595831582651344,0.0
robocasa/CloseDrawer,4,1410343,1,learned_physics_score,4,-0.04524332472914974,0.6491315724938118,0.0
robocasa/CloseDrawer,4,1410343,1,learned_physics_score,8,-0.046469238497942274,0.6099548913593575,0.0
robocasa/CloseDrawer,4,1410343,1,learned_energy_regularized,1,-0.053166090026702646,0.3959427612847937,0.0
robocasa/CloseDrawer,4,1410343,1,learned_energy_regularized,2,-0.04807793373522344,0.558545614493535,0.0
robocasa/CloseDrawer,4,1410343,1,learned_energy_regularized,4,-0.043915788800422906,0.6915558058275222,0.0
robocasa/CloseDrawer,4,1410343,1,learned_energy_regularized,8,-0.04123571322617025,0.777203319430499,0.0
robocasa/CloseDrawer,4,1410343,1,predicted_progress,1,-0.053166090026702646,0.3959427612847937,0.0
robocasa/CloseDrawer,4,1410343,1,predicted_progress,2,-0.05058919418482005,0.4782929471494733,0.0
robocasa/CloseDrawer,4,1410343,1,predicted_progress,4,-0.04875684245574767,0.5368496427698672,0.0
robocasa/CloseDrawer,4,1410343,1,predicted_progress,8,-0.04904345814031512,0.527690229140398,0.0
robocasa/CloseDrawer,4,1410343,1,predicted_success,1,-0.05316609002670264,0.3959427612847937,0.0
robocasa/CloseDrawer,4,1410343,1,predicted_success,2,-0.05316609002670264,0.3959427612847937,0.0
robocasa/CloseDrawer,4,1410343,1,predicted_success,4,-0.05316609002670264,0.3959427612847937,0.0
robocasa/CloseDrawer,4,1410343,1,predicted_success,8,-0.05316609002670264,0.3959427612847937,0.0
robocasa/CloseDrawer,4,1410343,1,low_energy,1,-0.053166090026702646,0.3959427612847937,0.0
robocasa/CloseDrawer,4,1410343,1,low_energy,2,-0.04807793373522344,0.558545614493535,0.0
robocasa/CloseDrawer,4,1410343,1,low_energy,4,-0.043915788800422906,0.6915558058275222,0.0
robocasa/CloseDrawer,4,1410343,1,low_energy,8,-0.04123571322617025,0.777203319430499,0.0
robocasa/CloseDrawer,4,1410343,1,distance_progress,1,-0.053166090026702646,0.3959427612847937,0.0
robocasa/CloseDrawer,4,1410343,1,distance_progress,2,-0.04921803420467542,0.5221112798037838,0.0
robocasa/CloseDrawer,4,1410343,1,distance_progress,4,-0.044850520259380064,0.6616844745429602,0.0
robocasa/CloseDrawer,4,1410343,1,distance_progress,8,-0.0397617046629452,0.8243083972434355,0.0
robocasa/CloseDrawer,4,1410343,1,oracle_real_utility,1,-0.053166090026702646,0.3959427612847937,0.0
robocasa/CloseDrawer,4,1410343,1,oracle_real_utility,2,-0.04698206875694847,0.5935663100050803,0.0
robocasa/CloseDrawer,4,1410343,1,oracle_real_utility,4,-0.04122173233827806,0.7776501084305675,0.0
robocasa/CloseDrawer,4,1410343,1,oracle_real_utility,8,-0.03728994500144049,0.9032987329137449,0.0
robocasa/CloseCabinet,5,1500339,0,random,1,-0.05560265317416645,0.3718090612368731,0.0
robocasa/CloseCabinet,5,1500339,0,random,2,-0.05466541848263325,0.3922301278514439,0.0
robocasa/CloseCabinet,5,1500339,0,random,4,-0.04928703946751511,0.5094176766461491,0.0
robocasa/CloseCabinet,5,1500339,0,random,8,-0.0454289475290995,0.59348024196865,0.0
robocasa/CloseCabinet,5,1500339,0,learned_wam,1,-0.05560265317416646,0.3718090612368732,0.0
robocasa/CloseCabinet,5,1500339,0,learned_wam,2,-0.050671719187633,0.47924739266091204,0.0
robocasa/CloseCabinet,5,1500339,0,learned_wam,4,-0.044385831165224196,0.616208325922307,0.0
robocasa/CloseCabinet,5,1500339,0,learned_wam,8,-0.03917249999400926,0.729799707134456,0.0
robocasa/CloseCabinet,5,1500339,0,learned_physics_score,1,-0.05560265317416646,0.3718090612368732,0.0
robocasa/CloseCabinet,5,1500339,0,learned_physics_score,2,-0.050671719187633,0.47924739266091204,0.0
robocasa/CloseCabinet,5,1500339,0,learned_physics_score,4,-0.044385831165224196,0.616208325922307,0.0
robocasa/CloseCabinet,5,1500339,0,learned_physics_score,8,-0.03917249999400926,0.729799707134456,0.0
robocasa/CloseCabinet,5,1500339,0,learned_energy_regularized,1,-0.05560265317416646,0.3718090612368732,0.0
robocasa/CloseCabinet,5,1500339,0,learned_energy_regularized,2,-0.04733632437304295,0.5519211000150583,0.0
robocasa/CloseCabinet,5,1500339,0,learned_energy_regularized,4,-0.040372780110321325,0.7036472392064319,0.0
robocasa/CloseCabinet,5,1500339,0,learned_energy_regularized,8,-0.03746716028874325,0.766956735183365,0.0
robocasa/CloseCabinet,5,1500339,0,predicted_progress,1,-0.05560265317416645,0.37180906123687313,0.0
robocasa/CloseCabinet,5,1500339,0,predicted_progress,2,-0.05924634283521085,0.29241802933931477,0.0
robocasa/CloseCabinet,5,1500339,0,predicted_progress,4,-0.06380962545909907,0.19299032005222883,0.0
robocasa/CloseCabinet,5,1500339,0,predicted_progress,8,-0.06894200685133771,0.08116272420125287,0.0
robocasa/CloseCabinet,5,1500339,0,predicted_success,1,-0.05560265317416646,0.37180906123687313,0.0
robocasa/CloseCabinet,5,1500339,0,predicted_success,2,-0.05560265317416646,0.37180906123687313,0.0
robocasa/CloseCabinet,5,1500339,0,predicted_success,4,-0.05560265317416646,0.37180906123687313,0.0
robocasa/CloseCabinet,5,1500339,0,predicted_success,8,-0.05560265317416646,0.37180906123687313,0.0
robocasa/CloseCabinet,5,1500339,0,low_energy,1,-0.05560265317416645,0.37180906123687313,0.0
robocasa/CloseCabinet,5,1500339,0,low_energy,2,-0.04682680532086525,0.563022825761992,0.0
robocasa/CloseCabinet,5,1500339,0,low_energy,4,-0.038527223498181544,0.7438594025609646,0.0
robocasa/CloseCabinet,5,1500339,0,low_energy,8,-0.032309054075754524,0.8793448398193134,0.0
robocasa/CloseCabinet,5,1500339,0,distance_progress,1,-0.055602653174166454,0.37180906123687313,0.0
robocasa/CloseCabinet,5,1500339,0,distance_progress,2,-0.04904066282975199,0.5147858878076503,0.0
robocasa/CloseCabinet,5,1500339,0,distance_progress,4,-0.04199104439586619,0.6683874658821729,0.0
robocasa/CloseCabinet,5,1500339,0,distance_progress,8,-0.03447630577707238,0.8321233788949917,0.0
robocasa/CloseCabinet,5,1500339,0,oracle_real_utility,1,-0.05560265317416645,0.37180906123687313,0.0
robocasa/CloseCabinet,5,1500339,0,oracle_real_utility,2,-0.04647454095739874,0.5706981861570722,0.0
robocasa/CloseCabinet,5,1500339,0,oracle_real_utility,4,-0.03771606454448452,0.7615334506708938,0.0
robocasa/CloseCabinet,5,1500339,0,oracle_real_utility,8,-0.03168286842286858,0.8929885717961503,0.0
robocasa/CloseCabinet,5,1510346,1,random,1,-0.0549855188140285,0.5048319547422673,0.0
robocasa/CloseCabinet,5,1510346,1,random,2,-0.05139106103497333,0.6655967066864897,0.0
robocasa/CloseCabinet,5,1510346,1,random,4,-0.0488237273704613,0.7804225817150787,0.0
robocasa/CloseCabinet,5,1510346,1,random,8,-0.04721479550160755,0.8523832357805213,0.0
robocasa/CloseCabinet,5,1510346,1,learned_wam,1,-0.054985518814028495,0.5048319547422674,0.0
robocasa/CloseCabinet,5,1510346,1,learned_wam,2,-0.05199459167839555,0.6386033574403579,0.0
robocasa/CloseCabinet,5,1510346,1,learned_wam,4,-0.051238948159414446,0.6724000662499934,0.0
robocasa/CloseCabinet,5,1510346,1,learned_wam,8,-0.0522375167919779,0.6277383541417649,0.0
robocasa/CloseCabinet,5,1510346,1,learned_physics_score,1,-0.054985518814028495,0.5048319547422674,0.0
robocasa/CloseCabinet,5,1510346,1,learned_physics_score,2,-0.05199459167839555,0.6386033574403579,0.0
robocasa/CloseCabinet,5,1510346,1,learned_physics_score,4,-0.051238948159414446,0.6724000662499934,0.0
robocasa/CloseCabinet,5,1510346,1,learned_physics_score,8,-0.0522375167919779,0.6277383541417649,0.0
robocasa/CloseCabinet,5,1510346,1,learned_energy_regularized,1,-0.054985518814028495,0.5048319547422673,0.0
robocasa/CloseCabinet,5,1510346,1,learned_energy_regularized,2,-0.05087279510914272,0.6887765291044347,0.0
robocasa/CloseCabinet,5,1510346,1,learned_energy_regularized,4,-0.047280349311128886,0.8494512937256986,0.0
robocasa/CloseCabinet,5,1510346,1,learned_energy_regularized,8,-0.04494357312044098,0.9539653171854079,0.0
robocasa/CloseCabinet,5,1510346,1,predicted_progress,1,-0.054985518814028495,0.5048319547422673,0.0
robocasa/CloseCabinet,5,1510346,1,predicted_progress,2,-0.054603928447969845,0.5218988628309327,0.0
robocasa/CloseCabinet,5,1510346,1,predicted_progress,4,-0.05603495988134714,0.4578949357986448,0.0
robocasa/CloseCabinet,5,1510346,1,predicted_progress,8,-0.058405499295735824,0.35187082747586607,0.0
robocasa/CloseCabinet,5,1510346,1,predicted_success,1,-0.054985518814028495,0.5048319547422673,0.0
robocasa/CloseCabinet,5,1510346,1,predicted_success,2,-0.054985518814028495,0.5048319547422673,0.0
robocasa/CloseCabinet,5,1510346,1,predicted_success,4,-0.054985518814028495,0.5048319547422673,0.0
robocasa/CloseCabinet,5,1510346,1,predicted_success,8,-0.054985518814028495,0.5048319547422673,0.0
robocasa/CloseCabinet,5,1510346,1,low_energy,1,-0.0549855188140285,0.5048319547422673,0.0
robocasa/CloseCabinet,5,1510346,1,low_energy,2,-0.05181755400142079,0.6465214969687935,0.0
robocasa/CloseCabinet,5,1510346,1,low_energy,4,-0.04901813906361523,0.7717273766115251,0.0
robocasa/CloseCabinet,5,1510346,1,low_energy,8,-0.04590561436132433,0.9109373193739052,0.0
robocasa/CloseCabinet,5,1510346,1,distance_progress,1,-0.054985518814028495,0.5048319547422674,0.0
robocasa/CloseCabinet,5,1510346,1,distance_progress,2,-0.05503944774568835,0.5024199438483201,0.0
robocasa/CloseCabinet,5,1510346,1,distance_progress,4,-0.05750216232052868,0.3922732340884689,0.0
robocasa/CloseCabinet,5,1510346,1,distance_progress,8,-0.06074576731804844,0.24720062929399161,0.0
robocasa/CloseCabinet,5,1510346,1,oracle_real_utility,1,-0.054985518814028495,0.5048319547422673,0.0
robocasa/CloseCabinet,5,1510346,1,oracle_real_utility,2,-0.050167400018507835,0.7203258402215063,0.0
robocasa/CloseCabinet,5,1510346,1,oracle_real_utility,4,-0.046423518167836256,0.8877736930072202,0.0
robocasa/CloseCabinet,5,1510346,1,oracle_real_utility,8,-0.044505597390526695,0.9735541018937841,0.0
robocasa/CloseMicrowave,6,1600342,0,random,1,-0.05629093590537307,0.5609086498229346,0.0
robocasa/CloseMicrowave,6,1600342,0,random,2,-0.05438422811928881,0.6060394329136689,0.0
robocasa/CloseMicrowave,6,1600342,0,random,4,-0.053833280228203995,0.6190800833732288,0.0
robocasa/CloseMicrowave,6,1600342,0,random,8,-0.04961895586215372,0.7188309525028973,0.0
robocasa/CloseMicrowave,6,1600342,0,learned_wam,1,-0.05629093590537307,0.5609086498229346,0.0
robocasa/CloseMicrowave,6,1600342,0,learned_wam,2,-0.0506269458255133,0.6949723535471325,0.0
robocasa/CloseMicrowave,6,1600342,0,learned_wam,4,-0.049201660979837664,0.7287081056545903,0.0
robocasa/CloseMicrowave,6,1600342,0,learned_wam,8,-0.05102011893585072,0.6856661502110735,0.0
robocasa/CloseMicrowave,6,1600342,0,learned_physics_score,1,-0.05629093590537307,0.5609086498229346,0.0
robocasa/CloseMicrowave,6,1600342,0,learned_physics_score,2,-0.0506269458255133,0.6949723535471325,0.0
robocasa/CloseMicrowave,6,1600342,0,learned_physics_score,4,-0.049201660979837664,0.7287081056545903,0.0
robocasa/CloseMicrowave,6,1600342,0,learned_physics_score,8,-0.05102011893585072,0.6856661502110735,0.0
robocasa/CloseMicrowave,6,1600342,0,learned_energy_regularized,1,-0.05629093590537307,0.5609086498229346,0.0
robocasa/CloseMicrowave,6,1600342,0,learned_energy_regularized,2,-0.05068580164183713,0.6935792669401946,0.0
robocasa/CloseMicrowave,6,1600342,0,learned_energy_regularized,4,-0.04929086432645345,0.72659670876595,0.0
robocasa/CloseMicrowave,6,1600342,0,learned_energy_regularized,8,-0.051049992510499,0.684959058213319,0.0
robocasa/CloseMicrowave,6,1600342,0,predicted_progress,1,-0.056290935905373075,0.5609086498229346,0.0
robocasa/CloseMicrowave,6,1600342,0,predicted_progress,2,-0.05234105760994616,0.6544002177950778,0.0
robocasa/CloseMicrowave,6,1600342,0,predicted_progress,4,-0.05290670602063483,0.6410116136708792,0.0
robocasa/CloseMicrowave,6,1600342,0,predicted_progress,8,-0.05393011603362143,0.6167880301484996,0.0
robocasa/CloseMicrowave,6,1600342,0,predicted_success,1,-0.056290935905373075,0.5609086498229346,0.0
robocasa/CloseMicrowave,6,1600342,0,predicted_success,2,-0.056290935905373075,0.5609086498229346,0.0
robocasa/CloseMicrowave,6,1600342,0,predicted_success,4,-0.056290935905373075,0.5609086498229346,0.0
robocasa/CloseMicrowave,6,1600342,0,predicted_success,8,-0.056290935905373075,0.5609086498229346,0.0
robocasa/CloseMicrowave,6,1600342,0,low_energy,1,-0.05629093590537307,0.5609086498229346,0.0
robocasa/CloseMicrowave,6,1600342,0,low_energy,2,-0.05013260553533815,0.7066731314910475,0.0
robocasa/CloseMicrowave,6,1600342,0,low_energy,4,-0.04765217556291125,0.7653836207827754,0.0
robocasa/CloseMicrowave,6,1600342,0,low_energy,8,-0.046926893966999145,0.7825506594993019,0.0
robocasa/CloseMicrowave,6,1600342,0,distance_progress,1,-0.05629093590537307,0.5609086498229346,0.0
robocasa/CloseMicrowave,6,1600342,0,distance_progress,2,-0.05038217186008406,0.7007660261909792,0.0
robocasa/CloseMicrowave,6,1600342,0,distance_progress,4,-0.04528411074262732,0.8214344852775981,0.0
robocasa/CloseMicrowave,6,1600342,0,distance_progress,8,-0.04125912055139912,0.9167039128156811,0.0
robocasa/CloseMicrowave,6,1600342,0,oracle_real_utility,1,-0.05629093590537307,0.5609086498229346,0.0
robocasa/CloseMicrowave,6,1600342,0,oracle_real_utility,2,-0.04863827977832635,0.7420430461149847,0.0
robocasa/CloseMicrowave,6,1600342,0,oracle_real_utility,4,-0.043613292121817505,0.8609818943300283,0.0
robocasa/CloseMicrowave,6,1600342,0,oracle_real_utility,8,-0.040478177521150446,0.9351884287764379,0.0
robocasa/CloseMicrowave,6,1610349,1,random,1,-0.05157315326532076,0.5767925718203875,0.0
robocasa/CloseMicrowave,6,1610349,1,random,2,-0.058172537087035785,0.4734759262617631,0.0
robocasa/CloseMicrowave,6,1610349,1,random,4,-0.06336284565493748,0.3922190566604986,0.0
robocasa/CloseMicrowave,6,1610349,1,random,8,-0.06857466365930587,0.3106254461022555,0.0
robocasa/CloseMicrowave,6,1610349,1,learned_wam,1,-0.05157315326532077,0.5767925718203873,0.0
robocasa/CloseMicrowave,6,1610349,1,learned_wam,2,-0.04145179754164316,0.735247444294254,0.0
robocasa/CloseMicrowave,6,1610349,1,learned_wam,4,-0.03455769528380283,0.8431780539785229,0.0
robocasa/CloseMicrowave,6,1610349,1,learned_wam,8,-0.030453647145664467,0.9074289747157533,0.0
robocasa/CloseMicrowave,6,1610349,1,learned_physics_score,1,-0.05157315326532077,0.5767925718203873,0.0
robocasa/CloseMicrowave,6,1610349,1,learned_physics_score,2,-0.04145179754164316,0.735247444294254,0.0
robocasa/CloseMicrowave,6,1610349,1,learned_physics_score,4,-0.03455769528380283,0.8431780539785229,0.0
robocasa/CloseMicrowave,6,1610349,1,learned_physics_score,8,-0.030453647145664467,0.9074289747157533,0.0
robocasa/CloseMicrowave,6,1610349,1,learned_energy_regularized,1,-0.05157315326532077,0.5767925718203873,0.0
robocasa/CloseMicrowave,6,1610349,1,learned_energy_regularized,2,-0.04004421814471325,0.757283801865958,0.0
robocasa/CloseMicrowave,6,1610349,1,learned_energy_regularized,4,-0.033081450712992795,0.8662893990981021,0.0
robocasa/CloseMicrowave,6,1610349,1,learned_energy_regularized,8,-0.028711948996197802,0.934696128019741,0.0
robocasa/CloseMicrowave,6,1610349,1,predicted_progress,1,-0.05157315326532076,0.5767925718203873,0.0
robocasa/CloseMicrowave,6,1610349,1,predicted_progress,2,-0.053080259950086764,0.5531980649125383,0.0
robocasa/CloseMicrowave,6,1610349,1,predicted_progress,4,-0.05788050905418886,0.4780477707820878,0.0
robocasa/CloseMicrowave,6,1610349,1,predicted_progress,8,-0.06838607429737556,0.31357790663327795,0.0
robocasa/CloseMicrowave,6,1610349,1,predicted_success,1,-0.05157315326532076,0.5767925718203873,0.0
robocasa/CloseMicrowave,6,1610349,1,predicted_success,2,-0.05157315326532076,0.5767925718203873,0.0
robocasa/CloseMicrowave,6,1610349,1,predicted_success,4,-0.05157315326532076,0.5767925718203873,0.0
robocasa/CloseMicrowave,6,1610349,1,predicted_success,8,-0.05157315326532076,0.5767925718203873,0.0
robocasa/CloseMicrowave,6,1610349,1,low_energy,1,-0.05157315326532077,0.5767925718203873,0.0
robocasa/CloseMicrowave,6,1610349,1,low_energy,2,-0.04003091251821242,0.75749210808579,0.0
robocasa/CloseMicrowave,6,1610349,1,low_energy,4,-0.033210555961847577,0.8642681920284668,0.0
robocasa/CloseMicrowave,6,1610349,1,low_energy,8,-0.02923140159866464,0.926563838420676,0.0
robocasa/CloseMicrowave,6,1610349,1,distance_progress,1,-0.05157315326532077,0.5767925718203873,0.0
robocasa/CloseMicrowave,6,1610349,1,distance_progress,2,-0.04007444107445178,0.7568106468254427,0.0
robocasa/CloseMicrowave,6,1610349,1,distance_progress,4,-0.03392853511191707,0.8530278702999248,0.0
robocasa/CloseMicrowave,6,1610349,1,distance_progress,8,-0.03230054742804375,0.8785148295452858,0.0
robocasa/CloseMicrowave,6,1610349,1,oracle_real_utility,1,-0.05157315326532077,0.5767925718203873,0.0
robocasa/CloseMicrowave,6,1610349,1,oracle_real_utility,2,-0.039742828657245904,0.76200220462794,0.0
robocasa/CloseMicrowave,6,1610349,1,oracle_real_utility,4,-0.032482113930288055,0.8756723153857109,0.0
robocasa/CloseMicrowave,6,1610349,1,oracle_real_utility,8,-0.028334125271022286,0.9406111468991026,0.0
robocasa/TurnOffSinkFaucet,7,1700345,0,random,1,-0.05380429677575732,0.46883809431848883,0.0
robocasa/TurnOffSinkFaucet,7,1700345,0,random,2,-0.05137078709213095,0.5007293221755057,0.0
robocasa/TurnOffSinkFaucet,7,1700345,0,random,4,-0.05090124191904154,0.5068827277710989,0.0
robocasa/TurnOffSinkFaucet,7,1700345,0,random,8,-0.0524307990671882,0.48683782889106497,0.0
robocasa/TurnOffSinkFaucet,7,1700345,0,learned_wam,1,-0.05380429677575732,0.46883809431848883,0.0
robocasa/TurnOffSinkFaucet,7,1700345,0,learned_wam,2,-0.04332044173936123,0.6062293740965128,0.0
robocasa/TurnOffSinkFaucet,7,1700345,0,learned_wam,4,-0.03346061166095016,0.7354427854002639,0.0
robocasa/TurnOffSinkFaucet,7,1700345,0,learned_wam,8,-0.023841453546053812,0.8615021823687172,0.0
robocasa/TurnOffSinkFaucet,7,1700345,0,learned_physics_score,1,-0.05380429677575732,0.46883809431848883,0.0
robocasa/TurnOffSinkFaucet,7,1700345,0,learned_physics_score,2,-0.04332044173936123,0.6062293740965128,0.0
robocasa/TurnOffSinkFaucet,7,1700345,0,learned_physics_score,4,-0.03346061166095016,0.7354427854002639,0.0
robocasa/TurnOffSinkFaucet,7,1700345,0,learned_physics_score,8,-0.023841453546053812,0.8615021823687172,0.0
robocasa/TurnOffSinkFaucet,7,1700345,0,learned_energy_regularized,1,-0.053804296775757335,0.46883809431848883,0.0
robocasa/TurnOffSinkFaucet,7,1700345,0,learned_energy_regularized,2,-0.0432187658359442,0.6075618402975959,0.0
robocasa/TurnOffSinkFaucet,7,1700345,0,learned_energy_regularized,4,-0.033407946080472636,0.7361329696384988,0.0
robocasa/TurnOffSinkFaucet,7,1700345,0,learned_energy_regularized,8,-0.023837823979212885,0.8615497479666374,0.0
robocasa/TurnOffSinkFaucet,7,1700345,0,predicted_progress,1,-0.05380429677575732,0.4688380943184889,0.0
robocasa/TurnOffSinkFaucet,7,1700345,0,predicted_progress,2,-0.049185797585863784,0.5293636845856515,0.0
robocasa/TurnOffSinkFaucet,7,1700345,0,predicted_progress,4,-0.04007570751690466,0.6487517273544712,0.0
robocasa/TurnOffSinkFaucet,7,1700345,0,predicted_progress,8,-0.026896664204458617,0.8214635419170471,0.0
robocasa/TurnOffSinkFaucet,7,1700345,0,predicted_success,1,-0.05380429677575732,0.4688380943184889,0.0
robocasa/TurnOffSinkFaucet,7,1700345,0,predicted_success,2,-0.05380429677575732,0.4688380943184889,0.0
robocasa/TurnOffSinkFaucet,7,1700345,0,predicted_success,4,-0.05380429677575732,0.4688380943184889,0.0
robocasa/TurnOffSinkFaucet,7,1700345,0,predicted_success,8,-0.05380429677575732,0.4688380943184889,0.0
robocasa/TurnOffSinkFaucet,7,1700345,0,low_energy,1,-0.053804296775757335,0.46883809431848883,0.0
robocasa/TurnOffSinkFaucet,7,1700345,0,low_energy,2,-0.0432187658359442,0.6075618402975959,0.0
robocasa/TurnOffSinkFaucet,7,1700345,0,low_energy,4,-0.033407946080472636,0.7361329696384988,0.0
robocasa/TurnOffSinkFaucet,7,1700345,0,low_energy,8,-0.023837823979212885,0.8615497479666374,0.0
robocasa/TurnOffSinkFaucet,7,1700345,0,distance_progress,1,-0.05380429677575732,0.4688380943184889,0.0
robocasa/TurnOffSinkFaucet,7,1700345,0,distance_progress,2,-0.0463434620019244,0.5666125898862622,0.0
robocasa/TurnOffSinkFaucet,7,1700345,0,distance_progress,4,-0.035185235268188716,0.7128415338843569,0.0
robocasa/TurnOffSinkFaucet,7,1700345,0,distance_progress,8,-0.024453880212428093,0.853476309903747,0.0
robocasa/TurnOffSinkFaucet,7,1700345,0,oracle_real_utility,1,-0.05380429677575732,0.46883809431848883,0.0
robocasa/TurnOffSinkFaucet,7,1700345,0,oracle_real_utility,2,-0.043125755948913165,0.6087807380567543,0.0
robocasa/TurnOffSinkFaucet,7,1700345,0,oracle_real_utility,4,-0.03325814477687067,0.7380961208593846,0.0
robocasa/TurnOffSinkFaucet,7,1700345,0,oracle_real_utility,8,-0.023747521352700265,0.8627331669838609,0.0
robocasa/TurnOffSinkFaucet,7,1710352,1,random,1,-0.03374791681622158,0.38751434739714546,0.0
robocasa/TurnOffSinkFaucet,7,1710352,1,random,2,-0.035523779819452525,0.3219150851939944,0.0
robocasa/TurnOffSinkFaucet,7,1710352,1,random,4,-0.037855359495604514,0.2357879986759688,0.0
robocasa/TurnOffSinkFaucet,7,1710352,1,random,8,-0.03880250614704237,0.20080099719023076,0.0
robocasa/TurnOffSinkFaucet,7,1710352,1,learned_wam,1,-0.03374791681622158,0.3875143473971455,0.0
robocasa/TurnOffSinkFaucet,7,1710352,1,learned_wam,2,-0.030438399620529147,0.5097658306991103,0.0
robocasa/TurnOffSinkFaucet,7,1710352,1,learned_wam,4,-0.025733658316940487,0.6835560148577985,0.0
robocasa/TurnOffSinkFaucet,7,1710352,1,learned_wam,8,-0.021154043665284887,0.8527240992070839,0.0
robocasa/TurnOffSinkFaucet,7,1710352,1,learned_physics_score,1,-0.03374791681622158,0.3875143473971455,0.0
robocasa/TurnOffSinkFaucet,7,1710352,1,learned_physics_score,2,-0.030438399620529147,0.5097658306991103,0.0
robocasa/TurnOffSinkFaucet,7,1710352,1,learned_physics_score,4,-0.025733658316940487,0.6835560148577985,0.0
robocasa/TurnOffSinkFaucet,7,1710352,1,learned_physics_score,8,-0.021154043665284887,0.8527240992070839,0.0
robocasa/TurnOffSinkFaucet,7,1710352,1,learned_energy_regularized,1,-0.03374791681622158,0.3875143473971455,0.0
robocasa/TurnOffSinkFaucet,7,1710352,1,learned_energy_regularized,2,-0.03292312872445221,0.4179815006604196,0.0
robocasa/TurnOffSinkFaucet,7,1710352,1,learned_energy_regularized,4,-0.029920493766703755,0.528896947142117,0.0
robocasa/TurnOffSinkFaucet,7,1710352,1,learned_energy_regularized,8,-0.024396847303539314,0.7329369727496046,0.0
robocasa/TurnOffSinkFaucet,7,1710352,1,predicted_progress,1,-0.03374791681622158,0.3875143473971455,0.0
robocasa/TurnOffSinkFaucet,7,1710352,1,predicted_progress,2,-0.03041647781097174,0.5105756085538815,0.0
robocasa/TurnOffSinkFaucet,7,1710352,1,predicted_progress,4,-0.025507912493398406,0.6918949235702727,0.0
robocasa/TurnOffSinkFaucet,7,1710352,1,predicted_progress,8,-0.021053007432743076,0.8564563140786535,0.0
robocasa/TurnOffSinkFaucet,7,1710352,1,predicted_success,1,-0.03374791681622158,0.3875143473971455,0.0
robocasa/TurnOffSinkFaucet,7,1710352,1,predicted_success,2,-0.03374791681622158,0.3875143473971455,0.0
robocasa/TurnOffSinkFaucet,7,1710352,1,predicted_success,4,-0.03374791681622158,0.3875143473971455,0.0
robocasa/TurnOffSinkFaucet,7,1710352,1,predicted_success,8,-0.03374791681622158,0.3875143473971455,0.0
robocasa/TurnOffSinkFaucet,7,1710352,1,low_energy,1,-0.03374791681622158,0.3875143473971455,0.0
robocasa/TurnOffSinkFaucet,7,1710352,1,low_energy,2,-0.03292312872445221,0.4179815006604196,0.0
robocasa/TurnOffSinkFaucet,7,1710352,1,low_energy,4,-0.029920493766703755,0.528896947142117,0.0
robocasa/TurnOffSinkFaucet,7,1710352,1,low_energy,8,-0.024396847303539314,0.7329369727496046,0.0
robocasa/TurnOffSinkFaucet,7,1710352,1,distance_progress,1,-0.03374791681622158,0.3875143473971455,0.0
robocasa/TurnOffSinkFaucet,7,1710352,1,distance_progress,2,-0.029875225603786304,0.5305691246035958,0.0
robocasa/TurnOffSinkFaucet,7,1710352,1,distance_progress,4,-0.026417546758646125,0.658293606032607,0.0
robocasa/TurnOffSinkFaucet,7,1710352,1,distance_progress,8,-0.024838121143981116,0.7166365946743434,0.0
robocasa/TurnOffSinkFaucet,7,1710352,1,oracle_real_utility,1,-0.03374791681622158,0.3875143473971455,0.0
robocasa/TurnOffSinkFaucet,7,1710352,1,oracle_real_utility,2,-0.02939571075205699,0.5482821015796725,0.0
robocasa/TurnOffSinkFaucet,7,1710352,1,oracle_real_utility,4,-0.024984225692726125,0.7112395845532026,0.0
robocasa/TurnOffSinkFaucet,7,1710352,1,oracle_real_utility,8,-0.020992412253315763,0.8586946618882916,0.0
robocasa/TurnOnStove,8,1800348,0,random,1,-0.0645449557138235,0.5152525956993292,0.0
robocasa/TurnOnStove,8,1800348,0,random,2,-0.05827612324491465,0.6605985397434105,0.0
robocasa/TurnOnStove,8,1800348,0,random,4,-0.05217831370708953,0.8019792335603027,0.0
robocasa/TurnOnStove,8,1800348,0,random,8,-0.049658875181558045,0.8603936468933394,0.0
robocasa/TurnOnStove,8,1800348,0,learned_wam,1,-0.0645449557138235,0.5152525956993292,0.0
robocasa/TurnOnStove,8,1800348,0,learned_wam,2,-0.05631558281188406,0.7060546276973804,0.0
robocasa/TurnOnStove,8,1800348,0,learned_wam,4,-0.0505026449911253,0.8408304315520952,0.0
robocasa/TurnOnStove,8,1800348,0,learned_wam,8,-0.04887247595413796,0.8786266972534815,0.0
robocasa/TurnOnStove,8,1800348,0,learned_physics_score,1,-0.0645449557138235,0.5152525956993292,0.0
robocasa/TurnOnStove,8,1800348,0,learned_physics_score,2,-0.05631558281188406,0.7060546276973804,0.0
robocasa/TurnOnStove,8,1800348,0,learned_physics_score,4,-0.0505026449911253,0.8408304315520952,0.0
robocasa/TurnOnStove,8,1800348,0,learned_physics_score,8,-0.04887247595413796,0.8786266972534815,0.0
robocasa/TurnOnStove,8,1800348,0,learned_energy_regularized,1,-0.0645449557138235,0.5152525956993292,0.0
robocasa/TurnOnStove,8,1800348,0,learned_energy_regularized,2,-0.05757033178706137,0.676962659577321,0.0
robocasa/TurnOnStove,8,1800348,0,learned_energy_regularized,4,-0.05411004829476006,0.7571910232069246,0.0
robocasa/TurnOnStove,8,1800348,0,learned_energy_regularized,8,-0.05337188906541295,0.7743056056393661,0.0
robocasa/TurnOnStove,8,1800348,0,predicted_progress,1,-0.0645449557138235,0.5152525956993292,0.0
robocasa/TurnOnStove,8,1800348,0,predicted_progress,2,-0.058122420210919824,0.6641622196932603,0.0
robocasa/TurnOnStove,8,1800348,0,predicted_progress,4,-0.05241460059073874,0.7965008067017834,0.0
robocasa/TurnOnStove,8,1800348,0,predicted_progress,8,-0.04689901531342622,0.9243823465359726,0.0
robocasa/TurnOnStove,8,1800348,0,predicted_success,1,-0.0645449557138235,0.5152525956993292,0.0
robocasa/TurnOnStove,8,1800348,0,predicted_success,2,-0.0645449557138235,0.5152525956993292,0.0
robocasa/TurnOnStove,8,1800348,0,predicted_success,4,-0.0645449557138235,0.5152525956993292,0.0
robocasa/TurnOnStove,8,1800348,0,predicted_success,8,-0.0645449557138235,0.5152525956993292,0.0
robocasa/TurnOnStove,8,1800348,0,low_energy,1,-0.0645449557138235,0.5152525956993292,0.0
robocasa/TurnOnStove,8,1800348,0,low_energy,2,-0.06192554217792513,0.5759849785003105,0.0
robocasa/TurnOnStove,8,1800348,0,low_energy,4,-0.05804567566143927,0.6659415795740374,0.0
robocasa/TurnOnStove,8,1800348,0,low_energy,8,-0.0542341764250568,0.7543130518510324,0.0
robocasa/TurnOnStove,8,1800348,0,distance_progress,1,-0.0645449557138235,0.5152525956993292,0.0
robocasa/TurnOnStove,8,1800348,0,distance_progress,2,-0.05593920054492146,0.7147812344753492,0.0
robocasa/TurnOnStove,8,1800348,0,distance_progress,4,-0.04918610106514645,0.8713551458024674,0.0
robocasa/TurnOnStove,8,1800348,0,distance_progress,8,-0.04538556794804758,0.9594723632452999,0.0
robocasa/TurnOnStove,8,1800348,0,oracle_real_utility,1,-0.0645449557138235,0.5152525956993292,0.0
robocasa/TurnOnStove,8,1800348,0,oracle_real_utility,2,-0.0558235573955835,0.7174624774015432,0.0
robocasa/TurnOnStove,8,1800348,0,oracle_real_utility,4,-0.04901082941693109,0.8754189046124801,0.0
robocasa/TurnOnStove,8,1800348,0,oracle_real_utility,8,-0.045326870703321545,0.9608332875465642,0.0
robocasa/TurnOnStove,8,1810355,1,random,1,-0.046394486108542715,0.5265949079878903,0.0
robocasa/TurnOnStove,8,1810355,1,random,2,-0.046766072517989365,0.5185390727204616,0.0
robocasa/TurnOnStove,8,1810355,1,random,4,-0.0535430495163184,0.37161709462392445,0.0
robocasa/TurnOnStove,8,1810355,1,random,8,-0.0626188873444083,0.1748567917757476,0.0
robocasa/TurnOnStove,8,1810355,1,learned_wam,1,-0.046394486108542715,0.5265949079878904,0.0
robocasa/TurnOnStove,8,1810355,1,learned_wam,2,-0.03893216686941067,0.6883748142899857,0.0
robocasa/TurnOnStove,8,1810355,1,learned_wam,4,-0.032240438670791176,0.8334486346774488,0.0
robocasa/TurnOnStove,8,1810355,1,learned_wam,8,-0.027912156591095562,0.9272839487216706,0.0
robocasa/TurnOnStove,8,1810355,1,learned_physics_score,1,-0.046394486108542715,0.5265949079878904,0.0
robocasa/TurnOnStove,8,1810355,1,learned_physics_score,2,-0.03893216686941067,0.6883748142899857,0.0
robocasa/TurnOnStove,8,1810355,1,learned_physics_score,4,-0.032240438670791176,0.8334486346774488,0.0
robocasa/TurnOnStove,8,1810355,1,learned_physics_score,8,-0.027912156591095562,0.9272839487216706,0.0
robocasa/TurnOnStove,8,1810355,1,learned_energy_regularized,1,-0.046394486108542715,0.5265949079878904,0.0
robocasa/TurnOnStove,8,1810355,1,learned_energy_regularized,2,-0.03951892955475312,0.6756540489066879,0.0
robocasa/TurnOnStove,8,1810355,1,learned_energy_regularized,4,-0.03402910159854344,0.7946711833804909,0.0
robocasa/TurnOnStove,8,1810355,1,learned_energy_regularized,8,-0.02979974498770551,0.8863618353471698,0.0
robocasa/TurnOnStove,8,1810355,1,predicted_progress,1,-0.04639448610854271,0.5265949079878903,0.0
robocasa/TurnOnStove,8,1810355,1,predicted_progress,2,-0.040752794126206485,0.6489043899384102,0.0
robocasa/TurnOnStove,8,1810355,1,predicted_progress,4,-0.03509165781924479,0.7716354165743302,0.0
robocasa/TurnOnStove,8,1810355,1,predicted_progress,8,-0.031262046514341564,0.8546597603777655,0.0
robocasa/TurnOnStove,8,1810355,1,predicted_success,1,-0.046394486108542715,0.5265949079878903,0.0
robocasa/TurnOnStove,8,1810355,1,predicted_success,2,-0.046394486108542715,0.5265949079878903,0.0
robocasa/TurnOnStove,8,1810355,1,predicted_success,4,-0.046394486108542715,0.5265949079878903,0.0
robocasa/TurnOnStove,8,1810355,1,predicted_success,8,-0.046394486108542715,0.5265949079878903,0.0
robocasa/TurnOnStove,8,1810355,1,low_energy,1,-0.046394486108542715,0.5265949079878903,0.0
robocasa/TurnOnStove,8,1810355,1,low_energy,2,-0.04093869073969408,0.6448742304466812,0.0
robocasa/TurnOnStove,8,1810355,1,low_energy,4,-0.036770141635566946,0.7352466015380861,0.0
robocasa/TurnOnStove,8,1810355,1,low_energy,8,-0.035260440460696,0.7679762807153057,0.0
robocasa/TurnOnStove,8,1810355,1,distance_progress,1,-0.04639448610854271,0.5265949079878903,0.0
robocasa/TurnOnStove,8,1810355,1,distance_progress,2,-0.039936453651066,0.6666023041319331,0.0
robocasa/TurnOnStove,8,1810355,1,distance_progress,4,-0.03693668813166958,0.7316359443588631,0.0
robocasa/TurnOnStove,8,1810355,1,distance_progress,8,-0.035378325115226844,0.7654205915584487,0.0
robocasa/TurnOnStove,8,1810355,1,oracle_real_utility,1,-0.04639448610854271,0.5265949079878904,0.0
robocasa/TurnOnStove,8,1810355,1,oracle_real_utility,2,-0.03744798512568641,0.7205512430570454,0.0
robocasa/TurnOnStove,8,1810355,1,oracle_real_utility,4,-0.031094975546880094,0.8582817878729148,0.0
robocasa/TurnOnStove,8,1810355,1,oracle_real_utility,8,-0.0275025153465677,0.9361647966234417,0.0
robocasa/TurnOffStove,9,1900351,0,random,1,-0.059757156564581144,0.3183565729304553,0.0
robocasa/TurnOffStove,9,1900351,0,random,2,-0.052451500953395874,0.4402489510024609,0.0
robocasa/TurnOffStove,9,1900351,0,random,4,-0.04386972896217296,0.5834328966678358,0.0
robocasa/TurnOffStove,9,1900351,0,random,8,-0.03400268868052181,0.7480611064374452,0.0
robocasa/TurnOffStove,9,1900351,0,learned_wam,1,-0.059757156564581144,0.3183565729304552,0.0
robocasa/TurnOffStove,9,1900351,0,learned_wam,2,-0.05108541448197936,0.46304163895753114,0.0
robocasa/TurnOffStove,9,1900351,0,learned_wam,4,-0.04052698515765091,0.6392054396542348,0.0
robocasa/TurnOffStove,9,1900351,0,learned_wam,8,-0.02997042821944367,0.8153380002255983,0.0
robocasa/TurnOffStove,9,1900351,0,learned_physics_score,1,-0.059757156564581144,0.3183565729304552,0.0
robocasa/TurnOffStove,9,1900351,0,learned_physics_score,2,-0.05108541448197936,0.46304163895753114,0.0
robocasa/TurnOffStove,9,1900351,0,learned_physics_score,4,-0.04052698515765091,0.6392054396542348,0.0
robocasa/TurnOffStove,9,1900351,0,learned_physics_score,8,-0.02997042821944367,0.8153380002255983,0.0
robocasa/TurnOffStove,9,1900351,0,learned_energy_regularized,1,-0.05975715656458115,0.3183565729304553,0.0
robocasa/TurnOffStove,9,1900351,0,learned_energy_regularized,2,-0.0518477640240945,0.4503220962421249,0.0
robocasa/TurnOffStove,9,1900351,0,learned_energy_regularized,4,-0.0419160074667174,0.6160300750520544,0.0
robocasa/TurnOffStove,9,1900351,0,learned_energy_regularized,8,-0.031914985498233274,0.7828937236782622,0.0
robocasa/TurnOffStove,9,1900351,0,predicted_progress,1,-0.05975715656458115,0.3183565729304552,0.0
robocasa/TurnOffStove,9,1900351,0,predicted_progress,2,-0.05281861902325772,0.43412371092131713,0.0
robocasa/TurnOffStove,9,1900351,0,predicted_progress,4,-0.0460167237693722,0.5476110188397755,0.0
robocasa/TurnOffStove,9,1900351,0,predicted_progress,8,-0.042268865499694115,0.6101427588342614,0.0
robocasa/TurnOffStove,9,1900351,0,predicted_success,1,-0.05975715656458115,0.3183565729304553,0.0
robocasa/TurnOffStove,9,1900351,0,predicted_success,2,-0.05975715656458115,0.3183565729304553,0.0
robocasa/TurnOffStove,9,1900351,0,predicted_success,4,-0.05975715656458115,0.3183565729304553,0.0
robocasa/TurnOffStove,9,1900351,0,predicted_success,8,-0.05975715656458115,0.3183565729304553,0.0
robocasa/TurnOffStove,9,1900351,0,low_energy,1,-0.05975715656458115,0.3183565729304553,0.0
robocasa/TurnOffStove,9,1900351,0,low_energy,2,-0.05319366638913288,0.42786617323418985,0.0
robocasa/TurnOffStove,9,1900351,0,low_energy,4,-0.04452369329897927,0.5725217242241804,0.0
robocasa/TurnOffStove,9,1900351,0,low_energy,8,-0.033493775632124426,0.7565521474887172,0.0
robocasa/TurnOffStove,9,1900351,0,distance_progress,1,-0.05975715656458115,0.3183565729304552,0.0
robocasa/TurnOffStove,9,1900351,0,distance_progress,2,-0.053010562729854944,0.43092119548693636,0.0
robocasa/TurnOffStove,9,1900351,0,distance_progress,4,-0.04646959095212503,0.5400550839867834,0.0
robocasa/TurnOffStove,9,1900351,0,distance_progress,8,-0.04262175345951101,0.6042549432973227,0.0
robocasa/TurnOffStove,9,1900351,0,oracle_real_utility,1,-0.059757156564581144,0.3183565729304552,0.0
robocasa/TurnOffStove,9,1900351,0,oracle_real_utility,2,-0.05075486982702356,0.46855666405532875,0.0
robocasa/TurnOffStove,9,1900351,0,oracle_real_utility,4,-0.04036936917580565,0.6418352086813783,0.0
robocasa/TurnOffStove,9,1900351,0,oracle_real_utility,8,-0.029940170867669237,0.8158428338446783,0.0
robocasa/TurnOffStove,9,1910358,1,random,1,-0.05566971752944131,0.3787794957096157,0.0
robocasa/TurnOffStove,9,1910358,1,random,2,-0.05376962795706967,0.4258234141487761,0.0
robocasa/TurnOffStove,9,1910358,1,random,4,-0.04966653274495758,0.5274110862845591,0.0
robocasa/TurnOffStove,9,1910358,1,random,8,-0.042551245140692945,0.7035769968781276,0.0
robocasa/TurnOffStove,9,1910358,1,learned_wam,1,-0.055669717529441304,0.37877949570961567,0.0
robocasa/TurnOffStove,9,1910358,1,learned_wam,2,-0.04823024717478514,0.5629717788966436,0.0
robocasa/TurnOffStove,9,1910358,1,learned_wam,4,-0.04067273416930743,0.750086655269981,0.0
robocasa/TurnOffStove,9,1910358,1,learned_wam,8,-0.035924198837856955,0.8676546436882311,0.0
robocasa/TurnOffStove,9,1910358,1,learned_physics_score,1,-0.055669717529441304,0.37877949570961567,0.0
robocasa/TurnOffStove,9,1910358,1,learned_physics_score,2,-0.04823024717478514,0.5629717788966436,0.0
robocasa/TurnOffStove,9,1910358,1,learned_physics_score,4,-0.04067273416930743,0.750086655269981,0.0
robocasa/TurnOffStove,9,1910358,1,learned_physics_score,8,-0.035924198837856955,0.8676546436882311,0.0
robocasa/TurnOffStove,9,1910358,1,learned_energy_regularized,1,-0.05566971752944131,0.3787794957096157,0.0
robocasa/TurnOffStove,9,1910358,1,learned_energy_regularized,2,-0.048650630292471346,0.5525636016247979,0.0
robocasa/TurnOffStove,9,1910358,1,learned_energy_regularized,4,-0.04073197999464479,0.74861980033032,0.0
robocasa/TurnOffStove,9,1910358,1,learned_energy_regularized,8,-0.034425520367801374,0.9047601089973322,0.0
robocasa/TurnOffStove,9,1910358,1,predicted_progress,1,-0.05566971752944132,0.3787794957096158,0.0
robocasa/TurnOffStove,9,1910358,1,predicted_progress,2,-0.05326472640890166,0.4383241654802905,0.0
robocasa/TurnOffStove,9,1910358,1,predicted_progress,4,-0.05023046675572028,0.5134487626166936,0.0
robocasa/TurnOffStove,9,1910358,1,predicted_progress,8,-0.044603733363663495,0.6527598722737101,0.0
robocasa/TurnOffStove,9,1910358,1,predicted_success,1,-0.055669717529441304,0.3787794957096157,0.0
robocasa/TurnOffStove,9,1910358,1,predicted_success,2,-0.055669717529441304,0.3787794957096157,0.0
robocasa/TurnOffStove,9,1910358,1,predicted_success,4,-0.055669717529441304,0.3787794957096157,0.0
robocasa/TurnOffStove,9,1910358,1,predicted_success,8,-0.055669717529441304,0.3787794957096157,0.0
robocasa/TurnOffStove,9,1910358,1,low_energy,1,-0.05566971752944131,0.3787794957096157,0.0
robocasa/TurnOffStove,9,1910358,1,low_energy,2,-0.04925669632743497,0.5375581400233291,0.0
robocasa/TurnOffStove,9,1910358,1,low_energy,4,-0.041650548828886524,0.725877147590594,0.0
robocasa/TurnOffStove,9,1910358,1,low_energy,8,-0.03473314262279922,0.8971437542293168,0.0
robocasa/TurnOffStove,9,1910358,1,distance_progress,1,-0.055669717529441304,0.37877949570961567,0.0
robocasa/TurnOffStove,9,1910358,1,distance_progress,2,-0.04887053601657446,0.5471190020125285,0.0
robocasa/TurnOffStove,9,1910358,1,distance_progress,4,-0.04130476752130566,0.7344382743228022,0.0
robocasa/TurnOffStove,9,1910358,1,distance_progress,8,-0.03605720201664832,0.8643616459337096,0.0
robocasa/TurnOffStove,9,1910358,1,oracle_real_utility,1,-0.05566971752944131,0.3787794957096157,0.0
robocasa/TurnOffStove,9,1910358,1,oracle_real_utility,2,-0.047959523220912355,0.569674576380881,0.0
robocasa/TurnOffStove,9,1910358,1,oracle_real_utility,4,-0.039974684996147,0.7673695080608068,0.0
robocasa/TurnOffStove,9,1910358,1,oracle_real_utility,8,-0.034002109105094575,0.915243259475411,0.0
robocasa/OpenOven,10,2000354,0,random,1,-0.04635085436773612,0.5015105988594067,0.0
robocasa/OpenOven,10,2000354,0,random,2,-0.04850149317817272,0.4320525320037492,0.0
robocasa/OpenOven,10,2000354,0,random,4,-0.04981943109625826,0.38948777422956515,0.0
robocasa/OpenOven,10,2000354,0,random,8,-0.05144390402406647,0.337023014141839,0.0
robocasa/OpenOven,10,2000354,0,learned_wam,1,-0.04635085436773613,0.5015105988594069,0.0
robocasa/OpenOven,10,2000354,0,learned_wam,2,-0.04158810462018129,0.6553306586374938,0.0
robocasa/OpenOven,10,2000354,0,learned_wam,4,-0.03805182510297696,0.7695400451389904,0.0
robocasa/OpenOven,10,2000354,0,learned_wam,8,-0.03452485217514728,0.8834488615476169,0.0
robocasa/OpenOven,10,2000354,0,learned_physics_score,1,-0.04635085436773613,0.5015105988594069,0.0
robocasa/OpenOven,10,2000354,0,learned_physics_score,2,-0.04158810462018129,0.6553306586374938,0.0
robocasa/OpenOven,10,2000354,0,learned_physics_score,4,-0.03805182510297696,0.7695400451389904,0.0
robocasa/OpenOven,10,2000354,0,learned_physics_score,8,-0.03452485217514728,0.8834488615476169,0.0
robocasa/OpenOven,10,2000354,0,learned_energy_regularized,1,-0.04635085436773612,0.5015105988594067,0.0
robocasa/OpenOven,10,2000354,0,learned_energy_regularized,2,-0.0414100839563826,0.6610800997374189,0.0
robocasa/OpenOven,10,2000354,0,learned_energy_regularized,4,-0.035904789956497304,0.838881726327826,0.0
robocasa/OpenOven,10,2000354,0,learned_energy_regularized,8,-0.032591772751285636,0.9458805256691349,0.0
robocasa/OpenOven,10,2000354,0,predicted_progress,1,-0.04635085436773612,0.5015105988594069,0.0
robocasa/OpenOven,10,2000354,0,predicted_progress,2,-0.04383656934182835,0.5827131590365053,0.0
robocasa/OpenOven,10,2000354,0,predicted_progress,4,-0.042391311350147357,0.6293899072299753,0.0
robocasa/OpenOven,10,2000354,0,predicted_progress,8,-0.042694948409853266,0.6195834985059426,0.0
robocasa/OpenOven,10,2000354,0,predicted_success,1,-0.04635085436773612,0.5015105988594067,0.0
robocasa/OpenOven,10,2000354,0,predicted_success,2,-0.04635085436773612,0.5015105988594067,0.0
robocasa/OpenOven,10,2000354,0,predicted_success,4,-0.04635085436773612,0.5015105988594067,0.0
robocasa/OpenOven,10,2000354,0,predicted_success,8,-0.04635085436773612,0.5015105988594067,0.0
robocasa/OpenOven,10,2000354,0,low_energy,1,-0.04635085436773612,0.5015105988594067,0.0
robocasa/OpenOven,10,2000354,0,low_energy,2,-0.041384410899551624,0.6619092491460045,0.0
robocasa/OpenOven,10,2000354,0,low_energy,4,-0.035894761418672705,0.8392056128155547,0.0
robocasa/OpenOven,10,2000354,0,low_energy,8,-0.03259147649809306,0.9458900936049297,0.0
robocasa/OpenOven,10,2000354,0,distance_progress,1,-0.04635085436773612,0.5015105988594069,0.0
robocasa/OpenOven,10,2000354,0,distance_progress,2,-0.04146026045663671,0.6594595753181994,0.0
robocasa/OpenOven,10,2000354,0,distance_progress,4,-0.03963302695642451,0.7184727885098987,0.0
robocasa/OpenOven,10,2000354,0,distance_progress,8,-0.04141070607589187,0.6610600074661098,0.0
robocasa/OpenOven,10,2000354,0,oracle_real_utility,1,-0.04635085436773612,0.5015105988594067,0.0
robocasa/OpenOven,10,2000354,0,oracle_real_utility,2,-0.04025018456628071,0.6985407690941569,0.0
robocasa/OpenOven,10,2000354,0,oracle_real_utility,4,-0.03546942752937438,0.8529424009621717,0.0
robocasa/OpenOven,10,2000354,0,oracle_real_utility,8,-0.0325463338549809,0.9473480421493852,0.0
robocasa/OpenOven,10,2010361,1,random,1,-0.057027450345056366,0.4171472049219484,0.0
robocasa/OpenOven,10,2010361,1,random,2,-0.05663588277782544,0.423905216110824,0.0
robocasa/OpenOven,10,2010361,1,random,4,-0.05833471569182459,0.39458529076045457,0.0
robocasa/OpenOven,10,2010361,1,random,8,-0.05879904388751166,0.38657151381780763,0.0
robocasa/OpenOven,10,2010361,1,learned_wam,1,-0.057027450345056366,0.41714720492194834,0.0
robocasa/OpenOven,10,2010361,1,learned_wam,2,-0.049488111870989594,0.5472676184300865,0.0
robocasa/OpenOven,10,2010361,1,learned_wam,4,-0.04259952971431931,0.6661567174928091,0.0
robocasa/OpenOven,10,2010361,1,learned_wam,8,-0.03475186845602869,0.8015984318438776,0.0
robocasa/OpenOven,10,2010361,1,learned_physics_score,1,-0.057027450345056366,0.41714720492194834,0.0
robocasa/OpenOven,10,2010361,1,learned_physics_score,2,-0.049488111870989594,0.5472676184300865,0.0
robocasa/OpenOven,10,2010361,1,learned_physics_score,4,-0.04259952971431931,0.6661567174928091,0.0
robocasa/OpenOven,10,2010361,1,learned_physics_score,8,-0.03475186845602869,0.8015984318438776,0.0
robocasa/OpenOven,10,2010361,1,learned_energy_regularized,1,-0.057027450345056366,0.41714720492194834,0.0
robocasa/OpenOven,10,2010361,1,learned_energy_regularized,2,-0.049488111870989594,0.5472676184300865,0.0
robocasa/OpenOven,10,2010361,1,learned_energy_regularized,4,-0.04259952971431931,0.6661567174928091,0.0
robocasa/OpenOven,10,2010361,1,learned_energy_regularized,8,-0.03475186845602869,0.8015984318438776,0.0
robocasa/OpenOven,10,2010361,1,predicted_progress,1,-0.057027450345056366,0.41714720492194834,0.0
robocasa/OpenOven,10,2010361,1,predicted_progress,2,-0.04976457060978236,0.5424962547974033,0.0
robocasa/OpenOven,10,2010361,1,predicted_progress,4,-0.04325893133838492,0.6547761948797857,0.0
robocasa/OpenOven,10,2010361,1,predicted_progress,8,-0.035284306090623725,0.7924091633929242,0.0
robocasa/OpenOven,10,2010361,1,predicted_success,1,-0.05702745034505637,0.4171472049219483,0.0
robocasa/OpenOven,10,2010361,1,predicted_success,2,-0.05702745034505637,0.4171472049219483,0.0
robocasa/OpenOven,10,2010361,1,predicted_success,4,-0.05702745034505637,0.4171472049219483,0.0
robocasa/OpenOven,10,2010361,1,predicted_success,8,-0.05702745034505637,0.4171472049219483,0.0
robocasa/OpenOven,10,2010361,1,low_energy,1,-0.057027450345056366,0.41714720492194834,0.0
robocasa/OpenOven,10,2010361,1,low_energy,2,-0.049488111870989594,0.5472676184300865,0.0
robocasa/OpenOven,10,2010361,1,low_energy,4,-0.04259952971431931,0.6661567174928091,0.0
robocasa/OpenOven,10,2010361,1,low_energy,8,-0.03475186845602869,0.8015984318438776,0.0
robocasa/OpenOven,10,2010361,1,distance_progress,1,-0.057027450345056366,0.41714720492194834,0.0
robocasa/OpenOven,10,2010361,1,distance_progress,2,-0.048581488986212354,0.5629148990328794,0.0
robocasa/OpenOven,10,2010361,1,distance_progress,4,-0.04075795197961555,0.6979402562172323,0.0
robocasa/OpenOven,10,2010361,1,distance_progress,8,-0.032988521806734714,0.8320317909447534,0.0
robocasa/OpenOven,10,2010361,1,oracle_real_utility,1,-0.057027450345056366,0.41714720492194834,0.0
robocasa/OpenOven,10,2010361,1,oracle_real_utility,2,-0.048498501434422144,0.5643471698603684,0.0
robocasa/OpenOven,10,2010361,1,oracle_real_utility,4,-0.04059104284578542,0.7008209181727827,0.0
robocasa/OpenOven,10,2010361,1,oracle_real_utility,8,-0.03278913480865675,0.8354729839257147,0.0
robocasa/CloseOven,11,2100357,0,random,1,-0.04918205734237744,0.4939149226328731,0.0
robocasa/CloseOven,11,2100357,0,random,2,-0.04982045033838392,0.4700027461663736,0.0
robocasa/CloseOven,11,2100357,0,random,4,-0.049390608051934265,0.486103274634959,0.0
robocasa/CloseOven,11,2100357,0,random,8,-0.048798738239564154,0.5082728402271928,0.0
robocasa/CloseOven,11,2100357,0,learned_wam,1,-0.04918205734237745,0.4939149226328731,0.0
robocasa/CloseOven,11,2100357,0,learned_wam,2,-0.04331014307649762,0.7138582036529082,0.0
robocasa/CloseOven,11,2100357,0,learned_wam,4,-0.03898926567545485,0.8757045640456161,0.0
robocasa/CloseOven,11,2100357,0,learned_wam,8,-0.037010177318446205,0.9498349356687805,0.0
robocasa/CloseOven,11,2100357,0,learned_physics_score,1,-0.04918205734237745,0.4939149226328731,0.0
robocasa/CloseOven,11,2100357,0,learned_physics_score,2,-0.04331014307649762,0.7138582036529082,0.0
robocasa/CloseOven,11,2100357,0,learned_physics_score,4,-0.03898926567545485,0.8757045640456161,0.0
robocasa/CloseOven,11,2100357,0,learned_physics_score,8,-0.037010177318446205,0.9498349356687805,0.0
robocasa/CloseOven,11,2100357,0,learned_energy_regularized,1,-0.04918205734237745,0.4939149226328731,0.0
robocasa/CloseOven,11,2100357,0,learned_energy_regularized,2,-0.04330856834233848,0.7139171881990057,0.0
robocasa/CloseOven,11,2100357,0,learned_energy_regularized,4,-0.03898865054492393,0.8757276048839355,0.0
robocasa/CloseOven,11,2100357,0,learned_energy_regularized,8,-0.037010159146865576,0.9498356163185454,0.0
robocasa/CloseOven,11,2100357,0,predicted_progress,1,-0.04918205734237745,0.49391492263287307,0.0
robocasa/CloseOven,11,2100357,0,predicted_progress,2,-0.047284152110245885,0.5650044319340722,0.0
robocasa/CloseOven,11,2100357,0,predicted_progress,4,-0.047406498652438955,0.5604217185815012,0.0
robocasa/CloseOven,11,2100357,0,predicted_progress,8,-0.046256949718164325,0.6034801749637084,0.0
robocasa/CloseOven,11,2100357,0,predicted_success,1,-0.04918205734237745,0.4939149226328731,0.0
robocasa/CloseOven,11,2100357,0,predicted_success,2,-0.04918205734237745,0.4939149226328731,0.0
robocasa/CloseOven,11,2100357,0,predicted_success,4,-0.04918205734237745,0.4939149226328731,0.0
robocasa/CloseOven,11,2100357,0,predicted_success,8,-0.04918205734237745,0.4939149226328731,0.0
robocasa/CloseOven,11,2100357,0,low_energy,1,-0.04918205734237745,0.4939149226328731,0.0
robocasa/CloseOven,11,2100357,0,low_energy,2,-0.043271208445600576,0.7153165714146038,0.0
robocasa/CloseOven,11,2100357,0,low_energy,4,-0.03890050453855796,0.8790292746582373,0.0
robocasa/CloseOven,11,2100357,0,low_energy,8,-0.036941473082745376,0.9524083783887842,0.0
robocasa/CloseOven,11,2100357,0,distance_progress,1,-0.04918205734237745,0.49391492263287307,0.0
robocasa/CloseOven,11,2100357,0,distance_progress,2,-0.0463576370623735,0.5997087464584862,0.0
robocasa/CloseOven,11,2100357,0,distance_progress,4,-0.04464555099083446,0.6638380594750439,0.0
robocasa/CloseOven,11,2100357,0,distance_progress,8,-0.041930726266748805,0.7655267814441892,0.0
robocasa/CloseOven,11,2100357,0,oracle_real_utility,1,-0.04918205734237745,0.4939149226328731,0.0
robocasa/CloseOven,11,2100357,0,oracle_real_utility,2,-0.04323260805858848,0.7167624194606859,0.0
robocasa/CloseOven,11,2100357,0,oracle_real_utility,4,-0.03889107588879606,0.8793824419679628,0.0
robocasa/CloseOven,11,2100357,0,oracle_real_utility,8,-0.03694124972298839,0.9524167447367202,0.0
robocasa/CloseOven,11,2110364,1,random,1,-0.05432870583183469,0.5834322819172981,0.0
robocasa/CloseOven,11,2110364,1,random,2,-0.05554079815960337,0.553766990476005,0.0
robocasa/CloseOven,11,2110364,1,random,4,-0.061238756783784265,0.41431259468923926,0.0
robocasa/CloseOven,11,2110364,1,random,8,-0.06958430455114618,0.21005991435771962,0.0
robocasa/CloseOven,11,2110364,1,learned_wam,1,-0.05432870583183469,0.5834322819172981,0.0
robocasa/CloseOven,11,2110364,1,learned_wam,2,-0.04716683842531634,0.7587150380332257,0.0
robocasa/CloseOven,11,2110364,1,learned_wam,4,-0.0416056323249173,0.8948224911982283,0.0
robocasa/CloseOven,11,2110364,1,learned_wam,8,-0.03829760879210711,0.9757845433020662,0.0
robocasa/CloseOven,11,2110364,1,learned_physics_score,1,-0.05432870583183469,0.5834322819172981,0.0
robocasa/CloseOven,11,2110364,1,learned_physics_score,2,-0.04716683842531634,0.7587150380332257,0.0
robocasa/CloseOven,11,2110364,1,learned_physics_score,4,-0.0416056323249173,0.8948224911982283,0.0
robocasa/CloseOven,11,2110364,1,learned_physics_score,8,-0.03829760879210711,0.9757845433020662,0.0
robocasa/CloseOven,11,2110364,1,learned_energy_regularized,1,-0.05432870583183469,0.5834322819172981,0.0
robocasa/CloseOven,11,2110364,1,learned_energy_regularized,2,-0.050564538190786205,0.67555820957757,0.0
robocasa/CloseOven,11,2110364,1,learned_energy_regularized,4,-0.048511333101740134,0.72580927210795,0.0
robocasa/CloseOven,11,2110364,1,learned_energy_regularized,8,-0.05095639938171521,0.6659676229802265,0.0
robocasa/CloseOven,11,2110364,1,predicted_progress,1,-0.05432870583183469,0.5834322819172981,0.0
robocasa/CloseOven,11,2110364,1,predicted_progress,2,-0.048947101922591316,0.7151440704765062,0.0
robocasa/CloseOven,11,2110364,1,predicted_progress,4,-0.04416614046056103,0.8321554663012853,0.0
robocasa/CloseOven,11,2110364,1,predicted_progress,8,-0.03960550858705826,0.9437744169244344,0.0
robocasa/CloseOven,11,2110364,1,predicted_success,1,-0.05432870583183469,0.5834322819172981,0.0
robocasa/CloseOven,11,2110364,1,predicted_success,2,-0.05432870583183469,0.5834322819172981,0.0
robocasa/CloseOven,11,2110364,1,predicted_success,4,-0.05432870583183469,0.5834322819172981,0.0
robocasa/CloseOven,11,2110364,1,predicted_success,8,-0.05432870583183469,0.5834322819172981,0.0
robocasa/CloseOven,11,2110364,1,low_energy,1,-0.054328705831834696,0.5834322819172981,0.0
robocasa/CloseOven,11,2110364,1,low_energy,2,-0.050763148409229526,0.670697333983888,0.0
robocasa/CloseOven,11,2110364,1,low_energy,4,-0.04897992908587985,0.7143406437541064,0.0
robocasa/CloseOven,11,2110364,1,low_energy,8,-0.05132154370464069,0.6570309169970621,0.0
robocasa/CloseOven,11,2110364,1,distance_progress,1,-0.05432870583183469,0.5834322819172981,0.0
robocasa/CloseOven,11,2110364,1,distance_progress,2,-0.04762955403284444,0.747390328654836,0.0
robocasa/CloseOven,11,2110364,1,distance_progress,4,-0.04235248377959239,0.8765437136177481,0.0
robocasa/CloseOven,11,2110364,1,distance_progress,8,-0.03887277887377645,0.9617075726702633,0.0
robocasa/CloseOven,11,2110364,1,oracle_real_utility,1,-0.05432870583183469,0.5834322819172981,0.0
robocasa/CloseOven,11,2110364,1,oracle_real_utility,2,-0.0468606660463593,0.7662084382016392,0.0
robocasa/CloseOven,11,2110364,1,oracle_real_utility,4,-0.0412774791403644,0.9028538594645967,0.0
robocasa/CloseOven,11,2110364,1,oracle_real_utility,8,-0.038218777936783334,0.9777138850231306,0.0
robocasa/OpenDishwasher,12,2200360,0,random,1,-0.05331649392843246,0.5473879096672017,0.0
robocasa/OpenDishwasher,12,2200360,0,random,2,-0.055029400847852225,0.4676305908480686,0.0
robocasa/OpenDishwasher,12,2200360,0,random,4,-0.05650983813160564,0.3986976517061974,0.0
robocasa/OpenDishwasher,12,2200360,0,random,8,-0.05752480072872444,0.3514384022220979,0.0
robocasa/OpenDishwasher,12,2200360,0,learned_wam,1,-0.05331649392843247,0.5473879096672019,0.0
robocasa/OpenDishwasher,12,2200360,0,learned_wam,2,-0.05219792868942022,0.5994711626311863,0.0
robocasa/OpenDishwasher,12,2200360,0,learned_wam,4,-0.052952813486917875,0.5643217994152727,0.0
robocasa/OpenDishwasher,12,2200360,0,learned_wam,8,-0.054252717325855286,0.5037949583237171,0.0
robocasa/OpenDishwasher,12,2200360,0,learned_physics_score,1,-0.05331649392843247,0.5473879096672019,0.0
robocasa/OpenDishwasher,12,2200360,0,learned_physics_score,2,-0.05219792868942022,0.5994711626311863,0.0
robocasa/OpenDishwasher,12,2200360,0,learned_physics_score,4,-0.052952813486917875,0.5643217994152727,0.0
robocasa/OpenDishwasher,12,2200360,0,learned_physics_score,8,-0.054252717325855286,0.5037949583237171,0.0
robocasa/OpenDishwasher,12,2200360,0,learned_energy_regularized,1,-0.05331649392843247,0.5473879096672017,0.0
robocasa/OpenDishwasher,12,2200360,0,learned_energy_regularized,2,-0.049889811463654045,0.7069429927465818,0.0
robocasa/OpenDishwasher,12,2200360,0,learned_energy_regularized,4,-0.047226175682735634,0.8309686743456288,0.0
robocasa/OpenDishwasher,12,2200360,0,learned_energy_regularized,8,-0.045572863997271756,0.9079510869390748,0.0
robocasa/OpenDishwasher,12,2200360,0,predicted_progress,1,-0.05331649392843247,0.5473879096672017,0.0
robocasa/OpenDishwasher,12,2200360,0,predicted_progress,2,-0.05407874185591936,0.5118957003226393,0.0
robocasa/OpenDishwasher,12,2200360,0,predicted_progress,4,-0.054409964723163284,0.49647311808921024,0.0
robocasa/OpenDishwasher,12,2200360,0,predicted_progress,8,-0.05501581553956285,0.4682631574821384,0.0
robocasa/OpenDishwasher,12,2200360,0,predicted_success,1,-0.05331649392843246,0.5473879096672017,0.0
robocasa/OpenDishwasher,12,2200360,0,predicted_success,2,-0.05331649392843246,0.5473879096672017,0.0
robocasa/OpenDishwasher,12,2200360,0,predicted_success,4,-0.05331649392843246,0.5473879096672017,0.0
robocasa/OpenDishwasher,12,2200360,0,predicted_success,8,-0.05331649392843246,0.5473879096672017,0.0
robocasa/OpenDishwasher,12,2200360,0,low_energy,1,-0.053316493928432476,0.5473879096672017,0.0
robocasa/OpenDishwasher,12,2200360,0,low_energy,2,-0.049762349687516694,0.7128779384236554,0.0
robocasa/OpenDishwasher,12,2200360,0,low_energy,4,-0.04684149065229576,0.8488805913738663,0.0
robocasa/OpenDishwasher,12,2200360,0,low_energy,8,-0.04478339097542218,0.9447109661764652,0.0
robocasa/OpenDishwasher,12,2200360,0,distance_progress,1,-0.05331649392843246,0.5473879096672017,0.0
robocasa/OpenDishwasher,12,2200360,0,distance_progress,2,-0.05331649392843246,0.5473879096672017,0.0
robocasa/OpenDishwasher,12,2200360,0,distance_progress,4,-0.05331649392843246,0.5473879096672017,0.0
robocasa/OpenDishwasher,12,2200360,0,distance_progress,8,-0.05331649392843246,0.5473879096672017,0.0
robocasa/OpenDishwasher,12,2200360,0,oracle_real_utility,1,-0.053316493928432476,0.5473879096672017,0.0
robocasa/OpenDishwasher,12,2200360,0,oracle_real_utility,2,-0.049762349687516694,0.7128779384236554,0.0
robocasa/OpenDishwasher,12,2200360,0,oracle_real_utility,4,-0.04684149065229576,0.8488805913738663,0.0
robocasa/OpenDishwasher,12,2200360,0,oracle_real_utility,8,-0.04478339097542218,0.9447109661764652,0.0
robocasa/OpenDishwasher,12,2210367,1,random,1,-0.05737376883625984,0.45251722563963304,0.0
robocasa/OpenDishwasher,12,2210367,1,random,2,-0.059977102745324376,0.3652917459470734,0.0
robocasa/OpenDishwasher,12,2210367,1,random,4,-0.060612359659571666,0.34400727341732934,0.0
robocasa/OpenDishwasher,12,2210367,1,random,8,-0.06037624329546084,0.3519184226752556,0.0
robocasa/OpenDishwasher,12,2210367,1,learned_wam,1,-0.05737376883625984,0.45251722563963304,0.0
robocasa/OpenDishwasher,12,2210367,1,learned_wam,2,-0.053336974848061804,0.5877712131571778,0.0
robocasa/OpenDishwasher,12,2210367,1,learned_wam,4,-0.04897976814914728,0.7337607241872948,0.0
robocasa/OpenDishwasher,12,2210367,1,learned_wam,8,-0.04605546954621026,0.8317402217528298,0.0
robocasa/OpenDishwasher,12,2210367,1,learned_physics_score,1,-0.05737376883625984,0.45251722563963304,0.0
robocasa/OpenDishwasher,12,2210367,1,learned_physics_score,2,-0.053336974848061804,0.5877712131571778,0.0
robocasa/OpenDishwasher,12,2210367,1,learned_physics_score,4,-0.04897976814914728,0.7337607241872948,0.0
robocasa/OpenDishwasher,12,2210367,1,learned_physics_score,8,-0.04605546954621026,0.8317402217528298,0.0
robocasa/OpenDishwasher,12,2210367,1,learned_energy_regularized,1,-0.05737376883625984,0.45251722563963304,0.0
robocasa/OpenDishwasher,12,2210367,1,learned_energy_regularized,2,-0.05255489697679877,0.6139749656763336,0.0
robocasa/OpenDishwasher,12,2210367,1,learned_energy_regularized,4,-0.047783203659055286,0.7738519745904597,0.0
robocasa/OpenDishwasher,12,2210367,1,learned_energy_regularized,8,-0.04377123188996926,0.9082742862474704,0.0
robocasa/OpenDishwasher,12,2210367,1,predicted_progress,1,-0.05737376883625983,0.4525172256396331,0.0
robocasa/OpenDishwasher,12,2210367,1,predicted_progress,2,-0.056885171066969636,0.46888783974128984,0.0
robocasa/OpenDishwasher,12,2210367,1,predicted_progress,4,-0.05741146490414394,0.4512542076332739,0.0
robocasa/OpenDishwasher,12,2210367,1,predicted_progress,8,-0.0582514203958953,0.423111248163761,0.0
robocasa/OpenDishwasher,12,2210367,1,predicted_success,1,-0.057373768836259845,0.45251722563963304,0.0
robocasa/OpenDishwasher,12,2210367,1,predicted_success,2,-0.057373768836259845,0.45251722563963304,0.0
robocasa/OpenDishwasher,12,2210367,1,predicted_success,4,-0.057373768836259845,0.45251722563963304,0.0
robocasa/OpenDishwasher,12,2210367,1,predicted_success,8,-0.057373768836259845,0.45251722563963304,0.0
robocasa/OpenDishwasher,12,2210367,1,low_energy,1,-0.05737376883625984,0.45251722563963304,0.0
robocasa/OpenDishwasher,12,2210367,1,low_energy,2,-0.05244620805606246,0.6176166204081687,0.0
robocasa/OpenDishwasher,12,2210367,1,low_energy,4,-0.04765413556568092,0.7781764395845139,0.0
robocasa/OpenDishwasher,12,2210367,1,low_energy,8,-0.04373818870673027,0.9093814079649551,0.0
robocasa/OpenDishwasher,12,2210367,1,distance_progress,1,-0.057373768836259845,0.45251722563963304,0.0
robocasa/OpenDishwasher,12,2210367,1,distance_progress,2,-0.057373768836259845,0.45251722563963304,0.0
robocasa/OpenDishwasher,12,2210367,1,distance_progress,4,-0.057373768836259845,0.45251722563963304,0.0
robocasa/OpenDishwasher,12,2210367,1,distance_progress,8,-0.057373768836259845,0.45251722563963304,0.0
robocasa/OpenDishwasher,12,2210367,1,oracle_real_utility,1,-0.05737376883625984,0.45251722563963304,0.0
robocasa/OpenDishwasher,12,2210367,1,oracle_real_utility,2,-0.05244620805606246,0.6176166204081687,0.0
robocasa/OpenDishwasher,12,2210367,1,oracle_real_utility,4,-0.04765413556568092,0.7781764395845139,0.0
robocasa/OpenDishwasher,12,2210367,1,oracle_real_utility,8,-0.04373818870673027,0.9093814079649551,0.0
robocasa/CloseDishwasher,13,2300363,0,random,1,-0.04690048053860664,0.5632485412564499,0.0
robocasa/CloseDishwasher,13,2300363,0,random,2,-0.0467399406246841,0.5708511662200162,0.0
robocasa/CloseDishwasher,13,2300363,0,random,4,-0.045308976880914995,0.6386167480901164,0.0
robocasa/CloseDishwasher,13,2300363,0,random,8,-0.04398765086738869,0.7011902594991924,0.0
robocasa/CloseDishwasher,13,2300363,0,learned_wam,1,-0.04690048053860665,0.5632485412564499,0.0
robocasa/CloseDishwasher,13,2300363,0,learned_wam,2,-0.04486728115007281,0.6595339574466728,0.0
robocasa/CloseDishwasher,13,2300363,0,learned_wam,4,-0.043821455477445856,0.7090607085952265,0.0
robocasa/CloseDishwasher,13,2300363,0,learned_wam,8,-0.04217889187247799,0.7868469410794353,0.0
robocasa/CloseDishwasher,13,2300363,0,learned_physics_score,1,-0.04690048053860665,0.5632485412564499,0.0
robocasa/CloseDishwasher,13,2300363,0,learned_physics_score,2,-0.04486728115007281,0.6595339574466728,0.0
robocasa/CloseDishwasher,13,2300363,0,learned_physics_score,4,-0.043821455477445856,0.7090607085952265,0.0
robocasa/CloseDishwasher,13,2300363,0,learned_physics_score,8,-0.04217889187247799,0.7868469410794353,0.0
robocasa/CloseDishwasher,13,2300363,0,learned_energy_regularized,1,-0.04690048053860665,0.5632485412564499,0.0
robocasa/CloseDishwasher,13,2300363,0,learned_energy_regularized,2,-0.043314206991344695,0.7330822737558037,0.0
robocasa/CloseDishwasher,13,2300363,0,learned_energy_regularized,4,-0.040662697045190724,0.8586487775319296,0.0
robocasa/CloseDishwasher,13,2300363,0,learned_energy_regularized,8,-0.03928538998636533,0.9238733610767659,0.0
robocasa/CloseDishwasher,13,2300363,0,predicted_progress,1,-0.04690048053860665,0.5632485412564499,0.0
robocasa/CloseDishwasher,13,2300363,0,predicted_progress,2,-0.046114812437444926,0.600455113584946,0.0
robocasa/CloseDishwasher,13,2300363,0,predicted_progress,4,-0.045870457359415015,0.6120269399975394,0.0
robocasa/CloseDishwasher,13,2300363,0,predicted_progress,8,-0.04594636450540356,0.6084322354228002,0.0
robocasa/CloseDishwasher,13,2300363,0,predicted_success,1,-0.04690048053860664,0.5632485412564499,0.0
robocasa/CloseDishwasher,13,2300363,0,predicted_success,2,-0.04690048053860664,0.5632485412564499,0.0
robocasa/CloseDishwasher,13,2300363,0,predicted_success,4,-0.04690048053860664,0.5632485412564499,0.0
robocasa/CloseDishwasher,13,2300363,0,predicted_success,8,-0.04690048053860664,0.5632485412564499,0.0
robocasa/CloseDishwasher,13,2300363,0,low_energy,1,-0.04690048053860665,0.5632485412564499,0.0
robocasa/CloseDishwasher,13,2300363,0,low_energy,2,-0.04326479790732265,0.7354221201306694,0.0
robocasa/CloseDishwasher,13,2300363,0,low_energy,4,-0.04043495204852661,0.8694340069160766,0.0
robocasa/CloseDishwasher,13,2300363,0,low_energy,8,-0.03863256541454597,0.9547889151298089,0.0
robocasa/CloseDishwasher,13,2300363,0,distance_progress,1,-0.04690048053860664,0.5632485412564499,0.0
robocasa/CloseDishwasher,13,2300363,0,distance_progress,2,-0.04690048053860664,0.5632485412564499,0.0
robocasa/CloseDishwasher,13,2300363,0,distance_progress,4,-0.04690048053860664,0.5632485412564499,0.0
robocasa/CloseDishwasher,13,2300363,0,distance_progress,8,-0.04690048053860664,0.5632485412564499,0.0
robocasa/CloseDishwasher,13,2300363,0,oracle_real_utility,1,-0.04690048053860665,0.5632485412564499,0.0
robocasa/CloseDishwasher,13,2300363,0,oracle_real_utility,2,-0.04326479790732265,0.7354221201306694,0.0
robocasa/CloseDishwasher,13,2300363,0,oracle_real_utility,4,-0.04043495204852661,0.8694340069160766,0.0
robocasa/CloseDishwasher,13,2300363,0,oracle_real_utility,8,-0.03863256541454597,0.9547889151298089,0.0
robocasa/CloseDishwasher,13,2310370,1,random,1,-0.0542320042103529,0.38499194385624574,0.0
robocasa/CloseDishwasher,13,2310370,1,random,2,-0.05628840087912977,0.33696161922454443,0.0
robocasa/CloseDishwasher,13,2310370,1,random,4,-0.054053665201499825,0.3891573272279294,0.0
robocasa/CloseDishwasher,13,2310370,1,random,8,-0.05282572477533844,0.41783777501916275,0.0
robocasa/CloseDishwasher,13,2310370,1,learned_wam,1,-0.0542320042103529,0.38499194385624574,0.0
robocasa/CloseDishwasher,13,2310370,1,learned_wam,2,-0.04764586203731597,0.5388214804648885,0.0
robocasa/CloseDishwasher,13,2310370,1,learned_wam,4,-0.04141288991217152,0.6844021843906039,0.0
robocasa/CloseDishwasher,13,2310370,1,learned_wam,8,-0.0357417642944657,0.8168600941807327,0.0
robocasa/CloseDishwasher,13,2310370,1,learned_physics_score,1,-0.0542320042103529,0.38499194385624574,0.0
robocasa/CloseDishwasher,13,2310370,1,learned_physics_score,2,-0.04764586203731597,0.5388214804648885,0.0
robocasa/CloseDishwasher,13,2310370,1,learned_physics_score,4,-0.04141288991217152,0.6844021843906039,0.0
robocasa/CloseDishwasher,13,2310370,1,learned_physics_score,8,-0.0357417642944657,0.8168600941807327,0.0
robocasa/CloseDishwasher,13,2310370,1,learned_energy_regularized,1,-0.05423200421035289,0.38499194385624574,0.0
robocasa/CloseDishwasher,13,2310370,1,learned_energy_regularized,2,-0.04706199728883803,0.5524585446734596,0.0
robocasa/CloseDishwasher,13,2310370,1,learned_energy_regularized,4,-0.039848251548974076,0.7209467332398712,0.0
robocasa/CloseDishwasher,13,2310370,1,learned_energy_regularized,8,-0.033455573862665094,0.8702576075479297,0.0
robocasa/CloseDishwasher,13,2310370,1,predicted_progress,1,-0.0542320042103529,0.3849919438562458,0.0
robocasa/CloseDishwasher,13,2310370,1,predicted_progress,2,-0.054467974128201604,0.3794805014727437,0.0
robocasa/CloseDishwasher,13,2310370,1,predicted_progress,4,-0.05491401404389762,0.36906254939430594,0.0
robocasa/CloseDishwasher,13,2310370,1,predicted_progress,8,-0.05479070746887718,0.37194256516041674,0.0
robocasa/CloseDishwasher,13,2310370,1,predicted_success,1,-0.0542320042103529,0.38499194385624574,0.0
robocasa/CloseDishwasher,13,2310370,1,predicted_success,2,-0.0542320042103529,0.38499194385624574,0.0
robocasa/CloseDishwasher,13,2310370,1,predicted_success,4,-0.0542320042103529,0.38499194385624574,0.0
robocasa/CloseDishwasher,13,2310370,1,predicted_success,8,-0.0542320042103529,0.38499194385624574,0.0
robocasa/CloseDishwasher,13,2310370,1,low_energy,1,-0.0542320042103529,0.38499194385624574,0.0
robocasa/CloseDishwasher,13,2310370,1,low_energy,2,-0.04703739219345153,0.5530332347305635,0.0
robocasa/CloseDishwasher,13,2310370,1,low_energy,4,-0.0398271065451263,0.7214406075076949,0.0
robocasa/CloseDishwasher,13,2310370,1,low_energy,8,-0.03345310203349104,0.870315340941232,0.0
robocasa/CloseDishwasher,13,2310370,1,distance_progress,1,-0.0542320042103529,0.38499194385624574,0.0
robocasa/CloseDishwasher,13,2310370,1,distance_progress,2,-0.0542320042103529,0.38499194385624574,0.0
robocasa/CloseDishwasher,13,2310370,1,distance_progress,4,-0.0542320042103529,0.38499194385624574,0.0
robocasa/CloseDishwasher,13,2310370,1,distance_progress,8,-0.0542320042103529,0.38499194385624574,0.0
robocasa/CloseDishwasher,13,2310370,1,oracle_real_utility,1,-0.0542320042103529,0.38499194385624574,0.0
robocasa/CloseDishwasher,13,2310370,1,oracle_real_utility,2,-0.04703739219345153,0.5530332347305635,0.0
robocasa/CloseDishwasher,13,2310370,1,oracle_real_utility,4,-0.0398271065451263,0.7214406075076949,0.0
robocasa/CloseDishwasher,13,2310370,1,oracle_real_utility,8,-0.03345310203349104,0.870315340941232,0.0
robocasa/OpenFridge,14,2400366,0,random,1,-0.055102510348603514,0.5953196821177859,0.0
robocasa/OpenFridge,14,2400366,0,random,2,-0.05584909415307967,0.5833466101822433,0.0
robocasa/OpenFridge,14,2400366,0,random,4,-0.05710080765135801,0.5632727006389041,0.0
robocasa/OpenFridge,14,2400366,0,random,8,-0.05231793261299361,0.6399763560754547,0.0
robocasa/OpenFridge,14,2400366,0,learned_wam,1,-0.055102510348603514,0.5953196821177857,0.0
robocasa/OpenFridge,14,2400366,0,learned_wam,2,-0.04493574650981444,0.7583655372028766,0.0
robocasa/OpenFridge,14,2400366,0,learned_wam,4,-0.038852916802821214,0.8559167527755037,0.0
robocasa/OpenFridge,14,2400366,0,learned_wam,8,-0.03472935726182058,0.9220468706790599,0.0
robocasa/OpenFridge,14,2400366,0,learned_physics_score,1,-0.055102510348603514,0.5953196821177857,0.0
robocasa/OpenFridge,14,2400366,0,learned_physics_score,2,-0.04493574650981444,0.7583655372028766,0.0
robocasa/OpenFridge,14,2400366,0,learned_physics_score,4,-0.038852916802821214,0.8559167527755037,0.0
robocasa/OpenFridge,14,2400366,0,learned_physics_score,8,-0.03472935726182058,0.9220468706790599,0.0
robocasa/OpenFridge,14,2400366,0,learned_energy_regularized,1,-0.055102510348603514,0.5953196821177857,0.0
robocasa/OpenFridge,14,2400366,0,learned_energy_regularized,2,-0.04493574650981444,0.7583655372028766,0.0
robocasa/OpenFridge,14,2400366,0,learned_energy_regularized,4,-0.038852916802821214,0.8559167527755037,0.0
robocasa/OpenFridge,14,2400366,0,learned_energy_regularized,8,-0.03472935726182058,0.9220468706790599,0.0
robocasa/OpenFridge,14,2400366,0,predicted_progress,1,-0.055102510348603514,0.5953196821177859,0.0
robocasa/OpenFridge,14,2400366,0,predicted_progress,2,-0.04760817258273691,0.7155074556028191,0.0
robocasa/OpenFridge,14,2400366,0,predicted_progress,4,-0.043557453488986084,0.7804694207691873,0.0
robocasa/OpenFridge,14,2400366,0,predicted_progress,8,-0.04340583953190893,0.7829008756221235,0.0
robocasa/OpenFridge,14,2400366,0,predicted_success,1,-0.055102510348603514,0.5953196821177857,0.0
robocasa/OpenFridge,14,2400366,0,predicted_success,2,-0.055102510348603514,0.5953196821177857,0.0
robocasa/OpenFridge,14,2400366,0,predicted_success,4,-0.055102510348603514,0.5953196821177857,0.0
robocasa/OpenFridge,14,2400366,0,predicted_success,8,-0.055102510348603514,0.5953196821177857,0.0
robocasa/OpenFridge,14,2400366,0,low_energy,1,-0.055102510348603514,0.5953196821177857,0.0
robocasa/OpenFridge,14,2400366,0,low_energy,2,-0.04460552617181744,0.7636613282951994,0.0
robocasa/OpenFridge,14,2400366,0,low_energy,4,-0.03807380319285954,0.8684115098839528,0.0
robocasa/OpenFridge,14,2400366,0,low_energy,8,-0.03412224810762292,0.9317831675721265,0.0
robocasa/OpenFridge,14,2400366,0,distance_progress,1,-0.05510251034860352,0.5953196821177857,0.0
robocasa/OpenFridge,14,2400366,0,distance_progress,2,-0.04691682871958003,0.7265946366481959,0.0
robocasa/OpenFridge,14,2400366,0,distance_progress,4,-0.042397960868009885,0.7990643708289731,0.0
robocasa/OpenFridge,14,2400366,0,distance_progress,8,-0.04266552370402459,0.7947734271148514,0.0
robocasa/OpenFridge,14,2400366,0,oracle_real_utility,1,-0.055102510348603514,0.5953196821177857,0.0
robocasa/OpenFridge,14,2400366,0,oracle_real_utility,2,-0.04443378836666955,0.7664155121962694,0.0
robocasa/OpenFridge,14,2400366,0,oracle_real_utility,4,-0.037597957688814077,0.8760427127254589,0.0
robocasa/OpenFridge,14,2400366,0,oracle_real_utility,8,-0.033480297293521914,0.9420782251801662,0.0
robocasa/OpenFridge,14,2410373,1,random,1,-0.04623785934870629,0.4626474474140249,0.0
robocasa/OpenFridge,14,2410373,1,random,2,-0.050102921337280934,0.35382835294916015,0.0
robocasa/OpenFridge,14,2410373,1,random,4,-0.05323603753156514,0.26561686549486874,0.0
robocasa/OpenFridge,14,2410373,1,random,8,-0.05686936876871193,0.16332204686428123,0.0
robocasa/OpenFridge,14,2410373,1,learned_wam,1,-0.046237859348706285,0.4626474474140249,0.0
robocasa/OpenFridge,14,2410373,1,learned_wam,2,-0.040985016284642045,0.6105388983887386,0.0
robocasa/OpenFridge,14,2410373,1,learned_wam,4,-0.03631496080474639,0.7420222251568911,0.0
robocasa/OpenFridge,14,2410373,1,learned_wam,8,-0.03169539274858973,0.8720841010532638,0.0
robocasa/OpenFridge,14,2410373,1,learned_physics_score,1,-0.046237859348706285,0.4626474474140249,0.0
robocasa/OpenFridge,14,2410373,1,learned_physics_score,2,-0.040985016284642045,0.6105388983887386,0.0
robocasa/OpenFridge,14,2410373,1,learned_physics_score,4,-0.03631496080474639,0.7420222251568911,0.0
robocasa/OpenFridge,14,2410373,1,learned_physics_score,8,-0.03169539274858973,0.8720841010532638,0.0
robocasa/OpenFridge,14,2410373,1,learned_energy_regularized,1,-0.046237859348706285,0.4626474474140249,0.0
robocasa/OpenFridge,14,2410373,1,learned_energy_regularized,2,-0.040422132165665856,0.6263866494200827,0.0
robocasa/OpenFridge,14,2410373,1,learned_energy_regularized,4,-0.03577428532942507,0.7572447017427124,0.0
robocasa/OpenFridge,14,2410373,1,learned_energy_regularized,8,-0.0316035177038648,0.8746708019135451,0.0
robocasa/OpenFridge,14,2410373,1,predicted_progress,1,-0.04623785934870629,0.46264744741402497,0.0
robocasa/OpenFridge,14,2410373,1,predicted_progress,2,-0.049808802603534826,0.36210913456819105,0.0
robocasa/OpenFridge,14,2410373,1,predicted_progress,4,-0.05108017764970037,0.3263141378364618,0.0
robocasa/OpenFridge,14,2410373,1,predicted_progress,8,-0.05048182783885713,0.34316040958621896,0.0
robocasa/OpenFridge,14,2410373,1,predicted_success,1,-0.04623785934870629,0.46264744741402486,0.0
robocasa/OpenFridge,14,2410373,1,predicted_success,2,-0.04623785934870629,0.46264744741402486,0.0
robocasa/OpenFridge,14,2410373,1,predicted_success,4,-0.04623785934870629,0.46264744741402486,0.0
robocasa/OpenFridge,14,2410373,1,predicted_success,8,-0.04623785934870629,0.46264744741402486,0.0
robocasa/OpenFridge,14,2410373,1,low_energy,1,-0.046237859348706285,0.4626474474140249,0.0
robocasa/OpenFridge,14,2410373,1,low_energy,2,-0.04027546487304457,0.6305160015541081,0.0
robocasa/OpenFridge,14,2410373,1,low_energy,4,-0.03565436669906652,0.7606209572345154,0.0
robocasa/OpenFridge,14,2410373,1,low_energy,8,-0.03169055743144826,0.8722202372483212,0.0
robocasa/OpenFridge,14,2410373,1,distance_progress,1,-0.04623785934870629,0.4626474474140249,0.0
robocasa/OpenFridge,14,2410373,1,distance_progress,2,-0.044446083197681965,0.5130941048840935,0.0
robocasa/OpenFridge,14,2410373,1,distance_progress,4,-0.042075503303304326,0.5798367233014302,0.0
robocasa/OpenFridge,14,2410373,1,distance_progress,8,-0.03949621912128673,0.6524553177468484,0.0
robocasa/OpenFridge,14,2410373,1,oracle_real_utility,1,-0.04623785934870629,0.4626474474140249,0.0
robocasa/OpenFridge,14,2410373,1,oracle_real_utility,2,-0.03966969282175984,0.6475712431693244,0.0
robocasa/OpenFridge,14,2410373,1,oracle_real_utility,4,-0.03433139669275406,0.7978685870310532,0.0
robocasa/OpenFridge,14,2410373,1,oracle_real_utility,8,-0.03057168691779677,0.9037215369632823,0.0
robocasa/CloseFridge,15,2500369,0,random,1,-0.053130670990449394,0.5550992846498771,0.0
robocasa/CloseFridge,15,2500369,0,random,2,-0.051923365676848174,0.5986822108103331,0.0
robocasa/CloseFridge,15,2500369,0,random,4,-0.048238218740679246,0.7317135865527331,0.0
robocasa/CloseFridge,15,2500369,0,random,8,-0.043508354070899743,0.9024585839693834,0.0
robocasa/CloseFridge,15,2500369,0,learned_wam,1,-0.053130670990449394,0.5550992846498771,0.0
robocasa/CloseFridge,15,2500369,0,learned_wam,2,-0.04997468651802311,0.6690282441895454,0.0
robocasa/CloseFridge,15,2500369,0,learned_wam,4,-0.04899149974355914,0.7045206387898671,0.0
robocasa/CloseFridge,15,2500369,0,learned_wam,8,-0.04952469146483532,0.6852727690456097,0.0
robocasa/CloseFridge,15,2500369,0,learned_physics_score,1,-0.053130670990449394,0.5550992846498771,0.0
robocasa/CloseFridge,15,2500369,0,learned_physics_score,2,-0.04997468651802311,0.6690282441895454,0.0
robocasa/CloseFridge,15,2500369,0,learned_physics_score,4,-0.04899149974355914,0.7045206387898671,0.0
robocasa/CloseFridge,15,2500369,0,learned_physics_score,8,-0.04952469146483532,0.6852727690456097,0.0
robocasa/CloseFridge,15,2500369,0,learned_energy_regularized,1,-0.053130670990449394,0.5550992846498771,0.0
robocasa/CloseFridge,15,2500369,0,learned_energy_regularized,2,-0.049028536310579254,0.7031836431289605,0.0
robocasa/CloseFridge,15,2500369,0,learned_energy_regularized,4,-0.04753949196641778,0.7569371626158046,0.0
robocasa/CloseFridge,15,2500369,0,learned_energy_regularized,8,-0.047365442334847956,0.7632202396100868,0.0
robocasa/CloseFridge,15,2500369,0,predicted_progress,1,-0.0531306709904494,0.5550992846498771,0.0
robocasa/CloseFridge,15,2500369,0,predicted_progress,2,-0.051482837083296866,0.614585002712281,0.0
robocasa/CloseFridge,15,2500369,0,predicted_progress,4,-0.05011720313895545,0.663883488097812,0.0
robocasa/CloseFridge,15,2500369,0,predicted_progress,8,-0.05029694778754774,0.6573948247422541,0.0
robocasa/CloseFridge,15,2500369,0,predicted_success,1,-0.0531306709904494,0.5550992846498771,0.0
robocasa/CloseFridge,15,2500369,0,predicted_success,2,-0.0531306709904494,0.5550992846498771,0.0
robocasa/CloseFridge,15,2500369,0,predicted_success,4,-0.0531306709904494,0.5550992846498771,0.0
robocasa/CloseFridge,15,2500369,0,predicted_success,8,-0.0531306709904494,0.5550992846498771,0.0
robocasa/CloseFridge,15,2500369,0,low_energy,1,-0.053130670990449394,0.5550992846498771,0.0
robocasa/CloseFridge,15,2500369,0,low_energy,2,-0.04891969386404957,0.7071127837173316,0.0
robocasa/CloseFridge,15,2500369,0,low_energy,4,-0.047522864490905134,0.7575374035236666,0.0
robocasa/CloseFridge,15,2500369,0,low_energy,8,-0.047363686571064316,0.7632836215255605,0.0
robocasa/CloseFridge,15,2500369,0,distance_progress,1,-0.053130670990449394,0.5550992846498771,0.0
robocasa/CloseFridge,15,2500369,0,distance_progress,2,-0.04909554901067287,0.700764528819523,0.0
robocasa/CloseFridge,15,2500369,0,distance_progress,4,-0.04451812580086183,0.866006489996086,0.0
robocasa/CloseFridge,15,2500369,0,distance_progress,8,-0.04171610809341271,0.9671574825977647,0.0
robocasa/CloseFridge,15,2500369,0,oracle_real_utility,1,-0.053130670990449394,0.5550992846498771,0.0
robocasa/CloseFridge,15,2500369,0,oracle_real_utility,2,-0.0473913121476809,0.7622863564160175,0.0
robocasa/CloseFridge,15,2500369,0,oracle_real_utility,4,-0.04338654084420849,0.9068559611733451,0.0
robocasa/CloseFridge,15,2500369,0,oracle_real_utility,8,-0.04148178171823625,0.9756165103115582,0.0
robocasa/CloseFridge,15,2510376,1,random,1,-0.04760961955647183,0.49929176597530023,0.0
robocasa/CloseFridge,15,2510376,1,random,2,-0.04506627695655586,0.5833966903224755,0.0
robocasa/CloseFridge,15,2510376,1,random,4,-0.041360050886574296,0.705956609398902,0.0
robocasa/CloseFridge,15,2510376,1,random,8,-0.03699334308469534,0.8503577723941603,0.0
robocasa/CloseFridge,15,2510376,1,learned_wam,1,-0.04760961955647183,0.4992917659753003,0.0
robocasa/CloseFridge,15,2510376,1,learned_wam,2,-0.04233631072626358,0.6736730075109905,0.0
robocasa/CloseFridge,15,2510376,1,learned_wam,4,-0.03930286914779904,0.7739848469292292,0.0
robocasa/CloseFridge,15,2510376,1,learned_wam,8,-0.038962691208365166,0.7852340745643931,0.0
robocasa/CloseFridge,15,2510376,1,learned_physics_score,1,-0.04760961955647183,0.4992917659753003,0.0
robocasa/CloseFridge,15,2510376,1,learned_physics_score,2,-0.04233631072626358,0.6736730075109905,0.0
robocasa/CloseFridge,15,2510376,1,learned_physics_score,4,-0.03930286914779904,0.7739848469292292,0.0
robocasa/CloseFridge,15,2510376,1,learned_physics_score,8,-0.038962691208365166,0.7852340745643931,0.0
robocasa/CloseFridge,15,2510376,1,learned_energy_regularized,1,-0.04760961955647183,0.49929176597530023,0.0
robocasa/CloseFridge,15,2510376,1,learned_energy_regularized,2,-0.04287089647739946,0.6559949746113543,0.0
robocasa/CloseFridge,15,2510376,1,learned_energy_regularized,4,-0.04038821467799293,0.7380939277465292,0.0
robocasa/CloseFridge,15,2510376,1,learned_energy_regularized,8,-0.0405237467352368,0.7336120646182627,0.0
robocasa/CloseFridge,15,2510376,1,predicted_progress,1,-0.04760961955647183,0.4992917659753003,0.0
robocasa/CloseFridge,15,2510376,1,predicted_progress,2,-0.046127327288973646,0.5483091807044274,0.0
robocasa/CloseFridge,15,2510376,1,predicted_progress,4,-0.04537157536510289,0.5733008819343295,0.0
robocasa/CloseFridge,15,2510376,1,predicted_progress,8,-0.044123739918498744,0.6145651244464603,0.0
robocasa/CloseFridge,15,2510376,1,predicted_success,1,-0.047609619556471826,0.49929176597530023,0.0
robocasa/CloseFridge,15,2510376,1,predicted_success,2,-0.047609619556471826,0.49929176597530023,0.0
robocasa/CloseFridge,15,2510376,1,predicted_success,4,-0.047609619556471826,0.49929176597530023,0.0
robocasa/CloseFridge,15,2510376,1,predicted_success,8,-0.047609619556471826,0.49929176597530023,0.0
robocasa/CloseFridge,15,2510376,1,low_energy,1,-0.047609619556471826,0.49929176597530023,0.0
robocasa/CloseFridge,15,2510376,1,low_energy,2,-0.04329513769088691,0.6419658873910582,0.0
robocasa/CloseFridge,15,2510376,1,low_energy,4,-0.04111564395832071,0.7140388183043687,0.0
robocasa/CloseFridge,15,2510376,1,low_energy,8,-0.04135257830794498,0.7062037175393141,0.0
robocasa/CloseFridge,15,2510376,1,distance_progress,1,-0.04760961955647183,0.4992917659753003,0.0
robocasa/CloseFridge,15,2510376,1,distance_progress,2,-0.04372995321933251,0.6275871217752488,0.0
robocasa/CloseFridge,15,2510376,1,distance_progress,4,-0.041484872720705744,0.7018289189663003,0.0
robocasa/CloseFridge,15,2510376,1,distance_progress,8,-0.0387840258158708,0.7911422991660227,0.0
robocasa/CloseFridge,15,2510376,1,oracle_real_utility,1,-0.04760961955647183,0.49929176597530023,0.0
robocasa/CloseFridge,15,2510376,1,oracle_real_utility,2,-0.04197294778139748,0.6856889321408615,0.0
robocasa/CloseFridge,15,2510376,1,oracle_real_utility,4,-0.037950957435074706,0.818690751798867,0.0
robocasa/CloseFridge,15,2510376,1,oracle_real_utility,8,-0.035337476936853456,0.905115042255441,0.0
robocasa/OpenFridgeDrawer,16,2600372,0,random,1,-0.0487353379635971,0.4114520008495834,0.0
robocasa/OpenFridgeDrawer,16,2600372,0,random,2,-0.04955451256502637,0.392520631038703,0.0
robocasa/OpenFridgeDrawer,16,2600372,0,random,4,-0.051762215290679744,0.341499961380598,0.0
robocasa/OpenFridgeDrawer,16,2600372,0,random,8,-0.05466903961946601,0.27432238257444097,0.0
robocasa/OpenFridgeDrawer,16,2600372,0,learned_wam,1,-0.048735337963597095,0.4114520008495834,0.0
robocasa/OpenFridgeDrawer,16,2600372,0,learned_wam,2,-0.04102650789445116,0.5896053671693,0.0
robocasa/OpenFridgeDrawer,16,2600372,0,learned_wam,4,-0.03382812089806138,0.7559622415556871,0.0
robocasa/OpenFridgeDrawer,16,2600372,0,learned_wam,8,-0.028548486497196164,0.877976170130419,0.0
robocasa/OpenFridgeDrawer,16,2600372,0,learned_physics_score,1,-0.048735337963597095,0.4114520008495834,0.0
robocasa/OpenFridgeDrawer,16,2600372,0,learned_physics_score,2,-0.04102650789445116,0.5896053671693,0.0
robocasa/OpenFridgeDrawer,16,2600372,0,learned_physics_score,4,-0.03382812089806138,0.7559622415556871,0.0
robocasa/OpenFridgeDrawer,16,2600372,0,learned_physics_score,8,-0.028548486497196164,0.877976170130419,0.0
robocasa/OpenFridgeDrawer,16,2600372,0,learned_energy_regularized,1,-0.048735337963597095,0.4114520008495834,0.0
robocasa/OpenFridgeDrawer,16,2600372,0,learned_energy_regularized,2,-0.042105047749909946,0.5646799888386749,0.0
robocasa/OpenFridgeDrawer,16,2600372,0,learned_energy_regularized,4,-0.0346625486739182,0.7366783663260913,0.0
robocasa/OpenFridgeDrawer,16,2600372,0,learned_energy_regularized,8,-0.028774347782327233,0.8727564483430045,0.0
robocasa/OpenFridgeDrawer,16,2600372,0,predicted_progress,1,-0.048735337963597095,0.4114520008495834,0.0
robocasa/OpenFridgeDrawer,16,2600372,0,predicted_progress,2,-0.04416645963983665,0.5170401441063575,0.0
robocasa/OpenFridgeDrawer,16,2600372,0,predicted_progress,4,-0.04252184694900339,0.5550476348067632,0.0
robocasa/OpenFridgeDrawer,16,2600372,0,predicted_progress,8,-0.041114299102656654,0.5875764861153925,0.0
robocasa/OpenFridgeDrawer,16,2600372,0,predicted_success,1,-0.04873533796359711,0.41145200084958333,0.0
robocasa/OpenFridgeDrawer,16,2600372,0,predicted_success,2,-0.04873533796359711,0.41145200084958333,0.0
robocasa/OpenFridgeDrawer,16,2600372,0,predicted_success,4,-0.04873533796359711,0.41145200084958333,0.0
robocasa/OpenFridgeDrawer,16,2600372,0,predicted_success,8,-0.04873533796359711,0.41145200084958333,0.0
robocasa/OpenFridgeDrawer,16,2600372,0,low_energy,1,-0.04873533796359711,0.4114520008495834,0.0
robocasa/OpenFridgeDrawer,16,2600372,0,low_energy,2,-0.042733217588673225,0.5501627961658067,0.0
robocasa/OpenFridgeDrawer,16,2600372,0,low_energy,4,-0.03520238212910539,0.7242026538728452,0.0
robocasa/OpenFridgeDrawer,16,2600372,0,low_energy,8,-0.02883745375730217,0.8712980504050774,0.0
robocasa/OpenFridgeDrawer,16,2600372,0,distance_progress,1,-0.048735337963597095,0.4114520008495834,0.0
robocasa/OpenFridgeDrawer,16,2600372,0,distance_progress,2,-0.043943379265435706,0.5221955982158544,0.0
robocasa/OpenFridgeDrawer,16,2600372,0,distance_progress,4,-0.042395083583848074,0.5579771740527797,0.0
robocasa/OpenFridgeDrawer,16,2600372,0,distance_progress,8,-0.041334440319245956,0.5824889568211519,0.0
robocasa/OpenFridgeDrawer,16,2600372,0,oracle_real_utility,1,-0.0487353379635971,0.4114520008495834,0.0
robocasa/OpenFridgeDrawer,16,2600372,0,oracle_real_utility,2,-0.04069674316150985,0.5972263286822742,0.0
robocasa/OpenFridgeDrawer,16,2600372,0,oracle_real_utility,4,-0.03344010862163715,0.7649293212030935,0.0
robocasa/OpenFridgeDrawer,16,2600372,0,oracle_real_utility,8,-0.028170581968468965,0.8867096567083214,0.0
robocasa/OpenFridgeDrawer,16,2610379,1,random,1,-0.05515404566107111,0.3430872417479282,0.0
robocasa/OpenFridgeDrawer,16,2610379,1,random,2,-0.05378055263005262,0.39656434772054827,0.0
robocasa/OpenFridgeDrawer,16,2610379,1,random,4,-0.05374565250358803,0.3979231880781294,0.0
robocasa/OpenFridgeDrawer,16,2610379,1,random,8,-0.054753164908368436,0.3586955790387024,0.0
robocasa/OpenFridgeDrawer,16,2610379,1,learned_wam,1,-0.055154045661071106,0.34308724174792826,0.0
robocasa/OpenFridgeDrawer,16,2610379,1,learned_wam,2,-0.05128667053225491,0.49366392829013567,0.0
robocasa/OpenFridgeDrawer,16,2610379,1,learned_wam,4,-0.04627478205097308,0.6888023712116222,0.0
robocasa/OpenFridgeDrawer,16,2610379,1,learned_wam,8,-0.04156900574545245,0.8720223020671596,0.0
robocasa/OpenFridgeDrawer,16,2610379,1,learned_physics_score,1,-0.055154045661071106,0.34308724174792826,0.0
robocasa/OpenFridgeDrawer,16,2610379,1,learned_physics_score,2,-0.05128667053225491,0.49366392829013567,0.0
robocasa/OpenFridgeDrawer,16,2610379,1,learned_physics_score,4,-0.04627478205097308,0.6888023712116222,0.0
robocasa/OpenFridgeDrawer,16,2610379,1,learned_physics_score,8,-0.04156900574545245,0.8720223020671596,0.0
robocasa/OpenFridgeDrawer,16,2610379,1,learned_energy_regularized,1,-0.055154045661071106,0.34308724174792826,0.0
robocasa/OpenFridgeDrawer,16,2610379,1,learned_energy_regularized,2,-0.051809113128745664,0.4733225669099262,0.0
robocasa/OpenFridgeDrawer,16,2610379,1,learned_energy_regularized,4,-0.04785851177010983,0.6271396760908028,0.0
robocasa/OpenFridgeDrawer,16,2610379,1,learned_energy_regularized,8,-0.043872327071297304,0.7823422266321481,0.0
robocasa/OpenFridgeDrawer,16,2610379,1,predicted_progress,1,-0.05515404566107111,0.34308724174792826,0.0
robocasa/OpenFridgeDrawer,16,2610379,1,predicted_progress,2,-0.052129140830343,0.4608622522770927,0.0
robocasa/OpenFridgeDrawer,16,2610379,1,predicted_progress,4,-0.04836430892910371,0.6074464066956837,0.0
robocasa/OpenFridgeDrawer,16,2610379,1,predicted_progress,8,-0.04404819004811103,0.7754949818079396,0.0
robocasa/OpenFridgeDrawer,16,2610379,1,predicted_success,1,-0.05515404566107111,0.34308724174792826,0.0
robocasa/OpenFridgeDrawer,16,2610379,1,predicted_success,2,-0.05515404566107111,0.34308724174792826,0.0
robocasa/OpenFridgeDrawer,16,2610379,1,predicted_success,4,-0.05515404566107111,0.34308724174792826,0.0
robocasa/OpenFridgeDrawer,16,2610379,1,predicted_success,8,-0.05515404566107111,0.34308724174792826,0.0
robocasa/OpenFridgeDrawer,16,2610379,1,low_energy,1,-0.05515404566107111,0.34308724174792826,0.0
robocasa/OpenFridgeDrawer,16,2610379,1,low_energy,2,-0.05256650441525648,0.4438334518021172,0.0
robocasa/OpenFridgeDrawer,16,2610379,1,low_energy,4,-0.051145445280273,0.49916254939391136,0.0
robocasa/OpenFridgeDrawer,16,2610379,1,low_energy,8,-0.05255951021788513,0.4441057716651046,0.0
robocasa/OpenFridgeDrawer,16,2610379,1,distance_progress,1,-0.05515404566107111,0.34308724174792826,0.0
robocasa/OpenFridgeDrawer,16,2610379,1,distance_progress,2,-0.05215743791843078,0.4597605019629577,0.0
robocasa/OpenFridgeDrawer,16,2610379,1,distance_progress,4,-0.05004226472434283,0.5421150086813562,0.0
robocasa/OpenFridgeDrawer,16,2610379,1,distance_progress,8,-0.04989631744662778,0.5477974823892832,0.0
robocasa/OpenFridgeDrawer,16,2610379,1,oracle_real_utility,1,-0.055154045661071106,0.34308724174792826,0.0
robocasa/OpenFridgeDrawer,16,2610379,1,oracle_real_utility,2,-0.050348255136827065,0.5302012374823201,0.0
robocasa/OpenFridgeDrawer,16,2610379,1,oracle_real_utility,4,-0.04525467743571634,0.7285202593852456,0.0
robocasa/OpenFridgeDrawer,16,2610379,1,oracle_real_utility,8,-0.041176396700727404,0.8873085794754995,0.0
robocasa/PickPlaceCounterToCabinet,17,2700375,0,random,1,-0.050273310391133544,0.45509537934215194,0.0
robocasa/PickPlaceCounterToCabinet,17,2700375,0,random,2,-0.05419968736116557,0.3830623886177726,0.0
robocasa/PickPlaceCounterToCabinet,17,2700375,0,random,4,-0.0586565775085128,0.30129664653702126,0.0
robocasa/PickPlaceCounterToCabinet,17,2700375,0,random,8,-0.061566271455057955,0.24791563939940042,0.0
robocasa/PickPlaceCounterToCabinet,17,2700375,0,learned_wam,1,-0.050273310391133544,0.45509537934215194,0.0
robocasa/PickPlaceCounterToCabinet,17,2700375,0,learned_wam,2,-0.044484987269747894,0.5612874818567208,0.0
robocasa/PickPlaceCounterToCabinet,17,2700375,0,learned_wam,4,-0.03783038154969562,0.6833723340666749,0.0
robocasa/PickPlaceCounterToCabinet,17,2700375,0,learned_wam,8,-0.029648123201063158,0.8334833764423919,0.0
robocasa/PickPlaceCounterToCabinet,17,2700375,0,learned_physics_score,1,-0.050273310391133544,0.45509537934215194,0.0
robocasa/PickPlaceCounterToCabinet,17,2700375,0,learned_physics_score,2,-0.044484987269747894,0.5612874818567208,0.0
robocasa/PickPlaceCounterToCabinet,17,2700375,0,learned_physics_score,4,-0.03783038154969562,0.6833723340666749,0.0
robocasa/PickPlaceCounterToCabinet,17,2700375,0,learned_physics_score,8,-0.029648123201063158,0.8334833764423919,0.0
robocasa/PickPlaceCounterToCabinet,17,2700375,0,learned_energy_regularized,1,-0.050273310391133544,0.45509537934215194,0.0
robocasa/PickPlaceCounterToCabinet,17,2700375,0,learned_energy_regularized,2,-0.04349827367911199,0.5793896486798201,0.0
robocasa/PickPlaceCounterToCabinet,17,2700375,0,learned_energy_regularized,4,-0.03684332500079334,0.7014807927740759,0.0
robocasa/PickPlaceCounterToCabinet,17,2700375,0,learned_energy_regularized,8,-0.029462705916064227,0.8368850267863116,0.0
robocasa/PickPlaceCounterToCabinet,17,2700375,0,predicted_progress,1,-0.050273310391133544,0.45509537934215194,0.0
robocasa/PickPlaceCounterToCabinet,17,2700375,0,predicted_progress,2,-0.04526631339429643,0.5469533366862784,0.0
robocasa/PickPlaceCounterToCabinet,17,2700375,0,predicted_progress,4,-0.041145987393245,0.6225445004691935,0.0
robocasa/PickPlaceCounterToCabinet,17,2700375,0,predicted_progress,8,-0.03948949505524143,0.6529343734052717,0.0
robocasa/PickPlaceCounterToCabinet,17,2700375,0,predicted_success,1,-0.050273310391133544,0.455095379342152,0.0
robocasa/PickPlaceCounterToCabinet,17,2700375,0,predicted_success,2,-0.050273310391133544,0.455095379342152,0.0
robocasa/PickPlaceCounterToCabinet,17,2700375,0,predicted_success,4,-0.050273310391133544,0.455095379342152,0.0
robocasa/PickPlaceCounterToCabinet,17,2700375,0,predicted_success,8,-0.050273310391133544,0.455095379342152,0.0
robocasa/PickPlaceCounterToCabinet,17,2700375,0,low_energy,1,-0.050273310391133544,0.455095379342152,0.0
robocasa/PickPlaceCounterToCabinet,17,2700375,0,low_energy,2,-0.04394114189146478,0.5712648246815094,0.0
robocasa/PickPlaceCounterToCabinet,17,2700375,0,low_energy,4,-0.03818492614828532,0.6768678878618106,0.0
robocasa/PickPlaceCounterToCabinet,17,2700375,0,low_energy,8,-0.031061351050921428,0.8075564139074001,0.0
robocasa/PickPlaceCounterToCabinet,17,2700375,0,distance_progress,1,-0.05027331039113354,0.455095379342152,0.0
robocasa/PickPlaceCounterToCabinet,17,2700375,0,distance_progress,2,-0.04572432726090421,0.5385506517538824,0.0
robocasa/PickPlaceCounterToCabinet,17,2700375,0,distance_progress,4,-0.04232233703145333,0.6009632862290855,0.0
robocasa/PickPlaceCounterToCabinet,17,2700375,0,distance_progress,8,-0.04230723742017142,0.601240302462553,0.0
robocasa/PickPlaceCounterToCabinet,17,2700375,0,oracle_real_utility,1,-0.050273310391133544,0.45509537934215194,0.0
robocasa/PickPlaceCounterToCabinet,17,2700375,0,oracle_real_utility,2,-0.04174341356054215,0.6115841688719285,0.0
robocasa/PickPlaceCounterToCabinet,17,2700375,0,oracle_real_utility,4,-0.03434322380060009,0.7473474448907883,0.0
robocasa/PickPlaceCounterToCabinet,17,2700375,0,oracle_real_utility,8,-0.02779303886744482,0.8675166018856895,0.0
robocasa/PickPlaceCounterToCabinet,17,2710382,1,random,1,-0.06157983737785397,0.4056541595624991,0.0
robocasa/PickPlaceCounterToCabinet,17,2710382,1,random,2,-0.06569355202833414,0.3102747728862556,0.0
robocasa/PickPlaceCounterToCabinet,17,2710382,1,random,4,-0.06912616281078063,0.23068726161106518,0.0
robocasa/PickPlaceCounterToCabinet,17,2710382,1,random,8,-0.07400819917176309,0.11749379210600977,0.0
robocasa/PickPlaceCounterToCabinet,17,2710382,1,learned_wam,1,-0.06157983737785397,0.4056541595624992,0.0
robocasa/PickPlaceCounterToCabinet,17,2710382,1,learned_wam,2,-0.05476565605188199,0.5636457780370709,0.0
robocasa/PickPlaceCounterToCabinet,17,2710382,1,learned_wam,4,-0.04781415399406172,0.7248212749024526,0.0
robocasa/PickPlaceCounterToCabinet,17,2710382,1,learned_wam,8,-0.043324386847787895,0.8289197049383719,0.0
robocasa/PickPlaceCounterToCabinet,17,2710382,1,learned_physics_score,1,-0.06157983737785397,0.4056541595624992,0.0
robocasa/PickPlaceCounterToCabinet,17,2710382,1,learned_physics_score,2,-0.05476565605188199,0.5636457780370709,0.0
robocasa/PickPlaceCounterToCabinet,17,2710382,1,learned_physics_score,4,-0.04781415399406172,0.7248212749024526,0.0
robocasa/PickPlaceCounterToCabinet,17,2710382,1,learned_physics_score,8,-0.043324386847787895,0.8289197049383719,0.0
robocasa/PickPlaceCounterToCabinet,17,2710382,1,learned_energy_regularized,1,-0.06157983737785396,0.4056541595624992,0.0
robocasa/PickPlaceCounterToCabinet,17,2710382,1,learned_energy_regularized,2,-0.054781559810295026,0.5632770381384232,0.0
robocasa/PickPlaceCounterToCabinet,17,2710382,1,learned_energy_regularized,4,-0.047824093843069876,0.7245908124657978,0.0
robocasa/PickPlaceCounterToCabinet,17,2710382,1,learned_energy_regularized,8,-0.04332527745437627,0.828899055594072,0.0
robocasa/PickPlaceCounterToCabinet,17,2710382,1,predicted_progress,1,-0.06157983737785397,0.4056541595624992,0.0
robocasa/PickPlaceCounterToCabinet,17,2710382,1,predicted_progress,2,-0.0595046548653629,0.4537687353412446,0.0
robocasa/PickPlaceCounterToCabinet,17,2710382,1,predicted_progress,4,-0.058049649241609616,0.48750407087013836,0.0
robocasa/PickPlaceCounterToCabinet,17,2710382,1,predicted_progress,8,-0.053568895419419615,0.5913935206057517,0.0
robocasa/PickPlaceCounterToCabinet,17,2710382,1,predicted_success,1,-0.06157983737785397,0.4056541595624991,0.0
robocasa/PickPlaceCounterToCabinet,17,2710382,1,predicted_success,2,-0.06157983737785397,0.4056541595624991,0.0
robocasa/PickPlaceCounterToCabinet,17,2710382,1,predicted_success,4,-0.06157983737785397,0.4056541595624991,0.0
robocasa/PickPlaceCounterToCabinet,17,2710382,1,predicted_success,8,-0.06157983737785397,0.4056541595624991,0.0
robocasa/PickPlaceCounterToCabinet,17,2710382,1,low_energy,1,-0.06157983737785396,0.4056541595624992,0.0
robocasa/PickPlaceCounterToCabinet,17,2710382,1,low_energy,2,-0.05435177995337469,0.5732417884047263,0.0
robocasa/PickPlaceCounterToCabinet,17,2710382,1,low_energy,4,-0.04678334271688636,0.7487213641768665,0.0
robocasa/PickPlaceCounterToCabinet,17,2710382,1,low_energy,8,-0.04040740205417843,0.8965520625998165,0.0
robocasa/PickPlaceCounterToCabinet,17,2710382,1,distance_progress,1,-0.06157983737785396,0.4056541595624992,0.0
robocasa/PickPlaceCounterToCabinet,17,2710382,1,distance_progress,2,-0.055276842721841274,0.5517935531745379,0.0
robocasa/PickPlaceCounterToCabinet,17,2710382,1,distance_progress,4,-0.051793459624632984,0.6325582565142163,0.0
robocasa/PickPlaceCounterToCabinet,17,2710382,1,distance_progress,8,-0.05206661476347712,0.6262249612266162,0.0
robocasa/PickPlaceCounterToCabinet,17,2710382,1,oracle_real_utility,1,-0.06157983737785396,0.4056541595624991,0.0
robocasa/PickPlaceCounterToCabinet,17,2710382,1,oracle_real_utility,2,-0.05332736455231726,0.5969935847630735,0.0
robocasa/PickPlaceCounterToCabinet,17,2710382,1,oracle_real_utility,4,-0.04563619127169489,0.7753188826154287,0.0
robocasa/PickPlaceCounterToCabinet,17,2710382,1,oracle_real_utility,8,-0.039910002937134176,0.9080846132864442,0.0
robocasa/PickPlaceCounterToDrawer,18,2800378,0,random,1,-0.05980399339992657,0.5259108415824354,0.0
robocasa/PickPlaceCounterToDrawer,18,2800378,0,random,2,-0.05746954263683645,0.5728921440391098,0.0
robocasa/PickPlaceCounterToDrawer,18,2800378,0,random,4,-0.05485790810930667,0.625451826849363,0.0
robocasa/PickPlaceCounterToDrawer,18,2800378,0,random,8,-0.05445997175647341,0.633460377916946,0.0
robocasa/PickPlaceCounterToDrawer,18,2800378,0,learned_wam,1,-0.05980399339992657,0.5259108415824354,0.0
robocasa/PickPlaceCounterToDrawer,18,2800378,0,learned_wam,2,-0.05080024990147731,0.7071130340771802,0.0
robocasa/PickPlaceCounterToDrawer,18,2800378,0,learned_wam,4,-0.04335592359522569,0.8569316343706501,0.0
robocasa/PickPlaceCounterToDrawer,18,2800378,0,learned_wam,8,-0.03857645347048548,0.9531194551049058,0.0
robocasa/PickPlaceCounterToDrawer,18,2800378,0,learned_physics_score,1,-0.05980399339992657,0.5259108415824354,0.0
robocasa/PickPlaceCounterToDrawer,18,2800378,0,learned_physics_score,2,-0.05080024990147731,0.7071130340771802,0.0
robocasa/PickPlaceCounterToDrawer,18,2800378,0,learned_physics_score,4,-0.04335592359522569,0.8569316343706501,0.0
robocasa/PickPlaceCounterToDrawer,18,2800378,0,learned_physics_score,8,-0.03857645347048548,0.9531194551049058,0.0
robocasa/PickPlaceCounterToDrawer,18,2800378,0,learned_energy_regularized,1,-0.05980399339992657,0.5259108415824354,0.0
robocasa/PickPlaceCounterToDrawer,18,2800378,0,learned_energy_regularized,2,-0.05581703521285014,0.6061491963298301,0.0
robocasa/PickPlaceCounterToDrawer,18,2800378,0,learned_energy_regularized,4,-0.04878648027619789,0.7476405625816073,0.0
robocasa/PickPlaceCounterToDrawer,18,2800378,0,learned_energy_regularized,8,-0.04095911819092496,0.9051678368254787,0.0
robocasa/PickPlaceCounterToDrawer,18,2800378,0,predicted_progress,1,-0.05980399339992657,0.5259108415824354,0.0
robocasa/PickPlaceCounterToDrawer,18,2800378,0,predicted_progress,2,-0.05389037207798753,0.6449236887724494,0.0
robocasa/PickPlaceCounterToDrawer,18,2800378,0,predicted_progress,4,-0.05255796083793929,0.671738739428098,0.0
robocasa/PickPlaceCounterToDrawer,18,2800378,0,predicted_progress,8,-0.05411518704371981,0.6403992412797666,0.0
robocasa/PickPlaceCounterToDrawer,18,2800378,0,predicted_success,1,-0.059803993399926564,0.5259108415824354,0.0
robocasa/PickPlaceCounterToDrawer,18,2800378,0,predicted_success,2,-0.059803993399926564,0.5259108415824354,0.0
robocasa/PickPlaceCounterToDrawer,18,2800378,0,predicted_success,4,-0.059803993399926564,0.5259108415824354,0.0
robocasa/PickPlaceCounterToDrawer,18,2800378,0,predicted_success,8,-0.059803993399926564,0.5259108415824354,0.0
robocasa/PickPlaceCounterToDrawer,18,2800378,0,low_energy,1,-0.05980399339992657,0.5259108415824354,0.0
robocasa/PickPlaceCounterToDrawer,18,2800378,0,low_energy,2,-0.05581703521285014,0.6061491963298301,0.0
robocasa/PickPlaceCounterToDrawer,18,2800378,0,low_energy,4,-0.04878648027619789,0.7476405625816073,0.0
robocasa/PickPlaceCounterToDrawer,18,2800378,0,low_energy,8,-0.04095911819092496,0.9051678368254787,0.0
robocasa/PickPlaceCounterToDrawer,18,2800378,0,distance_progress,1,-0.05980399339992657,0.5259108415824354,0.0
robocasa/PickPlaceCounterToDrawer,18,2800378,0,distance_progress,2,-0.05248140681841997,0.6732794048394989,0.0
robocasa/PickPlaceCounterToDrawer,18,2800378,0,distance_progress,4,-0.049828090647527135,0.7266779393080063,0.0
robocasa/PickPlaceCounterToDrawer,18,2800378,0,distance_progress,8,-0.05246242194828347,0.6736614792614941,0.0
robocasa/PickPlaceCounterToDrawer,18,2800378,0,oracle_real_utility,1,-0.05980399339992657,0.5259108415824354,0.0
robocasa/PickPlaceCounterToDrawer,18,2800378,0,oracle_real_utility,2,-0.05052288518519944,0.7126950561237754,0.0
robocasa/PickPlaceCounterToDrawer,18,2800378,0,oracle_real_utility,4,-0.04293554269711705,0.8653918865350211,0.0
robocasa/PickPlaceCounterToDrawer,18,2800378,0,oracle_real_utility,8,-0.038435670858433385,0.9559527341708156,0.0
robocasa/PickPlaceCounterToDrawer,18,2810385,1,random,1,-0.045201616403492205,0.6029592212181373,0.0
robocasa/PickPlaceCounterToDrawer,18,2810385,1,random,2,-0.04208514343525064,0.6719458263202182,0.0
robocasa/PickPlaceCounterToDrawer,18,2810385,1,random,4,-0.041581839384439885,0.6830870228437838,0.0
robocasa/PickPlaceCounterToDrawer,18,2810385,1,random,8,-0.041548284965477335,0.6838297873323541,0.0
robocasa/PickPlaceCounterToDrawer,18,2810385,1,learned_wam,1,-0.04520161640349221,0.6029592212181372,0.0
robocasa/PickPlaceCounterToDrawer,18,2810385,1,learned_wam,2,-0.03703546800362954,0.7837260241415657,0.0
robocasa/PickPlaceCounterToDrawer,18,2810385,1,learned_wam,4,-0.03191607201783752,0.8970495641921261,0.0
robocasa/PickPlaceCounterToDrawer,18,2810385,1,learned_wam,8,-0.02954046368952163,0.9496363041679947,0.0
robocasa/PickPlaceCounterToDrawer,18,2810385,1,learned_physics_score,1,-0.04520161640349221,0.6029592212181372,0.0
robocasa/PickPlaceCounterToDrawer,18,2810385,1,learned_physics_score,2,-0.03703546800362954,0.7837260241415657,0.0
robocasa/PickPlaceCounterToDrawer,18,2810385,1,learned_physics_score,4,-0.03191607201783752,0.8970495641921261,0.0
robocasa/PickPlaceCounterToDrawer,18,2810385,1,learned_physics_score,8,-0.02954046368952163,0.9496363041679947,0.0
robocasa/PickPlaceCounterToDrawer,18,2810385,1,learned_energy_regularized,1,-0.04520161640349221,0.6029592212181372,0.0
robocasa/PickPlaceCounterToDrawer,18,2810385,1,learned_energy_regularized,2,-0.03775015807716165,0.76790556223621,0.0
robocasa/PickPlaceCounterToDrawer,18,2810385,1,learned_energy_regularized,4,-0.03334405716405768,0.8654395202810083,0.0
robocasa/PickPlaceCounterToDrawer,18,2810385,1,learned_energy_regularized,8,-0.03129462801589249,0.9108059203011376,0.0
robocasa/PickPlaceCounterToDrawer,18,2810385,1,predicted_progress,1,-0.04520161640349221,0.6029592212181372,0.0
robocasa/PickPlaceCounterToDrawer,18,2810385,1,predicted_progress,2,-0.03824334409329778,0.7569883396952911,0.0
robocasa/PickPlaceCounterToDrawer,18,2810385,1,predicted_progress,4,-0.032980969580383615,0.8734768689144299,0.0
robocasa/PickPlaceCounterToDrawer,18,2810385,1,predicted_progress,8,-0.030414564101641443,0.930287116620092,0.0
robocasa/PickPlaceCounterToDrawer,18,2810385,1,predicted_success,1,-0.04520161640349221,0.6029592212181372,0.0
robocasa/PickPlaceCounterToDrawer,18,2810385,1,predicted_success,2,-0.04520161640349221,0.6029592212181372,0.0
robocasa/PickPlaceCounterToDrawer,18,2810385,1,predicted_success,4,-0.04520161640349221,0.6029592212181372,0.0
robocasa/PickPlaceCounterToDrawer,18,2810385,1,predicted_success,8,-0.04520161640349221,0.6029592212181372,0.0
robocasa/PickPlaceCounterToDrawer,18,2810385,1,low_energy,1,-0.04520161640349221,0.6029592212181372,0.0
robocasa/PickPlaceCounterToDrawer,18,2810385,1,low_energy,2,-0.03950058980896585,0.7291578035132255,0.0
robocasa/PickPlaceCounterToDrawer,18,2810385,1,low_energy,4,-0.03490929068691597,0.8307913304733843,0.0
robocasa/PickPlaceCounterToDrawer,18,2810385,1,low_energy,8,-0.03162356928758698,0.9035244383683845,0.0
robocasa/PickPlaceCounterToDrawer,18,2810385,1,distance_progress,1,-0.04520161640349221,0.6029592212181372,0.0
robocasa/PickPlaceCounterToDrawer,18,2810385,1,distance_progress,2,-0.041227551755819304,0.6909295746570895,0.0
robocasa/PickPlaceCounterToDrawer,18,2810385,1,distance_progress,4,-0.0371275425893849,0.7816878504907201,0.0
robocasa/PickPlaceCounterToDrawer,18,2810385,1,distance_progress,8,-0.032020301096871304,0.8947423372760801,0.0
robocasa/PickPlaceCounterToDrawer,18,2810385,1,oracle_real_utility,1,-0.04520161640349221,0.6029592212181372,0.0
robocasa/PickPlaceCounterToDrawer,18,2810385,1,oracle_real_utility,2,-0.036978132302772374,0.7849952138292646,0.0
robocasa/PickPlaceCounterToDrawer,18,2810385,1,oracle_real_utility,4,-0.03165179027169899,0.9028997354088637,0.0
robocasa/PickPlaceCounterToDrawer,18,2810385,1,oracle_real_utility,8,-0.02878290756188026,0.9664056539916015,0.0
robocasa/PickPlaceCounterToMicrowave,19,2900381,0,random,1,-0.05847462320062281,0.3602843432382566,0.0
robocasa/PickPlaceCounterToMicrowave,19,2900381,0,random,2,-0.059179659218129135,0.33768680376679766,0.0
robocasa/PickPlaceCounterToMicrowave,19,2900381,0,random,4,-0.05885604403918002,0.3480591912736534,0.0
robocasa/PickPlaceCounterToMicrowave,19,2900381,0,random,8,-0.06018217903246963,0.3055544296568812,0.0
robocasa/PickPlaceCounterToMicrowave,19,2900381,0,learned_wam,1,-0.058474623200622806,0.3602843432382566,0.0
robocasa/PickPlaceCounterToMicrowave,19,2900381,0,learned_wam,2,-0.05378899330555666,0.5104663252551602,0.0
robocasa/PickPlaceCounterToMicrowave,19,2900381,0,learned_wam,4,-0.047615524855197114,0.7083359283943408,0.0
robocasa/PickPlaceCounterToMicrowave,19,2900381,0,learned_wam,8,-0.04167330214047785,0.8987937333998312,0.0
robocasa/PickPlaceCounterToMicrowave,19,2900381,0,learned_physics_score,1,-0.058474623200622806,0.3602843432382566,0.0
robocasa/PickPlaceCounterToMicrowave,19,2900381,0,learned_physics_score,2,-0.05378899330555666,0.5104663252551602,0.0
robocasa/PickPlaceCounterToMicrowave,19,2900381,0,learned_physics_score,4,-0.047615524855197114,0.7083359283943408,0.0
robocasa/PickPlaceCounterToMicrowave,19,2900381,0,learned_physics_score,8,-0.04167330214047785,0.8987937333998312,0.0
robocasa/PickPlaceCounterToMicrowave,19,2900381,0,learned_energy_regularized,1,-0.0584746232006228,0.3602843432382566,0.0
robocasa/PickPlaceCounterToMicrowave,19,2900381,0,learned_energy_regularized,2,-0.05403611651442364,0.5025456285417687,0.0
robocasa/PickPlaceCounterToMicrowave,19,2900381,0,learned_energy_regularized,4,-0.047924241716915866,0.6984410559410594,0.0
robocasa/PickPlaceCounterToMicrowave,19,2900381,0,learned_energy_regularized,8,-0.04176970970491335,0.8957037157431674,0.0
robocasa/PickPlaceCounterToMicrowave,19,2900381,0,predicted_progress,1,-0.05847462320062281,0.3602843432382566,0.0
robocasa/PickPlaceCounterToMicrowave,19,2900381,0,predicted_progress,2,-0.05691853551158499,0.41015945897837913,0.0
robocasa/PickPlaceCounterToMicrowave,19,2900381,0,predicted_progress,4,-0.05568724306765569,0.44962436419132656,0.0
robocasa/PickPlaceCounterToMicrowave,19,2900381,0,predicted_progress,8,-0.05599792572302479,0.43966648488661764,0.0
robocasa/PickPlaceCounterToMicrowave,19,2900381,0,predicted_success,1,-0.0584746232006228,0.36028434323825653,0.0
robocasa/PickPlaceCounterToMicrowave,19,2900381,0,predicted_success,2,-0.0584746232006228,0.36028434323825653,0.0
robocasa/PickPlaceCounterToMicrowave,19,2900381,0,predicted_success,4,-0.0584746232006228,0.36028434323825653,0.0
robocasa/PickPlaceCounterToMicrowave,19,2900381,0,predicted_success,8,-0.0584746232006228,0.36028434323825653,0.0
robocasa/PickPlaceCounterToMicrowave,19,2900381,0,low_energy,1,-0.0584746232006228,0.3602843432382566,0.0
robocasa/PickPlaceCounterToMicrowave,19,2900381,0,low_energy,2,-0.05407195440057138,0.5013969665916149,0.0
robocasa/PickPlaceCounterToMicrowave,19,2900381,0,low_energy,4,-0.0479550399003241,0.6974539245776461,0.0
robocasa/PickPlaceCounterToMicrowave,19,2900381,0,low_energy,8,-0.04177330998083689,0.8955883211033615,0.0
robocasa/PickPlaceCounterToMicrowave,19,2900381,0,distance_progress,1,-0.05847462320062281,0.3602843432382566,0.0
robocasa/PickPlaceCounterToMicrowave,19,2900381,0,distance_progress,2,-0.05765467223031227,0.38656509196055433,0.0
robocasa/PickPlaceCounterToMicrowave,19,2900381,0,distance_progress,4,-0.06088949297821912,0.28288387891775674,0.0
robocasa/PickPlaceCounterToMicrowave,19,2900381,0,distance_progress,8,-0.06485122435331478,0.15590400994498166,0.0
robocasa/PickPlaceCounterToMicrowave,19,2900381,0,oracle_real_utility,1,-0.05847462320062281,0.36028434323825653,0.0
robocasa/PickPlaceCounterToMicrowave,19,2900381,0,oracle_real_utility,2,-0.05251588768852555,0.5512714099853712,0.0
robocasa/PickPlaceCounterToMicrowave,19,2900381,0,oracle_real_utility,4,-0.046071994470662514,0.7578085623078326,0.0
robocasa/PickPlaceCounterToMicrowave,19,2900381,0,oracle_real_utility,8,-0.04097366218800799,0.9212183202991879,0.0
robocasa/PickPlaceCounterToMicrowave,19,2910388,1,random,1,-0.047050305855816335,0.5021902330699759,0.0
robocasa/PickPlaceCounterToMicrowave,19,2910388,1,random,2,-0.04863733236670738,0.47590304504156866,0.0
robocasa/PickPlaceCounterToMicrowave,19,2910388,1,random,4,-0.051822537271872485,0.423143951430669,0.0
robocasa/PickPlaceCounterToMicrowave,19,2910388,1,random,8,-0.05957611761785159,0.29471520556574987,0.0
robocasa/PickPlaceCounterToMicrowave,19,2910388,1,learned_wam,1,-0.047050305855816335,0.5021902330699759,0.0
robocasa/PickPlaceCounterToMicrowave,19,2910388,1,learned_wam,2,-0.03969327114871053,0.624050676704673,0.0
robocasa/PickPlaceCounterToMicrowave,19,2910388,1,learned_wam,4,-0.03310537049983029,0.7331713384460758,0.0
robocasa/PickPlaceCounterToMicrowave,19,2910388,1,learned_wam,8,-0.026111476836857682,0.8490167868412781,0.0
robocasa/PickPlaceCounterToMicrowave,19,2910388,1,learned_physics_score,1,-0.047050305855816335,0.5021902330699759,0.0
robocasa/PickPlaceCounterToMicrowave,19,2910388,1,learned_physics_score,2,-0.03969327114871053,0.624050676704673,0.0
robocasa/PickPlaceCounterToMicrowave,19,2910388,1,learned_physics_score,4,-0.03310537049983029,0.7331713384460758,0.0
robocasa/PickPlaceCounterToMicrowave,19,2910388,1,learned_physics_score,8,-0.026111476836857682,0.8490167868412781,0.0
robocasa/PickPlaceCounterToMicrowave,19,2910388,1,learned_energy_regularized,1,-0.047050305855816335,0.5021902330699759,0.0
robocasa/PickPlaceCounterToMicrowave,19,2910388,1,learned_energy_regularized,2,-0.039622230763423825,0.6252273753627147,0.0
robocasa/PickPlaceCounterToMicrowave,19,2910388,1,learned_energy_regularized,4,-0.03285099715591669,0.7373847273686825,0.0
robocasa/PickPlaceCounterToMicrowave,19,2910388,1,learned_energy_regularized,8,-0.025693939759769833,0.8559327870334094,0.0
robocasa/PickPlaceCounterToMicrowave,19,2910388,1,predicted_progress,1,-0.047050305855816335,0.5021902330699759,0.0
robocasa/PickPlaceCounterToMicrowave,19,2910388,1,predicted_progress,2,-0.04589830769467208,0.5212716989828394,0.0
robocasa/PickPlaceCounterToMicrowave,19,2910388,1,predicted_progress,4,-0.04483024576639957,0.5389628620111868,0.0
robocasa/PickPlaceCounterToMicrowave,19,2910388,1,predicted_progress,8,-0.044900431958662224,0.5378003120346457,0.0
robocasa/PickPlaceCounterToMicrowave,19,2910388,1,predicted_success,1,-0.047050305855816335,0.5021902330699759,0.0
robocasa/PickPlaceCounterToMicrowave,19,2910388,1,predicted_success,2,-0.047050305855816335,0.5021902330699759,0.0
robocasa/PickPlaceCounterToMicrowave,19,2910388,1,predicted_success,4,-0.047050305855816335,0.5021902330699759,0.0
robocasa/PickPlaceCounterToMicrowave,19,2910388,1,predicted_success,8,-0.047050305855816335,0.5021902330699759,0.0
robocasa/PickPlaceCounterToMicrowave,19,2910388,1,low_energy,1,-0.047050305855816335,0.5021902330699759,0.0
robocasa/PickPlaceCounterToMicrowave,19,2910388,1,low_energy,2,-0.039622230763423825,0.6252273753627147,0.0
robocasa/PickPlaceCounterToMicrowave,19,2910388,1,low_energy,4,-0.03285099715591669,0.7373847273686825,0.0
robocasa/PickPlaceCounterToMicrowave,19,2910388,1,low_energy,8,-0.025693939759769833,0.8559327870334094,0.0
robocasa/PickPlaceCounterToMicrowave,19,2910388,1,distance_progress,1,-0.047050305855816335,0.5021902330699759,0.0
robocasa/PickPlaceCounterToMicrowave,19,2910388,1,distance_progress,2,-0.043724361477535084,0.5572805070155669,0.0
robocasa/PickPlaceCounterToMicrowave,19,2910388,1,distance_progress,4,-0.03984102509131381,0.6216033101077719,0.0
robocasa/PickPlaceCounterToMicrowave,19,2910388,1,distance_progress,8,-0.03842664974106118,0.6450307390257429,0.0
robocasa/PickPlaceCounterToMicrowave,19,2910388,1,oracle_real_utility,1,-0.047050305855816335,0.5021902330699759,0.0
robocasa/PickPlaceCounterToMicrowave,19,2910388,1,oracle_real_utility,2,-0.03878019811009269,0.6391746349278661,0.0
robocasa/PickPlaceCounterToMicrowave,19,2910388,1,oracle_real_utility,4,-0.03217000243333339,0.7486645870282728,0.0
robocasa/PickPlaceCounterToMicrowave,19,2910388,1,oracle_real_utility,8,-0.02554749067182674,0.8583585402800816,0.0
robocasa/PickPlaceCounterToSink,20,3000384,0,random,1,-0.05708844768274445,0.4352623905299924,0.0
robocasa/PickPlaceCounterToSink,20,3000384,0,random,2,-0.05597503793374567,0.45943461183945344,0.0
robocasa/PickPlaceCounterToSink,20,3000384,0,random,4,-0.05557219071174348,0.4681804596397761,0.0
robocasa/PickPlaceCounterToSink,20,3000384,0,random,8,-0.052564500033661074,0.5334776826669573,0.0
robocasa/PickPlaceCounterToSink,20,3000384,0,learned_wam,1,-0.05708844768274446,0.4352623905299923,0.0
robocasa/PickPlaceCounterToSink,20,3000384,0,learned_wam,2,-0.055232448830325735,0.47555628507430925,0.0
robocasa/PickPlaceCounterToSink,20,3000384,0,learned_wam,4,-0.05195082997815255,0.5468005122955645,0.0
robocasa/PickPlaceCounterToSink,20,3000384,0,learned_wam,8,-0.04864129400443368,0.6186508226240788,0.0
robocasa/PickPlaceCounterToSink,20,3000384,0,learned_physics_score,1,-0.05708844768274446,0.4352623905299923,0.0
robocasa/PickPlaceCounterToSink,20,3000384,0,learned_physics_score,2,-0.055232448830325735,0.47555628507430925,0.0
robocasa/PickPlaceCounterToSink,20,3000384,0,learned_physics_score,4,-0.05195082997815255,0.5468005122955645,0.0
robocasa/PickPlaceCounterToSink,20,3000384,0,learned_physics_score,8,-0.04864129400443368,0.6186508226240788,0.0
robocasa/PickPlaceCounterToSink,20,3000384,0,learned_energy_regularized,1,-0.05708844768274445,0.4352623905299923,0.0
robocasa/PickPlaceCounterToSink,20,3000384,0,learned_energy_regularized,2,-0.05371374951116611,0.5085273777724517,0.0
robocasa/PickPlaceCounterToSink,20,3000384,0,learned_energy_regularized,4,-0.04836903799773046,0.6245615239205048,0.0
robocasa/PickPlaceCounterToSink,20,3000384,0,learned_energy_regularized,8,-0.04455189351680206,0.7074320585517677,0.0
robocasa/PickPlaceCounterToSink,20,3000384,0,predicted_progress,1,-0.05708844768274446,0.4352623905299923,0.0
robocasa/PickPlaceCounterToSink,20,3000384,0,predicted_progress,2,-0.05838976528990868,0.407010673475639,0.0
robocasa/PickPlaceCounterToSink,20,3000384,0,predicted_progress,4,-0.06157714367353204,0.3378124149232787,0.0
robocasa/PickPlaceCounterToSink,20,3000384,0,predicted_progress,8,-0.06688270417205062,0.22262824067273818,0.0
robocasa/PickPlaceCounterToSink,20,3000384,0,predicted_success,1,-0.05708844768274446,0.43526239052999227,0.0
robocasa/PickPlaceCounterToSink,20,3000384,0,predicted_success,2,-0.05708844768274446,0.43526239052999227,0.0
robocasa/PickPlaceCounterToSink,20,3000384,0,predicted_success,4,-0.05708844768274446,0.43526239052999227,0.0
robocasa/PickPlaceCounterToSink,20,3000384,0,predicted_success,8,-0.05708844768274446,0.43526239052999227,0.0
robocasa/PickPlaceCounterToSink,20,3000384,0,low_energy,1,-0.05708844768274445,0.4352623905299923,0.0
robocasa/PickPlaceCounterToSink,20,3000384,0,low_energy,2,-0.05384104649033032,0.5057637494180655,0.0
robocasa/PickPlaceCounterToSink,20,3000384,0,low_energy,4,-0.04825975840470746,0.6269339932737998,0.0
robocasa/PickPlaceCounterToSink,20,3000384,0,low_energy,8,-0.04413979567909613,0.7163787380137858,0.0
robocasa/PickPlaceCounterToSink,20,3000384,0,distance_progress,1,-0.05708844768274445,0.4352623905299923,0.0
robocasa/PickPlaceCounterToSink,20,3000384,0,distance_progress,2,-0.050126929679498625,0.5863975444798978,0.0
robocasa/PickPlaceCounterToSink,20,3000384,0,distance_progress,4,-0.0447491813614144,0.7031489224952312,0.0
robocasa/PickPlaceCounterToSink,20,3000384,0,distance_progress,8,-0.03915721776723899,0.8245509325588288,0.0
robocasa/PickPlaceCounterToSink,20,3000384,0,oracle_real_utility,1,-0.05708844768274445,0.4352623905299923,0.0
robocasa/PickPlaceCounterToSink,20,3000384,0,oracle_real_utility,2,-0.048847901725383086,0.6141653512515464,0.0
robocasa/PickPlaceCounterToSink,20,3000384,0,oracle_real_utility,4,-0.041901233564025316,0.7649781138582363,0.0
robocasa/PickPlaceCounterToSink,20,3000384,0,oracle_real_utility,8,-0.03654874387236263,0.8811811249238612,0.0
robocasa/PickPlaceCounterToSink,20,3010391,1,random,1,-0.06268526079467564,0.5665402548466961,0.0
robocasa/PickPlaceCounterToSink,20,3010391,1,random,2,-0.06113307025329373,0.6118268141418595,0.0
robocasa/PickPlaceCounterToSink,20,3010391,1,random,4,-0.062157285020427014,0.5819444243538965,0.0
robocasa/PickPlaceCounterToSink,20,3010391,1,random,8,-0.06426811128451775,0.5203591638964867,0.0
robocasa/PickPlaceCounterToSink,20,3010391,1,learned_wam,1,-0.06268526079467564,0.5665402548466962,0.0
robocasa/PickPlaceCounterToSink,20,3010391,1,learned_wam,2,-0.056456703017545934,0.7482640468537065,0.0
robocasa/PickPlaceCounterToSink,20,3010391,1,learned_wam,4,-0.05119179329134829,0.9018725376559111,0.0
robocasa/PickPlaceCounterToSink,20,3010391,1,learned_wam,8,-0.04891548049466203,0.9682860169892499,0.0
robocasa/PickPlaceCounterToSink,20,3010391,1,learned_physics_score,1,-0.06268526079467564,0.5665402548466962,0.0
robocasa/PickPlaceCounterToSink,20,3010391,1,learned_physics_score,2,-0.056456703017545934,0.7482640468537065,0.0
robocasa/PickPlaceCounterToSink,20,3010391,1,learned_physics_score,4,-0.05119179329134829,0.9018725376559111,0.0
robocasa/PickPlaceCounterToSink,20,3010391,1,learned_physics_score,8,-0.04891548049466203,0.9682860169892499,0.0
robocasa/PickPlaceCounterToSink,20,3010391,1,learned_energy_regularized,1,-0.06268526079467562,0.5665402548466962,0.0
robocasa/PickPlaceCounterToSink,20,3010391,1,learned_energy_regularized,2,-0.05648752022694167,0.7473649269689989,0.0
robocasa/PickPlaceCounterToSink,20,3010391,1,learned_energy_regularized,4,-0.05124055190467254,0.9004499611264261,0.0
robocasa/PickPlaceCounterToSink,20,3010391,1,learned_energy_regularized,8,-0.0488909707999827,0.9690011094420189,0.0
robocasa/PickPlaceCounterToSink,20,3010391,1,predicted_progress,1,-0.06268526079467565,0.5665402548466961,0.0
robocasa/PickPlaceCounterToSink,20,3010391,1,predicted_progress,2,-0.057535771599228465,0.7167812475419626,0.0
robocasa/PickPlaceCounterToSink,20,3010391,1,predicted_progress,4,-0.05392567886581828,0.8221089597486517,0.0
robocasa/PickPlaceCounterToSink,20,3010391,1,predicted_progress,8,-0.05166224116729763,0.888146796478223,0.0
robocasa/PickPlaceCounterToSink,20,3010391,1,predicted_success,1,-0.06268526079467564,0.5665402548466961,0.0
robocasa/PickPlaceCounterToSink,20,3010391,1,predicted_success,2,-0.06268526079467564,0.5665402548466961,0.0
robocasa/PickPlaceCounterToSink,20,3010391,1,predicted_success,4,-0.06268526079467564,0.5665402548466961,0.0
robocasa/PickPlaceCounterToSink,20,3010391,1,predicted_success,8,-0.06268526079467564,0.5665402548466961,0.0
robocasa/PickPlaceCounterToSink,20,3010391,1,low_energy,1,-0.06268526079467565,0.5665402548466962,0.0
robocasa/PickPlaceCounterToSink,20,3010391,1,low_energy,2,-0.0589093873334446,0.67670476934041,0.0
robocasa/PickPlaceCounterToSink,20,3010391,1,low_energy,4,-0.05344733950732175,0.8360649420486581,0.0
robocasa/PickPlaceCounterToSink,20,3010391,1,low_energy,8,-0.049409929947376585,0.9538600081573163,0.0
robocasa/PickPlaceCounterToSink,20,3010391,1,distance_progress,1,-0.06268526079467565,0.5665402548466961,0.0
robocasa/PickPlaceCounterToSink,20,3010391,1,distance_progress,2,-0.05665893959450421,0.7423636122808238,0.0
robocasa/PickPlaceCounterToSink,20,3010391,1,distance_progress,4,-0.05315555916689006,0.8445778966994182,0.0
robocasa/PickPlaceCounterToSink,20,3010391,1,distance_progress,8,-0.05149517853298953,0.8930209995434369,0.0
robocasa/PickPlaceCounterToSink,20,3010391,1,oracle_real_utility,1,-0.06268526079467564,0.5665402548466962,0.0
robocasa/PickPlaceCounterToSink,20,3010391,1,oracle_real_utility,2,-0.05546792075000244,0.77711266150204,0.0
robocasa/PickPlaceCounterToSink,20,3010391,1,oracle_real_utility,4,-0.0506768080659397,0.9168976961817683,0.0
robocasa/PickPlaceCounterToSink,20,3010391,1,oracle_real_utility,8,-0.04875416617861408,0.9729925076835946,0.0
robocasa/PickPlaceCounterToStove,21,3100387,0,random,1,-0.051265379479868055,0.5116992305967369,0.0
robocasa/PickPlaceCounterToStove,21,3100387,0,random,2,-0.05129112462043141,0.511212563398034,0.0
robocasa/PickPlaceCounterToStove,21,3100387,0,random,4,-0.053233632960383026,0.47449281467749826,0.0
robocasa/PickPlaceCounterToStove,21,3100387,0,random,8,-0.05344346248030432,0.47052635178660923,0.0
robocasa/PickPlaceCounterToStove,21,3100387,0,learned_wam,1,-0.051265379479868055,0.5116992305967369,0.0
robocasa/PickPlaceCounterToStove,21,3100387,0,learned_wam,2,-0.04344823432909898,0.6594687921191056,0.0
robocasa/PickPlaceCounterToStove,21,3100387,0,learned_wam,4,-0.036910722568102496,0.7830491053584901,0.0
robocasa/PickPlaceCounterToStove,21,3100387,0,learned_wam,8,-0.03138691453255156,0.8874671090675289,0.0
robocasa/PickPlaceCounterToStove,21,3100387,0,learned_physics_score,1,-0.051265379479868055,0.5116992305967369,0.0
robocasa/PickPlaceCounterToStove,21,3100387,0,learned_physics_score,2,-0.04344823432909898,0.6594687921191056,0.0
robocasa/PickPlaceCounterToStove,21,3100387,0,learned_physics_score,4,-0.036910722568102496,0.7830491053584901,0.0
robocasa/PickPlaceCounterToStove,21,3100387,0,learned_physics_score,8,-0.03138691453255156,0.8874671090675289,0.0
robocasa/PickPlaceCounterToStove,21,3100387,0,learned_energy_regularized,1,-0.051265379479868055,0.5116992305967369,0.0
robocasa/PickPlaceCounterToStove,21,3100387,0,learned_energy_regularized,2,-0.043980545199929715,0.6494063789926832,0.0
robocasa/PickPlaceCounterToStove,21,3100387,0,learned_energy_regularized,4,-0.03736817722272266,0.774401719077971,0.0
robocasa/PickPlaceCounterToStove,21,3100387,0,learned_energy_regularized,8,-0.03144039051057634,0.8864562385166701,0.0
robocasa/PickPlaceCounterToStove,21,3100387,0,predicted_progress,1,-0.051265379479868055,0.5116992305967369,0.0
robocasa/PickPlaceCounterToStove,21,3100387,0,predicted_progress,2,-0.044392638939843805,0.6416164620756069,0.0
robocasa/PickPlaceCounterToStove,21,3100387,0,predicted_progress,4,-0.0416962613164019,0.6925868011738305,0.0
robocasa/PickPlaceCounterToStove,21,3100387,0,predicted_progress,8,-0.04162490223373032,0.693935720779856,0.0
robocasa/PickPlaceCounterToStove,21,3100387,0,predicted_success,1,-0.05126537947986805,0.5116992305967369,0.0
robocasa/PickPlaceCounterToStove,21,3100387,0,predicted_success,2,-0.05126537947986805,0.5116992305967369,0.0
robocasa/PickPlaceCounterToStove,21,3100387,0,predicted_success,4,-0.05126537947986805,0.5116992305967369,0.0
robocasa/PickPlaceCounterToStove,21,3100387,0,predicted_success,8,-0.05126537947986805,0.5116992305967369,0.0
robocasa/PickPlaceCounterToStove,21,3100387,0,low_energy,1,-0.051265379479868055,0.5116992305967369,0.0
robocasa/PickPlaceCounterToStove,21,3100387,0,low_energy,2,-0.043980545199929715,0.6494063789926832,0.0
robocasa/PickPlaceCounterToStove,21,3100387,0,low_energy,4,-0.03736817722272266,0.774401719077971,0.0
robocasa/PickPlaceCounterToStove,21,3100387,0,low_energy,8,-0.03144039051057634,0.8864562385166701,0.0
robocasa/PickPlaceCounterToStove,21,3100387,0,distance_progress,1,-0.051265379479868055,0.5116992305967369,0.0
robocasa/PickPlaceCounterToStove,21,3100387,0,distance_progress,2,-0.04429380675149244,0.6434847130617792,0.0
robocasa/PickPlaceCounterToStove,21,3100387,0,distance_progress,4,-0.03861665384979722,0.7508014353176543,0.0
robocasa/PickPlaceCounterToStove,21,3100387,0,distance_progress,8,-0.032710765375633485,0.8624420065741987,0.0
robocasa/PickPlaceCounterToStove,21,3100387,0,oracle_real_utility,1,-0.051265379479868055,0.5116992305967369,0.0
robocasa/PickPlaceCounterToStove,21,3100387,0,oracle_real_utility,2,-0.0428440850997566,0.6708891847294715,0.0
robocasa/PickPlaceCounterToStove,21,3100387,0,oracle_real_utility,4,-0.036418238583207294,0.7923586603304346,0.0
robocasa/PickPlaceCounterToStove,21,3100387,0,oracle_real_utility,8,-0.03114192744529399,0.8920981647489156,0.0
robocasa/PickPlaceCounterToStove,21,3110394,1,random,1,-0.07007426962207815,0.7192747956269989,0.0
robocasa/PickPlaceCounterToStove,21,3110394,1,random,2,-0.07172660197285421,0.6883660605503807,0.0
robocasa/PickPlaceCounterToStove,21,3110394,1,random,4,-0.0707615578390818,0.7064182965027941,0.0
robocasa/PickPlaceCounterToStove,21,3110394,1,random,8,-0.07103336053850555,0.7013339213008851,0.0
robocasa/PickPlaceCounterToStove,21,3110394,1,learned_wam,1,-0.07007426962207815,0.7192747956269988,0.0
robocasa/PickPlaceCounterToStove,21,3110394,1,learned_wam,2,-0.06354432575251945,0.8414247402398831,0.0
robocasa/PickPlaceCounterToStove,21,3110394,1,learned_wam,4,-0.05945489792591861,0.9179220873068864,0.0
robocasa/PickPlaceCounterToStove,21,3110394,1,learned_wam,8,-0.056426711472264385,0.9745677208651956,0.0
robocasa/PickPlaceCounterToStove,21,3110394,1,learned_physics_score,1,-0.07007426962207815,0.7192747956269988,0.0
robocasa/PickPlaceCounterToStove,21,3110394,1,learned_physics_score,2,-0.06354432575251945,0.8414247402398831,0.0
robocasa/PickPlaceCounterToStove,21,3110394,1,learned_physics_score,4,-0.05945489792591861,0.9179220873068864,0.0
robocasa/PickPlaceCounterToStove,21,3110394,1,learned_physics_score,8,-0.056426711472264385,0.9745677208651956,0.0
robocasa/PickPlaceCounterToStove,21,3110394,1,learned_energy_regularized,1,-0.07007426962207813,0.7192747956269988,0.0
robocasa/PickPlaceCounterToStove,21,3110394,1,learned_energy_regularized,2,-0.0640058484026165,0.8327914399737422,0.0
robocasa/PickPlaceCounterToStove,21,3110394,1,learned_energy_regularized,4,-0.06038496082218346,0.9005242147470831,0.0
robocasa/PickPlaceCounterToStove,21,3110394,1,learned_energy_regularized,8,-0.057129693014190436,0.9614176604473027,0.0
robocasa/PickPlaceCounterToStove,21,3110394,1,predicted_progress,1,-0.07007426962207813,0.7192747956269988,0.0
robocasa/PickPlaceCounterToStove,21,3110394,1,predicted_progress,2,-0.0681128662070247,0.7559650525875828,0.0
robocasa/PickPlaceCounterToStove,21,3110394,1,predicted_progress,4,-0.0639281371337699,0.8342451166630109,0.0
robocasa/PickPlaceCounterToStove,21,3110394,1,predicted_progress,8,-0.0591251806871875,0.9240898191057265,0.0
robocasa/PickPlaceCounterToStove,21,3110394,1,predicted_success,1,-0.07007426962207813,0.7192747956269988,0.0
robocasa/PickPlaceCounterToStove,21,3110394,1,predicted_success,2,-0.07007426962207813,0.7192747956269988,0.0
robocasa/PickPlaceCounterToStove,21,3110394,1,predicted_success,4,-0.07007426962207813,0.7192747956269988,0.0
robocasa/PickPlaceCounterToStove,21,3110394,1,predicted_success,8,-0.07007426962207813,0.7192747956269988,0.0
robocasa/PickPlaceCounterToStove,21,3110394,1,low_energy,1,-0.07007426962207813,0.7192747956269988,0.0
robocasa/PickPlaceCounterToStove,21,3110394,1,low_energy,2,-0.06414419043207917,0.8302035967129026,0.0
robocasa/PickPlaceCounterToStove,21,3110394,1,low_energy,4,-0.06050384850375294,0.8983002869447991,0.0
robocasa/PickPlaceCounterToStove,21,3110394,1,low_energy,8,-0.05714359086173186,0.9611576855774823,0.0
robocasa/PickPlaceCounterToStove,21,3110394,1,distance_progress,1,-0.07007426962207813,0.7192747956269989,0.0
robocasa/PickPlaceCounterToStove,21,3110394,1,distance_progress,2,-0.06417038440400576,0.8297136090064323,0.0
robocasa/PickPlaceCounterToStove,21,3110394,1,distance_progress,4,-0.06248154462722146,0.8613052565481407,0.0
robocasa/PickPlaceCounterToStove,21,3110394,1,distance_progress,8,-0.06178370342462841,0.8743591611372303,0.0
robocasa/PickPlaceCounterToStove,21,3110394,1,oracle_real_utility,1,-0.07007426962207813,0.7192747956269988,0.0
robocasa/PickPlaceCounterToStove,21,3110394,1,oracle_real_utility,2,-0.062215422355659945,0.8662833729578445,0.0
robocasa/PickPlaceCounterToStove,21,3110394,1,oracle_real_utility,4,-0.05803911184549693,0.9444059583418895,0.0
robocasa/PickPlaceCounterToStove,21,3110394,1,oracle_real_utility,8,-0.05586363213494227,0.9851007531914298,0.0
robocasa/PickPlaceCounterToOven,22,3200390,0,random,1,-0.04732668539700105,0.5663746163092551,0.0
robocasa/PickPlaceCounterToOven,22,3200390,0,random,2,-0.04609032369334003,0.6004391564960689,0.0
robocasa/PickPlaceCounterToOven,22,3200390,0,random,4,-0.04273808834501018,0.6928007650776848,0.0
robocasa/PickPlaceCounterToOven,22,3200390,0,random,8,-0.039310115185551914,0.7872491203639308,0.0
robocasa/PickPlaceCounterToOven,22,3200390,0,learned_wam,1,-0.04732668539700106,0.566374616309255,0.0
robocasa/PickPlaceCounterToOven,22,3200390,0,learned_wam,2,-0.04181975848937124,0.7181028139680152,0.0
robocasa/PickPlaceCounterToOven,22,3200390,0,learned_wam,4,-0.03753800473882758,0.836074741012938,0.0
robocasa/PickPlaceCounterToOven,22,3200390,0,learned_wam,8,-0.03454333111871248,0.9185847213663658,0.0
robocasa/PickPlaceCounterToOven,22,3200390,0,learned_physics_score,1,-0.04732668539700106,0.566374616309255,0.0
robocasa/PickPlaceCounterToOven,22,3200390,0,learned_physics_score,2,-0.04181975848937124,0.7181028139680152,0.0
robocasa/PickPlaceCounterToOven,22,3200390,0,learned_physics_score,4,-0.03753800473882758,0.836074741012938,0.0
robocasa/PickPlaceCounterToOven,22,3200390,0,learned_physics_score,8,-0.03454333111871248,0.9185847213663658,0.0
robocasa/PickPlaceCounterToOven,22,3200390,0,learned_energy_regularized,1,-0.04732668539700106,0.566374616309255,0.0
robocasa/PickPlaceCounterToOven,22,3200390,0,learned_energy_regularized,2,-0.042903458860922235,0.6882444361584702,0.0
robocasa/PickPlaceCounterToOven,22,3200390,0,learned_energy_regularized,4,-0.038535147960148404,0.8086012069863576,0.0
robocasa/PickPlaceCounterToOven,22,3200390,0,learned_energy_regularized,8,-0.035192331446917,0.90070330551863,0.0
robocasa/PickPlaceCounterToOven,22,3200390,0,predicted_progress,1,-0.04732668539700106,0.566374616309255,0.0
robocasa/PickPlaceCounterToOven,22,3200390,0,predicted_progress,2,-0.043526078833742,0.6710898583173512,0.0
robocasa/PickPlaceCounterToOven,22,3200390,0,predicted_progress,4,-0.043129019295635784,0.6820297398684584,0.0
robocasa/PickPlaceCounterToOven,22,3200390,0,predicted_progress,8,-0.045707727063301964,0.610980552465128,0.0
robocasa/PickPlaceCounterToOven,22,3200390,0,predicted_success,1,-0.04732668539700105,0.566374616309255,0.0
robocasa/PickPlaceCounterToOven,22,3200390,0,predicted_success,2,-0.04732668539700105,0.566374616309255,0.0
robocasa/PickPlaceCounterToOven,22,3200390,0,predicted_success,4,-0.04732668539700105,0.566374616309255,0.0
robocasa/PickPlaceCounterToOven,22,3200390,0,predicted_success,8,-0.04732668539700105,0.566374616309255,0.0
robocasa/PickPlaceCounterToOven,22,3200390,0,low_energy,1,-0.04732668539700106,0.566374616309255,0.0
robocasa/PickPlaceCounterToOven,22,3200390,0,low_energy,2,-0.0433747423509027,0.6752595181233327,0.0
robocasa/PickPlaceCounterToOven,22,3200390,0,low_energy,4,-0.03873778630622132,0.8030180656914192,0.0
robocasa/PickPlaceCounterToOven,22,3200390,0,low_energy,8,-0.03519849867572236,0.9005333845215142,0.0
robocasa/PickPlaceCounterToOven,22,3200390,0,distance_progress,1,-0.04732668539700105,0.566374616309255,0.0
robocasa/PickPlaceCounterToOven,22,3200390,0,distance_progress,2,-0.044009514254269834,0.6577701273182948,0.0
robocasa/PickPlaceCounterToOven,22,3200390,0,distance_progress,4,-0.043932197732353434,0.659900371048853,0.0
robocasa/PickPlaceCounterToOven,22,3200390,0,distance_progress,8,-0.0454787176710277,0.617290275277784,0.0
robocasa/PickPlaceCounterToOven,22,3200390,0,oracle_real_utility,1,-0.04732668539700106,0.5663746163092551,0.0
robocasa/PickPlaceCounterToOven,22,3200390,0,oracle_real_utility,2,-0.041430600820038674,0.7288249812971486,0.0
robocasa/PickPlaceCounterToOven,22,3200390,0,oracle_real_utility,4,-0.03698846612575805,0.8512157633478108,0.0
robocasa/PickPlaceCounterToOven,22,3200390,0,oracle_real_utility,8,-0.033882623754419736,0.9367886923370201,0.0
robocasa/PickPlaceCounterToOven,22,3210397,1,random,1,-0.052962939369281745,0.5596877431797987,0.0
robocasa/PickPlaceCounterToOven,22,3210397,1,random,2,-0.04715006510839482,0.6648533298440218,0.0
robocasa/PickPlaceCounterToOven,22,3210397,1,random,4,-0.04375519949301547,0.726272692807,0.0
robocasa/PickPlaceCounterToOven,22,3210397,1,random,8,-0.04200770212507542,0.7578881342642803,0.0
robocasa/PickPlaceCounterToOven,22,3210397,1,learned_wam,1,-0.05296293936928175,0.5596877431797987,0.0
robocasa/PickPlaceCounterToOven,22,3210397,1,learned_wam,2,-0.04460394708116559,0.7109172878848173,0.0
robocasa/PickPlaceCounterToOven,22,3210397,1,learned_wam,4,-0.04060152842477553,0.7833284027969898,0.0
robocasa/PickPlaceCounterToOven,22,3210397,1,learned_wam,8,-0.0405194467439121,0.7848134113719166,0.0
robocasa/PickPlaceCounterToOven,22,3210397,1,learned_physics_score,1,-0.05296293936928175,0.5596877431797987,0.0
robocasa/PickPlaceCounterToOven,22,3210397,1,learned_physics_score,2,-0.04460394708116559,0.7109172878848173,0.0
robocasa/PickPlaceCounterToOven,22,3210397,1,learned_physics_score,4,-0.04060152842477553,0.7833284027969898,0.0
robocasa/PickPlaceCounterToOven,22,3210397,1,learned_physics_score,8,-0.0405194467439121,0.7848134113719166,0.0
robocasa/PickPlaceCounterToOven,22,3210397,1,learned_energy_regularized,1,-0.052962939369281745,0.5596877431797987,0.0
robocasa/PickPlaceCounterToOven,22,3210397,1,learned_energy_regularized,2,-0.04836483276720094,0.6428759486440407,0.0
robocasa/PickPlaceCounterToOven,22,3210397,1,learned_energy_regularized,4,-0.046110538508828264,0.6836602779715737,0.0
robocasa/PickPlaceCounterToOven,22,3210397,1,learned_energy_regularized,8,-0.04327823194875998,0.7349019129415104,0.0
robocasa/PickPlaceCounterToOven,22,3210397,1,predicted_progress,1,-0.052962939369281745,0.5596877431797987,0.0
robocasa/PickPlaceCounterToOven,22,3210397,1,predicted_progress,2,-0.04442608395968624,0.7141351588857725,0.0
robocasa/PickPlaceCounterToOven,22,3210397,1,predicted_progress,4,-0.038808064176805185,0.8157754696582526,0.0
robocasa/PickPlaceCounterToOven,22,3210397,1,predicted_progress,8,-0.03404926127327263,0.9018709667752072,0.0
robocasa/PickPlaceCounterToOven,22,3210397,1,predicted_success,1,-0.052962939369281745,0.5596877431797987,0.0
robocasa/PickPlaceCounterToOven,22,3210397,1,predicted_success,2,-0.052962939369281745,0.5596877431797987,0.0
robocasa/PickPlaceCounterToOven,22,3210397,1,predicted_success,4,-0.052962939369281745,0.5596877431797987,0.0
robocasa/PickPlaceCounterToOven,22,3210397,1,predicted_success,8,-0.052962939369281745,0.5596877431797987,0.0
robocasa/PickPlaceCounterToOven,22,3210397,1,low_energy,1,-0.052962939369281745,0.5596877431797987,0.0
robocasa/PickPlaceCounterToOven,22,3210397,1,low_energy,2,-0.04836483276720094,0.6428759486440407,0.0
robocasa/PickPlaceCounterToOven,22,3210397,1,low_energy,4,-0.046110538508828264,0.6836602779715737,0.0
robocasa/PickPlaceCounterToOven,22,3210397,1,low_energy,8,-0.04327823194875998,0.7349019129415104,0.0
robocasa/PickPlaceCounterToOven,22,3210397,1,distance_progress,1,-0.052962939369281745,0.5596877431797987,0.0
robocasa/PickPlaceCounterToOven,22,3210397,1,distance_progress,2,-0.04447381640189273,0.7132715912147257,0.0
robocasa/PickPlaceCounterToOven,22,3210397,1,distance_progress,4,-0.03664052202866408,0.8549902937535374,0.0
robocasa/PickPlaceCounterToOven,22,3210397,1,distance_progress,8,-0.03216332307028529,0.9359910575647458,0.0
robocasa/PickPlaceCounterToOven,22,3210397,1,oracle_real_utility,1,-0.052962939369281745,0.5596877431797987,0.0
robocasa/PickPlaceCounterToOven,22,3210397,1,oracle_real_utility,2,-0.04326449366944797,0.7351504636822904,0.0
robocasa/PickPlaceCounterToOven,22,3210397,1,oracle_real_utility,4,-0.03633819134555289,0.8604600118704285,0.0
robocasa/PickPlaceCounterToOven,22,3210397,1,oracle_real_utility,8,-0.032156052666895044,0.9361225925341095,0.0
robocasa/PickPlaceCounterToBlender,23,3300393,0,random,1,-0.05521050778963428,0.429910061495582,0.0
robocasa/PickPlaceCounterToBlender,23,3300393,0,random,2,-0.053510862672840095,0.4828471554902659,0.0
robocasa/PickPlaceCounterToBlender,23,3300393,0,random,4,-0.05072666207136614,0.5695637809104473,0.0
robocasa/PickPlaceCounterToBlender,23,3300393,0,random,8,-0.04574973618712344,0.7245749598533006,0.0
robocasa/PickPlaceCounterToBlender,23,3300393,0,learned_wam,1,-0.05521050778963429,0.429910061495582,0.0
robocasa/PickPlaceCounterToBlender,23,3300393,0,learned_wam,2,-0.04959824426951823,0.6047094467035322,0.0
robocasa/PickPlaceCounterToBlender,23,3300393,0,learned_wam,4,-0.04413001955364383,0.7750226037902823,0.0
robocasa/PickPlaceCounterToBlender,23,3300393,0,learned_wam,8,-0.040514053634811184,0.8876453659395154,0.0
robocasa/PickPlaceCounterToBlender,23,3300393,0,learned_physics_score,1,-0.05521050778963429,0.429910061495582,0.0
robocasa/PickPlaceCounterToBlender,23,3300393,0,learned_physics_score,2,-0.04959824426951823,0.6047094467035322,0.0
robocasa/PickPlaceCounterToBlender,23,3300393,0,learned_physics_score,4,-0.04413001955364383,0.7750226037902823,0.0
robocasa/PickPlaceCounterToBlender,23,3300393,0,learned_physics_score,8,-0.040514053634811184,0.8876453659395154,0.0
robocasa/PickPlaceCounterToBlender,23,3300393,0,learned_energy_regularized,1,-0.05521050778963429,0.429910061495582,0.0
robocasa/PickPlaceCounterToBlender,23,3300393,0,learned_energy_regularized,2,-0.0492232762642505,0.6163881885442388,0.0
robocasa/PickPlaceCounterToBlender,23,3300393,0,learned_energy_regularized,4,-0.04341495483034857,0.797293987442866,0.0
robocasa/PickPlaceCounterToBlender,23,3300393,0,learned_energy_regularized,8,-0.03977244510138665,0.9107434822775908,0.0
robocasa/PickPlaceCounterToBlender,23,3300393,0,predicted_progress,1,-0.05521050778963429,0.429910061495582,0.0
robocasa/PickPlaceCounterToBlender,23,3300393,0,predicted_progress,2,-0.051398749576989616,0.5486309643440401,0.0
robocasa/PickPlaceCounterToBlender,23,3300393,0,predicted_progress,4,-0.047730383679289806,0.6628857746068478,0.0
robocasa/PickPlaceCounterToBlender,23,3300393,0,predicted_progress,8,-0.045983501048152575,0.7172941267554509,0.0
robocasa/PickPlaceCounterToBlender,23,3300393,0,predicted_success,1,-0.05521050778963429,0.4299100614955819,0.0
robocasa/PickPlaceCounterToBlender,23,3300393,0,predicted_success,2,-0.05521050778963429,0.4299100614955819,0.0
robocasa/PickPlaceCounterToBlender,23,3300393,0,predicted_success,4,-0.05521050778963429,0.4299100614955819,0.0
robocasa/PickPlaceCounterToBlender,23,3300393,0,predicted_success,8,-0.05521050778963429,0.4299100614955819,0.0
robocasa/PickPlaceCounterToBlender,23,3300393,0,low_energy,1,-0.05521050778963429,0.429910061495582,0.0
robocasa/PickPlaceCounterToBlender,23,3300393,0,low_energy,2,-0.0492232762642505,0.6163881885442388,0.0
robocasa/PickPlaceCounterToBlender,23,3300393,0,low_energy,4,-0.04341495483034857,0.797293987442866,0.0
robocasa/PickPlaceCounterToBlender,23,3300393,0,low_energy,8,-0.03977244510138665,0.9107434822775908,0.0
robocasa/PickPlaceCounterToBlender,23,3300393,0,distance_progress,1,-0.05521050778963429,0.429910061495582,0.0
robocasa/PickPlaceCounterToBlender,23,3300393,0,distance_progress,2,-0.05136714840211466,0.5496152135547534,0.0
robocasa/PickPlaceCounterToBlender,23,3300393,0,distance_progress,4,-0.05040750951575791,0.5795040964904099,0.0
robocasa/PickPlaceCounterToBlender,23,3300393,0,distance_progress,8,-0.05100531503063564,0.5608848644996087,0.0
robocasa/PickPlaceCounterToBlender,23,3300393,0,oracle_real_utility,1,-0.05521050778963429,0.429910061495582,0.0
robocasa/PickPlaceCounterToBlender,23,3300393,0,oracle_real_utility,2,-0.04877602394814494,0.6303182952842138,0.0
robocasa/PickPlaceCounterToBlender,23,3300393,0,oracle_real_utility,4,-0.04323313754588121,0.802956862935287,0.0
robocasa/PickPlaceCounterToBlender,23,3300393,0,oracle_real_utility,8,-0.039757919710070685,0.9111958896641713,0.0
robocasa/PickPlaceCounterToBlender,23,3310400,1,random,1,-0.05824691267098721,0.34702748344605666,0.0
robocasa/PickPlaceCounterToBlender,23,3310400,1,random,2,-0.057996537379518744,0.35381410015275083,0.0
robocasa/PickPlaceCounterToBlender,23,3310400,1,random,4,-0.0610903561483895,0.26995373988654886,0.0
robocasa/PickPlaceCounterToBlender,23,3310400,1,random,8,-0.06395264665036846,0.19236913309004422,0.0
robocasa/PickPlaceCounterToBlender,23,3310400,1,learned_wam,1,-0.05824691267098722,0.34702748344605666,0.0
robocasa/PickPlaceCounterToBlender,23,3310400,1,learned_wam,2,-0.052973318785038574,0.4899723409868597,0.0
robocasa/PickPlaceCounterToBlender,23,3310400,1,learned_wam,4,-0.04766598215386829,0.6338318218401624,0.0
robocasa/PickPlaceCounterToBlender,23,3310400,1,learned_wam,8,-0.04536804849247561,0.6961190982156171,0.0
robocasa/PickPlaceCounterToBlender,23,3310400,1,learned_physics_score,1,-0.05824691267098722,0.34702748344605666,0.0
robocasa/PickPlaceCounterToBlender,23,3310400,1,learned_physics_score,2,-0.052973318785038574,0.4899723409868597,0.0
robocasa/PickPlaceCounterToBlender,23,3310400,1,learned_physics_score,4,-0.04766598215386829,0.6338318218401624,0.0
robocasa/PickPlaceCounterToBlender,23,3310400,1,learned_physics_score,8,-0.04536804849247561,0.6961190982156171,0.0
robocasa/PickPlaceCounterToBlender,23,3310400,1,learned_energy_regularized,1,-0.05824691267098723,0.3470274834460567,0.0
robocasa/PickPlaceCounterToBlender,23,3310400,1,learned_energy_regularized,2,-0.05302713153184949,0.4885137046957222,0.0
robocasa/PickPlaceCounterToBlender,23,3310400,1,learned_energy_regularized,4,-0.047846940439772605,0.6289268069757559,0.0
robocasa/PickPlaceCounterToBlender,23,3310400,1,learned_energy_regularized,8,-0.04612448495377127,0.675615300513886,0.0
robocasa/PickPlaceCounterToBlender,23,3310400,1,predicted_progress,1,-0.05824691267098722,0.34702748344605666,0.0
robocasa/PickPlaceCounterToBlender,23,3310400,1,predicted_progress,2,-0.052334337060592706,0.5072924368356246,0.0
robocasa/PickPlaceCounterToBlender,23,3310400,1,predicted_progress,4,-0.04693413273246315,0.6536691687323487,0.0
robocasa/PickPlaceCounterToBlender,23,3310400,1,predicted_progress,8,-0.044080767939894495,0.7310118372439378,0.0
robocasa/PickPlaceCounterToBlender,23,3310400,1,predicted_success,1,-0.05824691267098722,0.3470274834460567,0.0
robocasa/PickPlaceCounterToBlender,23,3310400,1,predicted_success,2,-0.05824691267098722,0.3470274834460567,0.0
robocasa/PickPlaceCounterToBlender,23,3310400,1,predicted_success,4,-0.05824691267098722,0.3470274834460567,0.0
robocasa/PickPlaceCounterToBlender,23,3310400,1,predicted_success,8,-0.05824691267098722,0.3470274834460567,0.0
robocasa/PickPlaceCounterToBlender,23,3310400,1,low_energy,1,-0.05824691267098723,0.3470274834460567,0.0
robocasa/PickPlaceCounterToBlender,23,3310400,1,low_energy,2,-0.05302713153184949,0.4885137046957222,0.0
robocasa/PickPlaceCounterToBlender,23,3310400,1,low_energy,4,-0.047846940439772605,0.6289268069757559,0.0
robocasa/PickPlaceCounterToBlender,23,3310400,1,low_energy,8,-0.04612448495377127,0.675615300513886,0.0
robocasa/PickPlaceCounterToBlender,23,3310400,1,distance_progress,1,-0.05824691267098722,0.3470274834460567,0.0
robocasa/PickPlaceCounterToBlender,23,3310400,1,distance_progress,2,-0.05372497235714413,0.4695981872108269,0.0
robocasa/PickPlaceCounterToBlender,23,3310400,1,distance_progress,4,-0.04984575324163563,0.5747474337831525,0.0
robocasa/PickPlaceCounterToBlender,23,3310400,1,distance_progress,8,-0.044287634551467406,0.7254045570929145,0.0
robocasa/PickPlaceCounterToBlender,23,3310400,1,oracle_real_utility,1,-0.05824691267098722,0.34702748344605666,0.0
robocasa/PickPlaceCounterToBlender,23,3310400,1,oracle_real_utility,2,-0.051308525124411725,0.5350978659703464,0.0
robocasa/PickPlaceCounterToBlender,23,3310400,1,oracle_real_utility,4,-0.04403220877905509,0.7323280710075929,0.0
robocasa/PickPlaceCounterToBlender,23,3310400,1,oracle_real_utility,8,-0.03854042415558568,0.8811871579270993,0.0
robocasa/PickPlaceCounterToStandMixer,24,3400396,0,random,1,-0.04141672761409136,0.45289979691942,0.0
robocasa/PickPlaceCounterToStandMixer,24,3400396,0,random,2,-0.03881618971717453,0.514656844044778,0.0
robocasa/PickPlaceCounterToStandMixer,24,3400396,0,random,4,-0.03759752556744898,0.5435974333797052,0.0
robocasa/PickPlaceCounterToStandMixer,24,3400396,0,random,8,-0.03821341599292931,0.5289713923304513,0.0
robocasa/PickPlaceCounterToStandMixer,24,3400396,0,learned_wam,1,-0.04141672761409136,0.45289979691942006,0.0
robocasa/PickPlaceCounterToStandMixer,24,3400396,0,learned_wam,2,-0.035797868742001415,0.5863353190726635,0.0
robocasa/PickPlaceCounterToStandMixer,24,3400396,0,learned_wam,4,-0.029528044831412217,0.7352298270792645,0.0
robocasa/PickPlaceCounterToStandMixer,24,3400396,0,learned_wam,8,-0.024189681926388616,0.8620041878331194,0.0
robocasa/PickPlaceCounterToStandMixer,24,3400396,0,learned_physics_score,1,-0.04141672761409136,0.45289979691942006,0.0
robocasa/PickPlaceCounterToStandMixer,24,3400396,0,learned_physics_score,2,-0.035797868742001415,0.5863353190726635,0.0
robocasa/PickPlaceCounterToStandMixer,24,3400396,0,learned_physics_score,4,-0.029528044831412217,0.7352298270792645,0.0
robocasa/PickPlaceCounterToStandMixer,24,3400396,0,learned_physics_score,8,-0.024189681926388616,0.8620041878331194,0.0
robocasa/PickPlaceCounterToStandMixer,24,3400396,0,learned_energy_regularized,1,-0.04141672761409136,0.45289979691942006,0.0
robocasa/PickPlaceCounterToStandMixer,24,3400396,0,learned_energy_regularized,2,-0.037024162233558144,0.5572135496735802,0.0
robocasa/PickPlaceCounterToStandMixer,24,3400396,0,learned_energy_regularized,4,-0.03081195488635563,0.7047397912055835,0.0
robocasa/PickPlaceCounterToStandMixer,24,3400396,0,learned_energy_regularized,8,-0.02455872278354633,0.853240280322411,0.0
robocasa/PickPlaceCounterToStandMixer,24,3400396,0,predicted_progress,1,-0.04141672761409136,0.45289979691942,0.0
robocasa/PickPlaceCounterToStandMixer,24,3400396,0,predicted_progress,2,-0.035436319631330246,0.5949213141055844,0.0
robocasa/PickPlaceCounterToStandMixer,24,3400396,0,predicted_progress,4,-0.030562142506174853,0.7106722849998917,0.0
robocasa/PickPlaceCounterToStandMixer,24,3400396,0,predicted_progress,8,-0.02557675687764059,0.8290642129023824,0.0
robocasa/PickPlaceCounterToStandMixer,24,3400396,0,predicted_success,1,-0.04141672761409136,0.45289979691942006,0.0
robocasa/PickPlaceCounterToStandMixer,24,3400396,0,predicted_success,2,-0.04141672761409136,0.45289979691942006,0.0
robocasa/PickPlaceCounterToStandMixer,24,3400396,0,predicted_success,4,-0.04141672761409136,0.45289979691942006,0.0
robocasa/PickPlaceCounterToStandMixer,24,3400396,0,predicted_success,8,-0.04141672761409136,0.45289979691942006,0.0
robocasa/PickPlaceCounterToStandMixer,24,3400396,0,low_energy,1,-0.04141672761409136,0.45289979691942006,0.0
robocasa/PickPlaceCounterToStandMixer,24,3400396,0,low_energy,2,-0.037024162233558144,0.5572135496735802,0.0
robocasa/PickPlaceCounterToStandMixer,24,3400396,0,low_energy,4,-0.03081195488635563,0.7047397912055835,0.0
robocasa/PickPlaceCounterToStandMixer,24,3400396,0,low_energy,8,-0.02455872278354633,0.853240280322411,0.0
robocasa/PickPlaceCounterToStandMixer,24,3400396,0,distance_progress,1,-0.04141672761409136,0.45289979691942,0.0
robocasa/PickPlaceCounterToStandMixer,24,3400396,0,distance_progress,2,-0.03690662575628274,0.5600047821238556,0.0
robocasa/PickPlaceCounterToStandMixer,24,3400396,0,distance_progress,4,-0.03518659072758741,0.600851825518356,0.0
robocasa/PickPlaceCounterToStandMixer,24,3400396,0,distance_progress,8,-0.035419154911499315,0.5953289383946782,0.0
robocasa/PickPlaceCounterToStandMixer,24,3400396,0,oracle_real_utility,1,-0.04141672761409136,0.45289979691942006,0.0
robocasa/PickPlaceCounterToStandMixer,24,3400396,0,oracle_real_utility,2,-0.03441573322909798,0.6191579932221942,0.0
robocasa/PickPlaceCounterToStandMixer,24,3400396,0,oracle_real_utility,4,-0.028758196682219097,0.7535120249605014,0.0
robocasa/PickPlaceCounterToStandMixer,24,3400396,0,oracle_real_utility,8,-0.02405940263610918,0.8650980340250107,0.0
robocasa/PickPlaceCounterToStandMixer,24,3410403,1,random,1,-0.05927830106907174,0.5879110922927343,0.0
robocasa/PickPlaceCounterToStandMixer,24,3410403,1,random,2,-0.06398560584704395,0.513478660832489,0.0
robocasa/PickPlaceCounterToStandMixer,24,3410403,1,random,4,-0.06925321945072462,0.4301865633354761,0.0
robocasa/PickPlaceCounterToStandMixer,24,3410403,1,random,8,-0.07079275377024555,0.4058432738899604,0.0
robocasa/PickPlaceCounterToStandMixer,24,3410403,1,learned_wam,1,-0.05927830106907174,0.5879110922927344,0.0
robocasa/PickPlaceCounterToStandMixer,24,3410403,1,learned_wam,2,-0.05056806423576829,0.7256383346695588,0.0
robocasa/PickPlaceCounterToStandMixer,24,3410403,1,learned_wam,4,-0.04428356544085923,0.8250095349374893,0.0
robocasa/PickPlaceCounterToStandMixer,24,3410403,1,learned_wam,8,-0.03847093509763571,0.9169194982885558,0.0
robocasa/PickPlaceCounterToStandMixer,24,3410403,1,learned_physics_score,1,-0.05927830106907174,0.5879110922927344,0.0
robocasa/PickPlaceCounterToStandMixer,24,3410403,1,learned_physics_score,2,-0.05056806423576829,0.7256383346695588,0.0
robocasa/PickPlaceCounterToStandMixer,24,3410403,1,learned_physics_score,4,-0.04428356544085923,0.8250095349374893,0.0
robocasa/PickPlaceCounterToStandMixer,24,3410403,1,learned_physics_score,8,-0.03847093509763571,0.9169194982885558,0.0
robocasa/PickPlaceCounterToStandMixer,24,3410403,1,learned_energy_regularized,1,-0.05927830106907174,0.5879110922927343,0.0
robocasa/PickPlaceCounterToStandMixer,24,3410403,1,learned_energy_regularized,2,-0.05168055880096897,0.7080474457469457,0.0
robocasa/PickPlaceCounterToStandMixer,24,3410403,1,learned_energy_regularized,4,-0.046055326407657554,0.7969942516819266,0.0
robocasa/PickPlaceCounterToStandMixer,24,3410403,1,learned_energy_regularized,8,-0.04170790507790327,0.8657361656684559,0.0
robocasa/PickPlaceCounterToStandMixer,24,3410403,1,predicted_progress,1,-0.05927830106907174,0.5879110922927344,0.0
robocasa/PickPlaceCounterToStandMixer,24,3410403,1,predicted_progress,2,-0.05389550318692986,0.6730244965281558,0.0
robocasa/PickPlaceCounterToStandMixer,24,3410403,1,predicted_progress,4,-0.04666655896853283,0.7873293738294208,0.0
robocasa/PickPlaceCounterToStandMixer,24,3410403,1,predicted_progress,8,-0.04253292880451398,0.8526907979090986,0.0
robocasa/PickPlaceCounterToStandMixer,24,3410403,1,predicted_success,1,-0.05927830106907174,0.5879110922927344,0.0
robocasa/PickPlaceCounterToStandMixer,24,3410403,1,predicted_success,2,-0.05927830106907174,0.5879110922927344,0.0
robocasa/PickPlaceCounterToStandMixer,24,3410403,1,predicted_success,4,-0.05927830106907174,0.5879110922927344,0.0
robocasa/PickPlaceCounterToStandMixer,24,3410403,1,predicted_success,8,-0.05927830106907174,0.5879110922927344,0.0
robocasa/PickPlaceCounterToStandMixer,24,3410403,1,low_energy,1,-0.05927830106907174,0.5879110922927343,0.0
robocasa/PickPlaceCounterToStandMixer,24,3410403,1,low_energy,2,-0.05168055880096897,0.7080474457469457,0.0
robocasa/PickPlaceCounterToStandMixer,24,3410403,1,low_energy,4,-0.046055326407657554,0.7969942516819266,0.0
robocasa/PickPlaceCounterToStandMixer,24,3410403,1,low_energy,8,-0.04170790507790327,0.8657361656684559,0.0
robocasa/PickPlaceCounterToStandMixer,24,3410403,1,distance_progress,1,-0.05927830106907174,0.5879110922927344,0.0
robocasa/PickPlaceCounterToStandMixer,24,3410403,1,distance_progress,2,-0.051236878850936765,0.7150629629120107,0.0
robocasa/PickPlaceCounterToStandMixer,24,3410403,1,distance_progress,4,-0.04526732757744312,0.8094541776240824,0.0
robocasa/PickPlaceCounterToStandMixer,24,3410403,1,distance_progress,8,-0.04241902579134363,0.8544918451369286,0.0
robocasa/PickPlaceCounterToStandMixer,24,3410403,1,oracle_real_utility,1,-0.05927830106907174,0.5879110922927344,0.0
robocasa/PickPlaceCounterToStandMixer,24,3410403,1,oracle_real_utility,2,-0.04900558758146473,0.7503443908875252,0.0
robocasa/PickPlaceCounterToStandMixer,24,3410403,1,oracle_real_utility,4,-0.04151202872409847,0.8688333845584424,0.0
robocasa/PickPlaceCounterToStandMixer,24,3410403,1,oracle_real_utility,8,-0.036700904815266965,0.9449074157676793,0.0
robocasa/PickPlaceCounterToToasterOven,25,3500399,0,random,1,-0.06660197166203723,0.5945189226468193,0.0
robocasa/PickPlaceCounterToToasterOven,25,3500399,0,random,2,-0.06588294408940049,0.6098013378679452,0.0
robocasa/PickPlaceCounterToToasterOven,25,3500399,0,random,4,-0.06101311897246364,0.7133059770828002,0.0
robocasa/PickPlaceCounterToToasterOven,25,3500399,0,random,8,-0.053534765101152404,0.8722530235956247,0.0
robocasa/PickPlaceCounterToToasterOven,25,3500399,0,learned_wam,1,-0.06660197166203723,0.5945189226468193,0.0
robocasa/PickPlaceCounterToToasterOven,25,3500399,0,learned_wam,2,-0.06174916365852324,0.697661875324064,0.0
robocasa/PickPlaceCounterToToasterOven,25,3500399,0,learned_wam,4,-0.05802442244416368,0.7768285776806131,0.0
robocasa/PickPlaceCounterToToasterOven,25,3500399,0,learned_wam,8,-0.054012803140182385,0.8620926680237808,0.0
robocasa/PickPlaceCounterToToasterOven,25,3500399,0,learned_physics_score,1,-0.06660197166203723,0.5945189226468193,0.0
robocasa/PickPlaceCounterToToasterOven,25,3500399,0,learned_physics_score,2,-0.06174916365852324,0.697661875324064,0.0
robocasa/PickPlaceCounterToToasterOven,25,3500399,0,learned_physics_score,4,-0.05802442244416368,0.7768285776806131,0.0
robocasa/PickPlaceCounterToToasterOven,25,3500399,0,learned_physics_score,8,-0.054012803140182385,0.8620926680237808,0.0
robocasa/PickPlaceCounterToToasterOven,25,3500399,0,learned_energy_regularized,1,-0.06660197166203723,0.5945189226468193,0.0
robocasa/PickPlaceCounterToToasterOven,25,3500399,0,learned_energy_regularized,2,-0.05930164804049002,0.7496820639210204,0.0
robocasa/PickPlaceCounterToToasterOven,25,3500399,0,learned_energy_regularized,4,-0.05552958891974737,0.8298544744315545,0.0
robocasa/PickPlaceCounterToToasterOven,25,3500399,0,learned_energy_regularized,8,-0.05299007389082783,0.8838300445058973,0.0
robocasa/PickPlaceCounterToToasterOven,25,3500399,0,predicted_progress,1,-0.06660197166203723,0.5945189226468192,0.0
robocasa/PickPlaceCounterToToasterOven,25,3500399,0,predicted_progress,2,-0.0673339656920403,0.5789609146765963,0.0
robocasa/PickPlaceCounterToToasterOven,25,3500399,0,predicted_progress,4,-0.06736513273100021,0.5782984816229488,0.0
robocasa/PickPlaceCounterToToasterOven,25,3500399,0,predicted_progress,8,-0.06792151044459355,0.566473072469676,0.0
robocasa/PickPlaceCounterToToasterOven,25,3500399,0,predicted_success,1,-0.06660197166203723,0.5945189226468193,0.0
robocasa/PickPlaceCounterToToasterOven,25,3500399,0,predicted_success,2,-0.06660197166203723,0.5945189226468193,0.0
robocasa/PickPlaceCounterToToasterOven,25,3500399,0,predicted_success,4,-0.06660197166203723,0.5945189226468193,0.0
robocasa/PickPlaceCounterToToasterOven,25,3500399,0,predicted_success,8,-0.06660197166203723,0.5945189226468193,0.0
robocasa/PickPlaceCounterToToasterOven,25,3500399,0,low_energy,1,-0.06660197166203723,0.5945189226468193,0.0
robocasa/PickPlaceCounterToToasterOven,25,3500399,0,low_energy,2,-0.0594506032204643,0.7465161284321259,0.0
robocasa/PickPlaceCounterToToasterOven,25,3500399,0,low_energy,4,-0.05588103004749916,0.8223848453874438,0.0
robocasa/PickPlaceCounterToToasterOven,25,3500399,0,low_energy,8,-0.05326392756645564,0.8780094810949162,0.0
robocasa/PickPlaceCounterToToasterOven,25,3500399,0,distance_progress,1,-0.06660197166203723,0.5945189226468192,0.0
robocasa/PickPlaceCounterToToasterOven,25,3500399,0,distance_progress,2,-0.06029095529446212,0.7286550479735916,0.0
robocasa/PickPlaceCounterToToasterOven,25,3500399,0,distance_progress,4,-0.055142835570684764,0.838074639406399,0.0
robocasa/PickPlaceCounterToToasterOven,25,3500399,0,distance_progress,8,-0.052638177161783865,0.8913093570286215,0.0
robocasa/PickPlaceCounterToToasterOven,25,3500399,0,oracle_real_utility,1,-0.06660197166203721,0.5945189226468192,0.0
robocasa/PickPlaceCounterToToasterOven,25,3500399,0,oracle_real_utility,2,-0.0580924963179645,0.7753817163296364,0.0
robocasa/PickPlaceCounterToToasterOven,25,3500399,0,oracle_real_utility,4,-0.052398544487172946,0.8964025776133671,0.0
robocasa/PickPlaceCounterToToasterOven,25,3500399,0,oracle_real_utility,8,-0.04921473797018197,0.9640721010475755,0.0
robocasa/PickPlaceCounterToToasterOven,25,3510406,1,random,1,-0.04695160889448761,0.5909571081287694,0.0
robocasa/PickPlaceCounterToToasterOven,25,3510406,1,random,2,-0.04482780463692767,0.6354169005688474,0.0
robocasa/PickPlaceCounterToToasterOven,25,3510406,1,random,4,-0.03906084735469988,0.7561425855588663,0.0
robocasa/PickPlaceCounterToToasterOven,25,3510406,1,random,8,-0.03180406402255075,0.9080563410669398,0.0
robocasa/PickPlaceCounterToToasterOven,25,3510406,1,learned_wam,1,-0.04695160889448761,0.5909571081287694,0.0
robocasa/PickPlaceCounterToToasterOven,25,3510406,1,learned_wam,2,-0.03900542802199567,0.7573027358036104,0.0
robocasa/PickPlaceCounterToToasterOven,25,3510406,1,learned_wam,4,-0.03349060699598621,0.8727501916074031,0.0
robocasa/PickPlaceCounterToToasterOven,25,3510406,1,learned_wam,8,-0.030627744441951175,0.9326814562160843,0.0
robocasa/PickPlaceCounterToToasterOven,25,3510406,1,learned_physics_score,1,-0.04695160889448761,0.5909571081287694,0.0
robocasa/PickPlaceCounterToToasterOven,25,3510406,1,learned_physics_score,2,-0.03900542802199567,0.7573027358036104,0.0
robocasa/PickPlaceCounterToToasterOven,25,3510406,1,learned_physics_score,4,-0.03349060699598621,0.8727501916074031,0.0
robocasa/PickPlaceCounterToToasterOven,25,3510406,1,learned_physics_score,8,-0.030627744441951175,0.9326814562160843,0.0
robocasa/PickPlaceCounterToToasterOven,25,3510406,1,learned_energy_regularized,1,-0.04695160889448761,0.5909571081287694,0.0
robocasa/PickPlaceCounterToToasterOven,25,3510406,1,learned_energy_regularized,2,-0.039712041559198295,0.7425104633578098,0.0
robocasa/PickPlaceCounterToToasterOven,25,3510406,1,learned_energy_regularized,4,-0.034561568138308935,0.8503306536817365,0.0
robocasa/PickPlaceCounterToToasterOven,25,3510406,1,learned_energy_regularized,8,-0.030986401811258002,0.9251733103313,0.0
robocasa/PickPlaceCounterToToasterOven,25,3510406,1,predicted_progress,1,-0.04695160889448761,0.5909571081287694,0.0
robocasa/PickPlaceCounterToToasterOven,25,3510406,1,predicted_progress,2,-0.0392545479301748,0.7520876509524951,0.0
robocasa/PickPlaceCounterToToasterOven,25,3510406,1,predicted_progress,4,-0.03326531504645554,0.8774664611406706,0.0
robocasa/PickPlaceCounterToToasterOven,25,3510406,1,predicted_progress,8,-0.029156078178808123,0.9634893691240178,0.0
robocasa/PickPlaceCounterToToasterOven,25,3510406,1,predicted_success,1,-0.04695160889448761,0.5909571081287694,0.0
robocasa/PickPlaceCounterToToasterOven,25,3510406,1,predicted_success,2,-0.04695160889448761,0.5909571081287694,0.0
robocasa/PickPlaceCounterToToasterOven,25,3510406,1,predicted_success,4,-0.04695160889448761,0.5909571081287694,0.0
robocasa/PickPlaceCounterToToasterOven,25,3510406,1,predicted_success,8,-0.04695160889448761,0.5909571081287694,0.0
robocasa/PickPlaceCounterToToasterOven,25,3510406,1,low_energy,1,-0.04695160889448761,0.5909571081287694,0.0
robocasa/PickPlaceCounterToToasterOven,25,3510406,1,low_energy,2,-0.039712041559198295,0.7425104633578098,0.0
robocasa/PickPlaceCounterToToasterOven,25,3510406,1,low_energy,4,-0.034561568138308935,0.8503306536817365,0.0
robocasa/PickPlaceCounterToToasterOven,25,3510406,1,low_energy,8,-0.030986401811258002,0.9251733103313,0.0
robocasa/PickPlaceCounterToToasterOven,25,3510406,1,distance_progress,1,-0.04695160889448761,0.5909571081287693,0.0
robocasa/PickPlaceCounterToToasterOven,25,3510406,1,distance_progress,2,-0.040124618016615064,0.7338735734009705,0.0
robocasa/PickPlaceCounterToToasterOven,25,3510406,1,distance_progress,4,-0.03578366485474965,0.8247472383734538,0.0
robocasa/PickPlaceCounterToToasterOven,25,3510406,1,distance_progress,8,-0.032016273581324306,0.9036139387583051,0.0
robocasa/PickPlaceCounterToToasterOven,25,3510406,1,oracle_real_utility,1,-0.04695160889448761,0.5909571081287694,0.0
robocasa/PickPlaceCounterToToasterOven,25,3510406,1,oracle_real_utility,2,-0.03808689695529086,0.7765312972070881,0.0
robocasa/PickPlaceCounterToToasterOven,25,3510406,1,oracle_real_utility,4,-0.03181793861072288,0.9077658899539768,0.0
robocasa/PickPlaceCounterToToasterOven,25,3510406,1,oracle_real_utility,8,-0.028579341757202475,0.9755627894997166,0.0
robocasa/PickPlaceDrawerToCounter,26,3600402,0,random,1,-0.04267694160816975,0.5921785481253238,0.0
robocasa/PickPlaceDrawerToCounter,26,3600402,0,random,2,-0.04076366712779288,0.62811893130579,0.0
robocasa/PickPlaceDrawerToCounter,26,3600402,0,random,4,-0.035715686079998414,0.7229439943096765,0.0
robocasa/PickPlaceDrawerToCounter,26,3600402,0,random,8,-0.032475977092414836,0.7838011183664502,0.0
robocasa/PickPlaceDrawerToCounter,26,3600402,0,learned_wam,1,-0.04267694160816976,0.5921785481253238,0.0
robocasa/PickPlaceDrawerToCounter,26,3600402,0,learned_wam,2,-0.034605194736486364,0.7438042967982941,0.0
robocasa/PickPlaceDrawerToCounter,26,3600402,0,learned_wam,4,-0.03062617565119486,0.8185491763618347,0.0
robocasa/PickPlaceDrawerToCounter,26,3600402,0,learned_wam,8,-0.029299721304081563,0.8434662899258314,0.0
robocasa/PickPlaceDrawerToCounter,26,3600402,0,learned_physics_score,1,-0.04267694160816976,0.5921785481253238,0.0
robocasa/PickPlaceDrawerToCounter,26,3600402,0,learned_physics_score,2,-0.034605194736486364,0.7438042967982941,0.0
robocasa/PickPlaceDrawerToCounter,26,3600402,0,learned_physics_score,4,-0.03062617565119486,0.8185491763618347,0.0
robocasa/PickPlaceDrawerToCounter,26,3600402,0,learned_physics_score,8,-0.029299721304081563,0.8434662899258314,0.0
robocasa/PickPlaceDrawerToCounter,26,3600402,0,learned_energy_regularized,1,-0.04267694160816976,0.5921785481253238,0.0
robocasa/PickPlaceDrawerToCounter,26,3600402,0,learned_energy_regularized,2,-0.03519736638492196,0.7326805003061191,0.0
robocasa/PickPlaceDrawerToCounter,26,3600402,0,learned_energy_regularized,4,-0.030857492701365022,0.8142039433570789,0.0
robocasa/PickPlaceDrawerToCounter,26,3600402,0,learned_energy_regularized,8,-0.029306554644674968,0.8433379273297437,0.0
robocasa/PickPlaceDrawerToCounter,26,3600402,0,predicted_progress,1,-0.04267694160816974,0.5921785481253238,0.0
robocasa/PickPlaceDrawerToCounter,26,3600402,0,predicted_progress,2,-0.03760684964284447,0.687418959191749,0.0
robocasa/PickPlaceDrawerToCounter,26,3600402,0,predicted_progress,4,-0.038143086646582,0.6773458810278277,0.0
robocasa/PickPlaceDrawerToCounter,26,3600402,0,predicted_progress,8,-0.04021563219398122,0.6384136306390467,0.0
robocasa/PickPlaceDrawerToCounter,26,3600402,0,predicted_success,1,-0.04267694160816975,0.5921785481253237,0.0
robocasa/PickPlaceDrawerToCounter,26,3600402,0,predicted_success,2,-0.04267694160816975,0.5921785481253237,0.0
robocasa/PickPlaceDrawerToCounter,26,3600402,0,predicted_success,4,-0.04267694160816975,0.5921785481253237,0.0
robocasa/PickPlaceDrawerToCounter,26,3600402,0,predicted_success,8,-0.04267694160816975,0.5921785481253237,0.0
robocasa/PickPlaceDrawerToCounter,26,3600402,0,low_energy,1,-0.04267694160816975,0.5921785481253238,0.0
robocasa/PickPlaceDrawerToCounter,26,3600402,0,low_energy,2,-0.03609736973053718,0.7157741622783728,0.0
robocasa/PickPlaceDrawerToCounter,26,3600402,0,low_energy,4,-0.03163093307650308,0.7996750591144843,0.0
robocasa/PickPlaceDrawerToCounter,26,3600402,0,low_energy,8,-0.029396969028016858,0.8416395157240586,0.0
robocasa/PickPlaceDrawerToCounter,26,3600402,0,distance_progress,1,-0.04267694160816975,0.5921785481253237,0.0
robocasa/PickPlaceDrawerToCounter,26,3600402,0,distance_progress,2,-0.03523393507590103,0.7319935665808877,0.0
robocasa/PickPlaceDrawerToCounter,26,3600402,0,distance_progress,4,-0.030323662221837987,0.8242318155648525,0.0
robocasa/PickPlaceDrawerToCounter,26,3600402,0,distance_progress,8,-0.02606045537605392,0.9043150912195225,0.0
robocasa/PickPlaceDrawerToCounter,26,3600402,0,oracle_real_utility,1,-0.04267694160816975,0.5921785481253237,0.0
robocasa/PickPlaceDrawerToCounter,26,3600402,0,oracle_real_utility,2,-0.03389906216991975,0.7570688206702745,0.0
robocasa/PickPlaceDrawerToCounter,26,3600402,0,oracle_real_utility,4,-0.028426965267679204,0.8598607940563558,0.0
robocasa/PickPlaceDrawerToCounter,26,3600402,0,oracle_real_utility,8,-0.02472652012721697,0.9293727316536786,0.0
robocasa/PickPlaceDrawerToCounter,26,3610409,1,random,1,-0.05084592081087564,0.4707904741243918,0.0
robocasa/PickPlaceDrawerToCounter,26,3610409,1,random,2,-0.05137888804230845,0.45610401083742236,0.0
robocasa/PickPlaceDrawerToCounter,26,3610409,1,random,4,-0.0502658858249905,0.48677393806542724,0.0
robocasa/PickPlaceDrawerToCounter,26,3610409,1,random,8,-0.04543694681732603,0.6198403467833116,0.0
robocasa/PickPlaceDrawerToCounter,26,3610409,1,learned_wam,1,-0.05084592081087563,0.4707904741243918,0.0
robocasa/PickPlaceDrawerToCounter,26,3610409,1,learned_wam,2,-0.04454842376664911,0.6443245184054793,0.0
robocasa/PickPlaceDrawerToCounter,26,3610409,1,learned_wam,4,-0.03871220005500811,0.8051476989322173,0.0
robocasa/PickPlaceDrawerToCounter,26,3610409,1,learned_wam,8,-0.03445493144774636,0.9224611385131618,0.0
robocasa/PickPlaceDrawerToCounter,26,3610409,1,learned_physics_score,1,-0.05084592081087563,0.4707904741243918,0.0
robocasa/PickPlaceDrawerToCounter,26,3610409,1,learned_physics_score,2,-0.04454842376664911,0.6443245184054793,0.0
robocasa/PickPlaceDrawerToCounter,26,3610409,1,learned_physics_score,4,-0.03871220005500811,0.8051476989322173,0.0
robocasa/PickPlaceDrawerToCounter,26,3610409,1,learned_physics_score,8,-0.03445493144774636,0.9224611385131618,0.0
robocasa/PickPlaceDrawerToCounter,26,3610409,1,learned_energy_regularized,1,-0.05084592081087564,0.47079047412439184,0.0
robocasa/PickPlaceDrawerToCounter,26,3610409,1,learned_energy_regularized,2,-0.04830934008422564,0.5406885795224069,0.0
robocasa/PickPlaceDrawerToCounter,26,3610409,1,learned_energy_regularized,4,-0.047977391751510806,0.549835759150094,0.0
robocasa/PickPlaceDrawerToCounter,26,3610409,1,learned_energy_regularized,8,-0.04948792141400622,0.5082115520248691,0.0
robocasa/PickPlaceDrawerToCounter,26,3610409,1,predicted_progress,1,-0.05084592081087564,0.4707904741243918,0.0
robocasa/PickPlaceDrawerToCounter,26,3610409,1,predicted_progress,2,-0.0453904796432537,0.6211207978238529,0.0
robocasa/PickPlaceDrawerToCounter,26,3610409,1,predicted_progress,4,-0.039174829988056006,0.7923994526490544,0.0
robocasa/PickPlaceDrawerToCounter,26,3610409,1,predicted_progress,8,-0.03454930100089867,0.9198606878737237,0.0
robocasa/PickPlaceDrawerToCounter,26,3610409,1,predicted_success,1,-0.05084592081087563,0.47079047412439184,0.0
robocasa/PickPlaceDrawerToCounter,26,3610409,1,predicted_success,2,-0.05084592081087563,0.47079047412439184,0.0
robocasa/PickPlaceDrawerToCounter,26,3610409,1,predicted_success,4,-0.05084592081087563,0.47079047412439184,0.0
robocasa/PickPlaceDrawerToCounter,26,3610409,1,predicted_success,8,-0.05084592081087563,0.47079047412439184,0.0
robocasa/PickPlaceDrawerToCounter,26,3610409,1,low_energy,1,-0.05084592081087564,0.4707904741243918,0.0
robocasa/PickPlaceDrawerToCounter,26,3610409,1,low_energy,2,-0.04894484697230556,0.5231765299442174,0.0
robocasa/PickPlaceDrawerToCounter,26,3610409,1,low_energy,4,-0.050132157293906784,0.49045896604904526,0.0
robocasa/PickPlaceDrawerToCounter,26,3610409,1,low_energy,8,-0.05287728097861144,0.4148142437549183,0.0
robocasa/PickPlaceDrawerToCounter,26,3610409,1,distance_progress,1,-0.05084592081087564,0.4707904741243918,0.0
robocasa/PickPlaceDrawerToCounter,26,3610409,1,distance_progress,2,-0.04558572780715787,0.6157405327307856,0.0
robocasa/PickPlaceDrawerToCounter,26,3610409,1,distance_progress,4,-0.03993382038288365,0.7714846873288086,0.0
robocasa/PickPlaceDrawerToCounter,26,3610409,1,distance_progress,8,-0.037027184866594995,0.8515800351868985,0.0
robocasa/PickPlaceDrawerToCounter,26,3610409,1,oracle_real_utility,1,-0.05084592081087564,0.4707904741243918,0.0
robocasa/PickPlaceDrawerToCounter,26,3610409,1,oracle_real_utility,2,-0.04418965233735363,0.654210836201409,0.0
robocasa/PickPlaceDrawerToCounter,26,3610409,1,oracle_real_utility,4,-0.03833003493146454,0.8156786541682342,0.0
robocasa/PickPlaceDrawerToCounter,26,3610409,1,oracle_real_utility,8,-0.03437307809409166,0.9247166923304823,0.0
robocasa/PickPlaceMicrowaveToCounter,27,3700405,0,random,1,-0.05771883966148034,0.3789843519878626,0.0
robocasa/PickPlaceMicrowaveToCounter,27,3700405,0,random,2,-0.05804430849060076,0.3727603864522885,0.0
robocasa/PickPlaceMicrowaveToCounter,27,3700405,0,random,4,-0.05758486339196801,0.38154639052864403,0.0
robocasa/PickPlaceMicrowaveToCounter,27,3700405,0,random,8,-0.05341439176443833,0.46129864129558257,0.0
robocasa/PickPlaceMicrowaveToCounter,27,3700405,0,learned_wam,1,-0.05771883966148032,0.3789843519878626,0.0
robocasa/PickPlaceMicrowaveToCounter,27,3700405,0,learned_wam,2,-0.04848447926708188,0.555573738421978,0.0
robocasa/PickPlaceMicrowaveToCounter,27,3700405,0,learned_wam,4,-0.03807844791958088,0.7545690789096695,0.0
robocasa/PickPlaceMicrowaveToCounter,27,3700405,0,learned_wam,8,-0.0304469941938361,0.9005059574234306,0.0
robocasa/PickPlaceMicrowaveToCounter,27,3700405,0,learned_physics_score,1,-0.05771883966148032,0.3789843519878626,0.0
robocasa/PickPlaceMicrowaveToCounter,27,3700405,0,learned_physics_score,2,-0.04848447926708188,0.555573738421978,0.0
robocasa/PickPlaceMicrowaveToCounter,27,3700405,0,learned_physics_score,4,-0.03807844791958088,0.7545690789096695,0.0
robocasa/PickPlaceMicrowaveToCounter,27,3700405,0,learned_physics_score,8,-0.0304469941938361,0.9005059574234306,0.0
robocasa/PickPlaceMicrowaveToCounter,27,3700405,0,learned_energy_regularized,1,-0.05771883966148032,0.3789843519878626,0.0
robocasa/PickPlaceMicrowaveToCounter,27,3700405,0,learned_energy_regularized,2,-0.04848447926708188,0.555573738421978,0.0
robocasa/PickPlaceMicrowaveToCounter,27,3700405,0,learned_energy_regularized,4,-0.03807844791958088,0.7545690789096695,0.0
robocasa/PickPlaceMicrowaveToCounter,27,3700405,0,learned_energy_regularized,8,-0.0304469941938361,0.9005059574234306,0.0
robocasa/PickPlaceMicrowaveToCounter,27,3700405,0,predicted_progress,1,-0.05771883966148033,0.3789843519878626,0.0
robocasa/PickPlaceMicrowaveToCounter,27,3700405,0,predicted_progress,2,-0.05171177596483087,0.4938578946216812,0.0
robocasa/PickPlaceMicrowaveToCounter,27,3700405,0,predicted_progress,4,-0.04808333282408954,0.563244892807637,0.0
robocasa/PickPlaceMicrowaveToCounter,27,3700405,0,predicted_progress,8,-0.047528148262935006,0.5738617300139738,0.0
robocasa/PickPlaceMicrowaveToCounter,27,3700405,0,predicted_success,1,-0.05771883966148032,0.3789843519878626,0.0
robocasa/PickPlaceMicrowaveToCounter,27,3700405,0,predicted_success,2,-0.05771883966148032,0.3789843519878626,0.0
robocasa/PickPlaceMicrowaveToCounter,27,3700405,0,predicted_success,4,-0.05771883966148032,0.3789843519878626,0.0
robocasa/PickPlaceMicrowaveToCounter,27,3700405,0,predicted_success,8,-0.05771883966148032,0.3789843519878626,0.0
robocasa/PickPlaceMicrowaveToCounter,27,3700405,0,low_energy,1,-0.05771883966148032,0.3789843519878626,0.0
robocasa/PickPlaceMicrowaveToCounter,27,3700405,0,low_energy,2,-0.04848447926708188,0.555573738421978,0.0
robocasa/PickPlaceMicrowaveToCounter,27,3700405,0,low_energy,4,-0.03807844791958088,0.7545690789096695,0.0
robocasa/PickPlaceMicrowaveToCounter,27,3700405,0,low_energy,8,-0.0304469941938361,0.9005059574234306,0.0
robocasa/PickPlaceMicrowaveToCounter,27,3700405,0,distance_progress,1,-0.05771883966148033,0.3789843519878626,0.0
robocasa/PickPlaceMicrowaveToCounter,27,3700405,0,distance_progress,2,-0.05135195174849347,0.5007388408781975,0.0
robocasa/PickPlaceMicrowaveToCounter,27,3700405,0,distance_progress,4,-0.04943051656570646,0.5374825941550462,0.0
robocasa/PickPlaceMicrowaveToCounter,27,3700405,0,distance_progress,8,-0.05475258062428878,0.4357083524611435,0.0
robocasa/PickPlaceMicrowaveToCounter,27,3700405,0,oracle_real_utility,1,-0.05771883966148032,0.3789843519878626,0.0
robocasa/PickPlaceMicrowaveToCounter,27,3700405,0,oracle_real_utility,2,-0.0477405698447013,0.5697995757133654,0.0
robocasa/PickPlaceMicrowaveToCounter,27,3700405,0,oracle_real_utility,4,-0.03769631129138764,0.7618767071399452,0.0
robocasa/PickPlaceMicrowaveToCounter,27,3700405,0,oracle_real_utility,8,-0.03037390948888506,0.901903561876128,0.0
robocasa/PickPlaceMicrowaveToCounter,27,3710412,1,random,1,-0.06205650473330737,0.6455301611424552,0.0
robocasa/PickPlaceMicrowaveToCounter,27,3710412,1,random,2,-0.06665414118716945,0.5500093476163137,0.0
robocasa/PickPlaceMicrowaveToCounter,27,3710412,1,random,4,-0.0728335930085516,0.42162462841386633,0.0
robocasa/PickPlaceMicrowaveToCounter,27,3710412,1,random,8,-0.078162342537793,0.31091415897633423,0.0
robocasa/PickPlaceMicrowaveToCounter,27,3710412,1,learned_wam,1,-0.06205650473330738,0.6455301611424552,0.0
robocasa/PickPlaceMicrowaveToCounter,27,3710412,1,learned_wam,2,-0.05338842225094861,0.8256188433894145,0.0
robocasa/PickPlaceMicrowaveToCounter,27,3710412,1,learned_wam,4,-0.048250708381386356,0.9323603427249877,0.0
robocasa/PickPlaceMicrowaveToCounter,27,3710412,1,learned_wam,8,-0.04563246433498841,0.9867571624456558,0.0
robocasa/PickPlaceMicrowaveToCounter,27,3710412,1,learned_physics_score,1,-0.06205650473330738,0.6455301611424552,0.0
robocasa/PickPlaceMicrowaveToCounter,27,3710412,1,learned_physics_score,2,-0.05338842225094861,0.8256188433894145,0.0
robocasa/PickPlaceMicrowaveToCounter,27,3710412,1,learned_physics_score,4,-0.048250708381386356,0.9323603427249877,0.0
robocasa/PickPlaceMicrowaveToCounter,27,3710412,1,learned_physics_score,8,-0.04563246433498841,0.9867571624456558,0.0
robocasa/PickPlaceMicrowaveToCounter,27,3710412,1,learned_energy_regularized,1,-0.06205650473330738,0.6455301611424552,0.0
robocasa/PickPlaceMicrowaveToCounter,27,3710412,1,learned_energy_regularized,2,-0.05343352541494772,0.8246817769290642,0.0
robocasa/PickPlaceMicrowaveToCounter,27,3710412,1,learned_energy_regularized,4,-0.04840363629682083,0.9291831017578626,0.0
robocasa/PickPlaceMicrowaveToCounter,27,3710412,1,learned_energy_regularized,8,-0.04587301379741236,0.981759490147162,0.0
robocasa/PickPlaceMicrowaveToCounter,27,3710412,1,predicted_progress,1,-0.06205650473330737,0.6455301611424551,0.0
robocasa/PickPlaceMicrowaveToCounter,27,3710412,1,predicted_progress,2,-0.0654033130389271,0.5759966398914873,0.0
robocasa/PickPlaceMicrowaveToCounter,27,3710412,1,predicted_progress,4,-0.06804753936055832,0.5210600106203145,0.0
robocasa/PickPlaceMicrowaveToCounter,27,3710412,1,predicted_progress,8,-0.07080690285178509,0.4637312835360087,0.0
robocasa/PickPlaceMicrowaveToCounter,27,3710412,1,predicted_success,1,-0.06205650473330737,0.6455301611424551,0.0
robocasa/PickPlaceMicrowaveToCounter,27,3710412,1,predicted_success,2,-0.06205650473330737,0.6455301611424551,0.0
robocasa/PickPlaceMicrowaveToCounter,27,3710412,1,predicted_success,4,-0.06205650473330737,0.6455301611424551,0.0
robocasa/PickPlaceMicrowaveToCounter,27,3710412,1,predicted_success,8,-0.06205650473330737,0.6455301611424551,0.0
robocasa/PickPlaceMicrowaveToCounter,27,3710412,1,low_energy,1,-0.06205650473330738,0.6455301611424552,0.0
robocasa/PickPlaceMicrowaveToCounter,27,3710412,1,low_energy,2,-0.053361961722514006,0.8261685891615669,0.0
robocasa/PickPlaceMicrowaveToCounter,27,3710412,1,low_energy,4,-0.04805950754417494,0.9363327445668016,0.0
robocasa/PickPlaceMicrowaveToCounter,27,3710412,1,low_energy,8,-0.045751710260795164,0.9842797008287916,0.0
robocasa/PickPlaceMicrowaveToCounter,27,3710412,1,distance_progress,1,-0.06205650473330738,0.6455301611424551,0.0
robocasa/PickPlaceMicrowaveToCounter,27,3710412,1,distance_progress,2,-0.05339086575457882,0.825568076988688,0.0
robocasa/PickPlaceMicrowaveToCounter,27,3710412,1,distance_progress,4,-0.048904965043062895,0.9187674609899075,0.0
robocasa/PickPlaceMicrowaveToCounter,27,3710412,1,distance_progress,8,-0.048717311968818906,0.9226661542624932,0.0
robocasa/PickPlaceMicrowaveToCounter,27,3710412,1,oracle_real_utility,1,-0.06205650473330738,0.6455301611424551,0.0
robocasa/PickPlaceMicrowaveToCounter,27,3710412,1,oracle_real_utility,2,-0.05227526891808247,0.8487457941611292,0.0
robocasa/PickPlaceMicrowaveToCounter,27,3710412,1,oracle_real_utility,4,-0.046925593459262165,0.9598910221615069,0.0
robocasa/PickPlaceMicrowaveToCounter,27,3710412,1,oracle_real_utility,8,-0.045281805118968795,0.9940424826141299,0.0
robocasa/CloseFridgeDrawer,28,3800408,0,random,1,-0.049742414580088753,0.5883294806431031,0.0
robocasa/CloseFridgeDrawer,28,3800408,0,random,2,-0.04723299784768759,0.6402256148698318,0.0
robocasa/CloseFridgeDrawer,28,3800408,0,random,4,-0.04142039455416669,0.7604334850224503,0.0
robocasa/CloseFridgeDrawer,28,3800408,0,random,8,-0.038141275642166184,0.8282474885736861,0.0
robocasa/CloseFridgeDrawer,28,3800408,0,learned_wam,1,-0.04974241458008876,0.5883294806431031,0.0
robocasa/CloseFridgeDrawer,28,3800408,0,learned_wam,2,-0.04117966205418642,0.7654119670618835,0.0
robocasa/CloseFridgeDrawer,28,3800408,0,learned_wam,4,-0.03649561578956073,0.862280649945266,0.0
robocasa/CloseFridgeDrawer,28,3800408,0,learned_wam,8,-0.03370102764799778,0.9200742875784237,0.0
robocasa/CloseFridgeDrawer,28,3800408,0,learned_physics_score,1,-0.04974241458008876,0.5883294806431031,0.0
robocasa/CloseFridgeDrawer,28,3800408,0,learned_physics_score,2,-0.04117966205418642,0.7654119670618835,0.0
robocasa/CloseFridgeDrawer,28,3800408,0,learned_physics_score,4,-0.03649561578956073,0.862280649945266,0.0
robocasa/CloseFridgeDrawer,28,3800408,0,learned_physics_score,8,-0.03370102764799778,0.9200742875784237,0.0
robocasa/CloseFridgeDrawer,28,3800408,0,learned_energy_regularized,1,-0.04974241458008876,0.5883294806431031,0.0
robocasa/CloseFridgeDrawer,28,3800408,0,learned_energy_regularized,2,-0.04266399832249092,0.7347150671715955,0.0
robocasa/CloseFridgeDrawer,28,3800408,0,learned_energy_regularized,4,-0.036938878373164445,0.8531137330918929,0.0
robocasa/CloseFridgeDrawer,28,3800408,0,learned_energy_regularized,8,-0.033761607860449495,0.9188214550790287,0.0
robocasa/CloseFridgeDrawer,28,3800408,0,predicted_progress,1,-0.04974241458008877,0.5883294806431031,0.0
robocasa/CloseFridgeDrawer,28,3800408,0,predicted_progress,2,-0.044817685046149025,0.69017562744835,0.0
robocasa/CloseFridgeDrawer,28,3800408,0,predicted_progress,4,-0.04628528137963059,0.6598249187240414,0.0
robocasa/CloseFridgeDrawer,28,3800408,0,predicted_progress,8,-0.05024795971166761,0.5778745260445572,0.0
robocasa/CloseFridgeDrawer,28,3800408,0,predicted_success,1,-0.04974241458008876,0.5883294806431031,0.0
robocasa/CloseFridgeDrawer,28,3800408,0,predicted_success,2,-0.04974241458008876,0.5883294806431031,0.0
robocasa/CloseFridgeDrawer,28,3800408,0,predicted_success,4,-0.04974241458008876,0.5883294806431031,0.0
robocasa/CloseFridgeDrawer,28,3800408,0,predicted_success,8,-0.04974241458008876,0.5883294806431031,0.0
robocasa/CloseFridgeDrawer,28,3800408,0,low_energy,1,-0.04974241458008876,0.5883294806431031,0.0
robocasa/CloseFridgeDrawer,28,3800408,0,low_energy,2,-0.04265934223231793,0.7348113577069494,0.0
robocasa/CloseFridgeDrawer,28,3800408,0,low_energy,4,-0.03692789291041256,0.8533409185737434,0.0
robocasa/CloseFridgeDrawer,28,3800408,0,low_energy,8,-0.03375304765188107,0.9189984849549913,0.0
robocasa/CloseFridgeDrawer,28,3800408,0,distance_progress,1,-0.04974241458008876,0.5883294806431031,0.0
robocasa/CloseFridgeDrawer,28,3800408,0,distance_progress,2,-0.04343084279683651,0.7188562967817191,0.0
robocasa/CloseFridgeDrawer,28,3800408,0,distance_progress,4,-0.0422184202429985,0.7439298697682533,0.0
robocasa/CloseFridgeDrawer,28,3800408,0,distance_progress,8,-0.04236032907677407,0.7409951161298933,0.0
robocasa/CloseFridgeDrawer,28,3800408,0,oracle_real_utility,1,-0.04974241458008877,0.5883294806431031,0.0
robocasa/CloseFridgeDrawer,28,3800408,0,oracle_real_utility,2,-0.04097397898533172,0.7696656073646782,0.0
robocasa/CloseFridgeDrawer,28,3800408,0,oracle_real_utility,4,-0.03597957831675338,0.8729525919981936,0.0
robocasa/CloseFridgeDrawer,28,3800408,0,oracle_real_utility,8,-0.03312327702324624,0.9320224919498008,0.0
robocasa/CloseFridgeDrawer,28,3810415,1,random,1,-0.0568831245148053,0.534630157187674,0.0
robocasa/CloseFridgeDrawer,28,3810415,1,random,2,-0.060267260112244384,0.43464341306423204,0.0
robocasa/CloseFridgeDrawer,28,3810415,1,random,4,-0.06222730108686492,0.37673257889164485,0.0
robocasa/CloseFridgeDrawer,28,3810415,1,random,8,-0.0653636975698362,0.28406546683803013,0.0
robocasa/CloseFridgeDrawer,28,3810415,1,learned_wam,1,-0.056883124514805296,0.5346301571876741,0.0
robocasa/CloseFridgeDrawer,28,3810415,1,learned_wam,2,-0.051672261384231255,0.6885888930294826,0.0
robocasa/CloseFridgeDrawer,28,3810415,1,learned_wam,4,-0.047578041591794316,0.8095555904281653,0.0
robocasa/CloseFridgeDrawer,28,3810415,1,learned_wam,8,-0.044671579938122534,0.8954291109484989,0.0
robocasa/CloseFridgeDrawer,28,3810415,1,learned_physics_score,1,-0.056883124514805296,0.5346301571876741,0.0
robocasa/CloseFridgeDrawer,28,3810415,1,learned_physics_score,2,-0.051672261384231255,0.6885888930294826,0.0
robocasa/CloseFridgeDrawer,28,3810415,1,learned_physics_score,4,-0.047578041591794316,0.8095555904281653,0.0
robocasa/CloseFridgeDrawer,28,3810415,1,learned_physics_score,8,-0.044671579938122534,0.8954291109484989,0.0
robocasa/CloseFridgeDrawer,28,3810415,1,learned_energy_regularized,1,-0.056883124514805296,0.5346301571876741,0.0
robocasa/CloseFridgeDrawer,28,3810415,1,learned_energy_regularized,2,-0.05265034791981456,0.6596906159515905,0.0
robocasa/CloseFridgeDrawer,28,3810415,1,learned_energy_regularized,4,-0.04852462431407473,0.7815881163955216,0.0
robocasa/CloseFridgeDrawer,28,3810415,1,learned_energy_regularized,8,-0.045558621343822256,0.8692208283590795,0.0
robocasa/CloseFridgeDrawer,28,3810415,1,predicted_progress,1,-0.05688312451480531,0.5346301571876741,0.0
robocasa/CloseFridgeDrawer,28,3810415,1,predicted_progress,2,-0.057599382474812916,0.5134677955412155,0.0
robocasa/CloseFridgeDrawer,28,3810415,1,predicted_progress,4,-0.05965573578306296,0.4527113435199126,0.0
robocasa/CloseFridgeDrawer,28,3810415,1,predicted_progress,8,-0.060052997447811035,0.44097395910385184,0.0
robocasa/CloseFridgeDrawer,28,3810415,1,predicted_success,1,-0.0568831245148053,0.5346301571876741,0.0
robocasa/CloseFridgeDrawer,28,3810415,1,predicted_success,2,-0.0568831245148053,0.5346301571876741,0.0
robocasa/CloseFridgeDrawer,28,3810415,1,predicted_success,4,-0.0568831245148053,0.5346301571876741,0.0
robocasa/CloseFridgeDrawer,28,3810415,1,predicted_success,8,-0.0568831245148053,0.5346301571876741,0.0
robocasa/CloseFridgeDrawer,28,3810415,1,low_energy,1,-0.0568831245148053,0.5346301571876741,0.0
robocasa/CloseFridgeDrawer,28,3810415,1,low_energy,2,-0.053266629540588306,0.6414821278605949,0.0
robocasa/CloseFridgeDrawer,28,3810415,1,low_energy,4,-0.04905424133192716,0.7659401969423223,0.0
robocasa/CloseFridgeDrawer,28,3810415,1,low_energy,8,-0.04562053302779395,0.8673916026896904,0.0
robocasa/CloseFridgeDrawer,28,3810415,1,distance_progress,1,-0.0568831245148053,0.534630157187674,0.0
robocasa/CloseFridgeDrawer,28,3810415,1,distance_progress,2,-0.05541366814271233,0.5780463129670723,0.0
robocasa/CloseFridgeDrawer,28,3810415,1,distance_progress,4,-0.054610302123540455,0.6017823454881073,0.0
robocasa/CloseFridgeDrawer,28,3810415,1,distance_progress,8,-0.055168304424640865,0.5852957622251197,0.0
robocasa/CloseFridgeDrawer,28,3810415,1,oracle_real_utility,1,-0.0568831245148053,0.5346301571876741,0.0
robocasa/CloseFridgeDrawer,28,3810415,1,oracle_real_utility,2,-0.05097202828826878,0.7092777884288715,0.0
robocasa/CloseFridgeDrawer,28,3810415,1,oracle_real_utility,4,-0.046800537867771205,0.8325275026552497,0.0
robocasa/CloseFridgeDrawer,28,3810415,1,oracle_real_utility,8,-0.04376948507806919,0.9220821587801173,0.0
robocasa/TurnOnBlender,29,3900411,0,random,1,-0.051936657172355655,0.4037152481090558,0.0
robocasa/TurnOnBlender,29,3900411,0,random,2,-0.051981963922246716,0.4025938460051897,0.0
robocasa/TurnOnBlender,29,3900411,0,random,4,-0.05530758874934374,0.32028022415541046,0.0
robocasa/TurnOnBlender,29,3900411,0,random,8,-0.05787543974369272,0.25672250892752385,0.0
robocasa/TurnOnBlender,29,3900411,0,learned_wam,1,-0.051936657172355655,0.4037152481090558,0.0
robocasa/TurnOnBlender,29,3900411,0,learned_wam,2,-0.04668615957992991,0.5336720218932385,0.0
robocasa/TurnOnBlender,29,3900411,0,learned_wam,4,-0.04133884400861186,0.6660251689657929,0.0
robocasa/TurnOnBlender,29,3900411,0,learned_wam,8,-0.035719366936357196,0.8051146738763182,0.0
robocasa/TurnOnBlender,29,3900411,0,learned_physics_score,1,-0.051936657172355655,0.4037152481090558,0.0
robocasa/TurnOnBlender,29,3900411,0,learned_physics_score,2,-0.04668615957992991,0.5336720218932385,0.0
robocasa/TurnOnBlender,29,3900411,0,learned_physics_score,4,-0.04133884400861186,0.6660251689657929,0.0
robocasa/TurnOnBlender,29,3900411,0,learned_physics_score,8,-0.035719366936357196,0.8051146738763182,0.0
robocasa/TurnOnBlender,29,3900411,0,learned_energy_regularized,1,-0.051936657172355655,0.4037152481090558,0.0
robocasa/TurnOnBlender,29,3900411,0,learned_energy_regularized,2,-0.04719699745992754,0.5210281073608308,0.0
robocasa/TurnOnBlender,29,3900411,0,learned_energy_regularized,4,-0.04018395041856854,0.6946103158750256,0.0
robocasa/TurnOnBlender,29,3900411,0,learned_energy_regularized,8,-0.03373578200837005,0.8542110296464852,0.0
robocasa/TurnOnBlender,29,3900411,0,predicted_progress,1,-0.051936657172355655,0.4037152481090558,0.0
robocasa/TurnOnBlender,29,3900411,0,predicted_progress,2,-0.05230295815203785,0.39464881341110347,0.0
robocasa/TurnOnBlender,29,3900411,0,predicted_progress,4,-0.05511731667197745,0.3249897102337219,0.0
robocasa/TurnOnBlender,29,3900411,0,predicted_progress,8,-0.05683317332331426,0.2825199841251833,0.0
robocasa/TurnOnBlender,29,3900411,0,predicted_success,1,-0.051936657172355655,0.4037152481090558,0.0
robocasa/TurnOnBlender,29,3900411,0,predicted_success,2,-0.051936657172355655,0.4037152481090558,0.0
robocasa/TurnOnBlender,29,3900411,0,predicted_success,4,-0.051936657172355655,0.4037152481090558,0.0
robocasa/TurnOnBlender,29,3900411,0,predicted_success,8,-0.051936657172355655,0.4037152481090558,0.0
robocasa/TurnOnBlender,29,3900411,0,low_energy,1,-0.05193665717235565,0.4037152481090558,0.0
robocasa/TurnOnBlender,29,3900411,0,low_energy,2,-0.04745475739170004,0.5146482074457621,0.0
robocasa/TurnOnBlender,29,3900411,0,low_energy,4,-0.04038550670712629,0.6896215306150029,0.0
robocasa/TurnOnBlender,29,3900411,0,low_energy,8,-0.033783231291705705,0.853036597000412,0.0
robocasa/TurnOnBlender,29,3900411,0,distance_progress,1,-0.051936657172355655,0.4037152481090558,0.0
robocasa/TurnOnBlender,29,3900411,0,distance_progress,2,-0.046747751029803254,0.532147551883048,0.0
robocasa/TurnOnBlender,29,3900411,0,distance_progress,4,-0.0427489570003568,0.6311230036276558,0.0
robocasa/TurnOnBlender,29,3900411,0,distance_progress,8,-0.042374492685021053,0.6403914917017269,0.0
robocasa/TurnOnBlender,29,3900411,0,oracle_real_utility,1,-0.051936657172355655,0.4037152481090558,0.0
robocasa/TurnOnBlender,29,3900411,0,oracle_real_utility,2,-0.045255789960887895,0.569075565602651,0.0
robocasa/TurnOnBlender,29,3900411,0,oracle_real_utility,4,-0.038785417232872786,0.7292258656669772,0.0
robocasa/TurnOnBlender,29,3900411,0,oracle_real_utility,8,-0.03322580045297162,0.8668337490101942,0.0
robocasa/TurnOnBlender,29,3910418,1,random,1,-0.056355953737376556,0.4429382314438205,0.0
robocasa/TurnOnBlender,29,3910418,1,random,2,-0.05078417204613925,0.6147612397906502,0.0
robocasa/TurnOnBlender,29,3910418,1,random,4,-0.04487457694036292,0.79700176274278,0.0
robocasa/TurnOnBlender,29,3910418,1,random,8,-0.04073381413675995,0.924694906730214,0.0
robocasa/TurnOnBlender,29,3910418,1,learned_wam,1,-0.056355953737376556,0.4429382314438205,0.0
robocasa/TurnOnBlender,29,3910418,1,learned_wam,2,-0.05085418136831656,0.6126022872301529,0.0
robocasa/TurnOnBlender,29,3910418,1,learned_wam,4,-0.04709105726236702,0.7286497816399954,0.0
robocasa/TurnOnBlender,29,3910418,1,learned_wam,8,-0.04693311787760429,0.733520327854873,0.0
robocasa/TurnOnBlender,29,3910418,1,learned_physics_score,1,-0.056355953737376556,0.4429382314438205,0.0
robocasa/TurnOnBlender,29,3910418,1,learned_physics_score,2,-0.05085418136831656,0.6126022872301529,0.0
robocasa/TurnOnBlender,29,3910418,1,learned_physics_score,4,-0.04709105726236702,0.7286497816399954,0.0
robocasa/TurnOnBlender,29,3910418,1,learned_physics_score,8,-0.04693311787760429,0.733520327854873,0.0
robocasa/TurnOnBlender,29,3910418,1,learned_energy_regularized,1,-0.05635595373737656,0.4429382314438205,0.0
robocasa/TurnOnBlender,29,3910418,1,learned_energy_regularized,2,-0.050621285234009106,0.6197843551299038,0.0
robocasa/TurnOnBlender,29,3910418,1,learned_energy_regularized,4,-0.04487612810968067,0.7969539276707329,0.0
robocasa/TurnOnBlender,29,3910418,1,learned_energy_regularized,8,-0.04073582038205539,0.9246330379921249,0.0
robocasa/TurnOnBlender,29,3910418,1,predicted_progress,1,-0.056355953737376556,0.4429382314438205,0.0
robocasa/TurnOnBlender,29,3910418,1,predicted_progress,2,-0.05427129353507492,0.5072251341241075,0.0
robocasa/TurnOnBlender,29,3910418,1,predicted_progress,4,-0.05140031520090256,0.5957605724475208,0.0
robocasa/TurnOnBlender,29,3910418,1,predicted_progress,8,-0.049232375947879235,0.6626156405406368,0.0
robocasa/TurnOnBlender,29,3910418,1,predicted_success,1,-0.05635595373737656,0.4429382314438205,0.0
robocasa/TurnOnBlender,29,3910418,1,predicted_success,2,-0.05635595373737656,0.4429382314438205,0.0
robocasa/TurnOnBlender,29,3910418,1,predicted_success,4,-0.05635595373737656,0.4429382314438205,0.0
robocasa/TurnOnBlender,29,3910418,1,predicted_success,8,-0.05635595373737656,0.4429382314438205,0.0
robocasa/TurnOnBlender,29,3910418,1,low_energy,1,-0.05635595373737656,0.4429382314438205,0.0
robocasa/TurnOnBlender,29,3910418,1,low_energy,2,-0.05145948778316484,0.5939358040593506,0.0
robocasa/TurnOnBlender,29,3910418,1,low_energy,4,-0.04631496039977785,0.7525831130388775,0.0
robocasa/TurnOnBlender,29,3910418,1,low_energy,8,-0.04142695135155355,0.9033198909735342,0.0
robocasa/TurnOnBlender,29,3910418,1,distance_progress,1,-0.056355953737376556,0.4429382314438205,0.0
robocasa/TurnOnBlender,29,3910418,1,distance_progress,2,-0.05456081587932607,0.4982968230506326,0.0
robocasa/TurnOnBlender,29,3910418,1,distance_progress,4,-0.0536121315677842,0.5275524187314404,0.0
robocasa/TurnOnBlender,29,3910418,1,distance_progress,8,-0.049980549171025526,0.6395434203623563,0.0
robocasa/TurnOnBlender,29,3910418,1,oracle_real_utility,1,-0.056355953737376556,0.4429382314438205,0.0
robocasa/TurnOnBlender,29,3910418,1,oracle_real_utility,2,-0.05000065890223304,0.638923275011264,0.0
robocasa/TurnOnBlender,29,3910418,1,oracle_real_utility,4,-0.04445962500636691,0.8097980806119205,0.0
robocasa/TurnOnBlender,29,3910418,1,oracle_real_utility,8,-0.04069484356189537,0.9258966841474391,0.0
robocasa/PickPlaceCabinetToCounter,30,4000414,0,random,1,-0.057695966631248825,0.5077666599903918,0.0
robocasa/PickPlaceCabinetToCounter,30,4000414,0,random,2,-0.05541712665431284,0.5851210156768576,0.0
robocasa/PickPlaceCabinetToCounter,30,4000414,0,random,4,-0.05132016742577709,0.7241907373793943,0.0
robocasa/PickPlaceCabinetToCounter,30,4000414,0,random,8,-0.047437823466246046,0.8559754254585265,0.0
robocasa/PickPlaceCabinetToCounter,30,4000414,0,learned_wam,1,-0.05769596663124883,0.5077666599903918,0.0
robocasa/PickPlaceCabinetToCounter,30,4000414,0,learned_wam,2,-0.05399745278237026,0.6333113049294994,0.0
robocasa/PickPlaceCabinetToCounter,30,4000414,0,learned_wam,4,-0.050243657932218244,0.7607324424167845,0.0
robocasa/PickPlaceCabinetToCounter,30,4000414,0,learned_wam,8,-0.04788561090976668,0.8407754511169311,0.0
robocasa/PickPlaceCabinetToCounter,30,4000414,0,learned_physics_score,1,-0.05769596663124883,0.5077666599903918,0.0
robocasa/PickPlaceCabinetToCounter,30,4000414,0,learned_physics_score,2,-0.05399745278237026,0.6333113049294994,0.0
robocasa/PickPlaceCabinetToCounter,30,4000414,0,learned_physics_score,4,-0.050243657932218244,0.7607324424167845,0.0
robocasa/PickPlaceCabinetToCounter,30,4000414,0,learned_physics_score,8,-0.04788561090976668,0.8407754511169311,0.0
robocasa/PickPlaceCabinetToCounter,30,4000414,0,learned_energy_regularized,1,-0.057695966631248825,0.5077666599903918,0.0
robocasa/PickPlaceCabinetToCounter,30,4000414,0,learned_energy_regularized,2,-0.05248792926908429,0.6845515060606059,0.0
robocasa/PickPlaceCabinetToCounter,30,4000414,0,learned_energy_regularized,4,-0.048110718178335704,0.8331342705615902,0.0
robocasa/PickPlaceCabinetToCounter,30,4000414,0,learned_energy_regularized,8,-0.046612140600116446,0.8840029160928998,0.0
robocasa/PickPlaceCabinetToCounter,30,4000414,0,predicted_progress,1,-0.05769596663124883,0.5077666599903918,0.0
robocasa/PickPlaceCabinetToCounter,30,4000414,0,predicted_progress,2,-0.055232817253260194,0.5913773281470975,0.0
robocasa/PickPlaceCabinetToCounter,30,4000414,0,predicted_progress,4,-0.05414982899256811,0.628138952468995,0.0
robocasa/PickPlaceCabinetToCounter,30,4000414,0,predicted_progress,8,-0.05736066655380431,0.5191482935034286,0.0
robocasa/PickPlaceCabinetToCounter,30,4000414,0,predicted_success,1,-0.05769596663124883,0.5077666599903918,0.0
robocasa/PickPlaceCabinetToCounter,30,4000414,0,predicted_success,2,-0.05769596663124883,0.5077666599903918,0.0
robocasa/PickPlaceCabinetToCounter,30,4000414,0,predicted_success,4,-0.05769596663124883,0.5077666599903918,0.0
robocasa/PickPlaceCabinetToCounter,30,4000414,0,predicted_success,8,-0.05769596663124883,0.5077666599903918,0.0
robocasa/PickPlaceCabinetToCounter,30,4000414,0,low_energy,1,-0.05769596663124883,0.5077666599903918,0.0
robocasa/PickPlaceCabinetToCounter,30,4000414,0,low_energy,2,-0.05223699698424964,0.6930693069640353,0.0
robocasa/PickPlaceCabinetToCounter,30,4000414,0,low_energy,4,-0.0477303989341332,0.8460440625558503,0.0
robocasa/PickPlaceCabinetToCounter,30,4000414,0,low_energy,8,-0.04648477435475801,0.8883263148157682,0.0
robocasa/PickPlaceCabinetToCounter,30,4000414,0,distance_progress,1,-0.05769596663124883,0.5077666599903918,0.0
robocasa/PickPlaceCabinetToCounter,30,4000414,0,distance_progress,2,-0.054275865664428526,0.623860685612479,0.0
robocasa/PickPlaceCabinetToCounter,30,4000414,0,distance_progress,4,-0.04904145617735415,0.8015407234254788,0.0
robocasa/PickPlaceCabinetToCounter,30,4000414,0,distance_progress,8,-0.04480583279397849,0.9453173470882272,0.0
robocasa/PickPlaceCabinetToCounter,30,4000414,0,oracle_real_utility,1,-0.05769596663124883,0.5077666599903918,0.0
robocasa/PickPlaceCabinetToCounter,30,4000414,0,oracle_real_utility,2,-0.0515917831509476,0.714970844965919,0.0
robocasa/PickPlaceCabinetToCounter,30,4000414,0,oracle_real_utility,4,-0.04653288187008343,0.8866933235178542,0.0
robocasa/PickPlaceCabinetToCounter,30,4000414,0,oracle_real_utility,8,-0.043920213195630574,0.9753793672857227,0.0
robocasa/PickPlaceCabinetToCounter,30,4010421,1,random,1,-0.04690159779201451,0.5566063351126151,0.0
robocasa/PickPlaceCabinetToCounter,30,4010421,1,random,2,-0.04680863404787342,0.5580836335644177,0.0
robocasa/PickPlaceCabinetToCounter,30,4010421,1,random,4,-0.043452058218113036,0.6114233986790486,0.0
robocasa/PickPlaceCabinetToCounter,30,4010421,1,random,8,-0.03762131124395872,0.7040805260070607,0.0
robocasa/PickPlaceCabinetToCounter,30,4010421,1,learned_wam,1,-0.04690159779201452,0.5566063351126151,0.0
robocasa/PickPlaceCabinetToCounter,30,4010421,1,learned_wam,2,-0.036553603464663964,0.7210476034833685,0.0
robocasa/PickPlaceCabinetToCounter,30,4010421,1,learned_wam,4,-0.02895797602713264,0.8417506663559535,0.0
robocasa/PickPlaceCabinetToCounter,30,4010421,1,learned_wam,8,-0.025083034243047145,0.9033278494970072,0.0
robocasa/PickPlaceCabinetToCounter,30,4010421,1,learned_physics_score,1,-0.04690159779201452,0.5566063351126151,0.0
robocasa/PickPlaceCabinetToCounter,30,4010421,1,learned_physics_score,2,-0.036553603464663964,0.7210476034833685,0.0
robocasa/PickPlaceCabinetToCounter,30,4010421,1,learned_physics_score,4,-0.02895797602713264,0.8417506663559535,0.0
robocasa/PickPlaceCabinetToCounter,30,4010421,1,learned_physics_score,8,-0.025083034243047145,0.9033278494970072,0.0
robocasa/PickPlaceCabinetToCounter,30,4010421,1,learned_energy_regularized,1,-0.04690159779201452,0.5566063351126151,0.0
robocasa/PickPlaceCabinetToCounter,30,4010421,1,learned_energy_regularized,2,-0.03604877167216772,0.7290699484563019,0.0
robocasa/PickPlaceCabinetToCounter,30,4010421,1,learned_energy_regularized,4,-0.027964916950710926,0.8575314919853474,0.0
robocasa/PickPlaceCabinetToCounter,30,4010421,1,learned_energy_regularized,8,-0.02472630015403415,0.9089967553943882,0.0
robocasa/PickPlaceCabinetToCounter,30,4010421,1,predicted_progress,1,-0.04690159779201451,0.5566063351126151,0.0
robocasa/PickPlaceCabinetToCounter,30,4010421,1,predicted_progress,2,-0.05137154734310374,0.48557380934174055,0.0
robocasa/PickPlaceCabinetToCounter,30,4010421,1,predicted_progress,4,-0.057771925786718026,0.3838645972928936,0.0
robocasa/PickPlaceCabinetToCounter,30,4010421,1,predicted_progress,8,-0.06424947726010584,0.2809290190035444,0.0
robocasa/PickPlaceCabinetToCounter,30,4010421,1,predicted_success,1,-0.04690159779201451,0.5566063351126151,0.0
robocasa/PickPlaceCabinetToCounter,30,4010421,1,predicted_success,2,-0.04690159779201451,0.5566063351126151,0.0
robocasa/PickPlaceCabinetToCounter,30,4010421,1,predicted_success,4,-0.04690159779201451,0.5566063351126151,0.0
robocasa/PickPlaceCabinetToCounter,30,4010421,1,predicted_success,8,-0.04690159779201451,0.5566063351126151,0.0
robocasa/PickPlaceCabinetToCounter,30,4010421,1,low_energy,1,-0.04690159779201452,0.5566063351126151,0.0
robocasa/PickPlaceCabinetToCounter,30,4010421,1,low_energy,2,-0.035976081039039445,0.7302250843727077,0.0
robocasa/PickPlaceCabinetToCounter,30,4010421,1,low_energy,4,-0.027902448437866316,0.8585241869135087,0.0
robocasa/PickPlaceCabinetToCounter,30,4010421,1,low_energy,8,-0.024718997649214536,0.9091128004091837,0.0
robocasa/PickPlaceCabinetToCounter,30,4010421,1,distance_progress,1,-0.04690159779201451,0.5566063351126151,0.0
robocasa/PickPlaceCabinetToCounter,30,4010421,1,distance_progress,2,-0.03866642118331359,0.6874725536234502,0.0
robocasa/PickPlaceCabinetToCounter,30,4010421,1,distance_progress,4,-0.03588774392181593,0.731628860519169,0.0
robocasa/PickPlaceCabinetToCounter,30,4010421,1,distance_progress,8,-0.0363684880002747,0.7239892964140221,0.0
robocasa/PickPlaceCabinetToCounter,30,4010421,1,oracle_real_utility,1,-0.04690159779201451,0.5566063351126151,0.0
robocasa/PickPlaceCabinetToCounter,30,4010421,1,oracle_real_utility,2,-0.03528679444236783,0.7411786236424438,0.0
robocasa/PickPlaceCabinetToCounter,30,4010421,1,oracle_real_utility,4,-0.02664638899219008,0.8784843842099203,0.0
robocasa/PickPlaceCabinetToCounter,30,4010421,1,oracle_real_utility,8,-0.021902330773705726,0.9538728049988987,0.0
robocasa/PickPlaceSinkToCounter,31,4100417,0,random,1,-0.05718678711564136,0.48627535450038345,0.0
robocasa/PickPlaceSinkToCounter,31,4100417,0,random,2,-0.054233611269020876,0.5486197092613007,0.0
robocasa/PickPlaceSinkToCounter,31,4100417,0,random,4,-0.05503013036024845,0.5318044326315114,0.0
robocasa/PickPlaceSinkToCounter,31,4100417,0,random,8,-0.056572500409408304,0.4992435319227118,0.0
robocasa/PickPlaceSinkToCounter,31,4100417,0,learned_wam,1,-0.057186787115641374,0.4862753545003834,0.0
robocasa/PickPlaceSinkToCounter,31,4100417,0,learned_wam,2,-0.04951861058233281,0.6481578643783552,0.0
robocasa/PickPlaceSinkToCounter,31,4100417,0,learned_wam,4,-0.04331129235288673,0.7792002641234821,0.0
robocasa/PickPlaceSinkToCounter,31,4100417,0,learned_wam,8,-0.038744331364585466,0.875613160212874,0.0
robocasa/PickPlaceSinkToCounter,31,4100417,0,learned_physics_score,1,-0.057186787115641374,0.4862753545003834,0.0
robocasa/PickPlaceSinkToCounter,31,4100417,0,learned_physics_score,2,-0.04951861058233281,0.6481578643783552,0.0
robocasa/PickPlaceSinkToCounter,31,4100417,0,learned_physics_score,4,-0.04331129235288673,0.7792002641234821,0.0
robocasa/PickPlaceSinkToCounter,31,4100417,0,learned_physics_score,8,-0.038744331364585466,0.875613160212874,0.0
robocasa/PickPlaceSinkToCounter,31,4100417,0,learned_energy_regularized,1,-0.05718678711564136,0.4862753545003834,0.0
robocasa/PickPlaceSinkToCounter,31,4100417,0,learned_energy_regularized,2,-0.050218269888449005,0.6333873900626446,0.0
robocasa/PickPlaceSinkToCounter,31,4100417,0,learned_energy_regularized,4,-0.0438379171136896,0.7680827138594335,0.0
robocasa/PickPlaceSinkToCounter,31,4100417,0,learned_energy_regularized,8,-0.03880045923127286,0.8744282474902751,0.0
robocasa/PickPlaceSinkToCounter,31,4100417,0,predicted_progress,1,-0.05718678711564136,0.48627535450038345,0.0
robocasa/PickPlaceSinkToCounter,31,4100417,0,predicted_progress,2,-0.054654785672469654,0.5397283164731342,0.0
robocasa/PickPlaceSinkToCounter,31,4100417,0,predicted_progress,4,-0.053193790193433316,0.570571322504547,0.0
robocasa/PickPlaceSinkToCounter,31,4100417,0,predicted_progress,8,-0.0537996252013784,0.5577815684825729,0.0
robocasa/PickPlaceSinkToCounter,31,4100417,0,predicted_success,1,-0.05718678711564136,0.4862753545003834,0.0
robocasa/PickPlaceSinkToCounter,31,4100417,0,predicted_success,2,-0.05718678711564136,0.4862753545003834,0.0
robocasa/PickPlaceSinkToCounter,31,4100417,0,predicted_success,4,-0.05718678711564136,0.4862753545003834,0.0
robocasa/PickPlaceSinkToCounter,31,4100417,0,predicted_success,8,-0.05718678711564136,0.4862753545003834,0.0
robocasa/PickPlaceSinkToCounter,31,4100417,0,low_energy,1,-0.05718678711564136,0.4862753545003834,0.0
robocasa/PickPlaceSinkToCounter,31,4100417,0,low_energy,2,-0.05144404321276261,0.6075101477457239,0.0
robocasa/PickPlaceSinkToCounter,31,4100417,0,low_energy,4,-0.044121966958150786,0.7620861511105078,0.0
robocasa/PickPlaceSinkToCounter,31,4100417,0,low_energy,8,-0.03880694832228015,0.8742912565988261,0.0
robocasa/PickPlaceSinkToCounter,31,4100417,0,distance_progress,1,-0.05718678711564136,0.48627535450038345,0.0
robocasa/PickPlaceSinkToCounter,31,4100417,0,distance_progress,2,-0.053648547234719686,0.5609709682471371,0.0
robocasa/PickPlaceSinkToCounter,31,4100417,0,distance_progress,4,-0.05370968980492917,0.5596801903571256,0.0
robocasa/PickPlaceSinkToCounter,31,4100417,0,distance_progress,8,-0.054570788635942974,0.5415015739139596,0.0
robocasa/PickPlaceSinkToCounter,31,4100417,0,oracle_real_utility,1,-0.057186787115641374,0.4862753545003834,0.0
robocasa/PickPlaceSinkToCounter,31,4100417,0,oracle_real_utility,2,-0.04884735417688854,0.6623287264096311,0.0
robocasa/PickPlaceSinkToCounter,31,4100417,0,oracle_real_utility,4,-0.04217883609252454,0.8031074943441397,0.0
robocasa/PickPlaceSinkToCounter,31,4100417,0,oracle_real_utility,8,-0.03719283232361493,0.9083667826333545,0.0
robocasa/PickPlaceSinkToCounter,31,4110424,1,random,1,-0.060553816845258394,0.6852046925989369,0.0
robocasa/PickPlaceSinkToCounter,31,4110424,1,random,2,-0.0529278468636773,0.8474639210998582,0.0
robocasa/PickPlaceSinkToCounter,31,4110424,1,random,4,-0.04976739415328596,0.914709480647081,0.0
robocasa/PickPlaceSinkToCounter,31,4110424,1,random,8,-0.047861191732187405,0.9552681158057672,0.0
robocasa/PickPlaceSinkToCounter,31,4110424,1,learned_wam,1,-0.060553816845258394,0.6852046925989369,0.0
robocasa/PickPlaceSinkToCounter,31,4110424,1,learned_wam,2,-0.05337227967592052,0.838007638763414,0.0
robocasa/PickPlaceSinkToCounter,31,4110424,1,learned_wam,4,-0.05102663619681626,0.8879163457445507,0.0
robocasa/PickPlaceSinkToCounter,31,4110424,1,learned_wam,8,-0.050965657091200975,0.8892138098908442,0.0
robocasa/PickPlaceSinkToCounter,31,4110424,1,learned_physics_score,1,-0.060553816845258394,0.6852046925989369,0.0
robocasa/PickPlaceSinkToCounter,31,4110424,1,learned_physics_score,2,-0.05337227967592052,0.838007638763414,0.0
robocasa/PickPlaceSinkToCounter,31,4110424,1,learned_physics_score,4,-0.05102663619681626,0.8879163457445507,0.0
robocasa/PickPlaceSinkToCounter,31,4110424,1,learned_physics_score,8,-0.050965657091200975,0.8892138098908442,0.0
robocasa/PickPlaceSinkToCounter,31,4110424,1,learned_energy_regularized,1,-0.060553816845258394,0.685204692598937,0.0
robocasa/PickPlaceSinkToCounter,31,4110424,1,learned_energy_regularized,2,-0.05441875235614807,0.8157416384839572,0.0
robocasa/PickPlaceSinkToCounter,31,4110424,1,learned_energy_regularized,4,-0.05326458432017438,0.8402990935394894,0.0
robocasa/PickPlaceSinkToCounter,31,4110424,1,learned_energy_regularized,8,-0.05391410343169853,0.8264791506093361,0.0
robocasa/PickPlaceSinkToCounter,31,4110424,1,predicted_progress,1,-0.060553816845258394,0.685204692598937,0.0
robocasa/PickPlaceSinkToCounter,31,4110424,1,predicted_progress,2,-0.05626495530690855,0.7764596235835508,0.0
robocasa/PickPlaceSinkToCounter,31,4110424,1,predicted_progress,4,-0.053661569496777715,0.8318523636628259,0.0
robocasa/PickPlaceSinkToCounter,31,4110424,1,predicted_progress,8,-0.04956167804523463,0.9190865418030049,0.0
robocasa/PickPlaceSinkToCounter,31,4110424,1,predicted_success,1,-0.0605538168452584,0.685204692598937,0.0
robocasa/PickPlaceSinkToCounter,31,4110424,1,predicted_success,2,-0.0605538168452584,0.685204692598937,0.0
robocasa/PickPlaceSinkToCounter,31,4110424,1,predicted_success,4,-0.0605538168452584,0.685204692598937,0.0
robocasa/PickPlaceSinkToCounter,31,4110424,1,predicted_success,8,-0.0605538168452584,0.685204692598937,0.0
robocasa/PickPlaceSinkToCounter,31,4110424,1,low_energy,1,-0.060553816845258394,0.685204692598937,0.0
robocasa/PickPlaceSinkToCounter,31,4110424,1,low_energy,2,-0.05601078180259657,0.7818677220699924,0.0
robocasa/PickPlaceSinkToCounter,31,4110424,1,low_energy,4,-0.0541878219157098,0.8206551898345912,0.0
robocasa/PickPlaceSinkToCounter,31,4110424,1,low_energy,8,-0.05421212193056582,0.8201381537496575,0.0
robocasa/PickPlaceSinkToCounter,31,4110424,1,distance_progress,1,-0.060553816845258394,0.685204692598937,0.0
robocasa/PickPlaceSinkToCounter,31,4110424,1,distance_progress,2,-0.05626495530690855,0.7764596235835508,0.0
robocasa/PickPlaceSinkToCounter,31,4110424,1,distance_progress,4,-0.053661569496777715,0.8318523636628259,0.0
robocasa/PickPlaceSinkToCounter,31,4110424,1,distance_progress,8,-0.04956167804523463,0.9190865418030049,0.0
robocasa/PickPlaceSinkToCounter,31,4110424,1,oracle_real_utility,1,-0.060553816845258394,0.685204692598937,0.0
robocasa/PickPlaceSinkToCounter,31,4110424,1,oracle_real_utility,2,-0.05213579712331151,0.8643165156047559,0.0
robocasa/PickPlaceSinkToCounter,31,4110424,1,oracle_real_utility,4,-0.048157244740448385,0.9489689390673551,0.0
robocasa/PickPlaceSinkToCounter,31,4110424,1,oracle_real_utility,8,-0.046539383398430764,0.9833924856865115,0.0
robocasa/CleanMicrowave,32,4200420,0,random,1,-0.046331605584846565,0.4658361533569248,0.0
robocasa/CleanMicrowave,32,4200420,0,random,2,-0.048806876548854634,0.4140456519921366,0.0
robocasa/CleanMicrowave,32,4200420,0,random,4,-0.05254597329041999,0.3358119160848768,0.0
robocasa/CleanMicrowave,32,4200420,0,random,8,-0.05872597079915562,0.2065068120924251,0.0
robocasa/CleanMicrowave,32,4200420,0,learned_wam,1,-0.046331605584846565,0.46583615335692485,0.0
robocasa/CleanMicrowave,32,4200420,0,learned_wam,2,-0.03932465879311058,0.6124436531648596,0.0
robocasa/CleanMicrowave,32,4200420,0,learned_wam,4,-0.031382519098289444,0.7786183478487628,0.0
robocasa/CleanMicrowave,32,4200420,0,learned_wam,8,-0.02525246956403856,0.9068783821586084,0.0
robocasa/CleanMicrowave,32,4200420,0,learned_physics_score,1,-0.046331605584846565,0.46583615335692485,0.0
robocasa/CleanMicrowave,32,4200420,0,learned_physics_score,2,-0.03932465879311058,0.6124436531648596,0.0
robocasa/CleanMicrowave,32,4200420,0,learned_physics_score,4,-0.031382519098289444,0.7786183478487628,0.0
robocasa/CleanMicrowave,32,4200420,0,learned_physics_score,8,-0.02525246956403856,0.9068783821586084,0.0
robocasa/CleanMicrowave,32,4200420,0,learned_energy_regularized,1,-0.046331605584846565,0.46583615335692485,0.0
robocasa/CleanMicrowave,32,4200420,0,learned_energy_regularized,2,-0.03733073731989929,0.6541627999900688,0.0
robocasa/CleanMicrowave,32,4200420,0,learned_energy_regularized,4,-0.030162664856183886,0.804141558725164,0.0
robocasa/CleanMicrowave,32,4200420,0,learned_energy_regularized,8,-0.025272446056110634,0.906460410730443,0.0
robocasa/CleanMicrowave,32,4200420,0,predicted_progress,1,-0.04633160558484656,0.4658361533569248,0.0
robocasa/CleanMicrowave,32,4200420,0,predicted_progress,2,-0.044855365842772305,0.496723760204157,0.0
robocasa/CleanMicrowave,32,4200420,0,predicted_progress,4,-0.04591466969095012,0.4745597716176536,0.0
robocasa/CleanMicrowave,32,4200420,0,predicted_progress,8,-0.053199828552547054,0.32213119492829995,0.0
robocasa/CleanMicrowave,32,4200420,0,predicted_success,1,-0.04633160558484656,0.4658361533569248,0.0
robocasa/CleanMicrowave,32,4200420,0,predicted_success,2,-0.04633160558484656,0.4658361533569248,0.0
robocasa/CleanMicrowave,32,4200420,0,predicted_success,4,-0.04633160558484656,0.4658361533569248,0.0
robocasa/CleanMicrowave,32,4200420,0,predicted_success,8,-0.04633160558484656,0.4658361533569248,0.0
robocasa/CleanMicrowave,32,4200420,0,low_energy,1,-0.046331605584846565,0.4658361533569248,0.0
robocasa/CleanMicrowave,32,4200420,0,low_energy,2,-0.037395141045519505,0.6528152702496357,0.0
robocasa/CleanMicrowave,32,4200420,0,low_energy,4,-0.030932851674637662,0.7880268132882914,0.0
robocasa/CleanMicrowave,32,4200420,0,low_energy,8,-0.026756705538156206,0.8754050055451825,0.0
robocasa/CleanMicrowave,32,4200420,0,distance_progress,1,-0.04633160558484656,0.46583615335692485,0.0
robocasa/CleanMicrowave,32,4200420,0,distance_progress,2,-0.04021374000268072,0.5938412608340056,0.0
robocasa/CleanMicrowave,32,4200420,0,distance_progress,4,-0.03563129034901756,0.6897206083854441,0.0
robocasa/CleanMicrowave,32,4200420,0,distance_progress,8,-0.03310965574380868,0.7424811838382016,0.0
robocasa/CleanMicrowave,32,4200420,0,oracle_real_utility,1,-0.046331605584846565,0.46583615335692485,0.0
robocasa/CleanMicrowave,32,4200420,0,oracle_real_utility,2,-0.036832040925327734,0.6645971066495109,0.0
robocasa/CleanMicrowave,32,4200420,0,oracle_real_utility,4,-0.02933335982456308,0.8214932442563658,0.0
robocasa/CleanMicrowave,32,4200420,0,oracle_real_utility,8,-0.024751075833889594,0.9173691256138333,0.0
robocasa/CleanMicrowave,32,4210427,1,random,1,-0.06547075253362057,0.4864028267202031,0.0
robocasa/CleanMicrowave,32,4210427,1,random,2,-0.06297971273489068,0.528924215407989,0.0
robocasa/CleanMicrowave,32,4210427,1,random,4,-0.05920239048586718,0.593402104372928,0.0
robocasa/CleanMicrowave,32,4210427,1,random,8,-0.05482476752256454,0.6681269673181436,0.0
robocasa/CleanMicrowave,32,4210427,1,learned_wam,1,-0.06547075253362059,0.4864028267202031,0.0
robocasa/CleanMicrowave,32,4210427,1,learned_wam,2,-0.0556642535746206,0.6537971630590341,0.0
robocasa/CleanMicrowave,32,4210427,1,learned_wam,4,-0.04838391318865815,0.7780706425468911,0.0
robocasa/CleanMicrowave,32,4210427,1,learned_wam,8,-0.042727918424279865,0.8746169730851807,0.0
robocasa/CleanMicrowave,32,4210427,1,learned_physics_score,1,-0.06547075253362059,0.4864028267202031,0.0
robocasa/CleanMicrowave,32,4210427,1,learned_physics_score,2,-0.0556642535746206,0.6537971630590341,0.0
robocasa/CleanMicrowave,32,4210427,1,learned_physics_score,4,-0.04838391318865815,0.7780706425468911,0.0
robocasa/CleanMicrowave,32,4210427,1,learned_physics_score,8,-0.042727918424279865,0.8746169730851807,0.0
robocasa/CleanMicrowave,32,4210427,1,learned_energy_regularized,1,-0.06547075253362057,0.4864028267202031,0.0
robocasa/CleanMicrowave,32,4210427,1,learned_energy_regularized,2,-0.055756129387926644,0.6522288672933123,0.0
robocasa/CleanMicrowave,32,4210427,1,learned_energy_regularized,4,-0.04881190557452239,0.7707649260328373,0.0
robocasa/CleanMicrowave,32,4210427,1,learned_energy_regularized,8,-0.04329311312027441,0.8649692495261623,0.0
robocasa/CleanMicrowave,32,4210427,1,predicted_progress,1,-0.06547075253362057,0.4864028267202031,0.0
robocasa/CleanMicrowave,32,4210427,1,predicted_progress,2,-0.05891409582011074,0.5983232178555368,0.0
robocasa/CleanMicrowave,32,4210427,1,predicted_progress,4,-0.05572777779329326,0.6527128214942606,0.0
robocasa/CleanMicrowave,32,4210427,1,predicted_progress,8,-0.05405444555943176,0.6812761589231144,0.0
robocasa/CleanMicrowave,32,4210427,1,predicted_success,1,-0.06547075253362059,0.4864028267202031,0.0
robocasa/CleanMicrowave,32,4210427,1,predicted_success,2,-0.06547075253362059,0.4864028267202031,0.0
robocasa/CleanMicrowave,32,4210427,1,predicted_success,4,-0.06547075253362059,0.4864028267202031,0.0
robocasa/CleanMicrowave,32,4210427,1,predicted_success,8,-0.06547075253362059,0.4864028267202031,0.0
robocasa/CleanMicrowave,32,4210427,1,low_energy,1,-0.06547075253362057,0.4864028267202031,0.0
robocasa/CleanMicrowave,32,4210427,1,low_energy,2,-0.055756129387926644,0.6522288672933123,0.0
robocasa/CleanMicrowave,32,4210427,1,low_energy,4,-0.04881190557452239,0.7707649260328373,0.0
robocasa/CleanMicrowave,32,4210427,1,low_energy,8,-0.04329311312027441,0.8649692495261623,0.0
robocasa/CleanMicrowave,32,4210427,1,distance_progress,1,-0.06547075253362059,0.4864028267202031,0.0
robocasa/CleanMicrowave,32,4210427,1,distance_progress,2,-0.055328478462725685,0.6595287551644065,0.0
robocasa/CleanMicrowave,32,4210427,1,distance_progress,4,-0.04764222355332669,0.7907310879101933,0.0
robocasa/CleanMicrowave,32,4210427,1,distance_progress,8,-0.0420303517627645,0.8865242509877899,0.0
robocasa/CleanMicrowave,32,4210427,1,oracle_real_utility,1,-0.06547075253362059,0.486402826720203,0.0
robocasa/CleanMicrowave,32,4210427,1,oracle_real_utility,2,-0.05525052956965668,0.6608593220953962,0.0
robocasa/CleanMicrowave,32,4210427,1,oracle_real_utility,4,-0.04757578399431178,0.7918651935613992,0.0
robocasa/CleanMicrowave,32,4210427,1,oracle_real_utility,8,-0.04196560731518263,0.8876294215364131,0.0
robocasa/ClearSink,33,4300423,0,random,1,-0.04441838018953103,0.5797574621450957,0.0
robocasa/ClearSink,33,4300423,0,random,2,-0.04495779456323633,0.5640186659845677,0.0
robocasa/ClearSink,33,4300423,0,random,4,-0.04367763621337134,0.6013705651994936,0.0
robocasa/ClearSink,33,4300423,0,random,8,-0.039974504562326554,0.7094189173615635,0.0
robocasa/ClearSink,33,4300423,0,learned_wam,1,-0.04441838018953103,0.5797574621450957,0.0
robocasa/ClearSink,33,4300423,0,learned_wam,2,-0.0399584604274447,0.7098870460967006,0.0
robocasa/ClearSink,33,4300423,0,learned_wam,4,-0.03747493432531038,0.7823502821286663,0.0
robocasa/ClearSink,33,4300423,0,learned_wam,8,-0.034662876847352066,0.8643992626429557,0.0
robocasa/ClearSink,33,4300423,0,learned_physics_score,1,-0.04441838018953103,0.5797574621450957,0.0
robocasa/ClearSink,33,4300423,0,learned_physics_score,2,-0.0399584604274447,0.7098870460967006,0.0
robocasa/ClearSink,33,4300423,0,learned_physics_score,4,-0.03747493432531038,0.7823502821286663,0.0
robocasa/ClearSink,33,4300423,0,learned_physics_score,8,-0.034662876847352066,0.8643992626429557,0.0
robocasa/ClearSink,33,4300423,0,learned_energy_regularized,1,-0.04441838018953102,0.5797574621450957,0.0
robocasa/ClearSink,33,4300423,0,learned_energy_regularized,2,-0.04087308521076205,0.6832005250662782,0.0
robocasa/ClearSink,33,4300423,0,learned_energy_regularized,4,-0.04109519341054384,0.6767199493672382,0.0
robocasa/ClearSink,33,4300423,0,learned_energy_regularized,8,-0.04289694865790327,0.6241491245029309,0.0
robocasa/ClearSink,33,4300423,0,predicted_progress,1,-0.04441838018953103,0.5797574621450957,0.0
robocasa/ClearSink,33,4300423,0,predicted_progress,2,-0.04061735092488002,0.690662227966606,0.0
robocasa/ClearSink,33,4300423,0,predicted_progress,4,-0.03517814167532925,0.8493650913424838,0.0
robocasa/ClearSink,33,4300423,0,predicted_progress,8,-0.03160543449106482,0.9536079755803283,0.0
robocasa/ClearSink,33,4300423,0,predicted_success,1,-0.04441838018953102,0.5797574621450957,0.0
robocasa/ClearSink,33,4300423,0,predicted_success,2,-0.04441838018953102,0.5797574621450957,0.0
robocasa/ClearSink,33,4300423,0,predicted_success,4,-0.04441838018953102,0.5797574621450957,0.0
robocasa/ClearSink,33,4300423,0,predicted_success,8,-0.04441838018953102,0.5797574621450957,0.0
robocasa/ClearSink,33,4300423,0,low_energy,1,-0.04441838018953102,0.5797574621450957,0.0
robocasa/ClearSink,33,4300423,0,low_energy,2,-0.04134749007207769,0.6693585479633662,0.0
robocasa/ClearSink,33,4300423,0,low_energy,4,-0.04181421327847536,0.6557407028206373,0.0
robocasa/ClearSink,33,4300423,0,low_energy,8,-0.0431377433647517,0.6171233220913473,0.0
robocasa/ClearSink,33,4300423,0,distance_progress,1,-0.04441838018953103,0.5797574621450957,0.0
robocasa/ClearSink,33,4300423,0,distance_progress,2,-0.041287609464865566,0.6711057180738073,0.0
robocasa/ClearSink,33,4300423,0,distance_progress,4,-0.036295402206415375,0.8167661532827158,0.0
robocasa/ClearSink,33,4300423,0,distance_progress,8,-0.033253565957059014,0.9055195180725086,0.0
robocasa/ClearSink,33,4300423,0,oracle_real_utility,1,-0.04441838018953103,0.5797574621450957,0.0
robocasa/ClearSink,33,4300423,0,oracle_real_utility,2,-0.03799948713671134,0.7670451101189528,0.0
robocasa/ClearSink,33,4300423,0,oracle_real_utility,4,-0.033572633775741795,0.8962098971123966,0.0
robocasa/ClearSink,33,4300423,0,oracle_real_utility,8,-0.03125593253137451,0.9638055905669027,0.0
robocasa/ClearSink,33,4310430,1,random,1,-0.053233427251045934,0.4363735794813904,0.0
robocasa/ClearSink,33,4310430,1,random,2,-0.05650430946078927,0.37583116242845327,0.0
robocasa/ClearSink,33,4310430,1,random,4,-0.05555256180192024,0.3934475423521214,0.0
robocasa/ClearSink,33,4310430,1,random,8,-0.055120493834481074,0.4014449074061107,0.0
robocasa/ClearSink,33,4310430,1,learned_wam,1,-0.05323342725104593,0.4363735794813904,0.0
robocasa/ClearSink,33,4310430,1,learned_wam,2,-0.04256628106545636,0.6338171961328398,0.0
robocasa/ClearSink,33,4310430,1,learned_wam,4,-0.033006058258720106,0.8107722067902992,0.0
robocasa/ClearSink,33,4310430,1,learned_wam,8,-0.026858487205468545,0.9245607160370826,0.0
robocasa/ClearSink,33,4310430,1,learned_physics_score,1,-0.05323342725104593,0.4363735794813904,0.0
robocasa/ClearSink,33,4310430,1,learned_physics_score,2,-0.04256628106545636,0.6338171961328398,0.0
robocasa/ClearSink,33,4310430,1,learned_physics_score,4,-0.033006058258720106,0.8107722067902992,0.0
robocasa/ClearSink,33,4310430,1,learned_physics_score,8,-0.026858487205468545,0.9245607160370826,0.0
robocasa/ClearSink,33,4310430,1,learned_energy_regularized,1,-0.05323342725104593,0.43637357948139033,0.0
robocasa/ClearSink,33,4310430,1,learned_energy_regularized,2,-0.04473379970733064,0.593697494727675,0.0
robocasa/ClearSink,33,4310430,1,learned_energy_regularized,4,-0.03476991438249495,0.7781240995766393,0.0
robocasa/ClearSink,33,4310430,1,learned_energy_regularized,8,-0.027187322040006432,0.9184741453758638,0.0
robocasa/ClearSink,33,4310430,1,predicted_progress,1,-0.05323342725104593,0.43637357948139033,0.0
robocasa/ClearSink,33,4310430,1,predicted_progress,2,-0.04340127570498012,0.618361857034285,0.0
robocasa/ClearSink,33,4310430,1,predicted_progress,4,-0.034067951148468605,0.7911170929481695,0.0
robocasa/ClearSink,33,4310430,1,predicted_progress,8,-0.027422026140106276,0.9141298881996343,0.0
robocasa/ClearSink,33,4310430,1,predicted_success,1,-0.053233427251045934,0.4363735794813904,0.0
robocasa/ClearSink,33,4310430,1,predicted_success,2,-0.053233427251045934,0.4363735794813904,0.0
robocasa/ClearSink,33,4310430,1,predicted_success,4,-0.053233427251045934,0.4363735794813904,0.0
robocasa/ClearSink,33,4310430,1,predicted_success,8,-0.053233427251045934,0.4363735794813904,0.0
robocasa/ClearSink,33,4310430,1,low_energy,1,-0.05323342725104593,0.43637357948139033,0.0
robocasa/ClearSink,33,4310430,1,low_energy,2,-0.04473379970733064,0.593697494727675,0.0
robocasa/ClearSink,33,4310430,1,low_energy,4,-0.03476991438249495,0.7781240995766393,0.0
robocasa/ClearSink,33,4310430,1,low_energy,8,-0.027187322040006432,0.9184741453758638,0.0
robocasa/ClearSink,33,4310430,1,distance_progress,1,-0.05323342725104592,0.43637357948139033,0.0
robocasa/ClearSink,33,4310430,1,distance_progress,2,-0.045069804537891674,0.5874782109751051,0.0
robocasa/ClearSink,33,4310430,1,distance_progress,4,-0.040742066480114816,0.66758250871145,0.0
robocasa/ClearSink,33,4310430,1,distance_progress,8,-0.04289426019717431,0.6277464641089294,0.0
robocasa/ClearSink,33,4310430,1,oracle_real_utility,1,-0.05323342725104593,0.4363735794813904,0.0
robocasa/ClearSink,33,4310430,1,oracle_real_utility,2,-0.042485707609103376,0.6353085710846459,0.0
robocasa/ClearSink,33,4310430,1,oracle_real_utility,4,-0.032997245536931494,0.8109353259256529,0.0
robocasa/ClearSink,33,4310430,1,oracle_real_utility,8,-0.0268584481703239,0.9245614385583643,0.0
robocasa/ClearCuttingBoard,34,4400426,0,random,1,-0.05414334940702856,0.5855609527554012,0.0
robocasa/ClearCuttingBoard,34,4400426,0,random,2,-0.05082254544541194,0.7255770823772872,0.0
robocasa/ClearCuttingBoard,34,4400426,0,random,4,-0.04930155754395425,0.7897069863479349,0.0
robocasa/ClearCuttingBoard,34,4400426,0,random,8,-0.04886574720222035,0.8080821984965814,0.0
robocasa/ClearCuttingBoard,34,4400426,0,learned_wam,1,-0.05414334940702855,0.5855609527554012,0.0
robocasa/ClearCuttingBoard,34,4400426,0,learned_wam,2,-0.05092716897018479,0.7211658069224833,0.0
robocasa/ClearCuttingBoard,34,4400426,0,learned_wam,4,-0.04760970060335136,0.8610412967845621,0.0
robocasa/ClearCuttingBoard,34,4400426,0,learned_wam,8,-0.0459043899528728,0.9329428603344774,0.0
robocasa/ClearCuttingBoard,34,4400426,0,learned_physics_score,1,-0.05414334940702855,0.5855609527554012,0.0
robocasa/ClearCuttingBoard,34,4400426,0,learned_physics_score,2,-0.05092716897018479,0.7211658069224833,0.0
robocasa/ClearCuttingBoard,34,4400426,0,learned_physics_score,4,-0.04760970060335136,0.8610412967845621,0.0
robocasa/ClearCuttingBoard,34,4400426,0,learned_physics_score,8,-0.0459043899528728,0.9329428603344774,0.0
robocasa/ClearCuttingBoard,34,4400426,0,learned_energy_regularized,1,-0.05414334940702856,0.5855609527554011,0.0
robocasa/ClearCuttingBoard,34,4400426,0,learned_energy_regularized,2,-0.05388638102070784,0.5963955937952452,0.0
robocasa/ClearCuttingBoard,34,4400426,0,learned_energy_regularized,4,-0.05114347411957952,0.7120456630700924,0.0
robocasa/ClearCuttingBoard,34,4400426,0,learned_energy_regularized,8,-0.04725432372964435,0.8760251666512306,0.0
robocasa/ClearCuttingBoard,34,4400426,0,predicted_progress,1,-0.05414334940702856,0.5855609527554012,0.0
robocasa/ClearCuttingBoard,34,4400426,0,predicted_progress,2,-0.05051577691343184,0.7385114630375446,0.0
robocasa/ClearCuttingBoard,34,4400426,0,predicted_progress,4,-0.04844508069868296,0.8258188961058568,0.0
robocasa/ClearCuttingBoard,34,4400426,0,predicted_progress,8,-0.04803175866544729,0.8432459264424907,0.0
robocasa/ClearCuttingBoard,34,4400426,0,predicted_success,1,-0.05414334940702856,0.5855609527554012,0.0
robocasa/ClearCuttingBoard,34,4400426,0,predicted_success,2,-0.05414334940702856,0.5855609527554012,0.0
robocasa/ClearCuttingBoard,34,4400426,0,predicted_success,4,-0.05414334940702856,0.5855609527554012,0.0
robocasa/ClearCuttingBoard,34,4400426,0,predicted_success,8,-0.05414334940702856,0.5855609527554012,0.0
robocasa/ClearCuttingBoard,34,4400426,0,low_energy,1,-0.05414334940702856,0.5855609527554011,0.0
robocasa/ClearCuttingBoard,34,4400426,0,low_energy,2,-0.0546618170887319,0.5637006324940406,0.0
robocasa/ClearCuttingBoard,34,4400426,0,low_energy,4,-0.05337285281514868,0.6180476493291294,0.0
robocasa/ClearCuttingBoard,34,4400426,0,low_energy,8,-0.05003496534039359,0.7587840766312283,0.0
robocasa/ClearCuttingBoard,34,4400426,0,distance_progress,1,-0.05414334940702856,0.5855609527554012,0.0
robocasa/ClearCuttingBoard,34,4400426,0,distance_progress,2,-0.05035807677896246,0.7451606247238325,0.0
robocasa/ClearCuttingBoard,34,4400426,0,distance_progress,4,-0.04827940615244722,0.8328042854901483,0.0
robocasa/ClearCuttingBoard,34,4400426,0,distance_progress,8,-0.04683128203907949,0.8938620100380217,0.0
robocasa/ClearCuttingBoard,34,4400426,0,oracle_real_utility,1,-0.05414334940702855,0.5855609527554012,0.0
robocasa/ClearCuttingBoard,34,4400426,0,oracle_real_utility,2,-0.049554073056366596,0.7790600932683891,0.0
robocasa/ClearCuttingBoard,34,4400426,0,oracle_real_utility,4,-0.04647536840529734,0.9088685114930426,0.0
robocasa/ClearCuttingBoard,34,4400426,0,oracle_real_utility,8,-0.04500236389233016,0.9709752763623645,0.0
robocasa/ClearCuttingBoard,34,4410433,1,random,1,-0.041703818823926944,0.42412458715334456,0.0
robocasa/ClearCuttingBoard,34,4410433,1,random,2,-0.0363178535373866,0.5092931153282492,0.0
robocasa/ClearCuttingBoard,34,4410433,1,random,4,-0.02710676414840669,0.654948514947584,0.0
robocasa/ClearCuttingBoard,34,4410433,1,random,8,-0.016705485822577814,0.8194244294808934,0.0
robocasa/ClearCuttingBoard,34,4410433,1,learned_wam,1,-0.04170381882392694,0.4241245871533445,0.0
robocasa/ClearCuttingBoard,34,4410433,1,learned_wam,2,-0.03565665635244409,0.5197486582214926,0.0
robocasa/ClearCuttingBoard,34,4410433,1,learned_wam,4,-0.026910266172680414,0.6580557468905335,0.0
robocasa/ClearCuttingBoard,34,4410433,1,learned_wam,8,-0.017320319460411068,0.809702035588467,0.0
robocasa/ClearCuttingBoard,34,4410433,1,learned_physics_score,1,-0.04170381882392694,0.4241245871533445,0.0
robocasa/ClearCuttingBoard,34,4410433,1,learned_physics_score,2,-0.03565665635244409,0.5197486582214926,0.0
robocasa/ClearCuttingBoard,34,4410433,1,learned_physics_score,4,-0.026910266172680414,0.6580557468905335,0.0
robocasa/ClearCuttingBoard,34,4410433,1,learned_physics_score,8,-0.017320319460411068,0.809702035588467,0.0
robocasa/ClearCuttingBoard,34,4410433,1,learned_energy_regularized,1,-0.041703818823926944,0.4241245871533445,0.0
robocasa/ClearCuttingBoard,34,4410433,1,learned_energy_regularized,2,-0.03536093310897524,0.5244249440966156,0.0
robocasa/ClearCuttingBoard,34,4410433,1,learned_energy_regularized,4,-0.026429504608862404,0.665658052626846,0.0
robocasa/ClearCuttingBoard,34,4410433,1,learned_energy_regularized,8,-0.017260401878084412,0.8106495152002113,0.0
robocasa/ClearCuttingBoard,34,4410433,1,predicted_progress,1,-0.041703818823926944,0.42412458715334456,0.0
robocasa/ClearCuttingBoard,34,4410433,1,predicted_progress,2,-0.037321418351309726,0.4934236966478963,0.0
robocasa/ClearCuttingBoard,34,4410433,1,predicted_progress,4,-0.034902407009835865,0.5316756393602988,0.0
robocasa/ClearCuttingBoard,34,4410433,1,predicted_progress,8,-0.03727793644955168,0.4941112780521496,0.0
robocasa/ClearCuttingBoard,34,4410433,1,predicted_success,1,-0.04170381882392694,0.42412458715334456,0.0
robocasa/ClearCuttingBoard,34,4410433,1,predicted_success,2,-0.04170381882392694,0.42412458715334456,0.0
robocasa/ClearCuttingBoard,34,4410433,1,predicted_success,4,-0.04170381882392694,0.42412458715334456,0.0
robocasa/ClearCuttingBoard,34,4410433,1,predicted_success,8,-0.04170381882392694,0.42412458715334456,0.0
robocasa/ClearCuttingBoard,34,4410433,1,low_energy,1,-0.041703818823926944,0.4241245871533445,0.0
robocasa/ClearCuttingBoard,34,4410433,1,low_energy,2,-0.03536093310897524,0.5244249440966156,0.0
robocasa/ClearCuttingBoard,34,4410433,1,low_energy,4,-0.026429504608862404,0.665658052626846,0.0
robocasa/ClearCuttingBoard,34,4410433,1,low_energy,8,-0.017260401878084412,0.8106495152002113,0.0
robocasa/ClearCuttingBoard,34,4410433,1,distance_progress,1,-0.041703818823926944,0.42412458715334456,0.0
robocasa/ClearCuttingBoard,34,4410433,1,distance_progress,2,-0.03440527310017895,0.5395368417889749,0.0
robocasa/ClearCuttingBoard,34,4410433,1,distance_progress,4,-0.026577061578728328,0.6633247271639368,0.0
robocasa/ClearCuttingBoard,34,4410433,1,distance_progress,8,-0.017444780155626664,0.8077339326276797,0.0
robocasa/ClearCuttingBoard,34,4410433,1,oracle_real_utility,1,-0.04170381882392694,0.42412458715334456,0.0
robocasa/ClearCuttingBoard,34,4410433,1,oracle_real_utility,2,-0.03291032764099809,0.5631764862512911,0.0
robocasa/ClearCuttingBoard,34,4410433,1,oracle_real_utility,4,-0.024412083714490666,0.6975596262801935,0.0
robocasa/ClearCuttingBoard,34,4410433,1,oracle_real_utility,8,-0.01573920561666942,0.8347042648610847,0.0
robocasa/RinseCuttingBoard,35,4500429,0,random,1,-0.05833520806007271,0.5409285359454912,0.0
robocasa/RinseCuttingBoard,35,4500429,0,random,2,-0.06725171998306531,0.40595832520732644,0.0
robocasa/RinseCuttingBoard,35,4500429,0,random,4,-0.07368554102162264,0.3085688764043157,0.0
robocasa/RinseCuttingBoard,35,4500429,0,random,8,-0.07730656559412055,0.25375703362778673,0.0
robocasa/RinseCuttingBoard,35,4500429,0,learned_wam,1,-0.05833520806007272,0.5409285359454912,0.0
robocasa/RinseCuttingBoard,35,4500429,0,learned_wam,2,-0.046467964688735486,0.7205642895387976,0.0
robocasa/RinseCuttingBoard,35,4500429,0,learned_wam,4,-0.037308502106835735,0.8592120708241533,0.0
robocasa/RinseCuttingBoard,35,4500429,0,learned_wam,8,-0.03195183942717301,0.9402964563968346,0.0
robocasa/RinseCuttingBoard,35,4500429,0,learned_physics_score,1,-0.05833520806007272,0.5409285359454912,0.0
robocasa/RinseCuttingBoard,35,4500429,0,learned_physics_score,2,-0.046467964688735486,0.7205642895387976,0.0
robocasa/RinseCuttingBoard,35,4500429,0,learned_physics_score,4,-0.037308502106835735,0.8592120708241533,0.0
robocasa/RinseCuttingBoard,35,4500429,0,learned_physics_score,8,-0.03195183942717301,0.9402964563968346,0.0
robocasa/RinseCuttingBoard,35,4500429,0,learned_energy_regularized,1,-0.05833520806007272,0.5409285359454912,0.0
robocasa/RinseCuttingBoard,35,4500429,0,learned_energy_regularized,2,-0.04878927618623033,0.6854263449353823,0.0
robocasa/RinseCuttingBoard,35,4500429,0,learned_energy_regularized,4,-0.04169079240774726,0.7928768659213679,0.0
robocasa/RinseCuttingBoard,35,4500429,0,learned_energy_regularized,8,-0.0372798602134345,0.8596456262796601,0.0
robocasa/RinseCuttingBoard,35,4500429,0,predicted_progress,1,-0.058335208060072724,0.5409285359454912,0.0
robocasa/RinseCuttingBoard,35,4500429,0,predicted_progress,2,-0.049012502665092335,0.6820473414467366,0.0
robocasa/RinseCuttingBoard,35,4500429,0,predicted_progress,4,-0.039129294747247245,0.8316505345968389,0.0
robocasa/RinseCuttingBoard,35,4500429,0,predicted_progress,8,-0.0325031188127404,0.9319516803803556,0.0
robocasa/RinseCuttingBoard,35,4500429,0,predicted_success,1,-0.05833520806007271,0.5409285359454912,0.0
robocasa/RinseCuttingBoard,35,4500429,0,predicted_success,2,-0.05833520806007271,0.5409285359454912,0.0
robocasa/RinseCuttingBoard,35,4500429,0,predicted_success,4,-0.05833520806007271,0.5409285359454912,0.0
robocasa/RinseCuttingBoard,35,4500429,0,predicted_success,8,-0.05833520806007271,0.5409285359454912,0.0
robocasa/RinseCuttingBoard,35,4500429,0,low_energy,1,-0.05833520806007271,0.5409285359454912,0.0
robocasa/RinseCuttingBoard,35,4500429,0,low_energy,2,-0.052786144529037966,0.6249253141309071,0.0
robocasa/RinseCuttingBoard,35,4500429,0,low_energy,4,-0.051073070230010564,0.6508563061092435,0.0
robocasa/RinseCuttingBoard,35,4500429,0,low_energy,8,-0.05150775280890181,0.64427646863649,0.0
robocasa/RinseCuttingBoard,35,4500429,0,distance_progress,1,-0.05833520806007271,0.5409285359454912,0.0
robocasa/RinseCuttingBoard,35,4500429,0,distance_progress,2,-0.047085452343293074,0.7112173117538028,0.0
robocasa/RinseCuttingBoard,35,4500429,0,distance_progress,4,-0.03752532589208479,0.8559299856050837,0.0
robocasa/RinseCuttingBoard,35,4500429,0,distance_progress,8,-0.03135273924749836,0.9493651009747046,0.0
robocasa/RinseCuttingBoard,35,4500429,0,oracle_real_utility,1,-0.05833520806007271,0.5409285359454912,0.0
robocasa/RinseCuttingBoard,35,4500429,0,oracle_real_utility,2,-0.046310910218563046,0.7229416401350417,0.0
robocasa/RinseCuttingBoard,35,4500429,0,oracle_real_utility,4,-0.03691337877206428,0.8651930957162023,0.0
robocasa/RinseCuttingBoard,35,4500429,0,oracle_real_utility,8,-0.03092167141732072,0.9558902216030402,0.0
robocasa/RinseCuttingBoard,35,4510436,1,random,1,-0.05613034517579642,0.5028680751809944,0.0
robocasa/RinseCuttingBoard,35,4510436,1,random,2,-0.05874578877282346,0.4412231247551019,0.0
robocasa/RinseCuttingBoard,35,4510436,1,random,4,-0.05909940514504418,0.43288852952234325,0.0
robocasa/RinseCuttingBoard,35,4510436,1,random,8,-0.05784392424233348,0.462479707896914,0.0
robocasa/RinseCuttingBoard,35,4510436,1,learned_wam,1,-0.05613034517579641,0.5028680751809944,0.0
robocasa/RinseCuttingBoard,35,4510436,1,learned_wam,2,-0.04864901425831459,0.6792000266908993,0.0
robocasa/RinseCuttingBoard,35,4510436,1,learned_wam,4,-0.04275262660023761,0.8181755049949118,0.0
robocasa/RinseCuttingBoard,35,4510436,1,learned_wam,8,-0.038951427947614164,0.9077682237085926,0.0
robocasa/RinseCuttingBoard,35,4510436,1,learned_physics_score,1,-0.05613034517579641,0.5028680751809944,0.0
robocasa/RinseCuttingBoard,35,4510436,1,learned_physics_score,2,-0.04864901425831459,0.6792000266908993,0.0
robocasa/RinseCuttingBoard,35,4510436,1,learned_physics_score,4,-0.04275262660023761,0.8181755049949118,0.0
robocasa/RinseCuttingBoard,35,4510436,1,learned_physics_score,8,-0.038951427947614164,0.9077682237085926,0.0
robocasa/RinseCuttingBoard,35,4510436,1,learned_energy_regularized,1,-0.05613034517579642,0.5028680751809944,0.0
robocasa/RinseCuttingBoard,35,4510436,1,learned_energy_regularized,2,-0.053510425332110166,0.5646185289347792,0.0
robocasa/RinseCuttingBoard,35,4510436,1,learned_energy_regularized,4,-0.04760126561519433,0.7038950395129545,0.0
robocasa/RinseCuttingBoard,35,4510436,1,learned_energy_regularized,8,-0.04077578322830877,0.8647689057475899,0.0
robocasa/RinseCuttingBoard,35,4510436,1,predicted_progress,1,-0.05613034517579641,0.5028680751809944,0.0
robocasa/RinseCuttingBoard,35,4510436,1,predicted_progress,2,-0.0485861170929348,0.6806824875041142,0.0
robocasa/RinseCuttingBoard,35,4510436,1,predicted_progress,4,-0.042580451688641725,0.8222335982002003,0.0
robocasa/RinseCuttingBoard,35,4510436,1,predicted_progress,8,-0.03815108868682289,0.9266318972022417,0.0
robocasa/RinseCuttingBoard,35,4510436,1,predicted_success,1,-0.05613034517579642,0.5028680751809944,0.0
robocasa/RinseCuttingBoard,35,4510436,1,predicted_success,2,-0.05613034517579642,0.5028680751809944,0.0
robocasa/RinseCuttingBoard,35,4510436,1,predicted_success,4,-0.05613034517579642,0.5028680751809944,0.0
robocasa/RinseCuttingBoard,35,4510436,1,predicted_success,8,-0.05613034517579642,0.5028680751809944,0.0
robocasa/RinseCuttingBoard,35,4510436,1,low_energy,1,-0.05613034517579642,0.5028680751809944,0.0
robocasa/RinseCuttingBoard,35,4510436,1,low_energy,2,-0.058632155124050817,0.44390142401311894,0.0
robocasa/RinseCuttingBoard,35,4510436,1,low_energy,4,-0.06209767946253726,0.36222041346157996,0.0
robocasa/RinseCuttingBoard,35,4510436,1,low_energy,8,-0.06897762105016125,0.2000629658361736,0.0
robocasa/RinseCuttingBoard,35,4510436,1,distance_progress,1,-0.05613034517579641,0.5028680751809944,0.0
robocasa/RinseCuttingBoard,35,4510436,1,distance_progress,2,-0.04843814576830595,0.6841701119291133,0.0
robocasa/RinseCuttingBoard,35,4510436,1,distance_progress,4,-0.042550097443782534,0.8229490355056299,0.0
robocasa/RinseCuttingBoard,35,4510436,1,distance_progress,8,-0.03949045996336106,0.8950634565606957,0.0
robocasa/RinseCuttingBoard,35,4510436,1,oracle_real_utility,1,-0.05613034517579641,0.5028680751809944,0.0
robocasa/RinseCuttingBoard,35,4510436,1,oracle_real_utility,2,-0.04820496208332734,0.6896661573100852,0.0
robocasa/RinseCuttingBoard,35,4510436,1,oracle_real_utility,4,-0.04181842921585905,0.8401941604587403,0.0
robocasa/RinseCuttingBoard,35,4510436,1,oracle_real_utility,8,-0.03760938420763176,0.9393996532353595,0.0
robocasa/RinseSinkBasin,36,4600432,0,random,1,-0.05181614304791124,0.432170988924964,0.0
robocasa/RinseSinkBasin,36,4600432,0,random,2,-0.05242138873210421,0.4117281577530968,0.0
robocasa/RinseSinkBasin,36,4600432,0,random,4,-0.05086224091220096,0.464390070901253,0.0
robocasa/RinseSinkBasin,36,4600432,0,random,8,-0.04827631276982987,0.5517326060364843,0.0
robocasa/RinseSinkBasin,36,4600432,0,learned_wam,1,-0.05181614304791123,0.432170988924964,0.0
robocasa/RinseSinkBasin,36,4600432,0,learned_wam,2,-0.04941597067169358,0.5132394210540108,0.0
robocasa/RinseSinkBasin,36,4600432,0,learned_wam,4,-0.04615331205444948,0.6234392639040963,0.0
robocasa/RinseSinkBasin,36,4600432,0,learned_wam,8,-0.04144361065618091,0.7825145503030209,0.0
robocasa/RinseSinkBasin,36,4600432,0,learned_physics_score,1,-0.05181614304791123,0.432170988924964,0.0
robocasa/RinseSinkBasin,36,4600432,0,learned_physics_score,2,-0.04941597067169358,0.5132394210540108,0.0
robocasa/RinseSinkBasin,36,4600432,0,learned_physics_score,4,-0.04615331205444948,0.6234392639040963,0.0
robocasa/RinseSinkBasin,36,4600432,0,learned_physics_score,8,-0.04144361065618091,0.7825145503030209,0.0
robocasa/RinseSinkBasin,36,4600432,0,learned_energy_regularized,1,-0.05181614304791124,0.432170988924964,0.0
robocasa/RinseSinkBasin,36,4600432,0,learned_energy_regularized,2,-0.05046293504885109,0.47787706067018015,0.0
robocasa/RinseSinkBasin,36,4600432,0,learned_energy_regularized,4,-0.04639758604031836,0.6151886443900474,0.0
robocasa/RinseSinkBasin,36,4600432,0,learned_energy_regularized,8,-0.04139403771685032,0.7841889302381373,0.0
robocasa/RinseSinkBasin,36,4600432,0,predicted_progress,1,-0.05181614304791123,0.432170988924964,0.0
robocasa/RinseSinkBasin,36,4600432,0,predicted_progress,2,-0.04912561930559624,0.523046354193176,0.0
robocasa/RinseSinkBasin,36,4600432,0,predicted_progress,4,-0.0489923331248267,0.5275482398937701,0.0
robocasa/RinseSinkBasin,36,4600432,0,predicted_progress,8,-0.05165437275582571,0.4376349564609532,0.0
robocasa/RinseSinkBasin,36,4600432,0,predicted_success,1,-0.05181614304791124,0.432170988924964,0.0
robocasa/RinseSinkBasin,36,4600432,0,predicted_success,2,-0.05181614304791124,0.432170988924964,0.0
robocasa/RinseSinkBasin,36,4600432,0,predicted_success,4,-0.05181614304791124,0.432170988924964,0.0
robocasa/RinseSinkBasin,36,4600432,0,predicted_success,8,-0.05181614304791124,0.432170988924964,0.0
robocasa/RinseSinkBasin,36,4600432,0,low_energy,1,-0.05181614304791124,0.432170988924964,0.0
robocasa/RinseSinkBasin,36,4600432,0,low_energy,2,-0.05040687670730966,0.47977049211766676,0.0
robocasa/RinseSinkBasin,36,4600432,0,low_energy,4,-0.046375688250653725,0.6159282660492218,0.0
robocasa/RinseSinkBasin,36,4600432,0,low_energy,8,-0.041393390833903684,0.7842107794131274,0.0
robocasa/RinseSinkBasin,36,4600432,0,distance_progress,1,-0.05181614304791123,0.432170988924964,0.0
robocasa/RinseSinkBasin,36,4600432,0,distance_progress,2,-0.04812874155603561,0.556716984262074,0.0
robocasa/RinseSinkBasin,36,4600432,0,distance_progress,4,-0.04508093407627526,0.659659996298867,0.0
robocasa/RinseSinkBasin,36,4600432,0,distance_progress,8,-0.04308665384933993,0.7270189796892104,0.0
robocasa/RinseSinkBasin,36,4600432,0,oracle_real_utility,1,-0.05181614304791123,0.432170988924964,0.0
robocasa/RinseSinkBasin,36,4600432,0,oracle_real_utility,2,-0.04731255712768394,0.5842845009080583,0.0
robocasa/RinseSinkBasin,36,4600432,0,oracle_real_utility,4,-0.042881355890235964,0.7339531415139038,0.0
robocasa/RinseSinkBasin,36,4600432,0,oracle_real_utility,8,-0.0388479104121475,0.870187148798792,0.0
robocasa/RinseSinkBasin,36,4610439,1,random,1,-0.03982758244121978,0.4414925711327434,0.0
robocasa/RinseSinkBasin,36,4610439,1,random,2,-0.04288722314838049,0.35007582054646574,0.0
robocasa/RinseSinkBasin,36,4610439,1,random,4,-0.042222328189618505,0.36994172717692864,0.0
robocasa/RinseSinkBasin,36,4610439,1,random,8,-0.03830424843104119,0.4870071457500092,0.0
robocasa/RinseSinkBasin,36,4610439,1,learned_wam,1,-0.03982758244121978,0.4414925711327433,0.0
robocasa/RinseSinkBasin,36,4610439,1,learned_wam,2,-0.034177734755415745,0.6103002077728303,0.0
robocasa/RinseSinkBasin,36,4610439,1,learned_wam,4,-0.028034975791747022,0.7938351773459185,0.0
robocasa/RinseSinkBasin,36,4610439,1,learned_wam,8,-0.02383091777340066,0.9194451296563163,0.0
robocasa/RinseSinkBasin,36,4610439,1,learned_physics_score,1,-0.03982758244121978,0.4414925711327433,0.0
robocasa/RinseSinkBasin,36,4610439,1,learned_physics_score,2,-0.034177734755415745,0.6103002077728303,0.0
robocasa/RinseSinkBasin,36,4610439,1,learned_physics_score,4,-0.028034975791747022,0.7938351773459185,0.0
robocasa/RinseSinkBasin,36,4610439,1,learned_physics_score,8,-0.02383091777340066,0.9194451296563163,0.0
robocasa/RinseSinkBasin,36,4610439,1,learned_energy_regularized,1,-0.039827582441219776,0.44149257113274337,0.0
robocasa/RinseSinkBasin,36,4610439,1,learned_energy_regularized,2,-0.03629426043898586,0.5470620961633362,0.0
robocasa/RinseSinkBasin,36,4610439,1,learned_energy_regularized,4,-0.03060928896565395,0.7169191705745206,0.0
robocasa/RinseSinkBasin,36,4610439,1,learned_energy_regularized,8,-0.02522620539653704,0.8777563587029632,0.0
robocasa/RinseSinkBasin,36,4610439,1,predicted_progress,1,-0.03982758244121978,0.4414925711327433,0.0
robocasa/RinseSinkBasin,36,4610439,1,predicted_progress,2,-0.03915986564576532,0.4614427893428329,0.0
robocasa/RinseSinkBasin,36,4610439,1,predicted_progress,4,-0.03858341153195071,0.4786662371233814,0.0
robocasa/RinseSinkBasin,36,4610439,1,predicted_progress,8,-0.03831813319450176,0.486592293131774,0.0
robocasa/RinseSinkBasin,36,4610439,1,predicted_success,1,-0.039827582441219776,0.4414925711327433,0.0
robocasa/RinseSinkBasin,36,4610439,1,predicted_success,2,-0.039827582441219776,0.4414925711327433,0.0
robocasa/RinseSinkBasin,36,4610439,1,predicted_success,4,-0.039827582441219776,0.4414925711327433,0.0
robocasa/RinseSinkBasin,36,4610439,1,predicted_success,8,-0.039827582441219776,0.4414925711327433,0.0
robocasa/RinseSinkBasin,36,4610439,1,low_energy,1,-0.039827582441219776,0.4414925711327433,0.0
robocasa/RinseSinkBasin,36,4610439,1,low_energy,2,-0.0369866760310449,0.5263739208056322,0.0
robocasa/RinseSinkBasin,36,4610439,1,low_energy,4,-0.03165873134736843,0.6855636547980003,0.0
robocasa/RinseSinkBasin,36,4610439,1,low_energy,8,-0.025577656283959978,0.867255616559065,0.0
robocasa/RinseSinkBasin,36,4610439,1,distance_progress,1,-0.03982758244121978,0.4414925711327433,0.0
robocasa/RinseSinkBasin,36,4610439,1,distance_progress,2,-0.036238614679589665,0.54872469481291,0.0
robocasa/RinseSinkBasin,36,4610439,1,distance_progress,4,-0.03598198676075844,0.5563922913363724,0.0
robocasa/RinseSinkBasin,36,4610439,1,distance_progress,8,-0.037763712282341044,0.5031574271124386,0.0
robocasa/RinseSinkBasin,36,4610439,1,oracle_real_utility,1,-0.03982758244121978,0.4414925711327433,0.0
robocasa/RinseSinkBasin,36,4610439,1,oracle_real_utility,2,-0.03312871809968546,0.6416430035963103,0.0
robocasa/RinseSinkBasin,36,4610439,1,oracle_real_utility,4,-0.02744384640154489,0.8114970968980589,0.0
robocasa/RinseSinkBasin,36,4610439,1,oracle_real_utility,8,-0.023780337869862368,0.9209563693308364,0.0
robocasa/WashFruitColander,37,4700435,0,random,1,-0.07062904164771769,0.5300065635224945,0.0
robocasa/WashFruitColander,37,4700435,0,random,2,-0.0707769133526951,0.5276898979622047,0.0
robocasa/WashFruitColander,37,4700435,0,random,4,-0.06951750135906368,0.547420761228488,0.0
robocasa/WashFruitColander,37,4700435,0,random,8,-0.06509185586164054,0.6167561388620721,0.0
robocasa/WashFruitColander,37,4700435,0,learned_wam,1,-0.07062904164771769,0.5300065635224944,0.0
robocasa/WashFruitColander,37,4700435,0,learned_wam,2,-0.0593371847311534,0.7069129976122207,0.0
robocasa/WashFruitColander,37,4700435,0,learned_wam,4,-0.05144262111057826,0.8305949667630808,0.0
robocasa/WashFruitColander,37,4700435,0,learned_wam,8,-0.04660921822805969,0.9063185678309491,0.0
robocasa/WashFruitColander,37,4700435,0,learned_physics_score,1,-0.07062904164771769,0.5300065635224944,0.0
robocasa/WashFruitColander,37,4700435,0,learned_physics_score,2,-0.0593371847311534,0.7069129976122207,0.0
robocasa/WashFruitColander,37,4700435,0,learned_physics_score,4,-0.05144262111057826,0.8305949667630808,0.0
robocasa/WashFruitColander,37,4700435,0,learned_physics_score,8,-0.04660921822805969,0.9063185678309491,0.0
robocasa/WashFruitColander,37,4700435,0,learned_energy_regularized,1,-0.07062904164771769,0.5300065635224944,0.0
robocasa/WashFruitColander,37,4700435,0,learned_energy_regularized,2,-0.05989917602398255,0.6981084337270693,0.0
robocasa/WashFruitColander,37,4700435,0,learned_energy_regularized,4,-0.0519255823778533,0.8230285446742789,0.0
robocasa/WashFruitColander,37,4700435,0,learned_energy_regularized,8,-0.046665675902836365,0.9054340608808932,0.0
robocasa/WashFruitColander,37,4700435,0,predicted_progress,1,-0.07062904164771769,0.5300065635224944,0.0
robocasa/WashFruitColander,37,4700435,0,predicted_progress,2,-0.06078507707484125,0.6842292642492966,0.0
robocasa/WashFruitColander,37,4700435,0,predicted_progress,4,-0.05314914664615242,0.8038592979167436,0.0
robocasa/WashFruitColander,37,4700435,0,predicted_progress,8,-0.047511394090344605,0.8921844253335777,0.0
robocasa/WashFruitColander,37,4700435,0,predicted_success,1,-0.07062904164771769,0.5300065635224944,0.0
robocasa/WashFruitColander,37,4700435,0,predicted_success,2,-0.07062904164771769,0.5300065635224944,0.0
robocasa/WashFruitColander,37,4700435,0,predicted_success,4,-0.07062904164771769,0.5300065635224944,0.0
robocasa/WashFruitColander,37,4700435,0,predicted_success,8,-0.07062904164771769,0.5300065635224944,0.0
robocasa/WashFruitColander,37,4700435,0,low_energy,1,-0.07062904164771769,0.5300065635224944,0.0
robocasa/WashFruitColander,37,4700435,0,low_energy,2,-0.06096416572110181,0.6814235314074789,0.0
robocasa/WashFruitColander,37,4700435,0,low_energy,4,-0.05622071527727544,0.7557378722195458,0.0
robocasa/WashFruitColander,37,4700435,0,low_energy,8,-0.056768707502356075,0.7471526279001902,0.0
robocasa/WashFruitColander,37,4700435,0,distance_progress,1,-0.07062904164771769,0.5300065635224944,0.0
robocasa/WashFruitColander,37,4700435,0,distance_progress,2,-0.06021192908062516,0.6932086171238192,0.0
robocasa/WashFruitColander,37,4700435,0,distance_progress,4,-0.05351750622173397,0.7980883091891635,0.0
robocasa/WashFruitColander,37,4700435,0,distance_progress,8,-0.048769490343536614,0.8724741754129152,0.0
robocasa/WashFruitColander,37,4700435,0,oracle_real_utility,1,-0.07062904164771769,0.5300065635224944,0.0
robocasa/WashFruitColander,37,4700435,0,oracle_real_utility,2,-0.05877326971043388,0.7157477000161084,0.0
robocasa/WashFruitColander,37,4700435,0,oracle_real_utility,4,-0.05052321395455879,0.8449990672267864,0.0
robocasa/WashFruitColander,37,4700435,0,oracle_real_utility,8,-0.04549696466685002,0.9237439401829989,0.0
robocasa/WashFruitColander,37,4710442,1,random,1,-0.051999683952923176,0.41304228072320326,0.0
robocasa/WashFruitColander,37,4710442,1,random,2,-0.05144018212056598,0.43441546016466054,0.0
robocasa/WashFruitColander,37,4710442,1,random,4,-0.04927489230679641,0.5171303416110399,0.0
robocasa/WashFruitColander,37,4710442,1,random,8,-0.048601161807931656,0.5428670988737507,0.0
robocasa/WashFruitColander,37,4710442,1,learned_wam,1,-0.05199968395292317,0.41304228072320326,0.0
robocasa/WashFruitColander,37,4710442,1,learned_wam,2,-0.04737681574049387,0.5896375769748565,0.0
robocasa/WashFruitColander,37,4710442,1,learned_wam,4,-0.043216823330402006,0.7485508443030534,0.0
robocasa/WashFruitColander,37,4710442,1,learned_wam,8,-0.04053283971575561,0.8510800231121524,0.0
robocasa/WashFruitColander,37,4710442,1,learned_physics_score,1,-0.05199968395292317,0.41304228072320326,0.0
robocasa/WashFruitColander,37,4710442,1,learned_physics_score,2,-0.04737681574049387,0.5896375769748565,0.0
robocasa/WashFruitColander,37,4710442,1,learned_physics_score,4,-0.043216823330402006,0.7485508443030534,0.0
robocasa/WashFruitColander,37,4710442,1,learned_physics_score,8,-0.04053283971575561,0.8510800231121524,0.0
robocasa/WashFruitColander,37,4710442,1,learned_energy_regularized,1,-0.05199968395292317,0.41304228072320326,0.0
robocasa/WashFruitColander,37,4710442,1,learned_energy_regularized,2,-0.048066998183426246,0.5632723492900975,0.0
robocasa/WashFruitColander,37,4710442,1,learned_energy_regularized,4,-0.04340232185021298,0.7414647314062623,0.0
robocasa/WashFruitColander,37,4710442,1,learned_energy_regularized,8,-0.039241364558596406,0.9004148575698994,0.0
robocasa/WashFruitColander,37,4710442,1,predicted_progress,1,-0.051999683952923176,0.41304228072320326,0.0
robocasa/WashFruitColander,37,4710442,1,predicted_progress,2,-0.05135647542100366,0.4376130874229309,0.0
robocasa/WashFruitColander,37,4710442,1,predicted_progress,4,-0.052838835979925974,0.38098635916128165,0.0
robocasa/WashFruitColander,37,4710442,1,predicted_progress,8,-0.05306181293523633,0.37246855599863576,0.0
robocasa/WashFruitColander,37,4710442,1,predicted_success,1,-0.051999683952923176,0.4130422807232033,0.0
robocasa/WashFruitColander,37,4710442,1,predicted_success,2,-0.051999683952923176,0.4130422807232033,0.0
robocasa/WashFruitColander,37,4710442,1,predicted_success,4,-0.051999683952923176,0.4130422807232033,0.0
robocasa/WashFruitColander,37,4710442,1,predicted_success,8,-0.051999683952923176,0.4130422807232033,0.0
robocasa/WashFruitColander,37,4710442,1,low_energy,1,-0.05199968395292317,0.41304228072320326,0.0
robocasa/WashFruitColander,37,4710442,1,low_energy,2,-0.0481131744628641,0.5615083981298195,0.0
robocasa/WashFruitColander,37,4710442,1,low_energy,4,-0.043472307773735966,0.738791242928966,0.0
robocasa/WashFruitColander,37,4710442,1,low_energy,8,-0.03926480235314124,0.8995195250445198,0.0
robocasa/WashFruitColander,37,4710442,1,distance_progress,1,-0.051999683952923176,0.41304228072320326,0.0
robocasa/WashFruitColander,37,4710442,1,distance_progress,2,-0.050860077043361984,0.45657569127193975,0.0
robocasa/WashFruitColander,37,4710442,1,distance_progress,4,-0.050000026014483036,0.48942996252891874,0.0
robocasa/WashFruitColander,37,4710442,1,distance_progress,8,-0.05071245180824473,0.46221503051584456,0.0
robocasa/WashFruitColander,37,4710442,1,oracle_real_utility,1,-0.05199968395292317,0.41304228072320326,0.0
robocasa/WashFruitColander,37,4710442,1,oracle_real_utility,2,-0.046626805522804064,0.6182882480514384,0.0
robocasa/WashFruitColander,37,4710442,1,oracle_real_utility,4,-0.04154936158848587,0.812248507046339,0.0
robocasa/WashFruitColander,37,4710442,1,oracle_real_utility,8,-0.03812159127639887,0.9431906161287711,0.0
robocasa/WashLettuce,38,4800438,0,random,1,-0.05306767862832023,0.7247082859690043,0.0
robocasa/WashLettuce,38,4800438,0,random,2,-0.052087521185333996,0.7451432418606341,0.0
robocasa/WashLettuce,38,4800438,0,random,4,-0.04994642705731488,0.7897821561279144,0.0
robocasa/WashLettuce,38,4800438,0,random,8,-0.045874830226439026,0.8746694385158905,0.0
robocasa/WashLettuce,38,4800438,0,learned_wam,1,-0.05306767862832022,0.7247082859690043,0.0
robocasa/WashLettuce,38,4800438,0,learned_wam,2,-0.04748322568010875,0.8411365705187835,0.0
robocasa/WashLettuce,38,4800438,0,learned_wam,4,-0.043856755419154694,0.9167435664715198,0.0
robocasa/WashLettuce,38,4800438,0,learned_wam,8,-0.041311060265884395,0.9698178644252474,0.0
robocasa/WashLettuce,38,4800438,0,learned_physics_score,1,-0.05306767862832022,0.7247082859690043,0.0
robocasa/WashLettuce,38,4800438,0,learned_physics_score,2,-0.04748322568010875,0.8411365705187835,0.0
robocasa/WashLettuce,38,4800438,0,learned_physics_score,4,-0.043856755419154694,0.9167435664715198,0.0
robocasa/WashLettuce,38,4800438,0,learned_physics_score,8,-0.041311060265884395,0.9698178644252474,0.0
robocasa/WashLettuce,38,4800438,0,learned_energy_regularized,1,-0.05306767862832022,0.7247082859690043,0.0
robocasa/WashLettuce,38,4800438,0,learned_energy_regularized,2,-0.047616290943630915,0.8383623398987528,0.0
robocasa/WashLettuce,38,4800438,0,learned_energy_regularized,4,-0.04446322509731808,0.9040994946322838,0.0
robocasa/WashLettuce,38,4800438,0,learned_energy_regularized,8,-0.04302473703502011,0.9340900235152116,0.0
robocasa/WashLettuce,38,4800438,0,predicted_progress,1,-0.05306767862832023,0.7247082859690042,0.0
robocasa/WashLettuce,38,4800438,0,predicted_progress,2,-0.04823095851428419,0.8255473530982174,0.0
robocasa/WashLettuce,38,4800438,0,predicted_progress,4,-0.04532384944227672,0.8861566420280007,0.0
robocasa/WashLettuce,38,4800438,0,predicted_progress,8,-0.04226837564373093,0.9498591346715135,0.0
robocasa/WashLettuce,38,4800438,0,predicted_success,1,-0.05306767862832022,0.7247082859690043,0.0
robocasa/WashLettuce,38,4800438,0,predicted_success,2,-0.05306767862832022,0.7247082859690043,0.0
robocasa/WashLettuce,38,4800438,0,predicted_success,4,-0.05306767862832022,0.7247082859690043,0.0
robocasa/WashLettuce,38,4800438,0,predicted_success,8,-0.05306767862832022,0.7247082859690043,0.0
robocasa/WashLettuce,38,4800438,0,low_energy,1,-0.05306767862832022,0.7247082859690043,0.0
robocasa/WashLettuce,38,4800438,0,low_energy,2,-0.047616290943630915,0.8383623398987528,0.0
robocasa/WashLettuce,38,4800438,0,low_energy,4,-0.04446322509731808,0.9040994946322838,0.0
robocasa/WashLettuce,38,4800438,0,low_energy,8,-0.04302473703502011,0.9340900235152116,0.0
robocasa/WashLettuce,38,4800438,0,distance_progress,1,-0.05306767862832023,0.7247082859690043,0.0
robocasa/WashLettuce,38,4800438,0,distance_progress,2,-0.0465563293689952,0.8604611039080445,0.0
robocasa/WashLettuce,38,4800438,0,distance_progress,4,-0.04362986284711763,0.9214739694643186,0.0
robocasa/WashLettuce,38,4800438,0,distance_progress,8,-0.04363501106976887,0.9213666359909554,0.0
robocasa/WashLettuce,38,4800438,0,oracle_real_utility,1,-0.05306767862832023,0.7247082859690042,0.0
robocasa/WashLettuce,38,4800438,0,oracle_real_utility,2,-0.04499339161686372,0.8930462403621058,0.0
robocasa/WashLettuce,38,4800438,0,oracle_real_utility,4,-0.04144225419281425,0.9670826486400228,0.0
robocasa/WashLettuce,38,4800438,0,oracle_real_utility,8,-0.04028284862740635,0.9912546852440989,0.0
robocasa/WashLettuce,38,4810445,1,random,1,-0.052895216610264736,0.4509426652533605,0.0
robocasa/WashLettuce,38,4810445,1,random,2,-0.05407978022074025,0.4218927229868313,0.0
robocasa/WashLettuce,38,4810445,1,random,4,-0.05517510012688731,0.3950313710462812,0.0
robocasa/WashLettuce,38,4810445,1,random,8,-0.05293462708683993,0.44997617256433875,0.0
robocasa/WashLettuce,38,4810445,1,learned_wam,1,-0.052895216610264736,0.4509426652533605,0.0
robocasa/WashLettuce,38,4810445,1,learned_wam,2,-0.045657831415822595,0.6284304930068882,0.0
robocasa/WashLettuce,38,4810445,1,learned_wam,4,-0.03971880512189162,0.7740776912091316,0.0
robocasa/WashLettuce,38,4810445,1,learned_wam,8,-0.03543677773060414,0.879089061979387,0.0
robocasa/WashLettuce,38,4810445,1,learned_physics_score,1,-0.052895216610264736,0.4509426652533605,0.0
robocasa/WashLettuce,38,4810445,1,learned_physics_score,2,-0.045657831415822595,0.6284304930068882,0.0
robocasa/WashLettuce,38,4810445,1,learned_physics_score,4,-0.03971880512189162,0.7740776912091316,0.0
robocasa/WashLettuce,38,4810445,1,learned_physics_score,8,-0.03543677773060414,0.879089061979387,0.0
robocasa/WashLettuce,38,4810445,1,learned_energy_regularized,1,-0.052895216610264736,0.4509426652533605,0.0
robocasa/WashLettuce,38,4810445,1,learned_energy_regularized,2,-0.04565358098723622,0.6285347294564552,0.0
robocasa/WashLettuce,38,4810445,1,learned_energy_regularized,4,-0.03924774510310801,0.7856298495134381,0.0
robocasa/WashLettuce,38,4810445,1,learned_energy_regularized,8,-0.03467194369676986,0.8978456608904772,0.0
robocasa/WashLettuce,38,4810445,1,predicted_progress,1,-0.052895216610264736,0.4509426652533605,0.0
robocasa/WashLettuce,38,4810445,1,predicted_progress,2,-0.05013870953729191,0.5185425565711381,0.0
robocasa/WashLettuce,38,4810445,1,predicted_progress,4,-0.047292155819820075,0.5883507293191895,0.0
robocasa/WashLettuce,38,4810445,1,predicted_progress,8,-0.041728907171647456,0.72478245034672,0.0
robocasa/WashLettuce,38,4810445,1,predicted_success,1,-0.05289521661026473,0.4509426652533605,0.0
robocasa/WashLettuce,38,4810445,1,predicted_success,2,-0.05289521661026473,0.4509426652533605,0.0
robocasa/WashLettuce,38,4810445,1,predicted_success,4,-0.05289521661026473,0.4509426652533605,0.0
robocasa/WashLettuce,38,4810445,1,predicted_success,8,-0.05289521661026473,0.4509426652533605,0.0
robocasa/WashLettuce,38,4810445,1,low_energy,1,-0.052895216610264736,0.4509426652533605,0.0
robocasa/WashLettuce,38,4810445,1,low_energy,2,-0.04565358098723622,0.6285347294564552,0.0
robocasa/WashLettuce,38,4810445,1,low_energy,4,-0.03924774510310801,0.7856298495134381,0.0
robocasa/WashLettuce,38,4810445,1,low_energy,8,-0.03467194369676986,0.8978456608904772,0.0
robocasa/WashLettuce,38,4810445,1,distance_progress,1,-0.05289521661026472,0.4509426652533605,0.0
robocasa/WashLettuce,38,4810445,1,distance_progress,2,-0.05515434426728688,0.39554038256558854,0.0
robocasa/WashLettuce,38,4810445,1,distance_progress,4,-0.058424956390958405,0.31533270732666463,0.0
robocasa/WashLettuce,38,4810445,1,distance_progress,8,-0.062085811916631595,0.22555480031817676,0.0
robocasa/WashLettuce,38,4810445,1,oracle_real_utility,1,-0.052895216610264736,0.4509426652533605,0.0
robocasa/WashLettuce,38,4810445,1,oracle_real_utility,2,-0.045514411948193806,0.6319476762275009,0.0
robocasa/WashLettuce,38,4810445,1,oracle_real_utility,4,-0.03923252348946274,0.7860031405665212,0.0
robocasa/WashLettuce,38,4810445,1,oracle_real_utility,8,-0.03467187627402527,0.897847314349034,0.0
robocasa/CollectWashingSupplies,39,4900441,0,random,1,-0.056147882513390035,0.7081664376464909,0.0
robocasa/CollectWashingSupplies,39,4900441,0,random,2,-0.056221181951179845,0.7069459136405405,0.0
robocasa/CollectWashingSupplies,39,4900441,0,random,4,-0.05996989299997961,0.6445253553880695,0.0
robocasa/CollectWashingSupplies,39,4900441,0,random,8,-0.059290834211056825,0.6558325028686358,0.0
robocasa/CollectWashingSupplies,39,4900441,0,learned_wam,1,-0.05614788251339004,0.7081664376464909,0.0
robocasa/CollectWashingSupplies,39,4900441,0,learned_wam,2,-0.04832198262333989,0.8384771053948856,0.0
robocasa/CollectWashingSupplies,39,4900441,0,learned_wam,4,-0.046420134146194,0.8701451753287013,0.0
robocasa/CollectWashingSupplies,39,4900441,0,learned_wam,8,-0.04684627366100312,0.8630494386710736,0.0
robocasa/CollectWashingSupplies,39,4900441,0,learned_physics_score,1,-0.05614788251339004,0.7081664376464909,0.0
robocasa/CollectWashingSupplies,39,4900441,0,learned_physics_score,2,-0.04832198262333989,0.8384771053948856,0.0
robocasa/CollectWashingSupplies,39,4900441,0,learned_physics_score,4,-0.046420134146194,0.8701451753287013,0.0
robocasa/CollectWashingSupplies,39,4900441,0,learned_physics_score,8,-0.04684627366100312,0.8630494386710736,0.0
robocasa/CollectWashingSupplies,39,4900441,0,learned_energy_regularized,1,-0.05614788251339004,0.708166437646491,0.0
robocasa/CollectWashingSupplies,39,4900441,0,learned_energy_regularized,2,-0.04804253206796645,0.8431302940358074,0.0
robocasa/CollectWashingSupplies,39,4900441,0,learned_energy_regularized,4,-0.046161074163765047,0.8744588363480716,0.0
robocasa/CollectWashingSupplies,39,4900441,0,learned_energy_regularized,8,-0.0479137452036206,0.8452747505872471,0.0
robocasa/CollectWashingSupplies,39,4900441,0,predicted_progress,1,-0.05614788251339004,0.7081664376464909,0.0
robocasa/CollectWashingSupplies,39,4900441,0,predicted_progress,2,-0.05417846225904348,0.740959659132419,0.0
robocasa/CollectWashingSupplies,39,4900441,0,predicted_progress,4,-0.048968049569572805,0.8277193118686974,0.0
robocasa/CollectWashingSupplies,39,4900441,0,predicted_progress,8,-0.04702192261364144,0.8601246718545819,0.0
robocasa/CollectWashingSupplies,39,4900441,0,predicted_success,1,-0.05614788251339004,0.7081664376464909,0.0
robocasa/CollectWashingSupplies,39,4900441,0,predicted_success,2,-0.05614788251339004,0.7081664376464909,0.0
robocasa/CollectWashingSupplies,39,4900441,0,predicted_success,4,-0.05614788251339004,0.7081664376464909,0.0
robocasa/CollectWashingSupplies,39,4900441,0,predicted_success,8,-0.05614788251339004,0.7081664376464909,0.0
robocasa/CollectWashingSupplies,39,4900441,0,low_energy,1,-0.05614788251339004,0.708166437646491,0.0
robocasa/CollectWashingSupplies,39,4900441,0,low_energy,2,-0.04701749460331582,0.8601984035647283,0.0
robocasa/CollectWashingSupplies,39,4900441,0,low_energy,4,-0.04244022676396247,0.9364154312534845,0.0
robocasa/CollectWashingSupplies,39,4900441,0,low_energy,8,-0.040127400434514696,0.9749267778859132,0.0
robocasa/CollectWashingSupplies,39,4900441,0,distance_progress,1,-0.056147882513390035,0.7081664376464909,0.0
robocasa/CollectWashingSupplies,39,4900441,0,distance_progress,2,-0.05085871239706839,0.796237496486513,0.0
robocasa/CollectWashingSupplies,39,4900441,0,distance_progress,4,-0.04899689928163811,0.8272389293827986,0.0
robocasa/CollectWashingSupplies,39,4900441,0,distance_progress,8,-0.04595709960967341,0.8778552585769268,0.0
robocasa/CollectWashingSupplies,39,4900441,0,oracle_real_utility,1,-0.056147882513390035,0.7081664376464909,0.0
robocasa/CollectWashingSupplies,39,4900441,0,oracle_real_utility,2,-0.04588960246789914,0.8789791673592122,0.0
robocasa/CollectWashingSupplies,39,4900441,0,oracle_real_utility,4,-0.04137828213526522,0.9540980895575217,0.0
robocasa/CollectWashingSupplies,39,4900441,0,oracle_real_utility,8,-0.03960602497947042,0.9836083077609405,0.0
robocasa/CollectWashingSupplies,39,4910448,1,random,1,-0.05671087819357535,0.517732254979202,0.0
robocasa/CollectWashingSupplies,39,4910448,1,random,2,-0.052974165295797904,0.6193382590400378,0.0
robocasa/CollectWashingSupplies,39,4910448,1,random,4,-0.05093703543191257,0.6747304261357483,0.0
robocasa/CollectWashingSupplies,39,4910448,1,random,8,-0.0515729067452452,0.6574402716571759,0.0
robocasa/CollectWashingSupplies,39,4910448,1,learned_wam,1,-0.05671087819357535,0.5177322549792021,0.0
robocasa/CollectWashingSupplies,39,4910448,1,learned_wam,2,-0.055499510706156156,0.5506708866624355,0.0
robocasa/CollectWashingSupplies,39,4910448,1,learned_wam,4,-0.05685679408251658,0.5137646152889488,0.0
robocasa/CollectWashingSupplies,39,4910448,1,learned_wam,8,-0.059987852984832404,0.4286271181768101,0.0
robocasa/CollectWashingSupplies,39,4910448,1,learned_physics_score,1,-0.05671087819357535,0.5177322549792021,0.0
robocasa/CollectWashingSupplies,39,4910448,1,learned_physics_score,2,-0.055499510706156156,0.5506708866624355,0.0
robocasa/CollectWashingSupplies,39,4910448,1,learned_physics_score,4,-0.05685679408251658,0.5137646152889488,0.0
robocasa/CollectWashingSupplies,39,4910448,1,learned_physics_score,8,-0.059987852984832404,0.4286271181768101,0.0
robocasa/CollectWashingSupplies,39,4910448,1,learned_energy_regularized,1,-0.05671087819357534,0.5177322549792021,0.0
robocasa/CollectWashingSupplies,39,4910448,1,learned_energy_regularized,2,-0.05369461924298487,0.5997481945405512,0.0
robocasa/CollectWashingSupplies,39,4910448,1,learned_energy_regularized,4,-0.054222357602973295,0.5853983133977061,0.0
robocasa/CollectWashingSupplies,39,4910448,1,learned_energy_regularized,8,-0.05438914562406351,0.5808631337326398,0.0
robocasa/CollectWashingSupplies,39,4910448,1,predicted_progress,1,-0.05671087819357535,0.5177322549792021,0.0
robocasa/CollectWashingSupplies,39,4910448,1,predicted_progress,2,-0.059384032153051616,0.4450457790598624,0.0
robocasa/CollectWashingSupplies,39,4910448,1,predicted_progress,4,-0.06274294977741302,0.35371251179604074,0.0
robocasa/CollectWashingSupplies,39,4910448,1,predicted_progress,8,-0.0646072238165866,0.3030205157083973,0.0
robocasa/CollectWashingSupplies,39,4910448,1,predicted_success,1,-0.05671087819357535,0.5177322549792021,0.0
robocasa/CollectWashingSupplies,39,4910448,1,predicted_success,2,-0.05671087819357535,0.5177322549792021,0.0
robocasa/CollectWashingSupplies,39,4910448,1,predicted_success,4,-0.05671087819357535,0.5177322549792021,0.0
robocasa/CollectWashingSupplies,39,4910448,1,predicted_success,8,-0.05671087819357535,0.5177322549792021,0.0
robocasa/CollectWashingSupplies,39,4910448,1,low_energy,1,-0.05671087819357534,0.5177322549792021,0.0
robocasa/CollectWashingSupplies,39,4910448,1,low_energy,2,-0.05289868714806022,0.6213906064360879,0.0
robocasa/CollectWashingSupplies,39,4910448,1,low_energy,4,-0.05226279630322194,0.638681292001285,0.0
robocasa/CollectWashingSupplies,39,4910448,1,low_energy,8,-0.05264909118855356,0.628177439882748,0.0
robocasa/CollectWashingSupplies,39,4910448,1,distance_progress,1,-0.05671087819357535,0.5177322549792021,0.0
robocasa/CollectWashingSupplies,39,4910448,1,distance_progress,2,-0.05294308633797114,0.620183335662604,0.0
robocasa/CollectWashingSupplies,39,4910448,1,distance_progress,4,-0.04708149090268687,0.77956761427676,0.0
robocasa/CollectWashingSupplies,39,4910448,1,distance_progress,8,-0.04174855592668672,0.9245769386885809,0.0
robocasa/CollectWashingSupplies,39,4910448,1,oracle_real_utility,1,-0.05671087819357534,0.5177322549792021,0.0
robocasa/CollectWashingSupplies,39,4910448,1,oracle_real_utility,2,-0.050126945068063505,0.6967578194759882,0.0
robocasa/CollectWashingSupplies,39,4910448,1,oracle_real_utility,4,-0.04476855085763207,0.8424594130419498,0.0
robocasa/CollectWashingSupplies,39,4910448,1,oracle_real_utility,8,-0.04112007042707589,0.9416662634433988,0.0
robocasa/MicrowavePressButton,40,5000444,0,random,1,-0.04808933417332999,0.6324509407933261,0.0
robocasa/MicrowavePressButton,40,5000444,0,random,2,-0.04242214056310676,0.7286341718313609,0.0
robocasa/MicrowavePressButton,40,5000444,0,random,4,-0.03982277301591742,0.7727504640457423,0.0
robocasa/MicrowavePressButton,40,5000444,0,random,8,-0.038971101742118,0.7872049719610065,0.0
robocasa/MicrowavePressButton,40,5000444,0,learned_wam,1,-0.04808933417332999,0.632450940793326,0.0
robocasa/MicrowavePressButton,40,5000444,0,learned_wam,2,-0.04019478937372566,0.7664366272944355,0.0
robocasa/MicrowavePressButton,40,5000444,0,learned_wam,4,-0.0358297738939459,0.8405193781676175,0.0
robocasa/MicrowavePressButton,40,5000444,0,learned_wam,8,-0.03340546146567796,0.8816646466080387,0.0
robocasa/MicrowavePressButton,40,5000444,0,learned_physics_score,1,-0.04808933417332999,0.632450940793326,0.0
robocasa/MicrowavePressButton,40,5000444,0,learned_physics_score,2,-0.04019478937372566,0.7664366272944355,0.0
robocasa/MicrowavePressButton,40,5000444,0,learned_physics_score,4,-0.0358297738939459,0.8405193781676175,0.0
robocasa/MicrowavePressButton,40,5000444,0,learned_physics_score,8,-0.03340546146567796,0.8816646466080387,0.0
robocasa/MicrowavePressButton,40,5000444,0,learned_energy_regularized,1,-0.04808933417332999,0.632450940793326,0.0
robocasa/MicrowavePressButton,40,5000444,0,learned_energy_regularized,2,-0.04024908622753433,0.7655151047219411,0.0
robocasa/MicrowavePressButton,40,5000444,0,learned_energy_regularized,4,-0.0368946483065488,0.8224464008355721,0.0
robocasa/MicrowavePressButton,40,5000444,0,learned_energy_regularized,8,-0.03476628143156757,0.85856890113285,0.0
robocasa/MicrowavePressButton,40,5000444,0,predicted_progress,1,-0.04808933417332999,0.6324509407933261,0.0
robocasa/MicrowavePressButton,40,5000444,0,predicted_progress,2,-0.045341738830753896,0.6790829452403411,0.0
robocasa/MicrowavePressButton,40,5000444,0,predicted_progress,4,-0.04180385895000795,0.7391276060298988,0.0
robocasa/MicrowavePressButton,40,5000444,0,predicted_progress,8,-0.039219203838518235,0.7829941997692754,0.0
robocasa/MicrowavePressButton,40,5000444,0,predicted_success,1,-0.04808933417332999,0.6324509407933261,0.0
robocasa/MicrowavePressButton,40,5000444,0,predicted_success,2,-0.04808933417332999,0.6324509407933261,0.0
robocasa/MicrowavePressButton,40,5000444,0,predicted_success,4,-0.04808933417332999,0.6324509407933261,0.0
robocasa/MicrowavePressButton,40,5000444,0,predicted_success,8,-0.04808933417332999,0.6324509407933261,0.0
robocasa/MicrowavePressButton,40,5000444,0,low_energy,1,-0.04808933417332999,0.632450940793326,0.0
robocasa/MicrowavePressButton,40,5000444,0,low_energy,2,-0.04024908622753433,0.7655151047219411,0.0
robocasa/MicrowavePressButton,40,5000444,0,low_energy,4,-0.0368946483065488,0.8224464008355721,0.0
robocasa/MicrowavePressButton,40,5000444,0,low_energy,8,-0.03476628143156757,0.85856890113285,0.0
robocasa/MicrowavePressButton,40,5000444,0,distance_progress,1,-0.04808933417332998,0.632450940793326,0.0
robocasa/MicrowavePressButton,40,5000444,0,distance_progress,2,-0.039599941713978015,0.7765323420035166,0.0
robocasa/MicrowavePressButton,40,5000444,0,distance_progress,4,-0.0343458682084562,0.8657041262462151,0.0
robocasa/MicrowavePressButton,40,5000444,0,distance_progress,8,-0.03026360178279109,0.9349880790778696,0.0
robocasa/MicrowavePressButton,40,5000444,0,oracle_real_utility,1,-0.04808933417332998,0.632450940793326,0.0
robocasa/MicrowavePressButton,40,5000444,0,oracle_real_utility,2,-0.038176251625887295,0.8006951149891386,0.0
robocasa/MicrowavePressButton,40,5000444,0,oracle_real_utility,4,-0.031519020894042266,0.9136811898603896,0.0
robocasa/MicrowavePressButton,40,5000444,0,oracle_real_utility,8,-0.027934757203908023,0.9745130735616141,0.0
robocasa/MicrowavePressButton,40,5010451,1,random,1,-0.05231462784863738,0.47092773908778457,0.0
robocasa/MicrowavePressButton,40,5010451,1,random,2,-0.049863059585747965,0.5275926570673822,0.0
robocasa/MicrowavePressButton,40,5010451,1,random,4,-0.047934168250505484,0.5721765550389811,0.0
robocasa/MicrowavePressButton,40,5010451,1,random,8,-0.047871391797379044,0.5736275538226199,0.0
robocasa/MicrowavePressButton,40,5010451,1,learned_wam,1,-0.05231462784863738,0.47092773908778457,0.0
robocasa/MicrowavePressButton,40,5010451,1,learned_wam,2,-0.044466158677131266,0.6523352359137684,0.0
robocasa/MicrowavePressButton,40,5010451,1,learned_wam,4,-0.03769784758046238,0.8087762369492116,0.0
robocasa/MicrowavePressButton,40,5010451,1,learned_wam,8,-0.032680088641471504,0.9247554258722231,0.0
robocasa/MicrowavePressButton,40,5010451,1,learned_physics_score,1,-0.05231462784863738,0.47092773908778457,0.0
robocasa/MicrowavePressButton,40,5010451,1,learned_physics_score,2,-0.044466158677131266,0.6523352359137684,0.0
robocasa/MicrowavePressButton,40,5010451,1,learned_physics_score,4,-0.03769784758046238,0.8087762369492116,0.0
robocasa/MicrowavePressButton,40,5010451,1,learned_physics_score,8,-0.032680088641471504,0.9247554258722231,0.0
robocasa/MicrowavePressButton,40,5010451,1,learned_energy_regularized,1,-0.05231462784863737,0.47092773908778457,0.0
robocasa/MicrowavePressButton,40,5010451,1,learned_energy_regularized,2,-0.045232652395758736,0.6346186973391045,0.0
robocasa/MicrowavePressButton,40,5010451,1,learned_energy_regularized,4,-0.03786990295897973,0.8047993932042434,0.0
robocasa/MicrowavePressButton,40,5010451,1,learned_energy_regularized,8,-0.03251612778167975,0.9285451749942868,0.0
robocasa/MicrowavePressButton,40,5010451,1,predicted_progress,1,-0.05231462784863738,0.47092773908778457,0.0
robocasa/MicrowavePressButton,40,5010451,1,predicted_progress,2,-0.05330022911823502,0.4481468049617594,0.0
robocasa/MicrowavePressButton,40,5010451,1,predicted_progress,4,-0.05394970034742888,0.43313509409509837,0.0
robocasa/MicrowavePressButton,40,5010451,1,predicted_progress,8,-0.0573193054220381,0.35525090948286653,0.0
robocasa/MicrowavePressButton,40,5010451,1,predicted_success,1,-0.05231462784863738,0.47092773908778457,0.0
robocasa/MicrowavePressButton,40,5010451,1,predicted_success,2,-0.05231462784863738,0.47092773908778457,0.0
robocasa/MicrowavePressButton,40,5010451,1,predicted_success,4,-0.05231462784863738,0.47092773908778457,0.0
robocasa/MicrowavePressButton,40,5010451,1,predicted_success,8,-0.05231462784863738,0.47092773908778457,0.0
robocasa/MicrowavePressButton,40,5010451,1,low_energy,1,-0.05231462784863737,0.47092773908778457,0.0
robocasa/MicrowavePressButton,40,5010451,1,low_energy,2,-0.045232652395758736,0.6346186973391045,0.0
robocasa/MicrowavePressButton,40,5010451,1,low_energy,4,-0.03786990295897973,0.8047993932042434,0.0
robocasa/MicrowavePressButton,40,5010451,1,low_energy,8,-0.03251612778167975,0.9285451749942868,0.0
robocasa/MicrowavePressButton,40,5010451,1,distance_progress,1,-0.05231462784863738,0.47092773908778457,0.0
robocasa/MicrowavePressButton,40,5010451,1,distance_progress,2,-0.049922601015348664,0.5262164317850663,0.0
robocasa/MicrowavePressButton,40,5010451,1,distance_progress,4,-0.051581542480648064,0.4878720856425888,0.0
robocasa/MicrowavePressButton,40,5010451,1,distance_progress,8,-0.05689683419513551,0.36501580070925266,0.0
robocasa/MicrowavePressButton,40,5010451,1,oracle_real_utility,1,-0.05231462784863738,0.47092773908778457,0.0
robocasa/MicrowavePressButton,40,5010451,1,oracle_real_utility,2,-0.04435414191319428,0.6549243625707386,0.0
robocasa/MicrowavePressButton,40,5010451,1,oracle_real_utility,4,-0.03743355802804856,0.8148849576555006,0.0
robocasa/MicrowavePressButton,40,5010451,1,oracle_real_utility,8,-0.03247414613889203,0.9295155278827724,0.0
robocasa/ToastBagel,41,5100447,0,random,1,-0.06399941233729418,0.5334438862788357,0.0
robocasa/ToastBagel,41,5100447,0,random,2,-0.06587531422607514,0.49033450005942714,0.0
robocasa/ToastBagel,41,5100447,0,random,4,-0.06378311260329503,0.5384145880132338,0.0
robocasa/ToastBagel,41,5100447,0,random,8,-0.05947307580850395,0.6374619006246907,0.0
robocasa/ToastBagel,41,5100447,0,learned_wam,1,-0.06399941233729418,0.5334438862788357,0.0
robocasa/ToastBagel,41,5100447,0,learned_wam,2,-0.05612786086430739,0.7143370100740553,0.0
robocasa/ToastBagel,41,5100447,0,learned_wam,4,-0.05085745332219188,0.8354542367400979,0.0
robocasa/ToastBagel,41,5100447,0,learned_wam,8,-0.04833223834385327,0.89348523955495,0.0
robocasa/ToastBagel,41,5100447,0,learned_physics_score,1,-0.06399941233729418,0.5334438862788357,0.0
robocasa/ToastBagel,41,5100447,0,learned_physics_score,2,-0.05612786086430739,0.7143370100740553,0.0
robocasa/ToastBagel,41,5100447,0,learned_physics_score,4,-0.05085745332219188,0.8354542367400979,0.0
robocasa/ToastBagel,41,5100447,0,learned_physics_score,8,-0.04833223834385327,0.89348523955495,0.0
robocasa/ToastBagel,41,5100447,0,learned_energy_regularized,1,-0.06399941233729418,0.5334438862788355,0.0
robocasa/ToastBagel,41,5100447,0,learned_energy_regularized,2,-0.057477366116407594,0.6833245443018112,0.0
robocasa/ToastBagel,41,5100447,0,learned_energy_regularized,4,-0.053470536969712275,0.7754039575339817,0.0
robocasa/ToastBagel,41,5100447,0,learned_energy_regularized,8,-0.05345135738043813,0.7758447163639044,0.0
robocasa/ToastBagel,41,5100447,0,predicted_progress,1,-0.06399941233729417,0.5334438862788357,0.0
robocasa/ToastBagel,41,5100447,0,predicted_progress,2,-0.06327774329662227,0.5500282874050226,0.0
robocasa/ToastBagel,41,5100447,0,predicted_progress,4,-0.060801162281451465,0.6069416516513972,0.0
robocasa/ToastBagel,41,5100447,0,predicted_progress,8,-0.0553073109501257,0.7331937548613577,0.0
robocasa/ToastBagel,41,5100447,0,predicted_success,1,-0.06399941233729418,0.5334438862788357,0.0
robocasa/ToastBagel,41,5100447,0,predicted_success,2,-0.06399941233729418,0.5334438862788357,0.0
robocasa/ToastBagel,41,5100447,0,predicted_success,4,-0.06399941233729418,0.5334438862788357,0.0
robocasa/ToastBagel,41,5100447,0,predicted_success,8,-0.06399941233729418,0.5334438862788357,0.0
robocasa/ToastBagel,41,5100447,0,low_energy,1,-0.06399941233729418,0.5334438862788355,0.0
robocasa/ToastBagel,41,5100447,0,low_energy,2,-0.057477366116407594,0.6833245443018112,0.0
robocasa/ToastBagel,41,5100447,0,low_energy,4,-0.053470536969712275,0.7754039575339817,0.0
robocasa/ToastBagel,41,5100447,0,low_energy,8,-0.05345135738043813,0.7758447163639044,0.0
robocasa/ToastBagel,41,5100447,0,distance_progress,1,-0.06399941233729418,0.5334438862788355,0.0
robocasa/ToastBagel,41,5100447,0,distance_progress,2,-0.05739894659477552,0.6851266734352146,0.0
robocasa/ToastBagel,41,5100447,0,distance_progress,4,-0.05093792644039297,0.8336049146867653,0.0
robocasa/ToastBagel,41,5100447,0,distance_progress,8,-0.046570647300452364,0.9339676918115389,0.0
robocasa/ToastBagel,41,5100447,0,oracle_real_utility,1,-0.06399941233729418,0.5334438862788357,0.0
robocasa/ToastBagel,41,5100447,0,oracle_real_utility,2,-0.05567377409343843,0.7247722050592447,0.0
robocasa/ToastBagel,41,5100447,0,oracle_real_utility,4,-0.049252912077951495,0.8723275874289651,0.0
robocasa/ToastBagel,41,5100447,0,oracle_real_utility,8,-0.04549084428545573,0.9587822332823733,0.0
robocasa/ToastBagel,41,5110454,1,random,1,-0.05287470234307942,0.6040296759538364,0.0
robocasa/ToastBagel,41,5110454,1,random,2,-0.051372454372868574,0.624330199610199,0.0
robocasa/ToastBagel,41,5110454,1,random,4,-0.050494545365492624,0.6361937620351615,0.0
robocasa/ToastBagel,41,5110454,1,random,8,-0.048020592676376,0.6696253499527578,0.0
robocasa/ToastBagel,41,5110454,1,learned_wam,1,-0.05287470234307941,0.6040296759538364,0.0
robocasa/ToastBagel,41,5110454,1,learned_wam,2,-0.03828073849884081,0.8012441932205744,0.0
robocasa/ToastBagel,41,5110454,1,learned_wam,4,-0.029515379252068284,0.9196942668929318,0.0
robocasa/ToastBagel,41,5110454,1,learned_wam,8,-0.02563617523367771,0.9721156210932923,0.0
robocasa/ToastBagel,41,5110454,1,learned_physics_score,1,-0.05287470234307941,0.6040296759538364,0.0
robocasa/ToastBagel,41,5110454,1,learned_physics_score,2,-0.03828073849884081,0.8012441932205744,0.0
robocasa/ToastBagel,41,5110454,1,learned_physics_score,4,-0.029515379252068284,0.9196942668929318,0.0
robocasa/ToastBagel,41,5110454,1,learned_physics_score,8,-0.02563617523367771,0.9721156210932923,0.0
robocasa/ToastBagel,41,5110454,1,learned_energy_regularized,1,-0.05287470234307941,0.6040296759538364,0.0
robocasa/ToastBagel,41,5110454,1,learned_energy_regularized,2,-0.0383158825499248,0.8007692765260217,0.0
robocasa/ToastBagel,41,5110454,1,learned_energy_regularized,4,-0.029598297247594572,0.9185737603167217,0.0
robocasa/ToastBagel,41,5110454,1,learned_energy_regularized,8,-0.025700787471852074,0.9712424880982349,0.0
robocasa/ToastBagel,41,5110454,1,predicted_progress,1,-0.05287470234307941,0.6040296759538364,0.0
robocasa/ToastBagel,41,5110454,1,predicted_progress,2,-0.04044719344588801,0.7719679546933204,0.0
robocasa/ToastBagel,41,5110454,1,predicted_progress,4,-0.03459088038498767,0.8511068346847426,0.0
robocasa/ToastBagel,41,5110454,1,predicted_progress,8,-0.03340163118530596,0.8671776711845653,0.0
robocasa/ToastBagel,41,5110454,1,predicted_success,1,-0.05287470234307942,0.6040296759538364,0.0
robocasa/ToastBagel,41,5110454,1,predicted_success,2,-0.05287470234307942,0.6040296759538364,0.0
robocasa/ToastBagel,41,5110454,1,predicted_success,4,-0.05287470234307942,0.6040296759538364,0.0
robocasa/ToastBagel,41,5110454,1,predicted_success,8,-0.05287470234307942,0.6040296759538364,0.0
robocasa/ToastBagel,41,5110454,1,low_energy,1,-0.05287470234307941,0.6040296759538364,0.0
robocasa/ToastBagel,41,5110454,1,low_energy,2,-0.0383158825499248,0.8007692765260217,0.0
robocasa/ToastBagel,41,5110454,1,low_energy,4,-0.029598297247594572,0.9185737603167217,0.0
robocasa/ToastBagel,41,5110454,1,low_energy,8,-0.025700787471852074,0.9712424880982349,0.0
robocasa/ToastBagel,41,5110454,1,distance_progress,1,-0.05287470234307941,0.6040296759538364,0.0
robocasa/ToastBagel,41,5110454,1,distance_progress,2,-0.04045717816788171,0.771833026845818,0.0
robocasa/ToastBagel,41,5110454,1,distance_progress,4,-0.03554860612099637,0.8381646744384397,0.0
robocasa/ToastBagel,41,5110454,1,distance_progress,8,-0.0351873964692647,0.8430458559912136,0.0
robocasa/ToastBagel,41,5110454,1,oracle_real_utility,1,-0.05287470234307941,0.6040296759538364,0.0
robocasa/ToastBagel,41,5110454,1,oracle_real_utility,2,-0.03828073849884081,0.8012441932205744,0.0
robocasa/ToastBagel,41,5110454,1,oracle_real_utility,4,-0.029515379252068284,0.9196942668929318,0.0
robocasa/ToastBagel,41,5110454,1,oracle_real_utility,8,-0.02563617523367771,0.9721156210932923,0.0
robocasa/AdjustHeat,42,5200450,0,random,1,-0.05375248518188321,0.4472008425569068,0.0
robocasa/AdjustHeat,42,5200450,0,random,2,-0.058156208350659724,0.34534736195296095,0.0
robocasa/AdjustHeat,42,5200450,0,random,4,-0.05837458333152232,0.3402965785532735,0.0
robocasa/AdjustHeat,42,5200450,0,random,8,-0.05766460328291363,0.3567176696025193,0.0
robocasa/AdjustHeat,42,5200450,0,learned_wam,1,-0.053752485181883206,0.4472008425569068,0.0
robocasa/AdjustHeat,42,5200450,0,learned_wam,2,-0.047451491476492656,0.5929361932047286,0.0
robocasa/AdjustHeat,42,5200450,0,learned_wam,4,-0.04036017050721254,0.7569509814007809,0.0
robocasa/AdjustHeat,42,5200450,0,learned_wam,8,-0.034433647798610814,0.8940252121402028,0.0
robocasa/AdjustHeat,42,5200450,0,learned_physics_score,1,-0.053752485181883206,0.4472008425569068,0.0
robocasa/AdjustHeat,42,5200450,0,learned_physics_score,2,-0.047451491476492656,0.5929361932047286,0.0
robocasa/AdjustHeat,42,5200450,0,learned_physics_score,4,-0.04036017050721254,0.7569509814007809,0.0
robocasa/AdjustHeat,42,5200450,0,learned_physics_score,8,-0.034433647798610814,0.8940252121402028,0.0
robocasa/AdjustHeat,42,5200450,0,learned_energy_regularized,1,-0.0537524851818832,0.4472008425569068,0.0
robocasa/AdjustHeat,42,5200450,0,learned_energy_regularized,2,-0.04940800960531261,0.5476839887296692,0.0
robocasa/AdjustHeat,42,5200450,0,learned_energy_regularized,4,-0.04489229789336413,0.6521276464343702,0.0
robocasa/AdjustHeat,42,5200450,0,learned_energy_regularized,8,-0.03906777646549767,0.7868426949384946,0.0
robocasa/AdjustHeat,42,5200450,0,predicted_progress,1,-0.05375248518188321,0.44720084255690673,0.0
robocasa/AdjustHeat,42,5200450,0,predicted_progress,2,-0.05161570457558981,0.4966223283535397,0.0
robocasa/AdjustHeat,42,5200450,0,predicted_progress,4,-0.049578330579440916,0.5437446439139408,0.0
robocasa/AdjustHeat,42,5200450,0,predicted_progress,8,-0.04694986115702242,0.6045383743719677,0.0
robocasa/AdjustHeat,42,5200450,0,predicted_success,1,-0.053752485181883206,0.44720084255690684,0.0
robocasa/AdjustHeat,42,5200450,0,predicted_success,2,-0.053752485181883206,0.44720084255690684,0.0
robocasa/AdjustHeat,42,5200450,0,predicted_success,4,-0.053752485181883206,0.44720084255690684,0.0
robocasa/AdjustHeat,42,5200450,0,predicted_success,8,-0.053752485181883206,0.44720084255690684,0.0
robocasa/AdjustHeat,42,5200450,0,low_energy,1,-0.053752485181883206,0.4472008425569068,0.0
robocasa/AdjustHeat,42,5200450,0,low_energy,2,-0.05087520002036823,0.5137494191041942,0.0
robocasa/AdjustHeat,42,5200450,0,low_energy,4,-0.04944322691612711,0.5468694494077152,0.0
robocasa/AdjustHeat,42,5200450,0,low_energy,8,-0.050719143071003614,0.517358852044466,0.0
robocasa/AdjustHeat,42,5200450,0,distance_progress,1,-0.053752485181883206,0.44720084255690673,0.0
robocasa/AdjustHeat,42,5200450,0,distance_progress,2,-0.04872136631294576,0.5635653251762437,0.0
robocasa/AdjustHeat,42,5200450,0,distance_progress,4,-0.04272453747259507,0.7022656627239243,0.0
robocasa/AdjustHeat,42,5200450,0,distance_progress,8,-0.038662173582617365,0.7962238625961862,0.0
robocasa/AdjustHeat,42,5200450,0,oracle_real_utility,1,-0.05375248518188321,0.4472008425569068,0.0
robocasa/AdjustHeat,42,5200450,0,oracle_real_utility,2,-0.04699800043907027,0.6034249634597846,0.0
robocasa/AdjustHeat,42,5200450,0,oracle_real_utility,4,-0.04029312507800542,0.7585016715921509,0.0
robocasa/AdjustHeat,42,5200450,0,oracle_real_utility,8,-0.034429461357114166,0.894122040124487,0.0
robocasa/AdjustHeat,42,5210457,1,random,1,-0.05130468933488668,0.6654666643219574,0.0
robocasa/AdjustHeat,42,5210457,1,random,2,-0.051800161246724645,0.6538074368862404,0.0
robocasa/AdjustHeat,42,5210457,1,random,4,-0.05035828704168985,0.687736987459215,0.0
robocasa/AdjustHeat,42,5210457,1,random,8,-0.04833004127063306,0.7354647762102675,0.0
robocasa/AdjustHeat,42,5210457,1,learned_wam,1,-0.05130468933488669,0.6654666643219574,0.0
robocasa/AdjustHeat,42,5210457,1,learned_wam,2,-0.04537892370399045,0.8049091787625533,0.0
robocasa/AdjustHeat,42,5210457,1,learned_wam,4,-0.041445399414790605,0.8974711448719399,0.0
robocasa/AdjustHeat,42,5210457,1,learned_wam,8,-0.03879678466640159,0.9597971839535686,0.0
robocasa/AdjustHeat,42,5210457,1,learned_physics_score,1,-0.05130468933488669,0.6654666643219574,0.0
robocasa/AdjustHeat,42,5210457,1,learned_physics_score,2,-0.04537892370399045,0.8049091787625533,0.0
robocasa/AdjustHeat,42,5210457,1,learned_physics_score,4,-0.041445399414790605,0.8974711448719399,0.0
robocasa/AdjustHeat,42,5210457,1,learned_physics_score,8,-0.03879678466640159,0.9597971839535686,0.0
robocasa/AdjustHeat,42,5210457,1,learned_energy_regularized,1,-0.05130468933488669,0.6654666643219576,0.0
robocasa/AdjustHeat,42,5210457,1,learned_energy_regularized,2,-0.04574921363345171,0.7961956787606473,0.0
robocasa/AdjustHeat,42,5210457,1,learned_energy_regularized,4,-0.042472274403827615,0.8733071735969196,0.0
robocasa/AdjustHeat,42,5210457,1,learned_energy_regularized,8,-0.04031303325897155,0.9241174879557041,0.0
robocasa/AdjustHeat,42,5210457,1,predicted_progress,1,-0.05130468933488668,0.6654666643219574,0.0
robocasa/AdjustHeat,42,5210457,1,predicted_progress,2,-0.04727462074446579,0.7603004685288518,0.0
robocasa/AdjustHeat,42,5210457,1,predicted_progress,4,-0.045624162910268384,0.7991383174607644,0.0
robocasa/AdjustHeat,42,5210457,1,predicted_progress,8,-0.04463201691229951,0.822485061369708,0.0
robocasa/AdjustHeat,42,5210457,1,predicted_success,1,-0.05130468933488669,0.6654666643219576,0.0
robocasa/AdjustHeat,42,5210457,1,predicted_success,2,-0.05130468933488669,0.6654666643219576,0.0
robocasa/AdjustHeat,42,5210457,1,predicted_success,4,-0.05130468933488669,0.6654666643219576,0.0
robocasa/AdjustHeat,42,5210457,1,predicted_success,8,-0.05130468933488669,0.6654666643219576,0.0
robocasa/AdjustHeat,42,5210457,1,low_energy,1,-0.05130468933488669,0.6654666643219576,0.0
robocasa/AdjustHeat,42,5210457,1,low_energy,2,-0.045875021905461166,0.7932352137542423,0.0
robocasa/AdjustHeat,42,5210457,1,low_energy,4,-0.04271602793084594,0.86757127264701,0.0
robocasa/AdjustHeat,42,5210457,1,low_energy,8,-0.04046061072355589,0.9206447598698828,0.0
robocasa/AdjustHeat,42,5210457,1,distance_progress,1,-0.05130468933488669,0.6654666643219574,0.0
robocasa/AdjustHeat,42,5210457,1,distance_progress,2,-0.04840917780049717,0.7336025701434564,0.0
robocasa/AdjustHeat,42,5210457,1,distance_progress,4,-0.04503715740883656,0.8129514731285048,0.0
robocasa/AdjustHeat,42,5210457,1,distance_progress,8,-0.04405063325672047,0.8361659262297558,0.0
robocasa/AdjustHeat,42,5210457,1,oracle_real_utility,1,-0.051304689334886674,0.6654666643219574,0.0
robocasa/AdjustHeat,42,5210457,1,oracle_real_utility,2,-0.04498812236633139,0.8141053442142888,0.0
robocasa/AdjustHeat,42,5210457,1,oracle_real_utility,4,-0.041201148578753684,0.9032187482792745,0.0
robocasa/AdjustHeat,42,5210457,1,oracle_real_utility,8,-0.038774899886903164,0.9603121669737082,0.0
robocasa/LowerHeat,43,5300453,0,random,1,-0.05428999389495155,0.7116668958657814,0.0
robocasa/LowerHeat,43,5300453,0,random,2,-0.05553066889256687,0.6708740309628296,0.0
robocasa/LowerHeat,43,5300453,0,random,4,-0.05596102705210097,0.6567240381802708,0.0
robocasa/LowerHeat,43,5300453,0,random,8,-0.057201877518749555,0.6159254039303246,0.0
robocasa/LowerHeat,43,5300453,0,learned_wam,1,-0.05428999389495155,0.7116668958657814,0.0
robocasa/LowerHeat,43,5300453,0,learned_wam,2,-0.05107408259908665,0.8174046880226672,0.0
robocasa/LowerHeat,43,5300453,0,learned_wam,4,-0.0492839638662599,0.8762630286588556,0.0
robocasa/LowerHeat,43,5300453,0,learned_wam,8,-0.04733017672108189,0.9405027169056257,0.0
robocasa/LowerHeat,43,5300453,0,learned_physics_score,1,-0.05428999389495155,0.7116668958657814,0.0
robocasa/LowerHeat,43,5300453,0,learned_physics_score,2,-0.05107408259908665,0.8174046880226672,0.0
robocasa/LowerHeat,43,5300453,0,learned_physics_score,4,-0.0492839638662599,0.8762630286588556,0.0
robocasa/LowerHeat,43,5300453,0,learned_physics_score,8,-0.04733017672108189,0.9405027169056257,0.0
robocasa/LowerHeat,43,5300453,0,learned_energy_regularized,1,-0.05428999389495155,0.7116668958657814,0.0
robocasa/LowerHeat,43,5300453,0,learned_energy_regularized,2,-0.05075424152106142,0.8279209262892363,0.0
robocasa/LowerHeat,43,5300453,0,learned_energy_regularized,4,-0.04895004020326258,0.8872422963145514,0.0
robocasa/LowerHeat,43,5300453,0,learned_energy_regularized,8,-0.04760502840562919,0.9314657107133215,0.0
robocasa/LowerHeat,43,5300453,0,predicted_progress,1,-0.054289993894951545,0.7116668958657815,0.0
robocasa/LowerHeat,43,5300453,0,predicted_progress,2,-0.05750376829042626,0.6059993640825592,0.0
robocasa/LowerHeat,43,5300453,0,predicted_progress,4,-0.061903974972914264,0.46132244459211513,0.0
robocasa/LowerHeat,43,5300453,0,predicted_progress,8,-0.06754314769077151,0.2759088501486755,0.0
robocasa/LowerHeat,43,5300453,0,predicted_success,1,-0.054289993894951545,0.7116668958657814,0.0
robocasa/LowerHeat,43,5300453,0,predicted_success,2,-0.054289993894951545,0.7116668958657814,0.0
robocasa/LowerHeat,43,5300453,0,predicted_success,4,-0.054289993894951545,0.7116668958657814,0.0
robocasa/LowerHeat,43,5300453,0,predicted_success,8,-0.054289993894951545,0.7116668958657814,0.0
robocasa/LowerHeat,43,5300453,0,low_energy,1,-0.05428999389495155,0.7116668958657814,0.0
robocasa/LowerHeat,43,5300453,0,low_energy,2,-0.05065474345281888,0.8311923803474898,0.0
robocasa/LowerHeat,43,5300453,0,low_energy,4,-0.04869243127491143,0.8957123680353657,0.0
robocasa/LowerHeat,43,5300453,0,low_energy,8,-0.04758997549635394,0.9319606439517941,0.0
robocasa/LowerHeat,43,5300453,0,distance_progress,1,-0.05428999389495155,0.7116668958657815,0.0
robocasa/LowerHeat,43,5300453,0,distance_progress,2,-0.05407915500900064,0.7185991885350267,0.0
robocasa/LowerHeat,43,5300453,0,distance_progress,4,-0.05302010764264815,0.7534202143673201,0.0
robocasa/LowerHeat,43,5300453,0,distance_progress,8,-0.05136306816371413,0.8079029658799539,0.0
robocasa/LowerHeat,43,5300453,0,oracle_real_utility,1,-0.054289993894951545,0.7116668958657814,0.0
robocasa/LowerHeat,43,5300453,0,oracle_real_utility,2,-0.04982067607989746,0.8586161599263004,0.0
robocasa/LowerHeat,43,5300453,0,oracle_real_utility,4,-0.04764960362444784,0.9300000965252517,0.0
robocasa/LowerHeat,43,5300453,0,oracle_real_utility,8,-0.04645376254975928,0.9693188411593691,0.0
robocasa/LowerHeat,43,5310460,1,random,1,-0.048034139807807574,0.4980682772587791,0.0
robocasa/LowerHeat,43,5310460,1,random,2,-0.04885092285445104,0.4672019961497449,0.0
robocasa/LowerHeat,43,5310460,1,random,4,-0.04962055777835926,0.4381174454721751,0.0
robocasa/LowerHeat,43,5310460,1,random,8,-0.05152236073725049,0.3662481957560333,0.0
robocasa/LowerHeat,43,5310460,1,learned_wam,1,-0.048034139807807574,0.49806827725877917,0.0
robocasa/LowerHeat,43,5310460,1,learned_wam,2,-0.04469824785674791,0.6241318373851922,0.0
robocasa/LowerHeat,43,5310460,1,learned_wam,4,-0.04127410435389096,0.7535304290322491,0.0
robocasa/LowerHeat,43,5310460,1,learned_wam,8,-0.03837967888062052,0.8629109440591647,0.0
robocasa/LowerHeat,43,5310460,1,learned_physics_score,1,-0.048034139807807574,0.49806827725877917,0.0
robocasa/LowerHeat,43,5310460,1,learned_physics_score,2,-0.04469824785674791,0.6241318373851922,0.0
robocasa/LowerHeat,43,5310460,1,learned_physics_score,4,-0.04127410435389096,0.7535304290322491,0.0
robocasa/LowerHeat,43,5310460,1,learned_physics_score,8,-0.03837967888062052,0.8629109440591647,0.0
robocasa/LowerHeat,43,5310460,1,learned_energy_regularized,1,-0.04803413980780757,0.49806827725877917,0.0
robocasa/LowerHeat,43,5310460,1,learned_energy_regularized,2,-0.04554054534965126,0.5923013637970956,0.0
robocasa/LowerHeat,43,5310460,1,learned_energy_regularized,4,-0.04195481203667495,0.7278064442161662,0.0
robocasa/LowerHeat,43,5310460,1,learned_energy_regularized,8,-0.03820097246886778,0.8696642702500238,0.0
robocasa/LowerHeat,43,5310460,1,predicted_progress,1,-0.048034139807807574,0.49806827725877917,0.0
robocasa/LowerHeat,43,5310460,1,predicted_progress,2,-0.04752603398917455,0.5172696271098971,0.0
robocasa/LowerHeat,43,5310460,1,predicted_progress,4,-0.04833017857807599,0.486880954089146,0.0
robocasa/LowerHeat,43,5310460,1,predicted_progress,8,-0.048920990170242054,0.4645541480159612,0.0
robocasa/LowerHeat,43,5310460,1,predicted_success,1,-0.04803413980780758,0.4980682772587791,0.0
robocasa/LowerHeat,43,5310460,1,predicted_success,2,-0.04803413980780758,0.4980682772587791,0.0
robocasa/LowerHeat,43,5310460,1,predicted_success,4,-0.04803413980780758,0.4980682772587791,0.0
robocasa/LowerHeat,43,5310460,1,predicted_success,8,-0.04803413980780758,0.4980682772587791,0.0
robocasa/LowerHeat,43,5310460,1,low_energy,1,-0.04803413980780757,0.49806827725877917,0.0
robocasa/LowerHeat,43,5310460,1,low_energy,2,-0.04554054534965126,0.5923013637970956,0.0
robocasa/LowerHeat,43,5310460,1,low_energy,4,-0.04195481203667495,0.7278064442161662,0.0
robocasa/LowerHeat,43,5310460,1,low_energy,8,-0.03820097246886778,0.8696642702500238,0.0
robocasa/LowerHeat,43,5310460,1,distance_progress,1,-0.048034139807807574,0.4980682772587791,0.0
robocasa/LowerHeat,43,5310460,1,distance_progress,2,-0.0480322357110132,0.4981402331926781,0.0
robocasa/LowerHeat,43,5310460,1,distance_progress,4,-0.04860095039637356,0.4766484705743098,0.0
robocasa/LowerHeat,43,5310460,1,distance_progress,8,-0.04865756392982781,0.4745090416949326,0.0
robocasa/LowerHeat,43,5310460,1,oracle_real_utility,1,-0.04803413980780758,0.49806827725877917,0.0
robocasa/LowerHeat,43,5310460,1,oracle_real_utility,2,-0.043940414132257286,0.6527704200175823,0.0
robocasa/LowerHeat,43,5310460,1,oracle_real_utility,4,-0.04066727030244303,0.7764627248181362,0.0
robocasa/LowerHeat,43,5310460,1,oracle_real_utility,8,-0.03787819393518084,0.881862090708817,0.0
robocasa/TransportCookware,44,5400456,0,random,1,-0.05614101218509418,0.45151414785214095,0.0
robocasa/TransportCookware,44,5400456,0,random,2,-0.05754395697092814,0.42264264008510655,0.0
robocasa/TransportCookware,44,5400456,0,random,4,-0.06317485459123984,0.3067631656954107,0.0
robocasa/TransportCookware,44,5400456,0,random,8,-0.07028627279180005,0.16041573428879594,0.0
robocasa/TransportCookware,44,5400456,0,learned_wam,1,-0.05614101218509417,0.451514147852141,0.0
robocasa/TransportCookware,44,5400456,0,learned_wam,2,-0.04874744040675583,0.6036680794821234,0.0
robocasa/TransportCookware,44,5400456,0,learned_wam,4,-0.04247552833930253,0.7327391304586549,0.0
robocasa/TransportCookware,44,5400456,0,learned_wam,8,-0.03655053835950183,0.8546707958732206,0.0
robocasa/TransportCookware,44,5400456,0,learned_physics_score,1,-0.05614101218509417,0.451514147852141,0.0
robocasa/TransportCookware,44,5400456,0,learned_physics_score,2,-0.04874744040675583,0.6036680794821234,0.0
robocasa/TransportCookware,44,5400456,0,learned_physics_score,4,-0.04247552833930253,0.7327391304586549,0.0
robocasa/TransportCookware,44,5400456,0,learned_physics_score,8,-0.03655053835950183,0.8546707958732206,0.0
robocasa/TransportCookware,44,5400456,0,learned_energy_regularized,1,-0.05614101218509418,0.451514147852141,0.0
robocasa/TransportCookware,44,5400456,0,learned_energy_regularized,2,-0.05186848669490868,0.5394393849108584,0.0
robocasa/TransportCookware,44,5400456,0,learned_energy_regularized,4,-0.04961592033833642,0.5857954409126465,0.0
robocasa/TransportCookware,44,5400456,0,learned_energy_regularized,8,-0.0494514267637593,0.5891805901815165,0.0
robocasa/TransportCookware,44,5400456,0,predicted_progress,1,-0.05614101218509417,0.451514147852141,0.0
robocasa/TransportCookware,44,5400456,0,predicted_progress,2,-0.04975768190401891,0.5828780986294747,0.0
robocasa/TransportCookware,44,5400456,0,predicted_progress,4,-0.04588137745935428,0.6626494160837098,0.0
robocasa/TransportCookware,44,5400456,0,predicted_progress,8,-0.045615028823641296,0.6681306629455774,0.0
robocasa/TransportCookware,44,5400456,0,predicted_success,1,-0.056141012185094166,0.451514147852141,0.0
robocasa/TransportCookware,44,5400456,0,predicted_success,2,-0.056141012185094166,0.451514147852141,0.0
robocasa/TransportCookware,44,5400456,0,predicted_success,4,-0.056141012185094166,0.451514147852141,0.0
robocasa/TransportCookware,44,5400456,0,predicted_success,8,-0.056141012185094166,0.451514147852141,0.0
robocasa/TransportCookware,44,5400456,0,low_energy,1,-0.05614101218509417,0.451514147852141,0.0
robocasa/TransportCookware,44,5400456,0,low_energy,2,-0.05367922739555573,0.5021757557711414,0.0
robocasa/TransportCookware,44,5400456,0,low_energy,4,-0.05346083900341138,0.5066700182850278,0.0
robocasa/TransportCookware,44,5400456,0,low_energy,8,-0.05210645222076662,0.5345422402780352,0.0
robocasa/TransportCookware,44,5400456,0,distance_progress,1,-0.05614101218509417,0.451514147852141,0.0
robocasa/TransportCookware,44,5400456,0,distance_progress,2,-0.049427976222879685,0.5896631839941764,0.0
robocasa/TransportCookware,44,5400456,0,distance_progress,4,-0.04336584283322914,0.7144171536524004,0.0
robocasa/TransportCookware,44,5400456,0,distance_progress,8,-0.037169314373165126,0.8419368688755771,0.0
robocasa/TransportCookware,44,5400456,0,oracle_real_utility,1,-0.05614101218509417,0.451514147852141,0.0
robocasa/TransportCookware,44,5400456,0,oracle_real_utility,2,-0.04860113307669547,0.6066789700452192,0.0
robocasa/TransportCookware,44,5400456,0,oracle_real_utility,4,-0.042130334482441356,0.7398429503809589,0.0
robocasa/TransportCookware,44,5400456,0,oracle_real_utility,8,-0.036281552748425774,0.860206309628159,0.0
robocasa/TransportCookware,44,5410463,1,random,1,-0.06044426732114158,0.4820019879285273,0.0
robocasa/TransportCookware,44,5410463,1,random,2,-0.06310240566328451,0.4089004499841552,0.0
robocasa/TransportCookware,44,5410463,1,random,4,-0.06816601895919408,0.2696458771058492,0.0
robocasa/TransportCookware,44,5410463,1,random,8,-0.07198217692195494,0.16469760872807013,0.0
robocasa/TransportCookware,44,5410463,1,learned_wam,1,-0.06044426732114159,0.48200198792852733,0.0
robocasa/TransportCookware,44,5410463,1,learned_wam,2,-0.053213029198290844,0.6808684726564093,0.0
robocasa/TransportCookware,44,5410463,1,learned_wam,4,-0.046843905769294245,0.8560259167350479,0.0
robocasa/TransportCookware,44,5410463,1,learned_wam,8,-0.04297322441004951,0.9624736345860658,0.0
robocasa/TransportCookware,44,5410463,1,learned_physics_score,1,-0.06044426732114159,0.48200198792852733,0.0
robocasa/TransportCookware,44,5410463,1,learned_physics_score,2,-0.053213029198290844,0.6808684726564093,0.0
robocasa/TransportCookware,44,5410463,1,learned_physics_score,4,-0.046843905769294245,0.8560259167350479,0.0
robocasa/TransportCookware,44,5410463,1,learned_physics_score,8,-0.04297322441004951,0.9624736345860658,0.0
robocasa/TransportCookware,44,5410463,1,learned_energy_regularized,1,-0.06044426732114158,0.48200198792852733,0.0
robocasa/TransportCookware,44,5410463,1,learned_energy_regularized,2,-0.05401880449316932,0.6587088234164414,0.0
robocasa/TransportCookware,44,5410463,1,learned_energy_regularized,4,-0.048870613595718246,0.8002893673137521,0.0
robocasa/TransportCookware,44,5410463,1,learned_energy_regularized,8,-0.04508947777375429,0.9042744908040858,0.0
robocasa/TransportCookware,44,5410463,1,predicted_progress,1,-0.060444267321141575,0.48200198792852733,0.0
robocasa/TransportCookware,44,5410463,1,predicted_progress,2,-0.056932333218889186,0.5785837872892672,0.0
robocasa/TransportCookware,44,5410463,1,predicted_progress,4,-0.05099427498711417,0.7418864951521122,0.0
robocasa/TransportCookware,44,5410463,1,predicted_progress,8,-0.045233711461340045,0.9003079160706554,0.0
robocasa/TransportCookware,44,5410463,1,predicted_success,1,-0.06044426732114158,0.48200198792852733,0.0
robocasa/TransportCookware,44,5410463,1,predicted_success,2,-0.06044426732114158,0.48200198792852733,0.0
robocasa/TransportCookware,44,5410463,1,predicted_success,4,-0.06044426732114158,0.48200198792852733,0.0
robocasa/TransportCookware,44,5410463,1,predicted_success,8,-0.06044426732114158,0.48200198792852733,0.0
robocasa/TransportCookware,44,5410463,1,low_energy,1,-0.06044426732114158,0.48200198792852733,0.0
robocasa/TransportCookware,44,5410463,1,low_energy,2,-0.05355531432120511,0.6714552797823545,0.0
robocasa/TransportCookware,44,5410463,1,low_energy,4,-0.0484723017291865,0.8112433532532086,0.0
robocasa/TransportCookware,44,5410463,1,low_energy,8,-0.04504291552675006,0.90555500047967,0.0
robocasa/TransportCookware,44,5410463,1,distance_progress,1,-0.06044426732114158,0.48200198792852733,0.0
robocasa/TransportCookware,44,5410463,1,distance_progress,2,-0.0542166135994044,0.6532688695750893,0.0
robocasa/TransportCookware,44,5410463,1,distance_progress,4,-0.0495178427282772,0.782489900580836,0.0
robocasa/TransportCookware,44,5410463,1,distance_progress,8,-0.04786360151013814,0.8279832352428118,0.0
robocasa/TransportCookware,44,5410463,1,oracle_real_utility,1,-0.06044426732114158,0.48200198792852733,0.0
robocasa/TransportCookware,44,5410463,1,oracle_real_utility,2,-0.05235118854004089,0.7045699770447292,0.0
robocasa/TransportCookware,44,5410463,1,oracle_real_utility,4,-0.04584853710389139,0.8833995786355516,0.0
robocasa/TransportCookware,44,5410463,1,oracle_real_utility,8,-0.042726884064299024,0.9692482474219017,0.0
robocasa/FillKettle,45,5500459,0,random,1,-0.0519009782271686,0.6026408090859092,0.0
robocasa/FillKettle,45,5500459,0,random,2,-0.05306733912730012,0.5668497893041737,0.0
robocasa/FillKettle,45,5500459,0,random,4,-0.058506043080286355,0.3999573971240332,0.0
robocasa/FillKettle,45,5500459,0,random,8,-0.06460948004444739,0.21266696832431198,0.0
robocasa/FillKettle,45,5500459,0,learned_wam,1,-0.051900978227168604,0.6026408090859092,0.0
robocasa/FillKettle,45,5500459,0,learned_wam,2,-0.047442054327533116,0.7394676124184884,0.0
robocasa/FillKettle,45,5500459,0,learned_wam,4,-0.04418056812203619,0.8395497716246433,0.0
robocasa/FillKettle,45,5500459,0,learned_wam,8,-0.04172069019826122,0.9150337315383853,0.0
robocasa/FillKettle,45,5500459,0,learned_physics_score,1,-0.051900978227168604,0.6026408090859092,0.0
robocasa/FillKettle,45,5500459,0,learned_physics_score,2,-0.047442054327533116,0.7394676124184884,0.0
robocasa/FillKettle,45,5500459,0,learned_physics_score,4,-0.04418056812203619,0.8395497716246433,0.0
robocasa/FillKettle,45,5500459,0,learned_physics_score,8,-0.04172069019826122,0.9150337315383853,0.0
robocasa/FillKettle,45,5500459,0,learned_energy_regularized,1,-0.051900978227168604,0.6026408090859092,0.0
robocasa/FillKettle,45,5500459,0,learned_energy_regularized,2,-0.04620677181270512,0.7773735649579256,0.0
robocasa/FillKettle,45,5500459,0,learned_energy_regularized,4,-0.042111843983713565,0.9030307632708046,0.0
robocasa/FillKettle,45,5500459,0,learned_energy_regularized,8,-0.039891315007979565,0.9711700471643664,0.0
robocasa/FillKettle,45,5500459,0,predicted_progress,1,-0.051900978227168604,0.6026408090859091,0.0
robocasa/FillKettle,45,5500459,0,predicted_progress,2,-0.05156411924602583,0.6129776837671307,0.0
robocasa/FillKettle,45,5500459,0,predicted_progress,4,-0.05598531736475817,0.4773085359856194,0.0
robocasa/FillKettle,45,5500459,0,predicted_progress,8,-0.06236913814815716,0.2814142326735644,0.0
robocasa/FillKettle,45,5500459,0,predicted_success,1,-0.051900978227168604,0.6026408090859092,0.0
robocasa/FillKettle,45,5500459,0,predicted_success,2,-0.051900978227168604,0.6026408090859092,0.0
robocasa/FillKettle,45,5500459,0,predicted_success,4,-0.051900978227168604,0.6026408090859092,0.0
robocasa/FillKettle,45,5500459,0,predicted_success,8,-0.051900978227168604,0.6026408090859092,0.0
robocasa/FillKettle,45,5500459,0,low_energy,1,-0.051900978227168604,0.6026408090859092,0.0
robocasa/FillKettle,45,5500459,0,low_energy,2,-0.0456646577680314,0.7940089086964593,0.0
robocasa/FillKettle,45,5500459,0,low_energy,4,-0.0419000806850129,0.9095289444186693,0.0
robocasa/FillKettle,45,5500459,0,low_energy,8,-0.03988505930506385,0.9713620100351896,0.0
robocasa/FillKettle,45,5500459,0,distance_progress,1,-0.0519009782271686,0.6026408090859092,0.0
robocasa/FillKettle,45,5500459,0,distance_progress,2,-0.05276244571323355,0.5762057666975753,0.0
robocasa/FillKettle,45,5500459,0,distance_progress,4,-0.057531602442953106,0.4298591403348937,0.0
robocasa/FillKettle,45,5500459,0,distance_progress,8,-0.06396371512898986,0.23248294883333304,0.0
robocasa/FillKettle,45,5500459,0,oracle_real_utility,1,-0.05190097822716859,0.6026408090859092,0.0
robocasa/FillKettle,45,5500459,0,oracle_real_utility,2,-0.04562717354656353,0.7951591517403647,0.0
robocasa/FillKettle,45,5500459,0,oracle_real_utility,4,-0.04184326866185066,0.9112722815320882,0.0
robocasa/FillKettle,45,5500459,0,oracle_real_utility,8,-0.03986603335727999,0.971945841397696,0.0
robocasa/FillKettle,45,5510466,1,random,1,-0.054908514217901536,0.5619437719046302,0.0
robocasa/FillKettle,45,5510466,1,random,2,-0.05544257229540353,0.549455591135019,0.0
robocasa/FillKettle,45,5510466,1,random,4,-0.054847047793587275,0.5633810759178722,0.0
robocasa/FillKettle,45,5510466,1,random,8,-0.05253100200666653,0.6175384787850813,0.0
robocasa/FillKettle,45,5510466,1,learned_wam,1,-0.05490851421790153,0.5619437719046302,0.0
robocasa/FillKettle,45,5510466,1,learned_wam,2,-0.04961509396931113,0.6857227984537978,0.0
robocasa/FillKettle,45,5510466,1,learned_wam,4,-0.04558739313417372,0.7799047951953821,0.0
robocasa/FillKettle,45,5510466,1,learned_wam,8,-0.04316424713390413,0.836566582662521,0.0
robocasa/FillKettle,45,5510466,1,learned_physics_score,1,-0.05490851421790153,0.5619437719046302,0.0
robocasa/FillKettle,45,5510466,1,learned_physics_score,2,-0.04961509396931113,0.6857227984537978,0.0
robocasa/FillKettle,45,5510466,1,learned_physics_score,4,-0.04558739313417372,0.7799047951953821,0.0
robocasa/FillKettle,45,5510466,1,learned_physics_score,8,-0.04316424713390413,0.836566582662521,0.0
robocasa/FillKettle,45,5510466,1,learned_energy_regularized,1,-0.054908514217901536,0.5619437719046302,0.0
robocasa/FillKettle,45,5510466,1,learned_energy_regularized,2,-0.048713373211666376,0.7068082427145606,0.0
robocasa/FillKettle,45,5510466,1,learned_energy_regularized,4,-0.043973205689506675,0.8176502492091612,0.0
robocasa/FillKettle,45,5510466,1,learned_energy_regularized,8,-0.04231612741382397,0.8563986436776332,0.0
robocasa/FillKettle,45,5510466,1,predicted_progress,1,-0.054908514217901536,0.5619437719046302,0.0
robocasa/FillKettle,45,5510466,1,predicted_progress,2,-0.06043170308820957,0.43279193628455476,0.0
robocasa/FillKettle,45,5510466,1,predicted_progress,4,-0.06584457711570732,0.3062196547553562,0.0
robocasa/FillKettle,45,5510466,1,predicted_progress,8,-0.0696215715541164,0.2179000668684148,0.0
robocasa/FillKettle,45,5510466,1,predicted_success,1,-0.054908514217901536,0.5619437719046302,0.0
robocasa/FillKettle,45,5510466,1,predicted_success,2,-0.054908514217901536,0.5619437719046302,0.0
robocasa/FillKettle,45,5510466,1,predicted_success,4,-0.054908514217901536,0.5619437719046302,0.0
robocasa/FillKettle,45,5510466,1,predicted_success,8,-0.054908514217901536,0.5619437719046302,0.0
robocasa/FillKettle,45,5510466,1,low_energy,1,-0.054908514217901536,0.5619437719046302,0.0
robocasa/FillKettle,45,5510466,1,low_energy,2,-0.048713373211666376,0.7068082427145606,0.0
robocasa/FillKettle,45,5510466,1,low_energy,4,-0.043973205689506675,0.8176502492091612,0.0
robocasa/FillKettle,45,5510466,1,low_energy,8,-0.04231612741382397,0.8563986436776332,0.0
robocasa/FillKettle,45,5510466,1,distance_progress,1,-0.054908514217901536,0.5619437719046302,0.0
robocasa/FillKettle,45,5510466,1,distance_progress,2,-0.04890815669461262,0.7022535108446767,0.0
robocasa/FillKettle,45,5510466,1,distance_progress,4,-0.04488281335597084,0.7963803809181301,0.0
robocasa/FillKettle,45,5510466,1,distance_progress,8,-0.040581456013795376,0.8969614418675932,0.0
robocasa/FillKettle,45,5510466,1,oracle_real_utility,1,-0.054908514217901536,0.5619437719046302,0.0
robocasa/FillKettle,45,5510466,1,oracle_real_utility,2,-0.04684708623154347,0.7504486821303644,0.0
robocasa/FillKettle,45,5510466,1,oracle_real_utility,4,-0.04131850979892691,0.8797264981537904,0.0
robocasa/FillKettle,45,5510466,1,oracle_real_utility,8,-0.03814902287238846,0.9538403957858013,0.0
robocasa/FillBlenderJug,46,5600462,0,random,1,-0.05511142752504598,0.4277248785773159,0.0
robocasa/FillBlenderJug,46,5600462,0,random,2,-0.059038449195466844,0.36138574717577354,0.0
robocasa/FillBlenderJug,46,5600462,0,random,4,-0.06067923602403526,0.3336679543654641,0.0
robocasa/FillBlenderJug,46,5600462,0,random,8,-0.06112520395259265,0.3261342233355887,0.0
robocasa/FillBlenderJug,46,5600462,0,learned_wam,1,-0.05511142752504598,0.4277248785773159,0.0
robocasa/FillBlenderJug,46,5600462,0,learned_wam,2,-0.046892812678164746,0.5665618435914388,0.0
robocasa/FillBlenderJug,46,5600462,0,learned_wam,4,-0.03867962385342941,0.7053071468765633,0.0
robocasa/FillBlenderJug,46,5600462,0,learned_wam,8,-0.030070714392256424,0.850737354270232,0.0
robocasa/FillBlenderJug,46,5600462,0,learned_physics_score,1,-0.05511142752504598,0.4277248785773159,0.0
robocasa/FillBlenderJug,46,5600462,0,learned_physics_score,2,-0.046892812678164746,0.5665618435914388,0.0
robocasa/FillBlenderJug,46,5600462,0,learned_physics_score,4,-0.03867962385342941,0.7053071468765633,0.0
robocasa/FillBlenderJug,46,5600462,0,learned_physics_score,8,-0.030070714392256424,0.850737354270232,0.0
robocasa/FillBlenderJug,46,5600462,0,learned_energy_regularized,1,-0.055111427525046,0.4277248785773159,0.0
robocasa/FillBlenderJug,46,5600462,0,learned_energy_regularized,2,-0.04799701965444804,0.547908487984591,0.0
robocasa/FillBlenderJug,46,5600462,0,learned_energy_regularized,4,-0.04061973631104271,0.6725328496963836,0.0
robocasa/FillBlenderJug,46,5600462,0,learned_energy_regularized,8,-0.03288271199393132,0.8032343114926909,0.0
robocasa/FillBlenderJug,46,5600462,0,predicted_progress,1,-0.055111427525045976,0.42772487857731595,0.0
robocasa/FillBlenderJug,46,5600462,0,predicted_progress,2,-0.05004065788514964,0.5133853311237836,0.0
robocasa/FillBlenderJug,46,5600462,0,predicted_progress,4,-0.04646362811489013,0.5738120534268066,0.0
robocasa/FillBlenderJug,46,5600462,0,predicted_progress,8,-0.04670167599770213,0.5697907133113007,0.0
robocasa/FillBlenderJug,46,5600462,0,predicted_success,1,-0.05511142752504598,0.4277248785773159,0.0
robocasa/FillBlenderJug,46,5600462,0,predicted_success,2,-0.05511142752504598,0.4277248785773159,0.0
robocasa/FillBlenderJug,46,5600462,0,predicted_success,4,-0.05511142752504598,0.4277248785773159,0.0
robocasa/FillBlenderJug,46,5600462,0,predicted_success,8,-0.05511142752504598,0.4277248785773159,0.0
robocasa/FillBlenderJug,46,5600462,0,low_energy,1,-0.055111427525046,0.4277248785773159,0.0
robocasa/FillBlenderJug,46,5600462,0,low_energy,2,-0.04799701965444804,0.547908487984591,0.0
robocasa/FillBlenderJug,46,5600462,0,low_energy,4,-0.04061973631104271,0.6725328496963836,0.0
robocasa/FillBlenderJug,46,5600462,0,low_energy,8,-0.03288271199393132,0.8032343114926909,0.0
robocasa/FillBlenderJug,46,5600462,0,distance_progress,1,-0.055111427525045976,0.4277248785773159,0.0
robocasa/FillBlenderJug,46,5600462,0,distance_progress,2,-0.04752380739636311,0.5559024571562846,0.0
robocasa/FillBlenderJug,46,5600462,0,distance_progress,4,-0.03984829829632998,0.6855647431059986,0.0
robocasa/FillBlenderJug,46,5600462,0,distance_progress,8,-0.03180947185461024,0.8213645446829244,0.0
robocasa/FillBlenderJug,46,5600462,0,oracle_real_utility,1,-0.05511142752504598,0.4277248785773159,0.0
robocasa/FillBlenderJug,46,5600462,0,oracle_real_utility,2,-0.046451094891687465,0.57402377702059,0.0
robocasa/FillBlenderJug,46,5600462,0,oracle_real_utility,4,-0.03792662078093677,0.718027619021679,0.0
robocasa/FillBlenderJug,46,5600462,0,oracle_real_utility,8,-0.0296717067199424,0.8574777862376031,0.0
robocasa/FillBlenderJug,46,5610469,1,random,1,-0.04722437800310238,0.4848248775600817,0.0
robocasa/FillBlenderJug,46,5610469,1,random,2,-0.04657878740387225,0.4985185336505529,0.0
robocasa/FillBlenderJug,46,5610469,1,random,4,-0.04924370412718848,0.4419928451378093,0.0
robocasa/FillBlenderJug,46,5610469,1,random,8,-0.05709996515781082,0.2753532800038006,0.0
robocasa/FillBlenderJug,46,5610469,1,learned_wam,1,-0.047224378003102384,0.48482487756008164,0.0
robocasa/FillBlenderJug,46,5610469,1,learned_wam,2,-0.03826747269113033,0.6748102663239882,0.0
robocasa/FillBlenderJug,46,5610469,1,learned_wam,4,-0.03303026250012889,0.785897006612039,0.0
robocasa/FillBlenderJug,46,5610469,1,learned_wam,8,-0.03294888899125352,0.7876230243804871,0.0
robocasa/FillBlenderJug,46,5610469,1,learned_physics_score,1,-0.047224378003102384,0.48482487756008164,0.0
robocasa/FillBlenderJug,46,5610469,1,learned_physics_score,2,-0.03826747269113033,0.6748102663239882,0.0
robocasa/FillBlenderJug,46,5610469,1,learned_physics_score,4,-0.03303026250012889,0.785897006612039,0.0
robocasa/FillBlenderJug,46,5610469,1,learned_physics_score,8,-0.03294888899125352,0.7876230243804871,0.0
robocasa/FillBlenderJug,46,5610469,1,learned_energy_regularized,1,-0.047224378003102384,0.48482487756008164,0.0
robocasa/FillBlenderJug,46,5610469,1,learned_energy_regularized,2,-0.039042055975732,0.6583805396126459,0.0
robocasa/FillBlenderJug,46,5610469,1,learned_energy_regularized,4,-0.03420424029085328,0.760995702065161,0.0
robocasa/FillBlenderJug,46,5610469,1,learned_energy_regularized,8,-0.03334204591301882,0.779283752274198,0.0
robocasa/FillBlenderJug,46,5610469,1,predicted_progress,1,-0.047224378003102384,0.4848248775600817,0.0
robocasa/FillBlenderJug,46,5610469,1,predicted_progress,2,-0.040432191312946175,0.6288943060000085,0.0
robocasa/FillBlenderJug,46,5610469,1,predicted_progress,4,-0.03384020250521526,0.7687173266464489,0.0
robocasa/FillBlenderJug,46,5610469,1,predicted_progress,8,-0.030091070951865796,0.8482403528347544,0.0
robocasa/FillBlenderJug,46,5610469,1,predicted_success,1,-0.04722437800310238,0.4848248775600817,0.0
robocasa/FillBlenderJug,46,5610469,1,predicted_success,2,-0.04722437800310238,0.4848248775600817,0.0
robocasa/FillBlenderJug,46,5610469,1,predicted_success,4,-0.04722437800310238,0.4848248775600817,0.0
robocasa/FillBlenderJug,46,5610469,1,predicted_success,8,-0.04722437800310238,0.4848248775600817,0.0
robocasa/FillBlenderJug,46,5610469,1,low_energy,1,-0.047224378003102384,0.48482487756008175,0.0
robocasa/FillBlenderJug,46,5610469,1,low_energy,2,-0.03994986716474869,0.6391249088269737,0.0
robocasa/FillBlenderJug,46,5610469,1,low_energy,4,-0.03496710629608571,0.7448145111816168,0.0
robocasa/FillBlenderJug,46,5610469,1,low_energy,8,-0.03343094067064602,0.7773982009036478,0.0
robocasa/FillBlenderJug,46,5610469,1,distance_progress,1,-0.047224378003102384,0.4848248775600817,0.0
robocasa/FillBlenderJug,46,5610469,1,distance_progress,2,-0.04262947548224234,0.5822875961388992,0.0
robocasa/FillBlenderJug,46,5610469,1,distance_progress,4,-0.034703867803912256,0.7503980766577809,0.0
robocasa/FillBlenderJug,46,5610469,1,distance_progress,8,-0.03014763965863416,0.8470404710259232,0.0
robocasa/FillBlenderJug,46,5610469,1,oracle_real_utility,1,-0.047224378003102384,0.4848248775600817,0.0
robocasa/FillBlenderJug,46,5610469,1,oracle_real_utility,2,-0.03749610077958492,0.6911718764328537,0.0
robocasa/FillBlenderJug,46,5610469,1,oracle_real_utility,4,-0.03006724217813086,0.8487457862053347,0.0
robocasa/FillBlenderJug,46,5610469,1,oracle_real_utility,8,-0.02604585118657103,0.9340437216297469,0.0
robocasa/LoadDishwasher,47,5700465,0,random,1,-0.054052229741101666,0.35849582946881325,0.0
robocasa/LoadDishwasher,47,5700465,0,random,2,-0.05742603093987121,0.2659530909741107,0.0
robocasa/LoadDishwasher,47,5700465,0,random,4,-0.0596676889305073,0.20446482981110714,0.0
robocasa/LoadDishwasher,47,5700465,0,random,8,-0.06200302575810118,0.1404069755985089,0.0
robocasa/LoadDishwasher,47,5700465,0,learned_wam,1,-0.054052229741101666,0.3584958294688132,0.0
robocasa/LoadDishwasher,47,5700465,0,learned_wam,2,-0.04981435388420359,0.47473997489770353,0.0
robocasa/LoadDishwasher,47,5700465,0,learned_wam,4,-0.04391284386087349,0.6366172956515422,0.0
robocasa/LoadDishwasher,47,5700465,0,learned_wam,8,-0.037845538847749924,0.8030423420952599,0.0
robocasa/LoadDishwasher,47,5700465,0,learned_physics_score,1,-0.054052229741101666,0.3584958294688132,0.0
robocasa/LoadDishwasher,47,5700465,0,learned_physics_score,2,-0.04981435388420359,0.47473997489770353,0.0
robocasa/LoadDishwasher,47,5700465,0,learned_physics_score,4,-0.04391284386087349,0.6366172956515422,0.0
robocasa/LoadDishwasher,47,5700465,0,learned_physics_score,8,-0.037845538847749924,0.8030423420952599,0.0
robocasa/LoadDishwasher,47,5700465,0,learned_energy_regularized,1,-0.05405222974110166,0.3584958294688132,0.0
robocasa/LoadDishwasher,47,5700465,0,learned_energy_regularized,2,-0.050654866235889995,0.4516848776406245,0.0
robocasa/LoadDishwasher,47,5700465,0,learned_energy_regularized,4,-0.045548577354167105,0.591749430594139,0.0
robocasa/LoadDishwasher,47,5700465,0,learned_energy_regularized,8,-0.03907967895570234,0.7691901087989654,0.0
robocasa/LoadDishwasher,47,5700465,0,predicted_progress,1,-0.054052229741101666,0.3584958294688132,0.0
robocasa/LoadDishwasher,47,5700465,0,predicted_progress,2,-0.049416555973335184,0.48565149750095005,0.0
robocasa/LoadDishwasher,47,5700465,0,predicted_progress,4,-0.04475233291960634,0.6135902671295856,0.0
robocasa/LoadDishwasher,47,5700465,0,predicted_progress,8,-0.0394316188165101,0.7595364639675888,0.0
robocasa/LoadDishwasher,47,5700465,0,predicted_success,1,-0.054052229741101666,0.3584958294688132,0.0
robocasa/LoadDishwasher,47,5700465,0,predicted_success,2,-0.054052229741101666,0.3584958294688132,0.0
robocasa/LoadDishwasher,47,5700465,0,predicted_success,4,-0.054052229741101666,0.3584958294688132,0.0
robocasa/LoadDishwasher,47,5700465,0,predicted_success,8,-0.054052229741101666,0.3584958294688132,0.0
robocasa/LoadDishwasher,47,5700465,0,low_energy,1,-0.05405222974110166,0.3584958294688132,0.0
robocasa/LoadDishwasher,47,5700465,0,low_energy,2,-0.05035378160536111,0.45994357297749555,0.0
robocasa/LoadDishwasher,47,5700465,0,low_energy,4,-0.04544502974546353,0.5945897222146121,0.0
robocasa/LoadDishwasher,47,5700465,0,low_energy,8,-0.03907675739377625,0.7692702466984424,0.0
robocasa/LoadDishwasher,47,5700465,0,distance_progress,1,-0.05405222974110167,0.35849582946881325,0.0
robocasa/LoadDishwasher,47,5700465,0,distance_progress,2,-0.04971666183140223,0.47741964971040585,0.0
robocasa/LoadDishwasher,47,5700465,0,distance_progress,4,-0.04548613629624362,0.5934621771830171,0.0
robocasa/LoadDishwasher,47,5700465,0,distance_progress,8,-0.043216689991906115,0.6557126666151367,0.0
robocasa/LoadDishwasher,47,5700465,0,oracle_real_utility,1,-0.054052229741101666,0.3584958294688132,0.0
robocasa/LoadDishwasher,47,5700465,0,oracle_real_utility,2,-0.04827457783074607,0.5169757452529616,0.0
robocasa/LoadDishwasher,47,5700465,0,oracle_real_utility,4,-0.04226168754310589,0.6819082059116878,0.0
robocasa/LoadDishwasher,47,5700465,0,oracle_real_utility,8,-0.03656226068431005,0.8382424231013638,0.0
robocasa/LoadDishwasher,47,5710472,1,random,1,-0.061512930200865276,0.5322678306208101,0.0
robocasa/LoadDishwasher,47,5710472,1,random,2,-0.06339665298273996,0.4334832418974933,0.0
robocasa/LoadDishwasher,47,5710472,1,random,4,-0.0633740048728994,0.43467093481998,0.0
robocasa/LoadDishwasher,47,5710472,1,random,8,-0.062248079646241045,0.4937157483768681,0.0
robocasa/LoadDishwasher,47,5710472,1,learned_wam,1,-0.06151293020086527,0.53226783062081,0.0
robocasa/LoadDishwasher,47,5710472,1,learned_wam,2,-0.059223157486674664,0.6523461447005934,0.0
robocasa/LoadDishwasher,47,5710472,1,learned_wam,4,-0.05686649527442608,0.7759322209729584,0.0
robocasa/LoadDishwasher,47,5710472,1,learned_wam,8,-0.05506027885091681,0.8706522871411304,0.0
robocasa/LoadDishwasher,47,5710472,1,learned_physics_score,1,-0.06151293020086527,0.53226783062081,0.0
robocasa/LoadDishwasher,47,5710472,1,learned_physics_score,2,-0.059223157486674664,0.6523461447005934,0.0
robocasa/LoadDishwasher,47,5710472,1,learned_physics_score,4,-0.05686649527442608,0.7759322209729584,0.0
robocasa/LoadDishwasher,47,5710472,1,learned_physics_score,8,-0.05506027885091681,0.8706522871411304,0.0
robocasa/LoadDishwasher,47,5710472,1,learned_energy_regularized,1,-0.06151293020086527,0.53226783062081,0.0
robocasa/LoadDishwasher,47,5710472,1,learned_energy_regularized,2,-0.05914351286533219,0.6565228002249857,0.0
robocasa/LoadDishwasher,47,5710472,1,learned_energy_regularized,4,-0.056068826160377935,0.8177629065317542,0.0
robocasa/LoadDishwasher,47,5710472,1,learned_energy_regularized,8,-0.053892780126523945,0.9318772627234553,0.0
robocasa/LoadDishwasher,47,5710472,1,predicted_progress,1,-0.06151293020086527,0.5322678306208101,0.0
robocasa/LoadDishwasher,47,5710472,1,predicted_progress,2,-0.06124147851397182,0.5465030692164454,0.0
robocasa/LoadDishwasher,47,5710472,1,predicted_progress,4,-0.060580480257961415,0.5811665778256232,0.0
robocasa/LoadDishwasher,47,5710472,1,predicted_progress,8,-0.060998101832068025,0.5592660222677354,0.0
robocasa/LoadDishwasher,47,5710472,1,predicted_success,1,-0.06151293020086527,0.5322678306208101,0.0
robocasa/LoadDishwasher,47,5710472,1,predicted_success,2,-0.06151293020086527,0.5322678306208101,0.0
robocasa/LoadDishwasher,47,5710472,1,predicted_success,4,-0.06151293020086527,0.5322678306208101,0.0
robocasa/LoadDishwasher,47,5710472,1,predicted_success,8,-0.06151293020086527,0.5322678306208101,0.0
robocasa/LoadDishwasher,47,5710472,1,low_energy,1,-0.061512930200865276,0.5322678306208101,0.0
robocasa/LoadDishwasher,47,5710472,1,low_energy,2,-0.059832283411822756,0.6204028807684234,0.0
robocasa/LoadDishwasher,47,5710472,1,low_energy,4,-0.05768844619735472,0.7328281694354764,0.0
robocasa/LoadDishwasher,47,5710472,1,low_energy,8,-0.0557240831252771,0.8358416277031204,0.0
robocasa/LoadDishwasher,47,5710472,1,distance_progress,1,-0.061512930200865276,0.53226783062081,0.0
robocasa/LoadDishwasher,47,5710472,1,distance_progress,2,-0.059832702669322016,0.6203808944230697,0.0
robocasa/LoadDishwasher,47,5710472,1,distance_progress,4,-0.05899786245957896,0.6641608749821415,0.0
robocasa/LoadDishwasher,47,5710472,1,distance_progress,8,-0.05895142118777771,0.6665963086769601,0.0
robocasa/LoadDishwasher,47,5710472,1,oracle_real_utility,1,-0.06151293020086527,0.53226783062081,0.0
robocasa/LoadDishwasher,47,5710472,1,oracle_real_utility,2,-0.05796784206403336,0.7181763289171086,0.0
robocasa/LoadDishwasher,47,5710472,1,oracle_real_utility,4,-0.0552380660470623,0.8613289221425798,0.0
robocasa/LoadDishwasher,47,5710472,1,oracle_real_utility,8,-0.05344462399762474,0.9553790854455239,0.0
robocasa/EmptyDishRack,48,5800468,0,random,1,-0.06032835079583553,0.5514035622955342,0.0
robocasa/EmptyDishRack,48,5800468,0,random,2,-0.05941395289876162,0.5686423756252711,0.0
robocasa/EmptyDishRack,48,5800468,0,random,4,-0.06036047567043801,0.5507979236361656,0.0
robocasa/EmptyDishRack,48,5800468,0,random,8,-0.06145757155889555,0.5301147710540544,0.0
robocasa/EmptyDishRack,48,5800468,0,learned_wam,1,-0.060328350795835525,0.5514035622955342,0.0
robocasa/EmptyDishRack,48,5800468,0,learned_wam,2,-0.05388018999853214,0.6729684091314135,0.0
robocasa/EmptyDishRack,48,5800468,0,learned_wam,4,-0.048885167829503,0.7671377581919687,0.0
robocasa/EmptyDishRack,48,5800468,0,learned_wam,8,-0.04388527238215413,0.8613989814087597,0.0
robocasa/EmptyDishRack,48,5800468,0,learned_physics_score,1,-0.060328350795835525,0.5514035622955342,0.0
robocasa/EmptyDishRack,48,5800468,0,learned_physics_score,2,-0.05388018999853214,0.6729684091314135,0.0
robocasa/EmptyDishRack,48,5800468,0,learned_physics_score,4,-0.048885167829503,0.7671377581919687,0.0
robocasa/EmptyDishRack,48,5800468,0,learned_physics_score,8,-0.04388527238215413,0.8613989814087597,0.0
robocasa/EmptyDishRack,48,5800468,0,learned_energy_regularized,1,-0.060328350795835525,0.5514035622955342,0.0
robocasa/EmptyDishRack,48,5800468,0,learned_energy_regularized,2,-0.05336738894281638,0.6826360622428921,0.0
robocasa/EmptyDishRack,48,5800468,0,learned_energy_regularized,4,-0.04856466716968065,0.7731800413866428,0.0
robocasa/EmptyDishRack,48,5800468,0,learned_energy_regularized,8,-0.04385655564822963,0.8619403676227355,0.0
robocasa/EmptyDishRack,48,5800468,0,predicted_progress,1,-0.060328350795835525,0.5514035622955342,0.0
robocasa/EmptyDishRack,48,5800468,0,predicted_progress,2,-0.05737483294506901,0.6070851677086033,0.0
robocasa/EmptyDishRack,48,5800468,0,predicted_progress,4,-0.05155700917685538,0.7167664981736865,0.0
robocasa/EmptyDishRack,48,5800468,0,predicted_progress,8,-0.044999886149157224,0.8403855705888003,0.0
robocasa/EmptyDishRack,48,5800468,0,predicted_success,1,-0.06032835079583554,0.5514035622955342,0.0
robocasa/EmptyDishRack,48,5800468,0,predicted_success,2,-0.06032835079583554,0.5514035622955342,0.0
robocasa/EmptyDishRack,48,5800468,0,predicted_success,4,-0.06032835079583554,0.5514035622955342,0.0
robocasa/EmptyDishRack,48,5800468,0,predicted_success,8,-0.06032835079583554,0.5514035622955342,0.0
robocasa/EmptyDishRack,48,5800468,0,low_energy,1,-0.060328350795835525,0.5514035622955342,0.0
robocasa/EmptyDishRack,48,5800468,0,low_energy,2,-0.05442895056266374,0.6626228243941151,0.0
robocasa/EmptyDishRack,48,5800468,0,low_energy,4,-0.049592836953862865,0.7537963277566011,0.0
robocasa/EmptyDishRack,48,5800468,0,low_energy,8,-0.04403509402431209,0.858574448095439,0.0
robocasa/EmptyDishRack,48,5800468,0,distance_progress,1,-0.060328350795835525,0.5514035622955342,0.0
robocasa/EmptyDishRack,48,5800468,0,distance_progress,2,-0.052806638264874514,0.6932076922657703,0.0
robocasa/EmptyDishRack,48,5800468,0,distance_progress,4,-0.04674745859659658,0.807439218351987,0.0
robocasa/EmptyDishRack,48,5800468,0,distance_progress,8,-0.041640166465221395,0.9037251524677059,0.0
robocasa/EmptyDishRack,48,5800468,0,oracle_real_utility,1,-0.060328350795835525,0.5514035622955342,0.0
robocasa/EmptyDishRack,48,5800468,0,oracle_real_utility,2,-0.05191979262484801,0.7099270728435584,0.0
robocasa/EmptyDishRack,48,5800468,0,oracle_real_utility,4,-0.04584552079775986,0.8244431259494727,0.0
robocasa/EmptyDishRack,48,5800468,0,oracle_real_utility,8,-0.041104268386526796,0.9138282454121925,0.0
robocasa/EmptyDishRack,48,5810475,1,random,1,-0.06616302442991236,0.5068665413011906,0.0
robocasa/EmptyDishRack,48,5810475,1,random,2,-0.07476072570355526,0.3555349161983645,0.0
robocasa/EmptyDishRack,48,5810475,1,random,4,-0.08083914485288411,0.2485461969294146,0.0
robocasa/EmptyDishRack,48,5810475,1,random,8,-0.08702482978990342,0.1396694490522954,0.0
robocasa/EmptyDishRack,48,5810475,1,learned_wam,1,-0.06616302442991237,0.5068665413011906,0.0
robocasa/EmptyDishRack,48,5810475,1,learned_wam,2,-0.05487721813101666,0.7055125925478574,0.0
robocasa/EmptyDishRack,48,5810475,1,learned_wam,4,-0.045957049145494214,0.8625201025562829,0.0
robocasa/EmptyDishRack,48,5810475,1,learned_wam,8,-0.0408909596725492,0.9516903968542901,0.0
robocasa/EmptyDishRack,48,5810475,1,learned_physics_score,1,-0.06616302442991237,0.5068665413011906,0.0
robocasa/EmptyDishRack,48,5810475,1,learned_physics_score,2,-0.05487721813101666,0.7055125925478574,0.0
robocasa/EmptyDishRack,48,5810475,1,learned_physics_score,4,-0.045957049145494214,0.8625201025562829,0.0
robocasa/EmptyDishRack,48,5810475,1,learned_physics_score,8,-0.0408909596725492,0.9516903968542901,0.0
robocasa/EmptyDishRack,48,5810475,1,learned_energy_regularized,1,-0.06616302442991236,0.5068665413011906,0.0
robocasa/EmptyDishRack,48,5810475,1,learned_energy_regularized,2,-0.05562192082803739,0.692404778520393,0.0
robocasa/EmptyDishRack,48,5810475,1,learned_energy_regularized,4,-0.04749791691043034,0.8353986644515201,0.0
robocasa/EmptyDishRack,48,5810475,1,learned_energy_regularized,8,-0.04296163601621558,0.9152435832031058,0.0
robocasa/EmptyDishRack,48,5810475,1,predicted_progress,1,-0.06616302442991237,0.5068665413011906,0.0
robocasa/EmptyDishRack,48,5810475,1,predicted_progress,2,-0.055981672072293466,0.6860726510489568,0.0
robocasa/EmptyDishRack,48,5810475,1,predicted_progress,4,-0.04788087303572425,0.8286580984630892,0.0
robocasa/EmptyDishRack,48,5810475,1,predicted_progress,8,-0.0434159817644431,0.907246459524407,0.0
robocasa/EmptyDishRack,48,5810475,1,predicted_success,1,-0.06616302442991236,0.5068665413011906,0.0
robocasa/EmptyDishRack,48,5810475,1,predicted_success,2,-0.06616302442991236,0.5068665413011906,0.0
robocasa/EmptyDishRack,48,5810475,1,predicted_success,4,-0.06616302442991236,0.5068665413011906,0.0
robocasa/EmptyDishRack,48,5810475,1,predicted_success,8,-0.06616302442991236,0.5068665413011906,0.0
robocasa/EmptyDishRack,48,5810475,1,low_energy,1,-0.06616302442991236,0.5068665413011906,0.0
robocasa/EmptyDishRack,48,5810475,1,low_energy,2,-0.05562192082803739,0.692404778520393,0.0
robocasa/EmptyDishRack,48,5810475,1,low_energy,4,-0.04749791691043034,0.8353986644515201,0.0
robocasa/EmptyDishRack,48,5810475,1,low_energy,8,-0.04296163601621558,0.9152435832031058,0.0
robocasa/EmptyDishRack,48,5810475,1,distance_progress,1,-0.06616302442991237,0.5068665413011906,0.0
robocasa/EmptyDishRack,48,5810475,1,distance_progress,2,-0.05671546513189606,0.6731568619717929,0.0
robocasa/EmptyDishRack,48,5810475,1,distance_progress,4,-0.048731071653141764,0.8136934079790881,0.0
robocasa/EmptyDishRack,48,5810475,1,distance_progress,8,-0.04406824279011905,0.8957657488245161,0.0
robocasa/EmptyDishRack,48,5810475,1,oracle_real_utility,1,-0.06616302442991237,0.5068665413011906,0.0
robocasa/EmptyDishRack,48,5810475,1,oracle_real_utility,2,-0.054758938170069826,0.7075944860839884,0.0
robocasa/EmptyDishRack,48,5810475,1,oracle_real_utility,4,-0.04593409266132896,0.8629241689392386,0.0
robocasa/EmptyDishRack,48,5810475,1,oracle_real_utility,8,-0.04088956674756533,0.9517149142915384,0.0
robocasa/LoadFridgeByType,49,5900471,0,random,1,-0.05928765398563565,0.5189873425166908,0.0
robocasa/LoadFridgeByType,49,5900471,0,random,2,-0.05564447002113908,0.578491702868655,0.0
robocasa/LoadFridgeByType,49,5900471,0,random,4,-0.05007999405965566,0.6693766502138015,0.0
robocasa/LoadFridgeByType,49,5900471,0,random,8,-0.048944713447373556,0.6879192622016009,0.0
robocasa/LoadFridgeByType,49,5900471,0,learned_wam,1,-0.05928765398563565,0.5189873425166908,0.0
robocasa/LoadFridgeByType,49,5900471,0,learned_wam,2,-0.04829334184871909,0.6985581568352752,0.0
robocasa/LoadFridgeByType,49,5900471,0,learned_wam,4,-0.03956283989823751,0.84115401232257,0.0
robocasa/LoadFridgeByType,49,5900471,0,learned_wam,8,-0.033599794871636196,0.9385488140991816,0.0
robocasa/LoadFridgeByType,49,5900471,0,learned_physics_score,1,-0.05928765398563565,0.5189873425166908,0.0
robocasa/LoadFridgeByType,49,5900471,0,learned_physics_score,2,-0.04829334184871909,0.6985581568352752,0.0
robocasa/LoadFridgeByType,49,5900471,0,learned_physics_score,4,-0.03956283989823751,0.84115401232257,0.0
robocasa/LoadFridgeByType,49,5900471,0,learned_physics_score,8,-0.033599794871636196,0.9385488140991816,0.0
robocasa/LoadFridgeByType,49,5900471,0,learned_energy_regularized,1,-0.05928765398563565,0.5189873425166908,0.0
robocasa/LoadFridgeByType,49,5900471,0,learned_energy_regularized,2,-0.04890711607604529,0.6885333425098163,0.0
robocasa/LoadFridgeByType,49,5900471,0,learned_energy_regularized,4,-0.04090603288156997,0.8192155540724968,0.0
robocasa/LoadFridgeByType,49,5900471,0,learned_energy_regularized,8,-0.036513724169029656,0.8909554175971175,0.0
robocasa/LoadFridgeByType,49,5900471,0,predicted_progress,1,-0.059287653985635645,0.5189873425166908,0.0
robocasa/LoadFridgeByType,49,5900471,0,predicted_progress,2,-0.053438972725692334,0.6145142334634505,0.0
robocasa/LoadFridgeByType,49,5900471,0,predicted_progress,4,-0.04742239149803358,0.7127834454896244,0.0
robocasa/LoadFridgeByType,49,5900471,0,predicted_progress,8,-0.04373599115598825,0.772993661743412,0.0
robocasa/LoadFridgeByType,49,5900471,0,predicted_success,1,-0.05928765398563565,0.5189873425166909,0.0
robocasa/LoadFridgeByType,49,5900471,0,predicted_success,2,-0.05928765398563565,0.5189873425166909,0.0
robocasa/LoadFridgeByType,49,5900471,0,predicted_success,4,-0.05928765398563565,0.5189873425166909,0.0
robocasa/LoadFridgeByType,49,5900471,0,predicted_success,8,-0.05928765398563565,0.5189873425166909,0.0
robocasa/LoadFridgeByType,49,5900471,0,low_energy,1,-0.05928765398563565,0.5189873425166908,0.0
robocasa/LoadFridgeByType,49,5900471,0,low_energy,2,-0.04890711607604529,0.6885333425098163,0.0
robocasa/LoadFridgeByType,49,5900471,0,low_energy,4,-0.04090603288156997,0.8192155540724968,0.0
robocasa/LoadFridgeByType,49,5900471,0,low_energy,8,-0.036513724169029656,0.8909554175971175,0.0
robocasa/LoadFridgeByType,49,5900471,0,distance_progress,1,-0.05928765398563565,0.5189873425166908,0.0
robocasa/LoadFridgeByType,49,5900471,0,distance_progress,2,-0.050791532097585794,0.6577550532190488,0.0
robocasa/LoadFridgeByType,49,5900471,0,distance_progress,4,-0.04289771082135362,0.7866853489033705,0.0
robocasa/LoadFridgeByType,49,5900471,0,distance_progress,8,-0.03765143800955366,0.8723730635343816,0.0
robocasa/LoadFridgeByType,49,5900471,0,oracle_real_utility,1,-0.05928765398563565,0.5189873425166908,0.0
robocasa/LoadFridgeByType,49,5900471,0,oracle_real_utility,2,-0.047970943633656546,0.7038239078247568,0.0
robocasa/LoadFridgeByType,49,5900471,0,oracle_real_utility,4,-0.03907420510353334,0.8491349161660032,0.0
robocasa/LoadFridgeByType,49,5900471,0,oracle_real_utility,8,-0.033436154508699883,0.941221562777036,0.0
robocasa/LoadFridgeByType,49,5910478,1,random,1,-0.052211544068603746,0.5880708805898089,0.0
robocasa/LoadFridgeByType,49,5910478,1,random,2,-0.05572301698111828,0.5032752772250412,0.0
robocasa/LoadFridgeByType,49,5910478,1,random,4,-0.05634520986802563,0.48825046496846725,0.0
robocasa/LoadFridgeByType,49,5910478,1,random,8,-0.055160116879262366,0.5168682779287777,0.0
robocasa/LoadFridgeByType,49,5910478,1,learned_wam,1,-0.052211544068603746,0.5880708805898089,0.0
robocasa/LoadFridgeByType,49,5910478,1,learned_wam,2,-0.04581375763039359,0.7425656395536409,0.0
robocasa/LoadFridgeByType,49,5910478,1,learned_wam,4,-0.04249911879049252,0.8226080625961225,0.0
robocasa/LoadFridgeByType,49,5910478,1,learned_wam,8,-0.04337014610799407,0.8015743571469047,0.0
robocasa/LoadFridgeByType,49,5910478,1,learned_physics_score,1,-0.052211544068603746,0.5880708805898089,0.0
robocasa/LoadFridgeByType,49,5910478,1,learned_physics_score,2,-0.04581375763039359,0.7425656395536409,0.0
robocasa/LoadFridgeByType,49,5910478,1,learned_physics_score,4,-0.04249911879049252,0.8226080625961225,0.0
robocasa/LoadFridgeByType,49,5910478,1,learned_physics_score,8,-0.04337014610799407,0.8015743571469047,0.0
robocasa/LoadFridgeByType,49,5910478,1,learned_energy_regularized,1,-0.052211544068603746,0.5880708805898089,0.0
robocasa/LoadFridgeByType,49,5910478,1,learned_energy_regularized,2,-0.04743174339355342,0.7034942633986997,0.0
robocasa/LoadFridgeByType,49,5910478,1,learned_energy_regularized,4,-0.044212627808335334,0.7812299757764511,0.0
robocasa/LoadFridgeByType,49,5910478,1,learned_energy_regularized,8,-0.04373309832227355,0.7928097296617482,0.0
robocasa/LoadFridgeByType,49,5910478,1,predicted_progress,1,-0.052211544068603746,0.5880708805898089,0.0
robocasa/LoadFridgeByType,49,5910478,1,predicted_progress,2,-0.04573061850023496,0.7445732964203358,0.0
robocasa/LoadFridgeByType,49,5910478,1,predicted_progress,4,-0.039696719006465236,0.8902808558872213,0.0
robocasa/LoadFridgeByType,49,5910478,1,predicted_progress,8,-0.03639413164534765,0.9700322579136389,0.0
robocasa/LoadFridgeByType,49,5910478,1,predicted_success,1,-0.05221154406860374,0.5880708805898089,0.0
robocasa/LoadFridgeByType,49,5910478,1,predicted_success,2,-0.05221154406860374,0.5880708805898089,0.0
robocasa/LoadFridgeByType,49,5910478,1,predicted_success,4,-0.05221154406860374,0.5880708805898089,0.0
robocasa/LoadFridgeByType,49,5910478,1,predicted_success,8,-0.05221154406860374,0.5880708805898089,0.0
robocasa/LoadFridgeByType,49,5910478,1,low_energy,1,-0.05221154406860374,0.5880708805898089,0.0
robocasa/LoadFridgeByType,49,5910478,1,low_energy,2,-0.048198934885529524,0.6849680018898661,0.0
robocasa/LoadFridgeByType,49,5910478,1,low_energy,4,-0.04637394826339328,0.7290380675324504,0.0
robocasa/LoadFridgeByType,49,5910478,1,low_energy,8,-0.04633385999439807,0.7300061253936353,0.0
robocasa/LoadFridgeByType,49,5910478,1,distance_progress,1,-0.05221154406860374,0.5880708805898089,0.0
robocasa/LoadFridgeByType,49,5910478,1,distance_progress,2,-0.046506694496082655,0.7258324905065877,0.0
robocasa/LoadFridgeByType,49,5910478,1,distance_progress,4,-0.04393586165938812,0.7879133685223505,0.0
robocasa/LoadFridgeByType,49,5910478,1,distance_progress,8,-0.041789578571006944,0.8397421520571077,0.0
robocasa/LoadFridgeByType,49,5910478,1,oracle_real_utility,1,-0.05221154406860374,0.5880708805898089,0.0
robocasa/LoadFridgeByType,49,5910478,1,oracle_real_utility,2,-0.04395859108163873,0.7873644948383179,0.0
robocasa/LoadFridgeByType,49,5910478,1,oracle_real_utility,4,-0.038676022431461024,0.9149287982425154,0.0
robocasa/LoadFridgeByType,49,5910478,1,oracle_real_utility,8,-0.03630424616647392,0.9722028266762983,0.0
robocasa/ArrangeDrinkware,50,6000474,0,random,1,-0.06224396139024263,0.6041554941776421,0.0
robocasa/ArrangeDrinkware,50,6000474,0,random,2,-0.06056398820282103,0.6383750475789063,0.0
robocasa/ArrangeDrinkware,50,6000474,0,random,4,-0.05583291199196084,0.7347428445503892,0.0
robocasa/ArrangeDrinkware,50,6000474,0,random,8,-0.052703343068992214,0.7984893684141567,0.0
robocasa/ArrangeDrinkware,50,6000474,0,learned_wam,1,-0.06224396139024264,0.6041554941776422,0.0
robocasa/ArrangeDrinkware,50,6000474,0,learned_wam,2,-0.054457369490749016,0.7627614167683,0.0
robocasa/ArrangeDrinkware,50,6000474,0,learned_wam,4,-0.05037316857713129,0.8459529416756312,0.0
robocasa/ArrangeDrinkware,50,6000474,0,learned_wam,8,-0.04967085380150724,0.8602584664000164,0.0
robocasa/ArrangeDrinkware,50,6000474,0,learned_physics_score,1,-0.06224396139024264,0.6041554941776422,0.0
robocasa/ArrangeDrinkware,50,6000474,0,learned_physics_score,2,-0.054457369490749016,0.7627614167683,0.0
robocasa/ArrangeDrinkware,50,6000474,0,learned_physics_score,4,-0.05037316857713129,0.8459529416756312,0.0
robocasa/ArrangeDrinkware,50,6000474,0,learned_physics_score,8,-0.04967085380150724,0.8602584664000164,0.0
robocasa/ArrangeDrinkware,50,6000474,0,learned_energy_regularized,1,-0.06224396139024264,0.6041554941776422,0.0
robocasa/ArrangeDrinkware,50,6000474,0,learned_energy_regularized,2,-0.05477907432480911,0.7562085766212142,0.0
robocasa/ArrangeDrinkware,50,6000474,0,learned_energy_regularized,4,-0.050574234098418845,0.8418574165837025,0.0
robocasa/ArrangeDrinkware,50,6000474,0,learned_energy_regularized,8,-0.04968886919367339,0.8598915089515939,0.0
robocasa/ArrangeDrinkware,50,6000474,0,predicted_progress,1,-0.06224396139024263,0.6041554941776424,0.0
robocasa/ArrangeDrinkware,50,6000474,0,predicted_progress,2,-0.05511840835333173,0.7492966455280057,0.0
robocasa/ArrangeDrinkware,50,6000474,0,predicted_progress,4,-0.05042970302126174,0.8448013855410348,0.0
robocasa/ArrangeDrinkware,50,6000474,0,predicted_progress,8,-0.04998906719846419,0.8537767437084307,0.0
robocasa/ArrangeDrinkware,50,6000474,0,predicted_success,1,-0.062243961390242644,0.6041554941776422,0.0
robocasa/ArrangeDrinkware,50,6000474,0,predicted_success,2,-0.062243961390242644,0.6041554941776422,0.0
robocasa/ArrangeDrinkware,50,6000474,0,predicted_success,4,-0.062243961390242644,0.6041554941776422,0.0
robocasa/ArrangeDrinkware,50,6000474,0,predicted_success,8,-0.062243961390242644,0.6041554941776422,0.0
robocasa/ArrangeDrinkware,50,6000474,0,low_energy,1,-0.06224396139024264,0.6041554941776422,0.0
robocasa/ArrangeDrinkware,50,6000474,0,low_energy,2,-0.055342268661922434,0.7447368109773125,0.0
robocasa/ArrangeDrinkware,50,6000474,0,low_energy,4,-0.051427825515606235,0.8244705217796641,0.0
robocasa/ArrangeDrinkware,50,6000474,0,low_energy,8,-0.04997473096778719,0.8540687599232712,0.0
robocasa/ArrangeDrinkware,50,6000474,0,distance_progress,1,-0.062243961390242644,0.6041554941776421,0.0
robocasa/ArrangeDrinkware,50,6000474,0,distance_progress,2,-0.056669545296091126,0.7177013713636046,0.0
robocasa/ArrangeDrinkware,50,6000474,0,distance_progress,4,-0.05294222149262088,0.7936236282731984,0.0
robocasa/ArrangeDrinkware,50,6000474,0,distance_progress,8,-0.05111799176752286,0.8307815585077712,0.0
robocasa/ArrangeDrinkware,50,6000474,0,oracle_real_utility,1,-0.06224396139024263,0.6041554941776422,0.0
robocasa/ArrangeDrinkware,50,6000474,0,oracle_real_utility,2,-0.05386323851609149,0.7748633340886839,0.0
robocasa/ArrangeDrinkware,50,6000474,0,oracle_real_utility,4,-0.04844261025307817,0.8852766905061602,0.0
robocasa/ArrangeDrinkware,50,6000474,0,oracle_real_utility,8,-0.04541530105498698,0.9469402751049194,0.0
robocasa/ArrangeDrinkware,50,6010481,1,random,1,4.944528845875386,0.5317971647889149,1.0
robocasa/ArrangeDrinkware,50,6010481,1,random,2,4.94610806577458,0.5612709117612578,1.0
robocasa/ArrangeDrinkware,50,6010481,1,random,4,4.946579878373029,0.5700765791367397,1.0
robocasa/ArrangeDrinkware,50,6010481,1,random,8,4.946552734481056,0.5695699795148272,1.0
robocasa/ArrangeDrinkware,50,6010481,1,learned_wam,1,4.944528845875385,0.5317971647889149,1.0
robocasa/ArrangeDrinkware,50,6010481,1,learned_wam,2,4.953179990834746,0.6932576793653003,1.0
robocasa/ArrangeDrinkware,50,6010481,1,learned_wam,4,4.959599974529258,0.8130769490408548,1.0
robocasa/ArrangeDrinkware,50,6010481,1,learned_wam,8,4.963138585429549,0.8791197606606564,1.0
robocasa/ArrangeDrinkware,50,6010481,1,learned_physics_score,1,4.944528845875385,0.5317971647889149,1.0
robocasa/ArrangeDrinkware,50,6010481,1,learned_physics_score,2,4.953179990834746,0.6932576793653003,1.0
robocasa/ArrangeDrinkware,50,6010481,1,learned_physics_score,4,4.959599974529258,0.8130769490408548,1.0
robocasa/ArrangeDrinkware,50,6010481,1,learned_physics_score,8,4.963138585429549,0.8791197606606564,1.0
robocasa/ArrangeDrinkware,50,6010481,1,learned_energy_regularized,1,4.944528845875385,0.5317971647889149,1.0
robocasa/ArrangeDrinkware,50,6010481,1,learned_energy_regularized,2,4.952037993770668,0.6719440342377582,1.0
robocasa/ArrangeDrinkware,50,6010481,1,learned_energy_regularized,4,4.956057337985332,0.7469590048812679,1.0
robocasa/ArrangeDrinkware,50,6010481,1,learned_energy_regularized,8,4.958114537115664,0.785353510086059,1.0
robocasa/ArrangeDrinkware,50,6010481,1,predicted_progress,1,4.944528845875386,0.531797164788915,1.0
robocasa/ArrangeDrinkware,50,6010481,1,predicted_progress,2,4.950257223476587,0.6387086544845277,1.0
robocasa/ArrangeDrinkware,50,6010481,1,predicted_progress,4,4.954130332493122,0.7109943666946174,1.0
robocasa/ArrangeDrinkware,50,6010481,1,predicted_progress,8,4.959846387622568,0.8176758761228767,1.0
robocasa/ArrangeDrinkware,50,6010481,1,predicted_success,1,4.944528845875385,0.531797164788915,1.0
robocasa/ArrangeDrinkware,50,6010481,1,predicted_success,2,4.944528845875385,0.531797164788915,1.0
robocasa/ArrangeDrinkware,50,6010481,1,predicted_success,4,4.944528845875385,0.531797164788915,1.0
robocasa/ArrangeDrinkware,50,6010481,1,predicted_success,8,4.944528845875385,0.531797164788915,1.0
robocasa/ArrangeDrinkware,50,6010481,1,low_energy,1,4.944528845875385,0.5317971647889149,1.0
robocasa/ArrangeDrinkware,50,6010481,1,low_energy,2,4.95063228187623,0.6457085513174943,1.0
robocasa/ArrangeDrinkware,50,6010481,1,low_energy,4,4.953429741895354,0.6979189045500749,1.0
robocasa/ArrangeDrinkware,50,6010481,1,low_energy,8,4.956616971808877,0.7574037223780353,1.0
robocasa/ArrangeDrinkware,50,6010481,1,distance_progress,1,4.944528845875386,0.5317971647889149,1.0
robocasa/ArrangeDrinkware,50,6010481,1,distance_progress,2,4.950139467557156,0.6365109186431912,1.0
robocasa/ArrangeDrinkware,50,6010481,1,distance_progress,4,4.955412152728143,0.7349175994820879,1.0
robocasa/ArrangeDrinkware,50,6010481,1,distance_progress,8,4.962078804757935,0.8593405599443621,1.0
robocasa/ArrangeDrinkware,50,6010481,1,oracle_real_utility,1,4.944528845875386,0.531797164788915,1.0
robocasa/ArrangeDrinkware,50,6010481,1,oracle_real_utility,2,4.953390171893529,0.6971803904127652,1.0
robocasa/ArrangeDrinkware,50,6010481,1,oracle_real_utility,4,4.960568777847086,0.8311581952752639,1.0
robocasa/ArrangeDrinkware,50,6010481,1,oracle_real_utility,8,4.965915632655183,0.930949140027209,1.0
robocasa/GatherVegetables,51,6100477,0,random,1,-0.053334712292963694,0.6360567350605143,0.0
robocasa/GatherVegetables,51,6100477,0,random,2,-0.04828167503105239,0.7140091490476128,0.0
robocasa/GatherVegetables,51,6100477,0,random,4,-0.041553813023082135,0.8177988219333803,0.0
robocasa/GatherVegetables,51,6100477,0,random,8,-0.03850993509158455,0.8647562497819417,0.0
robocasa/GatherVegetables,51,6100477,0,learned_wam,1,-0.0533347122929637,0.6360567350605143,0.0
robocasa/GatherVegetables,51,6100477,0,learned_wam,2,-0.043422425250565326,0.7889720339268682,0.0
robocasa/GatherVegetables,51,6100477,0,learned_wam,4,-0.03830473776123744,0.867921796841101,0.0
robocasa/GatherVegetables,51,6100477,0,learned_wam,8,-0.03698616240160175,0.8882632522826209,0.0
robocasa/GatherVegetables,51,6100477,0,learned_physics_score,1,-0.0533347122929637,0.6360567350605143,0.0
robocasa/GatherVegetables,51,6100477,0,learned_physics_score,2,-0.043422425250565326,0.7889720339268682,0.0
robocasa/GatherVegetables,51,6100477,0,learned_physics_score,4,-0.03830473776123744,0.867921796841101,0.0
robocasa/GatherVegetables,51,6100477,0,learned_physics_score,8,-0.03698616240160175,0.8882632522826209,0.0
robocasa/GatherVegetables,51,6100477,0,learned_energy_regularized,1,-0.0533347122929637,0.6360567350605142,0.0
robocasa/GatherVegetables,51,6100477,0,learned_energy_regularized,2,-0.044524628747246754,0.7719685133078972,0.0
robocasa/GatherVegetables,51,6100477,0,learned_energy_regularized,4,-0.039603425511738746,0.8478871444291456,0.0
robocasa/GatherVegetables,51,6100477,0,learned_energy_regularized,8,-0.03748219757886073,0.8806109953358296,0.0
robocasa/GatherVegetables,51,6100477,0,predicted_progress,1,-0.0533347122929637,0.6360567350605143,0.0
robocasa/GatherVegetables,51,6100477,0,predicted_progress,2,-0.0462120411191666,0.7459370670776562,0.0
robocasa/GatherVegetables,51,6100477,0,predicted_progress,4,-0.04422731164288586,0.7765551776848425,0.0
robocasa/GatherVegetables,51,6100477,0,predicted_progress,8,-0.04390236815095433,0.7815680300135581,0.0
robocasa/GatherVegetables,51,6100477,0,predicted_success,1,-0.053334712292963694,0.6360567350605143,0.0
robocasa/GatherVegetables,51,6100477,0,predicted_success,2,-0.053334712292963694,0.6360567350605143,0.0
robocasa/GatherVegetables,51,6100477,0,predicted_success,4,-0.053334712292963694,0.6360567350605143,0.0
robocasa/GatherVegetables,51,6100477,0,predicted_success,8,-0.053334712292963694,0.6360567350605143,0.0
robocasa/GatherVegetables,51,6100477,0,low_energy,1,-0.0533347122929637,0.6360567350605142,0.0
robocasa/GatherVegetables,51,6100477,0,low_energy,2,-0.04507912449178231,0.7634143943509808,0.0
robocasa/GatherVegetables,51,6100477,0,low_energy,4,-0.04009859130652496,0.8402482993095224,0.0
robocasa/GatherVegetables,51,6100477,0,low_energy,8,-0.03754143934839482,0.8796970818408987,0.0
robocasa/GatherVegetables,51,6100477,0,distance_progress,1,-0.0533347122929637,0.6360567350605143,0.0
robocasa/GatherVegetables,51,6100477,0,distance_progress,2,-0.043421074127436315,0.7889928774916473,0.0
robocasa/GatherVegetables,51,6100477,0,distance_progress,4,-0.037467938459789074,0.8808309685312272,0.0
robocasa/GatherVegetables,51,6100477,0,distance_progress,8,-0.036758063740799096,0.8917820945778913,0.0
robocasa/GatherVegetables,51,6100477,0,oracle_real_utility,1,-0.0533347122929637,0.6360567350605142,0.0
robocasa/GatherVegetables,51,6100477,0,oracle_real_utility,2,-0.04222185816285261,0.8074929942502969,0.0
robocasa/GatherVegetables,51,6100477,0,oracle_real_utility,4,-0.035591533431482525,0.9097779748548454,0.0
robocasa/GatherVegetables,51,6100477,0,oracle_real_utility,8,-0.03230299142321561,0.9605097970748586,0.0
robocasa/GatherVegetables,51,6110484,1,random,1,-0.046497485445842195,0.5373852767509639,0.0
robocasa/GatherVegetables,51,6110484,1,random,2,-0.05304822602818712,0.43933321666175135,0.0
robocasa/GatherVegetables,51,6110484,1,random,4,-0.05865047019706927,0.35547833415241553,0.0
robocasa/GatherVegetables,51,6110484,1,random,8,-0.06757424509192937,0.22190648815813965,0.0
robocasa/GatherVegetables,51,6110484,1,learned_wam,1,-0.0464974854458422,0.5373852767509639,0.0
robocasa/GatherVegetables,51,6110484,1,learned_wam,2,-0.037065322331863854,0.6785667222375439,0.0
robocasa/GatherVegetables,51,6110484,1,learned_wam,4,-0.029910879701678203,0.7856550475744438,0.0
robocasa/GatherVegetables,51,6110484,1,learned_wam,8,-0.023635686628603835,0.8795826883561285,0.0
robocasa/GatherVegetables,51,6110484,1,learned_physics_score,1,-0.0464974854458422,0.5373852767509639,0.0
robocasa/GatherVegetables,51,6110484,1,learned_physics_score,2,-0.037065322331863854,0.6785667222375439,0.0
robocasa/GatherVegetables,51,6110484,1,learned_physics_score,4,-0.029910879701678203,0.7856550475744438,0.0
robocasa/GatherVegetables,51,6110484,1,learned_physics_score,8,-0.023635686628603835,0.8795826883561285,0.0
robocasa/GatherVegetables,51,6110484,1,learned_energy_regularized,1,-0.04649748544584219,0.5373852767509639,0.0
robocasa/GatherVegetables,51,6110484,1,learned_energy_regularized,2,-0.037040889005127205,0.6789324424170023,0.0
robocasa/GatherVegetables,51,6110484,1,learned_energy_regularized,4,-0.029747443622728152,0.7881013731513025,0.0
robocasa/GatherVegetables,51,6110484,1,learned_energy_regularized,8,-0.023492596387171896,0.8817244756509693,0.0
robocasa/GatherVegetables,51,6110484,1,predicted_progress,1,-0.046497485445842195,0.5373852767509639,0.0
robocasa/GatherVegetables,51,6110484,1,predicted_progress,2,-0.0414890395665177,0.6123521343359886,0.0
robocasa/GatherVegetables,51,6110484,1,predicted_progress,4,-0.039993950279471245,0.6347307620299799,0.0
robocasa/GatherVegetables,51,6110484,1,predicted_progress,8,-0.03896028159464007,0.6502028056444932,0.0
robocasa/GatherVegetables,51,6110484,1,predicted_success,1,-0.046497485445842195,0.5373852767509639,0.0
robocasa/GatherVegetables,51,6110484,1,predicted_success,2,-0.046497485445842195,0.5373852767509639,0.0
robocasa/GatherVegetables,51,6110484,1,predicted_success,4,-0.046497485445842195,0.5373852767509639,0.0
robocasa/GatherVegetables,51,6110484,1,predicted_success,8,-0.046497485445842195,0.5373852767509639,0.0
robocasa/GatherVegetables,51,6110484,1,low_energy,1,-0.04649748544584219,0.5373852767509639,0.0
robocasa/GatherVegetables,51,6110484,1,low_energy,2,-0.037040889005127205,0.6789324424170023,0.0
robocasa/GatherVegetables,51,6110484,1,low_energy,4,-0.029747443622728152,0.7881013731513025,0.0
robocasa/GatherVegetables,51,6110484,1,low_energy,8,-0.023492596387171896,0.8817244756509693,0.0
robocasa/GatherVegetables,51,6110484,1,distance_progress,1,-0.0464974854458422,0.5373852767509639,0.0
robocasa/GatherVegetables,51,6110484,1,distance_progress,2,-0.038922380606043847,0.6507701109689161,0.0
robocasa/GatherVegetables,51,6110484,1,distance_progress,4,-0.0334942531102372,0.7320187998309345,0.0
robocasa/GatherVegetables,51,6110484,1,distance_progress,8,-0.026994017706532356,0.8293148939726969,0.0
robocasa/GatherVegetables,51,6110484,1,oracle_real_utility,1,-0.046497485445842195,0.5373852767509639,0.0
robocasa/GatherVegetables,51,6110484,1,oracle_real_utility,2,-0.03688893213854179,0.6812069461354917,0.0
robocasa/GatherVegetables,51,6110484,1,oracle_real_utility,4,-0.02940375789587725,0.7932456912810437,0.0
robocasa/GatherVegetables,51,6110484,1,oracle_real_utility,8,-0.023003167802739477,0.8890502856669367,0.0
robocasa/OrganizeCondiments,52,6200480,0,random,1,-0.05656486074359654,0.3755383127493568,0.0
robocasa/OrganizeCondiments,52,6200480,0,random,2,-0.057496157394826074,0.3553215156620945,0.0
robocasa/OrganizeCondiments,52,6200480,0,random,4,-0.06068597441381389,0.2860762506509588,0.0
robocasa/OrganizeCondiments,52,6200480,0,random,8,-0.0638697019835554,0.21696317677314575,0.0
robocasa/OrganizeCondiments,52,6200480,0,learned_wam,1,-0.05656486074359654,0.3755383127493568,0.0
robocasa/OrganizeCondiments,52,6200480,0,learned_wam,2,-0.05208930725411777,0.47269463413258517,0.0
robocasa/OrganizeCondiments,52,6200480,0,learned_wam,4,-0.045303772948335826,0.6199965384264936,0.0
robocasa/OrganizeCondiments,52,6200480,0,learned_wam,8,-0.03732410898296493,0.7932208778455784,0.0
robocasa/OrganizeCondiments,52,6200480,0,learned_physics_score,1,-0.05656486074359654,0.3755383127493568,0.0
robocasa/OrganizeCondiments,52,6200480,0,learned_physics_score,2,-0.05208930725411777,0.47269463413258517,0.0
robocasa/OrganizeCondiments,52,6200480,0,learned_physics_score,4,-0.045303772948335826,0.6199965384264936,0.0
robocasa/OrganizeCondiments,52,6200480,0,learned_physics_score,8,-0.03732410898296493,0.7932208778455784,0.0
robocasa/OrganizeCondiments,52,6200480,0,learned_energy_regularized,1,-0.05656486074359654,0.3755383127493568,0.0
robocasa/OrganizeCondiments,52,6200480,0,learned_energy_regularized,2,-0.052731660443783676,0.4587502866717771,0.0
robocasa/OrganizeCondiments,52,6200480,0,learned_energy_regularized,4,-0.04556248695436848,0.6143803166171597,0.0
robocasa/OrganizeCondiments,52,6200480,0,learned_energy_regularized,8,-0.03753937137562953,0.7885479134284152,0.0
robocasa/OrganizeCondiments,52,6200480,0,predicted_progress,1,-0.05656486074359654,0.37553831274935684,0.0
robocasa/OrganizeCondiments,52,6200480,0,predicted_progress,2,-0.0545221797885766,0.4198812901745756,0.0
robocasa/OrganizeCondiments,52,6200480,0,predicted_progress,4,-0.05415945297420146,0.4277554454124902,0.0
robocasa/OrganizeCondiments,52,6200480,0,predicted_progress,8,-0.05738652140506095,0.35770151837725117,0.0
robocasa/OrganizeCondiments,52,6200480,0,predicted_success,1,-0.05656486074359654,0.3755383127493568,0.0
robocasa/OrganizeCondiments,52,6200480,0,predicted_success,2,-0.05656486074359654,0.3755383127493568,0.0
robocasa/OrganizeCondiments,52,6200480,0,predicted_success,4,-0.05656486074359654,0.3755383127493568,0.0
robocasa/OrganizeCondiments,52,6200480,0,predicted_success,8,-0.05656486074359654,0.3755383127493568,0.0
robocasa/OrganizeCondiments,52,6200480,0,low_energy,1,-0.05656486074359654,0.3755383127493568,0.0
robocasa/OrganizeCondiments,52,6200480,0,low_energy,2,-0.05363926201732114,0.4390478676583921,0.0
robocasa/OrganizeCondiments,52,6200480,0,low_energy,4,-0.0476957101442717,0.5680718280005865,0.0
robocasa/OrganizeCondiments,52,6200480,0,low_energy,8,-0.03875878038738617,0.7620767084428549,0.0
robocasa/OrganizeCondiments,52,6200480,0,distance_progress,1,-0.05656486074359654,0.3755383127493568,0.0
robocasa/OrganizeCondiments,52,6200480,0,distance_progress,2,-0.0515728877592323,0.4839051846335689,0.0
robocasa/OrganizeCondiments,52,6200480,0,distance_progress,4,-0.04863220776336738,0.5477421271335582,0.0
robocasa/OrganizeCondiments,52,6200480,0,distance_progress,8,-0.048570556855619854,0.5490804588998451,0.0
robocasa/OrganizeCondiments,52,6200480,0,oracle_real_utility,1,-0.05656486074359654,0.3755383127493568,0.0
robocasa/OrganizeCondiments,52,6200480,0,oracle_real_utility,2,-0.04992697395605464,0.5196350515218862,0.0
robocasa/OrganizeCondiments,52,6200480,0,oracle_real_utility,4,-0.043243306705248404,0.6647256028837276,0.0
robocasa/OrganizeCondiments,52,6200480,0,oracle_real_utility,8,-0.036367352132084335,0.8139903706710536,0.0
robocasa/OrganizeCondiments,52,6210487,1,random,1,-0.0517686519633979,0.4903573257240674,0.0
robocasa/OrganizeCondiments,52,6210487,1,random,2,-0.05442814847875447,0.4373260555739057,0.0
robocasa/OrganizeCondiments,52,6210487,1,random,4,-0.0560416705301246,0.4051518739927804,0.0
robocasa/OrganizeCondiments,52,6210487,1,random,8,-0.0533001126468617,0.45981947588663996,0.0
robocasa/OrganizeCondiments,52,6210487,1,learned_wam,1,-0.0517686519633979,0.4903573257240674,0.0
robocasa/OrganizeCondiments,52,6210487,1,learned_wam,2,-0.04382123916512381,0.6488314551942536,0.0
robocasa/OrganizeCondiments,52,6210487,1,learned_wam,4,-0.03952275763897374,0.7345446470455994,0.0
robocasa/OrganizeCondiments,52,6210487,1,learned_wam,8,-0.0403243513361729,0.7185605945524393,0.0
robocasa/OrganizeCondiments,52,6210487,1,learned_physics_score,1,-0.0517686519633979,0.4903573257240674,0.0
robocasa/OrganizeCondiments,52,6210487,1,learned_physics_score,2,-0.04382123916512381,0.6488314551942536,0.0
robocasa/OrganizeCondiments,52,6210487,1,learned_physics_score,4,-0.03952275763897374,0.7345446470455994,0.0
robocasa/OrganizeCondiments,52,6210487,1,learned_physics_score,8,-0.0403243513361729,0.7185605945524393,0.0
robocasa/OrganizeCondiments,52,6210487,1,learned_energy_regularized,1,-0.051768651963397895,0.4903573257240674,0.0
robocasa/OrganizeCondiments,52,6210487,1,learned_energy_regularized,2,-0.04401827584265762,0.6449024764513034,0.0
robocasa/OrganizeCondiments,52,6210487,1,learned_energy_regularized,4,-0.03995081917869038,0.7260089535327376,0.0
robocasa/OrganizeCondiments,52,6210487,1,learned_energy_regularized,8,-0.040481428724804716,0.7154284176975663,0.0
robocasa/OrganizeCondiments,52,6210487,1,predicted_progress,1,-0.051768651963397895,0.4903573257240674,0.0
robocasa/OrganizeCondiments,52,6210487,1,predicted_progress,2,-0.04459337782764312,0.6334347461671855,0.0
robocasa/OrganizeCondiments,52,6210487,1,predicted_progress,4,-0.03663445198386384,0.7921384497025795,0.0
robocasa/OrganizeCondiments,52,6210487,1,predicted_progress,8,-0.03028787395031632,0.9186913864267758,0.0
robocasa/OrganizeCondiments,52,6210487,1,predicted_success,1,-0.0517686519633979,0.4903573257240674,0.0
robocasa/OrganizeCondiments,52,6210487,1,predicted_success,2,-0.0517686519633979,0.4903573257240674,0.0
robocasa/OrganizeCondiments,52,6210487,1,predicted_success,4,-0.0517686519633979,0.4903573257240674,0.0
robocasa/OrganizeCondiments,52,6210487,1,predicted_success,8,-0.0517686519633979,0.4903573257240674,0.0
robocasa/OrganizeCondiments,52,6210487,1,low_energy,1,-0.051768651963397895,0.4903573257240674,0.0
robocasa/OrganizeCondiments,52,6210487,1,low_energy,2,-0.04497748104980507,0.6257755965415327,0.0
robocasa/OrganizeCondiments,52,6210487,1,low_energy,4,-0.04221394396430392,0.6808814712456225,0.0
robocasa/OrganizeCondiments,52,6210487,1,low_energy,8,-0.04224492477579167,0.6802637032681156,0.0
robocasa/OrganizeCondiments,52,6210487,1,distance_progress,1,-0.0517686519633979,0.4903573257240674,0.0
robocasa/OrganizeCondiments,52,6210487,1,distance_progress,2,-0.04715214333571604,0.582412086755527,0.0
robocasa/OrganizeCondiments,52,6210487,1,distance_progress,4,-0.03826460349058748,0.7596326710938929,0.0
robocasa/OrganizeCondiments,52,6210487,1,distance_progress,8,-0.03053554141767022,0.9137528124174431,0.0
robocasa/OrganizeCondiments,52,6210487,1,oracle_real_utility,1,-0.0517686519633979,0.4903573257240674,0.0
robocasa/OrganizeCondiments,52,6210487,1,oracle_real_utility,2,-0.042566154394958,0.6738582747910045,0.0
robocasa/OrganizeCondiments,52,6210487,1,oracle_real_utility,4,-0.03491766616457587,0.8263717461355402,0.0
robocasa/OrganizeCondiments,52,6210487,1,oracle_real_utility,8,-0.02975147620570351,0.9293873409197584,0.0
robocasa/TurnOnMicrowave,53,6300483,0,random,1,-0.04590826380756261,0.6803461156850515,0.0
robocasa/TurnOnMicrowave,53,6300483,0,random,2,-0.04885277103243871,0.6121627822871927,0.0
robocasa/TurnOnMicrowave,53,6300483,0,random,4,-0.04826883930139957,0.6256843697238496,0.0
robocasa/TurnOnMicrowave,53,6300483,0,random,8,-0.046495598133140456,0.6667457373947363,0.0
robocasa/TurnOnMicrowave,53,6300483,0,learned_wam,1,-0.04590826380756261,0.6803461156850515,0.0
robocasa/TurnOnMicrowave,53,6300483,0,learned_wam,2,-0.04045887268838931,0.8065328162490346,0.0
robocasa/TurnOnMicrowave,53,6300483,0,learned_wam,4,-0.037874102143393686,0.8663860474917658,0.0
robocasa/TurnOnMicrowave,53,6300483,0,learned_wam,8,-0.035972534273852975,0.9104189623823064,0.0
robocasa/TurnOnMicrowave,53,6300483,0,learned_physics_score,1,-0.04590826380756261,0.6803461156850515,0.0
robocasa/TurnOnMicrowave,53,6300483,0,learned_physics_score,2,-0.04045887268838931,0.8065328162490346,0.0
robocasa/TurnOnMicrowave,53,6300483,0,learned_physics_score,4,-0.037874102143393686,0.8663860474917658,0.0
robocasa/TurnOnMicrowave,53,6300483,0,learned_physics_score,8,-0.035972534273852975,0.9104189623823064,0.0
robocasa/TurnOnMicrowave,53,6300483,0,learned_energy_regularized,1,-0.04590826380756261,0.6803461156850515,0.0
robocasa/TurnOnMicrowave,53,6300483,0,learned_energy_regularized,2,-0.04045887268838931,0.8065328162490346,0.0
robocasa/TurnOnMicrowave,53,6300483,0,learned_energy_regularized,4,-0.037874102143393686,0.8663860474917658,0.0
robocasa/TurnOnMicrowave,53,6300483,0,learned_energy_regularized,8,-0.035972534273852975,0.9104189623823064,0.0
robocasa/TurnOnMicrowave,53,6300483,0,predicted_progress,1,-0.04590826380756261,0.6803461156850515,0.0
robocasa/TurnOnMicrowave,53,6300483,0,predicted_progress,2,-0.04368721220461533,0.7317770310715731,0.0
robocasa/TurnOnMicrowave,53,6300483,0,predicted_progress,4,-0.04112636772991221,0.791076227597095,0.0
robocasa/TurnOnMicrowave,53,6300483,0,predicted_progress,8,-0.04153416950660292,0.7816331247697579,0.0
robocasa/TurnOnMicrowave,53,6300483,0,predicted_success,1,-0.04590826380756261,0.6803461156850514,0.0
robocasa/TurnOnMicrowave,53,6300483,0,predicted_success,2,-0.04590826380756261,0.6803461156850514,0.0
robocasa/TurnOnMicrowave,53,6300483,0,predicted_success,4,-0.04590826380756261,0.6803461156850514,0.0
robocasa/TurnOnMicrowave,53,6300483,0,predicted_success,8,-0.04590826380756261,0.6803461156850514,0.0
robocasa/TurnOnMicrowave,53,6300483,0,low_energy,1,-0.04590826380756261,0.6803461156850515,0.0
robocasa/TurnOnMicrowave,53,6300483,0,low_energy,2,-0.03989974398372274,0.8194800620769671,0.0
robocasa/TurnOnMicrowave,53,6300483,0,low_energy,4,-0.03623116938387459,0.9044299793069674,0.0
robocasa/TurnOnMicrowave,53,6300483,0,low_energy,8,-0.03364132497794874,0.9644007014318732,0.0
robocasa/TurnOnMicrowave,53,6300483,0,distance_progress,1,-0.04590826380756261,0.6803461156850515,0.0
robocasa/TurnOnMicrowave,53,6300483,0,distance_progress,2,-0.040177019661448946,0.8130594359641141,0.0
robocasa/TurnOnMicrowave,53,6300483,0,distance_progress,4,-0.036543073054168096,0.8972075035867617,0.0
robocasa/TurnOnMicrowave,53,6300483,0,distance_progress,8,-0.03365502513072778,0.9640834591861613,0.0
robocasa/TurnOnMicrowave,53,6300483,0,oracle_real_utility,1,-0.04590826380756261,0.6803461156850514,0.0
robocasa/TurnOnMicrowave,53,6300483,0,oracle_real_utility,2,-0.03976119180711676,0.8226883915287387,0.0
robocasa/TurnOnMicrowave,53,6300483,0,oracle_real_utility,4,-0.03587691785593762,0.9126330666799467,0.0
robocasa/TurnOnMicrowave,53,6300483,0,oracle_real_utility,8,-0.033248312930464353,0.9735013316618198,0.0
robocasa/TurnOnMicrowave,53,6310490,1,random,1,-0.05522482000522995,0.7021888388266703,0.0
robocasa/TurnOnMicrowave,53,6310490,1,random,2,-0.05735239002768578,0.6440163683027258,0.0
robocasa/TurnOnMicrowave,53,6310490,1,random,4,-0.06232043777297831,0.5081789537996833,0.0
robocasa/TurnOnMicrowave,53,6310490,1,random,8,-0.07012720807180811,0.29472458552856207,0.0
robocasa/TurnOnMicrowave,53,6310490,1,learned_wam,1,-0.055224820005229956,0.7021888388266703,0.0
robocasa/TurnOnMicrowave,53,6310490,1,learned_wam,2,-0.050666518931203254,0.8268228729920908,0.0
robocasa/TurnOnMicrowave,53,6310490,1,learned_wam,4,-0.049222323594159643,0.8663103680161152,0.0
robocasa/TurnOnMicrowave,53,6310490,1,learned_wam,8,-0.048620215811581755,0.8827733266330164,0.0
robocasa/TurnOnMicrowave,53,6310490,1,learned_physics_score,1,-0.055224820005229956,0.7021888388266703,0.0
robocasa/TurnOnMicrowave,53,6310490,1,learned_physics_score,2,-0.050666518931203254,0.8268228729920908,0.0
robocasa/TurnOnMicrowave,53,6310490,1,learned_physics_score,4,-0.049222323594159643,0.8663103680161152,0.0
robocasa/TurnOnMicrowave,53,6310490,1,learned_physics_score,8,-0.048620215811581755,0.8827733266330164,0.0
robocasa/TurnOnMicrowave,53,6310490,1,learned_energy_regularized,1,-0.05522482000522996,0.7021888388266704,0.0
robocasa/TurnOnMicrowave,53,6310490,1,learned_energy_regularized,2,-0.05074242143257622,0.8247475307108925,0.0
robocasa/TurnOnMicrowave,53,6310490,1,learned_energy_regularized,4,-0.04973505360308128,0.852291195431465,0.0
robocasa/TurnOnMicrowave,53,6310490,1,learned_energy_regularized,8,-0.04955932026087932,0.8570961337232343,0.0
robocasa/TurnOnMicrowave,53,6310490,1,predicted_progress,1,-0.05522482000522996,0.7021888388266704,0.0
robocasa/TurnOnMicrowave,53,6310490,1,predicted_progress,2,-0.05432543862705059,0.7267799151060459,0.0
robocasa/TurnOnMicrowave,53,6310490,1,predicted_progress,4,-0.05283151996919179,0.767626955707393,0.0
robocasa/TurnOnMicrowave,53,6310490,1,predicted_progress,8,-0.05123450098269937,0.8112929873478814,0.0
robocasa/TurnOnMicrowave,53,6310490,1,predicted_success,1,-0.055224820005229956,0.7021888388266704,0.0
robocasa/TurnOnMicrowave,53,6310490,1,predicted_success,2,-0.055224820005229956,0.7021888388266704,0.0
robocasa/TurnOnMicrowave,53,6310490,1,predicted_success,4,-0.055224820005229956,0.7021888388266704,0.0
robocasa/TurnOnMicrowave,53,6310490,1,predicted_success,8,-0.055224820005229956,0.7021888388266704,0.0
robocasa/TurnOnMicrowave,53,6310490,1,low_energy,1,-0.055224820005229956,0.7021888388266704,0.0
robocasa/TurnOnMicrowave,53,6310490,1,low_energy,2,-0.05093354762344199,0.8195217178882158,0.0
robocasa/TurnOnMicrowave,53,6310490,1,low_energy,4,-0.050766282772891136,0.8240951088862377,0.0
robocasa/TurnOnMicrowave,53,6310490,1,low_energy,8,-0.052844177285496355,0.7672808766820879,0.0
robocasa/TurnOnMicrowave,53,6310490,1,distance_progress,1,-0.05522482000522996,0.7021888388266704,0.0
robocasa/TurnOnMicrowave,53,6310490,1,distance_progress,2,-0.05344240975351364,0.7509238777373332,0.0
robocasa/TurnOnMicrowave,53,6310490,1,distance_progress,4,-0.05449736796496897,0.7220789867057135,0.0
robocasa/TurnOnMicrowave,53,6310490,1,distance_progress,8,-0.05754140069393601,0.6388483986025033,0.0
robocasa/TurnOnMicrowave,53,6310490,1,oracle_real_utility,1,-0.05522482000522996,0.7021888388266704,0.0
robocasa/TurnOnMicrowave,53,6310490,1,oracle_real_utility,2,-0.049686923303083524,0.8536071842959334,0.0
robocasa/TurnOnMicrowave,53,6310490,1,oracle_real_utility,4,-0.04677831163201046,0.9331350611297085,0.0
robocasa/TurnOnMicrowave,53,6310490,1,oracle_real_utility,8,-0.04528663802841763,0.973920716981443,0.0
robocasa/TurnOnToaster,54,6400486,0,random,1,-0.051910696111492065,0.4972772499839617,0.0
robocasa/TurnOnToaster,54,6400486,0,random,2,-0.04851634411732238,0.5486002279016934,0.0
robocasa/TurnOnToaster,54,6400486,0,random,4,-0.048740490549125756,0.545211109039082,0.0
robocasa/TurnOnToaster,54,6400486,0,random,8,-0.049667299005170265,0.5311976625829566,0.0
robocasa/TurnOnToaster,54,6400486,0,learned_wam,1,-0.05191069611149206,0.4972772499839617,0.0
robocasa/TurnOnToaster,54,6400486,0,learned_wam,2,-0.04185051441378852,0.6493883109483114,0.0
robocasa/TurnOnToaster,54,6400486,0,learned_wam,4,-0.03343520740057755,0.7766286845901168,0.0
robocasa/TurnOnToaster,54,6400486,0,learned_wam,8,-0.025910685169557354,0.8904002937124041,0.0
robocasa/TurnOnToaster,54,6400486,0,learned_physics_score,1,-0.05191069611149206,0.4972772499839617,0.0
robocasa/TurnOnToaster,54,6400486,0,learned_physics_score,2,-0.04185051441378852,0.6493883109483114,0.0
robocasa/TurnOnToaster,54,6400486,0,learned_physics_score,4,-0.03343520740057755,0.7766286845901168,0.0
robocasa/TurnOnToaster,54,6400486,0,learned_physics_score,8,-0.025910685169557354,0.8904002937124041,0.0
robocasa/TurnOnToaster,54,6400486,0,learned_energy_regularized,1,-0.05191069611149206,0.4972772499839618,0.0
robocasa/TurnOnToaster,54,6400486,0,learned_energy_regularized,2,-0.04219939388769885,0.6441132146806865,0.0
robocasa/TurnOnToaster,54,6400486,0,learned_energy_regularized,4,-0.0341111613812788,0.7664081855715937,0.0
robocasa/TurnOnToaster,54,6400486,0,learned_energy_regularized,8,-0.02631993288739686,0.8842124229136077,0.0
robocasa/TurnOnToaster,54,6400486,0,predicted_progress,1,-0.05191069611149206,0.4972772499839617,0.0
robocasa/TurnOnToaster,54,6400486,0,predicted_progress,2,-0.04603447183218966,0.586126411604293,0.0
robocasa/TurnOnToaster,54,6400486,0,predicted_progress,4,-0.04401749739232423,0.6166232884207365,0.0
robocasa/TurnOnToaster,54,6400486,0,predicted_progress,8,-0.047428406163245763,0.5650499702056275,0.0
robocasa/TurnOnToaster,54,6400486,0,predicted_success,1,-0.05191069611149207,0.4972772499839617,0.0
robocasa/TurnOnToaster,54,6400486,0,predicted_success,2,-0.05191069611149207,0.4972772499839617,0.0
robocasa/TurnOnToaster,54,6400486,0,predicted_success,4,-0.05191069611149207,0.4972772499839617,0.0
robocasa/TurnOnToaster,54,6400486,0,predicted_success,8,-0.05191069611149207,0.4972772499839617,0.0
robocasa/TurnOnToaster,54,6400486,0,low_energy,1,-0.05191069611149206,0.4972772499839618,0.0
robocasa/TurnOnToaster,54,6400486,0,low_energy,2,-0.04219939388769885,0.6441132146806865,0.0
robocasa/TurnOnToaster,54,6400486,0,low_energy,4,-0.0341111613812788,0.7664081855715937,0.0
robocasa/TurnOnToaster,54,6400486,0,low_energy,8,-0.02631993288739686,0.8842124229136077,0.0
robocasa/TurnOnToaster,54,6400486,0,distance_progress,1,-0.05191069611149206,0.4972772499839618,0.0
robocasa/TurnOnToaster,54,6400486,0,distance_progress,2,-0.04375178115984936,0.620640947271414,0.0
robocasa/TurnOnToaster,54,6400486,0,distance_progress,4,-0.03985105512174848,0.6796203567906507,0.0
robocasa/TurnOnToaster,54,6400486,0,distance_progress,8,-0.0417715451160657,0.6505823354720404,0.0
robocasa/TurnOnToaster,54,6400486,0,oracle_real_utility,1,-0.05191069611149206,0.4972772499839618,0.0
robocasa/TurnOnToaster,54,6400486,0,oracle_real_utility,2,-0.04169037838250723,0.6518095854688679,0.0
robocasa/TurnOnToaster,54,6400486,0,oracle_real_utility,4,-0.03325611818752469,0.7793365333172386,0.0
robocasa/TurnOnToaster,54,6400486,0,oracle_real_utility,8,-0.025868870077411114,0.891032542534723,0.0
robocasa/TurnOnToaster,54,6410493,1,random,1,-0.05704515934639527,0.44455781827070073,0.0
robocasa/TurnOnToaster,54,6410493,1,random,2,-0.05892461505714716,0.3985944989280798,0.0
robocasa/TurnOnToaster,54,6410493,1,random,4,-0.06245731477849768,0.3122000154054735,0.0
robocasa/TurnOnToaster,54,6410493,1,random,8,-0.06428299245097048,0.26755187318189855,0.0
robocasa/TurnOnToaster,54,6410493,1,learned_wam,1,-0.05704515934639527,0.4445578182707008,0.0
robocasa/TurnOnToaster,54,6410493,1,learned_wam,2,-0.05140116875344706,0.5825853017098538,0.0
robocasa/TurnOnToaster,54,6410493,1,learned_wam,4,-0.04664815842642679,0.6988232796785978,0.0
robocasa/TurnOnToaster,54,6410493,1,learned_wam,8,-0.04155235405917722,0.8234445102292842,0.0
robocasa/TurnOnToaster,54,6410493,1,learned_physics_score,1,-0.05704515934639527,0.4445578182707008,0.0
robocasa/TurnOnToaster,54,6410493,1,learned_physics_score,2,-0.05140116875344706,0.5825853017098538,0.0
robocasa/TurnOnToaster,54,6410493,1,learned_physics_score,4,-0.04664815842642679,0.6988232796785978,0.0
robocasa/TurnOnToaster,54,6410493,1,learned_physics_score,8,-0.04155235405917722,0.8234445102292842,0.0
robocasa/TurnOnToaster,54,6410493,1,learned_energy_regularized,1,-0.05704515934639528,0.44455781827070073,0.0
robocasa/TurnOnToaster,54,6410493,1,learned_energy_regularized,2,-0.052106463074348186,0.5653368675399703,0.0
robocasa/TurnOnToaster,54,6410493,1,learned_energy_regularized,4,-0.0472221475513949,0.6847860000027993,0.0
robocasa/TurnOnToaster,54,6410493,1,learned_energy_regularized,8,-0.04171449961334141,0.8194791345923911,0.0
robocasa/TurnOnToaster,54,6410493,1,predicted_progress,1,-0.05704515934639527,0.44455781827070073,0.0
robocasa/TurnOnToaster,54,6410493,1,predicted_progress,2,-0.055160731331350174,0.49064273856874197,0.0
robocasa/TurnOnToaster,54,6410493,1,predicted_progress,4,-0.05591579010353903,0.4721772821762209,0.0
robocasa/TurnOnToaster,54,6410493,1,predicted_progress,8,-0.05706671592891005,0.4440306379384406,0.0
robocasa/TurnOnToaster,54,6410493,1,predicted_success,1,-0.05704515934639527,0.44455781827070073,0.0
robocasa/TurnOnToaster,54,6410493,1,predicted_success,2,-0.05704515934639527,0.44455781827070073,0.0
robocasa/TurnOnToaster,54,6410493,1,predicted_success,4,-0.05704515934639527,0.44455781827070073,0.0
robocasa/TurnOnToaster,54,6410493,1,predicted_success,8,-0.05704515934639527,0.44455781827070073,0.0
robocasa/TurnOnToaster,54,6410493,1,low_energy,1,-0.05704515934639527,0.44455781827070073,0.0
robocasa/TurnOnToaster,54,6410493,1,low_energy,2,-0.05249632818162156,0.5558024612096489,0.0
robocasa/TurnOnToaster,54,6410493,1,low_energy,4,-0.048340445890404676,0.657437282295764,0.0
robocasa/TurnOnToaster,54,6410493,1,low_energy,8,-0.04310383097036291,0.785502127062935,0.0
robocasa/TurnOnToaster,54,6410493,1,distance_progress,1,-0.05704515934639527,0.44455781827070073,0.0
robocasa/TurnOnToaster,54,6410493,1,distance_progress,2,-0.05326126345197326,0.5370954685912681,0.0
robocasa/TurnOnToaster,54,6410493,1,distance_progress,4,-0.05191802543325941,0.5699452333684306,0.0
robocasa/TurnOnToaster,54,6410493,1,distance_progress,8,-0.05276710801234453,0.5491803632480632,0.0
robocasa/TurnOnToaster,54,6410493,1,oracle_real_utility,1,-0.057045159346395286,0.44455781827070073,0.0
robocasa/TurnOnToaster,54,6410493,1,oracle_real_utility,2,-0.051102460023682246,0.5898904191744818,0.0
robocasa/TurnOnToaster,54,6410493,1,oracle_real_utility,4,-0.04593112994133523,0.7163586805127224,0.0
robocasa/TurnOnToaster,54,6410493,1,oracle_real_utility,8,-0.04081985914412566,0.8413581527294798,0.0
