env_id,task_index,seed,state_id,scorer,N,real_utility,normalized_real_utility,success
robocasa/OpenDrawer,0,1000324,0,random,1,-0.06707860251474523,0.4419937045509705,0.0
robocasa/OpenDrawer,0,1000324,0,random,2,-0.06705492590386206,0.44256317350219815,0.0
robocasa/OpenDrawer,0,1000324,0,random,4,-0.0699178085079025,0.3737052291766282,0.0
robocasa/OpenDrawer,0,1000324,0,random,8,-0.07603630533627631,0.22654337441886005,0.0
robocasa/OpenDrawer,0,1000324,0,learned_wam,1,-0.06707860251474523,0.4419937045509705,0.0
robocasa/OpenDrawer,0,1000324,0,learned_wam,2,-0.06117732389653456,0.5839310351173507,0.0
robocasa/OpenDrawer,0,1000324,0,learned_wam,4,-0.05626453568606712,0.7020932317097841,0.0
robocasa/OpenDrawer,0,1000324,0,learned_wam,8,-0.055223889988788896,0.7271228027388921,0.0
robocasa/OpenDrawer,0,1000324,0,learned_physics_score,1,-0.06707860251474523,0.4419937045509705,0.0
robocasa/OpenDrawer,0,1000324,0,learned_physics_score,2,-0.06117732389653456,0.5839310351173507,0.0
robocasa/OpenDrawer,0,1000324,0,learned_physics_score,4,-0.05626453568606712,0.7020932317097841,0.0
robocasa/OpenDrawer,0,1000324,0,learned_physics_score,8,-0.055223889988788896,0.7271228027388921,0.0
robocasa/OpenDrawer,0,1000324,0,learned_energy_regularized,1,-0.06707860251474523,0.4419937045509705,0.0
robocasa/OpenDrawer,0,1000324,0,learned_energy_regularized,2,-0.0621187940696985,0.5612868300506061,0.0
robocasa/OpenDrawer,0,1000324,0,learned_energy_regularized,4,-0.058465430767359446,0.649157386292943,0.0
robocasa/OpenDrawer,0,1000324,0,learned_energy_regularized,8,-0.05691686719575931,0.6864033788625854,0.0
robocasa/OpenDrawer,0,1000324,0,predicted_progress,1,-0.06707860251474523,0.4419937045509705,0.0
robocasa/OpenDrawer,0,1000324,0,predicted_progress,2,-0.062099133894773235,0.561759695835785,0.0
robocasa/OpenDrawer,0,1000324,0,predicted_progress,4,-0.058943341423766775,0.6376626972249915,0.0
robocasa/OpenDrawer,0,1000324,0,predicted_progress,8,-0.05800893295585513,0.6601370544235701,0.0
robocasa/OpenDrawer,0,1000324,0,predicted_success,1,-0.06707860251474522,0.4419937045509705,0.0
robocasa/OpenDrawer,0,1000324,0,predicted_success,2,-0.06707860251474522,0.4419937045509705,0.0
robocasa/OpenDrawer,0,1000324,0,predicted_success,4,-0.06707860251474522,0.4419937045509705,0.0
robocasa/OpenDrawer,0,1000324,0,predicted_success,8,-0.06707860251474522,0.4419937045509705,0.0
robocasa/OpenDrawer,0,1000324,0,low_energy,1,-0.06707860251474523,0.4419937045509705,0.0
robocasa/OpenDrawer,0,1000324,0,low_energy,2,-0.06163578983082579,0.5729040297717446,0.0
robocasa/OpenDrawer,0,1000324,0,low_energy,4,-0.056239083103805584,0.7027054162575658,0.0
robocasa/OpenDrawer,0,1000324,0,low_energy,8,-0.05053510477959462,0.8398972876002685,0.0
robocasa/OpenDrawer,0,1000324,0,distance_progress,1,-0.06707860251474522,0.4419937045509705,0.0
robocasa/OpenDrawer,0,1000324,0,distance_progress,2,-0.05985858339848547,0.6156493317972018,0.0
robocasa/OpenDrawer,0,1000324,0,distance_progress,4,-0.05327710629900434,0.7739467705592713,0.0
robocasa/OpenDrawer,0,1000324,0,distance_progress,8,-0.049604246925273474,0.862286245574795,0.0
robocasa/OpenDrawer,0,1000324,0,oracle_real_utility,1,-0.06707860251474523,0.4419937045509705,0.0
robocasa/OpenDrawer,0,1000324,0,oracle_real_utility,2,-0.05925002110730819,0.6302864490528608,0.0
robocasa/OpenDrawer,0,1000324,0,oracle_real_utility,4,-0.051961029920474106,0.8056009899370187,0.0
robocasa/OpenDrawer,0,1000324,0,oracle_real_utility,8,-0.04695735758846796,0.925949127990048,0.0
robocasa/OpenDrawer,0,1010331,1,random,1,-0.04554407397240652,0.3661613901082522,0.0
robocasa/OpenDrawer,0,1010331,1,random,2,-0.04410744787489207,0.40289969548749094,0.0
robocasa/OpenDrawer,0,1010331,1,random,4,-0.03974270034194849,0.5145177623219938,0.0
robocasa/OpenDrawer,0,1010331,1,random,8,-0.03240446221792989,0.7021757991711075,0.0
robocasa/OpenDrawer,0,1010331,1,learned_wam,1,-0.04554407397240653,0.36616139010825227,0.0
robocasa/OpenDrawer,0,1010331,1,learned_wam,2,-0.038863298657595406,0.5370063748334029,0.0
robocasa/OpenDrawer,0,1010331,1,learned_wam,4,-0.03091221728508497,0.7403364243597549,0.0
robocasa/OpenDrawer,0,1010331,1,learned_wam,8,-0.024818042238859195,0.8961804983816144,0.0
robocasa/OpenDrawer,0,1010331,1,learned_physics_score,1,-0.04554407397240653,0.36616139010825227,0.0
robocasa/OpenDrawer,0,1010331,1,learned_physics_score,2,-0.038863298657595406,0.5370063748334029,0.0
robocasa/OpenDrawer,0,1010331,1,learned_physics_score,4,-0.03091221728508497,0.7403364243597549,0.0
robocasa/OpenDrawer,0,1010331,1,learned_physics_score,8,-0.024818042238859195,0.8961804983816144,0.0
robocasa/OpenDrawer,0,1010331,1,learned_energy_regularized,1,-0.04554407397240652,0.3661613901082522,0.0
robocasa/OpenDrawer,0,1010331,1,learned_energy_regularized,2,-0.04198716838137612,0.45712081513504227,0.0
robocasa/OpenDrawer,0,1010331,1,learned_energy_regularized,4,-0.03866961166250281,0.541959460389909,0.0
robocasa/OpenDrawer,0,1010331,1,learned_energy_regularized,8,-0.032964887454545275,0.6878442528344304,0.0
robocasa/OpenDrawer,0,1010331,1,predicted_progress,1,-0.04554407397240653,0.36616139010825227,0.0
robocasa/OpenDrawer,0,1010331,1,predicted_progress,2,-0.04041289350320458,0.49737916163535556,0.0
robocasa/OpenDrawer,0,1010331,1,predicted_progress,4,-0.03633951832092367,0.6015460716126693,0.0
robocasa/OpenDrawer,0,1010331,1,predicted_progress,8,-0.032983636604441015,0.6873647877908382,0.0
robocasa/OpenDrawer,0,1010331,1,predicted_success,1,-0.04554407397240652,0.3661613901082522,0.0
robocasa/OpenDrawer,0,1010331,1,predicted_success,2,-0.04554407397240652,0.3661613901082522,0.0
robocasa/OpenDrawer,0,1010331,1,predicted_success,4,-0.04554407397240652,0.3661613901082522,0.0
robocasa/OpenDrawer,0,1010331,1,predicted_success,8,-0.04554407397240652,0.3661613901082522,0.0
robocasa/OpenDrawer,0,1010331,1,low_energy,1,-0.04554407397240652,0.3661613901082522,0.0
robocasa/OpenDrawer,0,1010331,1,low_energy,2,-0.042564947398674044,0.4423454870131795,0.0
robocasa/OpenDrawer,0,1010331,1,low_energy,4,-0.03916614050549321,0.5292619127851832,0.0
robocasa/OpenDrawer,0,1010331,1,low_energy,8,-0.03302293116495078,0.6863599225957476,0.0
robocasa/OpenDrawer,0,1010331,1,distance_progress,1,-0.04554407397240653,0.3661613901082522,0.0
robocasa/OpenDrawer,0,1010331,1,distance_progress,2,-0.03932274544056784,0.5252571129707974,0.0
robocasa/OpenDrawer,0,1010331,1,distance_progress,4,-0.033783775461450616,0.6669031341111005,0.0
robocasa/OpenDrawer,0,1010331,1,distance_progress,8,-0.031005153775300182,0.7379597940282383,0.0
robocasa/OpenDrawer,0,1010331,1,oracle_real_utility,1,-0.04554407397240653,0.36616139010825227,0.0
robocasa/OpenDrawer,0,1010331,1,oracle_real_utility,2,-0.038337112539343195,0.5504623369185351,0.0
robocasa/OpenDrawer,0,1010331,1,oracle_real_utility,4,-0.030674696119658357,0.7464104648665875,0.0
robocasa/OpenDrawer,0,1010331,1,oracle_real_utility,8,-0.024798689697957857,0.8966753937191888,0.0
robocasa/OpenCabinet,1,1100327,0,random,1,-0.04959164683500442,0.6124212129404266,0.0
robocasa/OpenCabinet,1,1100327,0,random,2,-0.04554639184006569,0.7458470107515491,0.0
robocasa/OpenCabinet,1,1100327,0,random,4,-0.04298023345705594,0.8304873436826405,0.0
robocasa/OpenCabinet,1,1100327,0,random,8,-0.041757231486771726,0.8708259660473395,0.0
robocasa/OpenCabinet,1,1100327,0,learned_wam,1,-0.04959164683500442,0.6124212129404266,0.0
robocasa/OpenCabinet,1,1100327,0,learned_wam,2,-0.04659871935397665,0.7111377925989634,0.0
robocasa/OpenCabinet,1,1100327,0,learned_wam,4,-0.042462037288781854,0.8475791555118435,0.0
robocasa/OpenCabinet,1,1100327,0,learned_wam,8,-0.03957826192692024,0.9426955397313435,0.0
robocasa/OpenCabinet,1,1100327,0,learned_physics_score,1,-0.04959164683500442,0.6124212129404266,0.0
robocasa/OpenCabinet,1,1100327,0,learned_physics_score,2,-0.04659871935397665,0.7111377925989634,0.0
robocasa/OpenCabinet,1,1100327,0,learned_physics_score,4,-0.042462037288781854,0.8475791555118435,0.0
robocasa/OpenCabinet,1,1100327,0,learned_physics_score,8,-0.03957826192692024,0.9426955397313435,0.0
robocasa/OpenCabinet,1,1100327,0,learned_energy_regularized,1,-0.04959164683500442,0.6124212129404266,0.0
robocasa/OpenCabinet,1,1100327,0,learned_energy_regularized,2,-0.0452949193644079,0.7541413990494827,0.0
robocasa/OpenCabinet,1,1100327,0,learned_energy_regularized,4,-0.042136087291389665,0.8583300571244733,0.0
robocasa/OpenCabinet,1,1100327,0,learned_energy_regularized,8,-0.039570423529766155,0.942954075817487,0.0
robocasa/OpenCabinet,1,1100327,0,predicted_progress,1,-0.04959164683500442,0.6124212129404266,0.0
robocasa/OpenCabinet,1,1100327,0,predicted_progress,2,-0.04671670858827801,0.7072461200741216,0.0
robocasa/OpenCabinet,1,1100327,0,predicted_progress,4,-0.04300589391563967,0.829640977467651,0.0
robocasa/OpenCabinet,1,1100327,0,predicted_progress,8,-0.04113721151861295,0.8912762612732068,0.0
robocasa/OpenCabinet,1,1100327,0,predicted_success,1,-0.049591646835004416,0.6124212129404266,0.0
robocasa/OpenCabinet,1,1100327,0,predicted_success,2,-0.049591646835004416,0.6124212129404266,0.0
robocasa/OpenCabinet,1,1100327,0,predicted_success,4,-0.049591646835004416,0.6124212129404266,0.0
robocasa/OpenCabinet,1,1100327,0,predicted_success,8,-0.049591646835004416,0.6124212129404266,0.0
robocasa/OpenCabinet,1,1100327,0,low_energy,1,-0.04959164683500442,0.6124212129404266,0.0
robocasa/OpenCabinet,1,1100327,0,low_energy,2,-0.04532008519252087,0.7533113473722086,0.0
robocasa/OpenCabinet,1,1100327,0,low_energy,4,-0.042221415177335214,0.8555156631562155,0.0
robocasa/OpenCabinet,1,1100327,0,low_energy,8,-0.039704640863701936,0.9385271472597402,0.0
robocasa/OpenCabinet,1,1100327,0,distance_progress,1,-0.04959164683500442,0.6124212129404266,0.0
robocasa/OpenCabinet,1,1100327,0,distance_progress,2,-0.046414028717603,0.7172294964686157,0.0
robocasa/OpenCabinet,1,1100327,0,distance_progress,4,-0.04560580781444249,0.743887276743713,0.0
robocasa/OpenCabinet,1,1100327,0,distance_progress,8,-0.04629574354501145,0.7211309300103824,0.0
robocasa/OpenCabinet,1,1100327,0,oracle_real_utility,1,-0.04959164683500442,0.6124212129404266,0.0
robocasa/OpenCabinet,1,1100327,0,oracle_real_utility,2,-0.04426110677561079,0.7882399341529602,0.0
robocasa/OpenCabinet,1,1100327,0,oracle_real_utility,4,-0.04103131262861366,0.8947691545279327,0.0
robocasa/OpenCabinet,1,1100327,0,oracle_real_utility,8,-0.039295972157342166,0.9520063836131255,0.0
robocasa/OpenCabinet,1,1110334,1,random,1,-0.05375801272382107,0.45971580549409874,0.0
robocasa/OpenCabinet,1,1110334,1,random,2,-0.05350286996500729,0.46610363186428805,0.0
robocasa/OpenCabinet,1,1110334,1,random,4,-0.05365184957788668,0.46237373608282023,0.0
robocasa/OpenCabinet,1,1110334,1,random,8,-0.05289572415244492,0.48130430638104615,0.0
robocasa/OpenCabinet,1,1110334,1,learned_wam,1,-0.05375801272382107,0.45971580549409874,0.0
robocasa/OpenCabinet,1,1110334,1,learned_wam,2,-0.047188070537468846,0.6242027387847724,0.0
robocasa/OpenCabinet,1,1110334,1,learned_wam,4,-0.0423096294845961,0.7463407706373623,0.0
robocasa/OpenCabinet,1,1110334,1,learned_wam,8,-0.0381488606962363,0.8505109564192932,0.0
robocasa/OpenCabinet,1,1110334,1,learned_physics_score,1,-0.05375801272382107,0.45971580549409874,0.0
robocasa/OpenCabinet,1,1110334,1,learned_physics_score,2,-0.047188070537468846,0.6242027387847724,0.0
robocasa/OpenCabinet,1,1110334,1,learned_physics_score,4,-0.0423096294845961,0.7463407706373623,0.0
robocasa/OpenCabinet,1,1110334,1,learned_physics_score,8,-0.0381488606962363,0.8505109564192932,0.0
robocasa/OpenCabinet,1,1110334,1,learned_energy_regularized,1,-0.05375801272382107,0.45971580549409874,0.0
robocasa/OpenCabinet,1,1110334,1,learned_energy_regularized,2,-0.047188070537468846,0.6242027387847724,0.0
robocasa/OpenCabinet,1,1110334,1,learned_energy_regularized,4,-0.0423096294845961,0.7463407706373623,0.0
robocasa/OpenCabinet,1,1110334,1,learned_energy_regularized,8,-0.0381488606962363,0.8505109564192932,0.0
robocasa/OpenCabinet,1,1110334,1,predicted_progress,1,-0.05375801272382106,0.45971580549409874,0.0
robocasa/OpenCabinet,1,1110334,1,predicted_progress,2,-0.04873548290062182,0.5854612846088373,0.0
robocasa/OpenCabinet,1,1110334,1,predicted_progress,4,-0.04567524524603126,0.6620782612376265,0.0
robocasa/OpenCabinet,1,1110334,1,predicted_progress,8,-0.046037666609044695,0.6530045773496708,0.0
robocasa/OpenCabinet,1,1110334,1,predicted_success,1,-0.053758012723821066,0.4597158054940987,0.0
robocasa/OpenCabinet,1,1110334,1,predicted_success,2,-0.053758012723821066,0.4597158054940987,0.0
robocasa/OpenCabinet,1,1110334,1,predicted_success,4,-0.053758012723821066,0.4597158054940987,0.0
robocasa/OpenCabinet,1,1110334,1,predicted_success,8,-0.053758012723821066,0.4597158054940987,0.0
robocasa/OpenCabinet,1,1110334,1,low_energy,1,-0.05375801272382107,0.45971580549409874,0.0
robocasa/OpenCabinet,1,1110334,1,low_energy,2,-0.047188070537468846,0.6242027387847724,0.0
robocasa/OpenCabinet,1,1110334,1,low_energy,4,-0.0423096294845961,0.7463407706373623,0.0
robocasa/OpenCabinet,1,1110334,1,low_energy,8,-0.0381488606962363,0.8505109564192932,0.0
robocasa/OpenCabinet,1,1110334,1,distance_progress,1,-0.053758012723821066,0.45971580549409874,0.0
robocasa/OpenCabinet,1,1110334,1,distance_progress,2,-0.04952593246971311,0.5656713653290529,0.0
robocasa/OpenCabinet,1,1110334,1,distance_progress,4,-0.04568110400163902,0.6619315797729369,0.0
robocasa/OpenCabinet,1,1110334,1,distance_progress,8,-0.04481205056286873,0.6836894477958833,0.0
robocasa/OpenCabinet,1,1110334,1,oracle_real_utility,1,-0.053758012723821066,0.45971580549409874,0.0
robocasa/OpenCabinet,1,1110334,1,oracle_real_utility,2,-0.0467214348075317,0.635885563078213,0.0
robocasa/OpenCabinet,1,1110334,1,oracle_real_utility,4,-0.04113355606225101,0.7757852779220782,0.0
robocasa/OpenCabinet,1,1110334,1,oracle_real_utility,8,-0.03676005435892052,0.885281505212594,0.0
robocasa/OpenMicrowave,2,1200330,0,random,1,-0.055105965596077895,0.6077709436258314,0.0
robocasa/OpenMicrowave,2,1200330,0,random,2,-0.04926234179541938,0.714116796108613,0.0
robocasa/OpenMicrowave,2,1200330,0,random,4,-0.04210830028025072,0.8443104344366117,0.0
robocasa/OpenMicrowave,2,1200330,0,random,8,-0.03694101198551405,0.9383479182777419,0.0
robocasa/OpenMicrowave,2,1200330,0,learned_wam,1,-0.055105965596077895,0.6077709436258315,0.0
robocasa/OpenMicrowave,2,1200330,0,learned_wam,2,-0.04778270475967692,0.7410441390209674,0.0
robocasa/OpenMicrowave,2,1200330,0,learned_wam,4,-0.04371076912272851,0.8151477229165456,0.0
robocasa/OpenMicrowave,2,1200330,0,learned_wam,8,-0.03975479842865168,0.8871409056075827,0.0
robocasa/OpenMicrowave,2,1200330,0,learned_physics_score,1,-0.055105965596077895,0.6077709436258315,0.0
robocasa/OpenMicrowave,2,1200330,0,learned_physics_score,2,-0.04778270475967692,0.7410441390209674,0.0
robocasa/OpenMicrowave,2,1200330,0,learned_physics_score,4,-0.04371076912272851,0.8151477229165456,0.0
robocasa/OpenMicrowave,2,1200330,0,learned_physics_score,8,-0.03975479842865168,0.8871409056075827,0.0
robocasa/OpenMicrowave,2,1200330,0,learned_energy_regularized,1,-0.0551059655960779,0.6077709436258315,0.0
robocasa/OpenMicrowave,2,1200330,0,learned_energy_regularized,2,-0.04741936021980749,0.7476565059623547,0.0
robocasa/OpenMicrowave,2,1200330,0,learned_energy_regularized,4,-0.04292253136665469,0.829492557387125,0.0
robocasa/OpenMicrowave,2,1200330,0,learned_energy_regularized,8,-0.03915084727270092,0.8981319794221405,0.0
robocasa/OpenMicrowave,2,1200330,0,predicted_progress,1,-0.0551059655960779,0.6077709436258315,0.0
robocasa/OpenMicrowave,2,1200330,0,predicted_progress,2,-0.051440380397573926,0.6744795128426319,0.0
robocasa/OpenMicrowave,2,1200330,0,predicted_progress,4,-0.054111656830962904,0.6258659847962333,0.0
robocasa/OpenMicrowave,2,1200330,0,predicted_progress,8,-0.059106628485518925,0.5349644249334596,0.0
robocasa/OpenMicrowave,2,1200330,0,predicted_success,1,-0.0551059655960779,0.6077709436258315,0.0
robocasa/OpenMicrowave,2,1200330,0,predicted_success,2,-0.0551059655960779,0.6077709436258315,0.0
robocasa/OpenMicrowave,2,1200330,0,predicted_success,4,-0.0551059655960779,0.6077709436258315,0.0
robocasa/OpenMicrowave,2,1200330,0,predicted_success,8,-0.0551059655960779,0.6077709436258315,0.0
robocasa/OpenMicrowave,2,1200330,0,low_energy,1,-0.0551059655960779,0.6077709436258315,0.0
robocasa/OpenMicrowave,2,1200330,0,low_energy,2,-0.04741936021980749,0.7476565059623547,0.0
robocasa/OpenMicrowave,2,1200330,0,low_energy,4,-0.04292253136665469,0.829492557387125,0.0
robocasa/OpenMicrowave,2,1200330,0,low_energy,8,-0.03915084727270092,0.8981319794221405,0.0
robocasa/OpenMicrowave,2,1200330,0,distance_progress,1,-0.055105965596077895,0.6077709436258315,0.0
robocasa/OpenMicrowave,2,1200330,0,distance_progress,2,-0.04844277181936159,0.7290318335487947,0.0
robocasa/OpenMicrowave,2,1200330,0,distance_progress,4,-0.044166404227244875,0.8068557956358379,0.0
robocasa/OpenMicrowave,2,1200330,0,distance_progress,8,-0.042133262358210084,0.8438561592212854,0.0
robocasa/OpenMicrowave,2,1200330,0,oracle_real_utility,1,-0.055105965596077895,0.6077709436258314,0.0
robocasa/OpenMicrowave,2,1200330,0,oracle_real_utility,2,-0.046405991775414775,0.7660984068742425,0.0
robocasa/OpenMicrowave,2,1200330,0,oracle_real_utility,4,-0.0405596323308263,0.8724940442842787,0.0
robocasa/OpenMicrowave,2,1200330,0,oracle_real_utility,8,-0.03676370154593103,0.9415747224825964,0.0
robocasa/OpenMicrowave,2,1210337,1,random,1,-0.06127072249620247,0.624232091549363,0.0
robocasa/OpenMicrowave,2,1210337,1,random,2,-0.057857160119245944,0.7072680546118948,0.0
robocasa/OpenMicrowave,2,1210337,1,random,4,-0.05555742104156372,0.7632099206217202,0.0
robocasa/OpenMicrowave,2,1210337,1,random,8,-0.056094149176783084,0.7501538423406979,0.0
robocasa/OpenMicrowave,2,1210337,1,learned_wam,1,-0.06127072249620247,0.6242320915493629,0.0
robocasa/OpenMicrowave,2,1210337,1,learned_wam,2,-0.059126673538522495,0.6763867471244299,0.0
robocasa/OpenMicrowave,2,1210337,1,learned_wam,4,-0.05683280200973809,0.732185883188309,0.0
robocasa/OpenMicrowave,2,1210337,1,learned_wam,8,-0.058147438896862025,0.7002069333566692,0.0
robocasa/OpenMicrowave,2,1210337,1,learned_physics_score,1,-0.06127072249620247,0.6242320915493629,0.0
robocasa/OpenMicrowave,2,1210337,1,learned_physics_score,2,-0.059126673538522495,0.6763867471244299,0.0
robocasa/OpenMicrowave,2,1210337,1,learned_physics_score,4,-0.05683280200973809,0.732185883188309,0.0
robocasa/OpenMicrowave,2,1210337,1,learned_physics_score,8,-0.058147438896862025,0.7002069333566692,0.0
robocasa/OpenMicrowave,2,1210337,1,learned_energy_regularized,1,-0.06127072249620247,0.6242320915493629,0.0
robocasa/OpenMicrowave,2,1210337,1,learned_energy_regularized,2,-0.05552116164596935,0.7640919416603774,0.0
robocasa/OpenMicrowave,2,1210337,1,learned_energy_regularized,4,-0.051382884334968,0.864756820163401,0.0
robocasa/OpenMicrowave,2,1210337,1,learned_energy_regularized,8,-0.048048632856190876,0.9458635210404411,0.0
robocasa/OpenMicrowave,2,1210337,1,predicted_progress,1,-0.06127072249620247,0.6242320915493629,0.0
robocasa/OpenMicrowave,2,1210337,1,predicted_progress,2,-0.06511538702167882,0.5307094350775292,0.0
robocasa/OpenMicrowave,2,1210337,1,predicted_progress,4,-0.07159652778591806,0.37305367676024237,0.0
robocasa/OpenMicrowave,2,1210337,1,predicted_progress,8,-0.07870524602415992,0.200131901831705,0.0
robocasa/OpenMicrowave,2,1210337,1,predicted_success,1,-0.06127072249620246,0.6242320915493629,0.0
robocasa/OpenMicrowave,2,1210337,1,predicted_success,2,-0.06127072249620246,0.6242320915493629,0.0
robocasa/OpenMicrowave,2,1210337,1,predicted_success,4,-0.06127072249620246,0.6242320915493629,0.0
robocasa/OpenMicrowave,2,1210337,1,predicted_success,8,-0.06127072249620246,0.6242320915493629,0.0
robocasa/OpenMicrowave,2,1210337,1,low_energy,1,-0.06127072249620247,0.6242320915493629,0.0
robocasa/OpenMicrowave,2,1210337,1,low_energy,2,-0.055429417097624126,0.7663236562407255,0.0
robocasa/OpenMicrowave,2,1210337,1,low_energy,4,-0.05116642454121602,0.8700222717514099,0.0
robocasa/OpenMicrowave,2,1210337,1,low_energy,8,-0.0478799607644416,0.9499665219625044,0.0
robocasa/OpenMicrowave,2,1210337,1,distance_progress,1,-0.06127072249620247,0.6242320915493629,0.0
robocasa/OpenMicrowave,2,1210337,1,distance_progress,2,-0.05582008263234397,0.7568205959979177,0.0
robocasa/OpenMicrowave,2,1210337,1,distance_progress,4,-0.05231752336537765,0.8420214359999834,0.0
robocasa/OpenMicrowave,2,1210337,1,distance_progress,8,-0.049580854209962666,0.9085917616039392,0.0
robocasa/OpenMicrowave,2,1210337,1,oracle_real_utility,1,-0.061270722496202454,0.6242320915493629,0.0
robocasa/OpenMicrowave,2,1210337,1,oracle_real_utility,2,-0.05508050782187945,0.774810982539049,0.0
robocasa/OpenMicrowave,2,1210337,1,oracle_real_utility,4,-0.050614434768384495,0.8834495940986289,0.0
robocasa/OpenMicrowave,2,1210337,1,oracle_real_utility,8,-0.047390546873303324,0.9618716665883017,0.0
robocasa/TurnOnSinkFaucet,3,1300333,0,random,1,-0.05260035623924142,0.418142896503647,0.0
robocasa/TurnOnSinkFaucet,3,1300333,0,random,2,-0.05197614094420942,0.43116176198608314,0.0
robocasa/TurnOnSinkFaucet,3,1300333,0,random,4,-0.05140908422672025,0.44298850699643244,0.0
robocasa/TurnOnSinkFaucet,3,1300333,0,random,8,-0.04966526039847081,0.4793583428939694,0.0
robocasa/TurnOnSinkFaucet,3,1300333,0,learned_wam,1,-0.05260035623924142,0.41814289650364694,0.0
robocasa/TurnOnSinkFaucet,3,1300333,0,learned_wam,2,-0.04581752854695817,0.5596080640815293,0.0
robocasa/TurnOnSinkFaucet,3,1300333,0,learned_wam,4,-0.03861303229362643,0.7098677074086502,0.0
robocasa/TurnOnSinkFaucet,3,1300333,0,learned_wam,8,-0.03123618080465492,0.8637220553927161,0.0
robocasa/TurnOnSinkFaucet,3,1300333,0,learned_physics_score,1,-0.05260035623924142,0.41814289650364694,0.0
robocasa/TurnOnSinkFaucet,3,1300333,0,learned_physics_score,2,-0.04581752854695817,0.5596080640815293,0.0
robocasa/TurnOnSinkFaucet,3,1300333,0,learned_physics_score,4,-0.03861303229362643,0.7098677074086502,0.0
robocasa/TurnOnSinkFaucet,3,1300333,0,learned_physics_score,8,-0.03123618080465492,0.8637220553927161,0.0
robocasa/TurnOnSinkFaucet,3,1300333,0,learned_energy_regularized,1,-0.05260035623924142,0.41814289650364694,0.0
robocasa/TurnOnSinkFaucet,3,1300333,0,learned_energy_regularized,2,-0.046255710423131716,0.5504691805133969,0.0
robocasa/TurnOnSinkFaucet,3,1300333,0,learned_energy_regularized,4,-0.04063277687911385,0.6677431659617898,0.0
robocasa/TurnOnSinkFaucet,3,1300333,0,learned_energy_regularized,8,-0.03702572135886491,0.7429732524071928,0.0
robocasa/TurnOnSinkFaucet,3,1300333,0,predicted_progress,1,-0.05260035623924142,0.4181428965036469,0.0
robocasa/TurnOnSinkFaucet,3,1300333,0,predicted_progress,2,-0.04774227868427308,0.5194647620438582,0.0
robocasa/TurnOnSinkFaucet,3,1300333,0,predicted_progress,4,-0.04141538358406224,0.6514208305456839,0.0
robocasa/TurnOnSinkFaucet,3,1300333,0,predicted_progress,8,-0.033353649528467394,0.8195593431074181,0.0
robocasa/TurnOnSinkFaucet,3,1300333,0,predicted_success,1,-0.05260035623924142,0.4181428965036469,0.0
robocasa/TurnOnSinkFaucet,3,1300333,0,predicted_success,2,-0.05260035623924142,0.4181428965036469,0.0
robocasa/TurnOnSinkFaucet,3,1300333,0,predicted_success,4,-0.05260035623924142,0.4181428965036469,0.0
robocasa/TurnOnSinkFaucet,3,1300333,0,predicted_success,8,-0.05260035623924142,0.4181428965036469,0.0
robocasa/TurnOnSinkFaucet,3,1300333,0,low_energy,1,-0.05260035623924142,0.41814289650364694,0.0
robocasa/TurnOnSinkFaucet,3,1300333,0,low_energy,2,-0.046255710423131716,0.5504691805133969,0.0
robocasa/TurnOnSinkFaucet,3,1300333,0,low_energy,4,-0.04063277687911385,0.6677431659617898,0.0
robocasa/TurnOnSinkFaucet,3,1300333,0,low_energy,8,-0.03702572135886491,0.7429732524071928,0.0
robocasa/TurnOnSinkFaucet,3,1300333,0,distance_progress,1,-0.05260035623924142,0.4181428965036469,0.0
robocasa/TurnOnSinkFaucet,3,1300333,0,distance_progress,2,-0.04871602971157707,0.4991558498163793,0.0
robocasa/TurnOnSinkFaucet,3,1300333,0,distance_progress,4,-0.04452287543894741,0.5866098290074367,0.0
robocasa/TurnOnSinkFaucet,3,1300333,0,distance_progress,8,-0.041947614751703846,0.6403204201067971,0.0
robocasa/TurnOnSinkFaucet,3,1300333,0,oracle_real_utility,1,-0.05260035623924142,0.4181428965036469,0.0
robocasa/TurnOnSinkFaucet,3,1300333,0,oracle_real_utility,2,-0.044346688496738555,0.5902844491563412,0.0
robocasa/TurnOnSinkFaucet,3,1300333,0,oracle_real_utility,4,-0.03664648197946848,0.750882809422696,0.0
robocasa/TurnOnSinkFaucet,3,1300333,0,oracle_real_utility,8,-0.030408278184907815,0.880989099191269,0.0
robocasa/TurnOnSinkFaucet,3,1310340,1,random,1,-0.055409883216274845,0.6573015966085953,0.0
robocasa/TurnOnSinkFaucet,3,1310340,1,random,2,-0.05603399659173994,0.6469365443503533,0.0
robocasa/TurnOnSinkFaucet,3,1310340,1,random,4,-0.05500660321553676,0.6639991269719515,0.0
robocasa/TurnOnSinkFaucet,3,1310340,1,random,8,-0.05287956693360321,0.699324186623155,0.0
robocasa/TurnOnSinkFaucet,3,1310340,1,learned_wam,1,-0.055409883216274845,0.6573015966085953,0.0
robocasa/TurnOnSinkFaucet,3,1310340,1,learned_wam,2,-0.046757381552135345,0.8009992570641185,0.0
robocasa/TurnOnSinkFaucet,3,1310340,1,learned_wam,4,-0.0417133985473176,0.8847679271325353,0.0
robocasa/TurnOnSinkFaucet,3,1310340,1,learned_wam,8,-0.03827849725241318,0.9418135422774704,0.0
robocasa/TurnOnSinkFaucet,3,1310340,1,learned_physics_score,1,-0.055409883216274845,0.6573015966085953,0.0
robocasa/TurnOnSinkFaucet,3,1310340,1,learned_physics_score,2,-0.046757381552135345,0.8009992570641185,0.0
robocasa/TurnOnSinkFaucet,3,1310340,1,learned_physics_score,4,-0.0417133985473176,0.8847679271325353,0.0
robocasa/TurnOnSinkFaucet,3,1310340,1,learned_physics_score,8,-0.03827849725241318,0.9418135422774704,0.0
robocasa/TurnOnSinkFaucet,3,1310340,1,learned_energy_regularized,1,-0.055409883216274845,0.6573015966085954,0.0
robocasa/TurnOnSinkFaucet,3,1310340,1,learned_energy_regularized,2,-0.047561079644241784,0.7876517259070992,0.0
robocasa/TurnOnSinkFaucet,3,1310340,1,learned_energy_regularized,4,-0.043870017044997225,0.8489515765970528,0.0
robocasa/TurnOnSinkFaucet,3,1310340,1,learned_energy_regularized,8,-0.04073960844039563,0.9009402857833715,0.0
robocasa/TurnOnSinkFaucet,3,1310340,1,predicted_progress,1,-0.05540988321627485,0.6573015966085953,0.0
robocasa/TurnOnSinkFaucet,3,1310340,1,predicted_progress,2,-0.05251776091574811,0.7053329318765635,0.0
robocasa/TurnOnSinkFaucet,3,1310340,1,predicted_progress,4,-0.047492610010195856,0.7887888451596068,0.0
robocasa/TurnOnSinkFaucet,3,1310340,1,predicted_progress,8,-0.0413588103241153,0.8906568018276342,0.0
robocasa/TurnOnSinkFaucet,3,1310340,1,predicted_success,1,-0.05540988321627485,0.6573015966085953,0.0
robocasa/TurnOnSinkFaucet,3,1310340,1,predicted_success,2,-0.05540988321627485,0.6573015966085953,0.0
robocasa/TurnOnSinkFaucet,3,1310340,1,predicted_success,4,-0.05540988321627485,0.6573015966085953,0.0
robocasa/TurnOnSinkFaucet,3,1310340,1,predicted_success,8,-0.05540988321627485,0.6573015966085953,0.0
robocasa/TurnOnSinkFaucet,3,1310340,1,low_energy,1,-0.055409883216274845,0.6573015966085954,0.0
robocasa/TurnOnSinkFaucet,3,1310340,1,low_energy,2,-0.047561079644241784,0.7876517259070992,0.0
robocasa/TurnOnSinkFaucet,3,1310340,1,low_energy,4,-0.043870017044997225,0.8489515765970528,0.0
robocasa/TurnOnSinkFaucet,3,1310340,1,low_energy,8,-0.04073960844039563,0.9009402857833715,0.0
robocasa/TurnOnSinkFaucet,3,1310340,1,distance_progress,1,-0.055409883216274845,0.6573015966085953,0.0
robocasa/TurnOnSinkFaucet,3,1310340,1,distance_progress,2,-0.04816104307732794,0.7776877472752709,0.0
robocasa/TurnOnSinkFaucet,3,1310340,1,distance_progress,4,-0.04092275679977182,0.8978986231775494,0.0
robocasa/TurnOnSinkFaucet,3,1310340,1,distance_progress,8,-0.03671766359675581,0.9677353107306074,0.0
robocasa/TurnOnSinkFaucet,3,1310340,1,oracle_real_utility,1,-0.055409883216274845,0.6573015966085953,0.0
robocasa/TurnOnSinkFaucet,3,1310340,1,oracle_real_utility,2,-0.04591033486607228,0.8150667062029419,0.0
robocasa/TurnOnSinkFaucet,3,1310340,1,oracle_real_utility,4,-0.040081007856167576,0.9118780892998328,0.0
robocasa/TurnOnSinkFaucet,3,1310340,1,oracle_real_utility,8,-0.03660867723099903,0.9695453174071396,0.0
robocasa/CloseDrawer,4,1400336,0,random,1,-0.05288615628777867,0.38204394845841594,0.0
robocasa/CloseDrawer,4,1400336,0,random,2,-0.05170010236545007,0.42637057664048517,0.0
robocasa/CloseDrawer,4,1400336,0,random,4,-0.050806263280946805,0.45977620180429657,0.0
robocasa/CloseDrawer,4,1400336,0,random,8,-0.048854394905723665,0.5327237652329386,0.0
robocasa/CloseDrawer,4,1400336,0,learned_wam,1,-0.05288615628777867,0.38204394845841594,0.0
robocasa/CloseDrawer,4,1400336,0,learned_wam,2,-0.04896720972974425,0.5285075144675706,0.0
robocasa/CloseDrawer,4,1400336,0,learned_wam,4,-0.04420669195171259,0.7064232883867227,0.0
robocasa/CloseDrawer,4,1400336,0,learned_wam,8,-0.040046448428075365,0.8619048936893504,0.0
robocasa/CloseDrawer,4,1400336,0,learned_physics_score,1,-0.05288615628777867,0.38204394845841594,0.0
robocasa/CloseDrawer,4,1400336,0,learned_physics_score,2,-0.04896720972974425,0.5285075144675706,0.0
robocasa/CloseDrawer,4,1400336,0,learned_physics_score,4,-0.04420669195171259,0.7064232883867227,0.0
robocasa/CloseDrawer,4,1400336,0,learned_physics_score,8,-0.040046448428075365,0.8619048936893504,0.0
robocasa/CloseDrawer,4,1400336,0,learned_energy_regularized,1,-0.05288615628777867,0.38204394845841594,0.0
robocasa/CloseDrawer,4,1400336,0,learned_energy_regularized,2,-0.04965601650930132,0.5027646022509236,0.0
robocasa/CloseDrawer,4,1400336,0,learned_energy_regularized,4,-0.045616763063324475,0.6537244214144843,0.0
robocasa/CloseDrawer,4,1400336,0,learned_energy_regularized,8,-0.04154809148890584,0.8057836901196737,0.0
robocasa/CloseDrawer,4,1400336,0,predicted_progress,1,-0.052886156287778666,0.38204394845841594,0.0
robocasa/CloseDrawer,4,1400336,0,predicted_progress,2,-0.05206691291725534,0.4126616932271501,0.0
robocasa/CloseDrawer,4,1400336,0,predicted_progress,4,-0.05114375740889471,0.4471629669070101,0.0
robocasa/CloseDrawer,4,1400336,0,predicted_progress,8,-0.050166488925542596,0.48368661552035047,0.0
robocasa/CloseDrawer,4,1400336,0,predicted_success,1,-0.05288615628777867,0.38204394845841594,0.0
robocasa/CloseDrawer,4,1400336,0,predicted_success,2,-0.05288615628777867,0.38204394845841594,0.0
robocasa/CloseDrawer,4,1400336,0,predicted_success,4,-0.05288615628777867,0.38204394845841594,0.0
robocasa/CloseDrawer,4,1400336,0,predicted_success,8,-0.05288615628777867,0.38204394845841594,0.0
robocasa/CloseDrawer,4,1400336,0,low_energy,1,-0.05288615628777867,0.38204394845841594,0.0
robocasa/CloseDrawer,4,1400336,0,low_energy,2,-0.04965601650930132,0.5027646022509236,0.0
robocasa/CloseDrawer,4,1400336,0,low_energy,4,-0.045616763063324475,0.6537244214144843,0.0
robocasa/CloseDrawer,4,1400336,0,low_energy,8,-0.04154809148890584,0.8057836901196737,0.0
robocasa/CloseDrawer,4,1400336,0,distance_progress,1,-0.05288615628777867,0.382043948458416,0.0
robocasa/CloseDrawer,4,1400336,0,distance_progress,2,-0.05203940681666754,0.4136896841730423,0.0
robocasa/CloseDrawer,4,1400336,0,distance_progress,4,-0.052208592735441685,0.40736666531701976,0.0
robocasa/CloseDrawer,4,1400336,0,distance_progress,8,-0.052430514401353726,0.3990727429369015,0.0
robocasa/CloseDrawer,4,1400336,0,oracle_real_utility,1,-0.05288615628777867,0.38204394845841594,0.0
robocasa/CloseDrawer,4,1400336,0,oracle_real_utility,2,-0.048426335606180676,0.5487217102281093,0.0
robocasa/CloseDrawer,4,1400336,0,oracle_real_utility,4,-0.04383940879043561,0.7201498347274624,0.0
robocasa/CloseDrawer,4,1400336,0,oracle_real_utility,8,-0.039910715821669926,0.8669776552755222,0.0
robocasa/CloseDrawer,4,1410343,1,random,1,-0.05316609002670264,0.3959427612847937,0.0
robocasa/CloseDrawer,4,1410343,1,random,2,-0.051757502426200794,0.4409571731297315,0.0
robocasa/CloseDrawer,4,1410343,1,random,4,-0.04731402671368491,0.5829578876574645,0.0
robocasa/CloseDrawer,4,1410343,1,random,8,-0.041881339527667275,0.7565709581750424,0.0
robocasa/CloseDrawer,4,1410343,1,learned_wam,1,-0.053166090026702646,0.3959427612847937,0.0
robocasa/CloseDrawer,4,1410343,1,learned_wam,2,-0.04804546699331227,0.5595831582651344,0.0
robocasa/CloseDrawer,4,1410343,1,learned_wam,4,-0.04524332472914974,0.6491315724938118,0.0
robocasa/CloseDrawer,4,1410343,1,learned_wam,8,-0.046469238497942274,0.6099548913593575,0.0
robocasa/CloseDrawer,4,1410343,1,learned_physics_score,1,-0.053166090026702646,0.3959427612847937,0.0
robocasa/CloseDrawer,4,1410343,1,learned_physics_score,2,-0.04804546699331227,0.5595831582651344,0.0
robocasa/CloseDrawer,4,1410343,1,learned_physics_score,4,-0.04524332472914974,0.6491315724938118,0.0
robocasa/CloseDrawer,4,1410343,1,learned_physics_score,8,-0.046469238497942274,0.6099548913593575,0.0
robocasa/CloseDrawer,4,1410343,1,learned_energy_regularized,1,-0.053166090026702646,0.3959427612847937,0.0
robocasa/CloseDrawer,4,1410343,1,learned_energy_regularized,2,-0.04807793373522344,0.558545614493535,0.0
robocasa/CloseDrawer,4,1410343,1,learned_energy_regularized,4,-0.043915788800422906,0.6915558058275222,0.0
robocasa/CloseDrawer,4,1410343,1,learned_energy_regularized,8,-0.04123571322617025,0.777203319430499,0.0
robocasa/CloseDrawer,4,1410343,1,predicted_progress,1,-0.053166090026702646,0.3959427612847937,0.0
robocasa/CloseDrawer,4,1410343,1,predicted_progress,2,-0.04893569596988735,0.5311339984304382,0.0
robocasa/CloseDrawer,4,1410343,1,predicted_progress,4,-0.04694705630868985,0.5946852072359314,0.0
robocasa/CloseDrawer,4,1410343,1,predicted_progress,8,-0.04858405231642979,0.5423715190743499,0.0
robocasa/CloseDrawer,4,1410343,1,predicted_success,1,-0.05316609002670264,0.3959427612847937,0.0
robocasa/CloseDrawer,4,1410343,1,predicted_success,2,-0.05316609002670264,0.3959427612847937,0.0
robocasa/CloseDrawer,4,1410343,1,predicted_success,4,-0.05316609002670264,0.3959427612847937,0.0
robocasa/CloseDrawer,4,1410343,1,predicted_success,8,-0.05316609002670264,0.3959427612847937,0.0
robocasa/CloseDrawer,4,1410343,1,low_energy,1,-0.053166090026702646,0.3959427612847937,0.0
robocasa/CloseDrawer,4,1410343,1,low_energy,2,-0.04807793373522344,0.558545614493535,0.0
robocasa/CloseDrawer,4,1410343,1,low_energy,4,-0.043915788800422906,0.6915558058275222,0.0
robocasa/CloseDrawer,4,1410343,1,low_energy,8,-0.04123571322617025,0.777203319430499,0.0
robocasa/CloseDrawer,4,1410343,1,distance_progress,1,-0.053166090026702646,0.3959427612847937,0.0
robocasa/CloseDrawer,4,1410343,1,distance_progress,2,-0.04921803420467542,0.5221112798037838,0.0
robocasa/CloseDrawer,4,1410343,1,distance_progress,4,-0.044850520259380064,0.6616844745429602,0.0
robocasa/CloseDrawer,4,1410343,1,distance_progress,8,-0.0397617046629452,0.8243083972434355,0.0
robocasa/CloseDrawer,4,1410343,1,oracle_real_utility,1,-0.053166090026702646,0.3959427612847937,0.0
robocasa/CloseDrawer,4,1410343,1,oracle_real_utility,2,-0.04698206875694847,0.5935663100050803,0.0
robocasa/CloseDrawer,4,1410343,1,oracle_real_utility,4,-0.04122173233827806,0.7776501084305675,0.0
robocasa/CloseDrawer,4,1410343,1,oracle_real_utility,8,-0.03728994500144049,0.9032987329137449,0.0
robocasa/CloseCabinet,5,1500339,0,random,1,-0.05560265317416645,0.3718090612368731,0.0
robocasa/CloseCabinet,5,1500339,0,random,2,-0.05466541848263325,0.3922301278514439,0.0
robocasa/CloseCabinet,5,1500339,0,random,4,-0.04928703946751511,0.5094176766461491,0.0
robocasa/CloseCabinet,5,1500339,0,random,8,-0.0454289475290995,0.59348024196865,0.0
robocasa/CloseCabinet,5,1500339,0,learned_wam,1,-0.05560265317416645,0.3718090612368732,0.0
robocasa/CloseCabinet,5,1500339,0,learned_wam,2,-0.05143209439687459,0.4626798531318434,0.0
robocasa/CloseCabinet,5,1500339,0,learned_wam,4,-0.04512497430564473,0.6001034042366418,0.0
robocasa/CloseCabinet,5,1500339,0,learned_wam,8,-0.039213869852739607,0.7288983142937943,0.0
robocasa/CloseCabinet,5,1500339,0,learned_physics_score,1,-0.05560265317416645,0.3718090612368732,0.0
robocasa/CloseCabinet,5,1500339,0,learned_physics_score,2,-0.05143209439687459,0.4626798531318434,0.0
robocasa/CloseCabinet,5,1500339,0,learned_physics_score,4,-0.04512497430564473,0.6001034042366418,0.0
robocasa/CloseCabinet,5,1500339,0,learned_physics_score,8,-0.039213869852739607,0.7288983142937943,0.0
robocasa/CloseCabinet,5,1500339,0,learned_energy_regularized,1,-0.05560265317416645,0.3718090612368732,0.0
robocasa/CloseCabinet,5,1500339,0,learned_energy_regularized,2,-0.04721709290187453,0.5545189912767449,0.0
robocasa/CloseCabinet,5,1500339,0,learned_energy_regularized,4,-0.04032620531689616,0.7046620404805283,0.0
robocasa/CloseCabinet,5,1500339,0,learned_energy_regularized,8,-0.037465784422042944,0.7669867134436594,0.0
robocasa/CloseCabinet,5,1500339,0,predicted_progress,1,-0.05560265317416645,0.37180906123687313,0.0
robocasa/CloseCabinet,5,1500339,0,predicted_progress,2,-0.05924634283521085,0.29241802933931477,0.0
robocasa/CloseCabinet,5,1500339,0,predicted_progress,4,-0.06380962545909907,0.19299032005222883,0.0
robocasa/CloseCabinet,5,1500339,0,predicted_progress,8,-0.06894200685133771,0.08116272420125287,0.0
robocasa/CloseCabinet,5,1500339,0,predicted_success,1,-0.05560265317416646,0.37180906123687313,0.0
robocasa/CloseCabinet,5,1500339,0,predicted_success,2,-0.05560265317416646,0.37180906123687313,0.0
robocasa/CloseCabinet,5,1500339,0,predicted_success,4,-0.05560265317416646,0.37180906123687313,0.0
robocasa/CloseCabinet,5,1500339,0,predicted_success,8,-0.05560265317416646,0.37180906123687313,0.0
robocasa/CloseCabinet,5,1500339,0,low_energy,1,-0.05560265317416645,0.37180906123687313,0.0
robocasa/CloseCabinet,5,1500339,0,low_energy,2,-0.04682680532086525,0.563022825761992,0.0
robocasa/CloseCabinet,5,1500339,0,low_energy,4,-0.038527223498181544,0.7438594025609646,0.0
robocasa/CloseCabinet,5,1500339,0,low_energy,8,-0.032309054075754524,0.8793448398193134,0.0
robocasa/CloseCabinet,5,1500339,0,distance_progress,1,-0.055602653174166454,0.37180906123687313,0.0
robocasa/CloseCabinet,5,1500339,0,distance_progress,2,-0.04904066282975199,0.5147858878076503,0.0
robocasa/CloseCabinet,5,1500339,0,distance_progress,4,-0.04199104439586619,0.6683874658821729,0.0
robocasa/CloseCabinet,5,1500339,0,distance_progress,8,-0.03447630577707238,0.8321233788949917,0.0
robocasa/CloseCabinet,5,1500339,0,oracle_real_utility,1,-0.05560265317416645,0.37180906123687313,0.0
robocasa/CloseCabinet,5,1500339,0,oracle_real_utility,2,-0.04647454095739874,0.5706981861570722,0.0
robocasa/CloseCabinet,5,1500339,0,oracle_real_utility,4,-0.03771606454448452,0.7615334506708938,0.0
robocasa/CloseCabinet,5,1500339,0,oracle_real_utility,8,-0.03168286842286858,0.8929885717961503,0.0
robocasa/CloseCabinet,5,1510346,1,random,1,-0.0549855188140285,0.5048319547422673,0.0
robocasa/CloseCabinet,5,1510346,1,random,2,-0.05139106103497333,0.6655967066864897,0.0
robocasa/CloseCabinet,5,1510346,1,random,4,-0.0488237273704613,0.7804225817150787,0.0
robocasa/CloseCabinet,5,1510346,1,random,8,-0.04721479550160755,0.8523832357805213,0.0
robocasa/CloseCabinet,5,1510346,1,learned_wam,1,-0.054985518814028495,0.5048319547422674,0.0
robocasa/CloseCabinet,5,1510346,1,learned_wam,2,-0.05177490432716023,0.6484290348297064,0.0
robocasa/CloseCabinet,5,1510346,1,learned_wam,4,-0.05022632677481414,0.7176902979665212,0.0
robocasa/CloseCabinet,5,1510346,1,learned_wam,8,-0.04933486632105761,0.7575615184747571,0.0
robocasa/CloseCabinet,5,1510346,1,learned_physics_score,1,-0.054985518814028495,0.5048319547422674,0.0
robocasa/CloseCabinet,5,1510346,1,learned_physics_score,2,-0.05177490432716023,0.6484290348297064,0.0
robocasa/CloseCabinet,5,1510346,1,learned_physics_score,4,-0.05022632677481414,0.7176902979665212,0.0
robocasa/CloseCabinet,5,1510346,1,learned_physics_score,8,-0.04933486632105761,0.7575615184747571,0.0
robocasa/CloseCabinet,5,1510346,1,learned_energy_regularized,1,-0.054985518814028495,0.5048319547422673,0.0
robocasa/CloseCabinet,5,1510346,1,learned_energy_regularized,2,-0.05087279510914272,0.6887765291044347,0.0
robocasa/CloseCabinet,5,1510346,1,learned_energy_regularized,4,-0.047280349311128886,0.8494512937256986,0.0
robocasa/CloseCabinet,5,1510346,1,learned_energy_regularized,8,-0.04494357312044098,0.9539653171854079,0.0
robocasa/CloseCabinet,5,1510346,1,predicted_progress,1,-0.054985518814028495,0.5048319547422673,0.0
robocasa/CloseCabinet,5,1510346,1,predicted_progress,2,-0.05438424109673452,0.531724540220281,0.0
robocasa/CloseCabinet,5,1510346,1,predicted_progress,4,-0.055290082456064885,0.4912101231969042,0.0
robocasa/CloseCabinet,5,1510346,1,predicted_progress,8,-0.05723383705399065,0.4042742777971239,0.0
robocasa/CloseCabinet,5,1510346,1,predicted_success,1,-0.054985518814028495,0.5048319547422673,0.0
robocasa/CloseCabinet,5,1510346,1,predicted_success,2,-0.054985518814028495,0.5048319547422673,0.0
robocasa/CloseCabinet,5,1510346,1,predicted_success,4,-0.054985518814028495,0.5048319547422673,0.0
robocasa/CloseCabinet,5,1510346,1,predicted_success,8,-0.054985518814028495,0.5048319547422673,0.0
robocasa/CloseCabinet,5,1510346,1,low_energy,1,-0.0549855188140285,0.5048319547422673,0.0
robocasa/CloseCabinet,5,1510346,1,low_energy,2,-0.05181755400142079,0.6465214969687935,0.0
robocasa/CloseCabinet,5,1510346,1,low_energy,4,-0.04901813906361523,0.7717273766115251,0.0
robocasa/CloseCabinet,5,1510346,1,low_energy,8,-0.04590561436132433,0.9109373193739052,0.0
robocasa/CloseCabinet,5,1510346,1,distance_progress,1,-0.054985518814028495,0.5048319547422674,0.0
robocasa/CloseCabinet,5,1510346,1,distance_progress,2,-0.05503944774568835,0.5024199438483201,0.0
robocasa/CloseCabinet,5,1510346,1,distance_progress,4,-0.05750216232052868,0.3922732340884689,0.0
robocasa/CloseCabinet,5,1510346,1,distance_progress,8,-0.06074576731804844,0.24720062929399161,0.0
robocasa/CloseCabinet,5,1510346,1,oracle_real_utility,1,-0.054985518814028495,0.5048319547422673,0.0
robocasa/CloseCabinet,5,1510346,1,oracle_real_utility,2,-0.050167400018507835,0.7203258402215063,0.0
robocasa/CloseCabinet,5,1510346,1,oracle_real_utility,4,-0.046423518167836256,0.8877736930072202,0.0
robocasa/CloseCabinet,5,1510346,1,oracle_real_utility,8,-0.044505597390526695,0.9735541018937841,0.0
robocasa/CloseMicrowave,6,1600342,0,random,1,-0.05629093590537307,0.5609086498229346,0.0
robocasa/CloseMicrowave,6,1600342,0,random,2,-0.05438422811928881,0.6060394329136689,0.0
robocasa/CloseMicrowave,6,1600342,0,random,4,-0.053833280228203995,0.6190800833732288,0.0
robocasa/CloseMicrowave,6,1600342,0,random,8,-0.04961895586215372,0.7188309525028973,0.0
robocasa/CloseMicrowave,6,1600342,0,learned_wam,1,-0.05629093590537308,0.5609086498229346,0.0
robocasa/CloseMicrowave,6,1600342,0,learned_wam,2,-0.051964699350435725,0.6633084223444775,0.0
robocasa/CloseMicrowave,6,1600342,0,learned_wam,4,-0.05217330954978932,0.6583707272628014,0.0
robocasa/CloseMicrowave,6,1600342,0,learned_wam,8,-0.05370849490925148,0.6220336870683811,0.0
robocasa/CloseMicrowave,6,1600342,0,learned_physics_score,1,-0.05629093590537308,0.5609086498229346,0.0
robocasa/CloseMicrowave,6,1600342,0,learned_physics_score,2,-0.051964699350435725,0.6633084223444775,0.0
robocasa/CloseMicrowave,6,1600342,0,learned_physics_score,4,-0.05217330954978932,0.6583707272628014,0.0
robocasa/CloseMicrowave,6,1600342,0,learned_physics_score,8,-0.05370849490925148,0.6220336870683811,0.0
robocasa/CloseMicrowave,6,1600342,0,learned_energy_regularized,1,-0.05629093590537307,0.5609086498229346,0.0
robocasa/CloseMicrowave,6,1600342,0,learned_energy_regularized,2,-0.05068580164183713,0.6935792669401946,0.0
robocasa/CloseMicrowave,6,1600342,0,learned_energy_regularized,4,-0.04929086432645345,0.72659670876595,0.0
robocasa/CloseMicrowave,6,1600342,0,learned_energy_regularized,8,-0.051049992510499,0.684959058213319,0.0
robocasa/CloseMicrowave,6,1600342,0,predicted_progress,1,-0.05629093590537307,0.5609086498229346,0.0
robocasa/CloseMicrowave,6,1600342,0,predicted_progress,2,-0.053471294508345896,0.6276480973731136,0.0
robocasa/CloseMicrowave,6,1600342,0,predicted_progress,4,-0.05348231165382706,0.6273873272610815,0.0
robocasa/CloseMicrowave,6,1600342,0,predicted_progress,8,-0.05436279884187914,0.6065466527811418,0.0
robocasa/CloseMicrowave,6,1600342,0,predicted_success,1,-0.056290935905373075,0.5609086498229346,0.0
robocasa/CloseMicrowave,6,1600342,0,predicted_success,2,-0.056290935905373075,0.5609086498229346,0.0
robocasa/CloseMicrowave,6,1600342,0,predicted_success,4,-0.056290935905373075,0.5609086498229346,0.0
robocasa/CloseMicrowave,6,1600342,0,predicted_success,8,-0.056290935905373075,0.5609086498229346,0.0
robocasa/CloseMicrowave,6,1600342,0,low_energy,1,-0.05629093590537307,0.5609086498229346,0.0
robocasa/CloseMicrowave,6,1600342,0,low_energy,2,-0.05013260553533815,0.7066731314910475,0.0
robocasa/CloseMicrowave,6,1600342,0,low_energy,4,-0.04765217556291125,0.7653836207827754,0.0
robocasa/CloseMicrowave,6,1600342,0,low_energy,8,-0.046926893966999145,0.7825506594993019,0.0
robocasa/CloseMicrowave,6,1600342,0,distance_progress,1,-0.05629093590537307,0.5609086498229346,0.0
robocasa/CloseMicrowave,6,1600342,0,distance_progress,2,-0.05038217186008406,0.7007660261909792,0.0
robocasa/CloseMicrowave,6,1600342,0,distance_progress,4,-0.04528411074262732,0.8214344852775981,0.0
robocasa/CloseMicrowave,6,1600342,0,distance_progress,8,-0.04125912055139912,0.9167039128156811,0.0
robocasa/CloseMicrowave,6,1600342,0,oracle_real_utility,1,-0.05629093590537307,0.5609086498229346,0.0
robocasa/CloseMicrowave,6,1600342,0,oracle_real_utility,2,-0.04863827977832635,0.7420430461149847,0.0
robocasa/CloseMicrowave,6,1600342,0,oracle_real_utility,4,-0.043613292121817505,0.8609818943300283,0.0
robocasa/CloseMicrowave,6,1600342,0,oracle_real_utility,8,-0.040478177521150446,0.9351884287764379,0.0
robocasa/CloseMicrowave,6,1610349,1,random,1,-0.05157315326532076,0.5767925718203875,0.0
robocasa/CloseMicrowave,6,1610349,1,random,2,-0.058172537087035785,0.4734759262617631,0.0
robocasa/CloseMicrowave,6,1610349,1,random,4,-0.06336284565493748,0.3922190566604986,0.0
robocasa/CloseMicrowave,6,1610349,1,random,8,-0.06857466365930587,0.3106254461022555,0.0
robocasa/CloseMicrowave,6,1610349,1,learned_wam,1,-0.05157315326532077,0.5767925718203873,0.0
robocasa/CloseMicrowave,6,1610349,1,learned_wam,2,-0.04145179754164316,0.735247444294254,0.0
robocasa/CloseMicrowave,6,1610349,1,learned_wam,4,-0.03455769528380283,0.8431780539785229,0.0
robocasa/CloseMicrowave,6,1610349,1,learned_wam,8,-0.030453647145664467,0.9074289747157533,0.0
robocasa/CloseMicrowave,6,1610349,1,learned_physics_score,1,-0.05157315326532077,0.5767925718203873,0.0
robocasa/CloseMicrowave,6,1610349,1,learned_physics_score,2,-0.04145179754164316,0.735247444294254,0.0
robocasa/CloseMicrowave,6,1610349,1,learned_physics_score,4,-0.03455769528380283,0.8431780539785229,0.0
robocasa/CloseMicrowave,6,1610349,1,learned_physics_score,8,-0.030453647145664467,0.9074289747157533,0.0
robocasa/CloseMicrowave,6,1610349,1,learned_energy_regularized,1,-0.05157315326532077,0.5767925718203875,0.0
robocasa/CloseMicrowave,6,1610349,1,learned_energy_regularized,2,-0.04035548740314754,0.7524107263613735,0.0
robocasa/CloseMicrowave,6,1610349,1,learned_energy_regularized,4,-0.03397634983099137,0.8522793070224215,0.0
robocasa/CloseMicrowave,6,1610349,1,learned_energy_regularized,8,-0.02982813160343059,0.9172217325419822,0.0
robocasa/CloseMicrowave,6,1610349,1,predicted_progress,1,-0.05157315326532076,0.5767925718203873,0.0
robocasa/CloseMicrowave,6,1610349,1,predicted_progress,2,-0.05104766516845624,0.5850193500948049,0.0
robocasa/CloseMicrowave,6,1610349,1,predicted_progress,4,-0.048665463989978223,0.6223138978064107,0.0
robocasa/CloseMicrowave,6,1610349,1,predicted_progress,8,-0.04201184752910436,0.7264795823827758,0.0
robocasa/CloseMicrowave,6,1610349,1,predicted_success,1,-0.05157315326532076,0.5767925718203873,0.0
robocasa/CloseMicrowave,6,1610349,1,predicted_success,2,-0.05157315326532076,0.5767925718203873,0.0
robocasa/CloseMicrowave,6,1610349,1,predicted_success,4,-0.05157315326532076,0.5767925718203873,0.0
robocasa/CloseMicrowave,6,1610349,1,predicted_success,8,-0.05157315326532076,0.5767925718203873,0.0
robocasa/CloseMicrowave,6,1610349,1,low_energy,1,-0.05157315326532077,0.5767925718203873,0.0
robocasa/CloseMicrowave,6,1610349,1,low_energy,2,-0.04003091251821242,0.75749210808579,0.0
robocasa/CloseMicrowave,6,1610349,1,low_energy,4,-0.033210555961847577,0.8642681920284668,0.0
robocasa/CloseMicrowave,6,1610349,1,low_energy,8,-0.02923140159866464,0.926563838420676,0.0
robocasa/CloseMicrowave,6,1610349,1,distance_progress,1,-0.05157315326532077,0.5767925718203873,0.0
robocasa/CloseMicrowave,6,1610349,1,distance_progress,2,-0.04007444107445178,0.7568106468254427,0.0
robocasa/CloseMicrowave,6,1610349,1,distance_progress,4,-0.03392853511191707,0.8530278702999248,0.0
robocasa/CloseMicrowave,6,1610349,1,distance_progress,8,-0.03230054742804375,0.8785148295452858,0.0
robocasa/CloseMicrowave,6,1610349,1,oracle_real_utility,1,-0.05157315326532077,0.5767925718203873,0.0
robocasa/CloseMicrowave,6,1610349,1,oracle_real_utility,2,-0.039742828657245904,0.76200220462794,0.0
robocasa/CloseMicrowave,6,1610349,1,oracle_real_utility,4,-0.032482113930288055,0.8756723153857109,0.0
robocasa/CloseMicrowave,6,1610349,1,oracle_real_utility,8,-0.028334125271022286,0.9406111468991026,0.0
robocasa/TurnOffSinkFaucet,7,1700345,0,random,1,-0.05380429677575732,0.46883809431848883,0.0
robocasa/TurnOffSinkFaucet,7,1700345,0,random,2,-0.05137078709213095,0.5007293221755057,0.0
robocasa/TurnOffSinkFaucet,7,1700345,0,random,4,-0.05090124191904154,0.5068827277710989,0.0
robocasa/TurnOffSinkFaucet,7,1700345,0,random,8,-0.0524307990671882,0.48683782889106497,0.0
robocasa/TurnOffSinkFaucet,7,1700345,0,learned_wam,1,-0.05380429677575732,0.46883809431848883,0.0
robocasa/TurnOffSinkFaucet,7,1700345,0,learned_wam,2,-0.043292818420523356,0.606591378637178,0.0
robocasa/TurnOffSinkFaucet,7,1700345,0,learned_wam,4,-0.03343687287132387,0.7357538830523982,0.0
robocasa/TurnOffSinkFaucet,7,1700345,0,learned_wam,8,-0.023838678505993402,0.8615385493638743,0.0
robocasa/TurnOffSinkFaucet,7,1700345,0,learned_physics_score,1,-0.05380429677575732,0.46883809431848883,0.0
robocasa/TurnOffSinkFaucet,7,1700345,0,learned_physics_score,2,-0.043292818420523356,0.606591378637178,0.0
robocasa/TurnOffSinkFaucet,7,1700345,0,learned_physics_score,4,-0.03343687287132387,0.7357538830523982,0.0
robocasa/TurnOffSinkFaucet,7,1700345,0,learned_physics_score,8,-0.023838678505993402,0.8615385493638743,0.0
robocasa/TurnOffSinkFaucet,7,1700345,0,learned_energy_regularized,1,-0.05380429677575732,0.46883809431848883,0.0
robocasa/TurnOffSinkFaucet,7,1700345,0,learned_energy_regularized,2,-0.043292818420523356,0.606591378637178,0.0
robocasa/TurnOffSinkFaucet,7,1700345,0,learned_energy_regularized,4,-0.03343687287132387,0.7357538830523982,0.0
robocasa/TurnOffSinkFaucet,7,1700345,0,learned_energy_regularized,8,-0.023838678505993402,0.8615385493638743,0.0
robocasa/TurnOffSinkFaucet,7,1700345,0,predicted_progress,1,-0.05380429677575732,0.46883809431848883,0.0
robocasa/TurnOffSinkFaucet,7,1700345,0,predicted_progress,2,-0.049304005721767026,0.5278145629108917,0.0
robocasa/TurnOffSinkFaucet,7,1700345,0,predicted_progress,4,-0.03852752842440281,0.6690406674538878,0.0
robocasa/TurnOffSinkFaucet,7,1700345,0,predicted_progress,8,-0.02537438522030868,0.8414130602083116,0.0
robocasa/TurnOffSinkFaucet,7,1700345,0,predicted_success,1,-0.05380429677575732,0.4688380943184889,0.0
robocasa/TurnOffSinkFaucet,7,1700345,0,predicted_success,2,-0.05380429677575732,0.4688380943184889,0.0
robocasa/TurnOffSinkFaucet,7,1700345,0,predicted_success,4,-0.05380429677575732,0.4688380943184889,0.0
robocasa/TurnOffSinkFaucet,7,1700345,0,predicted_success,8,-0.05380429677575732,0.4688380943184889,0.0
robocasa/TurnOffSinkFaucet,7,1700345,0,low_energy,1,-0.053804296775757335,0.46883809431848883,0.0
robocasa/TurnOffSinkFaucet,7,1700345,0,low_energy,2,-0.0432187658359442,0.6075618402975959,0.0
robocasa/TurnOffSinkFaucet,7,1700345,0,low_energy,4,-0.033407946080472636,0.7361329696384988,0.0
robocasa/TurnOffSinkFaucet,7,1700345,0,low_energy,8,-0.023837823979212885,0.8615497479666374,0.0
robocasa/TurnOffSinkFaucet,7,1700345,0,distance_progress,1,-0.05380429677575732,0.4688380943184889,0.0
robocasa/TurnOffSinkFaucet,7,1700345,0,distance_progress,2,-0.0463434620019244,0.5666125898862622,0.0
robocasa/TurnOffSinkFaucet,7,1700345,0,distance_progress,4,-0.035185235268188716,0.7128415338843569,0.0
robocasa/TurnOffSinkFaucet,7,1700345,0,distance_progress,8,-0.024453880212428093,0.853476309903747,0.0
robocasa/TurnOffSinkFaucet,7,1700345,0,oracle_real_utility,1,-0.05380429677575732,0.46883809431848883,0.0
robocasa/TurnOffSinkFaucet,7,1700345,0,oracle_real_utility,2,-0.043125755948913165,0.6087807380567543,0.0
robocasa/TurnOffSinkFaucet,7,1700345,0,oracle_real_utility,4,-0.03325814477687067,0.7380961208593846,0.0
robocasa/TurnOffSinkFaucet,7,1700345,0,oracle_real_utility,8,-0.023747521352700265,0.8627331669838609,0.0
robocasa/TurnOffSinkFaucet,7,1710352,1,random,1,-0.03374791681622158,0.38751434739714546,0.0
robocasa/TurnOffSinkFaucet,7,1710352,1,random,2,-0.035523779819452525,0.3219150851939944,0.0
robocasa/TurnOffSinkFaucet,7,1710352,1,random,4,-0.037855359495604514,0.2357879986759688,0.0
robocasa/TurnOffSinkFaucet,7,1710352,1,random,8,-0.03880250614704237,0.20080099719023076,0.0
robocasa/TurnOffSinkFaucet,7,1710352,1,learned_wam,1,-0.03374791681622158,0.3875143473971455,0.0
robocasa/TurnOffSinkFaucet,7,1710352,1,learned_wam,2,-0.03096304021012748,0.4903859373532489,0.0
robocasa/TurnOffSinkFaucet,7,1710352,1,learned_wam,4,-0.026857088547717137,0.642057208845407,0.0
robocasa/TurnOffSinkFaucet,7,1710352,1,learned_wam,8,-0.021938150189508048,0.8237596974575492,0.0
robocasa/TurnOffSinkFaucet,7,1710352,1,learned_physics_score,1,-0.03374791681622158,0.3875143473971455,0.0
robocasa/TurnOffSinkFaucet,7,1710352,1,learned_physics_score,2,-0.03096304021012748,0.4903859373532489,0.0
robocasa/TurnOffSinkFaucet,7,1710352,1,learned_physics_score,4,-0.026857088547717137,0.642057208845407,0.0
robocasa/TurnOffSinkFaucet,7,1710352,1,learned_physics_score,8,-0.021938150189508048,0.8237596974575492,0.0
robocasa/TurnOffSinkFaucet,7,1710352,1,learned_energy_regularized,1,-0.03374791681622158,0.3875143473971455,0.0
robocasa/TurnOffSinkFaucet,7,1710352,1,learned_energy_regularized,2,-0.03292312872445221,0.4179815006604196,0.0
robocasa/TurnOffSinkFaucet,7,1710352,1,learned_energy_regularized,4,-0.029920493766703755,0.528896947142117,0.0
robocasa/TurnOffSinkFaucet,7,1710352,1,learned_energy_regularized,8,-0.024396847303539314,0.7329369727496046,0.0
robocasa/TurnOffSinkFaucet,7,1710352,1,predicted_progress,1,-0.03374791681622158,0.3875143473971455,0.0
robocasa/TurnOffSinkFaucet,7,1710352,1,predicted_progress,2,-0.030409290840502312,0.5108410907219387,0.0
robocasa/TurnOffSinkFaucet,7,1710352,1,predicted_progress,4,-0.025507126418503313,0.691923960682404,0.0
robocasa/TurnOffSinkFaucet,7,1710352,1,predicted_progress,8,-0.02105300395089627,0.8564564426958843,0.0
robocasa/TurnOffSinkFaucet,7,1710352,1,predicted_success,1,-0.03374791681622158,0.3875143473971455,0.0
robocasa/TurnOffSinkFaucet,7,1710352,1,predicted_success,2,-0.03374791681622158,0.3875143473971455,0.0
robocasa/TurnOffSinkFaucet,7,1710352,1,predicted_success,4,-0.03374791681622158,0.3875143473971455,0.0
robocasa/TurnOffSinkFaucet,7,1710352,1,predicted_success,8,-0.03374791681622158,0.3875143473971455,0.0
robocasa/TurnOffSinkFaucet,7,1710352,1,low_energy,1,-0.03374791681622158,0.3875143473971455,0.0
robocasa/TurnOffSinkFaucet,7,1710352,1,low_energy,2,-0.03292312872445221,0.4179815006604196,0.0
robocasa/TurnOffSinkFaucet,7,1710352,1,low_energy,4,-0.029920493766703755,0.528896947142117,0.0
robocasa/TurnOffSinkFaucet,7,1710352,1,low_energy,8,-0.024396847303539314,0.7329369727496046,0.0
robocasa/TurnOffSinkFaucet,7,1710352,1,distance_progress,1,-0.03374791681622158,0.3875143473971455,0.0
robocasa/TurnOffSinkFaucet,7,1710352,1,distance_progress,2,-0.029875225603786304,0.5305691246035958,0.0
robocasa/TurnOffSinkFaucet,7,1710352,1,distance_progress,4,-0.026417546758646125,0.658293606032607,0.0
robocasa/TurnOffSinkFaucet,7,1710352,1,distance_progress,8,-0.024838121143981116,0.7166365946743434,0.0
robocasa/TurnOffSinkFaucet,7,1710352,1,oracle_real_utility,1,-0.03374791681622158,0.3875143473971455,0.0
robocasa/TurnOffSinkFaucet,7,1710352,1,oracle_real_utility,2,-0.02939571075205699,0.5482821015796725,0.0
robocasa/TurnOffSinkFaucet,7,1710352,1,oracle_real_utility,4,-0.024984225692726125,0.7112395845532026,0.0
robocasa/TurnOffSinkFaucet,7,1710352,1,oracle_real_utility,8,-0.020992412253315763,0.8586946618882916,0.0
robocasa/TurnOnStove,8,1800348,0,random,1,-0.0645449557138235,0.5152525956993292,0.0
robocasa/TurnOnStove,8,1800348,0,random,2,-0.05827612324491465,0.6605985397434105,0.0
robocasa/TurnOnStove,8,1800348,0,random,4,-0.05217831370708953,0.8019792335603027,0.0
robocasa/TurnOnStove,8,1800348,0,random,8,-0.049658875181558045,0.8603936468933394,0.0
robocasa/TurnOnStove,8,1800348,0,learned_wam,1,-0.0645449557138235,0.5152525956993292,0.0
robocasa/TurnOnStove,8,1800348,0,learned_wam,2,-0.05640193862835374,0.7040524258949342,0.0
robocasa/TurnOnStove,8,1800348,0,learned_wam,4,-0.05079544518134278,0.8340417160656763,0.0
robocasa/TurnOnStove,8,1800348,0,learned_wam,8,-0.04933303888115059,0.8679483207375417,0.0
robocasa/TurnOnStove,8,1800348,0,learned_physics_score,1,-0.0645449557138235,0.5152525956993292,0.0
robocasa/TurnOnStove,8,1800348,0,learned_physics_score,2,-0.05640193862835374,0.7040524258949342,0.0
robocasa/TurnOnStove,8,1800348,0,learned_physics_score,4,-0.05079544518134278,0.8340417160656763,0.0
robocasa/TurnOnStove,8,1800348,0,learned_physics_score,8,-0.04933303888115059,0.8679483207375417,0.0
robocasa/TurnOnStove,8,1800348,0,learned_energy_regularized,1,-0.0645449557138235,0.5152525956993292,0.0
robocasa/TurnOnStove,8,1800348,0,learned_energy_regularized,2,-0.05757033178706137,0.676962659577321,0.0
robocasa/TurnOnStove,8,1800348,0,learned_energy_regularized,4,-0.05411004829476006,0.7571910232069246,0.0
robocasa/TurnOnStove,8,1800348,0,learned_energy_regularized,8,-0.05337188906541295,0.7743056056393661,0.0
robocasa/TurnOnStove,8,1800348,0,predicted_progress,1,-0.0645449557138235,0.5152525956993292,0.0
robocasa/TurnOnStove,8,1800348,0,predicted_progress,2,-0.057161900754898784,0.6864323326370163,0.0
robocasa/TurnOnStove,8,1800348,0,predicted_progress,4,-0.050958813290206864,0.8302539466321637,0.0
robocasa/TurnOnStove,8,1800348,0,predicted_progress,8,-0.04641148236489491,0.9356860361796698,0.0
robocasa/TurnOnStove,8,1800348,0,predicted_success,1,-0.0645449557138235,0.5152525956993292,0.0
robocasa/TurnOnStove,8,1800348,0,predicted_success,2,-0.0645449557138235,0.5152525956993292,0.0
robocasa/TurnOnStove,8,1800348,0,predicted_success,4,-0.0645449557138235,0.5152525956993292,0.0
robocasa/TurnOnStove,8,1800348,0,predicted_success,8,-0.0645449557138235,0.5152525956993292,0.0
robocasa/TurnOnStove,8,1800348,0,low_energy,1,-0.0645449557138235,0.5152525956993292,0.0
robocasa/TurnOnStove,8,1800348,0,low_energy,2,-0.06192554217792513,0.5759849785003105,0.0
robocasa/TurnOnStove,8,1800348,0,low_energy,4,-0.05804567566143927,0.6659415795740374,0.0
robocasa/TurnOnStove,8,1800348,0,low_energy,8,-0.0542341764250568,0.7543130518510324,0.0
robocasa/TurnOnStove,8,1800348,0,distance_progress,1,-0.0645449557138235,0.5152525956993292,0.0
robocasa/TurnOnStove,8,1800348,0,distance_progress,2,-0.05593920054492146,0.7147812344753492,0.0
robocasa/TurnOnStove,8,1800348,0,distance_progress,4,-0.04918610106514645,0.8713551458024674,0.0
robocasa/TurnOnStove,8,1800348,0,distance_progress,8,-0.04538556794804758,0.9594723632452999,0.0
robocasa/TurnOnStove,8,1800348,0,oracle_real_utility,1,-0.0645449557138235,0.5152525956993292,0.0
robocasa/TurnOnStove,8,1800348,0,oracle_real_utility,2,-0.0558235573955835,0.7174624774015432,0.0
robocasa/TurnOnStove,8,1800348,0,oracle_real_utility,4,-0.04901082941693109,0.8754189046124801,0.0
robocasa/TurnOnStove,8,1800348,0,oracle_real_utility,8,-0.045326870703321545,0.9608332875465642,0.0
robocasa/TurnOnStove,8,1810355,1,random,1,-0.046394486108542715,0.5265949079878903,0.0
robocasa/TurnOnStove,8,1810355,1,random,2,-0.046766072517989365,0.5185390727204616,0.0
robocasa/TurnOnStove,8,1810355,1,random,4,-0.0535430495163184,0.37161709462392445,0.0
robocasa/TurnOnStove,8,1810355,1,random,8,-0.0626188873444083,0.1748567917757476,0.0
robocasa/TurnOnStove,8,1810355,1,learned_wam,1,-0.046394486108542715,0.5265949079878904,0.0
robocasa/TurnOnStove,8,1810355,1,learned_wam,2,-0.038751352983549446,0.6922947824091932,0.0
robocasa/TurnOnStove,8,1810355,1,learned_wam,4,-0.03278137100439497,0.8217214518215765,0.0
robocasa/TurnOnStove,8,1810355,1,learned_wam,8,-0.028823357769726284,0.9075294948344388,0.0
robocasa/TurnOnStove,8,1810355,1,learned_physics_score,1,-0.046394486108542715,0.5265949079878904,0.0
robocasa/TurnOnStove,8,1810355,1,learned_physics_score,2,-0.038751352983549446,0.6922947824091932,0.0
robocasa/TurnOnStove,8,1810355,1,learned_physics_score,4,-0.03278137100439497,0.8217214518215765,0.0
robocasa/TurnOnStove,8,1810355,1,learned_physics_score,8,-0.028823357769726284,0.9075294948344388,0.0
robocasa/TurnOnStove,8,1810355,1,learned_energy_regularized,1,-0.046394486108542715,0.5265949079878904,0.0
robocasa/TurnOnStove,8,1810355,1,learned_energy_regularized,2,-0.03951892955475312,0.6756540489066879,0.0
robocasa/TurnOnStove,8,1810355,1,learned_energy_regularized,4,-0.03402910159854344,0.7946711833804909,0.0
robocasa/TurnOnStove,8,1810355,1,learned_energy_regularized,8,-0.02979974498770551,0.8863618353471698,0.0
robocasa/TurnOnStove,8,1810355,1,predicted_progress,1,-0.04639448610854271,0.5265949079878903,0.0
robocasa/TurnOnStove,8,1810355,1,predicted_progress,2,-0.041064230600133374,0.6421525796825939,0.0
robocasa/TurnOnStove,8,1810355,1,predicted_progress,4,-0.036147622113653154,0.7487425599257029,0.0
robocasa/TurnOnStove,8,1810355,1,predicted_progress,8,-0.032923035893796235,0.8186502172898975,0.0
robocasa/TurnOnStove,8,1810355,1,predicted_success,1,-0.046394486108542715,0.5265949079878903,0.0
robocasa/TurnOnStove,8,1810355,1,predicted_success,2,-0.046394486108542715,0.5265949079878903,0.0
robocasa/TurnOnStove,8,1810355,1,predicted_success,4,-0.046394486108542715,0.5265949079878903,0.0
robocasa/TurnOnStove,8,1810355,1,predicted_success,8,-0.046394486108542715,0.5265949079878903,0.0
robocasa/TurnOnStove,8,1810355,1,low_energy,1,-0.046394486108542715,0.5265949079878903,0.0
robocasa/TurnOnStove,8,1810355,1,low_energy,2,-0.04093869073969408,0.6448742304466812,0.0
robocasa/TurnOnStove,8,1810355,1,low_energy,4,-0.036770141635566946,0.7352466015380861,0.0
robocasa/TurnOnStove,8,1810355,1,low_energy,8,-0.035260440460696,0.7679762807153057,0.0
robocasa/TurnOnStove,8,1810355,1,distance_progress,1,-0.04639448610854271,0.5265949079878903,0.0
robocasa/TurnOnStove,8,1810355,1,distance_progress,2,-0.039936453651066,0.6666023041319331,0.0
robocasa/TurnOnStove,8,1810355,1,distance_progress,4,-0.03693668813166958,0.7316359443588631,0.0
robocasa/TurnOnStove,8,1810355,1,distance_progress,8,-0.035378325115226844,0.7654205915584487,0.0
robocasa/TurnOnStove,8,1810355,1,oracle_real_utility,1,-0.04639448610854271,0.5265949079878904,0.0
robocasa/TurnOnStove,8,1810355,1,oracle_real_utility,2,-0.03744798512568641,0.7205512430570454,0.0
robocasa/TurnOnStove,8,1810355,1,oracle_real_utility,4,-0.031094975546880094,0.8582817878729148,0.0
robocasa/TurnOnStove,8,1810355,1,oracle_real_utility,8,-0.0275025153465677,0.9361647966234417,0.0
robocasa/TurnOffStove,9,1900351,0,random,1,-0.059757156564581144,0.3183565729304553,0.0
robocasa/TurnOffStove,9,1900351,0,random,2,-0.052451500953395874,0.4402489510024609,0.0
robocasa/TurnOffStove,9,1900351,0,random,4,-0.04386972896217296,0.5834328966678358,0.0
robocasa/TurnOffStove,9,1900351,0,random,8,-0.03400268868052181,0.7480611064374452,0.0
robocasa/TurnOffStove,9,1900351,0,learned_wam,1,-0.059757156564581144,0.3183565729304552,0.0
robocasa/TurnOffStove,9,1900351,0,learned_wam,2,-0.05148402085103524,0.4563910273184498,0.0
robocasa/TurnOffStove,9,1900351,0,learned_wam,4,-0.04068269077056336,0.6366075444827186,0.0
robocasa/TurnOffStove,9,1900351,0,learned_wam,8,-0.029975027921387617,0.8152612557637444,0.0
robocasa/TurnOffStove,9,1900351,0,learned_physics_score,1,-0.059757156564581144,0.3183565729304552,0.0
robocasa/TurnOffStove,9,1900351,0,learned_physics_score,2,-0.05148402085103524,0.4563910273184498,0.0
robocasa/TurnOffStove,9,1900351,0,learned_physics_score,4,-0.04068269077056336,0.6366075444827186,0.0
robocasa/TurnOffStove,9,1900351,0,learned_physics_score,8,-0.029975027921387617,0.8152612557637444,0.0
robocasa/TurnOffStove,9,1900351,0,learned_energy_regularized,1,-0.05975715656458115,0.3183565729304553,0.0
robocasa/TurnOffStove,9,1900351,0,learned_energy_regularized,2,-0.0518477640240945,0.4503220962421249,0.0
robocasa/TurnOffStove,9,1900351,0,learned_energy_regularized,4,-0.0419160074667174,0.6160300750520544,0.0
robocasa/TurnOffStove,9,1900351,0,learned_energy_regularized,8,-0.031914985498233274,0.7828937236782622,0.0
robocasa/TurnOffStove,9,1900351,0,predicted_progress,1,-0.05975715656458115,0.3183565729304552,0.0
robocasa/TurnOffStove,9,1900351,0,predicted_progress,2,-0.054809782927286055,0.40090181869010433,0.0
robocasa/TurnOffStove,9,1900351,0,predicted_progress,4,-0.052023534390547174,0.4473894274849636,0.0
robocasa/TurnOffStove,9,1900351,0,predicted_progress,8,-0.05150798919495479,0.4559911236555495,0.0
robocasa/TurnOffStove,9,1900351,0,predicted_success,1,-0.05975715656458115,0.3183565729304553,0.0
robocasa/TurnOffStove,9,1900351,0,predicted_success,2,-0.05975715656458115,0.3183565729304553,0.0
robocasa/TurnOffStove,9,1900351,0,predicted_success,4,-0.05975715656458115,0.3183565729304553,0.0
robocasa/TurnOffStove,9,1900351,0,predicted_success,8,-0.05975715656458115,0.3183565729304553,0.0
robocasa/TurnOffStove,9,1900351,0,low_energy,1,-0.05975715656458115,0.3183565729304553,0.0
robocasa/TurnOffStove,9,1900351,0,low_energy,2,-0.05319366638913288,0.42786617323418985,0.0
robocasa/TurnOffStove,9,1900351,0,low_energy,4,-0.04452369329897927,0.5725217242241804,0.0
robocasa/TurnOffStove,9,1900351,0,low_energy,8,-0.033493775632124426,0.7565521474887172,0.0
robocasa/TurnOffStove,9,1900351,0,distance_progress,1,-0.05975715656458115,0.3183565729304552,0.0
robocasa/TurnOffStove,9,1900351,0,distance_progress,2,-0.053010562729854944,0.43092119548693636,0.0
robocasa/TurnOffStove,9,1900351,0,distance_progress,4,-0.04646959095212503,0.5400550839867834,0.0
robocasa/TurnOffStove,9,1900351,0,distance_progress,8,-0.04262175345951101,0.6042549432973227,0.0
robocasa/TurnOffStove,9,1900351,0,oracle_real_utility,1,-0.059757156564581144,0.3183565729304552,0.0
robocasa/TurnOffStove,9,1900351,0,oracle_real_utility,2,-0.05075486982702356,0.46855666405532875,0.0
robocasa/TurnOffStove,9,1900351,0,oracle_real_utility,4,-0.04036936917580565,0.6418352086813783,0.0
robocasa/TurnOffStove,9,1900351,0,oracle_real_utility,8,-0.029940170867669237,0.8158428338446783,0.0
robocasa/TurnOffStove,9,1910358,1,random,1,-0.05566971752944131,0.3787794957096157,0.0
robocasa/TurnOffStove,9,1910358,1,random,2,-0.05376962795706967,0.4258234141487761,0.0
robocasa/TurnOffStove,9,1910358,1,random,4,-0.04966653274495758,0.5274110862845591,0.0
robocasa/TurnOffStove,9,1910358,1,random,8,-0.042551245140692945,0.7035769968781276,0.0
robocasa/TurnOffStove,9,1910358,1,learned_wam,1,-0.05566971752944131,0.37877949570961567,0.0
robocasa/TurnOffStove,9,1910358,1,learned_wam,2,-0.048210932195902834,0.5634499943999577,0.0
robocasa/TurnOffStove,9,1910358,1,learned_wam,4,-0.04065613535933044,0.7504976217181414,0.0
robocasa/TurnOffStove,9,1910358,1,learned_wam,8,-0.03592225845406459,0.8677026852427957,0.0
robocasa/TurnOffStove,9,1910358,1,learned_physics_score,1,-0.05566971752944131,0.37877949570961567,0.0
robocasa/TurnOffStove,9,1910358,1,learned_physics_score,2,-0.048210932195902834,0.5634499943999577,0.0
robocasa/TurnOffStove,9,1910358,1,learned_physics_score,4,-0.04065613535933044,0.7504976217181414,0.0
robocasa/TurnOffStove,9,1910358,1,learned_physics_score,8,-0.03592225845406459,0.8677026852427957,0.0
robocasa/TurnOffStove,9,1910358,1,learned_energy_regularized,1,-0.05566971752944131,0.3787794957096157,0.0
robocasa/TurnOffStove,9,1910358,1,learned_energy_regularized,2,-0.048650630292471346,0.5525636016247979,0.0
robocasa/TurnOffStove,9,1910358,1,learned_energy_regularized,4,-0.04073197999464479,0.74861980033032,0.0
robocasa/TurnOffStove,9,1910358,1,learned_energy_regularized,8,-0.034425520367801374,0.9047601089973322,0.0
robocasa/TurnOffStove,9,1910358,1,predicted_progress,1,-0.05566971752944132,0.37877949570961567,0.0
robocasa/TurnOffStove,9,1910358,1,predicted_progress,2,-0.0525124402693589,0.45694985992446724,0.0
robocasa/TurnOffStove,9,1910358,1,predicted_progress,4,-0.05016976078756298,0.5149517689256002,0.0
robocasa/TurnOffStove,9,1910358,1,predicted_progress,8,-0.04516248553045001,0.6389258447919426,0.0
robocasa/TurnOffStove,9,1910358,1,predicted_success,1,-0.055669717529441304,0.3787794957096157,0.0
robocasa/TurnOffStove,9,1910358,1,predicted_success,2,-0.055669717529441304,0.3787794957096157,0.0
robocasa/TurnOffStove,9,1910358,1,predicted_success,4,-0.055669717529441304,0.3787794957096157,0.0
robocasa/TurnOffStove,9,1910358,1,predicted_success,8,-0.055669717529441304,0.3787794957096157,0.0
robocasa/TurnOffStove,9,1910358,1,low_energy,1,-0.05566971752944131,0.3787794957096157,0.0
robocasa/TurnOffStove,9,1910358,1,low_energy,2,-0.04925669632743497,0.5375581400233291,0.0
robocasa/TurnOffStove,9,1910358,1,low_energy,4,-0.041650548828886524,0.725877147590594,0.0
robocasa/TurnOffStove,9,1910358,1,low_energy,8,-0.03473314262279922,0.8971437542293168,0.0
robocasa/TurnOffStove,9,1910358,1,distance_progress,1,-0.055669717529441304,0.37877949570961567,0.0
robocasa/TurnOffStove,9,1910358,1,distance_progress,2,-0.04887053601657446,0.5471190020125285,0.0
robocasa/TurnOffStove,9,1910358,1,distance_progress,4,-0.04130476752130566,0.7344382743228022,0.0
robocasa/TurnOffStove,9,1910358,1,distance_progress,8,-0.03605720201664832,0.8643616459337096,0.0
robocasa/TurnOffStove,9,1910358,1,oracle_real_utility,1,-0.05566971752944131,0.3787794957096157,0.0
robocasa/TurnOffStove,9,1910358,1,oracle_real_utility,2,-0.047959523220912355,0.569674576380881,0.0
robocasa/TurnOffStove,9,1910358,1,oracle_real_utility,4,-0.039974684996147,0.7673695080608068,0.0
robocasa/TurnOffStove,9,1910358,1,oracle_real_utility,8,-0.034002109105094575,0.915243259475411,0.0
robocasa/OpenOven,10,2000354,0,random,1,-0.04635085436773612,0.5015105988594067,0.0
robocasa/OpenOven,10,2000354,0,random,2,-0.04850149317817272,0.4320525320037492,0.0
robocasa/OpenOven,10,2000354,0,random,4,-0.04981943109625826,0.38948777422956515,0.0
robocasa/OpenOven,10,2000354,0,random,8,-0.05144390402406647,0.337023014141839,0.0
robocasa/OpenOven,10,2000354,0,learned_wam,1,-0.04635085436773612,0.5015105988594069,0.0
robocasa/OpenOven,10,2000354,0,learned_wam,2,-0.04106413706542538,0.6722529671496531,0.0
robocasa/OpenOven,10,2000354,0,learned_wam,4,-0.03725768677780004,0.7951879189777319,0.0
robocasa/OpenOven,10,2000354,0,learned_wam,8,-0.03425890082423649,0.8920381544694552,0.0
robocasa/OpenOven,10,2000354,0,learned_physics_score,1,-0.04635085436773612,0.5015105988594069,0.0
robocasa/OpenOven,10,2000354,0,learned_physics_score,2,-0.04106413706542538,0.6722529671496531,0.0
robocasa/OpenOven,10,2000354,0,learned_physics_score,4,-0.03725768677780004,0.7951879189777319,0.0
robocasa/OpenOven,10,2000354,0,learned_physics_score,8,-0.03425890082423649,0.8920381544694552,0.0
robocasa/OpenOven,10,2000354,0,learned_energy_regularized,1,-0.04635085436773612,0.5015105988594067,0.0
robocasa/OpenOven,10,2000354,0,learned_energy_regularized,2,-0.0414100839563826,0.6610800997374189,0.0
robocasa/OpenOven,10,2000354,0,learned_energy_regularized,4,-0.035904789956497304,0.838881726327826,0.0
robocasa/OpenOven,10,2000354,0,learned_energy_regularized,8,-0.032591772751285636,0.9458805256691349,0.0
robocasa/OpenOven,10,2000354,0,predicted_progress,1,-0.04635085436773612,0.5015105988594069,0.0
robocasa/OpenOven,10,2000354,0,predicted_progress,2,-0.04339450881654108,0.5969901586752393,0.0
robocasa/OpenOven,10,2000354,0,predicted_progress,4,-0.0414141970193692,0.6609472622741879,0.0
robocasa/OpenOven,10,2000354,0,predicted_progress,8,-0.04198612774136276,0.6424759122119388,0.0
robocasa/OpenOven,10,2000354,0,predicted_success,1,-0.04635085436773612,0.5015105988594067,0.0
robocasa/OpenOven,10,2000354,0,predicted_success,2,-0.04635085436773612,0.5015105988594067,0.0
robocasa/OpenOven,10,2000354,0,predicted_success,4,-0.04635085436773612,0.5015105988594067,0.0
robocasa/OpenOven,10,2000354,0,predicted_success,8,-0.04635085436773612,0.5015105988594067,0.0
robocasa/OpenOven,10,2000354,0,low_energy,1,-0.04635085436773612,0.5015105988594067,0.0
robocasa/OpenOven,10,2000354,0,low_energy,2,-0.041384410899551624,0.6619092491460045,0.0
robocasa/OpenOven,10,2000354,0,low_energy,4,-0.035894761418672705,0.8392056128155547,0.0
robocasa/OpenOven,10,2000354,0,low_energy,8,-0.03259147649809306,0.9458900936049297,0.0
robocasa/OpenOven,10,2000354,0,distance_progress,1,-0.04635085436773612,0.5015105988594069,0.0
robocasa/OpenOven,10,2000354,0,distance_progress,2,-0.04146026045663671,0.6594595753181994,0.0
robocasa/OpenOven,10,2000354,0,distance_progress,4,-0.03963302695642451,0.7184727885098987,0.0
robocasa/OpenOven,10,2000354,0,distance_progress,8,-0.04141070607589187,0.6610600074661098,0.0
robocasa/OpenOven,10,2000354,0,oracle_real_utility,1,-0.04635085436773612,0.5015105988594067,0.0
robocasa/OpenOven,10,2000354,0,oracle_real_utility,2,-0.04025018456628071,0.6985407690941569,0.0
robocasa/OpenOven,10,2000354,0,oracle_real_utility,4,-0.03546942752937438,0.8529424009621717,0.0
robocasa/OpenOven,10,2000354,0,oracle_real_utility,8,-0.0325463338549809,0.9473480421493852,0.0
robocasa/OpenOven,10,2010361,1,random,1,-0.057027450345056366,0.4171472049219484,0.0
robocasa/OpenOven,10,2010361,1,random,2,-0.05663588277782544,0.423905216110824,0.0
robocasa/OpenOven,10,2010361,1,random,4,-0.05833471569182459,0.39458529076045457,0.0
robocasa/OpenOven,10,2010361,1,random,8,-0.05879904388751166,0.38657151381780763,0.0
robocasa/OpenOven,10,2010361,1,learned_wam,1,-0.057027450345056366,0.41714720492194834,0.0
robocasa/OpenOven,10,2010361,1,learned_wam,2,-0.04975765493732036,0.5426156114443473,0.0
robocasa/OpenOven,10,2010361,1,learned_wam,4,-0.043235482886443466,0.6551808885108308,0.0
robocasa/OpenOven,10,2010361,1,learned_wam,8,-0.03524742261847826,0.7930457302036189,0.0
robocasa/OpenOven,10,2010361,1,learned_physics_score,1,-0.057027450345056366,0.41714720492194834,0.0
robocasa/OpenOven,10,2010361,1,learned_physics_score,2,-0.04975765493732036,0.5426156114443473,0.0
robocasa/OpenOven,10,2010361,1,learned_physics_score,4,-0.043235482886443466,0.6551808885108308,0.0
robocasa/OpenOven,10,2010361,1,learned_physics_score,8,-0.03524742261847826,0.7930457302036189,0.0
robocasa/OpenOven,10,2010361,1,learned_energy_regularized,1,-0.057027450345056366,0.41714720492194834,0.0
robocasa/OpenOven,10,2010361,1,learned_energy_regularized,2,-0.049488111870989594,0.5472676184300865,0.0
robocasa/OpenOven,10,2010361,1,learned_energy_regularized,4,-0.04259952971431931,0.6661567174928091,0.0
robocasa/OpenOven,10,2010361,1,learned_energy_regularized,8,-0.03475186845602869,0.8015984318438776,0.0
robocasa/OpenOven,10,2010361,1,predicted_progress,1,-0.057027450345056366,0.41714720492194834,0.0
robocasa/OpenOven,10,2010361,1,predicted_progress,2,-0.04964995844059073,0.5444743305794599,0.0
robocasa/OpenOven,10,2010361,1,predicted_progress,4,-0.042870375094503546,0.6614822340500555,0.0
robocasa/OpenOven,10,2010361,1,predicted_progress,8,-0.03490982587578889,0.7988722662994371,0.0
robocasa/OpenOven,10,2010361,1,predicted_success,1,-0.05702745034505637,0.4171472049219483,0.0
robocasa/OpenOven,10,2010361,1,predicted_success,2,-0.05702745034505637,0.4171472049219483,0.0
robocasa/OpenOven,10,2010361,1,predicted_success,4,-0.05702745034505637,0.4171472049219483,0.0
robocasa/OpenOven,10,2010361,1,predicted_success,8,-0.05702745034505637,0.4171472049219483,0.0
robocasa/OpenOven,10,2010361,1,low_energy,1,-0.057027450345056366,0.41714720492194834,0.0
robocasa/OpenOven,10,2010361,1,low_energy,2,-0.049488111870989594,0.5472676184300865,0.0
robocasa/OpenOven,10,2010361,1,low_energy,4,-0.04259952971431931,0.6661567174928091,0.0
robocasa/OpenOven,10,2010361,1,low_energy,8,-0.03475186845602869,0.8015984318438776,0.0
robocasa/OpenOven,10,2010361,1,distance_progress,1,-0.057027450345056366,0.41714720492194834,0.0
robocasa/OpenOven,10,2010361,1,distance_progress,2,-0.048581488986212354,0.5629148990328794,0.0
robocasa/OpenOven,10,2010361,1,distance_progress,4,-0.04075795197961555,0.6979402562172323,0.0
robocasa/OpenOven,10,2010361,1,distance_progress,8,-0.032988521806734714,0.8320317909447534,0.0
robocasa/OpenOven,10,2010361,1,oracle_real_utility,1,-0.057027450345056366,0.41714720492194834,0.0
robocasa/OpenOven,10,2010361,1,oracle_real_utility,2,-0.048498501434422144,0.5643471698603684,0.0
robocasa/OpenOven,10,2010361,1,oracle_real_utility,4,-0.04059104284578542,0.7008209181727827,0.0
robocasa/OpenOven,10,2010361,1,oracle_real_utility,8,-0.03278913480865675,0.8354729839257147,0.0
robocasa/CloseOven,11,2100357,0,random,1,-0.04918205734237744,0.4939149226328731,0.0
robocasa/CloseOven,11,2100357,0,random,2,-0.04982045033838392,0.4700027461663736,0.0
robocasa/CloseOven,11,2100357,0,random,4,-0.049390608051934265,0.486103274634959,0.0
robocasa/CloseOven,11,2100357,0,random,8,-0.048798738239564154,0.5082728402271928,0.0
robocasa/CloseOven,11,2100357,0,learned_wam,1,-0.04918205734237745,0.4939149226328731,0.0
robocasa/CloseOven,11,2100357,0,learned_wam,2,-0.04331014307649762,0.7138582036529082,0.0
robocasa/CloseOven,11,2100357,0,learned_wam,4,-0.03898926567545485,0.8757045640456161,0.0
robocasa/CloseOven,11,2100357,0,learned_wam,8,-0.037010177318446205,0.9498349356687805,0.0
robocasa/CloseOven,11,2100357,0,learned_physics_score,1,-0.04918205734237745,0.4939149226328731,0.0
robocasa/CloseOven,11,2100357,0,learned_physics_score,2,-0.04331014307649762,0.7138582036529082,0.0
robocasa/CloseOven,11,2100357,0,learned_physics_score,4,-0.03898926567545485,0.8757045640456161,0.0
robocasa/CloseOven,11,2100357,0,learned_physics_score,8,-0.037010177318446205,0.9498349356687805,0.0
robocasa/CloseOven,11,2100357,0,learned_energy_regularized,1,-0.04918205734237745,0.4939149226328731,0.0
robocasa/CloseOven,11,2100357,0,learned_energy_regularized,2,-0.04330856834233848,0.7139171881990057,0.0
robocasa/CloseOven,11,2100357,0,learned_energy_regularized,4,-0.03898865054492393,0.8757276048839355,0.0
robocasa/CloseOven,11,2100357,0,learned_energy_regularized,8,-0.037010159146865576,0.9498356163185454,0.0
robocasa/CloseOven,11,2100357,0,predicted_progress,1,-0.04918205734237745,0.49391492263287307,0.0
robocasa/CloseOven,11,2100357,0,predicted_progress,2,-0.04875702965786771,0.5098351113860738,0.0
robocasa/CloseOven,11,2100357,0,predicted_progress,4,-0.04806842426788638,0.5356280848428963,0.0
robocasa/CloseOven,11,2100357,0,predicted_progress,8,-0.04526977047053167,0.6404567779670702,0.0
robocasa/CloseOven,11,2100357,0,predicted_success,1,-0.04918205734237745,0.4939149226328731,0.0
robocasa/CloseOven,11,2100357,0,predicted_success,2,-0.04918205734237745,0.4939149226328731,0.0
robocasa/CloseOven,11,2100357,0,predicted_success,4,-0.04918205734237745,0.4939149226328731,0.0
robocasa/CloseOven,11,2100357,0,predicted_success,8,-0.04918205734237745,0.4939149226328731,0.0
robocasa/CloseOven,11,2100357,0,low_energy,1,-0.04918205734237745,0.4939149226328731,0.0
robocasa/CloseOven,11,2100357,0,low_energy,2,-0.043271208445600576,0.7153165714146038,0.0
robocasa/CloseOven,11,2100357,0,low_energy,4,-0.03890050453855796,0.8790292746582373,0.0
robocasa/CloseOven,11,2100357,0,low_energy,8,-0.036941473082745376,0.9524083783887842,0.0
robocasa/CloseOven,11,2100357,0,distance_progress,1,-0.04918205734237745,0.49391492263287307,0.0
robocasa/CloseOven,11,2100357,0,distance_progress,2,-0.0463576370623735,0.5997087464584862,0.0
robocasa/CloseOven,11,2100357,0,distance_progress,4,-0.04464555099083446,0.6638380594750439,0.0
robocasa/CloseOven,11,2100357,0,distance_progress,8,-0.041930726266748805,0.7655267814441892,0.0
robocasa/CloseOven,11,2100357,0,oracle_real_utility,1,-0.04918205734237745,0.4939149226328731,0.0
robocasa/CloseOven,11,2100357,0,oracle_real_utility,2,-0.04323260805858848,0.7167624194606859,0.0
robocasa/CloseOven,11,2100357,0,oracle_real_utility,4,-0.03889107588879606,0.8793824419679628,0.0
robocasa/CloseOven,11,2100357,0,oracle_real_utility,8,-0.03694124972298839,0.9524167447367202,0.0
robocasa/CloseOven,11,2110364,1,random,1,-0.05432870583183469,0.5834322819172981,0.0
robocasa/CloseOven,11,2110364,1,random,2,-0.05554079815960337,0.553766990476005,0.0
robocasa/CloseOven,11,2110364,1,random,4,-0.061238756783784265,0.41431259468923926,0.0
robocasa/CloseOven,11,2110364,1,random,8,-0.06958430455114618,0.21005991435771962,0.0
robocasa/CloseOven,11,2110364,1,learned_wam,1,-0.054328705831834696,0.5834322819172981,0.0
robocasa/CloseOven,11,2110364,1,learned_wam,2,-0.04800181392877688,0.7382794729454609,0.0
robocasa/CloseOven,11,2110364,1,learned_wam,4,-0.04378046944116418,0.8415945518632985,0.0
robocasa/CloseOven,11,2110364,1,learned_wam,8,-0.040526815777787835,0.9212259313892899,0.0
robocasa/CloseOven,11,2110364,1,learned_physics_score,1,-0.054328705831834696,0.5834322819172981,0.0
robocasa/CloseOven,11,2110364,1,learned_physics_score,2,-0.04800181392877688,0.7382794729454609,0.0
robocasa/CloseOven,11,2110364,1,learned_physics_score,4,-0.04378046944116418,0.8415945518632985,0.0
robocasa/CloseOven,11,2110364,1,learned_physics_score,8,-0.040526815777787835,0.9212259313892899,0.0
robocasa/CloseOven,11,2110364,1,learned_energy_regularized,1,-0.054328705831834696,0.5834322819172981,0.0
robocasa/CloseOven,11,2110364,1,learned_energy_regularized,2,-0.050763148409229526,0.670697333983888,0.0
robocasa/CloseOven,11,2110364,1,learned_energy_regularized,4,-0.04897992908587985,0.7143406437541064,0.0
robocasa/CloseOven,11,2110364,1,learned_energy_regularized,8,-0.05132154370464069,0.6570309169970621,0.0
robocasa/CloseOven,11,2110364,1,predicted_progress,1,-0.054328705831834696,0.5834322819172981,0.0
robocasa/CloseOven,11,2110364,1,predicted_progress,2,-0.05139777737203087,0.6551651400187264,0.0
robocasa/CloseOven,11,2110364,1,predicted_progress,4,-0.0500067873488858,0.6892088539200361,0.0
robocasa/CloseOven,11,2110364,1,predicted_progress,8,-0.04560794692364429,0.7968680480498703,0.0
robocasa/CloseOven,11,2110364,1,predicted_success,1,-0.05432870583183469,0.5834322819172981,0.0
robocasa/CloseOven,11,2110364,1,predicted_success,2,-0.05432870583183469,0.5834322819172981,0.0
robocasa/CloseOven,11,2110364,1,predicted_success,4,-0.05432870583183469,0.5834322819172981,0.0
robocasa/CloseOven,11,2110364,1,predicted_success,8,-0.05432870583183469,0.5834322819172981,0.0
robocasa/CloseOven,11,2110364,1,low_energy,1,-0.054328705831834696,0.5834322819172981,0.0
robocasa/CloseOven,11,2110364,1,low_energy,2,-0.050763148409229526,0.670697333983888,0.0
robocasa/CloseOven,11,2110364,1,low_energy,4,-0.04897992908587985,0.7143406437541064,0.0
robocasa/CloseOven,11,2110364,1,low_energy,8,-0.05132154370464069,0.6570309169970621,0.0
robocasa/CloseOven,11,2110364,1,distance_progress,1,-0.05432870583183469,0.5834322819172981,0.0
robocasa/CloseOven,11,2110364,1,distance_progress,2,-0.04762955403284444,0.747390328654836,0.0
robocasa/CloseOven,11,2110364,1,distance_progress,4,-0.04235248377959239,0.8765437136177481,0.0
robocasa/CloseOven,11,2110364,1,distance_progress,8,-0.03887277887377645,0.9617075726702633,0.0
robocasa/CloseOven,11,2110364,1,oracle_real_utility,1,-0.05432870583183469,0.5834322819172981,0.0
robocasa/CloseOven,11,2110364,1,oracle_real_utility,2,-0.0468606660463593,0.7662084382016392,0.0
robocasa/CloseOven,11,2110364,1,oracle_real_utility,4,-0.0412774791403644,0.9028538594645967,0.0
robocasa/CloseOven,11,2110364,1,oracle_real_utility,8,-0.038218777936783334,0.9777138850231306,0.0
robocasa/OpenDishwasher,12,2200360,0,random,1,-0.05331649392843246,0.5473879096672017,0.0
robocasa/OpenDishwasher,12,2200360,0,random,2,-0.055029400847852225,0.4676305908480686,0.0
robocasa/OpenDishwasher,12,2200360,0,random,4,-0.05650983813160564,0.3986976517061974,0.0
robocasa/OpenDishwasher,12,2200360,0,random,8,-0.05752480072872444,0.3514384022220979,0.0
robocasa/OpenDishwasher,12,2200360,0,learned_wam,1,-0.05331649392843247,0.5473879096672017,0.0
robocasa/OpenDishwasher,12,2200360,0,learned_wam,2,-0.05120019052177668,0.6459283987089763,0.0
robocasa/OpenDishwasher,12,2200360,0,learned_wam,4,-0.049673345748451544,0.7170221890327793,0.0
robocasa/OpenDishwasher,12,2200360,0,learned_wam,8,-0.0477629344470229,0.8059758160607633,0.0
robocasa/OpenDishwasher,12,2200360,0,learned_physics_score,1,-0.05331649392843247,0.5473879096672017,0.0
robocasa/OpenDishwasher,12,2200360,0,learned_physics_score,2,-0.05120019052177668,0.6459283987089763,0.0
robocasa/OpenDishwasher,12,2200360,0,learned_physics_score,4,-0.049673345748451544,0.7170221890327793,0.0
robocasa/OpenDishwasher,12,2200360,0,learned_physics_score,8,-0.0477629344470229,0.8059758160607633,0.0
robocasa/OpenDishwasher,12,2200360,0,learned_energy_regularized,1,-0.053316493928432476,0.5473879096672017,0.0
robocasa/OpenDishwasher,12,2200360,0,learned_energy_regularized,2,-0.049829829446971424,0.7097359085633917,0.0
robocasa/OpenDishwasher,12,2200360,0,learned_energy_regularized,4,-0.04708465561212506,0.8375582101009148,0.0
robocasa/OpenDishwasher,12,2200360,0,learned_energy_regularized,8,-0.0454625872298378,0.9130858547416083,0.0
robocasa/OpenDishwasher,12,2200360,0,predicted_progress,1,-0.05331649392843247,0.5473879096672017,0.0
robocasa/OpenDishwasher,12,2200360,0,predicted_progress,2,-0.053743966780602934,0.527483682431881,0.0
robocasa/OpenDishwasher,12,2200360,0,predicted_progress,4,-0.05398318224062677,0.5163451999520215,0.0
robocasa/OpenDishwasher,12,2200360,0,predicted_progress,8,-0.05395464283448391,0.5176740675564659,0.0
robocasa/OpenDishwasher,12,2200360,0,predicted_success,1,-0.05331649392843246,0.5473879096672017,0.0
robocasa/OpenDishwasher,12,2200360,0,predicted_success,2,-0.05331649392843246,0.5473879096672017,0.0
robocasa/OpenDishwasher,12,2200360,0,predicted_success,4,-0.05331649392843246,0.5473879096672017,0.0
robocasa/OpenDishwasher,12,2200360,0,predicted_success,8,-0.05331649392843246,0.5473879096672017,0.0
robocasa/OpenDishwasher,12,2200360,0,low_energy,1,-0.053316493928432476,0.5473879096672017,0.0
robocasa/OpenDishwasher,12,2200360,0,low_energy,2,-0.049762349687516694,0.7128779384236554,0.0
robocasa/OpenDishwasher,12,2200360,0,low_energy,4,-0.04684149065229576,0.8488805913738663,0.0
robocasa/OpenDishwasher,12,2200360,0,low_energy,8,-0.04478339097542218,0.9447109661764652,0.0
robocasa/OpenDishwasher,12,2200360,0,distance_progress,1,-0.05331649392843246,0.5473879096672017,0.0
robocasa/OpenDishwasher,12,2200360,0,distance_progress,2,-0.05331649392843246,0.5473879096672017,0.0
robocasa/OpenDishwasher,12,2200360,0,distance_progress,4,-0.05331649392843246,0.5473879096672017,0.0
robocasa/OpenDishwasher,12,2200360,0,distance_progress,8,-0.05331649392843246,0.5473879096672017,0.0
robocasa/OpenDishwasher,12,2200360,0,oracle_real_utility,1,-0.053316493928432476,0.5473879096672017,0.0
robocasa/OpenDishwasher,12,2200360,0,oracle_real_utility,2,-0.049762349687516694,0.7128779384236554,0.0
robocasa/OpenDishwasher,12,2200360,0,oracle_real_utility,4,-0.04684149065229576,0.8488805913738663,0.0
robocasa/OpenDishwasher,12,2200360,0,oracle_real_utility,8,-0.04478339097542218,0.9447109661764652,0.0
robocasa/OpenDishwasher,12,2210367,1,random,1,-0.05737376883625984,0.45251722563963304,0.0
robocasa/OpenDishwasher,12,2210367,1,random,2,-0.059977102745324376,0.3652917459470734,0.0
robocasa/OpenDishwasher,12,2210367,1,random,4,-0.060612359659571666,0.34400727341732934,0.0
robocasa/OpenDishwasher,12,2210367,1,random,8,-0.06037624329546084,0.3519184226752556,0.0
robocasa/OpenDishwasher,12,2210367,1,learned_wam,1,-0.05737376883625984,0.45251722563963304,0.0
robocasa/OpenDishwasher,12,2210367,1,learned_wam,2,-0.05288910152390599,0.6027773425687635,0.0
robocasa/OpenDishwasher,12,2210367,1,learned_wam,4,-0.04890176458895439,0.7363742567548464,0.0
robocasa/OpenDishwasher,12,2210367,1,learned_wam,8,-0.0460541119894473,0.8317857070973903,0.0
robocasa/OpenDishwasher,12,2210367,1,learned_physics_score,1,-0.05737376883625984,0.45251722563963304,0.0
robocasa/OpenDishwasher,12,2210367,1,learned_physics_score,2,-0.05288910152390599,0.6027773425687635,0.0
robocasa/OpenDishwasher,12,2210367,1,learned_physics_score,4,-0.04890176458895439,0.7363742567548464,0.0
robocasa/OpenDishwasher,12,2210367,1,learned_physics_score,8,-0.0460541119894473,0.8317857070973903,0.0
robocasa/OpenDishwasher,12,2210367,1,learned_energy_regularized,1,-0.05737376883625984,0.45251722563963304,0.0
robocasa/OpenDishwasher,12,2210367,1,learned_energy_regularized,2,-0.05255489697679877,0.6139749656763336,0.0
robocasa/OpenDishwasher,12,2210367,1,learned_energy_regularized,4,-0.047783203659055286,0.7738519745904597,0.0
robocasa/OpenDishwasher,12,2210367,1,learned_energy_regularized,8,-0.04377123188996926,0.9082742862474704,0.0
robocasa/OpenDishwasher,12,2210367,1,predicted_progress,1,-0.057373768836259845,0.4525172256396331,0.0
robocasa/OpenDishwasher,12,2210367,1,predicted_progress,2,-0.057514544371515514,0.44780049931079074,0.0
robocasa/OpenDishwasher,12,2210367,1,predicted_progress,4,-0.057952332587738055,0.43313227445081376,0.0
robocasa/OpenDishwasher,12,2210367,1,predicted_progress,8,-0.05831464727110593,0.4209928128372336,0.0
robocasa/OpenDishwasher,12,2210367,1,predicted_success,1,-0.057373768836259845,0.45251722563963304,0.0
robocasa/OpenDishwasher,12,2210367,1,predicted_success,2,-0.057373768836259845,0.45251722563963304,0.0
robocasa/OpenDishwasher,12,2210367,1,predicted_success,4,-0.057373768836259845,0.45251722563963304,0.0
robocasa/OpenDishwasher,12,2210367,1,predicted_success,8,-0.057373768836259845,0.45251722563963304,0.0
robocasa/OpenDishwasher,12,2210367,1,low_energy,1,-0.05737376883625984,0.45251722563963304,0.0
robocasa/OpenDishwasher,12,2210367,1,low_energy,2,-0.05244620805606246,0.6176166204081687,0.0
robocasa/OpenDishwasher,12,2210367,1,low_energy,4,-0.04765413556568092,0.7781764395845139,0.0
robocasa/OpenDishwasher,12,2210367,1,low_energy,8,-0.04373818870673027,0.9093814079649551,0.0
robocasa/OpenDishwasher,12,2210367,1,distance_progress,1,-0.057373768836259845,0.45251722563963304,0.0
robocasa/OpenDishwasher,12,2210367,1,distance_progress,2,-0.057373768836259845,0.45251722563963304,0.0
robocasa/OpenDishwasher,12,2210367,1,distance_progress,4,-0.057373768836259845,0.45251722563963304,0.0
robocasa/OpenDishwasher,12,2210367,1,distance_progress,8,-0.057373768836259845,0.45251722563963304,0.0
robocasa/OpenDishwasher,12,2210367,1,oracle_real_utility,1,-0.05737376883625984,0.45251722563963304,0.0
robocasa/OpenDishwasher,12,2210367,1,oracle_real_utility,2,-0.05244620805606246,0.6176166204081687,0.0
robocasa/OpenDishwasher,12,2210367,1,oracle_real_utility,4,-0.04765413556568092,0.7781764395845139,0.0
robocasa/OpenDishwasher,12,2210367,1,oracle_real_utility,8,-0.04373818870673027,0.9093814079649551,0.0
robocasa/CloseDishwasher,13,2300363,0,random,1,-0.04690048053860664,0.5632485412564499,0.0
robocasa/CloseDishwasher,13,2300363,0,random,2,-0.0467399406246841,0.5708511662200162,0.0
robocasa/CloseDishwasher,13,2300363,0,random,4,-0.045308976880914995,0.6386167480901164,0.0
robocasa/CloseDishwasher,13,2300363,0,random,8,-0.04398765086738869,0.7011902594991924,0.0
robocasa/CloseDishwasher,13,2300363,0,learned_wam,1,-0.04690048053860665,0.5632485412564499,0.0
robocasa/CloseDishwasher,13,2300363,0,learned_wam,2,-0.04510459879413248,0.6482954000004968,0.0
robocasa/CloseDishwasher,13,2300363,0,learned_wam,4,-0.04418114003172377,0.692027269965866,0.0
robocasa/CloseDishwasher,13,2300363,0,learned_wam,8,-0.04229934770501906,0.7811425620430437,0.0
robocasa/CloseDishwasher,13,2300363,0,learned_physics_score,1,-0.04690048053860665,0.5632485412564499,0.0
robocasa/CloseDishwasher,13,2300363,0,learned_physics_score,2,-0.04510459879413248,0.6482954000004968,0.0
robocasa/CloseDishwasher,13,2300363,0,learned_physics_score,4,-0.04418114003172377,0.692027269965866,0.0
robocasa/CloseDishwasher,13,2300363,0,learned_physics_score,8,-0.04229934770501906,0.7811425620430437,0.0
robocasa/CloseDishwasher,13,2300363,0,learned_energy_regularized,1,-0.04690048053860665,0.5632485412564499,0.0
robocasa/CloseDishwasher,13,2300363,0,learned_energy_regularized,2,-0.043314206991344695,0.7330822737558037,0.0
robocasa/CloseDishwasher,13,2300363,0,learned_energy_regularized,4,-0.040662697045190724,0.8586487775319296,0.0
robocasa/CloseDishwasher,13,2300363,0,learned_energy_regularized,8,-0.03928538998636533,0.9238733610767659,0.0
robocasa/CloseDishwasher,13,2300363,0,predicted_progress,1,-0.04690048053860665,0.5632485412564499,0.0
robocasa/CloseDishwasher,13,2300363,0,predicted_progress,2,-0.046400522980839014,0.5869248328186941,0.0
robocasa/CloseDishwasher,13,2300363,0,predicted_progress,4,-0.046839194670610595,0.5661508317744663,0.0
robocasa/CloseDishwasher,13,2300363,0,predicted_progress,8,-0.04747014934727538,0.5362709616631314,0.0
robocasa/CloseDishwasher,13,2300363,0,predicted_success,1,-0.04690048053860664,0.5632485412564499,0.0
robocasa/CloseDishwasher,13,2300363,0,predicted_success,2,-0.04690048053860664,0.5632485412564499,0.0
robocasa/CloseDishwasher,13,2300363,0,predicted_success,4,-0.04690048053860664,0.5632485412564499,0.0
robocasa/CloseDishwasher,13,2300363,0,predicted_success,8,-0.04690048053860664,0.5632485412564499,0.0
robocasa/CloseDishwasher,13,2300363,0,low_energy,1,-0.04690048053860665,0.5632485412564499,0.0
robocasa/CloseDishwasher,13,2300363,0,low_energy,2,-0.04326479790732265,0.7354221201306694,0.0
robocasa/CloseDishwasher,13,2300363,0,low_energy,4,-0.04043495204852661,0.8694340069160766,0.0
robocasa/CloseDishwasher,13,2300363,0,low_energy,8,-0.03863256541454597,0.9547889151298089,0.0
robocasa/CloseDishwasher,13,2300363,0,distance_progress,1,-0.04690048053860664,0.5632485412564499,0.0
robocasa/CloseDishwasher,13,2300363,0,distance_progress,2,-0.04690048053860664,0.5632485412564499,0.0
robocasa/CloseDishwasher,13,2300363,0,distance_progress,4,-0.04690048053860664,0.5632485412564499,0.0
robocasa/CloseDishwasher,13,2300363,0,distance_progress,8,-0.04690048053860664,0.5632485412564499,0.0
robocasa/CloseDishwasher,13,2300363,0,oracle_real_utility,1,-0.04690048053860665,0.5632485412564499,0.0
robocasa/CloseDishwasher,13,2300363,0,oracle_real_utility,2,-0.04326479790732265,0.7354221201306694,0.0
robocasa/CloseDishwasher,13,2300363,0,oracle_real_utility,4,-0.04043495204852661,0.8694340069160766,0.0
robocasa/CloseDishwasher,13,2300363,0,oracle_real_utility,8,-0.03863256541454597,0.9547889151298089,0.0
robocasa/CloseDishwasher,13,2310370,1,random,1,-0.0542320042103529,0.38499194385624574,0.0
robocasa/CloseDishwasher,13,2310370,1,random,2,-0.05628840087912977,0.33696161922454443,0.0
robocasa/CloseDishwasher,13,2310370,1,random,4,-0.054053665201499825,0.3891573272279294,0.0
robocasa/CloseDishwasher,13,2310370,1,random,8,-0.05282572477533844,0.41783777501916275,0.0
robocasa/CloseDishwasher,13,2310370,1,learned_wam,1,-0.05423200421035289,0.38499194385624574,0.0
robocasa/CloseDishwasher,13,2310370,1,learned_wam,2,-0.04755970464088023,0.5408338197100654,0.0
robocasa/CloseDishwasher,13,2310370,1,learned_wam,4,-0.04128230760819861,0.6874521360590751,0.0
robocasa/CloseDishwasher,13,2310370,1,learned_wam,8,-0.03569803319744441,0.8178815015863781,0.0
robocasa/CloseDishwasher,13,2310370,1,learned_physics_score,1,-0.05423200421035289,0.38499194385624574,0.0
robocasa/CloseDishwasher,13,2310370,1,learned_physics_score,2,-0.04755970464088023,0.5408338197100654,0.0
robocasa/CloseDishwasher,13,2310370,1,learned_physics_score,4,-0.04128230760819861,0.6874521360590751,0.0
robocasa/CloseDishwasher,13,2310370,1,learned_physics_score,8,-0.03569803319744441,0.8178815015863781,0.0
robocasa/CloseDishwasher,13,2310370,1,learned_energy_regularized,1,-0.05423200421035289,0.38499194385624574,0.0
robocasa/CloseDishwasher,13,2310370,1,learned_energy_regularized,2,-0.04706199728883803,0.5524585446734596,0.0
robocasa/CloseDishwasher,13,2310370,1,learned_energy_regularized,4,-0.039848251548974076,0.7209467332398712,0.0
robocasa/CloseDishwasher,13,2310370,1,learned_energy_regularized,8,-0.033455573862665094,0.8702576075479297,0.0
robocasa/CloseDishwasher,13,2310370,1,predicted_progress,1,-0.0542320042103529,0.3849919438562458,0.0
robocasa/CloseDishwasher,13,2310370,1,predicted_progress,2,-0.05343190628103912,0.40367946843045643,0.0
robocasa/CloseDishwasher,13,2310370,1,predicted_progress,4,-0.05425082785179257,0.3845522885976931,0.0
robocasa/CloseDishwasher,13,2310370,1,predicted_progress,8,-0.05432024132584868,0.3829310295559187,0.0
robocasa/CloseDishwasher,13,2310370,1,predicted_success,1,-0.0542320042103529,0.38499194385624574,0.0
robocasa/CloseDishwasher,13,2310370,1,predicted_success,2,-0.0542320042103529,0.38499194385624574,0.0
robocasa/CloseDishwasher,13,2310370,1,predicted_success,4,-0.0542320042103529,0.38499194385624574,0.0
robocasa/CloseDishwasher,13,2310370,1,predicted_success,8,-0.0542320042103529,0.38499194385624574,0.0
robocasa/CloseDishwasher,13,2310370,1,low_energy,1,-0.0542320042103529,0.38499194385624574,0.0
robocasa/CloseDishwasher,13,2310370,1,low_energy,2,-0.04703739219345153,0.5530332347305635,0.0
robocasa/CloseDishwasher,13,2310370,1,low_energy,4,-0.0398271065451263,0.7214406075076949,0.0
robocasa/CloseDishwasher,13,2310370,1,low_energy,8,-0.03345310203349104,0.870315340941232,0.0
robocasa/CloseDishwasher,13,2310370,1,distance_progress,1,-0.0542320042103529,0.38499194385624574,0.0
robocasa/CloseDishwasher,13,2310370,1,distance_progress,2,-0.0542320042103529,0.38499194385624574,0.0
robocasa/CloseDishwasher,13,2310370,1,distance_progress,4,-0.0542320042103529,0.38499194385624574,0.0
robocasa/CloseDishwasher,13,2310370,1,distance_progress,8,-0.0542320042103529,0.38499194385624574,0.0
robocasa/CloseDishwasher,13,2310370,1,oracle_real_utility,1,-0.0542320042103529,0.38499194385624574,0.0
robocasa/CloseDishwasher,13,2310370,1,oracle_real_utility,2,-0.04703739219345153,0.5530332347305635,0.0
robocasa/CloseDishwasher,13,2310370,1,oracle_real_utility,4,-0.0398271065451263,0.7214406075076949,0.0
robocasa/CloseDishwasher,13,2310370,1,oracle_real_utility,8,-0.03345310203349104,0.870315340941232,0.0
robocasa/OpenFridge,14,2400366,0,random,1,-0.055102510348603514,0.5953196821177859,0.0
robocasa/OpenFridge,14,2400366,0,random,2,-0.05584909415307967,0.5833466101822433,0.0
robocasa/OpenFridge,14,2400366,0,random,4,-0.05710080765135801,0.5632727006389041,0.0
robocasa/OpenFridge,14,2400366,0,random,8,-0.05231793261299361,0.6399763560754547,0.0
robocasa/OpenFridge,14,2400366,0,learned_wam,1,-0.055102510348603514,0.5953196821177857,0.0
robocasa/OpenFridge,14,2400366,0,learned_wam,2,-0.04493574650981444,0.7583655372028766,0.0
robocasa/OpenFridge,14,2400366,0,learned_wam,4,-0.038852916802821214,0.8559167527755037,0.0
robocasa/OpenFridge,14,2400366,0,learned_wam,8,-0.03472935726182058,0.9220468706790599,0.0
robocasa/OpenFridge,14,2400366,0,learned_physics_score,1,-0.055102510348603514,0.5953196821177857,0.0
robocasa/OpenFridge,14,2400366,0,learned_physics_score,2,-0.04493574650981444,0.7583655372028766,0.0
robocasa/OpenFridge,14,2400366,0,learned_physics_score,4,-0.038852916802821214,0.8559167527755037,0.0
robocasa/OpenFridge,14,2400366,0,learned_physics_score,8,-0.03472935726182058,0.9220468706790599,0.0
robocasa/OpenFridge,14,2400366,0,learned_energy_regularized,1,-0.055102510348603514,0.5953196821177857,0.0
robocasa/OpenFridge,14,2400366,0,learned_energy_regularized,2,-0.04493574650981444,0.7583655372028766,0.0
robocasa/OpenFridge,14,2400366,0,learned_energy_regularized,4,-0.038852916802821214,0.8559167527755037,0.0
robocasa/OpenFridge,14,2400366,0,learned_energy_regularized,8,-0.03472935726182058,0.9220468706790599,0.0
robocasa/OpenFridge,14,2400366,0,predicted_progress,1,-0.055102510348603514,0.5953196821177859,0.0
robocasa/OpenFridge,14,2400366,0,predicted_progress,2,-0.04776171215683445,0.713045119352554,0.0
robocasa/OpenFridge,14,2400366,0,predicted_progress,4,-0.04415837285074811,0.7708323904683687,0.0
robocasa/OpenFridge,14,2400366,0,predicted_progress,8,-0.046111268748976295,0.7395135178489469,0.0
robocasa/OpenFridge,14,2400366,0,predicted_success,1,-0.055102510348603514,0.5953196821177857,0.0
robocasa/OpenFridge,14,2400366,0,predicted_success,2,-0.055102510348603514,0.5953196821177857,0.0
robocasa/OpenFridge,14,2400366,0,predicted_success,4,-0.055102510348603514,0.5953196821177857,0.0
robocasa/OpenFridge,14,2400366,0,predicted_success,8,-0.055102510348603514,0.5953196821177857,0.0
robocasa/OpenFridge,14,2400366,0,low_energy,1,-0.055102510348603514,0.5953196821177857,0.0
robocasa/OpenFridge,14,2400366,0,low_energy,2,-0.04460552617181744,0.7636613282951994,0.0
robocasa/OpenFridge,14,2400366,0,low_energy,4,-0.03807380319285954,0.8684115098839528,0.0
robocasa/OpenFridge,14,2400366,0,low_energy,8,-0.03412224810762292,0.9317831675721265,0.0
robocasa/OpenFridge,14,2400366,0,distance_progress,1,-0.05510251034860352,0.5953196821177857,0.0
robocasa/OpenFridge,14,2400366,0,distance_progress,2,-0.04691682871958003,0.7265946366481959,0.0
robocasa/OpenFridge,14,2400366,0,distance_progress,4,-0.042397960868009885,0.7990643708289731,0.0
robocasa/OpenFridge,14,2400366,0,distance_progress,8,-0.04266552370402459,0.7947734271148514,0.0
robocasa/OpenFridge,14,2400366,0,oracle_real_utility,1,-0.055102510348603514,0.5953196821177857,0.0
robocasa/OpenFridge,14,2400366,0,oracle_real_utility,2,-0.04443378836666955,0.7664155121962694,0.0
robocasa/OpenFridge,14,2400366,0,oracle_real_utility,4,-0.037597957688814077,0.8760427127254589,0.0
robocasa/OpenFridge,14,2400366,0,oracle_real_utility,8,-0.033480297293521914,0.9420782251801662,0.0
robocasa/OpenFridge,14,2410373,1,random,1,-0.04623785934870629,0.4626474474140249,0.0
robocasa/OpenFridge,14,2410373,1,random,2,-0.050102921337280934,0.35382835294916015,0.0
robocasa/OpenFridge,14,2410373,1,random,4,-0.05323603753156514,0.26561686549486874,0.0
robocasa/OpenFridge,14,2410373,1,random,8,-0.05686936876871193,0.16332204686428123,0.0
robocasa/OpenFridge,14,2410373,1,learned_wam,1,-0.046237859348706285,0.46264744741402486,0.0
robocasa/OpenFridge,14,2410373,1,learned_wam,2,-0.04089824000185935,0.61298204588323,0.0
robocasa/OpenFridge,14,2410373,1,learned_wam,4,-0.036183440501153866,0.7457251205782296,0.0
robocasa/OpenFridge,14,2410373,1,learned_wam,8,-0.031651347522079806,0.873324174738622,0.0
robocasa/OpenFridge,14,2410373,1,learned_physics_score,1,-0.046237859348706285,0.46264744741402486,0.0
robocasa/OpenFridge,14,2410373,1,learned_physics_score,2,-0.04089824000185935,0.61298204588323,0.0
robocasa/OpenFridge,14,2410373,1,learned_physics_score,4,-0.036183440501153866,0.7457251205782296,0.0
robocasa/OpenFridge,14,2410373,1,learned_physics_score,8,-0.031651347522079806,0.873324174738622,0.0
robocasa/OpenFridge,14,2410373,1,learned_energy_regularized,1,-0.046237859348706285,0.4626474474140249,0.0
robocasa/OpenFridge,14,2410373,1,learned_energy_regularized,2,-0.040543464296060615,0.6229705974659148,0.0
robocasa/OpenFridge,14,2410373,1,learned_energy_regularized,4,-0.03606055332457521,0.7491849541633474,0.0
robocasa/OpenFridge,14,2410373,1,learned_energy_regularized,8,-0.03182658648123862,0.8683904000910232,0.0
robocasa/OpenFridge,14,2410373,1,predicted_progress,1,-0.04623785934870629,0.46264744741402497,0.0
robocasa/OpenFridge,14,2410373,1,predicted_progress,2,-0.04897260167521605,0.3856519983254386,0.0
robocasa/OpenFridge,14,2410373,1,predicted_progress,4,-0.0508506876275803,0.3327753269376069,0.0
robocasa/OpenFridge,14,2410373,1,predicted_progress,8,-0.051243616452478796,0.32171259132275926,0.0
robocasa/OpenFridge,14,2410373,1,predicted_success,1,-0.04623785934870629,0.46264744741402486,0.0
robocasa/OpenFridge,14,2410373,1,predicted_success,2,-0.04623785934870629,0.46264744741402486,0.0
robocasa/OpenFridge,14,2410373,1,predicted_success,4,-0.04623785934870629,0.46264744741402486,0.0
robocasa/OpenFridge,14,2410373,1,predicted_success,8,-0.04623785934870629,0.46264744741402486,0.0
robocasa/OpenFridge,14,2410373,1,low_energy,1,-0.046237859348706285,0.4626474474140249,0.0
robocasa/OpenFridge,14,2410373,1,low_energy,2,-0.04027546487304457,0.6305160015541081,0.0
robocasa/OpenFridge,14,2410373,1,low_energy,4,-0.03565436669906652,0.7606209572345154,0.0
robocasa/OpenFridge,14,2410373,1,low_energy,8,-0.03169055743144826,0.8722202372483212,0.0
robocasa/OpenFridge,14,2410373,1,distance_progress,1,-0.04623785934870629,0.4626474474140249,0.0
robocasa/OpenFridge,14,2410373,1,distance_progress,2,-0.044446083197681965,0.5130941048840935,0.0
robocasa/OpenFridge,14,2410373,1,distance_progress,4,-0.042075503303304326,0.5798367233014302,0.0
robocasa/OpenFridge,14,2410373,1,distance_progress,8,-0.03949621912128673,0.6524553177468484,0.0
robocasa/OpenFridge,14,2410373,1,oracle_real_utility,1,-0.04623785934870629,0.4626474474140249,0.0
robocasa/OpenFridge,14,2410373,1,oracle_real_utility,2,-0.03966969282175984,0.6475712431693244,0.0
robocasa/OpenFridge,14,2410373,1,oracle_real_utility,4,-0.03433139669275406,0.7978685870310532,0.0
robocasa/OpenFridge,14,2410373,1,oracle_real_utility,8,-0.03057168691779677,0.9037215369632823,0.0
robocasa/CloseFridge,15,2500369,0,random,1,-0.053130670990449394,0.5550992846498771,0.0
robocasa/CloseFridge,15,2500369,0,random,2,-0.051923365676848174,0.5986822108103331,0.0
robocasa/CloseFridge,15,2500369,0,random,4,-0.048238218740679246,0.7317135865527331,0.0
robocasa/CloseFridge,15,2500369,0,random,8,-0.043508354070899743,0.9024585839693834,0.0
robocasa/CloseFridge,15,2500369,0,learned_wam,1,-0.053130670990449394,0.5550992846498771,0.0
robocasa/CloseFridge,15,2500369,0,learned_wam,2,-0.04997468651802311,0.6690282441895454,0.0
robocasa/CloseFridge,15,2500369,0,learned_wam,4,-0.04899149974355914,0.7045206387898671,0.0
robocasa/CloseFridge,15,2500369,0,learned_wam,8,-0.04952469146483532,0.6852727690456097,0.0
robocasa/CloseFridge,15,2500369,0,learned_physics_score,1,-0.053130670990449394,0.5550992846498771,0.0
robocasa/CloseFridge,15,2500369,0,learned_physics_score,2,-0.04997468651802311,0.6690282441895454,0.0
robocasa/CloseFridge,15,2500369,0,learned_physics_score,4,-0.04899149974355914,0.7045206387898671,0.0
robocasa/CloseFridge,15,2500369,0,learned_physics_score,8,-0.04952469146483532,0.6852727690456097,0.0
robocasa/CloseFridge,15,2500369,0,learned_energy_regularized,1,-0.053130670990449394,0.5550992846498771,0.0
robocasa/CloseFridge,15,2500369,0,learned_energy_regularized,2,-0.049028536310579254,0.7031836431289605,0.0
robocasa/CloseFridge,15,2500369,0,learned_energy_regularized,4,-0.04753949196641778,0.7569371626158046,0.0
robocasa/CloseFridge,15,2500369,0,learned_energy_regularized,8,-0.047365442334847956,0.7632202396100868,0.0
robocasa/CloseFridge,15,2500369,0,predicted_progress,1,-0.0531306709904494,0.5550992846498771,0.0
robocasa/CloseFridge,15,2500369,0,predicted_progress,2,-0.05091360432231977,0.6351339302373127,0.0
robocasa/CloseFridge,15,2500369,0,predicted_progress,4,-0.050054943305723576,0.6661310270458625,0.0
robocasa/CloseFridge,15,2500369,0,predicted_progress,8,-0.05029667201331432,0.6574047800103344,0.0
robocasa/CloseFridge,15,2500369,0,predicted_success,1,-0.0531306709904494,0.5550992846498771,0.0
robocasa/CloseFridge,15,2500369,0,predicted_success,2,-0.0531306709904494,0.5550992846498771,0.0
robocasa/CloseFridge,15,2500369,0,predicted_success,4,-0.0531306709904494,0.5550992846498771,0.0
robocasa/CloseFridge,15,2500369,0,predicted_success,8,-0.0531306709904494,0.5550992846498771,0.0
robocasa/CloseFridge,15,2500369,0,low_energy,1,-0.053130670990449394,0.5550992846498771,0.0
robocasa/CloseFridge,15,2500369,0,low_energy,2,-0.04891969386404957,0.7071127837173316,0.0
robocasa/CloseFridge,15,2500369,0,low_energy,4,-0.047522864490905134,0.7575374035236666,0.0
robocasa/CloseFridge,15,2500369,0,low_energy,8,-0.047363686571064316,0.7632836215255605,0.0
robocasa/CloseFridge,15,2500369,0,distance_progress,1,-0.053130670990449394,0.5550992846498771,0.0
robocasa/CloseFridge,15,2500369,0,distance_progress,2,-0.04909554901067287,0.700764528819523,0.0
robocasa/CloseFridge,15,2500369,0,distance_progress,4,-0.04451812580086183,0.866006489996086,0.0
robocasa/CloseFridge,15,2500369,0,distance_progress,8,-0.04171610809341271,0.9671574825977647,0.0
robocasa/CloseFridge,15,2500369,0,oracle_real_utility,1,-0.053130670990449394,0.5550992846498771,0.0
robocasa/CloseFridge,15,2500369,0,oracle_real_utility,2,-0.0473913121476809,0.7622863564160175,0.0
robocasa/CloseFridge,15,2500369,0,oracle_real_utility,4,-0.04338654084420849,0.9068559611733451,0.0
robocasa/CloseFridge,15,2500369,0,oracle_real_utility,8,-0.04148178171823625,0.9756165103115582,0.0
robocasa/CloseFridge,15,2510376,1,random,1,-0.04760961955647183,0.49929176597530023,0.0
robocasa/CloseFridge,15,2510376,1,random,2,-0.04506627695655586,0.5833966903224755,0.0
robocasa/CloseFridge,15,2510376,1,random,4,-0.041360050886574296,0.705956609398902,0.0
robocasa/CloseFridge,15,2510376,1,random,8,-0.03699334308469534,0.8503577723941603,0.0
robocasa/CloseFridge,15,2510376,1,learned_wam,1,-0.04760961955647183,0.49929176597530023,0.0
robocasa/CloseFridge,15,2510376,1,learned_wam,2,-0.04262848504998239,0.6640111949838973,0.0
robocasa/CloseFridge,15,2510376,1,learned_wam,4,-0.040293522714158134,0.7412252638295538,0.0
robocasa/CloseFridge,15,2510376,1,learned_wam,8,-0.04052094943845359,0.7337045674664184,0.0
robocasa/CloseFridge,15,2510376,1,learned_physics_score,1,-0.04760961955647183,0.49929176597530023,0.0
robocasa/CloseFridge,15,2510376,1,learned_physics_score,2,-0.04262848504998239,0.6640111949838973,0.0
robocasa/CloseFridge,15,2510376,1,learned_physics_score,4,-0.040293522714158134,0.7412252638295538,0.0
robocasa/CloseFridge,15,2510376,1,learned_physics_score,8,-0.04052094943845359,0.7337045674664184,0.0
robocasa/CloseFridge,15,2510376,1,learned_energy_regularized,1,-0.04760961955647183,0.49929176597530023,0.0
robocasa/CloseFridge,15,2510376,1,learned_energy_regularized,2,-0.04309088591578728,0.6487202193057195,0.0
robocasa/CloseFridge,15,2510376,1,learned_energy_regularized,4,-0.04053562775340937,0.7332191753022089,0.0
robocasa/CloseFridge,15,2510376,1,learned_energy_regularized,8,-0.04088601833036631,0.721632229458617,0.0
robocasa/CloseFridge,15,2510376,1,predicted_progress,1,-0.04760961955647183,0.4992917659753003,0.0
robocasa/CloseFridge,15,2510376,1,predicted_progress,2,-0.04427015644361096,0.6097233265824424,0.0
robocasa/CloseFridge,15,2510376,1,predicted_progress,4,-0.04362816773246616,0.6309530311390985,0.0
robocasa/CloseFridge,15,2510376,1,predicted_progress,8,-0.04371393717326904,0.6281167509107628,0.0
robocasa/CloseFridge,15,2510376,1,predicted_success,1,-0.047609619556471826,0.49929176597530023,0.0
robocasa/CloseFridge,15,2510376,1,predicted_success,2,-0.047609619556471826,0.49929176597530023,0.0
robocasa/CloseFridge,15,2510376,1,predicted_success,4,-0.047609619556471826,0.49929176597530023,0.0
robocasa/CloseFridge,15,2510376,1,predicted_success,8,-0.047609619556471826,0.49929176597530023,0.0
robocasa/CloseFridge,15,2510376,1,low_energy,1,-0.047609619556471826,0.49929176597530023,0.0
robocasa/CloseFridge,15,2510376,1,low_energy,2,-0.04329513769088691,0.6419658873910582,0.0
robocasa/CloseFridge,15,2510376,1,low_energy,4,-0.04111564395832071,0.7140388183043687,0.0
robocasa/CloseFridge,15,2510376,1,low_energy,8,-0.04135257830794498,0.7062037175393141,0.0
robocasa/CloseFridge,15,2510376,1,distance_progress,1,-0.04760961955647183,0.4992917659753003,0.0
robocasa/CloseFridge,15,2510376,1,distance_progress,2,-0.04372995321933251,0.6275871217752488,0.0
robocasa/CloseFridge,15,2510376,1,distance_progress,4,-0.041484872720705744,0.7018289189663003,0.0
robocasa/CloseFridge,15,2510376,1,distance_progress,8,-0.0387840258158708,0.7911422991660227,0.0
robocasa/CloseFridge,15,2510376,1,oracle_real_utility,1,-0.04760961955647183,0.49929176597530023,0.0
robocasa/CloseFridge,15,2510376,1,oracle_real_utility,2,-0.04197294778139748,0.6856889321408615,0.0
robocasa/CloseFridge,15,2510376,1,oracle_real_utility,4,-0.037950957435074706,0.818690751798867,0.0
robocasa/CloseFridge,15,2510376,1,oracle_real_utility,8,-0.035337476936853456,0.905115042255441,0.0
robocasa/OpenFridgeDrawer,16,2600372,0,random,1,-0.0487353379635971,0.4114520008495834,0.0
robocasa/OpenFridgeDrawer,16,2600372,0,random,2,-0.04955451256502637,0.392520631038703,0.0
robocasa/OpenFridgeDrawer,16,2600372,0,random,4,-0.051762215290679744,0.341499961380598,0.0
robocasa/OpenFridgeDrawer,16,2600372,0,random,8,-0.05466903961946601,0.27432238257444097,0.0
robocasa/OpenFridgeDrawer,16,2600372,0,learned_wam,1,-0.048735337963597095,0.4114520008495834,0.0
robocasa/OpenFridgeDrawer,16,2600372,0,learned_wam,2,-0.041828277331268766,0.5710762359133111,0.0
robocasa/OpenFridgeDrawer,16,2600372,0,learned_wam,4,-0.03463227690937932,0.7373779558498796,0.0
robocasa/OpenFridgeDrawer,16,2600372,0,learned_wam,8,-0.028774213696316615,0.8727595471107752,0.0
robocasa/OpenFridgeDrawer,16,2600372,0,learned_physics_score,1,-0.048735337963597095,0.4114520008495834,0.0
robocasa/OpenFridgeDrawer,16,2600372,0,learned_physics_score,2,-0.041828277331268766,0.5710762359133111,0.0
robocasa/OpenFridgeDrawer,16,2600372,0,learned_physics_score,4,-0.03463227690937932,0.7373779558498796,0.0
robocasa/OpenFridgeDrawer,16,2600372,0,learned_physics_score,8,-0.028774213696316615,0.8727595471107752,0.0
robocasa/OpenFridgeDrawer,16,2600372,0,learned_energy_regularized,1,-0.04873533796359711,0.4114520008495834,0.0
robocasa/OpenFridgeDrawer,16,2600372,0,learned_energy_regularized,2,-0.042733217588673225,0.5501627961658067,0.0
robocasa/OpenFridgeDrawer,16,2600372,0,learned_energy_regularized,4,-0.03520238212910539,0.7242026538728452,0.0
robocasa/OpenFridgeDrawer,16,2600372,0,learned_energy_regularized,8,-0.02883745375730217,0.8712980504050774,0.0
robocasa/OpenFridgeDrawer,16,2600372,0,predicted_progress,1,-0.048735337963597095,0.4114520008495834,0.0
robocasa/OpenFridgeDrawer,16,2600372,0,predicted_progress,2,-0.045223743147295825,0.49260600632946416,0.0
robocasa/OpenFridgeDrawer,16,2600372,0,predicted_progress,4,-0.04347881128537621,0.5329319030493476,0.0
robocasa/OpenFridgeDrawer,16,2600372,0,predicted_progress,8,-0.04122968786988694,0.5849098172261877,0.0
robocasa/OpenFridgeDrawer,16,2600372,0,predicted_success,1,-0.04873533796359711,0.41145200084958333,0.0
robocasa/OpenFridgeDrawer,16,2600372,0,predicted_success,2,-0.04873533796359711,0.41145200084958333,0.0
robocasa/OpenFridgeDrawer,16,2600372,0,predicted_success,4,-0.04873533796359711,0.41145200084958333,0.0
robocasa/OpenFridgeDrawer,16,2600372,0,predicted_success,8,-0.04873533796359711,0.41145200084958333,0.0
robocasa/OpenFridgeDrawer,16,2600372,0,low_energy,1,-0.04873533796359711,0.4114520008495834,0.0
robocasa/OpenFridgeDrawer,16,2600372,0,low_energy,2,-0.042733217588673225,0.5501627961658067,0.0
robocasa/OpenFridgeDrawer,16,2600372,0,low_energy,4,-0.03520238212910539,0.7242026538728452,0.0
robocasa/OpenFridgeDrawer,16,2600372,0,low_energy,8,-0.02883745375730217,0.8712980504050774,0.0
robocasa/OpenFridgeDrawer,16,2600372,0,distance_progress,1,-0.048735337963597095,0.4114520008495834,0.0
robocasa/OpenFridgeDrawer,16,2600372,0,distance_progress,2,-0.043943379265435706,0.5221955982158544,0.0
robocasa/OpenFridgeDrawer,16,2600372,0,distance_progress,4,-0.042395083583848074,0.5579771740527797,0.0
robocasa/OpenFridgeDrawer,16,2600372,0,distance_progress,8,-0.041334440319245956,0.5824889568211519,0.0
robocasa/OpenFridgeDrawer,16,2600372,0,oracle_real_utility,1,-0.0487353379635971,0.4114520008495834,0.0
robocasa/OpenFridgeDrawer,16,2600372,0,oracle_real_utility,2,-0.04069674316150985,0.5972263286822742,0.0
robocasa/OpenFridgeDrawer,16,2600372,0,oracle_real_utility,4,-0.03344010862163715,0.7649293212030935,0.0
robocasa/OpenFridgeDrawer,16,2600372,0,oracle_real_utility,8,-0.028170581968468965,0.8867096567083214,0.0
robocasa/OpenFridgeDrawer,16,2610379,1,random,1,-0.05515404566107111,0.3430872417479282,0.0
robocasa/OpenFridgeDrawer,16,2610379,1,random,2,-0.05378055263005262,0.39656434772054827,0.0
robocasa/OpenFridgeDrawer,16,2610379,1,random,4,-0.05374565250358803,0.3979231880781294,0.0
robocasa/OpenFridgeDrawer,16,2610379,1,random,8,-0.054753164908368436,0.3586955790387024,0.0
robocasa/OpenFridgeDrawer,16,2610379,1,learned_wam,1,-0.055154045661071106,0.34308724174792826,0.0
robocasa/OpenFridgeDrawer,16,2610379,1,learned_wam,2,-0.05193922886219503,0.46825649616239806,0.0
robocasa/OpenFridgeDrawer,16,2610379,1,learned_wam,4,-0.04705999754230169,0.6582299175530952,0.0
robocasa/OpenFridgeDrawer,16,2610379,1,learned_wam,8,-0.04201380600506482,0.8547039538245763,0.0
robocasa/OpenFridgeDrawer,16,2610379,1,learned_physics_score,1,-0.055154045661071106,0.34308724174792826,0.0
robocasa/OpenFridgeDrawer,16,2610379,1,learned_physics_score,2,-0.05193922886219503,0.46825649616239806,0.0
robocasa/OpenFridgeDrawer,16,2610379,1,learned_physics_score,4,-0.04705999754230169,0.6582299175530952,0.0
robocasa/OpenFridgeDrawer,16,2610379,1,learned_physics_score,8,-0.04201380600506482,0.8547039538245763,0.0
robocasa/OpenFridgeDrawer,16,2610379,1,learned_energy_regularized,1,-0.055154045661071106,0.34308724174792826,0.0
robocasa/OpenFridgeDrawer,16,2610379,1,learned_energy_regularized,2,-0.051809113128745664,0.4733225669099262,0.0
robocasa/OpenFridgeDrawer,16,2610379,1,learned_energy_regularized,4,-0.04785851177010983,0.6271396760908028,0.0
robocasa/OpenFridgeDrawer,16,2610379,1,learned_energy_regularized,8,-0.043872327071297304,0.7823422266321481,0.0
robocasa/OpenFridgeDrawer,16,2610379,1,predicted_progress,1,-0.05515404566107111,0.34308724174792826,0.0
robocasa/OpenFridgeDrawer,16,2610379,1,predicted_progress,2,-0.05291734133994596,0.4301735765956046,0.0
robocasa/OpenFridgeDrawer,16,2610379,1,predicted_progress,4,-0.050069915061242885,0.5410384396976124,0.0
robocasa/OpenFridgeDrawer,16,2610379,1,predicted_progress,8,-0.04581075563857461,0.7068692918799613,0.0
robocasa/OpenFridgeDrawer,16,2610379,1,predicted_success,1,-0.05515404566107111,0.34308724174792826,0.0
robocasa/OpenFridgeDrawer,16,2610379,1,predicted_success,2,-0.05515404566107111,0.34308724174792826,0.0
robocasa/OpenFridgeDrawer,16,2610379,1,predicted_success,4,-0.05515404566107111,0.34308724174792826,0.0
robocasa/OpenFridgeDrawer,16,2610379,1,predicted_success,8,-0.05515404566107111,0.34308724174792826,0.0
robocasa/OpenFridgeDrawer,16,2610379,1,low_energy,1,-0.05515404566107111,0.34308724174792826,0.0
robocasa/OpenFridgeDrawer,16,2610379,1,low_energy,2,-0.05256650441525648,0.4438334518021172,0.0
robocasa/OpenFridgeDrawer,16,2610379,1,low_energy,4,-0.051145445280273,0.49916254939391136,0.0
robocasa/OpenFridgeDrawer,16,2610379,1,low_energy,8,-0.05255951021788513,0.4441057716651046,0.0
robocasa/OpenFridgeDrawer,16,2610379,1,distance_progress,1,-0.05515404566107111,0.34308724174792826,0.0
robocasa/OpenFridgeDrawer,16,2610379,1,distance_progress,2,-0.05215743791843078,0.4597605019629577,0.0
robocasa/OpenFridgeDrawer,16,2610379,1,distance_progress,4,-0.05004226472434283,0.5421150086813562,0.0
robocasa/OpenFridgeDrawer,16,2610379,1,distance_progress,8,-0.04989631744662778,0.5477974823892832,0.0
robocasa/OpenFridgeDrawer,16,2610379,1,oracle_real_utility,1,-0.055154045661071106,0.34308724174792826,0.0
robocasa/OpenFridgeDrawer,16,2610379,1,oracle_real_utility,2,-0.050348255136827065,0.5302012374823201,0.0
robocasa/OpenFridgeDrawer,16,2610379,1,oracle_real_utility,4,-0.04525467743571634,0.7285202593852456,0.0
robocasa/OpenFridgeDrawer,16,2610379,1,oracle_real_utility,8,-0.041176396700727404,0.8873085794754995,0.0
robocasa/PickPlaceCounterToCabinet,17,2700375,0,random,1,-0.050273310391133544,0.45509537934215194,0.0
robocasa/PickPlaceCounterToCabinet,17,2700375,0,random,2,-0.05419968736116557,0.3830623886177726,0.0
robocasa/PickPlaceCounterToCabinet,17,2700375,0,random,4,-0.0586565775085128,0.30129664653702126,0.0
robocasa/PickPlaceCounterToCabinet,17,2700375,0,random,8,-0.061566271455057955,0.24791563939940042,0.0
robocasa/PickPlaceCounterToCabinet,17,2700375,0,learned_wam,1,-0.050273310391133544,0.45509537934215194,0.0
robocasa/PickPlaceCounterToCabinet,17,2700375,0,learned_wam,2,-0.0439221961383868,0.5716124019177627,0.0
robocasa/PickPlaceCounterToCabinet,17,2700375,0,learned_wam,4,-0.03734673292118218,0.6922453122441328,0.0
robocasa/PickPlaceCounterToCabinet,17,2700375,0,learned_wam,8,-0.029591585174465584,0.8345206184536818,0.0
robocasa/PickPlaceCounterToCabinet,17,2700375,0,learned_physics_score,1,-0.050273310391133544,0.45509537934215194,0.0
robocasa/PickPlaceCounterToCabinet,17,2700375,0,learned_physics_score,2,-0.0439221961383868,0.5716124019177627,0.0
robocasa/PickPlaceCounterToCabinet,17,2700375,0,learned_physics_score,4,-0.03734673292118218,0.6922453122441328,0.0
robocasa/PickPlaceCounterToCabinet,17,2700375,0,learned_physics_score,8,-0.029591585174465584,0.8345206184536818,0.0
robocasa/PickPlaceCounterToCabinet,17,2700375,0,learned_energy_regularized,1,-0.050273310391133544,0.45509537934215194,0.0
robocasa/PickPlaceCounterToCabinet,17,2700375,0,learned_energy_regularized,2,-0.043667644158262436,0.5762823917234081,0.0
robocasa/PickPlaceCounterToCabinet,17,2700375,0,learned_energy_regularized,4,-0.03741759678166282,0.6909452496562416,0.0
robocasa/PickPlaceCounterToCabinet,17,2700375,0,learned_energy_regularized,8,-0.03036601233844583,0.8203130410495076,0.0
robocasa/PickPlaceCounterToCabinet,17,2700375,0,predicted_progress,1,-0.050273310391133544,0.45509537934215194,0.0
robocasa/PickPlaceCounterToCabinet,17,2700375,0,predicted_progress,2,-0.045240809808920146,0.5474212233774622,0.0
robocasa/PickPlaceCounterToCabinet,17,2700375,0,predicted_progress,4,-0.04098491293289916,0.6254995593432098,0.0
robocasa/PickPlaceCounterToCabinet,17,2700375,0,predicted_progress,8,-0.039483261047772146,0.653048741996377,0.0
robocasa/PickPlaceCounterToCabinet,17,2700375,0,predicted_success,1,-0.050273310391133544,0.455095379342152,0.0
robocasa/PickPlaceCounterToCabinet,17,2700375,0,predicted_success,2,-0.050273310391133544,0.455095379342152,0.0
robocasa/PickPlaceCounterToCabinet,17,2700375,0,predicted_success,4,-0.050273310391133544,0.455095379342152,0.0
robocasa/PickPlaceCounterToCabinet,17,2700375,0,predicted_success,8,-0.050273310391133544,0.455095379342152,0.0
robocasa/PickPlaceCounterToCabinet,17,2700375,0,low_energy,1,-0.050273310391133544,0.455095379342152,0.0
robocasa/PickPlaceCounterToCabinet,17,2700375,0,low_energy,2,-0.04394114189146478,0.5712648246815094,0.0
robocasa/PickPlaceCounterToCabinet,17,2700375,0,low_energy,4,-0.03818492614828532,0.6768678878618106,0.0
robocasa/PickPlaceCounterToCabinet,17,2700375,0,low_energy,8,-0.031061351050921428,0.8075564139074001,0.0
robocasa/PickPlaceCounterToCabinet,17,2700375,0,distance_progress,1,-0.05027331039113354,0.455095379342152,0.0
robocasa/PickPlaceCounterToCabinet,17,2700375,0,distance_progress,2,-0.04572432726090421,0.5385506517538824,0.0
robocasa/PickPlaceCounterToCabinet,17,2700375,0,distance_progress,4,-0.04232233703145333,0.6009632862290855,0.0
robocasa/PickPlaceCounterToCabinet,17,2700375,0,distance_progress,8,-0.04230723742017142,0.601240302462553,0.0
robocasa/PickPlaceCounterToCabinet,17,2700375,0,oracle_real_utility,1,-0.050273310391133544,0.45509537934215194,0.0
robocasa/PickPlaceCounterToCabinet,17,2700375,0,oracle_real_utility,2,-0.04174341356054215,0.6115841688719285,0.0
robocasa/PickPlaceCounterToCabinet,17,2700375,0,oracle_real_utility,4,-0.03434322380060009,0.7473474448907883,0.0
robocasa/PickPlaceCounterToCabinet,17,2700375,0,oracle_real_utility,8,-0.02779303886744482,0.8675166018856895,0.0
robocasa/PickPlaceCounterToCabinet,17,2710382,1,random,1,-0.06157983737785397,0.4056541595624991,0.0
robocasa/PickPlaceCounterToCabinet,17,2710382,1,random,2,-0.06569355202833414,0.3102747728862556,0.0
robocasa/PickPlaceCounterToCabinet,17,2710382,1,random,4,-0.06912616281078063,0.23068726161106518,0.0
robocasa/PickPlaceCounterToCabinet,17,2710382,1,random,8,-0.07400819917176309,0.11749379210600977,0.0
robocasa/PickPlaceCounterToCabinet,17,2710382,1,learned_wam,1,-0.06157983737785397,0.4056541595624992,0.0
robocasa/PickPlaceCounterToCabinet,17,2710382,1,learned_wam,2,-0.05476565605188199,0.5636457780370709,0.0
robocasa/PickPlaceCounterToCabinet,17,2710382,1,learned_wam,4,-0.04781415399406172,0.7248212749024526,0.0
robocasa/PickPlaceCounterToCabinet,17,2710382,1,learned_wam,8,-0.043324386847787895,0.8289197049383719,0.0
robocasa/PickPlaceCounterToCabinet,17,2710382,1,learned_physics_score,1,-0.06157983737785397,0.4056541595624992,0.0
robocasa/PickPlaceCounterToCabinet,17,2710382,1,learned_physics_score,2,-0.05476565605188199,0.5636457780370709,0.0
robocasa/PickPlaceCounterToCabinet,17,2710382,1,learned_physics_score,4,-0.04781415399406172,0.7248212749024526,0.0
robocasa/PickPlaceCounterToCabinet,17,2710382,1,learned_physics_score,8,-0.043324386847787895,0.8289197049383719,0.0
robocasa/PickPlaceCounterToCabinet,17,2710382,1,learned_energy_regularized,1,-0.06157983737785396,0.4056541595624992,0.0
robocasa/PickPlaceCounterToCabinet,17,2710382,1,learned_energy_regularized,2,-0.054781559810295026,0.5632770381384232,0.0
robocasa/PickPlaceCounterToCabinet,17,2710382,1,learned_energy_regularized,4,-0.047824093843069876,0.7245908124657978,0.0
robocasa/PickPlaceCounterToCabinet,17,2710382,1,learned_energy_regularized,8,-0.04332527745437627,0.828899055594072,0.0
robocasa/PickPlaceCounterToCabinet,17,2710382,1,predicted_progress,1,-0.06157983737785397,0.4056541595624991,0.0
robocasa/PickPlaceCounterToCabinet,17,2710382,1,predicted_progress,2,-0.05870560724698449,0.47229522009806907,0.0
robocasa/PickPlaceCounterToCabinet,17,2710382,1,predicted_progress,4,-0.055414561922117245,0.5486004360111165,0.0
robocasa/PickPlaceCounterToCabinet,17,2710382,1,predicted_progress,8,-0.04964214211529227,0.682438076098404,0.0
robocasa/PickPlaceCounterToCabinet,17,2710382,1,predicted_success,1,-0.06157983737785397,0.4056541595624991,0.0
robocasa/PickPlaceCounterToCabinet,17,2710382,1,predicted_success,2,-0.06157983737785397,0.4056541595624991,0.0
robocasa/PickPlaceCounterToCabinet,17,2710382,1,predicted_success,4,-0.06157983737785397,0.4056541595624991,0.0
robocasa/PickPlaceCounterToCabinet,17,2710382,1,predicted_success,8,-0.06157983737785397,0.4056541595624991,0.0
robocasa/PickPlaceCounterToCabinet,17,2710382,1,low_energy,1,-0.06157983737785396,0.4056541595624992,0.0
robocasa/PickPlaceCounterToCabinet,17,2710382,1,low_energy,2,-0.05435177995337469,0.5732417884047263,0.0
robocasa/PickPlaceCounterToCabinet,17,2710382,1,low_energy,4,-0.04678334271688636,0.7487213641768665,0.0
robocasa/PickPlaceCounterToCabinet,17,2710382,1,low_energy,8,-0.04040740205417843,0.8965520625998165,0.0
robocasa/PickPlaceCounterToCabinet,17,2710382,1,distance_progress,1,-0.06157983737785396,0.4056541595624992,0.0
robocasa/PickPlaceCounterToCabinet,17,2710382,1,distance_progress,2,-0.055276842721841274,0.5517935531745379,0.0
robocasa/PickPlaceCounterToCabinet,17,2710382,1,distance_progress,4,-0.051793459624632984,0.6325582565142163,0.0
robocasa/PickPlaceCounterToCabinet,17,2710382,1,distance_progress,8,-0.05206661476347712,0.6262249612266162,0.0
robocasa/PickPlaceCounterToCabinet,17,2710382,1,oracle_real_utility,1,-0.06157983737785396,0.4056541595624991,0.0
robocasa/PickPlaceCounterToCabinet,17,2710382,1,oracle_real_utility,2,-0.05332736455231726,0.5969935847630735,0.0
robocasa/PickPlaceCounterToCabinet,17,2710382,1,oracle_real_utility,4,-0.04563619127169489,0.7753188826154287,0.0
robocasa/PickPlaceCounterToCabinet,17,2710382,1,oracle_real_utility,8,-0.039910002937134176,0.9080846132864442,0.0
robocasa/PickPlaceCounterToDrawer,18,2800378,0,random,1,-0.05980399339992657,0.5259108415824354,0.0
robocasa/PickPlaceCounterToDrawer,18,2800378,0,random,2,-0.05746954263683645,0.5728921440391098,0.0
robocasa/PickPlaceCounterToDrawer,18,2800378,0,random,4,-0.05485790810930667,0.625451826849363,0.0
robocasa/PickPlaceCounterToDrawer,18,2800378,0,random,8,-0.05445997175647341,0.633460377916946,0.0
robocasa/PickPlaceCounterToDrawer,18,2800378,0,learned_wam,1,-0.05980399339992657,0.5259108415824354,0.0
robocasa/PickPlaceCounterToDrawer,18,2800378,0,learned_wam,2,-0.05092473591728998,0.704607727367357,0.0
robocasa/PickPlaceCounterToDrawer,18,2800378,0,learned_wam,4,-0.042979495120939445,0.8645073349522878,0.0
robocasa/PickPlaceCounterToDrawer,18,2800378,0,learned_wam,8,-0.03843586554167227,0.9559488161305321,0.0
robocasa/PickPlaceCounterToDrawer,18,2800378,0,learned_physics_score,1,-0.05980399339992657,0.5259108415824354,0.0
robocasa/PickPlaceCounterToDrawer,18,2800378,0,learned_physics_score,2,-0.05092473591728998,0.704607727367357,0.0
robocasa/PickPlaceCounterToDrawer,18,2800378,0,learned_physics_score,4,-0.042979495120939445,0.8645073349522878,0.0
robocasa/PickPlaceCounterToDrawer,18,2800378,0,learned_physics_score,8,-0.03843586554167227,0.9559488161305321,0.0
robocasa/PickPlaceCounterToDrawer,18,2800378,0,learned_energy_regularized,1,-0.05980399339992657,0.5259108415824354,0.0
robocasa/PickPlaceCounterToDrawer,18,2800378,0,learned_energy_regularized,2,-0.05581703521285014,0.6061491963298301,0.0
robocasa/PickPlaceCounterToDrawer,18,2800378,0,learned_energy_regularized,4,-0.04878648027619789,0.7476405625816073,0.0
robocasa/PickPlaceCounterToDrawer,18,2800378,0,learned_energy_regularized,8,-0.04095911819092496,0.9051678368254787,0.0
robocasa/PickPlaceCounterToDrawer,18,2800378,0,predicted_progress,1,-0.05980399339992657,0.5259108415824354,0.0
robocasa/PickPlaceCounterToDrawer,18,2800378,0,predicted_progress,2,-0.054480604054111835,0.6330451486771379,0.0
robocasa/PickPlaceCounterToDrawer,18,2800378,0,predicted_progress,4,-0.05288742858475037,0.6651081331598547,0.0
robocasa/PickPlaceCounterToDrawer,18,2800378,0,predicted_progress,8,-0.054210998804547356,0.6384710098578337,0.0
robocasa/PickPlaceCounterToDrawer,18,2800378,0,predicted_success,1,-0.059803993399926564,0.5259108415824354,0.0
robocasa/PickPlaceCounterToDrawer,18,2800378,0,predicted_success,2,-0.059803993399926564,0.5259108415824354,0.0
robocasa/PickPlaceCounterToDrawer,18,2800378,0,predicted_success,4,-0.059803993399926564,0.5259108415824354,0.0
robocasa/PickPlaceCounterToDrawer,18,2800378,0,predicted_success,8,-0.059803993399926564,0.5259108415824354,0.0
robocasa/PickPlaceCounterToDrawer,18,2800378,0,low_energy,1,-0.05980399339992657,0.5259108415824354,0.0
robocasa/PickPlaceCounterToDrawer,18,2800378,0,low_energy,2,-0.05581703521285014,0.6061491963298301,0.0
robocasa/PickPlaceCounterToDrawer,18,2800378,0,low_energy,4,-0.04878648027619789,0.7476405625816073,0.0
robocasa/PickPlaceCounterToDrawer,18,2800378,0,low_energy,8,-0.04095911819092496,0.9051678368254787,0.0
robocasa/PickPlaceCounterToDrawer,18,2800378,0,distance_progress,1,-0.05980399339992657,0.5259108415824354,0.0
robocasa/PickPlaceCounterToDrawer,18,2800378,0,distance_progress,2,-0.05248140681841997,0.6732794048394989,0.0
robocasa/PickPlaceCounterToDrawer,18,2800378,0,distance_progress,4,-0.049828090647527135,0.7266779393080063,0.0
robocasa/PickPlaceCounterToDrawer,18,2800378,0,distance_progress,8,-0.05246242194828347,0.6736614792614941,0.0
robocasa/PickPlaceCounterToDrawer,18,2800378,0,oracle_real_utility,1,-0.05980399339992657,0.5259108415824354,0.0
robocasa/PickPlaceCounterToDrawer,18,2800378,0,oracle_real_utility,2,-0.05052288518519944,0.7126950561237754,0.0
robocasa/PickPlaceCounterToDrawer,18,2800378,0,oracle_real_utility,4,-0.04293554269711705,0.8653918865350211,0.0
robocasa/PickPlaceCounterToDrawer,18,2800378,0,oracle_real_utility,8,-0.038435670858433385,0.9559527341708156,0.0
robocasa/PickPlaceCounterToDrawer,18,2810385,1,random,1,-0.045201616403492205,0.6029592212181373,0.0
robocasa/PickPlaceCounterToDrawer,18,2810385,1,random,2,-0.04208514343525064,0.6719458263202182,0.0
robocasa/PickPlaceCounterToDrawer,18,2810385,1,random,4,-0.041581839384439885,0.6830870228437838,0.0
robocasa/PickPlaceCounterToDrawer,18,2810385,1,random,8,-0.041548284965477335,0.6838297873323541,0.0
robocasa/PickPlaceCounterToDrawer,18,2810385,1,learned_wam,1,-0.04520161640349221,0.6029592212181372,0.0
robocasa/PickPlaceCounterToDrawer,18,2810385,1,learned_wam,2,-0.0381775470409314,0.7584448308359927,0.0
robocasa/PickPlaceCounterToDrawer,18,2810385,1,learned_wam,4,-0.03262987141615119,0.881248818376143,0.0
robocasa/PickPlaceCounterToDrawer,18,2810385,1,learned_wam,8,-0.029604419836782647,0.948220563515049,0.0
robocasa/PickPlaceCounterToDrawer,18,2810385,1,learned_physics_score,1,-0.04520161640349221,0.6029592212181372,0.0
robocasa/PickPlaceCounterToDrawer,18,2810385,1,learned_physics_score,2,-0.0381775470409314,0.7584448308359927,0.0
robocasa/PickPlaceCounterToDrawer,18,2810385,1,learned_physics_score,4,-0.03262987141615119,0.881248818376143,0.0
robocasa/PickPlaceCounterToDrawer,18,2810385,1,learned_physics_score,8,-0.029604419836782647,0.948220563515049,0.0
robocasa/PickPlaceCounterToDrawer,18,2810385,1,learned_energy_regularized,1,-0.04520161640349221,0.6029592212181372,0.0
robocasa/PickPlaceCounterToDrawer,18,2810385,1,learned_energy_regularized,2,-0.038499047629288345,0.7513280567278632,0.0
robocasa/PickPlaceCounterToDrawer,18,2810385,1,learned_energy_regularized,4,-0.033719959348548934,0.8571185061657667,0.0
robocasa/PickPlaceCounterToDrawer,18,2810385,1,learned_energy_regularized,8,-0.031319084326834196,0.9102645525811599,0.0
robocasa/PickPlaceCounterToDrawer,18,2810385,1,predicted_progress,1,-0.04520161640349221,0.6029592212181372,0.0
robocasa/PickPlaceCounterToDrawer,18,2810385,1,predicted_progress,2,-0.039268970495567664,0.7342849553512956,0.0
robocasa/PickPlaceCounterToDrawer,18,2810385,1,predicted_progress,4,-0.03271635134069968,0.8793344887911023,0.0
robocasa/PickPlaceCounterToDrawer,18,2810385,1,predicted_progress,8,-0.028908997044181397,0.9636145226672884,0.0
robocasa/PickPlaceCounterToDrawer,18,2810385,1,predicted_success,1,-0.04520161640349221,0.6029592212181372,0.0
robocasa/PickPlaceCounterToDrawer,18,2810385,1,predicted_success,2,-0.04520161640349221,0.6029592212181372,0.0
robocasa/PickPlaceCounterToDrawer,18,2810385,1,predicted_success,4,-0.04520161640349221,0.6029592212181372,0.0
robocasa/PickPlaceCounterToDrawer,18,2810385,1,predicted_success,8,-0.04520161640349221,0.6029592212181372,0.0
robocasa/PickPlaceCounterToDrawer,18,2810385,1,low_energy,1,-0.04520161640349221,0.6029592212181372,0.0
robocasa/PickPlaceCounterToDrawer,18,2810385,1,low_energy,2,-0.03950058980896585,0.7291578035132255,0.0
robocasa/PickPlaceCounterToDrawer,18,2810385,1,low_energy,4,-0.03490929068691597,0.8307913304733843,0.0
robocasa/PickPlaceCounterToDrawer,18,2810385,1,low_energy,8,-0.03162356928758698,0.9035244383683845,0.0
robocasa/PickPlaceCounterToDrawer,18,2810385,1,distance_progress,1,-0.04520161640349221,0.6029592212181372,0.0
robocasa/PickPlaceCounterToDrawer,18,2810385,1,distance_progress,2,-0.041227551755819304,0.6909295746570895,0.0
robocasa/PickPlaceCounterToDrawer,18,2810385,1,distance_progress,4,-0.0371275425893849,0.7816878504907201,0.0
robocasa/PickPlaceCounterToDrawer,18,2810385,1,distance_progress,8,-0.032020301096871304,0.8947423372760801,0.0
robocasa/PickPlaceCounterToDrawer,18,2810385,1,oracle_real_utility,1,-0.04520161640349221,0.6029592212181372,0.0
robocasa/PickPlaceCounterToDrawer,18,2810385,1,oracle_real_utility,2,-0.036978132302772374,0.7849952138292646,0.0
robocasa/PickPlaceCounterToDrawer,18,2810385,1,oracle_real_utility,4,-0.03165179027169899,0.9028997354088637,0.0
robocasa/PickPlaceCounterToDrawer,18,2810385,1,oracle_real_utility,8,-0.02878290756188026,0.9664056539916015,0.0
robocasa/PickPlaceCounterToMicrowave,19,2900381,0,random,1,-0.05847462320062281,0.3602843432382566,0.0
robocasa/PickPlaceCounterToMicrowave,19,2900381,0,random,2,-0.059179659218129135,0.33768680376679766,0.0
robocasa/PickPlaceCounterToMicrowave,19,2900381,0,random,4,-0.05885604403918002,0.3480591912736534,0.0
robocasa/PickPlaceCounterToMicrowave,19,2900381,0,random,8,-0.06018217903246963,0.3055544296568812,0.0
robocasa/PickPlaceCounterToMicrowave,19,2900381,0,learned_wam,1,-0.0584746232006228,0.3602843432382566,0.0
robocasa/PickPlaceCounterToMicrowave,19,2900381,0,learned_wam,2,-0.05397760162400563,0.5044211249888377,0.0
robocasa/PickPlaceCounterToMicrowave,19,2900381,0,learned_wam,4,-0.04790138433784634,0.6991736717406958,0.0
robocasa/PickPlaceCounterToMicrowave,19,2900381,0,learned_wam,8,-0.041769034474721106,0.8957253579579516,0.0
robocasa/PickPlaceCounterToMicrowave,19,2900381,0,learned_physics_score,1,-0.0584746232006228,0.3602843432382566,0.0
robocasa/PickPlaceCounterToMicrowave,19,2900381,0,learned_physics_score,2,-0.05397760162400563,0.5044211249888377,0.0
robocasa/PickPlaceCounterToMicrowave,19,2900381,0,learned_physics_score,4,-0.04790138433784634,0.6991736717406958,0.0
robocasa/PickPlaceCounterToMicrowave,19,2900381,0,learned_physics_score,8,-0.041769034474721106,0.8957253579579516,0.0
robocasa/PickPlaceCounterToMicrowave,19,2900381,0,learned_energy_regularized,1,-0.0584746232006228,0.3602843432382566,0.0
robocasa/PickPlaceCounterToMicrowave,19,2900381,0,learned_energy_regularized,2,-0.05403611651442364,0.5025456285417687,0.0
robocasa/PickPlaceCounterToMicrowave,19,2900381,0,learned_energy_regularized,4,-0.047924241716915866,0.6984410559410594,0.0
robocasa/PickPlaceCounterToMicrowave,19,2900381,0,learned_energy_regularized,8,-0.04176970970491335,0.8957037157431674,0.0
robocasa/PickPlaceCounterToMicrowave,19,2900381,0,predicted_progress,1,-0.05847462320062281,0.3602843432382566,0.0
robocasa/PickPlaceCounterToMicrowave,19,2900381,0,predicted_progress,2,-0.05609511680689866,0.4365513541704849,0.0
robocasa/PickPlaceCounterToMicrowave,19,2900381,0,predicted_progress,4,-0.054947458816527815,0.4733356404951302,0.0
robocasa/PickPlaceCounterToMicrowave,19,2900381,0,predicted_progress,8,-0.05590822673106199,0.4425414819947069,0.0
robocasa/PickPlaceCounterToMicrowave,19,2900381,0,predicted_success,1,-0.0584746232006228,0.36028434323825653,0.0
robocasa/PickPlaceCounterToMicrowave,19,2900381,0,predicted_success,2,-0.0584746232006228,0.36028434323825653,0.0
robocasa/PickPlaceCounterToMicrowave,19,2900381,0,predicted_success,4,-0.0584746232006228,0.36028434323825653,0.0
robocasa/PickPlaceCounterToMicrowave,19,2900381,0,predicted_success,8,-0.0584746232006228,0.36028434323825653,0.0
robocasa/PickPlaceCounterToMicrowave,19,2900381,0,low_energy,1,-0.0584746232006228,0.3602843432382566,0.0
robocasa/PickPlaceCounterToMicrowave,19,2900381,0,low_energy,2,-0.05407195440057138,0.5013969665916149,0.0
robocasa/PickPlaceCounterToMicrowave,19,2900381,0,low_energy,4,-0.0479550399003241,0.6974539245776461,0.0
robocasa/PickPlaceCounterToMicrowave,19,2900381,0,low_energy,8,-0.04177330998083689,0.8955883211033615,0.0
robocasa/PickPlaceCounterToMicrowave,19,2900381,0,distance_progress,1,-0.05847462320062281,0.3602843432382566,0.0
robocasa/PickPlaceCounterToMicrowave,19,2900381,0,distance_progress,2,-0.05765467223031227,0.38656509196055433,0.0
robocasa/PickPlaceCounterToMicrowave,19,2900381,0,distance_progress,4,-0.06088949297821912,0.28288387891775674,0.0
robocasa/PickPlaceCounterToMicrowave,19,2900381,0,distance_progress,8,-0.06485122435331478,0.15590400994498166,0.0
robocasa/PickPlaceCounterToMicrowave,19,2900381,0,oracle_real_utility,1,-0.05847462320062281,0.36028434323825653,0.0
robocasa/PickPlaceCounterToMicrowave,19,2900381,0,oracle_real_utility,2,-0.05251588768852555,0.5512714099853712,0.0
robocasa/PickPlaceCounterToMicrowave,19,2900381,0,oracle_real_utility,4,-0.046071994470662514,0.7578085623078326,0.0
robocasa/PickPlaceCounterToMicrowave,19,2900381,0,oracle_real_utility,8,-0.04097366218800799,0.9212183202991879,0.0
robocasa/PickPlaceCounterToMicrowave,19,2910388,1,random,1,-0.047050305855816335,0.5021902330699759,0.0
robocasa/PickPlaceCounterToMicrowave,19,2910388,1,random,2,-0.04863733236670738,0.47590304504156866,0.0
robocasa/PickPlaceCounterToMicrowave,19,2910388,1,random,4,-0.051822537271872485,0.423143951430669,0.0
robocasa/PickPlaceCounterToMicrowave,19,2910388,1,random,8,-0.05957611761785159,0.29471520556574987,0.0
robocasa/PickPlaceCounterToMicrowave,19,2910388,1,learned_wam,1,-0.047050305855816335,0.5021902330699759,0.0
robocasa/PickPlaceCounterToMicrowave,19,2910388,1,learned_wam,2,-0.04013608339499637,0.6167160236919379,0.0
robocasa/PickPlaceCounterToMicrowave,19,2910388,1,learned_wam,4,-0.03348591227398219,0.7268681210132567,0.0
robocasa/PickPlaceCounterToMicrowave,19,2910388,1,learned_wam,8,-0.02615596177836288,0.8482799472146211,0.0
robocasa/PickPlaceCounterToMicrowave,19,2910388,1,learned_physics_score,1,-0.047050305855816335,0.5021902330699759,0.0
robocasa/PickPlaceCounterToMicrowave,19,2910388,1,learned_physics_score,2,-0.04013608339499637,0.6167160236919379,0.0
robocasa/PickPlaceCounterToMicrowave,19,2910388,1,learned_physics_score,4,-0.03348591227398219,0.7268681210132567,0.0
robocasa/PickPlaceCounterToMicrowave,19,2910388,1,learned_physics_score,8,-0.02615596177836288,0.8482799472146211,0.0
robocasa/PickPlaceCounterToMicrowave,19,2910388,1,learned_energy_regularized,1,-0.047050305855816335,0.5021902330699759,0.0
robocasa/PickPlaceCounterToMicrowave,19,2910388,1,learned_energy_regularized,2,-0.039622230763423825,0.6252273753627147,0.0
robocasa/PickPlaceCounterToMicrowave,19,2910388,1,learned_energy_regularized,4,-0.03285099715591669,0.7373847273686825,0.0
robocasa/PickPlaceCounterToMicrowave,19,2910388,1,learned_energy_regularized,8,-0.025693939759769833,0.8559327870334094,0.0
robocasa/PickPlaceCounterToMicrowave,19,2910388,1,predicted_progress,1,-0.047050305855816335,0.5021902330699759,0.0
robocasa/PickPlaceCounterToMicrowave,19,2910388,1,predicted_progress,2,-0.04582255083222448,0.5225265204202483,0.0
robocasa/PickPlaceCounterToMicrowave,19,2910388,1,predicted_progress,4,-0.04599023416515757,0.5197490474090588,0.0
robocasa/PickPlaceCounterToMicrowave,19,2910388,1,predicted_progress,8,-0.04542406536973649,0.5291269534987906,0.0
robocasa/PickPlaceCounterToMicrowave,19,2910388,1,predicted_success,1,-0.047050305855816335,0.5021902330699759,0.0
robocasa/PickPlaceCounterToMicrowave,19,2910388,1,predicted_success,2,-0.047050305855816335,0.5021902330699759,0.0
robocasa/PickPlaceCounterToMicrowave,19,2910388,1,predicted_success,4,-0.047050305855816335,0.5021902330699759,0.0
robocasa/PickPlaceCounterToMicrowave,19,2910388,1,predicted_success,8,-0.047050305855816335,0.5021902330699759,0.0
robocasa/PickPlaceCounterToMicrowave,19,2910388,1,low_energy,1,-0.047050305855816335,0.5021902330699759,0.0
robocasa/PickPlaceCounterToMicrowave,19,2910388,1,low_energy,2,-0.039622230763423825,0.6252273753627147,0.0
robocasa/PickPlaceCounterToMicrowave,19,2910388,1,low_energy,4,-0.03285099715591669,0.7373847273686825,0.0
robocasa/PickPlaceCounterToMicrowave,19,2910388,1,low_energy,8,-0.025693939759769833,0.8559327870334094,0.0
robocasa/PickPlaceCounterToMicrowave,19,2910388,1,distance_progress,1,-0.047050305855816335,0.5021902330699759,0.0
robocasa/PickPlaceCounterToMicrowave,19,2910388,1,distance_progress,2,-0.043724361477535084,0.5572805070155669,0.0
robocasa/PickPlaceCounterToMicrowave,19,2910388,1,distance_progress,4,-0.03984102509131381,0.6216033101077719,0.0
robocasa/PickPlaceCounterToMicrowave,19,2910388,1,distance_progress,8,-0.03842664974106118,0.6450307390257429,0.0
robocasa/PickPlaceCounterToMicrowave,19,2910388,1,oracle_real_utility,1,-0.047050305855816335,0.5021902330699759,0.0
robocasa/PickPlaceCounterToMicrowave,19,2910388,1,oracle_real_utility,2,-0.03878019811009269,0.6391746349278661,0.0
robocasa/PickPlaceCounterToMicrowave,19,2910388,1,oracle_real_utility,4,-0.03217000243333339,0.7486645870282728,0.0
robocasa/PickPlaceCounterToMicrowave,19,2910388,1,oracle_real_utility,8,-0.02554749067182674,0.8583585402800816,0.0
robocasa/PickPlaceCounterToSink,20,3000384,0,random,1,-0.05708844768274445,0.4352623905299924,0.0
robocasa/PickPlaceCounterToSink,20,3000384,0,random,2,-0.05597503793374567,0.45943461183945344,0.0
robocasa/PickPlaceCounterToSink,20,3000384,0,random,4,-0.05557219071174348,0.4681804596397761,0.0
robocasa/PickPlaceCounterToSink,20,3000384,0,random,8,-0.052564500033661074,0.5334776826669573,0.0
robocasa/PickPlaceCounterToSink,20,3000384,0,learned_wam,1,-0.05708844768274446,0.4352623905299923,0.0
robocasa/PickPlaceCounterToSink,20,3000384,0,learned_wam,2,-0.053434846045159835,0.514582395981464,0.0
robocasa/PickPlaceCounterToSink,20,3000384,0,learned_wam,4,-0.04829340146478962,0.6262035995489696,0.0
robocasa/PickPlaceCounterToSink,20,3000384,0,learned_wam,8,-0.046012839488219694,0.6757147959949878,0.0
robocasa/PickPlaceCounterToSink,20,3000384,0,learned_physics_score,1,-0.05708844768274446,0.4352623905299923,0.0
robocasa/PickPlaceCounterToSink,20,3000384,0,learned_physics_score,2,-0.053434846045159835,0.514582395981464,0.0
robocasa/PickPlaceCounterToSink,20,3000384,0,learned_physics_score,4,-0.04829340146478962,0.6262035995489696,0.0
robocasa/PickPlaceCounterToSink,20,3000384,0,learned_physics_score,8,-0.046012839488219694,0.6757147959949878,0.0
robocasa/PickPlaceCounterToSink,20,3000384,0,learned_energy_regularized,1,-0.05708844768274446,0.4352623905299923,0.0
robocasa/PickPlaceCounterToSink,20,3000384,0,learned_energy_regularized,2,-0.05287009323820931,0.5268432279411476,0.0
robocasa/PickPlaceCounterToSink,20,3000384,0,learned_energy_regularized,4,-0.046378536478723004,0.6677754829122715,0.0
robocasa/PickPlaceCounterToSink,20,3000384,0,learned_energy_regularized,8,-0.04300083385338118,0.7411056971040639,0.0
robocasa/PickPlaceCounterToSink,20,3000384,0,predicted_progress,1,-0.05708844768274445,0.4352623905299924,0.0
robocasa/PickPlaceCounterToSink,20,3000384,0,predicted_progress,2,-0.05610668587868228,0.4565765236443349,0.0
robocasa/PickPlaceCounterToSink,20,3000384,0,predicted_progress,4,-0.05645141128092135,0.4490925055446111,0.0
robocasa/PickPlaceCounterToSink,20,3000384,0,predicted_progress,8,-0.05559117077741411,0.46776840078339277,0.0
robocasa/PickPlaceCounterToSink,20,3000384,0,predicted_success,1,-0.05708844768274446,0.43526239052999227,0.0
robocasa/PickPlaceCounterToSink,20,3000384,0,predicted_success,2,-0.05708844768274446,0.43526239052999227,0.0
robocasa/PickPlaceCounterToSink,20,3000384,0,predicted_success,4,-0.05708844768274446,0.43526239052999227,0.0
robocasa/PickPlaceCounterToSink,20,3000384,0,predicted_success,8,-0.05708844768274446,0.43526239052999227,0.0
robocasa/PickPlaceCounterToSink,20,3000384,0,low_energy,1,-0.05708844768274445,0.4352623905299923,0.0
robocasa/PickPlaceCounterToSink,20,3000384,0,low_energy,2,-0.05384104649033032,0.5057637494180655,0.0
robocasa/PickPlaceCounterToSink,20,3000384,0,low_energy,4,-0.04825975840470746,0.6269339932737998,0.0
robocasa/PickPlaceCounterToSink,20,3000384,0,low_energy,8,-0.04413979567909613,0.7163787380137858,0.0
robocasa/PickPlaceCounterToSink,20,3000384,0,distance_progress,1,-0.05708844768274445,0.4352623905299923,0.0
robocasa/PickPlaceCounterToSink,20,3000384,0,distance_progress,2,-0.050126929679498625,0.5863975444798978,0.0
robocasa/PickPlaceCounterToSink,20,3000384,0,distance_progress,4,-0.0447491813614144,0.7031489224952312,0.0
robocasa/PickPlaceCounterToSink,20,3000384,0,distance_progress,8,-0.03915721776723899,0.8245509325588288,0.0
robocasa/PickPlaceCounterToSink,20,3000384,0,oracle_real_utility,1,-0.05708844768274445,0.4352623905299923,0.0
robocasa/PickPlaceCounterToSink,20,3000384,0,oracle_real_utility,2,-0.048847901725383086,0.6141653512515464,0.0
robocasa/PickPlaceCounterToSink,20,3000384,0,oracle_real_utility,4,-0.041901233564025316,0.7649781138582363,0.0
robocasa/PickPlaceCounterToSink,20,3000384,0,oracle_real_utility,8,-0.03654874387236263,0.8811811249238612,0.0
robocasa/PickPlaceCounterToSink,20,3010391,1,random,1,-0.06755204786429139,0.5420490114369896,0.0
robocasa/PickPlaceCounterToSink,20,3010391,1,random,2,-0.06851060426022189,0.4835495343905491,0.0
robocasa/PickPlaceCounterToSink,20,3010391,1,random,4,-0.07040982606195696,0.3676424446581309,0.0
robocasa/PickPlaceCounterToSink,20,3010391,1,random,8,-0.07090887383211034,0.33718619430175434,0.0
robocasa/PickPlaceCounterToSink,20,3010391,1,learned_wam,1,-0.06755204786429139,0.5420490114369895,0.0
robocasa/PickPlaceCounterToSink,20,3010391,1,learned_wam,2,-0.06489712730261478,0.7040754348350189,0.0
robocasa/PickPlaceCounterToSink,20,3010391,1,learned_wam,4,-0.0630984243512512,0.8138479870430875,0.0
robocasa/PickPlaceCounterToSink,20,3010391,1,learned_wam,8,-0.062482399649635936,0.8514431906692648,0.0
robocasa/PickPlaceCounterToSink,20,3010391,1,learned_physics_score,1,-0.06755204786429139,0.5420490114369895,0.0
robocasa/PickPlaceCounterToSink,20,3010391,1,learned_physics_score,2,-0.06489712730261478,0.7040754348350189,0.0
robocasa/PickPlaceCounterToSink,20,3010391,1,learned_physics_score,4,-0.0630984243512512,0.8138479870430875,0.0
robocasa/PickPlaceCounterToSink,20,3010391,1,learned_physics_score,8,-0.062482399649635936,0.8514431906692648,0.0
robocasa/PickPlaceCounterToSink,20,3010391,1,learned_energy_regularized,1,-0.06755204786429139,0.5420490114369895,0.0
robocasa/PickPlaceCounterToSink,20,3010391,1,learned_energy_regularized,2,-0.06533663620432342,0.6772527658544918,0.0
robocasa/PickPlaceCounterToSink,20,3010391,1,learned_energy_regularized,4,-0.06418893909575037,0.7472952599052054,0.0
robocasa/PickPlaceCounterToSink,20,3010391,1,learned_energy_regularized,8,-0.06347190664848876,0.7910548377122215,0.0
robocasa/PickPlaceCounterToSink,20,3010391,1,predicted_progress,1,-0.0675520478642914,0.5420490114369896,0.0
robocasa/PickPlaceCounterToSink,20,3010391,1,predicted_progress,2,-0.06562972573344068,0.6593658848593431,0.0
robocasa/PickPlaceCounterToSink,20,3010391,1,predicted_progress,4,-0.06433131232570999,0.7386064028557822,0.0
robocasa/PickPlaceCounterToSink,20,3010391,1,predicted_progress,8,-0.06325997977365765,0.8039884651986581,0.0
robocasa/PickPlaceCounterToSink,20,3010391,1,predicted_success,1,-0.06755204786429139,0.5420490114369896,0.0
robocasa/PickPlaceCounterToSink,20,3010391,1,predicted_success,2,-0.06755204786429139,0.5420490114369896,0.0
robocasa/PickPlaceCounterToSink,20,3010391,1,predicted_success,4,-0.06755204786429139,0.5420490114369896,0.0
robocasa/PickPlaceCounterToSink,20,3010391,1,predicted_success,8,-0.06755204786429139,0.5420490114369896,0.0
robocasa/PickPlaceCounterToSink,20,3010391,1,low_energy,1,-0.06755204786429139,0.5420490114369895,0.0
robocasa/PickPlaceCounterToSink,20,3010391,1,low_energy,2,-0.06603560508368522,0.6345955846098661,0.0
robocasa/PickPlaceCounterToSink,20,3010391,1,low_energy,4,-0.06469296974128534,0.7165349110051769,0.0
robocasa/PickPlaceCounterToSink,20,3010391,1,low_energy,8,-0.06354510843531315,0.7865874258142125,0.0
robocasa/PickPlaceCounterToSink,20,3010391,1,distance_progress,1,-0.0675520478642914,0.5420490114369896,0.0
robocasa/PickPlaceCounterToSink,20,3010391,1,distance_progress,2,-0.06589654357558858,0.6430823314882764,0.0
robocasa/PickPlaceCounterToSink,20,3010391,1,distance_progress,4,-0.06312301297127466,0.8123473748529504,0.0
robocasa/PickPlaceCounterToSink,20,3010391,1,distance_progress,8,-0.06112099827176153,0.9345277843291361,0.0
robocasa/PickPlaceCounterToSink,20,3010391,1,oracle_real_utility,1,-0.0675520478642914,0.5420490114369895,0.0
robocasa/PickPlaceCounterToSink,20,3010391,1,oracle_real_utility,2,-0.06421565968267266,0.7456645364882366,0.0
robocasa/PickPlaceCounterToSink,20,3010391,1,oracle_real_utility,4,-0.061852091498313916,0.8899100950548471,0.0
robocasa/PickPlaceCounterToSink,20,3010391,1,oracle_real_utility,8,-0.060738753153333554,0.957855717486251,0.0
robocasa/PickPlaceCounterToStove,21,3100387,0,random,1,-0.051265379479868055,0.5116992305967369,0.0
robocasa/PickPlaceCounterToStove,21,3100387,0,random,2,-0.05129112462043141,0.511212563398034,0.0
robocasa/PickPlaceCounterToStove,21,3100387,0,random,4,-0.053233632960383026,0.47449281467749826,0.0
robocasa/PickPlaceCounterToStove,21,3100387,0,random,8,-0.05344346248030432,0.47052635178660923,0.0
robocasa/PickPlaceCounterToStove,21,3100387,0,learned_wam,1,-0.051265379479868055,0.5116992305967369,0.0
robocasa/PickPlaceCounterToStove,21,3100387,0,learned_wam,2,-0.043980545199929715,0.6494063789926832,0.0
robocasa/PickPlaceCounterToStove,21,3100387,0,learned_wam,4,-0.03736817722272266,0.774401719077971,0.0
robocasa/PickPlaceCounterToStove,21,3100387,0,learned_wam,8,-0.03144039051057634,0.8864562385166701,0.0
robocasa/PickPlaceCounterToStove,21,3100387,0,learned_physics_score,1,-0.051265379479868055,0.5116992305967369,0.0
robocasa/PickPlaceCounterToStove,21,3100387,0,learned_physics_score,2,-0.043980545199929715,0.6494063789926832,0.0
robocasa/PickPlaceCounterToStove,21,3100387,0,learned_physics_score,4,-0.03736817722272266,0.774401719077971,0.0
robocasa/PickPlaceCounterToStove,21,3100387,0,learned_physics_score,8,-0.03144039051057634,0.8864562385166701,0.0
robocasa/PickPlaceCounterToStove,21,3100387,0,learned_energy_regularized,1,-0.051265379479868055,0.5116992305967369,0.0
robocasa/PickPlaceCounterToStove,21,3100387,0,learned_energy_regularized,2,-0.043980545199929715,0.6494063789926832,0.0
robocasa/PickPlaceCounterToStove,21,3100387,0,learned_energy_regularized,4,-0.03736817722272266,0.774401719077971,0.0
robocasa/PickPlaceCounterToStove,21,3100387,0,learned_energy_regularized,8,-0.03144039051057634,0.8864562385166701,0.0
robocasa/PickPlaceCounterToStove,21,3100387,0,predicted_progress,1,-0.051265379479868055,0.5116992305967368,0.0
robocasa/PickPlaceCounterToStove,21,3100387,0,predicted_progress,2,-0.04667740338331222,0.598426955742849,0.0
robocasa/PickPlaceCounterToStove,21,3100387,0,predicted_progress,4,-0.044555136538521486,0.6385447270058444,0.0
robocasa/PickPlaceCounterToStove,21,3100387,0,predicted_progress,8,-0.04515266249009902,0.6272495359661641,0.0
robocasa/PickPlaceCounterToStove,21,3100387,0,predicted_success,1,-0.05126537947986805,0.5116992305967369,0.0
robocasa/PickPlaceCounterToStove,21,3100387,0,predicted_success,2,-0.05126537947986805,0.5116992305967369,0.0
robocasa/PickPlaceCounterToStove,21,3100387,0,predicted_success,4,-0.05126537947986805,0.5116992305967369,0.0
robocasa/PickPlaceCounterToStove,21,3100387,0,predicted_success,8,-0.05126537947986805,0.5116992305967369,0.0
robocasa/PickPlaceCounterToStove,21,3100387,0,low_energy,1,-0.051265379479868055,0.5116992305967369,0.0
robocasa/PickPlaceCounterToStove,21,3100387,0,low_energy,2,-0.043980545199929715,0.6494063789926832,0.0
robocasa/PickPlaceCounterToStove,21,3100387,0,low_energy,4,-0.03736817722272266,0.774401719077971,0.0
robocasa/PickPlaceCounterToStove,21,3100387,0,low_energy,8,-0.03144039051057634,0.8864562385166701,0.0
robocasa/PickPlaceCounterToStove,21,3100387,0,distance_progress,1,-0.051265379479868055,0.5116992305967369,0.0
robocasa/PickPlaceCounterToStove,21,3100387,0,distance_progress,2,-0.04429380675149244,0.6434847130617792,0.0
robocasa/PickPlaceCounterToStove,21,3100387,0,distance_progress,4,-0.03861665384979722,0.7508014353176543,0.0
robocasa/PickPlaceCounterToStove,21,3100387,0,distance_progress,8,-0.032710765375633485,0.8624420065741987,0.0
robocasa/PickPlaceCounterToStove,21,3100387,0,oracle_real_utility,1,-0.051265379479868055,0.5116992305967369,0.0
robocasa/PickPlaceCounterToStove,21,3100387,0,oracle_real_utility,2,-0.0428440850997566,0.6708891847294715,0.0
robocasa/PickPlaceCounterToStove,21,3100387,0,oracle_real_utility,4,-0.036418238583207294,0.7923586603304346,0.0
robocasa/PickPlaceCounterToStove,21,3100387,0,oracle_real_utility,8,-0.03114192744529399,0.8920981647489156,0.0
robocasa/PickPlaceCounterToStove,21,3110394,1,random,1,-0.07007426962207815,0.7192747956269989,0.0
robocasa/PickPlaceCounterToStove,21,3110394,1,random,2,-0.07172660197285421,0.6883660605503807,0.0
robocasa/PickPlaceCounterToStove,21,3110394,1,random,4,-0.0707615578390818,0.7064182965027941,0.0
robocasa/PickPlaceCounterToStove,21,3110394,1,random,8,-0.07103336053850555,0.7013339213008851,0.0
robocasa/PickPlaceCounterToStove,21,3110394,1,learned_wam,1,-0.07007426962207815,0.7192747956269988,0.0
robocasa/PickPlaceCounterToStove,21,3110394,1,learned_wam,2,-0.06373767962005127,0.8378078386735769,0.0
robocasa/PickPlaceCounterToStove,21,3110394,1,learned_wam,4,-0.05974794988139652,0.9124402208704534,0.0
robocasa/PickPlaceCounterToStove,21,3110394,1,learned_wam,8,-0.056524852515172794,0.9727318822737802,0.0
robocasa/PickPlaceCounterToStove,21,3110394,1,learned_physics_score,1,-0.07007426962207815,0.7192747956269988,0.0
robocasa/PickPlaceCounterToStove,21,3110394,1,learned_physics_score,2,-0.06373767962005127,0.8378078386735769,0.0
robocasa/PickPlaceCounterToStove,21,3110394,1,learned_physics_score,4,-0.05974794988139652,0.9124402208704534,0.0
robocasa/PickPlaceCounterToStove,21,3110394,1,learned_physics_score,8,-0.056524852515172794,0.9727318822737802,0.0
robocasa/PickPlaceCounterToStove,21,3110394,1,learned_energy_regularized,1,-0.07007426962207813,0.7192747956269988,0.0
robocasa/PickPlaceCounterToStove,21,3110394,1,learned_energy_regularized,2,-0.0640058484026165,0.8327914399737422,0.0
robocasa/PickPlaceCounterToStove,21,3110394,1,learned_energy_regularized,4,-0.06038496082218346,0.9005242147470831,0.0
robocasa/PickPlaceCounterToStove,21,3110394,1,learned_energy_regularized,8,-0.057129693014190436,0.9614176604473027,0.0
robocasa/PickPlaceCounterToStove,21,3110394,1,predicted_progress,1,-0.07007426962207813,0.7192747956269988,0.0
robocasa/PickPlaceCounterToStove,21,3110394,1,predicted_progress,2,-0.06890031178620104,0.7412349973522765,0.0
robocasa/PickPlaceCounterToStove,21,3110394,1,predicted_progress,4,-0.06413705123511884,0.8303371434218335,0.0
robocasa/PickPlaceCounterToStove,21,3110394,1,predicted_progress,8,-0.059130388532193004,0.9239924005073921,0.0
robocasa/PickPlaceCounterToStove,21,3110394,1,predicted_success,1,-0.07007426962207813,0.7192747956269988,0.0
robocasa/PickPlaceCounterToStove,21,3110394,1,predicted_success,2,-0.07007426962207813,0.7192747956269988,0.0
robocasa/PickPlaceCounterToStove,21,3110394,1,predicted_success,4,-0.07007426962207813,0.7192747956269988,0.0
robocasa/PickPlaceCounterToStove,21,3110394,1,predicted_success,8,-0.07007426962207813,0.7192747956269988,0.0
robocasa/PickPlaceCounterToStove,21,3110394,1,low_energy,1,-0.07007426962207813,0.7192747956269988,0.0
robocasa/PickPlaceCounterToStove,21,3110394,1,low_energy,2,-0.06414419043207917,0.8302035967129026,0.0
robocasa/PickPlaceCounterToStove,21,3110394,1,low_energy,4,-0.06050384850375294,0.8983002869447991,0.0
robocasa/PickPlaceCounterToStove,21,3110394,1,low_energy,8,-0.05714359086173186,0.9611576855774823,0.0
robocasa/PickPlaceCounterToStove,21,3110394,1,distance_progress,1,-0.07007426962207813,0.7192747956269989,0.0
robocasa/PickPlaceCounterToStove,21,3110394,1,distance_progress,2,-0.06417038440400576,0.8297136090064323,0.0
robocasa/PickPlaceCounterToStove,21,3110394,1,distance_progress,4,-0.06248154462722146,0.8613052565481407,0.0
robocasa/PickPlaceCounterToStove,21,3110394,1,distance_progress,8,-0.06178370342462841,0.8743591611372303,0.0
robocasa/PickPlaceCounterToStove,21,3110394,1,oracle_real_utility,1,-0.07007426962207813,0.7192747956269988,0.0
robocasa/PickPlaceCounterToStove,21,3110394,1,oracle_real_utility,2,-0.062215422355659945,0.8662833729578445,0.0
robocasa/PickPlaceCounterToStove,21,3110394,1,oracle_real_utility,4,-0.05803911184549693,0.9444059583418895,0.0
robocasa/PickPlaceCounterToStove,21,3110394,1,oracle_real_utility,8,-0.05586363213494227,0.9851007531914298,0.0
robocasa/PickPlaceCounterToOven,22,3200390,0,random,1,-0.04732668539700105,0.5663746163092551,0.0
robocasa/PickPlaceCounterToOven,22,3200390,0,random,2,-0.04609032369334003,0.6004391564960689,0.0
robocasa/PickPlaceCounterToOven,22,3200390,0,random,4,-0.04273808834501018,0.6928007650776848,0.0
robocasa/PickPlaceCounterToOven,22,3200390,0,random,8,-0.039310115185551914,0.7872491203639308,0.0
robocasa/PickPlaceCounterToOven,22,3200390,0,learned_wam,1,-0.04732668539700106,0.566374616309255,0.0
robocasa/PickPlaceCounterToOven,22,3200390,0,learned_wam,2,-0.0424229049681467,0.7014847745998087,0.0
robocasa/PickPlaceCounterToOven,22,3200390,0,learned_wam,4,-0.037603973884943645,0.8342571429570405,0.0
robocasa/PickPlaceCounterToOven,22,3200390,0,learned_wam,8,-0.034543623323007845,0.9185766704821199,0.0
robocasa/PickPlaceCounterToOven,22,3200390,0,learned_physics_score,1,-0.04732668539700106,0.566374616309255,0.0
robocasa/PickPlaceCounterToOven,22,3200390,0,learned_physics_score,2,-0.0424229049681467,0.7014847745998087,0.0
robocasa/PickPlaceCounterToOven,22,3200390,0,learned_physics_score,4,-0.037603973884943645,0.8342571429570405,0.0
robocasa/PickPlaceCounterToOven,22,3200390,0,learned_physics_score,8,-0.034543623323007845,0.9185766704821199,0.0
robocasa/PickPlaceCounterToOven,22,3200390,0,learned_energy_regularized,1,-0.04732668539700106,0.566374616309255,0.0
robocasa/PickPlaceCounterToOven,22,3200390,0,learned_energy_regularized,2,-0.042903458860922235,0.6882444361584702,0.0
robocasa/PickPlaceCounterToOven,22,3200390,0,learned_energy_regularized,4,-0.038535147960148404,0.8086012069863576,0.0
robocasa/PickPlaceCounterToOven,22,3200390,0,learned_energy_regularized,8,-0.035192331446917,0.90070330551863,0.0
robocasa/PickPlaceCounterToOven,22,3200390,0,predicted_progress,1,-0.04732668539700106,0.566374616309255,0.0
robocasa/PickPlaceCounterToOven,22,3200390,0,predicted_progress,2,-0.04508297709132546,0.6281938165642065,0.0
robocasa/PickPlaceCounterToOven,22,3200390,0,predicted_progress,4,-0.04628828974469036,0.5949847474085992,0.0
robocasa/PickPlaceCounterToOven,22,3200390,0,predicted_progress,8,-0.04813142619992634,0.5442022007935987,0.0
robocasa/PickPlaceCounterToOven,22,3200390,0,predicted_success,1,-0.04732668539700105,0.566374616309255,0.0
robocasa/PickPlaceCounterToOven,22,3200390,0,predicted_success,2,-0.04732668539700105,0.566374616309255,0.0
robocasa/PickPlaceCounterToOven,22,3200390,0,predicted_success,4,-0.04732668539700105,0.566374616309255,0.0
robocasa/PickPlaceCounterToOven,22,3200390,0,predicted_success,8,-0.04732668539700105,0.566374616309255,0.0
robocasa/PickPlaceCounterToOven,22,3200390,0,low_energy,1,-0.04732668539700106,0.566374616309255,0.0
robocasa/PickPlaceCounterToOven,22,3200390,0,low_energy,2,-0.0433747423509027,0.6752595181233327,0.0
robocasa/PickPlaceCounterToOven,22,3200390,0,low_energy,4,-0.03873778630622132,0.8030180656914192,0.0
robocasa/PickPlaceCounterToOven,22,3200390,0,low_energy,8,-0.03519849867572236,0.9005333845215142,0.0
robocasa/PickPlaceCounterToOven,22,3200390,0,distance_progress,1,-0.04732668539700105,0.566374616309255,0.0
robocasa/PickPlaceCounterToOven,22,3200390,0,distance_progress,2,-0.044009514254269834,0.6577701273182948,0.0
robocasa/PickPlaceCounterToOven,22,3200390,0,distance_progress,4,-0.043932197732353434,0.659900371048853,0.0
robocasa/PickPlaceCounterToOven,22,3200390,0,distance_progress,8,-0.0454787176710277,0.617290275277784,0.0
robocasa/PickPlaceCounterToOven,22,3200390,0,oracle_real_utility,1,-0.04732668539700106,0.5663746163092551,0.0
robocasa/PickPlaceCounterToOven,22,3200390,0,oracle_real_utility,2,-0.041430600820038674,0.7288249812971486,0.0
robocasa/PickPlaceCounterToOven,22,3200390,0,oracle_real_utility,4,-0.03698846612575805,0.8512157633478108,0.0
robocasa/PickPlaceCounterToOven,22,3200390,0,oracle_real_utility,8,-0.033882623754419736,0.9367886923370201,0.0
robocasa/PickPlaceCounterToOven,22,3210397,1,random,1,-0.052962939369281745,0.5596877431797987,0.0
robocasa/PickPlaceCounterToOven,22,3210397,1,random,2,-0.04715006510839482,0.6648533298440218,0.0
robocasa/PickPlaceCounterToOven,22,3210397,1,random,4,-0.04375519949301547,0.726272692807,0.0
robocasa/PickPlaceCounterToOven,22,3210397,1,random,8,-0.04200770212507542,0.7578881342642803,0.0
robocasa/PickPlaceCounterToOven,22,3210397,1,learned_wam,1,-0.052962939369281745,0.5596877431797987,0.0
robocasa/PickPlaceCounterToOven,22,3210397,1,learned_wam,2,-0.04684922059858921,0.670296160352382,0.0
robocasa/PickPlaceCounterToOven,22,3210397,1,learned_wam,4,-0.04495174586478379,0.7046249682028964,0.0
robocasa/PickPlaceCounterToOven,22,3210397,1,learned_wam,8,-0.043153230418922134,0.7371634205243902,0.0
robocasa/PickPlaceCounterToOven,22,3210397,1,learned_physics_score,1,-0.052962939369281745,0.5596877431797987,0.0
robocasa/PickPlaceCounterToOven,22,3210397,1,learned_physics_score,2,-0.04684922059858921,0.670296160352382,0.0
robocasa/PickPlaceCounterToOven,22,3210397,1,learned_physics_score,4,-0.04495174586478379,0.7046249682028964,0.0
robocasa/PickPlaceCounterToOven,22,3210397,1,learned_physics_score,8,-0.043153230418922134,0.7371634205243902,0.0
robocasa/PickPlaceCounterToOven,22,3210397,1,learned_energy_regularized,1,-0.052962939369281745,0.5596877431797987,0.0
robocasa/PickPlaceCounterToOven,22,3210397,1,learned_energy_regularized,2,-0.04836483276720094,0.6428759486440407,0.0
robocasa/PickPlaceCounterToOven,22,3210397,1,learned_energy_regularized,4,-0.046110538508828264,0.6836602779715737,0.0
robocasa/PickPlaceCounterToOven,22,3210397,1,learned_energy_regularized,8,-0.04327823194875998,0.7349019129415104,0.0
robocasa/PickPlaceCounterToOven,22,3210397,1,predicted_progress,1,-0.052962939369281745,0.5596877431797987,0.0
robocasa/PickPlaceCounterToOven,22,3210397,1,predicted_progress,2,-0.04599066563474248,0.6858289987390577,0.0
robocasa/PickPlaceCounterToOven,22,3210397,1,predicted_progress,4,-0.04428627514132294,0.7166645575522707,0.0
robocasa/PickPlaceCounterToOven,22,3210397,1,predicted_progress,8,-0.04440732915753501,0.7144744677513154,0.0
robocasa/PickPlaceCounterToOven,22,3210397,1,predicted_success,1,-0.052962939369281745,0.5596877431797987,0.0
robocasa/PickPlaceCounterToOven,22,3210397,1,predicted_success,2,-0.052962939369281745,0.5596877431797987,0.0
robocasa/PickPlaceCounterToOven,22,3210397,1,predicted_success,4,-0.052962939369281745,0.5596877431797987,0.0
robocasa/PickPlaceCounterToOven,22,3210397,1,predicted_success,8,-0.052962939369281745,0.5596877431797987,0.0
robocasa/PickPlaceCounterToOven,22,3210397,1,low_energy,1,-0.052962939369281745,0.5596877431797987,0.0
robocasa/PickPlaceCounterToOven,22,3210397,1,low_energy,2,-0.04836483276720094,0.6428759486440407,0.0
robocasa/PickPlaceCounterToOven,22,3210397,1,low_energy,4,-0.046110538508828264,0.6836602779715737,0.0
robocasa/PickPlaceCounterToOven,22,3210397,1,low_energy,8,-0.04327823194875998,0.7349019129415104,0.0
robocasa/PickPlaceCounterToOven,22,3210397,1,distance_progress,1,-0.052962939369281745,0.5596877431797987,0.0
robocasa/PickPlaceCounterToOven,22,3210397,1,distance_progress,2,-0.04447381640189273,0.7132715912147257,0.0
robocasa/PickPlaceCounterToOven,22,3210397,1,distance_progress,4,-0.03664052202866408,0.8549902937535374,0.0
robocasa/PickPlaceCounterToOven,22,3210397,1,distance_progress,8,-0.03216332307028529,0.9359910575647458,0.0
robocasa/PickPlaceCounterToOven,22,3210397,1,oracle_real_utility,1,-0.052962939369281745,0.5596877431797987,0.0
robocasa/PickPlaceCounterToOven,22,3210397,1,oracle_real_utility,2,-0.04326449366944797,0.7351504636822904,0.0
robocasa/PickPlaceCounterToOven,22,3210397,1,oracle_real_utility,4,-0.03633819134555289,0.8604600118704285,0.0
robocasa/PickPlaceCounterToOven,22,3210397,1,oracle_real_utility,8,-0.032156052666895044,0.9361225925341095,0.0
robocasa/PickPlaceCounterToBlender,23,3300393,0,random,1,-0.05522019337384458,0.42919305059400925,0.0
robocasa/PickPlaceCounterToBlender,23,3300393,0,random,2,-0.05351784130695948,0.48222624087949206,0.0
robocasa/PickPlaceCounterToBlender,23,3300393,0,random,4,-0.05072314916917666,0.5692889835491509,0.0
robocasa/PickPlaceCounterToBlender,23,3300393,0,random,8,-0.04573858356714825,0.7245726180011818,0.0
robocasa/PickPlaceCounterToBlender,23,3300393,0,learned_wam,1,-0.05522019337384459,0.42919305059400925,0.0
robocasa/PickPlaceCounterToBlender,23,3300393,0,learned_wam,2,-0.04946181664904167,0.6085831394730684,0.0
robocasa/PickPlaceCounterToBlender,23,3300393,0,learned_wam,4,-0.04380522745329455,0.7848022524405572,0.0
robocasa/PickPlaceCounterToBlender,23,3300393,0,learned_wam,8,-0.04025705788075182,0.8953379963481775,0.0
robocasa/PickPlaceCounterToBlender,23,3300393,0,learned_physics_score,1,-0.05522019337384459,0.42919305059400925,0.0
robocasa/PickPlaceCounterToBlender,23,3300393,0,learned_physics_score,2,-0.04946181664904167,0.6085831394730684,0.0
robocasa/PickPlaceCounterToBlender,23,3300393,0,learned_physics_score,4,-0.04380522745329455,0.7848022524405572,0.0
robocasa/PickPlaceCounterToBlender,23,3300393,0,learned_physics_score,8,-0.04025705788075182,0.8953379963481775,0.0
robocasa/PickPlaceCounterToBlender,23,3300393,0,learned_energy_regularized,1,-0.05522019337384459,0.4291930505940092,0.0
robocasa/PickPlaceCounterToBlender,23,3300393,0,learned_energy_regularized,2,-0.049226158060235205,0.6159245860666922,0.0
robocasa/PickPlaceCounterToBlender,23,3300393,0,learned_energy_regularized,4,-0.04341495028504683,0.7969605149588579,0.0
robocasa/PickPlaceCounterToBlender,23,3300393,0,learned_energy_regularized,8,-0.03977055571138762,0.910493945945255,0.0
robocasa/PickPlaceCounterToBlender,23,3300393,0,predicted_progress,1,-0.05522019337384459,0.4291930505940092,0.0
robocasa/PickPlaceCounterToBlender,23,3300393,0,predicted_progress,2,-0.05042006574129846,0.5787309088804085,0.0
robocasa/PickPlaceCounterToBlender,23,3300393,0,predicted_progress,4,-0.045456704435429124,0.7333539681817706,0.0
robocasa/PickPlaceCounterToBlender,23,3300393,0,predicted_progress,8,-0.041142260214231355,0.8677613835512297,0.0
robocasa/PickPlaceCounterToBlender,23,3300393,0,predicted_success,1,-0.05522019337384459,0.42919305059400925,0.0
robocasa/PickPlaceCounterToBlender,23,3300393,0,predicted_success,2,-0.05522019337384459,0.42919305059400925,0.0
robocasa/PickPlaceCounterToBlender,23,3300393,0,predicted_success,4,-0.05522019337384459,0.42919305059400925,0.0
robocasa/PickPlaceCounterToBlender,23,3300393,0,predicted_success,8,-0.05522019337384459,0.42919305059400925,0.0
robocasa/PickPlaceCounterToBlender,23,3300393,0,low_energy,1,-0.05522019337384459,0.4291930505940092,0.0
robocasa/PickPlaceCounterToBlender,23,3300393,0,low_energy,2,-0.049226158060235205,0.6159245860666922,0.0
robocasa/PickPlaceCounterToBlender,23,3300393,0,low_energy,4,-0.04341495028504683,0.7969605149588579,0.0
robocasa/PickPlaceCounterToBlender,23,3300393,0,low_energy,8,-0.03977055571138762,0.910493945945255,0.0
robocasa/PickPlaceCounterToBlender,23,3300393,0,distance_progress,1,-0.05522019337384459,0.4291930505940092,0.0
robocasa/PickPlaceCounterToBlender,23,3300393,0,distance_progress,2,-0.05137870507997443,0.5488665209831526,0.0
robocasa/PickPlaceCounterToBlender,23,3300393,0,distance_progress,4,-0.05042034055419928,0.5787223476637569,0.0
robocasa/PickPlaceCounterToBlender,23,3300393,0,distance_progress,8,-0.05101655384742766,0.5601485792608606,0.0
robocasa/PickPlaceCounterToBlender,23,3300393,0,oracle_real_utility,1,-0.05522019337384459,0.4291930505940092,0.0
robocasa/PickPlaceCounterToBlender,23,3300393,0,oracle_real_utility,2,-0.04878555534872385,0.6296506348050338,0.0
robocasa/PickPlaceCounterToBlender,23,3300393,0,oracle_real_utility,4,-0.043236244867659514,0.8025277055475177,0.0
robocasa/PickPlaceCounterToBlender,23,3300393,0,oracle_real_utility,8,-0.03975629027836506,0.9109383554412147,0.0
robocasa/PickPlaceCounterToBlender,23,3310400,1,random,1,-0.058247410801135414,0.346667106322722,0.0
robocasa/PickPlaceCounterToBlender,23,3310400,1,random,2,-0.05799992075127945,0.35338152302164016,0.0
robocasa/PickPlaceCounterToBlender,23,3310400,1,random,4,-0.06109824323050578,0.2693238883601351,0.0
robocasa/PickPlaceCounterToBlender,23,3310400,1,random,8,-0.06396671323154411,0.19150216224821132,0.0
robocasa/PickPlaceCounterToBlender,23,3310400,1,learned_wam,1,-0.05824741080113542,0.346667106322722,0.0
robocasa/PickPlaceCounterToBlender,23,3310400,1,learned_wam,2,-0.05296142326646745,0.4900761968849614,0.0
robocasa/PickPlaceCounterToBlender,23,3310400,1,learned_wam,4,-0.04764757803752877,0.6342410680036858,0.0
robocasa/PickPlaceCounterToBlender,23,3310400,1,learned_wam,8,-0.04534610688870088,0.6966800885734479,0.0
robocasa/PickPlaceCounterToBlender,23,3310400,1,learned_physics_score,1,-0.05824741080113542,0.346667106322722,0.0
robocasa/PickPlaceCounterToBlender,23,3310400,1,learned_physics_score,2,-0.05296142326646745,0.4900761968849614,0.0
robocasa/PickPlaceCounterToBlender,23,3310400,1,learned_physics_score,4,-0.04764757803752877,0.6342410680036858,0.0
robocasa/PickPlaceCounterToBlender,23,3310400,1,learned_physics_score,8,-0.04534610688870088,0.6966800885734479,0.0
robocasa/PickPlaceCounterToBlender,23,3310400,1,learned_energy_regularized,1,-0.058247410801135414,0.346667106322722,0.0
robocasa/PickPlaceCounterToBlender,23,3310400,1,learned_energy_regularized,2,-0.05302151775508179,0.4884458305809427,0.0
robocasa/PickPlaceCounterToBlender,23,3310400,1,learned_energy_regularized,4,-0.04783771635805503,0.6290826064203261,0.0
robocasa/PickPlaceCounterToBlender,23,3310400,1,learned_energy_regularized,8,-0.04611406993639218,0.6758452149509673,0.0
robocasa/PickPlaceCounterToBlender,23,3310400,1,predicted_progress,1,-0.05824741080113542,0.346667106322722,0.0
robocasa/PickPlaceCounterToBlender,23,3310400,1,predicted_progress,2,-0.051591358152151934,0.5272461279085274,0.0
robocasa/PickPlaceCounterToBlender,23,3310400,1,predicted_progress,4,-0.04415538831220398,0.7289843395863498,0.0
robocasa/PickPlaceCounterToBlender,23,3310400,1,predicted_progress,8,-0.038547688935051165,0.8811214875742396,0.0
robocasa/PickPlaceCounterToBlender,23,3310400,1,predicted_success,1,-0.05824741080113542,0.346667106322722,0.0
robocasa/PickPlaceCounterToBlender,23,3310400,1,predicted_success,2,-0.05824741080113542,0.346667106322722,0.0
robocasa/PickPlaceCounterToBlender,23,3310400,1,predicted_success,4,-0.05824741080113542,0.346667106322722,0.0
robocasa/PickPlaceCounterToBlender,23,3310400,1,predicted_success,8,-0.05824741080113542,0.346667106322722,0.0
robocasa/PickPlaceCounterToBlender,23,3310400,1,low_energy,1,-0.058247410801135414,0.346667106322722,0.0
robocasa/PickPlaceCounterToBlender,23,3310400,1,low_energy,2,-0.05302151775508179,0.4884458305809427,0.0
robocasa/PickPlaceCounterToBlender,23,3310400,1,low_energy,4,-0.04783771635805503,0.6290826064203261,0.0
robocasa/PickPlaceCounterToBlender,23,3310400,1,low_energy,8,-0.04611406993639218,0.6758452149509673,0.0
robocasa/PickPlaceCounterToBlender,23,3310400,1,distance_progress,1,-0.05824741080113542,0.346667106322722,0.0
robocasa/PickPlaceCounterToBlender,23,3310400,1,distance_progress,2,-0.05379578865498575,0.46743982463109945,0.0
robocasa/PickPlaceCounterToBlender,23,3310400,1,distance_progress,4,-0.04986202130829411,0.5741631178610968,0.0
robocasa/PickPlaceCounterToBlender,23,3310400,1,distance_progress,8,-0.04429912653403997,0.7250847148639417,0.0
robocasa/PickPlaceCounterToBlender,23,3310400,1,oracle_real_utility,1,-0.05824741080113542,0.346667106322722,0.0
robocasa/PickPlaceCounterToBlender,23,3310400,1,oracle_real_utility,2,-0.05130885150918922,0.5349105464262338,0.0
robocasa/PickPlaceCounterToBlender,23,3310400,1,oracle_real_utility,4,-0.04402931357572009,0.7324047531199516,0.0
robocasa/PickPlaceCounterToBlender,23,3310400,1,oracle_real_utility,8,-0.038538659915546336,0.8813664452982911,0.0
robocasa/PickPlaceCounterToStandMixer,24,3400396,0,random,1,-0.04141672761409136,0.45289979691942,0.0
robocasa/PickPlaceCounterToStandMixer,24,3400396,0,random,2,-0.03881618971717453,0.514656844044778,0.0
robocasa/PickPlaceCounterToStandMixer,24,3400396,0,random,4,-0.03759752556744898,0.5435974333797052,0.0
robocasa/PickPlaceCounterToStandMixer,24,3400396,0,random,8,-0.03821341599292931,0.5289713923304513,0.0
robocasa/PickPlaceCounterToStandMixer,24,3400396,0,learned_wam,1,-0.04141672761409136,0.45289979691942006,0.0
robocasa/PickPlaceCounterToStandMixer,24,3400396,0,learned_wam,2,-0.03651332577293835,0.5693447904485176,0.0
robocasa/PickPlaceCounterToStandMixer,24,3400396,0,learned_wam,4,-0.030612409393926024,0.7094785571332936,0.0
robocasa/PickPlaceCounterToStandMixer,24,3400396,0,learned_wam,8,-0.02455282800703657,0.8533802682807246,0.0
robocasa/PickPlaceCounterToStandMixer,24,3400396,0,learned_physics_score,1,-0.04141672761409136,0.45289979691942006,0.0
robocasa/PickPlaceCounterToStandMixer,24,3400396,0,learned_physics_score,2,-0.03651332577293835,0.5693447904485176,0.0
robocasa/PickPlaceCounterToStandMixer,24,3400396,0,learned_physics_score,4,-0.030612409393926024,0.7094785571332936,0.0
robocasa/PickPlaceCounterToStandMixer,24,3400396,0,learned_physics_score,8,-0.02455282800703657,0.8533802682807246,0.0
robocasa/PickPlaceCounterToStandMixer,24,3400396,0,learned_energy_regularized,1,-0.04141672761409136,0.45289979691942006,0.0
robocasa/PickPlaceCounterToStandMixer,24,3400396,0,learned_energy_regularized,2,-0.037024162233558144,0.5572135496735802,0.0
robocasa/PickPlaceCounterToStandMixer,24,3400396,0,learned_energy_regularized,4,-0.03081195488635563,0.7047397912055835,0.0
robocasa/PickPlaceCounterToStandMixer,24,3400396,0,learned_energy_regularized,8,-0.02455872278354633,0.853240280322411,0.0
robocasa/PickPlaceCounterToStandMixer,24,3400396,0,predicted_progress,1,-0.04141672761409136,0.45289979691941995,0.0
robocasa/PickPlaceCounterToStandMixer,24,3400396,0,predicted_progress,2,-0.03503712389367081,0.6044013336092816,0.0
robocasa/PickPlaceCounterToStandMixer,24,3400396,0,predicted_progress,4,-0.029983852889445158,0.7244053896605938,0.0
robocasa/PickPlaceCounterToStandMixer,24,3400396,0,predicted_progress,8,-0.02536070975205682,0.8341948562711231,0.0
robocasa/PickPlaceCounterToStandMixer,24,3400396,0,predicted_success,1,-0.04141672761409136,0.45289979691942006,0.0
robocasa/PickPlaceCounterToStandMixer,24,3400396,0,predicted_success,2,-0.04141672761409136,0.45289979691942006,0.0
robocasa/PickPlaceCounterToStandMixer,24,3400396,0,predicted_success,4,-0.04141672761409136,0.45289979691942006,0.0
robocasa/PickPlaceCounterToStandMixer,24,3400396,0,predicted_success,8,-0.04141672761409136,0.45289979691942006,0.0
robocasa/PickPlaceCounterToStandMixer,24,3400396,0,low_energy,1,-0.04141672761409136,0.45289979691942006,0.0
robocasa/PickPlaceCounterToStandMixer,24,3400396,0,low_energy,2,-0.037024162233558144,0.5572135496735802,0.0
robocasa/PickPlaceCounterToStandMixer,24,3400396,0,low_energy,4,-0.03081195488635563,0.7047397912055835,0.0
robocasa/PickPlaceCounterToStandMixer,24,3400396,0,low_energy,8,-0.02455872278354633,0.853240280322411,0.0
robocasa/PickPlaceCounterToStandMixer,24,3400396,0,distance_progress,1,-0.04141672761409136,0.45289979691942,0.0
robocasa/PickPlaceCounterToStandMixer,24,3400396,0,distance_progress,2,-0.03690662575628274,0.5600047821238556,0.0
robocasa/PickPlaceCounterToStandMixer,24,3400396,0,distance_progress,4,-0.03518659072758741,0.600851825518356,0.0
robocasa/PickPlaceCounterToStandMixer,24,3400396,0,distance_progress,8,-0.035419154911499315,0.5953289383946782,0.0
robocasa/PickPlaceCounterToStandMixer,24,3400396,0,oracle_real_utility,1,-0.04141672761409136,0.45289979691942006,0.0
robocasa/PickPlaceCounterToStandMixer,24,3400396,0,oracle_real_utility,2,-0.03441573322909798,0.6191579932221942,0.0
robocasa/PickPlaceCounterToStandMixer,24,3400396,0,oracle_real_utility,4,-0.028758196682219097,0.7535120249605014,0.0
robocasa/PickPlaceCounterToStandMixer,24,3400396,0,oracle_real_utility,8,-0.02405940263610918,0.8650980340250107,0.0
robocasa/PickPlaceCounterToStandMixer,24,3410403,1,random,1,-0.05927847795110339,0.587922919839081,0.0
robocasa/PickPlaceCounterToStandMixer,24,3410403,1,random,2,-0.06398573387804246,0.5134934705522067,0.0
robocasa/PickPlaceCounterToStandMixer,24,3410403,1,random,4,-0.06925310270813131,0.4302077161128274,0.0
robocasa/PickPlaceCounterToStandMixer,24,3410403,1,random,8,-0.07079218737800498,0.40587225907319785,0.0
robocasa/PickPlaceCounterToStandMixer,24,3410403,1,learned_wam,1,-0.05927847795110339,0.5879229198390811,0.0
robocasa/PickPlaceCounterToStandMixer,24,3410403,1,learned_wam,2,-0.05056839845277303,0.7256435856298566,0.0
robocasa/PickPlaceCounterToStandMixer,24,3410403,1,learned_wam,4,-0.044283990870568946,0.8250103935318569,0.0
robocasa/PickPlaceCounterToStandMixer,24,3410403,1,learned_wam,8,-0.03847110746780462,0.9169216295367992,0.0
robocasa/PickPlaceCounterToStandMixer,24,3410403,1,learned_physics_score,1,-0.05927847795110339,0.5879229198390811,0.0
robocasa/PickPlaceCounterToStandMixer,24,3410403,1,learned_physics_score,2,-0.05056839845277303,0.7256435856298566,0.0
robocasa/PickPlaceCounterToStandMixer,24,3410403,1,learned_physics_score,4,-0.044283990870568946,0.8250103935318569,0.0
robocasa/PickPlaceCounterToStandMixer,24,3410403,1,learned_physics_score,8,-0.03847110746780462,0.9169216295367992,0.0
robocasa/PickPlaceCounterToStandMixer,24,3410403,1,learned_energy_regularized,1,-0.05927847795110339,0.5879229198390812,0.0
robocasa/PickPlaceCounterToStandMixer,24,3410403,1,learned_energy_regularized,2,-0.051680380550105334,0.7080613219063872,0.0
robocasa/PickPlaceCounterToStandMixer,24,3410403,1,learned_energy_regularized,4,-0.046054953382424935,0.7970085668814728,0.0
robocasa/PickPlaceCounterToStandMixer,24,3410403,1,learned_energy_regularized,8,-0.04170750442368351,0.8657488769101074,0.0
robocasa/PickPlaceCounterToStandMixer,24,3410403,1,predicted_progress,1,-0.05927847795110339,0.5879229198390811,0.0
robocasa/PickPlaceCounterToStandMixer,24,3410403,1,predicted_progress,2,-0.053988161343752644,0.671571516335589,0.0
robocasa/PickPlaceCounterToStandMixer,24,3410403,1,predicted_progress,4,-0.046459346097898965,0.7906144537133096,0.0
robocasa/PickPlaceCounterToStandMixer,24,3410403,1,predicted_progress,8,-0.04172101294839631,0.8655352849425881,0.0
robocasa/PickPlaceCounterToStandMixer,24,3410403,1,predicted_success,1,-0.05927847795110339,0.5879229198390811,0.0
robocasa/PickPlaceCounterToStandMixer,24,3410403,1,predicted_success,2,-0.05927847795110339,0.5879229198390811,0.0
robocasa/PickPlaceCounterToStandMixer,24,3410403,1,predicted_success,4,-0.05927847795110339,0.5879229198390811,0.0
robocasa/PickPlaceCounterToStandMixer,24,3410403,1,predicted_success,8,-0.05927847795110339,0.5879229198390811,0.0
robocasa/PickPlaceCounterToStandMixer,24,3410403,1,low_energy,1,-0.05927847795110339,0.5879229198390812,0.0
robocasa/PickPlaceCounterToStandMixer,24,3410403,1,low_energy,2,-0.051680380550105334,0.7080613219063872,0.0
robocasa/PickPlaceCounterToStandMixer,24,3410403,1,low_energy,4,-0.046054953382424935,0.7970085668814728,0.0
robocasa/PickPlaceCounterToStandMixer,24,3410403,1,low_energy,8,-0.04170750442368351,0.8657488769101074,0.0
robocasa/PickPlaceCounterToStandMixer,24,3410403,1,distance_progress,1,-0.05927847795110338,0.5879229198390811,0.0
robocasa/PickPlaceCounterToStandMixer,24,3410403,1,distance_progress,2,-0.05123722331760165,0.7150683657711538,0.0
robocasa/PickPlaceCounterToStandMixer,24,3410403,1,distance_progress,4,-0.045268604478181665,0.8094420348718613,0.0
robocasa/PickPlaceCounterToStandMixer,24,3410403,1,distance_progress,8,-0.042421560083590173,0.854458483876052,0.0
robocasa/PickPlaceCounterToStandMixer,24,3410403,1,oracle_real_utility,1,-0.05927847795110339,0.5879229198390812,0.0
robocasa/PickPlaceCounterToStandMixer,24,3410403,1,oracle_real_utility,2,-0.04900569387063637,0.7503525122851658,0.0
robocasa/PickPlaceCounterToStandMixer,24,3410403,1,oracle_real_utility,4,-0.041512348919603176,0.8688346060311596,0.0
robocasa/PickPlaceCounterToStandMixer,24,3410403,1,oracle_real_utility,8,-0.03670115295393887,0.9449075180830182,0.0
robocasa/PickPlaceCounterToToasterOven,25,3500399,0,random,1,-0.06660197166203723,0.5945189226468193,0.0
robocasa/PickPlaceCounterToToasterOven,25,3500399,0,random,2,-0.06588294408940049,0.6098013378679452,0.0
robocasa/PickPlaceCounterToToasterOven,25,3500399,0,random,4,-0.06101311897246364,0.7133059770828002,0.0
robocasa/PickPlaceCounterToToasterOven,25,3500399,0,random,8,-0.053534765101152404,0.8722530235956247,0.0
robocasa/PickPlaceCounterToToasterOven,25,3500399,0,learned_wam,1,-0.06660197166203723,0.5945189226468193,0.0
robocasa/PickPlaceCounterToToasterOven,25,3500399,0,learned_wam,2,-0.06242736164975859,0.6832472635642051,0.0
robocasa/PickPlaceCounterToToasterOven,25,3500399,0,learned_wam,4,-0.059502462345274745,0.7454138999383682,0.0
robocasa/PickPlaceCounterToToasterOven,25,3500399,0,learned_wam,8,-0.05455551506015474,0.8505577155099886,0.0
robocasa/PickPlaceCounterToToasterOven,25,3500399,0,learned_physics_score,1,-0.06660197166203723,0.5945189226468193,0.0
robocasa/PickPlaceCounterToToasterOven,25,3500399,0,learned_physics_score,2,-0.06242736164975859,0.6832472635642051,0.0
robocasa/PickPlaceCounterToToasterOven,25,3500399,0,learned_physics_score,4,-0.059502462345274745,0.7454138999383682,0.0
robocasa/PickPlaceCounterToToasterOven,25,3500399,0,learned_physics_score,8,-0.05455551506015474,0.8505577155099886,0.0
robocasa/PickPlaceCounterToToasterOven,25,3500399,0,learned_energy_regularized,1,-0.06660197166203723,0.5945189226468193,0.0
robocasa/PickPlaceCounterToToasterOven,25,3500399,0,learned_energy_regularized,2,-0.0594506032204643,0.7465161284321259,0.0
robocasa/PickPlaceCounterToToasterOven,25,3500399,0,learned_energy_regularized,4,-0.05588103004749916,0.8223848453874438,0.0
robocasa/PickPlaceCounterToToasterOven,25,3500399,0,learned_energy_regularized,8,-0.05326392756645564,0.8780094810949162,0.0
robocasa/PickPlaceCounterToToasterOven,25,3500399,0,predicted_progress,1,-0.06660197166203723,0.5945189226468192,0.0
robocasa/PickPlaceCounterToToasterOven,25,3500399,0,predicted_progress,2,-0.06717818688018183,0.5822718815658694,0.0
robocasa/PickPlaceCounterToToasterOven,25,3500399,0,predicted_progress,4,-0.0701578173766016,0.5189419729716374,0.0
robocasa/PickPlaceCounterToToasterOven,25,3500399,0,predicted_progress,8,-0.07649686808449431,0.38420999785344045,0.0
robocasa/PickPlaceCounterToToasterOven,25,3500399,0,predicted_success,1,-0.06660197166203723,0.5945189226468193,0.0
robocasa/PickPlaceCounterToToasterOven,25,3500399,0,predicted_success,2,-0.06660197166203723,0.5945189226468193,0.0
robocasa/PickPlaceCounterToToasterOven,25,3500399,0,predicted_success,4,-0.06660197166203723,0.5945189226468193,0.0
robocasa/PickPlaceCounterToToasterOven,25,3500399,0,predicted_success,8,-0.06660197166203723,0.5945189226468193,0.0
robocasa/PickPlaceCounterToToasterOven,25,3500399,0,low_energy,1,-0.06660197166203723,0.5945189226468193,0.0
robocasa/PickPlaceCounterToToasterOven,25,3500399,0,low_energy,2,-0.0594506032204643,0.7465161284321259,0.0
robocasa/PickPlaceCounterToToasterOven,25,3500399,0,low_energy,4,-0.05588103004749916,0.8223848453874438,0.0
robocasa/PickPlaceCounterToToasterOven,25,3500399,0,low_energy,8,-0.05326392756645564,0.8780094810949162,0.0
robocasa/PickPlaceCounterToToasterOven,25,3500399,0,distance_progress,1,-0.06660197166203723,0.5945189226468192,0.0
robocasa/PickPlaceCounterToToasterOven,25,3500399,0,distance_progress,2,-0.06029095529446212,0.7286550479735916,0.0
robocasa/PickPlaceCounterToToasterOven,25,3500399,0,distance_progress,4,-0.055142835570684764,0.838074639406399,0.0
robocasa/PickPlaceCounterToToasterOven,25,3500399,0,distance_progress,8,-0.052638177161783865,0.8913093570286215,0.0
robocasa/PickPlaceCounterToToasterOven,25,3500399,0,oracle_real_utility,1,-0.06660197166203721,0.5945189226468192,0.0
robocasa/PickPlaceCounterToToasterOven,25,3500399,0,oracle_real_utility,2,-0.0580924963179645,0.7753817163296364,0.0
robocasa/PickPlaceCounterToToasterOven,25,3500399,0,oracle_real_utility,4,-0.052398544487172946,0.8964025776133671,0.0
robocasa/PickPlaceCounterToToasterOven,25,3500399,0,oracle_real_utility,8,-0.04921473797018197,0.9640721010475755,0.0
robocasa/PickPlaceCounterToToasterOven,25,3510406,1,random,1,-0.04695160889448761,0.5909571081287694,0.0
robocasa/PickPlaceCounterToToasterOven,25,3510406,1,random,2,-0.04482780463692767,0.6354169005688474,0.0
robocasa/PickPlaceCounterToToasterOven,25,3510406,1,random,4,-0.03906084735469988,0.7561425855588663,0.0
robocasa/PickPlaceCounterToToasterOven,25,3510406,1,random,8,-0.03180406402255075,0.9080563410669398,0.0
robocasa/PickPlaceCounterToToasterOven,25,3510406,1,learned_wam,1,-0.04695160889448761,0.5909571081287694,0.0
robocasa/PickPlaceCounterToToasterOven,25,3510406,1,learned_wam,2,-0.03900542802199567,0.7573027358036104,0.0
robocasa/PickPlaceCounterToToasterOven,25,3510406,1,learned_wam,4,-0.03349060699598621,0.8727501916074031,0.0
robocasa/PickPlaceCounterToToasterOven,25,3510406,1,learned_wam,8,-0.030627744441951175,0.9326814562160843,0.0
robocasa/PickPlaceCounterToToasterOven,25,3510406,1,learned_physics_score,1,-0.04695160889448761,0.5909571081287694,0.0
robocasa/PickPlaceCounterToToasterOven,25,3510406,1,learned_physics_score,2,-0.03900542802199567,0.7573027358036104,0.0
robocasa/PickPlaceCounterToToasterOven,25,3510406,1,learned_physics_score,4,-0.03349060699598621,0.8727501916074031,0.0
robocasa/PickPlaceCounterToToasterOven,25,3510406,1,learned_physics_score,8,-0.030627744441951175,0.9326814562160843,0.0
robocasa/PickPlaceCounterToToasterOven,25,3510406,1,learned_energy_regularized,1,-0.04695160889448761,0.5909571081287694,0.0
robocasa/PickPlaceCounterToToasterOven,25,3510406,1,learned_energy_regularized,2,-0.039712041559198295,0.7425104633578098,0.0
robocasa/PickPlaceCounterToToasterOven,25,3510406,1,learned_energy_regularized,4,-0.034561568138308935,0.8503306536817365,0.0
robocasa/PickPlaceCounterToToasterOven,25,3510406,1,learned_energy_regularized,8,-0.030986401811258002,0.9251733103313,0.0
robocasa/PickPlaceCounterToToasterOven,25,3510406,1,predicted_progress,1,-0.04695160889448761,0.5909571081287694,0.0
robocasa/PickPlaceCounterToToasterOven,25,3510406,1,predicted_progress,2,-0.03862223515228495,0.7653245087100411,0.0
robocasa/PickPlaceCounterToToasterOven,25,3510406,1,predicted_progress,4,-0.032721921252956455,0.8888418857760618,0.0
robocasa/PickPlaceCounterToToasterOven,25,3510406,1,predicted_progress,8,-0.029092556003951064,0.9648191445491467,0.0
robocasa/PickPlaceCounterToToasterOven,25,3510406,1,predicted_success,1,-0.04695160889448761,0.5909571081287694,0.0
robocasa/PickPlaceCounterToToasterOven,25,3510406,1,predicted_success,2,-0.04695160889448761,0.5909571081287694,0.0
robocasa/PickPlaceCounterToToasterOven,25,3510406,1,predicted_success,4,-0.04695160889448761,0.5909571081287694,0.0
robocasa/PickPlaceCounterToToasterOven,25,3510406,1,predicted_success,8,-0.04695160889448761,0.5909571081287694,0.0
robocasa/PickPlaceCounterToToasterOven,25,3510406,1,low_energy,1,-0.04695160889448761,0.5909571081287694,0.0
robocasa/PickPlaceCounterToToasterOven,25,3510406,1,low_energy,2,-0.039712041559198295,0.7425104633578098,0.0
robocasa/PickPlaceCounterToToasterOven,25,3510406,1,low_energy,4,-0.034561568138308935,0.8503306536817365,0.0
robocasa/PickPlaceCounterToToasterOven,25,3510406,1,low_energy,8,-0.030986401811258002,0.9251733103313,0.0
robocasa/PickPlaceCounterToToasterOven,25,3510406,1,distance_progress,1,-0.04695160889448761,0.5909571081287693,0.0
robocasa/PickPlaceCounterToToasterOven,25,3510406,1,distance_progress,2,-0.040124618016615064,0.7338735734009705,0.0
robocasa/PickPlaceCounterToToasterOven,25,3510406,1,distance_progress,4,-0.03578366485474965,0.8247472383734538,0.0
robocasa/PickPlaceCounterToToasterOven,25,3510406,1,distance_progress,8,-0.032016273581324306,0.9036139387583051,0.0
robocasa/PickPlaceCounterToToasterOven,25,3510406,1,oracle_real_utility,1,-0.04695160889448761,0.5909571081287694,0.0
robocasa/PickPlaceCounterToToasterOven,25,3510406,1,oracle_real_utility,2,-0.03808689695529086,0.7765312972070881,0.0
robocasa/PickPlaceCounterToToasterOven,25,3510406,1,oracle_real_utility,4,-0.03181793861072288,0.9077658899539768,0.0
robocasa/PickPlaceCounterToToasterOven,25,3510406,1,oracle_real_utility,8,-0.028579341757202475,0.9755627894997166,0.0
robocasa/PickPlaceDrawerToCounter,26,3600402,0,random,1,-0.04267694160816975,0.5921785481253238,0.0
robocasa/PickPlaceDrawerToCounter,26,3600402,0,random,2,-0.04076366712779288,0.62811893130579,0.0
robocasa/PickPlaceDrawerToCounter,26,3600402,0,random,4,-0.035715686079998414,0.7229439943096765,0.0
robocasa/PickPlaceDrawerToCounter,26,3600402,0,random,8,-0.032475977092414836,0.7838011183664502,0.0
robocasa/PickPlaceDrawerToCounter,26,3600402,0,learned_wam,1,-0.04267694160816976,0.5921785481253238,0.0
robocasa/PickPlaceDrawerToCounter,26,3600402,0,learned_wam,2,-0.034605194736486364,0.7438042967982941,0.0
robocasa/PickPlaceDrawerToCounter,26,3600402,0,learned_wam,4,-0.03062617565119486,0.8185491763618347,0.0
robocasa/PickPlaceDrawerToCounter,26,3600402,0,learned_wam,8,-0.029299721304081563,0.8434662899258314,0.0
robocasa/PickPlaceDrawerToCounter,26,3600402,0,learned_physics_score,1,-0.04267694160816976,0.5921785481253238,0.0
robocasa/PickPlaceDrawerToCounter,26,3600402,0,learned_physics_score,2,-0.034605194736486364,0.7438042967982941,0.0
robocasa/PickPlaceDrawerToCounter,26,3600402,0,learned_physics_score,4,-0.03062617565119486,0.8185491763618347,0.0
robocasa/PickPlaceDrawerToCounter,26,3600402,0,learned_physics_score,8,-0.029299721304081563,0.8434662899258314,0.0
robocasa/PickPlaceDrawerToCounter,26,3600402,0,learned_energy_regularized,1,-0.04267694160816976,0.5921785481253238,0.0
robocasa/PickPlaceDrawerToCounter,26,3600402,0,learned_energy_regularized,2,-0.03519736638492196,0.7326805003061191,0.0
robocasa/PickPlaceDrawerToCounter,26,3600402,0,learned_energy_regularized,4,-0.030857492701365022,0.8142039433570789,0.0
robocasa/PickPlaceDrawerToCounter,26,3600402,0,learned_energy_regularized,8,-0.029306554644674968,0.8433379273297437,0.0
robocasa/PickPlaceDrawerToCounter,26,3600402,0,predicted_progress,1,-0.04267694160816975,0.5921785481253238,0.0
robocasa/PickPlaceDrawerToCounter,26,3600402,0,predicted_progress,2,-0.03774935369073376,0.6847420562494696,0.0
robocasa/PickPlaceDrawerToCounter,26,3600402,0,predicted_progress,4,-0.0387670894805915,0.6656241436660348,0.0
robocasa/PickPlaceDrawerToCounter,26,3600402,0,predicted_progress,8,-0.041071794368105236,0.6223308380662961,0.0
robocasa/PickPlaceDrawerToCounter,26,3600402,0,predicted_success,1,-0.04267694160816975,0.5921785481253237,0.0
robocasa/PickPlaceDrawerToCounter,26,3600402,0,predicted_success,2,-0.04267694160816975,0.5921785481253237,0.0
robocasa/PickPlaceDrawerToCounter,26,3600402,0,predicted_success,4,-0.04267694160816975,0.5921785481253237,0.0
robocasa/PickPlaceDrawerToCounter,26,3600402,0,predicted_success,8,-0.04267694160816975,0.5921785481253237,0.0
robocasa/PickPlaceDrawerToCounter,26,3600402,0,low_energy,1,-0.04267694160816975,0.5921785481253238,0.0
robocasa/PickPlaceDrawerToCounter,26,3600402,0,low_energy,2,-0.03609736973053718,0.7157741622783728,0.0
robocasa/PickPlaceDrawerToCounter,26,3600402,0,low_energy,4,-0.03163093307650308,0.7996750591144843,0.0
robocasa/PickPlaceDrawerToCounter,26,3600402,0,low_energy,8,-0.029396969028016858,0.8416395157240586,0.0
robocasa/PickPlaceDrawerToCounter,26,3600402,0,distance_progress,1,-0.04267694160816975,0.5921785481253237,0.0
robocasa/PickPlaceDrawerToCounter,26,3600402,0,distance_progress,2,-0.03523393507590103,0.7319935665808877,0.0
robocasa/PickPlaceDrawerToCounter,26,3600402,0,distance_progress,4,-0.030323662221837987,0.8242318155648525,0.0
robocasa/PickPlaceDrawerToCounter,26,3600402,0,distance_progress,8,-0.02606045537605392,0.9043150912195225,0.0
robocasa/PickPlaceDrawerToCounter,26,3600402,0,oracle_real_utility,1,-0.04267694160816975,0.5921785481253237,0.0
robocasa/PickPlaceDrawerToCounter,26,3600402,0,oracle_real_utility,2,-0.03389906216991975,0.7570688206702745,0.0
robocasa/PickPlaceDrawerToCounter,26,3600402,0,oracle_real_utility,4,-0.028426965267679204,0.8598607940563558,0.0
robocasa/PickPlaceDrawerToCounter,26,3600402,0,oracle_real_utility,8,-0.02472652012721697,0.9293727316536786,0.0
robocasa/PickPlaceDrawerToCounter,26,3610409,1,random,1,-0.05084592081087564,0.4707904741243918,0.0
robocasa/PickPlaceDrawerToCounter,26,3610409,1,random,2,-0.05137888804230845,0.45610401083742236,0.0
robocasa/PickPlaceDrawerToCounter,26,3610409,1,random,4,-0.0502658858249905,0.48677393806542724,0.0
robocasa/PickPlaceDrawerToCounter,26,3610409,1,random,8,-0.04543694681732603,0.6198403467833116,0.0
robocasa/PickPlaceDrawerToCounter,26,3610409,1,learned_wam,1,-0.05084592081087564,0.47079047412439184,0.0
robocasa/PickPlaceDrawerToCounter,26,3610409,1,learned_wam,2,-0.04498446251091959,0.6323090198311887,0.0
robocasa/PickPlaceDrawerToCounter,26,3610409,1,learned_wam,4,-0.040237642728302755,0.7631125483705412,0.0
robocasa/PickPlaceDrawerToCounter,26,3610409,1,learned_wam,8,-0.03611596905828079,0.8766895292158943,0.0
robocasa/PickPlaceDrawerToCounter,26,3610409,1,learned_physics_score,1,-0.05084592081087564,0.47079047412439184,0.0
robocasa/PickPlaceDrawerToCounter,26,3610409,1,learned_physics_score,2,-0.04498446251091959,0.6323090198311887,0.0
robocasa/PickPlaceDrawerToCounter,26,3610409,1,learned_physics_score,4,-0.040237642728302755,0.7631125483705412,0.0
robocasa/PickPlaceDrawerToCounter,26,3610409,1,learned_physics_score,8,-0.03611596905828079,0.8766895292158943,0.0
robocasa/PickPlaceDrawerToCounter,26,3610409,1,learned_energy_regularized,1,-0.05084592081087564,0.47079047412439184,0.0
robocasa/PickPlaceDrawerToCounter,26,3610409,1,learned_energy_regularized,2,-0.04830934008422564,0.5406885795224069,0.0
robocasa/PickPlaceDrawerToCounter,26,3610409,1,learned_energy_regularized,4,-0.047977391751510806,0.549835759150094,0.0
robocasa/PickPlaceDrawerToCounter,26,3610409,1,learned_energy_regularized,8,-0.04948792141400622,0.5082115520248691,0.0
robocasa/PickPlaceDrawerToCounter,26,3610409,1,predicted_progress,1,-0.05084592081087564,0.47079047412439184,0.0
robocasa/PickPlaceDrawerToCounter,26,3610409,1,predicted_progress,2,-0.045513919455340564,0.6177192861333679,0.0
robocasa/PickPlaceDrawerToCounter,26,3610409,1,predicted_progress,4,-0.03959336810091303,0.7808662020735037,0.0
robocasa/PickPlaceDrawerToCounter,26,3610409,1,predicted_progress,8,-0.03520764462485806,0.9017193484193321,0.0
robocasa/PickPlaceDrawerToCounter,26,3610409,1,predicted_success,1,-0.05084592081087563,0.47079047412439184,0.0
robocasa/PickPlaceDrawerToCounter,26,3610409,1,predicted_success,2,-0.05084592081087563,0.47079047412439184,0.0
robocasa/PickPlaceDrawerToCounter,26,3610409,1,predicted_success,4,-0.05084592081087563,0.47079047412439184,0.0
robocasa/PickPlaceDrawerToCounter,26,3610409,1,predicted_success,8,-0.05084592081087563,0.47079047412439184,0.0
robocasa/PickPlaceDrawerToCounter,26,3610409,1,low_energy,1,-0.05084592081087564,0.4707904741243918,0.0
robocasa/PickPlaceDrawerToCounter,26,3610409,1,low_energy,2,-0.04894484697230556,0.5231765299442174,0.0
robocasa/PickPlaceDrawerToCounter,26,3610409,1,low_energy,4,-0.050132157293906784,0.49045896604904526,0.0
robocasa/PickPlaceDrawerToCounter,26,3610409,1,low_energy,8,-0.05287728097861144,0.4148142437549183,0.0
robocasa/PickPlaceDrawerToCounter,26,3610409,1,distance_progress,1,-0.05084592081087564,0.4707904741243918,0.0
robocasa/PickPlaceDrawerToCounter,26,3610409,1,distance_progress,2,-0.04558572780715787,0.6157405327307856,0.0
robocasa/PickPlaceDrawerToCounter,26,3610409,1,distance_progress,4,-0.03993382038288365,0.7714846873288086,0.0
robocasa/PickPlaceDrawerToCounter,26,3610409,1,distance_progress,8,-0.037027184866594995,0.8515800351868985,0.0
robocasa/PickPlaceDrawerToCounter,26,3610409,1,oracle_real_utility,1,-0.05084592081087564,0.4707904741243918,0.0
robocasa/PickPlaceDrawerToCounter,26,3610409,1,oracle_real_utility,2,-0.04418965233735363,0.654210836201409,0.0
robocasa/PickPlaceDrawerToCounter,26,3610409,1,oracle_real_utility,4,-0.03833003493146454,0.8156786541682342,0.0
robocasa/PickPlaceDrawerToCounter,26,3610409,1,oracle_real_utility,8,-0.03437307809409166,0.9247166923304823,0.0
robocasa/PickPlaceMicrowaveToCounter,27,3700405,0,random,1,-0.05771883966148034,0.3789843519878626,0.0
robocasa/PickPlaceMicrowaveToCounter,27,3700405,0,random,2,-0.05804430849060076,0.3727603864522885,0.0
robocasa/PickPlaceMicrowaveToCounter,27,3700405,0,random,4,-0.05758486339196801,0.38154639052864403,0.0
robocasa/PickPlaceMicrowaveToCounter,27,3700405,0,random,8,-0.05341439176443833,0.46129864129558257,0.0
robocasa/PickPlaceMicrowaveToCounter,27,3700405,0,learned_wam,1,-0.05771883966148032,0.3789843519878626,0.0
robocasa/PickPlaceMicrowaveToCounter,27,3700405,0,learned_wam,2,-0.04867512489871184,0.5519280072962685,0.0
robocasa/PickPlaceMicrowaveToCounter,27,3700405,0,learned_wam,4,-0.038724855764326195,0.7422077718115605,0.0
robocasa/PickPlaceMicrowaveToCounter,27,3700405,0,learned_wam,8,-0.03146376774442259,0.881062118351542,0.0
robocasa/PickPlaceMicrowaveToCounter,27,3700405,0,learned_physics_score,1,-0.05771883966148032,0.3789843519878626,0.0
robocasa/PickPlaceMicrowaveToCounter,27,3700405,0,learned_physics_score,2,-0.04867512489871184,0.5519280072962685,0.0
robocasa/PickPlaceMicrowaveToCounter,27,3700405,0,learned_physics_score,4,-0.038724855764326195,0.7422077718115605,0.0
robocasa/PickPlaceMicrowaveToCounter,27,3700405,0,learned_physics_score,8,-0.03146376774442259,0.881062118351542,0.0
robocasa/PickPlaceMicrowaveToCounter,27,3700405,0,learned_energy_regularized,1,-0.05771883966148032,0.3789843519878626,0.0
robocasa/PickPlaceMicrowaveToCounter,27,3700405,0,learned_energy_regularized,2,-0.04848447926708188,0.555573738421978,0.0
robocasa/PickPlaceMicrowaveToCounter,27,3700405,0,learned_energy_regularized,4,-0.03807844791958088,0.7545690789096695,0.0
robocasa/PickPlaceMicrowaveToCounter,27,3700405,0,learned_energy_regularized,8,-0.0304469941938361,0.9005059574234306,0.0
robocasa/PickPlaceMicrowaveToCounter,27,3700405,0,predicted_progress,1,-0.05771883966148033,0.3789843519878626,0.0
robocasa/PickPlaceMicrowaveToCounter,27,3700405,0,predicted_progress,2,-0.05171177596483087,0.4938578946216812,0.0
robocasa/PickPlaceMicrowaveToCounter,27,3700405,0,predicted_progress,4,-0.04808333282408954,0.563244892807637,0.0
robocasa/PickPlaceMicrowaveToCounter,27,3700405,0,predicted_progress,8,-0.047528148262935006,0.5738617300139738,0.0
robocasa/PickPlaceMicrowaveToCounter,27,3700405,0,predicted_success,1,-0.05771883966148032,0.3789843519878626,0.0
robocasa/PickPlaceMicrowaveToCounter,27,3700405,0,predicted_success,2,-0.05771883966148032,0.3789843519878626,0.0
robocasa/PickPlaceMicrowaveToCounter,27,3700405,0,predicted_success,4,-0.05771883966148032,0.3789843519878626,0.0
robocasa/PickPlaceMicrowaveToCounter,27,3700405,0,predicted_success,8,-0.05771883966148032,0.3789843519878626,0.0
robocasa/PickPlaceMicrowaveToCounter,27,3700405,0,low_energy,1,-0.05771883966148032,0.3789843519878626,0.0
robocasa/PickPlaceMicrowaveToCounter,27,3700405,0,low_energy,2,-0.04848447926708188,0.555573738421978,0.0
robocasa/PickPlaceMicrowaveToCounter,27,3700405,0,low_energy,4,-0.03807844791958088,0.7545690789096695,0.0
robocasa/PickPlaceMicrowaveToCounter,27,3700405,0,low_energy,8,-0.0304469941938361,0.9005059574234306,0.0
robocasa/PickPlaceMicrowaveToCounter,27,3700405,0,distance_progress,1,-0.05771883966148033,0.3789843519878626,0.0
robocasa/PickPlaceMicrowaveToCounter,27,3700405,0,distance_progress,2,-0.05135195174849347,0.5007388408781975,0.0
robocasa/PickPlaceMicrowaveToCounter,27,3700405,0,distance_progress,4,-0.04943051656570646,0.5374825941550462,0.0
robocasa/PickPlaceMicrowaveToCounter,27,3700405,0,distance_progress,8,-0.05475258062428878,0.4357083524611435,0.0
robocasa/PickPlaceMicrowaveToCounter,27,3700405,0,oracle_real_utility,1,-0.05771883966148032,0.3789843519878626,0.0
robocasa/PickPlaceMicrowaveToCounter,27,3700405,0,oracle_real_utility,2,-0.0477405698447013,0.5697995757133654,0.0
robocasa/PickPlaceMicrowaveToCounter,27,3700405,0,oracle_real_utility,4,-0.03769631129138764,0.7618767071399452,0.0
robocasa/PickPlaceMicrowaveToCounter,27,3700405,0,oracle_real_utility,8,-0.03037390948888506,0.901903561876128,0.0
robocasa/PickPlaceMicrowaveToCounter,27,3710412,1,random,1,-0.06205650473330737,0.6455301611424552,0.0
robocasa/PickPlaceMicrowaveToCounter,27,3710412,1,random,2,-0.06665414118716945,0.5500093476163137,0.0
robocasa/PickPlaceMicrowaveToCounter,27,3710412,1,random,4,-0.0728335930085516,0.42162462841386633,0.0
robocasa/PickPlaceMicrowaveToCounter,27,3710412,1,random,8,-0.078162342537793,0.31091415897633423,0.0
robocasa/PickPlaceMicrowaveToCounter,27,3710412,1,learned_wam,1,-0.06205650473330738,0.6455301611424551,0.0
robocasa/PickPlaceMicrowaveToCounter,27,3710412,1,learned_wam,2,-0.0548376729385187,0.7955091106888812,0.0
robocasa/PickPlaceMicrowaveToCounter,27,3710412,1,learned_wam,4,-0.05241730410815036,0.8457948612109546,0.0
robocasa/PickPlaceMicrowaveToCounter,27,3710412,1,learned_wam,8,-0.050829342494825694,0.8787864617159574,0.0
robocasa/PickPlaceMicrowaveToCounter,27,3710412,1,learned_physics_score,1,-0.06205650473330738,0.6455301611424551,0.0
robocasa/PickPlaceMicrowaveToCounter,27,3710412,1,learned_physics_score,2,-0.0548376729385187,0.7955091106888812,0.0
robocasa/PickPlaceMicrowaveToCounter,27,3710412,1,learned_physics_score,4,-0.05241730410815036,0.8457948612109546,0.0
robocasa/PickPlaceMicrowaveToCounter,27,3710412,1,learned_physics_score,8,-0.050829342494825694,0.8787864617159574,0.0
robocasa/PickPlaceMicrowaveToCounter,27,3710412,1,learned_energy_regularized,1,-0.06205650473330738,0.6455301611424552,0.0
robocasa/PickPlaceMicrowaveToCounter,27,3710412,1,learned_energy_regularized,2,-0.05343352541494772,0.8246817769290642,0.0
robocasa/PickPlaceMicrowaveToCounter,27,3710412,1,learned_energy_regularized,4,-0.04840363629682083,0.9291831017578626,0.0
robocasa/PickPlaceMicrowaveToCounter,27,3710412,1,learned_energy_regularized,8,-0.04587301379741236,0.981759490147162,0.0
robocasa/PickPlaceMicrowaveToCounter,27,3710412,1,predicted_progress,1,-0.06205650473330737,0.6455301611424551,0.0
robocasa/PickPlaceMicrowaveToCounter,27,3710412,1,predicted_progress,2,-0.06491523708579196,0.5861369397115946,0.0
robocasa/PickPlaceMicrowaveToCounter,27,3710412,1,predicted_progress,4,-0.0693588311063708,0.49381652245262664,0.0
robocasa/PickPlaceMicrowaveToCounter,27,3710412,1,predicted_progress,8,-0.0719290305995072,0.4404178796994276,0.0
robocasa/PickPlaceMicrowaveToCounter,27,3710412,1,predicted_success,1,-0.06205650473330737,0.6455301611424551,0.0
robocasa/PickPlaceMicrowaveToCounter,27,3710412,1,predicted_success,2,-0.06205650473330737,0.6455301611424551,0.0
robocasa/PickPlaceMicrowaveToCounter,27,3710412,1,predicted_success,4,-0.06205650473330737,0.6455301611424551,0.0
robocasa/PickPlaceMicrowaveToCounter,27,3710412,1,predicted_success,8,-0.06205650473330737,0.6455301611424551,0.0
robocasa/PickPlaceMicrowaveToCounter,27,3710412,1,low_energy,1,-0.06205650473330738,0.6455301611424552,0.0
robocasa/PickPlaceMicrowaveToCounter,27,3710412,1,low_energy,2,-0.053361961722514006,0.8261685891615669,0.0
robocasa/PickPlaceMicrowaveToCounter,27,3710412,1,low_energy,4,-0.04805950754417494,0.9363327445668016,0.0
robocasa/PickPlaceMicrowaveToCounter,27,3710412,1,low_energy,8,-0.045751710260795164,0.9842797008287916,0.0
robocasa/PickPlaceMicrowaveToCounter,27,3710412,1,distance_progress,1,-0.06205650473330738,0.6455301611424551,0.0
robocasa/PickPlaceMicrowaveToCounter,27,3710412,1,distance_progress,2,-0.05339086575457882,0.825568076988688,0.0
robocasa/PickPlaceMicrowaveToCounter,27,3710412,1,distance_progress,4,-0.048904965043062895,0.9187674609899075,0.0
robocasa/PickPlaceMicrowaveToCounter,27,3710412,1,distance_progress,8,-0.048717311968818906,0.9226661542624932,0.0
robocasa/PickPlaceMicrowaveToCounter,27,3710412,1,oracle_real_utility,1,-0.06205650473330738,0.6455301611424551,0.0
robocasa/PickPlaceMicrowaveToCounter,27,3710412,1,oracle_real_utility,2,-0.05227526891808247,0.8487457941611292,0.0
robocasa/PickPlaceMicrowaveToCounter,27,3710412,1,oracle_real_utility,4,-0.046925593459262165,0.9598910221615069,0.0
robocasa/PickPlaceMicrowaveToCounter,27,3710412,1,oracle_real_utility,8,-0.045281805118968795,0.9940424826141299,0.0
