env_id,task_index,seed,state_id,scorer,N,utility_exact,utility_mc,utility_abs_error
robocasa/OpenDrawer,0,1000324,0,learned_wam,1,-0.06707860251474523,-0.0673333701228555,0.00025476760811025956
robocasa/OpenDrawer,0,1000324,0,learned_wam,2,-0.06117732389653456,-0.06106816726300171,0.00010915663353285032
robocasa/OpenDrawer,0,1000324,0,learned_wam,4,-0.05626453568606712,-0.05585489356995318,0.00040964211611393964
robocasa/OpenDrawer,0,1000324,0,learned_wam,8,-0.055223889988788896,-0.0555862016676686,0.0003623116788797065
robocasa/OpenDrawer,0,1000324,0,learned_physics_score,1,-0.06707860251474523,-0.0673333701228555,0.00025476760811025956
robocasa/OpenDrawer,0,1000324,0,learned_physics_score,2,-0.06117732389653456,-0.06106816726300171,0.00010915663353285032
robocasa/OpenDrawer,0,1000324,0,learned_physics_score,4,-0.05626453568606712,-0.05585489356995318,0.00040964211611393964
robocasa/OpenDrawer,0,1000324,0,learned_physics_score,8,-0.055223889988788896,-0.0555862016676686,0.0003623116788797065
robocasa/OpenDrawer,0,1000324,0,learned_energy_regularized,1,-0.06707860251474523,-0.0673333701228555,0.00025476760811025956
robocasa/OpenDrawer,0,1000324,0,learned_energy_regularized,2,-0.0621187940696985,-0.06220710879467508,8.831472497657783e-05
robocasa/OpenDrawer,0,1000324,0,learned_energy_regularized,4,-0.058465430767359446,-0.058575617836661806,0.00011018706930236016
robocasa/OpenDrawer,0,1000324,0,learned_energy_regularized,8,-0.05691686719575931,-0.05729244723191765,0.00037558003615834057
robocasa/OpenDrawer,0,1000324,0,oracle_real_utility,1,-0.06707860251474523,-0.0673333701228555,0.00025476760811025956
robocasa/OpenDrawer,0,1000324,0,oracle_real_utility,2,-0.05925002110730819,-0.05912521196928782,0.00012480913802036947
robocasa/OpenDrawer,0,1000324,0,oracle_real_utility,4,-0.051961029920474106,-0.051628918521115966,0.0003321113993581398
robocasa/OpenDrawer,0,1000324,0,oracle_real_utility,8,-0.04695735758846796,-0.047093555460311604,0.00013619787184364351
robocasa/OpenDrawer,0,1010331,1,learned_wam,1,-0.04554407397240653,-0.04615913137556964,0.0006150574031631093
robocasa/OpenDrawer,0,1010331,1,learned_wam,2,-0.03933348653583024,-0.03869953409711212,0.0006339524387181245
robocasa/OpenDrawer,0,1010331,1,learned_wam,4,-0.03208493588862041,-0.03225483603762201,0.00016990014900160333
robocasa/OpenDrawer,0,1010331,1,learned_wam,8,-0.026240844432685102,-0.02661535879751451,0.00037451436482940914
robocasa/OpenDrawer,0,1010331,1,learned_physics_score,1,-0.04554407397240653,-0.04615913137556964,0.0006150574031631093
robocasa/OpenDrawer,0,1010331,1,learned_physics_score,2,-0.03933348653583024,-0.03869953409711212,0.0006339524387181245
robocasa/OpenDrawer,0,1010331,1,learned_physics_score,4,-0.03208493588862041,-0.03225483603762201,0.00016990014900160333
robocasa/OpenDrawer,0,1010331,1,learned_physics_score,8,-0.026240844432685102,-0.02661535879751451,0.00037451436482940914
robocasa/OpenDrawer,0,1010331,1,learned_energy_regularized,1,-0.04554407397240652,-0.04615913137556964,0.0006150574031631162
robocasa/OpenDrawer,0,1010331,1,learned_energy_regularized,2,-0.04223254976835519,-0.04156831574293134,0.0006642340254238502
robocasa/OpenDrawer,0,1010331,1,learned_energy_regularized,4,-0.03904151782714298,-0.038796098009668226,0.0002454198174747513
robocasa/OpenDrawer,0,1010331,1,learned_energy_regularized,8,-0.033089436218611115,-0.03378048071534232,0.0006910444967312065
robocasa/OpenDrawer,0,1010331,1,oracle_real_utility,1,-0.04554407397240653,-0.04615913137556964,0.0006150574031631093
robocasa/OpenDrawer,0,1010331,1,oracle_real_utility,2,-0.038337112539343195,-0.03766563709023609,0.0006714754491071034
robocasa/OpenDrawer,0,1010331,1,oracle_real_utility,4,-0.030674696119658357,-0.030806946830696118,0.00013225071103776034
robocasa/OpenDrawer,0,1010331,1,oracle_real_utility,8,-0.024798689697957857,-0.025082669952325887,0.00028398025436802976
robocasa/OpenCabinet,1,1100327,0,learned_wam,1,-0.04959164683500442,-0.049645383832327424,5.3736997323000635e-05
robocasa/OpenCabinet,1,1100327,0,learned_wam,2,-0.04659871935397665,-0.04630792211530736,0.0002907972386692881
robocasa/OpenCabinet,1,1100327,0,learned_wam,4,-0.042462037288781854,-0.04238300640266271,7.90308861191441e-05
robocasa/OpenCabinet,1,1100327,0,learned_wam,8,-0.03957826192692024,-0.03959447676180185,1.6214834881608797e-05
robocasa/OpenCabinet,1,1100327,0,learned_physics_score,1,-0.04959164683500442,-0.049645383832327424,5.3736997323000635e-05
robocasa/OpenCabinet,1,1100327,0,learned_physics_score,2,-0.04659871935397665,-0.04630792211530736,0.0002907972386692881
robocasa/OpenCabinet,1,1100327,0,learned_physics_score,4,-0.042462037288781854,-0.04238300640266271,7.90308861191441e-05
robocasa/OpenCabinet,1,1100327,0,learned_physics_score,8,-0.03957826192692024,-0.03959447676180185,1.6214834881608797e-05
robocasa/OpenCabinet,1,1100327,0,learned_energy_regularized,1,-0.04959164683500442,-0.049645383832327424,5.3736997323000635e-05
robocasa/OpenCabinet,1,1100327,0,learned_energy_regularized,2,-0.0452949193644079,-0.045021204662227025,0.00027371470218087723
robocasa/OpenCabinet,1,1100327,0,learned_energy_regularized,4,-0.042136087291389665,-0.04208407697089807,5.2010320491596707e-05
robocasa/OpenCabinet,1,1100327,0,learned_energy_regularized,8,-0.039570423529766155,-0.03959447676180185,2.4053232035692318e-05
robocasa/OpenCabinet,1,1100327,0,oracle_real_utility,1,-0.04959164683500442,-0.049645383832327424,5.3736997323000635e-05
robocasa/OpenCabinet,1,1100327,0,oracle_real_utility,2,-0.04426110677561079,-0.044156519570503434,0.00010458720510735792
robocasa/OpenCabinet,1,1100327,0,oracle_real_utility,4,-0.04103131262861366,-0.04107281945119481,4.150682258114574e-05
robocasa/OpenCabinet,1,1100327,0,oracle_real_utility,8,-0.039295972157342166,-0.039263162540467605,3.280961687456008e-05
robocasa/OpenCabinet,1,1110334,1,learned_wam,1,-0.05375801272382107,-0.05401191281438618,0.0002539000905651054
robocasa/OpenCabinet,1,1110334,1,learned_wam,2,-0.04751045810760725,-0.046914800453041465,0.000595657654565783
robocasa/OpenCabinet,1,1110334,1,learned_wam,4,-0.042586681302683796,-0.042769470828414737,0.0001827895257309406
robocasa/OpenCabinet,1,1110334,1,learned_wam,8,-0.0381812477684546,-0.03753685968951235,0.0006443880789422513
robocasa/OpenCabinet,1,1110334,1,learned_physics_score,1,-0.05375801272382107,-0.05401191281438618,0.0002539000905651054
robocasa/OpenCabinet,1,1110334,1,learned_physics_score,2,-0.04751045810760725,-0.046914800453041465,0.000595657654565783
robocasa/OpenCabinet,1,1110334,1,learned_physics_score,4,-0.042586681302683796,-0.042769470828414737,0.0001827895257309406
robocasa/OpenCabinet,1,1110334,1,learned_physics_score,8,-0.0381812477684546,-0.03753685968951235,0.0006443880789422513
robocasa/OpenCabinet,1,1110334,1,learned_energy_regularized,1,-0.05375801272382107,-0.05401191281438618,0.0002539000905651054
robocasa/OpenCabinet,1,1110334,1,learned_energy_regularized,2,-0.047188070537468846,-0.04663625759244188,0.0005518129450269652
robocasa/OpenCabinet,1,1110334,1,learned_energy_regularized,4,-0.0423096294845961,-0.042459978761081874,0.0001503492764857728
robocasa/OpenCabinet,1,1110334,1,learned_energy_regularized,8,-0.0381488606962363,-0.03751622688502349,0.0006326338112128058
robocasa/OpenCabinet,1,1110334,1,oracle_real_utility,1,-0.053758012723821066,-0.05401191281438618,0.0002539000905651123
robocasa/OpenCabinet,1,1110334,1,oracle_real_utility,2,-0.0467214348075317,-0.04621324120568109,0.0005081936018506081
robocasa/OpenCabinet,1,1110334,1,oracle_real_utility,4,-0.04113355606225101,-0.04138351501028098,0.00024995894802996854
robocasa/OpenCabinet,1,1110334,1,oracle_real_utility,8,-0.03676005435892052,-0.03623831861813845,0.00052173574078207
robocasa/OpenMicrowave,2,1200330,0,learned_wam,1,-0.0551059655960779,-0.055798087627163415,0.0006921220310855125
robocasa/OpenMicrowave,2,1200330,0,learned_wam,2,-0.04745442219704209,-0.04809383914072397,0.0006394169436818795
robocasa/OpenMicrowave,2,1200330,0,learned_wam,4,-0.04293622745151195,-0.04294004568015229,3.8182286403384835e-06
robocasa/OpenMicrowave,2,1200330,0,learned_wam,8,-0.03915125186895768,-0.03955398171245702,0.0004027298434993373
robocasa/OpenMicrowave,2,1200330,0,learned_physics_score,1,-0.0551059655960779,-0.055798087627163415,0.0006921220310855125
robocasa/OpenMicrowave,2,1200330,0,learned_physics_score,2,-0.04745442219704209,-0.04809383914072397,0.0006394169436818795
robocasa/OpenMicrowave,2,1200330,0,learned_physics_score,4,-0.04293622745151195,-0.04294004568015229,3.8182286403384835e-06
robocasa/OpenMicrowave,2,1200330,0,learned_physics_score,8,-0.03915125186895768,-0.03955398171245702,0.0004027298434993373
robocasa/OpenMicrowave,2,1200330,0,learned_energy_regularized,1,-0.0551059655960779,-0.055798087627163415,0.0006921220310855125
robocasa/OpenMicrowave,2,1200330,0,learned_energy_regularized,2,-0.04745442219704209,-0.04809383914072397,0.0006394169436818795
robocasa/OpenMicrowave,2,1200330,0,learned_energy_regularized,4,-0.04293622745151195,-0.04294004568015229,3.8182286403384835e-06
robocasa/OpenMicrowave,2,1200330,0,learned_energy_regularized,8,-0.03915125186895768,-0.03955398171245702,0.0004027298434993373
robocasa/OpenMicrowave,2,1200330,0,oracle_real_utility,1,-0.055105965596077895,-0.055798087627163415,0.0006921220310855195
robocasa/OpenMicrowave,2,1200330,0,oracle_real_utility,2,-0.046405991775414775,-0.04708587433653491,0.0006798825611201362
robocasa/OpenMicrowave,2,1200330,0,oracle_real_utility,4,-0.0405596323308263,-0.04058715923296388,2.7526902137579856e-05
robocasa/OpenMicrowave,2,1200330,0,oracle_real_utility,8,-0.03676370154593103,-0.03693294200745448,0.00016924046152344552
robocasa/OpenMicrowave,2,1210337,1,learned_wam,1,-0.061270722496202454,-0.06172747918948595,0.0004567566932834957
robocasa/OpenMicrowave,2,1210337,1,learned_wam,2,-0.05995905342085511,-0.06014218292575744,0.00018312950490232544
robocasa/OpenMicrowave,2,1210337,1,learned_wam,4,-0.0580249439342244,-0.05824889201955126,0.00022394808532685828
robocasa/OpenMicrowave,2,1210337,1,learned_wam,8,-0.05843860236471759,-0.058126508045018455,0.0003120943196991341
robocasa/OpenMicrowave,2,1210337,1,learned_physics_score,1,-0.061270722496202454,-0.06172747918948595,0.0004567566932834957
robocasa/OpenMicrowave,2,1210337,1,learned_physics_score,2,-0.05995905342085511,-0.06014218292575744,0.00018312950490232544
robocasa/OpenMicrowave,2,1210337,1,learned_physics_score,4,-0.0580249439342244,-0.05824889201955126,0.00022394808532685828
robocasa/OpenMicrowave,2,1210337,1,learned_physics_score,8,-0.05843860236471759,-0.058126508045018455,0.0003120943196991341
robocasa/OpenMicrowave,2,1210337,1,learned_energy_regularized,1,-0.06127072249620247,-0.06172747918948595,0.00045675669328348184
robocasa/OpenMicrowave,2,1210337,1,learned_energy_regularized,2,-0.05552116164596935,-0.05586540286020864,0.00034424121423929505
robocasa/OpenMicrowave,2,1210337,1,learned_energy_regularized,4,-0.051382884334968,-0.051113413825519205,0.00026947050944879647
robocasa/OpenMicrowave,2,1210337,1,learned_energy_regularized,8,-0.048048632856190876,-0.04786369972591638,0.00018493313027449776
robocasa/OpenMicrowave,2,1210337,1,oracle_real_utility,1,-0.061270722496202454,-0.06172747918948595,0.0004567566932834957
robocasa/OpenMicrowave,2,1210337,1,oracle_real_utility,2,-0.05508050782187945,-0.05541685192897218,0.0003363441070927328
robocasa/OpenMicrowave,2,1210337,1,oracle_real_utility,4,-0.050614434768384495,-0.050414208044190854,0.00020022672419364035
robocasa/OpenMicrowave,2,1210337,1,oracle_real_utility,8,-0.047390546873303324,-0.04723761915060831,0.0001529277226950121
robocasa/TurnOnSinkFaucet,3,1300333,0,learned_wam,1,-0.05260035623924142,-0.05316450968596649,0.0005641534467250714
robocasa/TurnOnSinkFaucet,3,1300333,0,learned_wam,2,-0.04483062300980981,-0.04483883568618105,8.212676371237293e-06
robocasa/TurnOnSinkFaucet,3,1300333,0,learned_wam,4,-0.03731213459959851,-0.037094302473708735,0.00021783212588977197
robocasa/TurnOnSinkFaucet,3,1300333,0,learned_wam,8,-0.030856151658192554,-0.030743466875656517,0.00011268478253603775
robocasa/TurnOnSinkFaucet,3,1300333,0,learned_physics_score,1,-0.05260035623924142,-0.05316450968596649,0.0005641534467250714
robocasa/TurnOnSinkFaucet,3,1300333,0,learned_physics_score,2,-0.04483062300980981,-0.04483883568618105,8.212676371237293e-06
robocasa/TurnOnSinkFaucet,3,1300333,0,learned_physics_score,4,-0.03731213459959851,-0.037094302473708735,0.00021783212588977197
robocasa/TurnOnSinkFaucet,3,1300333,0,learned_physics_score,8,-0.030856151658192554,-0.030743466875656517,0.00011268478253603775
robocasa/TurnOnSinkFaucet,3,1300333,0,learned_energy_regularized,1,-0.05260035623924142,-0.05316450968596649,0.0005641534467250714
robocasa/TurnOnSinkFaucet,3,1300333,0,learned_energy_regularized,2,-0.046255710423131716,-0.04638793678854217,0.00013222636541045107
robocasa/TurnOnSinkFaucet,3,1300333,0,learned_energy_regularized,4,-0.04063277687911385,-0.04035333896384574,0.0002794379152681048
robocasa/TurnOnSinkFaucet,3,1300333,0,learned_energy_regularized,8,-0.03702572135886491,-0.036865134623871275,0.00016058673499363268
robocasa/TurnOnSinkFaucet,3,1300333,0,oracle_real_utility,1,-0.05260035623924142,-0.05316450968596649,0.0005641534467250714
robocasa/TurnOnSinkFaucet,3,1300333,0,oracle_real_utility,2,-0.044346688496738555,-0.04438195811894183,3.526962220327251e-05
robocasa/TurnOnSinkFaucet,3,1300333,0,oracle_real_utility,4,-0.03664648197946848,-0.03649013132263242,0.0001563506568360573
robocasa/TurnOnSinkFaucet,3,1300333,0,oracle_real_utility,8,-0.030408278184907815,-0.030348375155545136,5.9903029362678994e-05
robocasa/TurnOnSinkFaucet,3,1310340,1,learned_wam,1,-0.05575442645639068,-0.055289511201990126,0.0004649152544005525
robocasa/TurnOnSinkFaucet,3,1310340,1,learned_wam,2,-0.046283254488172734,-0.04619209508872026,9.115939945247148e-05
robocasa/TurnOnSinkFaucet,3,1310340,1,learned_wam,4,-0.04084342705632943,-0.040764617541623624,7.880951470580488e-05
robocasa/TurnOnSinkFaucet,3,1310340,1,learned_wam,8,-0.0372495750060266,-0.037272002569772186,2.2427563745583412e-05
robocasa/TurnOnSinkFaucet,3,1310340,1,learned_physics_score,1,-0.05575442645639068,-0.055289511201990126,0.0004649152544005525
robocasa/TurnOnSinkFaucet,3,1310340,1,learned_physics_score,2,-0.046283254488172734,-0.04619209508872026,9.115939945247148e-05
robocasa/TurnOnSinkFaucet,3,1310340,1,learned_physics_score,4,-0.04084342705632943,-0.040764617541623624,7.880951470580488e-05
robocasa/TurnOnSinkFaucet,3,1310340,1,learned_physics_score,8,-0.0372495750060266,-0.037272002569772186,2.2427563745583412e-05
robocasa/TurnOnSinkFaucet,3,1310340,1,learned_energy_regularized,1,-0.05575442645639068,-0.055289511201990126,0.0004649152544005525
robocasa/TurnOnSinkFaucet,3,1310340,1,learned_energy_regularized,2,-0.0475396554391521,-0.04763551253072168,9.585709156958305e-05
robocasa/TurnOnSinkFaucet,3,1310340,1,learned_energy_regularized,4,-0.04394553014925206,-0.04393337370501909,1.2156444232969132e-05
robocasa/TurnOnSinkFaucet,3,1310340,1,learned_energy_regularized,8,-0.04054904366556397,-0.040323871570436404,0.0002251720951275682
robocasa/TurnOnSinkFaucet,3,1310340,1,oracle_real_utility,1,-0.05575442645639068,-0.055289511201990126,0.0004649152544005525
robocasa/TurnOnSinkFaucet,3,1310340,1,oracle_real_utility,2,-0.04585930525881249,-0.04575643158023805,0.00010287367857443608
robocasa/TurnOnSinkFaucet,3,1310340,1,oracle_real_utility,4,-0.039944478573972056,-0.039823632592737385,0.00012084598123467127
robocasa/TurnOnSinkFaucet,3,1310340,1,oracle_real_utility,8,-0.0361734272668624,-0.03619408296844857,2.065570158616553e-05
robocasa/CloseDrawer,4,1400336,0,learned_wam,1,-0.05288615628777867,-0.05302228477356039,0.00013612848578171965
robocasa/CloseDrawer,4,1400336,0,learned_wam,2,-0.04881459536306815,-0.04877040873780763,4.4186625260518586e-05
robocasa/CloseDrawer,4,1400336,0,learned_wam,4,-0.04407553898035032,-0.04372119729364491,0.0003543416867054089
robocasa/CloseDrawer,4,1400336,0,learned_wam,8,-0.040031116780788314,-0.03986631386621113,0.00016480291457718343
robocasa/CloseDrawer,4,1400336,0,learned_physics_score,1,-0.05288615628777867,-0.05302228477356039,0.00013612848578171965
robocasa/CloseDrawer,4,1400336,0,learned_physics_score,2,-0.04881459536306815,-0.04877040873780763,4.4186625260518586e-05
robocasa/CloseDrawer,4,1400336,0,learned_physics_score,4,-0.04407553898035032,-0.04372119729364491,0.0003543416867054089
robocasa/CloseDrawer,4,1400336,0,learned_physics_score,8,-0.040031116780788314,-0.03986631386621113,0.00016480291457718343
robocasa/CloseDrawer,4,1400336,0,learned_energy_regularized,1,-0.05288615628777867,-0.05302228477356039,0.00013612848578171965
robocasa/CloseDrawer,4,1400336,0,learned_energy_regularized,2,-0.04965601650930132,-0.049656831667084914,8.151577835929791e-07
robocasa/CloseDrawer,4,1400336,0,learned_energy_regularized,4,-0.045616763063324475,-0.04531358877656859,0.0003031742867558862
robocasa/CloseDrawer,4,1400336,0,learned_energy_regularized,8,-0.04154809148890584,-0.04121379386373323,0.00033429762517261236
robocasa/CloseDrawer,4,1400336,0,oracle_real_utility,1,-0.05288615628777867,-0.05302228477356039,0.00013612848578171965
robocasa/CloseDrawer,4,1400336,0,oracle_real_utility,2,-0.048426335606180676,-0.04830624591128183,0.00012008969489884364
robocasa/CloseDrawer,4,1400336,0,oracle_real_utility,4,-0.04383940879043561,-0.04350362417092208,0.00033578461951352945
robocasa/CloseDrawer,4,1400336,0,oracle_real_utility,8,-0.039910715821669926,-0.039740979621554776,0.00016973620011515034
robocasa/CloseDrawer,4,1410343,1,learned_wam,1,-0.053166090026702646,-0.05337068683365945,0.00020459680695680132
robocasa/CloseDrawer,4,1410343,1,learned_wam,2,-0.04804546699331227,-0.04792985026634146,0.00011561672697080888
robocasa/CloseDrawer,4,1410343,1,learned_wam,4,-0.04524332472914974,-0.04493453964469608,0.0003087850844536652
robocasa/CloseDrawer,4,1410343,1,learned_wam,8,-0.046469238497942274,-0.04632623133345294,0.00014300716448933243
robocasa/CloseDrawer,4,1410343,1,learned_physics_score,1,-0.053166090026702646,-0.05337068683365945,0.00020459680695680132
robocasa/CloseDrawer,4,1410343,1,learned_physics_score,2,-0.04804546699331227,-0.04792985026634146,0.00011561672697080888
robocasa/CloseDrawer,4,1410343,1,learned_physics_score,4,-0.04524332472914974,-0.04493453964469608,0.0003087850844536652
robocasa/CloseDrawer,4,1410343,1,learned_physics_score,8,-0.046469238497942274,-0.04632623133345294,0.00014300716448933243
robocasa/CloseDrawer,4,1410343,1,learned_energy_regularized,1,-0.053166090026702646,-0.05337068683365945,0.00020459680695680132
robocasa/CloseDrawer,4,1410343,1,learned_energy_regularized,2,-0.04807793373522344,-0.04797431268416837,0.00010362105105506808
robocasa/CloseDrawer,4,1410343,1,learned_energy_regularized,4,-0.043915788800422906,-0.043942180701238266,2.6391900815360414e-05
robocasa/CloseDrawer,4,1410343,1,learned_energy_regularized,8,-0.04123571322617025,-0.04133878574500909,0.00010307251883884261
robocasa/CloseDrawer,4,1410343,1,oracle_real_utility,1,-0.053166090026702646,-0.05337068683365945,0.00020459680695680132
robocasa/CloseDrawer,4,1410343,1,oracle_real_utility,2,-0.04698206875694847,-0.0467758323675876,0.00020623638936086847
robocasa/CloseDrawer,4,1410343,1,oracle_real_utility,4,-0.04122173233827806,-0.041110417708535685,0.00011131462974237755
robocasa/CloseDrawer,4,1410343,1,oracle_real_utility,8,-0.03728994500144049,-0.03745673451971423,0.00016678951827373695
robocasa/CloseCabinet,5,1500339,0,learned_wam,1,-0.05560265317416646,-0.05438074421801956,0.0012219089561468985
robocasa/CloseCabinet,5,1500339,0,learned_wam,2,-0.050671719187633,-0.05141842018926529,0.000746701001632287
robocasa/CloseCabinet,5,1500339,0,learned_wam,4,-0.044385831165224196,-0.04495328139527761,0.0005674502300534109
robocasa/CloseCabinet,5,1500339,0,learned_wam,8,-0.03917249999400926,-0.039557179200331034,0.00038467920632177105
robocasa/CloseCabinet,5,1500339,0,learned_physics_score,1,-0.05560265317416646,-0.05438074421801956,0.0012219089561468985
robocasa/CloseCabinet,5,1500339,0,learned_physics_score,2,-0.050671719187633,-0.05141842018926529,0.000746701001632287
robocasa/CloseCabinet,5,1500339,0,learned_physics_score,4,-0.044385831165224196,-0.04495328139527761,0.0005674502300534109
robocasa/CloseCabinet,5,1500339,0,learned_physics_score,8,-0.03917249999400926,-0.039557179200331034,0.00038467920632177105
robocasa/CloseCabinet,5,1500339,0,learned_energy_regularized,1,-0.05560265317416646,-0.05438074421801956,0.0012219089561468985
robocasa/CloseCabinet,5,1500339,0,learned_energy_regularized,2,-0.04733632437304295,-0.04730516795964332,3.115641339963143e-05
robocasa/CloseCabinet,5,1500339,0,learned_energy_regularized,4,-0.040372780110321325,-0.040564100228893875,0.00019132011857254938
robocasa/CloseCabinet,5,1500339,0,learned_energy_regularized,8,-0.03746716028874325,-0.037766705457320665,0.0002995451685774142
robocasa/CloseCabinet,5,1500339,0,oracle_real_utility,1,-0.05560265317416645,-0.05438074421801956,0.0012219089561468846
robocasa/CloseCabinet,5,1500339,0,oracle_real_utility,2,-0.04647454095739874,-0.0464663295443493,8.211413049435956e-06
robocasa/CloseCabinet,5,1500339,0,oracle_real_utility,4,-0.03771606454448452,-0.03781280107185593,9.673652737141047e-05
robocasa/CloseCabinet,5,1500339,0,oracle_real_utility,8,-0.03168286842286858,-0.03177513821141923,9.226978855064738e-05
robocasa/CloseCabinet,5,1510346,1,learned_wam,1,-0.054985518814028495,-0.054986445272855705,9.264588272106522e-07
robocasa/CloseCabinet,5,1510346,1,learned_wam,2,-0.05199459167839555,-0.05219119544586546,0.0001966037674699106
robocasa/CloseCabinet,5,1510346,1,learned_wam,4,-0.051238948159414446,-0.051520791684469346,0.00028184352505489924
robocasa/CloseCabinet,5,1510346,1,learned_wam,8,-0.0522375167919779,-0.05225477889363322,1.7262101655320106e-05
robocasa/CloseCabinet,5,1510346,1,learned_physics_score,1,-0.054985518814028495,-0.054986445272855705,9.264588272106522e-07
robocasa/CloseCabinet,5,1510346,1,learned_physics_score,2,-0.05199459167839555,-0.05219119544586546,0.0001966037674699106
robocasa/CloseCabinet,5,1510346,1,learned_physics_score,4,-0.051238948159414446,-0.051520791684469346,0.00028184352505489924
robocasa/CloseCabinet,5,1510346,1,learned_physics_score,8,-0.0522375167919779,-0.05225477889363322,1.7262101655320106e-05
robocasa/CloseCabinet,5,1510346,1,learned_energy_regularized,1,-0.054985518814028495,-0.054986445272855705,9.264588272106522e-07
robocasa/CloseCabinet,5,1510346,1,learned_energy_regularized,2,-0.05087279510914272,-0.050881826289072965,9.031179930243938e-06
robocasa/CloseCabinet,5,1510346,1,learned_energy_regularized,4,-0.047280349311128886,-0.04750706271293577,0.00022671340180688282
robocasa/CloseCabinet,5,1510346,1,learned_energy_regularized,8,-0.04494357312044098,-0.04491560728548038,2.7965834960598512e-05
robocasa/CloseCabinet,5,1510346,1,oracle_real_utility,1,-0.054985518814028495,-0.054986445272855705,9.264588272106522e-07
robocasa/CloseCabinet,5,1510346,1,oracle_real_utility,2,-0.050167400018507835,-0.05031612360431198,0.0001487235858041447
robocasa/CloseCabinet,5,1510346,1,oracle_real_utility,4,-0.046423518167836256,-0.046554313177935916,0.00013079501009966021
robocasa/CloseCabinet,5,1510346,1,oracle_real_utility,8,-0.044505597390526695,-0.04448084072981747,2.475666070922422e-05
robocasa/CloseMicrowave,6,1600342,0,learned_wam,1,-0.05629093590537307,-0.0564789275512499,0.00018799164587682965
robocasa/CloseMicrowave,6,1600342,0,learned_wam,2,-0.0506269458255133,-0.05045401563740855,0.0001729301881047557
robocasa/CloseMicrowave,6,1600342,0,learned_wam,4,-0.049201660979837664,-0.04922856308420122,2.690210436355478e-05
robocasa/CloseMicrowave,6,1600342,0,learned_wam,8,-0.05102011893585072,-0.05110665132564863,8.65323897979095e-05
robocasa/CloseMicrowave,6,1600342,0,learned_physics_score,1,-0.05629093590537307,-0.0564789275512499,0.00018799164587682965
robocasa/CloseMicrowave,6,1600342,0,learned_physics_score,2,-0.0506269458255133,-0.05045401563740855,0.0001729301881047557
robocasa/CloseMicrowave,6,1600342,0,learned_physics_score,4,-0.049201660979837664,-0.04922856308420122,2.690210436355478e-05
robocasa/CloseMicrowave,6,1600342,0,learned_physics_score,8,-0.05102011893585072,-0.05110665132564863,8.65323897979095e-05
robocasa/CloseMicrowave,6,1600342,0,learned_energy_regularized,1,-0.05629093590537307,-0.0564789275512499,0.00018799164587682965
robocasa/CloseMicrowave,6,1600342,0,learned_energy_regularized,2,-0.05068580164183713,-0.050519934151691225,0.00016586749014590313
robocasa/CloseMicrowave,6,1600342,0,learned_energy_regularized,4,-0.04929086432645345,-0.049356633340521844,6.576901406839253e-05
robocasa/CloseMicrowave,6,1600342,0,learned_energy_regularized,8,-0.051049992510499,-0.05114243566197351,9.24431514745111e-05
robocasa/CloseMicrowave,6,1600342,0,oracle_real_utility,1,-0.05629093590537307,-0.0564789275512499,0.00018799164587682965
robocasa/CloseMicrowave,6,1600342,0,oracle_real_utility,2,-0.04863827977832635,-0.0485813704853117,5.690929301464809e-05
robocasa/CloseMicrowave,6,1600342,0,oracle_real_utility,4,-0.043613292121817505,-0.04362100929018079,7.717168363285953e-06
robocasa/CloseMicrowave,6,1600342,0,oracle_real_utility,8,-0.040478177521150446,-0.04044448236941376,3.369515173668597e-05
robocasa/CloseMicrowave,6,1610349,1,learned_wam,1,-0.05157315326532077,-0.051904986685750394,0.00033183342042962527
robocasa/CloseMicrowave,6,1610349,1,learned_wam,2,-0.04145179754164316,-0.04164352621334258,0.00019172867169942043
robocasa/CloseMicrowave,6,1610349,1,learned_wam,4,-0.03455769528380283,-0.03455247090229699,5.2243815058389265e-06
robocasa/CloseMicrowave,6,1610349,1,learned_wam,8,-0.030453647145664467,-0.030095853756752226,0.0003577933889122413
robocasa/CloseMicrowave,6,1610349,1,learned_physics_score,1,-0.05157315326532077,-0.051904986685750394,0.00033183342042962527
robocasa/CloseMicrowave,6,1610349,1,learned_physics_score,2,-0.04145179754164316,-0.04164352621334258,0.00019172867169942043
robocasa/CloseMicrowave,6,1610349,1,learned_physics_score,4,-0.03455769528380283,-0.03455247090229699,5.2243815058389265e-06
robocasa/CloseMicrowave,6,1610349,1,learned_physics_score,8,-0.030453647145664467,-0.030095853756752226,0.0003577933889122413
robocasa/CloseMicrowave,6,1610349,1,learned_energy_regularized,1,-0.05157315326532077,-0.051904986685750394,0.00033183342042962527
robocasa/CloseMicrowave,6,1610349,1,learned_energy_regularized,2,-0.04004421814471325,-0.04028847693319817,0.0002442587884849204
robocasa/CloseMicrowave,6,1610349,1,learned_energy_regularized,4,-0.033081450712992795,-0.033042544939502545,3.890577349024982e-05
robocasa/CloseMicrowave,6,1610349,1,learned_energy_regularized,8,-0.028711948996197802,-0.028517121516427803,0.00019482747976999962
robocasa/CloseMicrowave,6,1610349,1,oracle_real_utility,1,-0.05157315326532077,-0.051904986685750394,0.00033183342042962527
robocasa/CloseMicrowave,6,1610349,1,oracle_real_utility,2,-0.039742828657245904,-0.03995559155830272,0.00021276290105681772
robocasa/CloseMicrowave,6,1610349,1,oracle_real_utility,4,-0.032482113930288055,-0.03241466014007746,6.745379021059345e-05
robocasa/CloseMicrowave,6,1610349,1,oracle_real_utility,8,-0.028334125271022286,-0.028144231145991523,0.000189894125030763
robocasa/TurnOffSinkFaucet,7,1700345,0,learned_wam,1,-0.05380429677575732,-0.05215816384892125,0.0016461329268360678
robocasa/TurnOffSinkFaucet,7,1700345,0,learned_wam,2,-0.04332044173936123,-0.04372779885488974,0.00040735711552850745
robocasa/TurnOffSinkFaucet,7,1700345,0,learned_wam,4,-0.03346061166095016,-0.03493543133839049,0.0014748196774403352
robocasa/TurnOffSinkFaucet,7,1700345,0,learned_wam,8,-0.023841453546053812,-0.022988875954756436,0.0008525775912973758
robocasa/TurnOffSinkFaucet,7,1700345,0,learned_physics_score,1,-0.05380429677575732,-0.05215816384892125,0.0016461329268360678
robocasa/TurnOffSinkFaucet,7,1700345,0,learned_physics_score,2,-0.04332044173936123,-0.04372779885488974,0.00040735711552850745
robocasa/TurnOffSinkFaucet,7,1700345,0,learned_physics_score,4,-0.03346061166095016,-0.03493543133839049,0.0014748196774403352
robocasa/TurnOffSinkFaucet,7,1700345,0,learned_physics_score,8,-0.023841453546053812,-0.022988875954756436,0.0008525775912973758
robocasa/TurnOffSinkFaucet,7,1700345,0,learned_energy_regularized,1,-0.053804296775757335,-0.05215816384892125,0.0016461329268360816
robocasa/TurnOffSinkFaucet,7,1700345,0,learned_energy_regularized,2,-0.0432187658359442,-0.04362484883189542,0.0004060829959512194
robocasa/TurnOffSinkFaucet,7,1700345,0,learned_energy_regularized,4,-0.033407946080472636,-0.03488461433493989,0.0014766682544672532
robocasa/TurnOffSinkFaucet,7,1700345,0,learned_energy_regularized,8,-0.023837823979212885,-0.022986224116148,0.0008515998630648849
robocasa/TurnOffSinkFaucet,7,1700345,0,oracle_real_utility,1,-0.05380429677575732,-0.05215816384892125,0.0016461329268360678
robocasa/TurnOffSinkFaucet,7,1700345,0,oracle_real_utility,2,-0.043125755948913165,-0.043525149498064464,0.0003993935491512987
robocasa/TurnOffSinkFaucet,7,1700345,0,oracle_real_utility,4,-0.03325814477687067,-0.034713338106542535,0.0014551933296718667
robocasa/TurnOffSinkFaucet,7,1700345,0,oracle_real_utility,8,-0.023747521352700265,-0.022904261596188205,0.0008432597565120603
robocasa/TurnOffSinkFaucet,7,1710352,1,learned_wam,1,-0.03374791681622158,-0.03401147685768821,0.0002635600414666317
robocasa/TurnOffSinkFaucet,7,1710352,1,learned_wam,2,-0.030438399620529147,-0.029919577791226747,0.0005188218293024002
robocasa/TurnOffSinkFaucet,7,1710352,1,learned_wam,4,-0.025733658316940487,-0.0258691460691989,0.00013548775225841192
robocasa/TurnOffSinkFaucet,7,1710352,1,learned_wam,8,-0.021154043665284887,-0.0210821867381302,7.185692715468844e-05
robocasa/TurnOffSinkFaucet,7,1710352,1,learned_physics_score,1,-0.03374791681622158,-0.03401147685768821,0.0002635600414666317
robocasa/TurnOffSinkFaucet,7,1710352,1,learned_physics_score,2,-0.030438399620529147,-0.029919577791226747,0.0005188218293024002
robocasa/TurnOffSinkFaucet,7,1710352,1,learned_physics_score,4,-0.025733658316940487,-0.0258691460691989,0.00013548775225841192
robocasa/TurnOffSinkFaucet,7,1710352,1,learned_physics_score,8,-0.021154043665284887,-0.0210821867381302,7.185692715468844e-05
robocasa/TurnOffSinkFaucet,7,1710352,1,learned_energy_regularized,1,-0.03374791681622158,-0.03401147685768821,0.0002635600414666317
robocasa/TurnOffSinkFaucet,7,1710352,1,learned_energy_regularized,2,-0.03292312872445221,-0.03259884023857442,0.00032428848587778836
robocasa/TurnOffSinkFaucet,7,1710352,1,learned_energy_regularized,4,-0.029920493766703755,-0.030369827829140487,0.000449334062436732
robocasa/TurnOffSinkFaucet,7,1710352,1,learned_energy_regularized,8,-0.024396847303539314,-0.02439270897597626,4.138327563053823e-06
robocasa/TurnOffSinkFaucet,7,1710352,1,oracle_real_utility,1,-0.03374791681622158,-0.03401147685768821,0.0002635600414666317
robocasa/TurnOffSinkFaucet,7,1710352,1,oracle_real_utility,2,-0.02939571075205699,-0.02897057779754649,0.0004251329545105001
robocasa/TurnOffSinkFaucet,7,1710352,1,oracle_real_utility,4,-0.024984225692726125,-0.025201158770799637,0.00021693307807351195
robocasa/TurnOffSinkFaucet,7,1710352,1,oracle_real_utility,8,-0.020992412253315763,-0.02097330192989869,1.9110323417073638e-05
robocasa/TurnOnStove,8,1800348,0,learned_wam,1,-0.0645449557138235,-0.06483708446093447,0.0002921287471109729
robocasa/TurnOnStove,8,1800348,0,learned_wam,2,-0.05631558281188406,-0.05642627959013161,0.00011069677824755014
robocasa/TurnOnStove,8,1800348,0,learned_wam,4,-0.0505026449911253,-0.05048842352318591,1.4221467939390386e-05
robocasa/TurnOnStove,8,1800348,0,learned_wam,8,-0.04887247595413796,-0.048707187898113666,0.00016528805602429586
robocasa/TurnOnStove,8,1800348,0,learned_physics_score,1,-0.0645449557138235,-0.06483708446093447,0.0002921287471109729
robocasa/TurnOnStove,8,1800348,0,learned_physics_score,2,-0.05631558281188406,-0.05642627959013161,0.00011069677824755014
robocasa/TurnOnStove,8,1800348,0,learned_physics_score,4,-0.0505026449911253,-0.05048842352318591,1.4221467939390386e-05
robocasa/TurnOnStove,8,1800348,0,learned_physics_score,8,-0.04887247595413796,-0.048707187898113666,0.00016528805602429586
robocasa/TurnOnStove,8,1800348,0,learned_energy_regularized,1,-0.0645449557138235,-0.06483708446093447,0.0002921287471109729
robocasa/TurnOnStove,8,1800348,0,learned_energy_regularized,2,-0.05757033178706137,-0.057684807504142656,0.00011447571708128601
robocasa/TurnOnStove,8,1800348,0,learned_energy_regularized,4,-0.05411004829476006,-0.05404187262088804,6.81756738720174e-05
robocasa/TurnOnStove,8,1800348,0,learned_energy_regularized,8,-0.05337188906541295,-0.05325191807002226,0.0001199709953906905
robocasa/TurnOnStove,8,1800348,0,oracle_real_utility,1,-0.0645449557138235,-0.06483708446093447,0.0002921287471109729
robocasa/TurnOnStove,8,1800348,0,oracle_real_utility,2,-0.0558235573955835,-0.05593133293904755,0.000107775543464049
robocasa/TurnOnStove,8,1800348,0,oracle_real_utility,4,-0.04901082941693109,-0.04911239558060024,0.00010156616366914506
robocasa/TurnOnStove,8,1800348,0,oracle_real_utility,8,-0.045326870703321545,-0.0453076384350704,1.923226825114449e-05
robocasa/TurnOnStove,8,1810355,1,learned_wam,1,-0.046394486108542715,-0.046168741884103894,0.00022574422443882164
robocasa/TurnOnStove,8,1810355,1,learned_wam,2,-0.03893216686941067,-0.03893576786254774,3.6009931370650783e-06
robocasa/TurnOnStove,8,1810355,1,learned_wam,4,-0.032240438670791176,-0.03222658789812825,1.3850772662922506e-05
robocasa/TurnOnStove,8,1810355,1,learned_wam,8,-0.027912156591095562,-0.027779672342942853,0.00013248424815270887
robocasa/TurnOnStove,8,1810355,1,learned_physics_score,1,-0.046394486108542715,-0.046168741884103894,0.00022574422443882164
robocasa/TurnOnStove,8,1810355,1,learned_physics_score,2,-0.03893216686941067,-0.03893576786254774,3.6009931370650783e-06
robocasa/TurnOnStove,8,1810355,1,learned_physics_score,4,-0.032240438670791176,-0.03222658789812825,1.3850772662922506e-05
robocasa/TurnOnStove,8,1810355,1,learned_physics_score,8,-0.027912156591095562,-0.027779672342942853,0.00013248424815270887
robocasa/TurnOnStove,8,1810355,1,learned_energy_regularized,1,-0.046394486108542715,-0.046168741884103894,0.00022574422443882164
robocasa/TurnOnStove,8,1810355,1,learned_energy_regularized,2,-0.03951892955475312,-0.03937023993362938,0.00014868962112373624
robocasa/TurnOnStove,8,1810355,1,learned_energy_regularized,4,-0.03402910159854344,-0.03404702895448886,1.7927355945419887e-05
robocasa/TurnOnStove,8,1810355,1,learned_energy_regularized,8,-0.02979974498770551,-0.029544831018757624,0.0002549139689478862
robocasa/TurnOnStove,8,1810355,1,oracle_real_utility,1,-0.04639448610854271,-0.046168741884103894,0.0002257442244388147
robocasa/TurnOnStove,8,1810355,1,oracle_real_utility,2,-0.03744798512568641,-0.0373885027244528,5.948240123360843e-05
robocasa/TurnOnStove,8,1810355,1,oracle_real_utility,4,-0.031094975546880094,-0.031083412976135948,1.1562570744146072e-05
robocasa/TurnOnStove,8,1810355,1,oracle_real_utility,8,-0.0275025153465677,-0.027424201914887477,7.831343168022281e-05
robocasa/TurnOffStove,9,1900351,0,learned_wam,1,-0.059757156564581144,-0.05990895799702841,0.00015180143244726552
robocasa/TurnOffStove,9,1900351,0,learned_wam,2,-0.05108541448197936,-0.05099241762057386,9.299686140550045e-05
robocasa/TurnOffStove,9,1900351,0,learned_wam,4,-0.04052698515765091,-0.04005113070208413,0.0004758544555667765
robocasa/TurnOffStove,9,1900351,0,learned_wam,8,-0.02997042821944367,-0.030245983099231114,0.00027555487978744506
robocasa/TurnOffStove,9,1900351,0,learned_physics_score,1,-0.059757156564581144,-0.05990895799702841,0.00015180143244726552
robocasa/TurnOffStove,9,1900351,0,learned_physics_score,2,-0.05108541448197936,-0.05099241762057386,9.299686140550045e-05
robocasa/TurnOffStove,9,1900351,0,learned_physics_score,4,-0.04052698515765091,-0.04005113070208413,0.0004758544555667765
robocasa/TurnOffStove,9,1900351,0,learned_physics_score,8,-0.02997042821944367,-0.030245983099231114,0.00027555487978744506
robocasa/TurnOffStove,9,1900351,0,learned_energy_regularized,1,-0.05975715656458115,-0.05990895799702841,0.00015180143244725858
robocasa/TurnOffStove,9,1900351,0,learned_energy_regularized,2,-0.0518477640240945,-0.051763655014705645,8.410900938885663e-05
robocasa/TurnOffStove,9,1900351,0,learned_energy_regularized,4,-0.0419160074667174,-0.0414474209278127,0.00046858653890469865
robocasa/TurnOffStove,9,1900351,0,learned_energy_regularized,8,-0.031914985498233274,-0.031991950329915544,7.696483168227047e-05
robocasa/TurnOffStove,9,1900351,0,oracle_real_utility,1,-0.059757156564581144,-0.05990895799702841,0.00015180143244726552
robocasa/TurnOffStove,9,1900351,0,oracle_real_utility,2,-0.05075486982702356,-0.050662139215458875,9.273061156468698e-05
robocasa/TurnOffStove,9,1900351,0,oracle_real_utility,4,-0.04036936917580565,-0.03991859358978515,0.00045077558602050344
robocasa/TurnOffStove,9,1900351,0,oracle_real_utility,8,-0.029940170867669237,-0.030205201875082858,0.0002650310074136207
robocasa/TurnOffStove,9,1910358,1,learned_wam,1,-0.055669717529441304,-0.05593472535308072,0.0002650078236394182
robocasa/TurnOffStove,9,1910358,1,learned_wam,2,-0.04823024717478514,-0.049387271792058395,0.001157024617273253
robocasa/TurnOffStove,9,1910358,1,learned_wam,4,-0.04067273416930743,-0.040485318340753314,0.00018741582855411748
robocasa/TurnOffStove,9,1910358,1,learned_wam,8,-0.035924198837856955,-0.03608796983010639,0.00016377099224943598
robocasa/TurnOffStove,9,1910358,1,learned_physics_score,1,-0.055669717529441304,-0.05593472535308072,0.0002650078236394182
robocasa/TurnOffStove,9,1910358,1,learned_physics_score,2,-0.04823024717478514,-0.049387271792058395,0.001157024617273253
robocasa/TurnOffStove,9,1910358,1,learned_physics_score,4,-0.04067273416930743,-0.040485318340753314,0.00018741582855411748
robocasa/TurnOffStove,9,1910358,1,learned_physics_score,8,-0.035924198837856955,-0.03608796983010639,0.00016377099224943598
robocasa/TurnOffStove,9,1910358,1,learned_energy_regularized,1,-0.05566971752944131,-0.05593472535308072,0.0002650078236394113
robocasa/TurnOffStove,9,1910358,1,learned_energy_regularized,2,-0.048650630292471346,-0.049900027184111,0.0012493968916396508
robocasa/TurnOffStove,9,1910358,1,learned_energy_regularized,4,-0.04073197999464479,-0.0406219363946367,0.00011004360000808899
robocasa/TurnOffStove,9,1910358,1,learned_energy_regularized,8,-0.034425520367801374,-0.034724557717624775,0.0002990373498234014
robocasa/TurnOffStove,9,1910358,1,oracle_real_utility,1,-0.05566971752944131,-0.05593472535308072,0.0002650078236394113
robocasa/TurnOffStove,9,1910358,1,oracle_real_utility,2,-0.047959523220912355,-0.049098697621957454,0.0011391744010450996
robocasa/TurnOffStove,9,1910358,1,oracle_real_utility,4,-0.039974684996147,-0.03981203079015971,0.00016265420598729485
robocasa/TurnOffStove,9,1910358,1,oracle_real_utility,8,-0.034002109105094575,-0.03421730143941788,0.0002151923343233081
robocasa/OpenOven,10,2000354,0,learned_wam,1,-0.04635085436773613,-0.046767303009291,0.00041644864155487155
robocasa/OpenOven,10,2000354,0,learned_wam,2,-0.04158810462018129,-0.04147212369148508,0.00011598092869621185
robocasa/OpenOven,10,2000354,0,learned_wam,4,-0.03805182510297696,-0.037994271172314256,5.7553930662701536e-05
robocasa/OpenOven,10,2000354,0,learned_wam,8,-0.03452485217514728,-0.034454643477552165,7.020869759511578e-05
robocasa/OpenOven,10,2000354,0,learned_physics_score,1,-0.04635085436773613,-0.046767303009291,0.00041644864155487155
robocasa/OpenOven,10,2000354,0,learned_physics_score,2,-0.04158810462018129,-0.04147212369148508,0.00011598092869621185
robocasa/OpenOven,10,2000354,0,learned_physics_score,4,-0.03805182510297696,-0.037994271172314256,5.7553930662701536e-05
robocasa/OpenOven,10,2000354,0,learned_physics_score,8,-0.03452485217514728,-0.034454643477552165,7.020869759511578e-05
robocasa/OpenOven,10,2000354,0,learned_energy_regularized,1,-0.04635085436773612,-0.046767303009291,0.0004164486415548785
robocasa/OpenOven,10,2000354,0,learned_energy_regularized,2,-0.0414100839563826,-0.041133164237678745,0.00027691971870385385
robocasa/OpenOven,10,2000354,0,learned_energy_regularized,4,-0.035904789956497304,-0.03579097583429846,0.00011381412219884507
robocasa/OpenOven,10,2000354,0,learned_energy_regularized,8,-0.032591772751285636,-0.032610595438270974,1.8822686985338344e-05
robocasa/OpenOven,10,2000354,0,oracle_real_utility,1,-0.04635085436773612,-0.046767303009291,0.0004164486415548785
robocasa/OpenOven,10,2000354,0,oracle_real_utility,2,-0.04025018456628071,-0.040071891159627296,0.0001782934066534153
robocasa/OpenOven,10,2000354,0,oracle_real_utility,4,-0.03546942752937438,-0.03536014914853974,0.00010927838083463898
robocasa/OpenOven,10,2000354,0,oracle_real_utility,8,-0.0325463338549809,-0.032565546128303084,1.921227332218195e-05
robocasa/OpenOven,10,2010361,1,learned_wam,1,-0.057027450345056366,-0.05757787587369296,0.000550425528636593
robocasa/OpenOven,10,2010361,1,learned_wam,2,-0.049488111870989594,-0.04985889201286581,0.0003707801418762133
robocasa/OpenOven,10,2010361,1,learned_wam,4,-0.04259952971431931,-0.04288045046006269,0.0002809207457433807
robocasa/OpenOven,10,2010361,1,learned_wam,8,-0.03475186845602869,-0.03518615290756901,0.0004342844515403191
robocasa/OpenOven,10,2010361,1,learned_physics_score,1,-0.057027450345056366,-0.05757787587369296,0.000550425528636593
robocasa/OpenOven,10,2010361,1,learned_physics_score,2,-0.049488111870989594,-0.04985889201286581,0.0003707801418762133
robocasa/OpenOven,10,2010361,1,learned_physics_score,4,-0.04259952971431931,-0.04288045046006269,0.0002809207457433807
robocasa/OpenOven,10,2010361,1,learned_physics_score,8,-0.03475186845602869,-0.03518615290756901,0.0004342844515403191
robocasa/OpenOven,10,2010361,1,learned_energy_regularized,1,-0.057027450345056366,-0.05757787587369296,0.000550425528636593
robocasa/OpenOven,10,2010361,1,learned_energy_regularized,2,-0.049488111870989594,-0.04985889201286581,0.0003707801418762133
robocasa/OpenOven,10,2010361,1,learned_energy_regularized,4,-0.04259952971431931,-0.04288045046006269,0.0002809207457433807
robocasa/OpenOven,10,2010361,1,learned_energy_regularized,8,-0.03475186845602869,-0.03518615290756901,0.0004342844515403191
robocasa/OpenOven,10,2010361,1,oracle_real_utility,1,-0.057027450345056366,-0.05757787587369296,0.000550425528636593
robocasa/OpenOven,10,2010361,1,oracle_real_utility,2,-0.048498501434422144,-0.04882748582977577,0.0003289843953536292
robocasa/OpenOven,10,2010361,1,oracle_real_utility,4,-0.04059104284578542,-0.04081720844626456,0.00022616560047913903
robocasa/OpenOven,10,2010361,1,oracle_real_utility,8,-0.03278913480865675,-0.03323768437068893,0.0004485495620321772
robocasa/CloseOven,11,2100357,0,learned_wam,1,-0.04918205734237745,-0.049022495279788,0.0001595620625894495
robocasa/CloseOven,11,2100357,0,learned_wam,2,-0.04331014307649762,-0.04315402773838652,0.00015611533811109995
robocasa/CloseOven,11,2100357,0,learned_wam,4,-0.03898926567545485,-0.03879169737539159,0.00019756830006325415
robocasa/CloseOven,11,2100357,0,learned_wam,8,-0.037010177318446205,-0.03700671906383906,3.4582546071457165e-06
robocasa/CloseOven,11,2100357,0,learned_physics_score,1,-0.04918205734237745,-0.049022495279788,0.0001595620625894495
robocasa/CloseOven,11,2100357,0,learned_physics_score,2,-0.04331014307649762,-0.04315402773838652,0.00015611533811109995
robocasa/CloseOven,11,2100357,0,learned_physics_score,4,-0.03898926567545485,-0.03879169737539159,0.00019756830006325415
robocasa/CloseOven,11,2100357,0,learned_physics_score,8,-0.037010177318446205,-0.03700671906383906,3.4582546071457165e-06
robocasa/CloseOven,11,2100357,0,learned_energy_regularized,1,-0.04918205734237745,-0.049022495279788,0.0001595620625894495
robocasa/CloseOven,11,2100357,0,learned_energy_regularized,2,-0.04330856834233848,-0.043152213644635194,0.00015635469770328841
robocasa/CloseOven,11,2100357,0,learned_energy_regularized,4,-0.03898865054492393,-0.03879129424344686,0.00019735630147707517
robocasa/CloseOven,11,2100357,0,learned_energy_regularized,8,-0.037010159146865576,-0.03700671906383906,3.440083026516605e-06
robocasa/CloseOven,11,2100357,0,oracle_real_utility,1,-0.04918205734237745,-0.049022495279788,0.0001595620625894495
robocasa/CloseOven,11,2100357,0,oracle_real_utility,2,-0.04323260805858848,-0.04308228282434789,0.00015032523424059197
robocasa/CloseOven,11,2100357,0,oracle_real_utility,4,-0.03889107588879606,-0.03871424224350358,0.0001768336452924804
robocasa/CloseOven,11,2100357,0,oracle_real_utility,8,-0.03694124972298839,-0.03695052977914526,9.28005615687122e-06
robocasa/CloseOven,11,2110364,1,learned_wam,1,-0.05432870583183469,-0.054247065593391715,8.164023844297458e-05
robocasa/CloseOven,11,2110364,1,learned_wam,2,-0.04716683842531634,-0.04692416227222111,0.00024267615309522816
robocasa/CloseOven,11,2110364,1,learned_wam,4,-0.0416056323249173,-0.04210358555847021,0.0004979532335529155
robocasa/CloseOven,11,2110364,1,learned_wam,8,-0.03829760879210711,-0.03830149116388458,3.882371777466642e-06
robocasa/CloseOven,11,2110364,1,learned_physics_score,1,-0.05432870583183469,-0.054247065593391715,8.164023844297458e-05
robocasa/CloseOven,11,2110364,1,learned_physics_score,2,-0.04716683842531634,-0.04692416227222111,0.00024267615309522816
robocasa/CloseOven,11,2110364,1,learned_physics_score,4,-0.0416056323249173,-0.04210358555847021,0.0004979532335529155
robocasa/CloseOven,11,2110364,1,learned_physics_score,8,-0.03829760879210711,-0.03830149116388458,3.882371777466642e-06
robocasa/CloseOven,11,2110364,1,learned_energy_regularized,1,-0.05432870583183469,-0.054247065593391715,8.164023844297458e-05
robocasa/CloseOven,11,2110364,1,learned_energy_regularized,2,-0.050564538190786205,-0.050208686666751275,0.0003558515240349308
robocasa/CloseOven,11,2110364,1,learned_energy_regularized,4,-0.048511333101740134,-0.04839757716534743,0.00011375593639270654
robocasa/CloseOven,11,2110364,1,learned_energy_regularized,8,-0.05095639938171521,-0.051105725716855316,0.00014932633514010835
robocasa/CloseOven,11,2110364,1,oracle_real_utility,1,-0.05432870583183469,-0.054247065593391715,8.164023844297458e-05
robocasa/CloseOven,11,2110364,1,oracle_real_utility,2,-0.0468606660463593,-0.04665949179170592,0.00020117425465338012
robocasa/CloseOven,11,2110364,1,oracle_real_utility,4,-0.0412774791403644,-0.04177628699587027,0.0004988078555058714
robocasa/CloseOven,11,2110364,1,oracle_real_utility,8,-0.038218777936783334,-0.03822458778798021,5.809851196879323e-06
robocasa/OpenDishwasher,12,2200360,0,learned_wam,1,-0.05331649392843247,-0.05322816215753555,8.833177089691974e-05
robocasa/OpenDishwasher,12,2200360,0,learned_wam,2,-0.05219792868942022,-0.0523426557803154,0.00014472709089517755
robocasa/OpenDishwasher,12,2200360,0,learned_wam,4,-0.052952813486917875,-0.0529027253818512,5.0088105066674327e-05
robocasa/OpenDishwasher,12,2200360,0,learned_wam,8,-0.054252717325855286,-0.054310989320278176,5.8271994422889883e-05
robocasa/OpenDishwasher,12,2200360,0,learned_physics_score,1,-0.05331649392843247,-0.05322816215753555,8.833177089691974e-05
robocasa/OpenDishwasher,12,2200360,0,learned_physics_score,2,-0.05219792868942022,-0.0523426557803154,0.00014472709089517755
robocasa/OpenDishwasher,12,2200360,0,learned_physics_score,4,-0.052952813486917875,-0.0529027253818512,5.0088105066674327e-05
robocasa/OpenDishwasher,12,2200360,0,learned_physics_score,8,-0.054252717325855286,-0.054310989320278176,5.8271994422889883e-05
robocasa/OpenDishwasher,12,2200360,0,learned_energy_regularized,1,-0.05331649392843247,-0.05322816215753555,8.833177089691974e-05
robocasa/OpenDishwasher,12,2200360,0,learned_energy_regularized,2,-0.049889811463654045,-0.04992635092020035,3.653945654630286e-05
robocasa/OpenDishwasher,12,2200360,0,learned_energy_regularized,4,-0.047226175682735634,-0.04720914482116699,1.703086156864403e-05
robocasa/OpenDishwasher,12,2200360,0,learned_energy_regularized,8,-0.045572863997271756,-0.045542658731937406,3.020526533435014e-05
robocasa/OpenDishwasher,12,2200360,0,oracle_real_utility,1,-0.053316493928432476,-0.05322816215753555,8.833177089692668e-05
robocasa/OpenDishwasher,12,2200360,0,oracle_real_utility,2,-0.049762349687516694,-0.04979942401409149,3.707432657479304e-05
robocasa/OpenDishwasher,12,2200360,0,oracle_real_utility,4,-0.04684149065229576,-0.04682792356014251,1.356709215324936e-05
robocasa/OpenDishwasher,12,2200360,0,oracle_real_utility,8,-0.04478339097542218,-0.0447573673582077,2.6023617214480932e-05
robocasa/OpenDishwasher,12,2210367,1,learned_wam,1,-0.05737376883625984,-0.05732916213035583,4.460670590400451e-05
robocasa/OpenDishwasher,12,2210367,1,learned_wam,2,-0.053336974848061804,-0.05327517061114311,6.180423691869164e-05
robocasa/OpenDishwasher,12,2210367,1,learned_wam,4,-0.04897976814914728,-0.04878262307047844,0.00019714507866883807
robocasa/OpenDishwasher,12,2210367,1,learned_wam,8,-0.04605546954621026,-0.04615648939609527,0.00010101984988501039
robocasa/OpenDishwasher,12,2210367,1,learned_physics_score,1,-0.05737376883625984,-0.05732916213035583,4.460670590400451e-05
robocasa/OpenDishwasher,12,2210367,1,learned_physics_score,2,-0.053336974848061804,-0.05327517061114311,6.180423691869164e-05
robocasa/OpenDishwasher,12,2210367,1,learned_physics_score,4,-0.04897976814914728,-0.04878262307047844,0.00019714507866883807
robocasa/OpenDishwasher,12,2210367,1,learned_physics_score,8,-0.04605546954621026,-0.04615648939609527,0.00010101984988501039
robocasa/OpenDishwasher,12,2210367,1,learned_energy_regularized,1,-0.05737376883625984,-0.05732916213035583,4.460670590400451e-05
robocasa/OpenDishwasher,12,2210367,1,learned_energy_regularized,2,-0.05255489697679877,-0.05252583085536956,2.906612142920817e-05
robocasa/OpenDishwasher,12,2210367,1,learned_energy_regularized,4,-0.047783203659055286,-0.047581620846986764,0.0002015828120685223
robocasa/OpenDishwasher,12,2210367,1,learned_energy_regularized,8,-0.04377123188996926,-0.043882610207796095,0.00011137831782683655
robocasa/OpenDishwasher,12,2210367,1,oracle_real_utility,1,-0.05737376883625984,-0.05732916213035583,4.460670590400451e-05
robocasa/OpenDishwasher,12,2210367,1,oracle_real_utility,2,-0.05244620805606246,-0.05242231887817383,2.388917788863354e-05
robocasa/OpenDishwasher,12,2210367,1,oracle_real_utility,4,-0.04765413556568092,-0.04744706065535545,0.00020707491032546932
robocasa/OpenDishwasher,12,2210367,1,oracle_real_utility,8,-0.04373818870673027,-0.043853046821355816,0.00011485811462554757
robocasa/CloseDishwasher,13,2300363,0,learned_wam,1,-0.04690048053860665,-0.04675232507705688,0.00014815546154976766
robocasa/CloseDishwasher,13,2300363,0,learned_wam,2,-0.04486728115007281,-0.04496638154029846,9.91003902256482e-05
robocasa/CloseDishwasher,13,2300363,0,learned_wam,4,-0.043821455477445856,-0.043740261188745494,8.119428870036194e-05
robocasa/CloseDishwasher,13,2300363,0,learned_wam,8,-0.04217889187247799,-0.04229336500525474,0.00011447313277675175
robocasa/CloseDishwasher,13,2300363,0,learned_physics_score,1,-0.04690048053860665,-0.04675232507705688,0.00014815546154976766
robocasa/CloseDishwasher,13,2300363,0,learned_physics_score,2,-0.04486728115007281,-0.04496638154029846,9.91003902256482e-05
robocasa/CloseDishwasher,13,2300363,0,learned_physics_score,4,-0.043821455477445856,-0.043740261188745494,8.119428870036194e-05
robocasa/CloseDishwasher,13,2300363,0,learned_physics_score,8,-0.04217889187247799,-0.04229336500525474,0.00011447313277675175
robocasa/CloseDishwasher,13,2300363,0,learned_energy_regularized,1,-0.04690048053860665,-0.04675232507705688,0.00014815546154976766
robocasa/CloseDishwasher,13,2300363,0,learned_energy_regularized,2,-0.043314206991344695,-0.04325754580259323,5.666118875146536e-05
robocasa/CloseDishwasher,13,2300363,0,learned_energy_regularized,4,-0.040662697045190724,-0.04062805636525154,3.4640679939183794e-05
robocasa/CloseDishwasher,13,2300363,0,learned_energy_regularized,8,-0.03928538998636533,-0.03918550955414773,9.988043221759862e-05
robocasa/CloseDishwasher,13,2300363,0,oracle_real_utility,1,-0.04690048053860665,-0.04675232507705688,0.00014815546154976766
robocasa/CloseDishwasher,13,2300363,0,oracle_real_utility,2,-0.04326479790732265,-0.04321011308193207,5.468482539058156e-05
robocasa/CloseDishwasher,13,2300363,0,oracle_real_utility,4,-0.04043495204852661,-0.04039879821538925,3.615383313736176e-05
robocasa/CloseDishwasher,13,2300363,0,oracle_real_utility,8,-0.03863256541454597,-0.038515127102136615,0.00011743831240935282
robocasa/CloseDishwasher,13,2310370,1,learned_wam,1,-0.0542320042103529,-0.05400659976065159,0.0002254044497013094
robocasa/CloseDishwasher,13,2310370,1,learned_wam,2,-0.04764586203731597,-0.047254153339862826,0.0003917086974531414
robocasa/CloseDishwasher,13,2310370,1,learned_wam,4,-0.04141288991217152,-0.041110005223751064,0.00030288468842045585
robocasa/CloseDishwasher,13,2310370,1,learned_wam,8,-0.0357417642944657,-0.035517463166117653,0.00022430112834804367
robocasa/CloseDishwasher,13,2310370,1,learned_physics_score,1,-0.0542320042103529,-0.05400659976065159,0.0002254044497013094
robocasa/CloseDishwasher,13,2310370,1,learned_physics_score,2,-0.04764586203731597,-0.047254153339862826,0.0003917086974531414
robocasa/CloseDishwasher,13,2310370,1,learned_physics_score,4,-0.04141288991217152,-0.041110005223751064,0.00030288468842045585
robocasa/CloseDishwasher,13,2310370,1,learned_physics_score,8,-0.0357417642944657,-0.035517463166117653,0.00022430112834804367
robocasa/CloseDishwasher,13,2310370,1,learned_energy_regularized,1,-0.05423200421035289,-0.05400659976065159,0.00022540444970129553
robocasa/CloseDishwasher,13,2310370,1,learned_energy_regularized,2,-0.04706199728883803,-0.046657368662357326,0.00040462862648070475
robocasa/CloseDishwasher,13,2310370,1,learned_energy_regularized,4,-0.039848251548974076,-0.039566077179908746,0.00028217436906533
robocasa/CloseDishwasher,13,2310370,1,learned_energy_regularized,8,-0.033455573862665094,-0.0333878917402029,6.768212246219263e-05
robocasa/CloseDishwasher,13,2310370,1,oracle_real_utility,1,-0.0542320042103529,-0.05400659976065159,0.0002254044497013094
robocasa/CloseDishwasher,13,2310370,1,oracle_real_utility,2,-0.04703739219345153,-0.046630598318576806,0.0004067938748747238
robocasa/CloseDishwasher,13,2310370,1,oracle_real_utility,4,-0.0398271065451263,-0.039547967829704274,0.0002791387154220254
robocasa/CloseDishwasher,13,2310370,1,oracle_real_utility,8,-0.03345310203349104,-0.033387104377150534,6.599765634050792e-05
robocasa/OpenFridge,14,2400366,0,learned_wam,1,-0.055102510348603514,-0.054008724384703805,0.00109378596389971
robocasa/OpenFridge,14,2400366,0,learned_wam,2,-0.04493574650981444,-0.04437878836753825,0.0005569581422761871
robocasa/OpenFridge,14,2400366,0,learned_wam,4,-0.038852916802821214,-0.038842289097637324,1.0627705183889613e-05
robocasa/OpenFridge,14,2400366,0,learned_wam,8,-0.03472935726182058,-0.03452161072997777,0.00020774653184281455
robocasa/OpenFridge,14,2400366,0,learned_physics_score,1,-0.055102510348603514,-0.054008724384703805,0.00109378596389971
robocasa/OpenFridge,14,2400366,0,learned_physics_score,2,-0.04493574650981444,-0.04437878836753825,0.0005569581422761871
robocasa/OpenFridge,14,2400366,0,learned_physics_score,4,-0.038852916802821214,-0.038842289097637324,1.0627705183889613e-05
robocasa/OpenFridge,14,2400366,0,learned_physics_score,8,-0.03472935726182058,-0.03452161072997777,0.00020774653184281455
robocasa/OpenFridge,14,2400366,0,learned_energy_regularized,1,-0.055102510348603514,-0.054008724384703805,0.00109378596389971
robocasa/OpenFridge,14,2400366,0,learned_energy_regularized,2,-0.04493574650981444,-0.04437878836753825,0.0005569581422761871
robocasa/OpenFridge,14,2400366,0,learned_energy_regularized,4,-0.038852916802821214,-0.038842289097637324,1.0627705183889613e-05
robocasa/OpenFridge,14,2400366,0,learned_energy_regularized,8,-0.03472935726182058,-0.03452161072997777,0.00020774653184281455
robocasa/OpenFridge,14,2400366,0,oracle_real_utility,1,-0.055102510348603514,-0.054008724384703805,0.00109378596389971
robocasa/OpenFridge,14,2400366,0,oracle_real_utility,2,-0.04443378836666955,-0.0438956515709051,0.000538136795764449
robocasa/OpenFridge,14,2400366,0,oracle_real_utility,4,-0.037597957688814077,-0.037634564378558055,3.660668974397874e-05
robocasa/OpenFridge,14,2400366,0,oracle_real_utility,8,-0.033480297293521914,-0.033237239377917754,0.00024305791560415985
robocasa/OpenFridge,14,2410373,1,learned_wam,1,-0.046237859348706285,-0.046724599613717374,0.00048674026501108886
robocasa/OpenFridge,14,2410373,1,learned_wam,2,-0.040985016284642045,-0.04059439234857057,0.00039062393607147694
robocasa/OpenFridge,14,2410373,1,learned_wam,4,-0.03631496080474639,-0.03672931943073304,0.00041435862598665496
robocasa/OpenFridge,14,2410373,1,learned_wam,8,-0.03169539274858973,-0.03163837875639636,5.701399219337072e-05
robocasa/OpenFridge,14,2410373,1,learned_physics_score,1,-0.046237859348706285,-0.046724599613717374,0.00048674026501108886
robocasa/OpenFridge,14,2410373,1,learned_physics_score,2,-0.040985016284642045,-0.04059439234857057,0.00039062393607147694
robocasa/OpenFridge,14,2410373,1,learned_physics_score,4,-0.03631496080474639,-0.03672931943073304,0.00041435862598665496
robocasa/OpenFridge,14,2410373,1,learned_physics_score,8,-0.03169539274858973,-0.03163837875639636,5.701399219337072e-05
robocasa/OpenFridge,14,2410373,1,learned_energy_regularized,1,-0.046237859348706285,-0.046724599613717374,0.00048674026501108886
robocasa/OpenFridge,14,2410373,1,learned_energy_regularized,2,-0.040422132165665856,-0.040067833449575534,0.0003542987160903219
robocasa/OpenFridge,14,2410373,1,learned_energy_regularized,4,-0.03577428532942507,-0.036202686181714884,0.00042840085228981056
robocasa/OpenFridge,14,2410373,1,learned_energy_regularized,8,-0.0316035177038648,-0.031541338019725994,6.217968413880365e-05
robocasa/OpenFridge,14,2410373,1,oracle_real_utility,1,-0.04623785934870629,-0.046724599613717374,0.0004867402650110819
robocasa/OpenFridge,14,2410373,1,oracle_real_utility,2,-0.03966969282175984,-0.03938426109070797,0.00028543173105186753
robocasa/OpenFridge,14,2410373,1,oracle_real_utility,4,-0.03433139669275406,-0.03480211629347864,0.00047071960072457564
robocasa/OpenFridge,14,2410373,1,oracle_real_utility,8,-0.03057168691779677,-0.030575079183230897,3.392265434127434e-06
robocasa/CloseFridge,15,2500369,0,learned_wam,1,-0.053130670990449394,-0.05291126373267298,0.00021940725777641612
robocasa/CloseFridge,15,2500369,0,learned_wam,2,-0.04997468651802311,-0.04980430028816442,0.00017038622985868918
robocasa/CloseFridge,15,2500369,0,learned_wam,4,-0.04899149974355914,-0.04877119602117024,0.00022030372238889678
robocasa/CloseFridge,15,2500369,0,learned_wam,8,-0.04952469146483532,-0.04950873451672976,1.5956948105556867e-05
robocasa/CloseFridge,15,2500369,0,learned_physics_score,1,-0.053130670990449394,-0.05291126373267298,0.00021940725777641612
robocasa/CloseFridge,15,2500369,0,learned_physics_score,2,-0.04997468651802311,-0.04980430028816442,0.00017038622985868918
robocasa/CloseFridge,15,2500369,0,learned_physics_score,4,-0.04899149974355914,-0.04877119602117024,0.00022030372238889678
robocasa/CloseFridge,15,2500369,0,learned_physics_score,8,-0.04952469146483532,-0.04950873451672976,1.5956948105556867e-05
robocasa/CloseFridge,15,2500369,0,learned_energy_regularized,1,-0.053130670990449394,-0.05291126373267298,0.00021940725777641612
robocasa/CloseFridge,15,2500369,0,learned_energy_regularized,2,-0.049028536310579254,-0.04926601801547256,0.0002374817048933081
robocasa/CloseFridge,15,2500369,0,learned_energy_regularized,4,-0.04753949196641778,-0.04754754659331046,8.054626892677053e-06
robocasa/CloseFridge,15,2500369,0,learned_energy_regularized,8,-0.047365442334847956,-0.04738958542743616,2.414309258820524e-05
robocasa/CloseFridge,15,2500369,0,oracle_real_utility,1,-0.053130670990449394,-0.05291126373267298,0.00021940725777641612
robocasa/CloseFridge,15,2500369,0,oracle_real_utility,2,-0.0473913121476809,-0.04754093830037984,0.00014962615269893675
robocasa/CloseFridge,15,2500369,0,oracle_real_utility,4,-0.04338654084420849,-0.04355566703179856,0.00016912618759007403
robocasa/CloseFridge,15,2500369,0,oracle_real_utility,8,-0.04148178171823625,-0.04155298770066428,7.120598242803255e-05
robocasa/CloseFridge,15,2510376,1,learned_wam,1,-0.04760961955647183,-0.04752007704355174,8.95425129200933e-05
robocasa/CloseFridge,15,2510376,1,learned_wam,2,-0.04233631072626358,-0.04211055047217997,0.00022576025408360678
robocasa/CloseFridge,15,2510376,1,learned_wam,4,-0.03930286914779904,-0.0391916672907533,0.0001112018570457382
robocasa/CloseFridge,15,2510376,1,learned_wam,8,-0.038962691208365166,-0.0389420658176188,2.06253907463691e-05
robocasa/CloseFridge,15,2510376,1,learned_physics_score,1,-0.04760961955647183,-0.04752007704355174,8.95425129200933e-05
robocasa/CloseFridge,15,2510376,1,learned_physics_score,2,-0.04233631072626358,-0.04211055047217997,0.00022576025408360678
robocasa/CloseFridge,15,2510376,1,learned_physics_score,4,-0.03930286914779904,-0.0391916672907533,0.0001112018570457382
robocasa/CloseFridge,15,2510376,1,learned_physics_score,8,-0.038962691208365166,-0.0389420658176188,2.06253907463691e-05
robocasa/CloseFridge,15,2510376,1,learned_energy_regularized,1,-0.04760961955647183,-0.04752007704355174,8.95425129200933e-05
robocasa/CloseFridge,15,2510376,1,learned_energy_regularized,2,-0.04287089647739946,-0.042614608112642345,0.00025628836475711375
robocasa/CloseFridge,15,2510376,1,learned_energy_regularized,4,-0.04038821467799293,-0.04027123624462163,0.00011697843337130087
robocasa/CloseFridge,15,2510376,1,learned_energy_regularized,8,-0.0405237467352368,-0.04048474624685413,3.900048838267195e-05
robocasa/CloseFridge,15,2510376,1,oracle_real_utility,1,-0.04760961955647183,-0.04752007704355174,8.95425129200933e-05
robocasa/CloseFridge,15,2510376,1,oracle_real_utility,2,-0.04197294778139748,-0.04171212924990041,0.0002608185314970646
robocasa/CloseFridge,15,2510376,1,oracle_real_utility,4,-0.037950957435074706,-0.03785087528518671,0.00010008214988799918
robocasa/CloseFridge,15,2510376,1,oracle_real_utility,8,-0.035337476936853456,-0.035356792893707946,1.931595685449039e-05
robocasa/OpenFridgeDrawer,16,2600372,0,learned_wam,1,-0.048735337963597095,-0.04803918442217962,0.0006961535414174713
robocasa/OpenFridgeDrawer,16,2600372,0,learned_wam,2,-0.04102650789445116,-0.04056829077527143,0.0004582171191797324
robocasa/OpenFridgeDrawer,16,2600372,0,learned_wam,4,-0.03382812089806138,-0.033595809797471135,0.0002323111005902434
robocasa/OpenFridgeDrawer,16,2600372,0,learned_wam,8,-0.028548486497196164,-0.02851689140284805,3.159509434811497e-05
robocasa/OpenFridgeDrawer,16,2600372,0,learned_physics_score,1,-0.048735337963597095,-0.04803918442217962,0.0006961535414174713
robocasa/OpenFridgeDrawer,16,2600372,0,learned_physics_score,2,-0.04102650789445116,-0.04056829077527143,0.0004582171191797324
robocasa/OpenFridgeDrawer,16,2600372,0,learned_physics_score,4,-0.03382812089806138,-0.033595809797471135,0.0002323111005902434
robocasa/OpenFridgeDrawer,16,2600372,0,learned_physics_score,8,-0.028548486497196164,-0.02851689140284805,3.159509434811497e-05
robocasa/OpenFridgeDrawer,16,2600372,0,learned_energy_regularized,1,-0.048735337963597095,-0.04803918442217962,0.0006961535414174713
robocasa/OpenFridgeDrawer,16,2600372,0,learned_energy_regularized,2,-0.042105047749909946,-0.04165943614276674,0.00044561160714320924
robocasa/OpenFridgeDrawer,16,2600372,0,learned_energy_regularized,4,-0.0346625486739182,-0.03424886320560786,0.00041368546831033887
robocasa/OpenFridgeDrawer,16,2600372,0,learned_energy_regularized,8,-0.028774347782327233,-0.02871240450651681,6.194327581042144e-05
robocasa/OpenFridgeDrawer,16,2600372,0,oracle_real_utility,1,-0.0487353379635971,-0.04803918442217962,0.0006961535414174783
robocasa/OpenFridgeDrawer,16,2600372,0,oracle_real_utility,2,-0.04069674316150985,-0.040215810977603,0.0004809321839068445
robocasa/OpenFridgeDrawer,16,2600372,0,oracle_real_utility,4,-0.03344010862163715,-0.03315063234386047,0.00028947627777668045
robocasa/OpenFridgeDrawer,16,2600372,0,oracle_real_utility,8,-0.028170581968468965,-0.028113468693135652,5.71132753333127e-05
robocasa/OpenFridgeDrawer,16,2610379,1,learned_wam,1,-0.055154045661071106,-0.05564102481395642,0.000486979152885314
robocasa/OpenFridgeDrawer,16,2610379,1,learned_wam,2,-0.05128667053225491,-0.051081054224045144,0.00020561630820976895
robocasa/OpenFridgeDrawer,16,2610379,1,learned_wam,4,-0.04627478205097308,-0.045979903785050735,0.00029487826592234506
robocasa/OpenFridgeDrawer,16,2610379,1,learned_wam,8,-0.04156900574545245,-0.0414159501640743,0.00015305558137814618
robocasa/OpenFridgeDrawer,16,2610379,1,learned_physics_score,1,-0.055154045661071106,-0.05564102481395642,0.000486979152885314
robocasa/OpenFridgeDrawer,16,2610379,1,learned_physics_score,2,-0.05128667053225491,-0.051081054224045144,0.00020561630820976895
robocasa/OpenFridgeDrawer,16,2610379,1,learned_physics_score,4,-0.04627478205097308,-0.045979903785050735,0.00029487826592234506
robocasa/OpenFridgeDrawer,16,2610379,1,learned_physics_score,8,-0.04156900574545245,-0.0414159501640743,0.00015305558137814618
robocasa/OpenFridgeDrawer,16,2610379,1,learned_energy_regularized,1,-0.055154045661071106,-0.05564102481395642,0.000486979152885314
robocasa/OpenFridgeDrawer,16,2610379,1,learned_energy_regularized,2,-0.051809113128745664,-0.05159611425538697,0.00021299887335869683
robocasa/OpenFridgeDrawer,16,2610379,1,learned_energy_regularized,4,-0.04785851177010983,-0.047704608069965564,0.00015390370014426585
robocasa/OpenFridgeDrawer,16,2610379,1,learned_energy_regularized,8,-0.043872327071297304,-0.043684384343864846,0.000187942727432458
robocasa/OpenFridgeDrawer,16,2610379,1,oracle_real_utility,1,-0.055154045661071106,-0.05564102481395642,0.000486979152885314
robocasa/OpenFridgeDrawer,16,2610379,1,oracle_real_utility,2,-0.050348255136827065,-0.05022513707030671,0.00012311806652035712
robocasa/OpenFridgeDrawer,16,2610379,1,oracle_real_utility,4,-0.04525467743571634,-0.04502505713531776,0.00022962030039858083
robocasa/OpenFridgeDrawer,16,2610379,1,oracle_real_utility,8,-0.041176396700727404,-0.04108358861127237,9.280808945503344e-05
robocasa/PickPlaceCounterToCabinet,17,2700375,0,learned_wam,1,-0.050273310391133544,-0.05042773734032701,0.00015442694919346606
robocasa/PickPlaceCounterToCabinet,17,2700375,0,learned_wam,2,-0.044484987269747894,-0.0440918914784366,0.0003930957913112973
robocasa/PickPlaceCounterToCabinet,17,2700375,0,learned_wam,4,-0.03783038154969562,-0.036874926879865905,0.0009554546698297139
robocasa/PickPlaceCounterToCabinet,17,2700375,0,learned_wam,8,-0.029648123201063158,-0.029850274717643885,0.00020215151658072722
robocasa/PickPlaceCounterToCabinet,17,2700375,0,learned_physics_score,1,-0.050273310391133544,-0.05042773734032701,0.00015442694919346606
robocasa/PickPlaceCounterToCabinet,17,2700375,0,learned_physics_score,2,-0.044484987269747894,-0.0440918914784366,0.0003930957913112973
robocasa/PickPlaceCounterToCabinet,17,2700375,0,learned_physics_score,4,-0.03783038154969562,-0.036874926879865905,0.0009554546698297139
robocasa/PickPlaceCounterToCabinet,17,2700375,0,learned_physics_score,8,-0.029648123201063158,-0.029850274717643885,0.00020215151658072722
robocasa/PickPlaceCounterToCabinet,17,2700375,0,learned_energy_regularized,1,-0.050273310391133544,-0.05042773734032701,0.00015442694919346606
robocasa/PickPlaceCounterToCabinet,17,2700375,0,learned_energy_regularized,2,-0.04349827367911199,-0.0432414757717923,0.00025679790731969465
robocasa/PickPlaceCounterToCabinet,17,2700375,0,learned_energy_regularized,4,-0.03684332500079334,-0.036159229855483505,0.0006840951453098362
robocasa/PickPlaceCounterToCabinet,17,2700375,0,learned_energy_regularized,8,-0.029462705916064227,-0.029642582265861726,0.00017987634979749895
robocasa/PickPlaceCounterToCabinet,17,2700375,0,oracle_real_utility,1,-0.050273310391133544,-0.05042773734032701,0.00015442694919346606
robocasa/PickPlaceCounterToCabinet,17,2700375,0,oracle_real_utility,2,-0.04174341356054215,-0.041466368791134994,0.00027704476940715317
robocasa/PickPlaceCounterToCabinet,17,2700375,0,oracle_real_utility,4,-0.03434322380060009,-0.03376317310127385,0.0005800506993262414
robocasa/PickPlaceCounterToCabinet,17,2700375,0,oracle_real_utility,8,-0.02779303886744482,-0.027911498050754404,0.0001184591833095841
robocasa/PickPlaceCounterToCabinet,17,2710382,1,learned_wam,1,-0.06157983737785397,-0.061887875527283864,0.0003080381494298956
robocasa/PickPlaceCounterToCabinet,17,2710382,1,learned_wam,2,-0.05476565605188199,-0.055998229893540495,0.0012325738416585075
robocasa/PickPlaceCounterToCabinet,17,2710382,1,learned_wam,4,-0.04781415399406172,-0.0476195090507026,0.00019464494335912075
robocasa/PickPlaceCounterToCabinet,17,2710382,1,learned_wam,8,-0.043324386847787895,-0.04340683445250042,8.244760471252249e-05
robocasa/PickPlaceCounterToCabinet,17,2710382,1,learned_physics_score,1,-0.06157983737785397,-0.061887875527283864,0.0003080381494298956
robocasa/PickPlaceCounterToCabinet,17,2710382,1,learned_physics_score,2,-0.05476565605188199,-0.055998229893540495,0.0012325738416585075
robocasa/PickPlaceCounterToCabinet,17,2710382,1,learned_physics_score,4,-0.04781415399406172,-0.0476195090507026,0.00019464494335912075
robocasa/PickPlaceCounterToCabinet,17,2710382,1,learned_physics_score,8,-0.043324386847787895,-0.04340683445250042,8.244760471252249e-05
robocasa/PickPlaceCounterToCabinet,17,2710382,1,learned_energy_regularized,1,-0.06157983737785396,-0.061887875527283864,0.00030803814942990254
robocasa/PickPlaceCounterToCabinet,17,2710382,1,learned_energy_regularized,2,-0.054781559810295026,-0.055966194653439175,0.0011846348431441486
robocasa/PickPlaceCounterToCabinet,17,2710382,1,learned_energy_regularized,4,-0.047824093843069876,-0.047696914102522685,0.0001271797405471911
robocasa/PickPlaceCounterToCabinet,17,2710382,1,learned_energy_regularized,8,-0.04332527745437627,-0.043407597832904245,8.232037852797663e-05
robocasa/PickPlaceCounterToCabinet,17,2710382,1,oracle_real_utility,1,-0.06157983737785396,-0.061887875527283864,0.00030803814942990254
robocasa/PickPlaceCounterToCabinet,17,2710382,1,oracle_real_utility,2,-0.05332736455231726,-0.05444853805937683,0.001121173507059564
robocasa/PickPlaceCounterToCabinet,17,2710382,1,oracle_real_utility,4,-0.04563619127169489,-0.045460392787318796,0.00017579848437609263
robocasa/PickPlaceCounterToCabinet,17,2710382,1,oracle_real_utility,8,-0.039910002937134176,-0.03992452892368717,1.452598655299342e-05
robocasa/PickPlaceCounterToDrawer,18,2800378,0,learned_wam,1,-0.05980399339992657,-0.059904146347202494,0.00010015294727592355
robocasa/PickPlaceCounterToDrawer,18,2800378,0,learned_wam,2,-0.05080024990147731,-0.05074333525685047,5.691464462683621e-05
robocasa/PickPlaceCounterToDrawer,18,2800378,0,learned_wam,4,-0.04335592359522569,-0.04306672463546319,0.00028919895976250304
robocasa/PickPlaceCounterToDrawer,18,2800378,0,learned_wam,8,-0.03857645347048548,-0.03857223526205881,4.218208426672032e-06
robocasa/PickPlaceCounterToDrawer,18,2800378,0,learned_physics_score,1,-0.05980399339992657,-0.059904146347202494,0.00010015294727592355
robocasa/PickPlaceCounterToDrawer,18,2800378,0,learned_physics_score,2,-0.05080024990147731,-0.05074333525685047,5.691464462683621e-05
robocasa/PickPlaceCounterToDrawer,18,2800378,0,learned_physics_score,4,-0.04335592359522569,-0.04306672463546319,0.00028919895976250304
robocasa/PickPlaceCounterToDrawer,18,2800378,0,learned_physics_score,8,-0.03857645347048548,-0.03857223526205881,4.218208426672032e-06
robocasa/PickPlaceCounterToDrawer,18,2800378,0,learned_energy_regularized,1,-0.05980399339992657,-0.059904146347202494,0.00010015294727592355
robocasa/PickPlaceCounterToDrawer,18,2800378,0,learned_energy_regularized,2,-0.05581703521285014,-0.05619102614301294,0.0003739909301627986
robocasa/PickPlaceCounterToDrawer,18,2800378,0,learned_energy_regularized,4,-0.04878648027619789,-0.04861015797888848,0.0001763222973094128
robocasa/PickPlaceCounterToDrawer,18,2800378,0,learned_energy_regularized,8,-0.04095911819092496,-0.04052397992927108,0.0004351382616538807
robocasa/PickPlaceCounterToDrawer,18,2800378,0,oracle_real_utility,1,-0.05980399339992657,-0.059904146347202494,0.00010015294727592355
robocasa/PickPlaceCounterToDrawer,18,2800378,0,oracle_real_utility,2,-0.05052288518519944,-0.05047706512922372,4.5820055975726026e-05
robocasa/PickPlaceCounterToDrawer,18,2800378,0,oracle_real_utility,4,-0.04293554269711705,-0.04264069243126039,0.00029485026585666235
robocasa/PickPlaceCounterToDrawer,18,2800378,0,oracle_real_utility,8,-0.038435670858433385,-0.03841247318548275,2.3197672950635295e-05
robocasa/PickPlaceCounterToDrawer,18,2810385,1,learned_wam,1,-0.04520161640349221,-0.04559647567006237,0.0003948592665701592
robocasa/PickPlaceCounterToDrawer,18,2810385,1,learned_wam,2,-0.03703546800362954,-0.03707933335217669,4.3865348547146576e-05
robocasa/PickPlaceCounterToDrawer,18,2810385,1,learned_wam,4,-0.03191607201783752,-0.031802206590298275,0.00011386542753924478
robocasa/PickPlaceCounterToDrawer,18,2810385,1,learned_wam,8,-0.02954046368952163,-0.029400125975597772,0.00014033771392385833
robocasa/PickPlaceCounterToDrawer,18,2810385,1,learned_physics_score,1,-0.04520161640349221,-0.04559647567006237,0.0003948592665701592
robocasa/PickPlaceCounterToDrawer,18,2810385,1,learned_physics_score,2,-0.03703546800362954,-0.03707933335217669,4.3865348547146576e-05
robocasa/PickPlaceCounterToDrawer,18,2810385,1,learned_physics_score,4,-0.03191607201783752,-0.031802206590298275,0.00011386542753924478
robocasa/PickPlaceCounterToDrawer,18,2810385,1,learned_physics_score,8,-0.02954046368952163,-0.029400125975597772,0.00014033771392385833
robocasa/PickPlaceCounterToDrawer,18,2810385,1,learned_energy_regularized,1,-0.04520161640349221,-0.04559647567006237,0.0003948592665701592
robocasa/PickPlaceCounterToDrawer,18,2810385,1,learned_energy_regularized,2,-0.03775015807716165,-0.03798384862747037,0.00023369055030871694
robocasa/PickPlaceCounterToDrawer,18,2810385,1,learned_energy_regularized,4,-0.03334405716405768,-0.033300992183626636,4.3064980431044286e-05
robocasa/PickPlaceCounterToDrawer,18,2810385,1,learned_energy_regularized,8,-0.03129462801589249,-0.03126114554332647,3.348247256601544e-05
robocasa/PickPlaceCounterToDrawer,18,2810385,1,oracle_real_utility,1,-0.04520161640349221,-0.04559647567006237,0.0003948592665701592
robocasa/PickPlaceCounterToDrawer,18,2810385,1,oracle_real_utility,2,-0.036978132302772374,-0.03703163004906352,5.349774629114651e-05
robocasa/PickPlaceCounterToDrawer,18,2810385,1,oracle_real_utility,4,-0.03165179027169899,-0.03152149099890155,0.0001302992727974378
robocasa/PickPlaceCounterToDrawer,18,2810385,1,oracle_real_utility,8,-0.02878290756188026,-0.028640542610641938,0.0001423649512383232
robocasa/PickPlaceCounterToMicrowave,19,2900381,0,learned_wam,1,-0.058474623200622806,-0.05763310092838586,0.0008415222722369456
robocasa/PickPlaceCounterToMicrowave,19,2900381,0,learned_wam,2,-0.05378899330555666,-0.05416455469526238,0.0003755613897057225
robocasa/PickPlaceCounterToMicrowave,19,2900381,0,learned_wam,4,-0.047615524855197114,-0.047365772188748996,0.00024975266644811783
robocasa/PickPlaceCounterToMicrowave,19,2900381,0,learned_wam,8,-0.04167330214047785,-0.041831264708237,0.0001579625677591498
robocasa/PickPlaceCounterToMicrowave,19,2900381,0,learned_physics_score,1,-0.058474623200622806,-0.05763310092838586,0.0008415222722369456
robocasa/PickPlaceCounterToMicrowave,19,2900381,0,learned_physics_score,2,-0.05378899330555666,-0.05416455469526238,0.0003755613897057225
robocasa/PickPlaceCounterToMicrowave,19,2900381,0,learned_physics_score,4,-0.047615524855197114,-0.047365772188748996,0.00024975266644811783
robocasa/PickPlaceCounterToMicrowave,19,2900381,0,learned_physics_score,8,-0.04167330214047785,-0.041831264708237,0.0001579625677591498
robocasa/PickPlaceCounterToMicrowave,19,2900381,0,learned_energy_regularized,1,-0.0584746232006228,-0.05763310092838586,0.0008415222722369387
robocasa/PickPlaceCounterToMicrowave,19,2900381,0,learned_energy_regularized,2,-0.05403611651442364,-0.05440553792876142,0.0003694214143377811
robocasa/PickPlaceCounterToMicrowave,19,2900381,0,learned_energy_regularized,4,-0.047924241716915866,-0.04762737004108058,0.0002968716758352877
robocasa/PickPlaceCounterToMicrowave,19,2900381,0,learned_energy_regularized,8,-0.04176970970491335,-0.04194781104234734,0.00017810133743399043
robocasa/PickPlaceCounterToMicrowave,19,2900381,0,oracle_real_utility,1,-0.05847462320062281,-0.05763310092838586,0.0008415222722369525
robocasa/PickPlaceCounterToMicrowave,19,2900381,0,oracle_real_utility,2,-0.05251588768852555,-0.05295015999440984,0.00043427230588428956
robocasa/PickPlaceCounterToMicrowave,19,2900381,0,oracle_real_utility,4,-0.046071994470662514,-0.04582206190368066,0.0002499325669818517
robocasa/PickPlaceCounterToMicrowave,19,2900381,0,oracle_real_utility,8,-0.04097366218800799,-0.04111662195144641,0.0001429597634384147
robocasa/PickPlaceCounterToMicrowave,19,2910388,1,learned_wam,1,-0.047050305855816335,-0.0474299242601247,0.0003796184043083628
robocasa/PickPlaceCounterToMicrowave,19,2910388,1,learned_wam,2,-0.03969327114871053,-0.03976158292869964,6.831177998910948e-05
robocasa/PickPlaceCounterToMicrowave,19,2910388,1,learned_wam,4,-0.03310537049983029,-0.033066019737133336,3.93507626969547e-05
robocasa/PickPlaceCounterToMicrowave,19,2910388,1,learned_wam,8,-0.026111476836857682,-0.026367478639549104,0.0002560018026914225
robocasa/PickPlaceCounterToMicrowave,19,2910388,1,learned_physics_score,1,-0.047050305855816335,-0.0474299242601247,0.0003796184043083628
robocasa/PickPlaceCounterToMicrowave,19,2910388,1,learned_physics_score,2,-0.03969327114871053,-0.03976158292869964,6.831177998910948e-05
robocasa/PickPlaceCounterToMicrowave,19,2910388,1,learned_physics_score,4,-0.03310537049983029,-0.033066019737133336,3.93507626969547e-05
robocasa/PickPlaceCounterToMicrowave,19,2910388,1,learned_physics_score,8,-0.026111476836857682,-0.026367478639549104,0.0002560018026914225
robocasa/PickPlaceCounterToMicrowave,19,2910388,1,learned_energy_regularized,1,-0.047050305855816335,-0.0474299242601247,0.0003796184043083628
robocasa/PickPlaceCounterToMicrowave,19,2910388,1,learned_energy_regularized,2,-0.039622230763423825,-0.03973205665113313,0.0001098258877093028
robocasa/PickPlaceCounterToMicrowave,19,2910388,1,learned_energy_regularized,4,-0.03285099715591669,-0.03278117837223904,6.981878367764982e-05
robocasa/PickPlaceCounterToMicrowave,19,2910388,1,learned_energy_regularized,8,-0.025693939759769833,-0.025984654746790497,0.00029071498702066406
robocasa/PickPlaceCounterToMicrowave,19,2910388,1,oracle_real_utility,1,-0.047050305855816335,-0.0474299242601247,0.0003796184043083628
robocasa/PickPlaceCounterToMicrowave,19,2910388,1,oracle_real_utility,2,-0.03878019811009269,-0.038859008809596016,7.881069950332886e-05
robocasa/PickPlaceCounterToMicrowave,19,2910388,1,oracle_real_utility,4,-0.03217000243333339,-0.0321545844311385,1.5418002194893254e-05
robocasa/PickPlaceCounterToMicrowave,19,2910388,1,oracle_real_utility,8,-0.02554749067182674,-0.025843322199687564,0.00029583152786082437
robocasa/PickPlaceCounterToSink,20,3000384,0,learned_wam,1,-0.05708844768274446,-0.057550410020021446,0.0004619623372769874
robocasa/PickPlaceCounterToSink,20,3000384,0,learned_wam,2,-0.055232448830325735,-0.05515171735040738,8.073147991835561e-05
robocasa/PickPlaceCounterToSink,20,3000384,0,learned_wam,4,-0.05195082997815255,-0.05248851334609193,0.0005376833679393844
robocasa/PickPlaceCounterToSink,20,3000384,0,learned_wam,8,-0.04864129400443368,-0.04834110871213981,0.00030018529229386415
robocasa/PickPlaceCounterToSink,20,3000384,0,learned_physics_score,1,-0.05708844768274446,-0.057550410020021446,0.0004619623372769874
robocasa/PickPlaceCounterToSink,20,3000384,0,learned_physics_score,2,-0.055232448830325735,-0.05515171735040738,8.073147991835561e-05
robocasa/PickPlaceCounterToSink,20,3000384,0,learned_physics_score,4,-0.05195082997815255,-0.05248851334609193,0.0005376833679393844
robocasa/PickPlaceCounterToSink,20,3000384,0,learned_physics_score,8,-0.04864129400443368,-0.04834110871213981,0.00030018529229386415
robocasa/PickPlaceCounterToSink,20,3000384,0,learned_energy_regularized,1,-0.05708844768274445,-0.057550410020021446,0.0004619623372769943
robocasa/PickPlaceCounterToSink,20,3000384,0,learned_energy_regularized,2,-0.05371374951116611,-0.05365531095277323,5.843855839287454e-05
robocasa/PickPlaceCounterToSink,20,3000384,0,learned_energy_regularized,4,-0.04836903799773046,-0.04879645916903314,0.0004274211713026846
robocasa/PickPlaceCounterToSink,20,3000384,0,learned_energy_regularized,8,-0.04455189351680206,-0.04413592967477085,0.00041596384203121395
robocasa/PickPlaceCounterToSink,20,3000384,0,oracle_real_utility,1,-0.05708844768274445,-0.057550410020021446,0.0004619623372769943
robocasa/PickPlaceCounterToSink,20,3000384,0,oracle_real_utility,2,-0.048847901725383086,-0.04849592641480504,0.0003519753105780468
robocasa/PickPlaceCounterToSink,20,3000384,0,oracle_real_utility,4,-0.041901233564025316,-0.04228656235298837,0.0003853287889630519
robocasa/PickPlaceCounterToSink,20,3000384,0,oracle_real_utility,8,-0.03654874387236263,-0.03604963692950933,0.0004991069428533015
robocasa/PickPlaceCounterToSink,20,3010391,1,learned_wam,1,-0.06268526079467564,-0.06273011832375443,4.485752907879004e-05
robocasa/PickPlaceCounterToSink,20,3010391,1,learned_wam,2,-0.056456703017545934,-0.05667216551686373,0.00021546249931779504
robocasa/PickPlaceCounterToSink,20,3010391,1,learned_wam,4,-0.05119179329134829,-0.05126882595964519,7.70326682968947e-05
robocasa/PickPlaceCounterToSink,20,3010391,1,learned_wam,8,-0.04891548049466203,-0.04885532702290472,6.015347175731406e-05
robocasa/PickPlaceCounterToSink,20,3010391,1,learned_physics_score,1,-0.06268526079467564,-0.06273011832375443,4.485752907879004e-05
robocasa/PickPlaceCounterToSink,20,3010391,1,learned_physics_score,2,-0.056456703017545934,-0.05667216551686373,0.00021546249931779504
robocasa/PickPlaceCounterToSink,20,3010391,1,learned_physics_score,4,-0.05119179329134829,-0.05126882595964519,7.70326682968947e-05
robocasa/PickPlaceCounterToSink,20,3010391,1,learned_physics_score,8,-0.04891548049466203,-0.04885532702290472,6.015347175731406e-05
robocasa/PickPlaceCounterToSink,20,3010391,1,learned_energy_regularized,1,-0.06268526079467562,-0.06273011832375443,4.4857529078803915e-05
robocasa/PickPlaceCounterToSink,20,3010391,1,learned_energy_regularized,2,-0.05648752022694167,-0.056711125640934765,0.00022360541399309153
robocasa/PickPlaceCounterToSink,20,3010391,1,learned_energy_regularized,4,-0.05124055190467254,-0.05132097720446312,8.042529979057633e-05
robocasa/PickPlaceCounterToSink,20,3010391,1,learned_energy_regularized,8,-0.0488909707999827,-0.04882977141053267,6.119938945002568e-05
robocasa/PickPlaceCounterToSink,20,3010391,1,oracle_real_utility,1,-0.06268526079467564,-0.06273011832375443,4.485752907879004e-05
robocasa/PickPlaceCounterToSink,20,3010391,1,oracle_real_utility,2,-0.05546792075000244,-0.05570995771862259,0.0002420369686201504
robocasa/PickPlaceCounterToSink,20,3010391,1,oracle_real_utility,4,-0.0506768080659397,-0.05080516523456435,0.00012835716862465152
robocasa/PickPlaceCounterToSink,20,3010391,1,oracle_real_utility,8,-0.04875416617861408,-0.0487151231844891,3.904299412498674e-05
robocasa/PickPlaceCounterToStove,21,3100387,0,learned_wam,1,-0.051265379479868055,-0.051386040526993276,0.00012066104712522147
robocasa/PickPlaceCounterToStove,21,3100387,0,learned_wam,2,-0.04344823432909898,-0.04331393250617781,0.00013430182292117204
robocasa/PickPlaceCounterToStove,21,3100387,0,learned_wam,4,-0.036910722568102496,-0.03672488352072074,0.00018583904738175838
robocasa/PickPlaceCounterToStove,21,3100387,0,learned_wam,8,-0.03138691453255156,-0.03155578238455868,0.00016886785200712073
robocasa/PickPlaceCounterToStove,21,3100387,0,learned_physics_score,1,-0.051265379479868055,-0.051386040526993276,0.00012066104712522147
robocasa/PickPlaceCounterToStove,21,3100387,0,learned_physics_score,2,-0.04344823432909898,-0.04331393250617781,0.00013430182292117204
robocasa/PickPlaceCounterToStove,21,3100387,0,learned_physics_score,4,-0.036910722568102496,-0.03672488352072074,0.00018583904738175838
robocasa/PickPlaceCounterToStove,21,3100387,0,learned_physics_score,8,-0.03138691453255156,-0.03155578238455868,0.00016886785200712073
robocasa/PickPlaceCounterToStove,21,3100387,0,learned_energy_regularized,1,-0.051265379479868055,-0.051386040526993276,0.00012066104712522147
robocasa/PickPlaceCounterToStove,21,3100387,0,learned_energy_regularized,2,-0.043980545199929715,-0.04401232436870772,3.177916877800807e-05
robocasa/PickPlaceCounterToStove,21,3100387,0,learned_energy_regularized,4,-0.03736817722272266,-0.037252935904584825,0.00011524131813783756
robocasa/PickPlaceCounterToStove,21,3100387,0,learned_energy_regularized,8,-0.03144039051057634,-0.03158985028029185,0.00014945976971551117
robocasa/PickPlaceCounterToStove,21,3100387,0,oracle_real_utility,1,-0.051265379479868055,-0.051386040526993276,0.00012066104712522147
robocasa/PickPlaceCounterToStove,21,3100387,0,oracle_real_utility,2,-0.0428440850997566,-0.042675950919992246,0.00016813417976435652
robocasa/PickPlaceCounterToStove,21,3100387,0,oracle_real_utility,4,-0.036418238583207294,-0.03619840667971876,0.0002198319034885307
robocasa/PickPlaceCounterToStove,21,3100387,0,oracle_real_utility,8,-0.03114192744529399,-0.03130564532856274,0.00016371788326875053
robocasa/PickPlaceCounterToStove,21,3110394,1,learned_wam,1,-0.07007426962207815,-0.07052574394386414,0.000451474321785994
robocasa/PickPlaceCounterToStove,21,3110394,1,learned_wam,2,-0.06354432575251945,-0.06357730375148969,3.297799897024334e-05
robocasa/PickPlaceCounterToStove,21,3110394,1,learned_wam,4,-0.05945489792591861,-0.05884925553233126,0.0006056423935873537
robocasa/PickPlaceCounterToStove,21,3110394,1,learned_wam,8,-0.056426711472264385,-0.056418706924842965,8.00454742141965e-06
robocasa/PickPlaceCounterToStove,21,3110394,1,learned_physics_score,1,-0.07007426962207815,-0.07052574394386414,0.000451474321785994
robocasa/PickPlaceCounterToStove,21,3110394,1,learned_physics_score,2,-0.06354432575251945,-0.06357730375148969,3.297799897024334e-05
robocasa/PickPlaceCounterToStove,21,3110394,1,learned_physics_score,4,-0.05945489792591861,-0.05884925553233126,0.0006056423935873537
robocasa/PickPlaceCounterToStove,21,3110394,1,learned_physics_score,8,-0.056426711472264385,-0.056418706924842965,8.00454742141965e-06
robocasa/PickPlaceCounterToStove,21,3110394,1,learned_energy_regularized,1,-0.07007426962207813,-0.07052574394386414,0.0004514743217860079
robocasa/PickPlaceCounterToStove,21,3110394,1,learned_energy_regularized,2,-0.0640058484026165,-0.06400637079097746,5.223883609573043e-07
robocasa/PickPlaceCounterToStove,21,3110394,1,learned_energy_regularized,4,-0.06038496082218346,-0.059721075345424444,0.0006638854767590172
robocasa/PickPlaceCounterToStove,21,3110394,1,learned_energy_regularized,8,-0.057129693014190436,-0.05718743117116041,5.7738156969973364e-05
robocasa/PickPlaceCounterToStove,21,3110394,1,oracle_real_utility,1,-0.07007426962207813,-0.07052574394386414,0.0004514743217860079
robocasa/PickPlaceCounterToStove,21,3110394,1,oracle_real_utility,2,-0.062215422355659945,-0.06209938164880545,0.00011604070685449636
robocasa/PickPlaceCounterToStove,21,3110394,1,oracle_real_utility,4,-0.05803911184549693,-0.05769213526780605,0.0003469765776908801
robocasa/PickPlaceCounterToStove,21,3110394,1,oracle_real_utility,8,-0.05586363213494227,-0.055906234432516015,4.260229757374612e-05
robocasa/PickPlaceCounterToOven,22,3200390,0,learned_wam,1,-0.04732668539700106,-0.04700446154804069,0.0003222238489603707
robocasa/PickPlaceCounterToOven,22,3200390,0,learned_wam,2,-0.04181975848937124,-0.04181619174187634,3.5667474949027667e-06
robocasa/PickPlaceCounterToOven,22,3200390,0,learned_wam,4,-0.03753800473882758,-0.03762396573123863,8.596099241104521e-05
robocasa/PickPlaceCounterToOven,22,3200390,0,learned_wam,8,-0.03454333111871248,-0.03443739260791184,0.00010593851080063776
robocasa/PickPlaceCounterToOven,22,3200390,0,learned_physics_score,1,-0.04732668539700106,-0.04700446154804069,0.0003222238489603707
robocasa/PickPlaceCounterToOven,22,3200390,0,learned_physics_score,2,-0.04181975848937124,-0.04181619174187634,3.5667474949027667e-06
robocasa/PickPlaceCounterToOven,22,3200390,0,learned_physics_score,4,-0.03753800473882758,-0.03762396573123863,8.596099241104521e-05
robocasa/PickPlaceCounterToOven,22,3200390,0,learned_physics_score,8,-0.03454333111871248,-0.03443739260791184,0.00010593851080063776
robocasa/PickPlaceCounterToOven,22,3200390,0,learned_energy_regularized,1,-0.04732668539700106,-0.04700446154804069,0.0003222238489603707
robocasa/PickPlaceCounterToOven,22,3200390,0,learned_energy_regularized,2,-0.042903458860922235,-0.04290508649984456,1.6276389223218724e-06
robocasa/PickPlaceCounterToOven,22,3200390,0,learned_energy_regularized,4,-0.038535147960148404,-0.03849695608184372,3.8191878304685845e-05
robocasa/PickPlaceCounterToOven,22,3200390,0,learned_energy_regularized,8,-0.035192331446917,-0.03514490571106812,4.74257358488786e-05
robocasa/PickPlaceCounterToOven,22,3200390,0,oracle_real_utility,1,-0.04732668539700106,-0.04700446154804069,0.0003222238489603707
robocasa/PickPlaceCounterToOven,22,3200390,0,oracle_real_utility,2,-0.041430600820038674,-0.0414148625957006,1.5738224338077145e-05
robocasa/PickPlaceCounterToOven,22,3200390,0,oracle_real_utility,4,-0.03698846612575805,-0.037003296112631937,1.482998687388909e-05
robocasa/PickPlaceCounterToOven,22,3200390,0,oracle_real_utility,8,-0.033882623754419736,-0.03377650163967273,0.00010612211474700373
robocasa/PickPlaceCounterToOven,22,3210397,1,learned_wam,1,-0.05296293936928175,-0.053675672145281336,0.0007127327759995847
robocasa/PickPlaceCounterToOven,22,3210397,1,learned_wam,2,-0.04460394708116559,-0.04402019452690149,0.0005837525542640998
robocasa/PickPlaceCounterToOven,22,3210397,1,learned_wam,4,-0.04060152842477553,-0.040806191265531075,0.00020466284075554286
robocasa/PickPlaceCounterToOven,22,3210397,1,learned_wam,8,-0.0405194467439121,-0.04047539359728681,4.405314662529053e-05
robocasa/PickPlaceCounterToOven,22,3210397,1,learned_physics_score,1,-0.05296293936928175,-0.053675672145281336,0.0007127327759995847
robocasa/PickPlaceCounterToOven,22,3210397,1,learned_physics_score,2,-0.04460394708116559,-0.04402019452690149,0.0005837525542640998
robocasa/PickPlaceCounterToOven,22,3210397,1,learned_physics_score,4,-0.04060152842477553,-0.040806191265531075,0.00020466284075554286
robocasa/PickPlaceCounterToOven,22,3210397,1,learned_physics_score,8,-0.0405194467439121,-0.04047539359728681,4.405314662529053e-05
robocasa/PickPlaceCounterToOven,22,3210397,1,learned_energy_regularized,1,-0.052962939369281745,-0.053675672145281336,0.0007127327759995916
robocasa/PickPlaceCounterToOven,22,3210397,1,learned_energy_regularized,2,-0.04836483276720094,-0.047466617410206066,0.000898215356994872
robocasa/PickPlaceCounterToOven,22,3210397,1,learned_energy_regularized,4,-0.046110538508828264,-0.045865085802400146,0.00024545270642811756
robocasa/PickPlaceCounterToOven,22,3210397,1,learned_energy_regularized,8,-0.04327823194875998,-0.04338107813602814,0.00010284618726815603
robocasa/PickPlaceCounterToOven,22,3210397,1,oracle_real_utility,1,-0.052962939369281745,-0.053675672145281336,0.0007127327759995916
robocasa/PickPlaceCounterToOven,22,3210397,1,oracle_real_utility,2,-0.04326449366944797,-0.04265402897418329,0.0006104646952646772
robocasa/PickPlaceCounterToOven,22,3210397,1,oracle_real_utility,4,-0.03633819134555289,-0.03621411245155149,0.00012407889400140037
robocasa/PickPlaceCounterToOven,22,3210397,1,oracle_real_utility,8,-0.032156052666895044,-0.03238505775376217,0.00022900508686712895
robocasa/PickPlaceCounterToBlender,23,3300393,0,learned_wam,1,-0.05521050778963429,-0.055434945812032836,0.0002244380223985487
robocasa/PickPlaceCounterToBlender,23,3300393,0,learned_wam,2,-0.04959824426951823,-0.049666580116765724,6.833584724749708e-05
robocasa/PickPlaceCounterToBlender,23,3300393,0,learned_wam,4,-0.04413001955364383,-0.044382274208493416,0.00025225465484958465
robocasa/PickPlaceCounterToBlender,23,3300393,0,learned_wam,8,-0.040514053634811184,-0.04042356805053942,9.048558427176417e-05
robocasa/PickPlaceCounterToBlender,23,3300393,0,learned_physics_score,1,-0.05521050778963429,-0.055434945812032836,0.0002244380223985487
robocasa/PickPlaceCounterToBlender,23,3300393,0,learned_physics_score,2,-0.04959824426951823,-0.049666580116765724,6.833584724749708e-05
robocasa/PickPlaceCounterToBlender,23,3300393,0,learned_physics_score,4,-0.04413001955364383,-0.044382274208493416,0.00025225465484958465
robocasa/PickPlaceCounterToBlender,23,3300393,0,learned_physics_score,8,-0.040514053634811184,-0.04042356805053942,9.048558427176417e-05
robocasa/PickPlaceCounterToBlender,23,3300393,0,learned_energy_regularized,1,-0.05521050778963429,-0.055434945812032836,0.0002244380223985487
robocasa/PickPlaceCounterToBlender,23,3300393,0,learned_energy_regularized,2,-0.0492232762642505,-0.04930465025589739,8.137399164689224e-05
robocasa/PickPlaceCounterToBlender,23,3300393,0,learned_energy_regularized,4,-0.04341495483034857,-0.04357885535347908,0.00016390052313050574
robocasa/PickPlaceCounterToBlender,23,3300393,0,learned_energy_regularized,8,-0.03977244510138665,-0.039691575886572766,8.08692148138862e-05
robocasa/PickPlaceCounterToBlender,23,3300393,0,oracle_real_utility,1,-0.05521050778963429,-0.055434945812032836,0.0002244380223985487
robocasa/PickPlaceCounterToBlender,23,3300393,0,oracle_real_utility,2,-0.04877602394814494,-0.04884955096854545,7.352702040051146e-05
robocasa/PickPlaceCounterToBlender,23,3300393,0,oracle_real_utility,4,-0.04323313754588121,-0.04337339746648772,0.00014025992060650444
robocasa/PickPlaceCounterToBlender,23,3300393,0,oracle_real_utility,8,-0.039757919710070685,-0.039666832497501706,9.108721256897989e-05
robocasa/PickPlaceCounterToBlender,23,3310400,1,learned_wam,1,-0.05824691267098722,-0.05871934464637457,0.0004724319753873496
robocasa/PickPlaceCounterToBlender,23,3310400,1,learned_wam,2,-0.052973318785038574,-0.0517146308937574,0.0012586878912811753
robocasa/PickPlaceCounterToBlender,23,3310400,1,learned_wam,4,-0.04766598215386829,-0.04732807741819391,0.00033790473567437557
robocasa/PickPlaceCounterToBlender,23,3310400,1,learned_wam,8,-0.04536804849247561,-0.04561972775147462,0.00025167925899900745
robocasa/PickPlaceCounterToBlender,23,3310400,1,learned_physics_score,1,-0.05824691267098722,-0.05871934464637457,0.0004724319753873496
robocasa/PickPlaceCounterToBlender,23,3310400,1,learned_physics_score,2,-0.052973318785038574,-0.0517146308937574,0.0012586878912811753
robocasa/PickPlaceCounterToBlender,23,3310400,1,learned_physics_score,4,-0.04766598215386829,-0.04732807741819391,0.00033790473567437557
robocasa/PickPlaceCounterToBlender,23,3310400,1,learned_physics_score,8,-0.04536804849247561,-0.04561972775147462,0.00025167925899900745
robocasa/PickPlaceCounterToBlender,23,3310400,1,learned_energy_regularized,1,-0.05824691267098723,-0.05871934464637457,0.00047243197538734266
robocasa/PickPlaceCounterToBlender,23,3310400,1,learned_energy_regularized,2,-0.05302713153184949,-0.05179248943491978,0.0012346420969297153
robocasa/PickPlaceCounterToBlender,23,3310400,1,learned_energy_regularized,4,-0.047846940439772605,-0.047506837298099014,0.00034010314167359085
robocasa/PickPlaceCounterToBlender,23,3310400,1,learned_energy_regularized,8,-0.04612448495377127,-0.04640384292516714,0.00027935797139586743
robocasa/PickPlaceCounterToBlender,23,3310400,1,oracle_real_utility,1,-0.05824691267098722,-0.05871934464637457,0.0004724319753873496
robocasa/PickPlaceCounterToBlender,23,3310400,1,oracle_real_utility,2,-0.051308525124411725,-0.05009066926536236,0.0012178558590493632
robocasa/PickPlaceCounterToBlender,23,3310400,1,oracle_real_utility,4,-0.04403220877905509,-0.043485581575189995,0.0005466272038650924
robocasa/PickPlaceCounterToBlender,23,3310400,1,oracle_real_utility,8,-0.03854042415558568,-0.03860703171593815,6.660756035246906e-05
robocasa/PickPlaceCounterToStandMixer,24,3400396,0,learned_wam,1,-0.04141672761409136,-0.040763656493950876,0.000653071120140486
robocasa/PickPlaceCounterToStandMixer,24,3400396,0,learned_wam,2,-0.035797868742001415,-0.0350429056197339,0.0007549631222675129
robocasa/PickPlaceCounterToStandMixer,24,3400396,0,learned_wam,4,-0.029528044831412217,-0.02969480210190426,0.00016675727049204198
robocasa/PickPlaceCounterToStandMixer,24,3400396,0,learned_wam,8,-0.024189681926388616,-0.024305164290706664,0.00011548236431804804
robocasa/PickPlaceCounterToStandMixer,24,3400396,0,learned_physics_score,1,-0.04141672761409136,-0.040763656493950876,0.000653071120140486
robocasa/PickPlaceCounterToStandMixer,24,3400396,0,learned_physics_score,2,-0.035797868742001415,-0.0350429056197339,0.0007549631222675129
robocasa/PickPlaceCounterToStandMixer,24,3400396,0,learned_physics_score,4,-0.029528044831412217,-0.02969480210190426,0.00016675727049204198
robocasa/PickPlaceCounterToStandMixer,24,3400396,0,learned_physics_score,8,-0.024189681926388616,-0.024305164290706664,0.00011548236431804804
robocasa/PickPlaceCounterToStandMixer,24,3400396,0,learned_energy_regularized,1,-0.04141672761409136,-0.040763656493950876,0.000653071120140486
robocasa/PickPlaceCounterToStandMixer,24,3400396,0,learned_energy_regularized,2,-0.037024162233558144,-0.036331369446338746,0.0006927927872193984
robocasa/PickPlaceCounterToStandMixer,24,3400396,0,learned_energy_regularized,4,-0.03081195488635563,-0.030957211768821737,0.000145256882466107
robocasa/PickPlaceCounterToStandMixer,24,3400396,0,learned_energy_regularized,8,-0.02455872278354633,-0.024557005165596467,1.7176179498631927e-06
robocasa/PickPlaceCounterToStandMixer,24,3400396,0,oracle_real_utility,1,-0.04141672761409136,-0.040763656493950876,0.000653071120140486
robocasa/PickPlaceCounterToStandMixer,24,3400396,0,oracle_real_utility,2,-0.03441573322909798,-0.03388951375641459,0.0005262194726833938
robocasa/PickPlaceCounterToStandMixer,24,3400396,0,oracle_real_utility,4,-0.028758196682219097,-0.02885381196340494,9.561528118584225e-05
robocasa/PickPlaceCounterToStandMixer,24,3400396,0,oracle_real_utility,8,-0.02405940263610918,-0.024101287983494573,4.188534738539321e-05
robocasa/PickPlaceCounterToStandMixer,24,3410403,1,learned_wam,1,-0.05927830106907174,-0.05937196733033873,9.366626126699334e-05
robocasa/PickPlaceCounterToStandMixer,24,3410403,1,learned_wam,2,-0.05056806423576829,-0.04981406629675665,0.0007539979390116386
robocasa/PickPlaceCounterToStandMixer,24,3410403,1,learned_wam,4,-0.04428356544085923,-0.04382346612138582,0.0004600993194734046
robocasa/PickPlaceCounterToStandMixer,24,3410403,1,learned_wam,8,-0.03847093509763571,-0.03845170910274956,1.9225994886150344e-05
robocasa/PickPlaceCounterToStandMixer,24,3410403,1,learned_physics_score,1,-0.05927830106907174,-0.05937196733033873,9.366626126699334e-05
robocasa/PickPlaceCounterToStandMixer,24,3410403,1,learned_physics_score,2,-0.05056806423576829,-0.04981406629675665,0.0007539979390116386
robocasa/PickPlaceCounterToStandMixer,24,3410403,1,learned_physics_score,4,-0.04428356544085923,-0.04382346612138582,0.0004600993194734046
robocasa/PickPlaceCounterToStandMixer,24,3410403,1,learned_physics_score,8,-0.03847093509763571,-0.03845170910274956,1.9225994886150344e-05
robocasa/PickPlaceCounterToStandMixer,24,3410403,1,learned_energy_regularized,1,-0.05927830106907174,-0.05937196733033873,9.366626126699334e-05
robocasa/PickPlaceCounterToStandMixer,24,3410403,1,learned_energy_regularized,2,-0.05168055880096897,-0.05069935683713966,0.000981201963829316
robocasa/PickPlaceCounterToStandMixer,24,3410403,1,learned_energy_regularized,4,-0.046055326407657554,-0.045722917335552796,0.00033240907210475845
robocasa/PickPlaceCounterToStandMixer,24,3410403,1,learned_energy_regularized,8,-0.04170790507790327,-0.04169555304039243,1.2352037510841851e-05
robocasa/PickPlaceCounterToStandMixer,24,3410403,1,oracle_real_utility,1,-0.05927830106907174,-0.05937196733033873,9.366626126699334e-05
robocasa/PickPlaceCounterToStandMixer,24,3410403,1,oracle_real_utility,2,-0.04900558758146473,-0.04832004941902652,0.0006855381624382081
robocasa/PickPlaceCounterToStandMixer,24,3410403,1,oracle_real_utility,4,-0.04151202872409847,-0.04112661533478148,0.0003854133893169895
robocasa/PickPlaceCounterToStandMixer,24,3410403,1,oracle_real_utility,8,-0.036700904815266965,-0.03674588872948155,4.498391421458442e-05
robocasa/PickPlaceCounterToToasterOven,25,3500399,0,learned_wam,1,-0.06660197166203723,-0.06664081160597032,3.88399439330972e-05
robocasa/PickPlaceCounterToToasterOven,25,3500399,0,learned_wam,2,-0.06174916365852324,-0.06184628855212244,9.712489359919863e-05
robocasa/PickPlaceCounterToToasterOven,25,3500399,0,learned_wam,4,-0.05802442244416368,-0.05779624428651004,0.0002281781576536357
robocasa/PickPlaceCounterToToasterOven,25,3500399,0,learned_wam,8,-0.054012803140182385,-0.053909403675717324,0.00010339946446506071
robocasa/PickPlaceCounterToToasterOven,25,3500399,0,learned_physics_score,1,-0.06660197166203723,-0.06664081160597032,3.88399439330972e-05
robocasa/PickPlaceCounterToToasterOven,25,3500399,0,learned_physics_score,2,-0.06174916365852324,-0.06184628855212244,9.712489359919863e-05
robocasa/PickPlaceCounterToToasterOven,25,3500399,0,learned_physics_score,4,-0.05802442244416368,-0.05779624428651004,0.0002281781576536357
robocasa/PickPlaceCounterToToasterOven,25,3500399,0,learned_physics_score,8,-0.054012803140182385,-0.053909403675717324,0.00010339946446506071
robocasa/PickPlaceCounterToToasterOven,25,3500399,0,learned_energy_regularized,1,-0.06660197166203723,-0.06664081160597032,3.88399439330972e-05
robocasa/PickPlaceCounterToToasterOven,25,3500399,0,learned_energy_regularized,2,-0.05930164804049002,-0.05959218348855016,0.0002905354480601391
robocasa/PickPlaceCounterToToasterOven,25,3500399,0,learned_energy_regularized,4,-0.05552958891974737,-0.05511313033486059,0.00041645858488678633
robocasa/PickPlaceCounterToToasterOven,25,3500399,0,learned_energy_regularized,8,-0.05299007389082783,-0.05302037048954537,3.0296598717539924e-05
robocasa/PickPlaceCounterToToasterOven,25,3500399,0,oracle_real_utility,1,-0.06660197166203721,-0.06664081160597032,3.8839943933111076e-05
robocasa/PickPlaceCounterToToasterOven,25,3500399,0,oracle_real_utility,2,-0.0580924963179645,-0.05833264423127217,0.00024014791330766866
robocasa/PickPlaceCounterToToasterOven,25,3500399,0,oracle_real_utility,4,-0.052398544487172946,-0.05224217222092257,0.00015637226625037776
robocasa/PickPlaceCounterToToasterOven,25,3500399,0,oracle_real_utility,8,-0.04921473797018197,-0.04912352676719945,9.121120298252045e-05
robocasa/PickPlaceCounterToToasterOven,25,3510406,1,learned_wam,1,-0.04695160889448761,-0.046250218682369,0.0007013902121186105
robocasa/PickPlaceCounterToToasterOven,25,3510406,1,learned_wam,2,-0.03900542802199567,-0.03876734717477595,0.00023808084721971962
robocasa/PickPlaceCounterToToasterOven,25,3510406,1,learned_wam,4,-0.03349060699598621,-0.03370757707749992,0.00021697008151370933
robocasa/PickPlaceCounterToToasterOven,25,3510406,1,learned_wam,8,-0.030627744441951175,-0.030825110803118044,0.00019736636116686815
robocasa/PickPlaceCounterToToasterOven,25,3510406,1,learned_physics_score,1,-0.04695160889448761,-0.046250218682369,0.0007013902121186105
robocasa/PickPlaceCounterToToasterOven,25,3510406,1,learned_physics_score,2,-0.03900542802199567,-0.03876734717477595,0.00023808084721971962
robocasa/PickPlaceCounterToToasterOven,25,3510406,1,learned_physics_score,4,-0.03349060699598621,-0.03370757707749992,0.00021697008151370933
robocasa/PickPlaceCounterToToasterOven,25,3510406,1,learned_physics_score,8,-0.030627744441951175,-0.030825110803118044,0.00019736636116686815
robocasa/PickPlaceCounterToToasterOven,25,3510406,1,learned_energy_regularized,1,-0.04695160889448761,-0.046250218682369,0.0007013902121186105
robocasa/PickPlaceCounterToToasterOven,25,3510406,1,learned_energy_regularized,2,-0.039712041559198295,-0.039332638004538054,0.0003794035546602417
robocasa/PickPlaceCounterToToasterOven,25,3510406,1,learned_energy_regularized,4,-0.034561568138308935,-0.03477032383745267,0.00020875569914373393
robocasa/PickPlaceCounterToToasterOven,25,3510406,1,learned_energy_regularized,8,-0.030986401811258002,-0.031119062034594337,0.00013266022333633526
robocasa/PickPlaceCounterToToasterOven,25,3510406,1,oracle_real_utility,1,-0.04695160889448761,-0.046250218682369,0.0007013902121186105
robocasa/PickPlaceCounterToToasterOven,25,3510406,1,oracle_real_utility,2,-0.03808689695529086,-0.03781896837194796,0.00026792858334290237
robocasa/PickPlaceCounterToToasterOven,25,3510406,1,oracle_real_utility,4,-0.03181793861072288,-0.032051956272853635,0.00023401766213075603
robocasa/PickPlaceCounterToToasterOven,25,3510406,1,oracle_real_utility,8,-0.028579341757202475,-0.028637743074099893,5.840131689741762e-05
robocasa/PickPlaceDrawerToCounter,26,3600402,0,learned_wam,1,-0.04267694160816976,-0.04264213749456462,3.4804113605138576e-05
robocasa/PickPlaceDrawerToCounter,26,3600402,0,learned_wam,2,-0.034605194736486364,-0.034002817373062204,0.00060237736342416
robocasa/PickPlaceDrawerToCounter,26,3600402,0,learned_wam,4,-0.03062617565119486,-0.030687301117700124,6.112546650526365e-05
robocasa/PickPlaceDrawerToCounter,26,3600402,0,learned_wam,8,-0.029299721304081563,-0.029053787387411323,0.00024593391667024
robocasa/PickPlaceDrawerToCounter,26,3600402,0,learned_physics_score,1,-0.04267694160816976,-0.04264213749456462,3.4804113605138576e-05
robocasa/PickPlaceDrawerToCounter,26,3600402,0,learned_physics_score,2,-0.034605194736486364,-0.034002817373062204,0.00060237736342416
robocasa/PickPlaceDrawerToCounter,26,3600402,0,learned_physics_score,4,-0.03062617565119486,-0.030687301117700124,6.112546650526365e-05
robocasa/PickPlaceDrawerToCounter,26,3600402,0,learned_physics_score,8,-0.029299721304081563,-0.029053787387411323,0.00024593391667024
robocasa/PickPlaceDrawerToCounter,26,3600402,0,learned_energy_regularized,1,-0.04267694160816976,-0.04264213749456462,3.4804113605138576e-05
robocasa/PickPlaceDrawerToCounter,26,3600402,0,learned_energy_regularized,2,-0.03519736638492196,-0.03451445367731057,0.0006829127076113939
robocasa/PickPlaceDrawerToCounter,26,3600402,0,learned_energy_regularized,4,-0.030857492701365022,-0.030952594016199278,9.51013148342561e-05
robocasa/PickPlaceDrawerToCounter,26,3600402,0,learned_energy_regularized,8,-0.029306554644674968,-0.02907273688016126,0.00023381776451370656
robocasa/PickPlaceDrawerToCounter,26,3600402,0,oracle_real_utility,1,-0.04267694160816975,-0.04264213749456462,3.48041136051247e-05
robocasa/PickPlaceDrawerToCounter,26,3600402,0,oracle_real_utility,2,-0.03389906216991975,-0.033277095162315674,0.0006219670076040781
robocasa/PickPlaceDrawerToCounter,26,3600402,0,oracle_real_utility,4,-0.028426965267679204,-0.02838489514626496,4.207012141424493e-05
robocasa/PickPlaceDrawerToCounter,26,3600402,0,oracle_real_utility,8,-0.02472652012721697,-0.02458059673513819,0.00014592339207878183
robocasa/PickPlaceDrawerToCounter,26,3610409,1,learned_wam,1,-0.05084592081087563,-0.05072998408047812,0.00011593673039751035
robocasa/PickPlaceDrawerToCounter,26,3610409,1,learned_wam,2,-0.04454842376664911,-0.04445621172395296,9.221204269614647e-05
robocasa/PickPlaceDrawerToCounter,26,3610409,1,learned_wam,4,-0.03871220005500811,-0.03883882323243254,0.00012662317742442863
robocasa/PickPlaceDrawerToCounter,26,3610409,1,learned_wam,8,-0.03445493144774636,-0.03468517006762877,0.00023023861988240996
robocasa/PickPlaceDrawerToCounter,26,3610409,1,learned_physics_score,1,-0.05084592081087563,-0.05072998408047812,0.00011593673039751035
robocasa/PickPlaceDrawerToCounter,26,3610409,1,learned_physics_score,2,-0.04454842376664911,-0.04445621172395296,9.221204269614647e-05
robocasa/PickPlaceDrawerToCounter,26,3610409,1,learned_physics_score,4,-0.03871220005500811,-0.03883882323243254,0.00012662317742442863
robocasa/PickPlaceDrawerToCounter,26,3610409,1,learned_physics_score,8,-0.03445493144774636,-0.03468517006762877,0.00023023861988240996
robocasa/PickPlaceDrawerToCounter,26,3610409,1,learned_energy_regularized,1,-0.05084592081087564,-0.05072998408047812,0.00011593673039751728
robocasa/PickPlaceDrawerToCounter,26,3610409,1,learned_energy_regularized,2,-0.04830934008422564,-0.04824496574794081,6.43743362848323e-05
robocasa/PickPlaceDrawerToCounter,26,3610409,1,learned_energy_regularized,4,-0.047977391751510806,-0.04878148137477747,0.0008040896232666614
robocasa/PickPlaceDrawerToCounter,26,3610409,1,learned_energy_regularized,8,-0.04948792141400622,-0.04982831762245626,0.00034039620845003477
robocasa/PickPlaceDrawerToCounter,26,3610409,1,oracle_real_utility,1,-0.05084592081087564,-0.05072998408047812,0.00011593673039751728
robocasa/PickPlaceDrawerToCounter,26,3610409,1,oracle_real_utility,2,-0.04418965233735363,-0.04413250781853626,5.71445188173661e-05
robocasa/PickPlaceDrawerToCounter,26,3610409,1,oracle_real_utility,4,-0.03833003493146454,-0.03840166863290802,7.163370144347425e-05
robocasa/PickPlaceDrawerToCounter,26,3610409,1,oracle_real_utility,8,-0.03437307809409166,-0.03459895969466393,0.0002258816005722697
robocasa/PickPlaceMicrowaveToCounter,27,3700405,0,learned_wam,1,-0.05771883966148032,-0.05860211179074201,0.0008832721292616891
robocasa/PickPlaceMicrowaveToCounter,27,3700405,0,learned_wam,2,-0.04848447926708188,-0.04850114356709668,1.6664300014797295e-05
robocasa/PickPlaceMicrowaveToCounter,27,3700405,0,learned_wam,4,-0.03807844791958088,-0.03786104364211343,0.00021740427746744923
robocasa/PickPlaceMicrowaveToCounter,27,3700405,0,learned_wam,8,-0.0304469941938361,-0.03075475317453745,0.00030775898070134824
robocasa/PickPlaceMicrowaveToCounter,27,3700405,0,learned_physics_score,1,-0.05771883966148032,-0.05860211179074201,0.0008832721292616891
robocasa/PickPlaceMicrowaveToCounter,27,3700405,0,learned_physics_score,2,-0.04848447926708188,-0.04850114356709668,1.6664300014797295e-05
robocasa/PickPlaceMicrowaveToCounter,27,3700405,0,learned_physics_score,4,-0.03807844791958088,-0.03786104364211343,0.00021740427746744923
robocasa/PickPlaceMicrowaveToCounter,27,3700405,0,learned_physics_score,8,-0.0304469941938361,-0.03075475317453745,0.00030775898070134824
robocasa/PickPlaceMicrowaveToCounter,27,3700405,0,learned_energy_regularized,1,-0.05771883966148032,-0.05860211179074201,0.0008832721292616891
robocasa/PickPlaceMicrowaveToCounter,27,3700405,0,learned_energy_regularized,2,-0.04848447926708188,-0.04850114356709668,1.6664300014797295e-05
robocasa/PickPlaceMicrowaveToCounter,27,3700405,0,learned_energy_regularized,4,-0.03807844791958088,-0.03786104364211343,0.00021740427746744923
robocasa/PickPlaceMicrowaveToCounter,27,3700405,0,learned_energy_regularized,8,-0.0304469941938361,-0.03075475317453745,0.00030775898070134824
robocasa/PickPlaceMicrowaveToCounter,27,3700405,0,oracle_real_utility,1,-0.05771883966148032,-0.05860211179074201,0.0008832721292616891
robocasa/PickPlaceMicrowaveToCounter,27,3700405,0,oracle_real_utility,2,-0.0477405698447013,-0.04769593162364366,4.4638221057637095e-05
robocasa/PickPlaceMicrowaveToCounter,27,3700405,0,oracle_real_utility,4,-0.03769631129138764,-0.037522162984428745,0.00017414830695889477
robocasa/PickPlaceMicrowaveToCounter,27,3700405,0,oracle_real_utility,8,-0.03037390948888506,-0.030640486394098623,0.00026657690521356484
robocasa/PickPlaceMicrowaveToCounter,27,3710412,1,learned_wam,1,-0.06205650473330738,-0.06138936093068302,0.0006671438026243579
robocasa/PickPlaceMicrowaveToCounter,27,3710412,1,learned_wam,2,-0.05338842225094861,-0.053260005689170886,0.00012841656177772082
robocasa/PickPlaceMicrowaveToCounter,27,3710412,1,learned_wam,4,-0.048250708381386356,-0.04835335544788766,0.00010264706650130184
robocasa/PickPlaceMicrowaveToCounter,27,3710412,1,learned_wam,8,-0.04563246433498841,-0.04564539670926054,1.29323742721274e-05
robocasa/PickPlaceMicrowaveToCounter,27,3710412,1,learned_physics_score,1,-0.06205650473330738,-0.06138936093068302,0.0006671438026243579
robocasa/PickPlaceMicrowaveToCounter,27,3710412,1,learned_physics_score,2,-0.05338842225094861,-0.053260005689170886,0.00012841656177772082
robocasa/PickPlaceMicrowaveToCounter,27,3710412,1,learned_physics_score,4,-0.048250708381386356,-0.04835335544788766,0.00010264706650130184
robocasa/PickPlaceMicrowaveToCounter,27,3710412,1,learned_physics_score,8,-0.04563246433498841,-0.04564539670926054,1.29323742721274e-05
robocasa/PickPlaceMicrowaveToCounter,27,3710412,1,learned_energy_regularized,1,-0.06205650473330738,-0.06138936093068302,0.0006671438026243579
robocasa/PickPlaceMicrowaveToCounter,27,3710412,1,learned_energy_regularized,2,-0.05343352541494772,-0.05331340783534584,0.00012011757960187636
robocasa/PickPlaceMicrowaveToCounter,27,3710412,1,learned_energy_regularized,4,-0.04840363629682083,-0.048499128873932776,9.549257711194414e-05
robocasa/PickPlaceMicrowaveToCounter,27,3710412,1,learned_energy_regularized,8,-0.04587301379741236,-0.0459008610301515,2.7847232739137973e-05
robocasa/PickPlaceMicrowaveToCounter,27,3710412,1,oracle_real_utility,1,-0.06205650473330738,-0.06138936093068302,0.0006671438026243579
robocasa/PickPlaceMicrowaveToCounter,27,3710412,1,oracle_real_utility,2,-0.05227526891808247,-0.05237932208368397,0.00010405316560149758
robocasa/PickPlaceMicrowaveToCounter,27,3710412,1,oracle_real_utility,4,-0.046925593459262165,-0.046986400280494015,6.080682123184994e-05
robocasa/PickPlaceMicrowaveToCounter,27,3710412,1,oracle_real_utility,8,-0.045281805118968795,-0.045284822122252634,3.01700328383947e-06
robocasa/CloseFridgeDrawer,28,3800408,0,learned_wam,1,-0.04974241458008876,-0.04968165314192405,6.07614381647123e-05
robocasa/CloseFridgeDrawer,28,3800408,0,learned_wam,2,-0.04117966205418642,-0.04188495071567701,0.0007052886614905898
robocasa/CloseFridgeDrawer,28,3800408,0,learned_wam,4,-0.03649561578956073,-0.03613204998452575,0.00036356580503497937
robocasa/CloseFridgeDrawer,28,3800408,0,learned_wam,8,-0.03370102764799778,-0.033738875361278634,3.7847713280851625e-05
robocasa/CloseFridgeDrawer,28,3800408,0,learned_physics_score,1,-0.04974241458008876,-0.04968165314192405,6.07614381647123e-05
robocasa/CloseFridgeDrawer,28,3800408,0,learned_physics_score,2,-0.04117966205418642,-0.04188495071567701,0.0007052886614905898
robocasa/CloseFridgeDrawer,28,3800408,0,learned_physics_score,4,-0.03649561578956073,-0.03613204998452575,0.00036356580503497937
robocasa/CloseFridgeDrawer,28,3800408,0,learned_physics_score,8,-0.03370102764799778,-0.033738875361278634,3.7847713280851625e-05
robocasa/CloseFridgeDrawer,28,3800408,0,learned_energy_regularized,1,-0.04974241458008876,-0.04968165314192405,6.07614381647123e-05
robocasa/CloseFridgeDrawer,28,3800408,0,learned_energy_regularized,2,-0.04266399832249092,-0.04363767605677314,0.0009736777342822245
robocasa/CloseFridgeDrawer,28,3800408,0,learned_energy_regularized,4,-0.036938878373164445,-0.036562600543554605,0.0003762778296098404
robocasa/CloseFridgeDrawer,28,3800408,0,learned_energy_regularized,8,-0.033761607860449495,-0.03378757221733045,2.5964356880951722e-05
robocasa/CloseFridgeDrawer,28,3800408,0,oracle_real_utility,1,-0.04974241458008877,-0.04968165314192405,6.076143816471924e-05
robocasa/CloseFridgeDrawer,28,3800408,0,oracle_real_utility,2,-0.04097397898533172,-0.04167284130431444,0.0006988623189827167
robocasa/CloseFridgeDrawer,28,3800408,0,oracle_real_utility,4,-0.03597957831675338,-0.03566890725974917,0.0003106710570042054
robocasa/CloseFridgeDrawer,28,3800408,0,oracle_real_utility,8,-0.03312327702324624,-0.03315379077852827,3.0513755282034205e-05
robocasa/CloseFridgeDrawer,28,3810415,1,learned_wam,1,-0.056883124514805296,-0.05725332766321346,0.0003702031484081672
robocasa/CloseFridgeDrawer,28,3810415,1,learned_wam,2,-0.051672261384231255,-0.05145212374565071,0.0002201376385805448
robocasa/CloseFridgeDrawer,28,3810415,1,learned_wam,4,-0.047578041591794316,-0.04725747270064883,0.00032056889114548404
robocasa/CloseFridgeDrawer,28,3810415,1,learned_wam,8,-0.044671579938122534,-0.04461217052754922,5.940941057331478e-05
robocasa/CloseFridgeDrawer,28,3810415,1,learned_physics_score,1,-0.056883124514805296,-0.05725332766321346,0.0003702031484081672
robocasa/CloseFridgeDrawer,28,3810415,1,learned_physics_score,2,-0.051672261384231255,-0.05145212374565071,0.0002201376385805448
robocasa/CloseFridgeDrawer,28,3810415,1,learned_physics_score,4,-0.047578041591794316,-0.04725747270064883,0.00032056889114548404
robocasa/CloseFridgeDrawer,28,3810415,1,learned_physics_score,8,-0.044671579938122534,-0.04461217052754922,5.940941057331478e-05
robocasa/CloseFridgeDrawer,28,3810415,1,learned_energy_regularized,1,-0.056883124514805296,-0.05725332766321346,0.0003702031484081672
robocasa/CloseFridgeDrawer,28,3810415,1,learned_energy_regularized,2,-0.05265034791981456,-0.0523231350762132,0.0003272128436013558
robocasa/CloseFridgeDrawer,28,3810415,1,learned_energy_regularized,4,-0.04852462431407473,-0.04828373208806039,0.00024089222601433868
robocasa/CloseFridgeDrawer,28,3810415,1,learned_energy_regularized,8,-0.045558621343822256,-0.0454643778538052,9.424349001705551e-05
robocasa/CloseFridgeDrawer,28,3810415,1,oracle_real_utility,1,-0.0568831245148053,-0.05725332766321346,0.00037020314840816027
robocasa/CloseFridgeDrawer,28,3810415,1,oracle_real_utility,2,-0.05097202828826878,-0.05064007948394553,0.0003319488043232524
robocasa/CloseFridgeDrawer,28,3810415,1,oracle_real_utility,4,-0.046800537867771205,-0.046342590454585705,0.0004579474131854999
robocasa/CloseFridgeDrawer,28,3810415,1,oracle_real_utility,8,-0.04376948507806919,-0.043768180107993965,1.3049700752221227e-06
robocasa/TurnOnBlender,29,3900411,0,learned_wam,1,-0.051936657172355655,-0.05217611862289732,0.00023946145054166285
robocasa/TurnOnBlender,29,3900411,0,learned_wam,2,-0.04668615957992991,-0.04682041836522273,0.00013425878529282204
robocasa/TurnOnBlender,29,3900411,0,learned_wam,4,-0.04133884400861186,-0.0417468231645222,0.000407979155910336
robocasa/TurnOnBlender,29,3900411,0,learned_wam,8,-0.035719366936357196,-0.035642793540042954,7.657339631424176e-05
robocasa/TurnOnBlender,29,3900411,0,learned_physics_score,1,-0.051936657172355655,-0.05217611862289732,0.00023946145054166285
robocasa/TurnOnBlender,29,3900411,0,learned_physics_score,2,-0.04668615957992991,-0.04682041836522273,0.00013425878529282204
robocasa/TurnOnBlender,29,3900411,0,learned_physics_score,4,-0.04133884400861186,-0.0417468231645222,0.000407979155910336
robocasa/TurnOnBlender,29,3900411,0,learned_physics_score,8,-0.035719366936357196,-0.035642793540042954,7.657339631424176e-05
robocasa/TurnOnBlender,29,3900411,0,learned_energy_regularized,1,-0.051936657172355655,-0.05217611862289732,0.00023946145054166285
robocasa/TurnOnBlender,29,3900411,0,learned_energy_regularized,2,-0.04719699745992754,-0.04724576074859199,4.876328866445373e-05
robocasa/TurnOnBlender,29,3900411,0,learned_energy_regularized,4,-0.04018395041856854,-0.04061122978088982,0.0004272793623212798
robocasa/TurnOnBlender,29,3900411,0,learned_energy_regularized,8,-0.03373578200837005,-0.03364321304626149,9.256896210855375e-05
robocasa/TurnOnBlender,29,3900411,0,oracle_real_utility,1,-0.051936657172355655,-0.05217611862289732,0.00023946145054166285
robocasa/TurnOnBlender,29,3900411,0,oracle_real_utility,2,-0.045255789960887895,-0.04540997091507796,0.00015418095419006406
robocasa/TurnOnBlender,29,3900411,0,oracle_real_utility,4,-0.038785417232872786,-0.03915038467089589,0.00036496743802310466
robocasa/TurnOnBlender,29,3900411,0,oracle_real_utility,8,-0.03322580045297162,-0.03312729660832794,9.850384464368117e-05
robocasa/TurnOnBlender,29,3910418,1,learned_wam,1,-0.056355953737376556,-0.056376254396990975,2.0300659614419514e-05
robocasa/TurnOnBlender,29,3910418,1,learned_wam,2,-0.05085418136831656,-0.051171697191923785,0.00031751582360722147
robocasa/TurnOnBlender,29,3910418,1,learned_wam,4,-0.04709105726236702,-0.04700968751752887,8.136974483815423e-05
robocasa/TurnOnBlender,29,3910418,1,learned_wam,8,-0.04693311787760429,-0.04690301497293068,3.010290467361093e-05
robocasa/TurnOnBlender,29,3910418,1,learned_physics_score,1,-0.056355953737376556,-0.056376254396990975,2.0300659614419514e-05
robocasa/TurnOnBlender,29,3910418,1,learned_physics_score,2,-0.05085418136831656,-0.051171697191923785,0.00031751582360722147
robocasa/TurnOnBlender,29,3910418,1,learned_physics_score,4,-0.04709105726236702,-0.04700968751752887,8.136974483815423e-05
robocasa/TurnOnBlender,29,3910418,1,learned_physics_score,8,-0.04693311787760429,-0.04690301497293068,3.010290467361093e-05
robocasa/TurnOnBlender,29,3910418,1,learned_energy_regularized,1,-0.05635595373737656,-0.056376254396990975,2.0300659614412575e-05
robocasa/TurnOnBlender,29,3910418,1,learned_energy_regularized,2,-0.050621285234009106,-0.05113622890693402,0.000514943672924914
robocasa/TurnOnBlender,29,3910418,1,learned_energy_regularized,4,-0.04487612810968067,-0.04515625462666233,0.0002801265169816644
robocasa/TurnOnBlender,29,3910418,1,learned_energy_regularized,8,-0.04073582038205539,-0.040560219050956574,0.00017560133109881942
robocasa/TurnOnBlender,29,3910418,1,oracle_real_utility,1,-0.056355953737376556,-0.056376254396990975,2.0300659614419514e-05
robocasa/TurnOnBlender,29,3910418,1,oracle_real_utility,2,-0.05000065890223304,-0.05035615319102653,0.000355494288793487
robocasa/TurnOnBlender,29,3910418,1,oracle_real_utility,4,-0.04445962500636691,-0.04467323781339902,0.00021361280703210972
robocasa/TurnOnBlender,29,3910418,1,oracle_real_utility,8,-0.04069484356189537,-0.04053573141147862,0.00015911215041675142
robocasa/PickPlaceCabinetToCounter,30,4000414,0,learned_wam,1,-0.05769596663124883,-0.057787470737928205,9.150410667937287e-05
robocasa/PickPlaceCabinetToCounter,30,4000414,0,learned_wam,2,-0.05399745278237026,-0.05320001651702752,0.0007974362653427394
robocasa/PickPlaceCabinetToCounter,30,4000414,0,learned_wam,4,-0.050243657932218244,-0.04976261566264269,0.0004810422695755573
robocasa/PickPlaceCabinetToCounter,30,4000414,0,learned_wam,8,-0.04788561090976668,-0.04787218637505207,1.3424534714610858e-05
robocasa/PickPlaceCabinetToCounter,30,4000414,0,learned_physics_score,1,-0.05769596663124883,-0.057787470737928205,9.150410667937287e-05
robocasa/PickPlaceCabinetToCounter,30,4000414,0,learned_physics_score,2,-0.05399745278237026,-0.05320001651702752,0.0007974362653427394
robocasa/PickPlaceCabinetToCounter,30,4000414,0,learned_physics_score,4,-0.050243657932218244,-0.04976261566264269,0.0004810422695755573
robocasa/PickPlaceCabinetToCounter,30,4000414,0,learned_physics_score,8,-0.04788561090976668,-0.04787218637505207,1.3424534714610858e-05
robocasa/PickPlaceCabinetToCounter,30,4000414,0,learned_energy_regularized,1,-0.057695966631248825,-0.057787470737928205,9.15041066793798e-05
robocasa/PickPlaceCabinetToCounter,30,4000414,0,learned_energy_regularized,2,-0.05248792926908429,-0.05170923454043634,0.0007786947286479509
robocasa/PickPlaceCabinetToCounter,30,4000414,0,learned_energy_regularized,4,-0.048110718178335704,-0.04792333977164381,0.00018737840669189737
robocasa/PickPlaceCabinetToCounter,30,4000414,0,learned_energy_regularized,8,-0.046612140600116446,-0.046694398622667874,8.225802255142772e-05
robocasa/PickPlaceCabinetToCounter,30,4000414,0,oracle_real_utility,1,-0.05769596663124883,-0.057787470737928205,9.150410667937287e-05
robocasa/PickPlaceCabinetToCounter,30,4000414,0,oracle_real_utility,2,-0.0515917831509476,-0.050850808427766764,0.0007409747231808331
robocasa/PickPlaceCabinetToCounter,30,4000414,0,oracle_real_utility,4,-0.04653288187008343,-0.04639135190851214,0.00014152996157128922
robocasa/PickPlaceCabinetToCounter,30,4000414,0,oracle_real_utility,8,-0.043920213195630574,-0.04394934724012749,2.9134044496913203e-05
robocasa/PickPlaceCabinetToCounter,30,4010421,1,learned_wam,1,-0.04690159779201452,-0.04610083398892696,0.0008007638030875577
robocasa/PickPlaceCabinetToCounter,30,4010421,1,learned_wam,2,-0.036553603464663964,-0.03696220528535073,0.0004086018206867631
robocasa/PickPlaceCabinetToCounter,30,4010421,1,learned_wam,4,-0.02895797602713264,-0.028782195660309696,0.00017578036682294393
robocasa/PickPlaceCabinetToCounter,30,4010421,1,learned_wam,8,-0.025083034243047145,-0.0251400307882874,5.699654524025585e-05
robocasa/PickPlaceCabinetToCounter,30,4010421,1,learned_physics_score,1,-0.04690159779201452,-0.04610083398892696,0.0008007638030875577
robocasa/PickPlaceCabinetToCounter,30,4010421,1,learned_physics_score,2,-0.036553603464663964,-0.03696220528535073,0.0004086018206867631
robocasa/PickPlaceCabinetToCounter,30,4010421,1,learned_physics_score,4,-0.02895797602713264,-0.028782195660309696,0.00017578036682294393
robocasa/PickPlaceCabinetToCounter,30,4010421,1,learned_physics_score,8,-0.025083034243047145,-0.0251400307882874,5.699654524025585e-05
robocasa/PickPlaceCabinetToCounter,30,4010421,1,learned_energy_regularized,1,-0.04690159779201452,-0.04610083398892696,0.0008007638030875577
robocasa/PickPlaceCabinetToCounter,30,4010421,1,learned_energy_regularized,2,-0.03604877167216772,-0.036503499381476734,0.0004547277093090163
robocasa/PickPlaceCabinetToCounter,30,4010421,1,learned_energy_regularized,4,-0.027964916950710926,-0.027996569881739944,3.165293102901784e-05
robocasa/PickPlaceCabinetToCounter,30,4010421,1,learned_energy_regularized,8,-0.02472630015403415,-0.024881343837662825,0.00015504368362867504
robocasa/PickPlaceCabinetToCounter,30,4010421,1,oracle_real_utility,1,-0.04690159779201451,-0.04610083398892696,0.0008007638030875508
robocasa/PickPlaceCabinetToCounter,30,4010421,1,oracle_real_utility,2,-0.03528679444236783,-0.03566565890096376,0.0003788644585959247
robocasa/PickPlaceCabinetToCounter,30,4010421,1,oracle_real_utility,4,-0.02664638899219008,-0.026580650733843497,6.573825834658292e-05
robocasa/PickPlaceCabinetToCounter,30,4010421,1,oracle_real_utility,8,-0.021902330773705726,-0.022136744172606106,0.00023441339890038076
robocasa/PickPlaceSinkToCounter,31,4100417,0,learned_wam,1,-0.057186787115641374,-0.05741499855087516,0.0002282114352337855
robocasa/PickPlaceSinkToCounter,31,4100417,0,learned_wam,2,-0.04951861058233281,-0.049169339490151114,0.000349271092181698
robocasa/PickPlaceSinkToCounter,31,4100417,0,learned_wam,4,-0.04331129235288673,-0.04295666247834646,0.00035462987454026873
robocasa/PickPlaceSinkToCounter,31,4100417,0,learned_wam,8,-0.038744331364585466,-0.03901785103173227,0.0002735196671468029
robocasa/PickPlaceSinkToCounter,31,4100417,0,learned_physics_score,1,-0.057186787115641374,-0.05741499855087516,0.0002282114352337855
robocasa/PickPlaceSinkToCounter,31,4100417,0,learned_physics_score,2,-0.04951861058233281,-0.049169339490151114,0.000349271092181698
robocasa/PickPlaceSinkToCounter,31,4100417,0,learned_physics_score,4,-0.04331129235288673,-0.04295666247834646,0.00035462987454026873
robocasa/PickPlaceSinkToCounter,31,4100417,0,learned_physics_score,8,-0.038744331364585466,-0.03901785103173227,0.0002735196671468029
robocasa/PickPlaceSinkToCounter,31,4100417,0,learned_energy_regularized,1,-0.05718678711564136,-0.05741499855087516,0.0002282114352337994
robocasa/PickPlaceSinkToCounter,31,4100417,0,learned_energy_regularized,2,-0.050218269888449005,-0.049876682760038704,0.0003415871284103006
robocasa/PickPlaceSinkToCounter,31,4100417,0,learned_energy_regularized,4,-0.0438379171136896,-0.04361597655764073,0.00022194055604887047
robocasa/PickPlaceSinkToCounter,31,4100417,0,learned_energy_regularized,8,-0.03880045923127286,-0.039121611044778536,0.0003211518135056782
robocasa/PickPlaceSinkToCounter,31,4100417,0,oracle_real_utility,1,-0.057186787115641374,-0.05741499855087516,0.0002282114352337855
robocasa/PickPlaceSinkToCounter,31,4100417,0,oracle_real_utility,2,-0.04884735417688854,-0.048699689922183535,0.00014766425470500583
robocasa/PickPlaceSinkToCounter,31,4100417,0,oracle_real_utility,4,-0.04217883609252454,-0.04189767874630263,0.0002811573462219094
robocasa/PickPlaceSinkToCounter,31,4100417,0,oracle_real_utility,8,-0.03719283232361493,-0.037399758164981964,0.00020692584136703523
robocasa/PickPlaceSinkToCounter,31,4110424,1,learned_wam,1,-0.060553816845258394,-0.0601896169786953,0.00036419986656309467
robocasa/PickPlaceSinkToCounter,31,4110424,1,learned_wam,2,-0.05337227967592052,-0.05300123553329887,0.00037104414262165153
robocasa/PickPlaceSinkToCounter,31,4110424,1,learned_wam,4,-0.05102663619681626,-0.051160773201464775,0.00013413700464851713
robocasa/PickPlaceSinkToCounter,31,4110424,1,learned_wam,8,-0.050965657091200975,-0.05096739669722292,1.7396060219485032e-06
robocasa/PickPlaceSinkToCounter,31,4110424,1,learned_physics_score,1,-0.060553816845258394,-0.0601896169786953,0.00036419986656309467
robocasa/PickPlaceSinkToCounter,31,4110424,1,learned_physics_score,2,-0.05337227967592052,-0.05300123553329887,0.00037104414262165153
robocasa/PickPlaceSinkToCounter,31,4110424,1,learned_physics_score,4,-0.05102663619681626,-0.051160773201464775,0.00013413700464851713
robocasa/PickPlaceSinkToCounter,31,4110424,1,learned_physics_score,8,-0.050965657091200975,-0.05096739669722292,1.7396060219485032e-06
robocasa/PickPlaceSinkToCounter,31,4110424,1,learned_energy_regularized,1,-0.060553816845258394,-0.0601896169786953,0.00036419986656309467
robocasa/PickPlaceSinkToCounter,31,4110424,1,learned_energy_regularized,2,-0.05441875235614807,-0.05408190204877087,0.00033685030737719973
robocasa/PickPlaceSinkToCounter,31,4110424,1,learned_energy_regularized,4,-0.05326458432017438,-0.053168121265019595,9.646305515478154e-05
robocasa/PickPlaceSinkToCounter,31,4110424,1,learned_energy_regularized,8,-0.05391410343169853,-0.05393304022582947,1.893679413093874e-05
robocasa/PickPlaceSinkToCounter,31,4110424,1,oracle_real_utility,1,-0.060553816845258394,-0.0601896169786953,0.00036419986656309467
robocasa/PickPlaceSinkToCounter,31,4110424,1,oracle_real_utility,2,-0.05213579712331151,-0.05174179990703902,0.00039399721627249307
robocasa/PickPlaceSinkToCounter,31,4110424,1,oracle_real_utility,4,-0.048157244740448385,-0.04834981551322563,0.000192570772777248
robocasa/PickPlaceSinkToCounter,31,4110424,1,oracle_real_utility,8,-0.046539383398430764,-0.046581537124954296,4.215372652353194e-05
robocasa/CleanMicrowave,32,4200420,0,learned_wam,1,-0.046331605584846565,-0.04551902671730256,0.0008125788675440032
robocasa/CleanMicrowave,32,4200420,0,learned_wam,2,-0.03932465879311058,-0.03971701776472383,0.00039235897161325056
robocasa/CleanMicrowave,32,4200420,0,learned_wam,4,-0.031382519098289444,-0.03197434020439337,0.0005918211061039236
robocasa/CleanMicrowave,32,4200420,0,learned_wam,8,-0.02525246956403856,-0.02525178925997477,6.80304063787468e-07
robocasa/CleanMicrowave,32,4200420,0,learned_physics_score,1,-0.046331605584846565,-0.04551902671730256,0.0008125788675440032
robocasa/CleanMicrowave,32,4200420,0,learned_physics_score,2,-0.03932465879311058,-0.03971701776472383,0.00039235897161325056
robocasa/CleanMicrowave,32,4200420,0,learned_physics_score,4,-0.031382519098289444,-0.03197434020439337,0.0005918211061039236
robocasa/CleanMicrowave,32,4200420,0,learned_physics_score,8,-0.02525246956403856,-0.02525178925997477,6.80304063787468e-07
robocasa/CleanMicrowave,32,4200420,0,learned_energy_regularized,1,-0.046331605584846565,-0.04551902671730256,0.0008125788675440032
robocasa/CleanMicrowave,32,4200420,0,learned_energy_regularized,2,-0.03733073731989929,-0.03750658651481087,0.0001758491949115787
robocasa/CleanMicrowave,32,4200420,0,learned_energy_regularized,4,-0.030162664856183886,-0.03038049590573443,0.00021783104955054242
robocasa/CleanMicrowave,32,4200420,0,learned_energy_regularized,8,-0.025272446056110634,-0.025229979831778812,4.24662243318219e-05
robocasa/CleanMicrowave,32,4200420,0,oracle_real_utility,1,-0.046331605584846565,-0.04551902671730256,0.0008125788675440032
robocasa/CleanMicrowave,32,4200420,0,oracle_real_utility,2,-0.036832040925327734,-0.037061274511447306,0.00022923358611957184
robocasa/CleanMicrowave,32,4200420,0,oracle_real_utility,4,-0.02933335982456308,-0.029654394274817628,0.00032103445025454674
robocasa/CleanMicrowave,32,4200420,0,oracle_real_utility,8,-0.024751075833889594,-0.024737887709980796,1.31881239087972e-05
robocasa/CleanMicrowave,32,4210427,1,learned_wam,1,-0.06547075253362059,-0.06563976386282992,0.00016901132920933704
robocasa/CleanMicrowave,32,4210427,1,learned_wam,2,-0.0556642535746206,-0.056006158390185384,0.00034190481556478636
robocasa/CleanMicrowave,32,4210427,1,learned_wam,4,-0.04838391318865815,-0.04858052029203927,0.0001966071033811176
robocasa/CleanMicrowave,32,4210427,1,learned_wam,8,-0.042727918424279865,-0.043066827709487235,0.00033890928520736996
robocasa/CleanMicrowave,32,4210427,1,learned_physics_score,1,-0.06547075253362059,-0.06563976386282992,0.00016901132920933704
robocasa/CleanMicrowave,32,4210427,1,learned_physics_score,2,-0.0556642535746206,-0.056006158390185384,0.00034190481556478636
robocasa/CleanMicrowave,32,4210427,1,learned_physics_score,4,-0.04838391318865815,-0.04858052029203927,0.0001966071033811176
robocasa/CleanMicrowave,32,4210427,1,learned_physics_score,8,-0.042727918424279865,-0.043066827709487235,0.00033890928520736996
robocasa/CleanMicrowave,32,4210427,1,learned_energy_regularized,1,-0.06547075253362057,-0.06563976386282992,0.0001690113292093509
robocasa/CleanMicrowave,32,4210427,1,learned_energy_regularized,2,-0.055756129387926644,-0.056098994878476846,0.0003428654905502024
robocasa/CleanMicrowave,32,4210427,1,learned_energy_regularized,4,-0.04881190557452239,-0.049039411817271,0.00022750624274860826
robocasa/CleanMicrowave,32,4210427,1,learned_energy_regularized,8,-0.04329311312027441,-0.04364969188643392,0.0003565787661595071
robocasa/CleanMicrowave,32,4210427,1,oracle_real_utility,1,-0.06547075253362059,-0.06563976386282992,0.00016901132920933704
robocasa/CleanMicrowave,32,4210427,1,oracle_real_utility,2,-0.05525052956965668,-0.05557847549610625,0.000327945926449566
robocasa/CleanMicrowave,32,4210427,1,oracle_real_utility,4,-0.04757578399431178,-0.047773238175350084,0.0001974541810383021
robocasa/CleanMicrowave,32,4210427,1,oracle_real_utility,8,-0.04196560731518263,-0.04231289811678769,0.0003472908016050602
robocasa/ClearSink,33,4300423,0,learned_wam,1,-0.04441838018953103,-0.04401702724351729,0.0004013529460137402
robocasa/ClearSink,33,4300423,0,learned_wam,2,-0.0399584604274447,-0.040324241243868,0.00036578081642330007
robocasa/ClearSink,33,4300423,0,learned_wam,4,-0.03747493432531038,-0.03757413063671001,9.919631139963109e-05
robocasa/ClearSink,33,4300423,0,learned_wam,8,-0.034662876847352066,-0.034600790633950426,6.20862134016395e-05
robocasa/ClearSink,33,4300423,0,learned_physics_score,1,-0.04441838018953103,-0.04401702724351729,0.0004013529460137402
robocasa/ClearSink,33,4300423,0,learned_physics_score,2,-0.0399584604274447,-0.040324241243868,0.00036578081642330007
robocasa/ClearSink,33,4300423,0,learned_physics_score,4,-0.03747493432531038,-0.03757413063671001,9.919631139963109e-05
robocasa/ClearSink,33,4300423,0,learned_physics_score,8,-0.034662876847352066,-0.034600790633950426,6.20862134016395e-05
robocasa/ClearSink,33,4300423,0,learned_energy_regularized,1,-0.04441838018953102,-0.04401702724351729,0.0004013529460137333
robocasa/ClearSink,33,4300423,0,learned_energy_regularized,2,-0.04087308521076205,-0.041093241434703685,0.0002201562239416352
robocasa/ClearSink,33,4300423,0,learned_energy_regularized,4,-0.04109519341054384,-0.041153586156749196,5.839274620535878e-05
robocasa/ClearSink,33,4300423,0,learned_energy_regularized,8,-0.04289694865790327,-0.042876805482732025,2.014317517124581e-05
robocasa/ClearSink,33,4300423,0,oracle_real_utility,1,-0.04441838018953103,-0.04401702724351729,0.0004013529460137402
robocasa/ClearSink,33,4300423,0,oracle_real_utility,2,-0.03799948713671134,-0.03846158991533839,0.0004621027786270507
robocasa/ClearSink,33,4300423,0,oracle_real_utility,4,-0.033572633775741795,-0.03354988915756006,2.2744618181733123e-05
robocasa/ClearSink,33,4300423,0,oracle_real_utility,8,-0.03125593253137451,-0.03123583825509145,2.009427628305721e-05
robocasa/ClearSink,33,4310430,1,learned_wam,1,-0.05323342725104593,-0.05435268070131056,0.0011192534502646317
robocasa/ClearSink,33,4310430,1,learned_wam,2,-0.04256628106545636,-0.04260000147088114,3.3720405424778055e-05
robocasa/ClearSink,33,4310430,1,learned_wam,4,-0.033006058258720106,-0.03245533265977133,0.0005507255989487744
robocasa/ClearSink,33,4310430,1,learned_wam,8,-0.026858487205468545,-0.02691106939444518,5.258218897663536e-05
robocasa/ClearSink,33,4310430,1,learned_physics_score,1,-0.05323342725104593,-0.05435268070131056,0.0011192534502646317
robocasa/ClearSink,33,4310430,1,learned_physics_score,2,-0.04256628106545636,-0.04260000147088114,3.3720405424778055e-05
robocasa/ClearSink,33,4310430,1,learned_physics_score,4,-0.033006058258720106,-0.03245533265977133,0.0005507255989487744
robocasa/ClearSink,33,4310430,1,learned_physics_score,8,-0.026858487205468545,-0.02691106939444518,5.258218897663536e-05
robocasa/ClearSink,33,4310430,1,learned_energy_regularized,1,-0.05323342725104593,-0.05435268070131056,0.0011192534502646317
robocasa/ClearSink,33,4310430,1,learned_energy_regularized,2,-0.04473379970733064,-0.04488840882519687,0.00015460911786622372
robocasa/ClearSink,33,4310430,1,learned_energy_regularized,4,-0.03476991438249495,-0.03405936301486858,0.0007105513676263706
robocasa/ClearSink,33,4310430,1,learned_energy_regularized,8,-0.027187322040006432,-0.02732975346634493,0.00014243142633849765
robocasa/ClearSink,33,4310430,1,oracle_real_utility,1,-0.05323342725104593,-0.05435268070131056,0.0011192534502646317
robocasa/ClearSink,33,4310430,1,oracle_real_utility,2,-0.042485707609103376,-0.04251491590097238,2.9208291869003977e-05
robocasa/ClearSink,33,4310430,1,oracle_real_utility,4,-0.032997245536931494,-0.03243728420554825,0.0005599613313832449
robocasa/ClearSink,33,4310430,1,oracle_real_utility,8,-0.0268584481703239,-0.02691106939444518,5.2621224121279786e-05
robocasa/ClearCuttingBoard,34,4400426,0,learned_wam,1,-0.05414334940702855,-0.053834461090892106,0.00030888831613644363
robocasa/ClearCuttingBoard,34,4400426,0,learned_wam,2,-0.05092716897018479,-0.05124886639540818,0.00032169742522339395
robocasa/ClearCuttingBoard,34,4400426,0,learned_wam,4,-0.04760970060335136,-0.04762378626211415,1.4085658762791331e-05
robocasa/ClearCuttingBoard,34,4400426,0,learned_wam,8,-0.0459043899528728,-0.045984077913352524,7.968796047972543e-05
robocasa/ClearCuttingBoard,34,4400426,0,learned_physics_score,1,-0.05414334940702855,-0.053834461090892106,0.00030888831613644363
robocasa/ClearCuttingBoard,34,4400426,0,learned_physics_score,2,-0.05092716897018479,-0.05124886639540818,0.00032169742522339395
robocasa/ClearCuttingBoard,34,4400426,0,learned_physics_score,4,-0.04760970060335136,-0.04762378626211415,1.4085658762791331e-05
robocasa/ClearCuttingBoard,34,4400426,0,learned_physics_score,8,-0.0459043899528728,-0.045984077913352524,7.968796047972543e-05
robocasa/ClearCuttingBoard,34,4400426,0,learned_energy_regularized,1,-0.05414334940702856,-0.053834461090892106,0.00030888831613645057
robocasa/ClearCuttingBoard,34,4400426,0,learned_energy_regularized,2,-0.05388638102070784,-0.05387491510588614,1.146591482169973e-05
robocasa/ClearCuttingBoard,34,4400426,0,learned_energy_regularized,4,-0.05114347411957952,-0.05153373690072051,0.00039026278114098756
robocasa/ClearCuttingBoard,34,4400426,0,learned_energy_regularized,8,-0.04725432372964435,-0.04732436479817142,7.004106852706582e-05
robocasa/ClearCuttingBoard,34,4400426,0,oracle_real_utility,1,-0.05414334940702855,-0.053834461090892106,0.00030888831613644363
robocasa/ClearCuttingBoard,34,4400426,0,oracle_real_utility,2,-0.049554073056366596,-0.04984965824431233,0.00029558518794573635
robocasa/ClearCuttingBoard,34,4400426,0,oracle_real_utility,4,-0.04647536840529734,-0.04647368931708608,1.6790882112621697e-06
robocasa/ClearCuttingBoard,34,4400426,0,oracle_real_utility,8,-0.04500236389233016,-0.044979011091986536,2.3352800343622027e-05
robocasa/ClearCuttingBoard,34,4410433,1,learned_wam,1,-0.04170381882392694,-0.04191534355163424,0.0002115247277073018
robocasa/ClearCuttingBoard,34,4410433,1,learned_wam,2,-0.03565665635244409,-0.03572387527750756,6.72189250634711e-05
robocasa/ClearCuttingBoard,34,4410433,1,learned_wam,4,-0.026910266172680414,-0.026883384563502435,2.6881609177978327e-05
robocasa/ClearCuttingBoard,34,4410433,1,learned_wam,8,-0.017320319460411068,-0.01662529319109428,0.000695026269316789
robocasa/ClearCuttingBoard,34,4410433,1,learned_physics_score,1,-0.04170381882392694,-0.04191534355163424,0.0002115247277073018
robocasa/ClearCuttingBoard,34,4410433,1,learned_physics_score,2,-0.03565665635244409,-0.03572387527750756,6.72189250634711e-05
robocasa/ClearCuttingBoard,34,4410433,1,learned_physics_score,4,-0.026910266172680414,-0.026883384563502435,2.6881609177978327e-05
robocasa/ClearCuttingBoard,34,4410433,1,learned_physics_score,8,-0.017320319460411068,-0.01662529319109428,0.000695026269316789
robocasa/ClearCuttingBoard,34,4410433,1,learned_energy_regularized,1,-0.041703818823926944,-0.04191534355163424,0.00021152472770729486
robocasa/ClearCuttingBoard,34,4410433,1,learned_energy_regularized,2,-0.03536093310897524,-0.03572820472160642,0.0003672716126311773
robocasa/ClearCuttingBoard,34,4410433,1,learned_energy_regularized,4,-0.026429504608862404,-0.02648201540819086,5.251079932845626e-05
robocasa/ClearCuttingBoard,34,4410433,1,learned_energy_regularized,8,-0.017260401878084412,-0.01658702828792085,0.0006733735901635618
robocasa/ClearCuttingBoard,34,4410433,1,oracle_real_utility,1,-0.04170381882392694,-0.04191534355163424,0.0002115247277073018
robocasa/ClearCuttingBoard,34,4410433,1,oracle_real_utility,2,-0.03291032764099809,-0.0330911221520285,0.00018079451103041044
robocasa/ClearCuttingBoard,34,4410433,1,oracle_real_utility,4,-0.024412083714490666,-0.024599730472985974,0.00018764675849530787
robocasa/ClearCuttingBoard,34,4410433,1,oracle_real_utility,8,-0.01573920561666942,-0.01506878433367243,0.0006704212829969896
robocasa/RinseCuttingBoard,35,4500429,0,learned_wam,1,-0.05833520806007272,-0.057726588985106346,0.0006086190749663711
robocasa/RinseCuttingBoard,35,4500429,0,learned_wam,2,-0.046467964688735486,-0.045872549893100384,0.0005954147956351019
robocasa/RinseCuttingBoard,35,4500429,0,learned_wam,4,-0.037308502106835735,-0.03705750324917554,0.00025099885766019514
robocasa/RinseCuttingBoard,35,4500429,0,learned_wam,8,-0.03195183942717301,-0.03180080602296115,0.00015103340421186023
robocasa/RinseCuttingBoard,35,4500429,0,learned_physics_score,1,-0.05833520806007272,-0.057726588985106346,0.0006086190749663711
robocasa/RinseCuttingBoard,35,4500429,0,learned_physics_score,2,-0.046467964688735486,-0.045872549893100384,0.0005954147956351019
robocasa/RinseCuttingBoard,35,4500429,0,learned_physics_score,4,-0.037308502106835735,-0.03705750324917554,0.00025099885766019514
robocasa/RinseCuttingBoard,35,4500429,0,learned_physics_score,8,-0.03195183942717301,-0.03180080602296115,0.00015103340421186023
robocasa/RinseCuttingBoard,35,4500429,0,learned_energy_regularized,1,-0.05833520806007272,-0.057726588985106346,0.0006086190749663711
robocasa/RinseCuttingBoard,35,4500429,0,learned_energy_regularized,2,-0.04878927618623033,-0.04813428347667874,0.0006549927095515912
robocasa/RinseCuttingBoard,35,4500429,0,learned_energy_regularized,4,-0.04169079240774726,-0.041033034345713634,0.0006577580620336226
robocasa/RinseCuttingBoard,35,4500429,0,learned_energy_regularized,8,-0.0372798602134345,-0.03717411472640042,0.0001057454870340771
robocasa/RinseCuttingBoard,35,4500429,0,oracle_real_utility,1,-0.05833520806007271,-0.057726588985106346,0.0006086190749663642
robocasa/RinseCuttingBoard,35,4500429,0,oracle_real_utility,2,-0.046310910218563046,-0.045706050759342656,0.0006048594592203901
robocasa/RinseCuttingBoard,35,4500429,0,oracle_real_utility,4,-0.03691337877206428,-0.03666391951815731,0.0002494592539069654
robocasa/RinseCuttingBoard,35,4500429,0,oracle_real_utility,8,-0.03092167141732072,-0.030816420166709862,0.0001052512506108591
robocasa/RinseCuttingBoard,35,4510436,1,learned_wam,1,-0.05613034517579641,-0.056212625481479046,8.2280305682636e-05
robocasa/RinseCuttingBoard,35,4510436,1,learned_wam,2,-0.04864901425831459,-0.04917497844652257,0.0005259641882079807
robocasa/RinseCuttingBoard,35,4510436,1,learned_wam,4,-0.04275262660023761,-0.04273141992559219,2.12066746454187e-05
robocasa/RinseCuttingBoard,35,4510436,1,learned_wam,8,-0.038951427947614164,-0.038965214750414714,1.3786802800550002e-05
robocasa/RinseCuttingBoard,35,4510436,1,learned_physics_score,1,-0.05613034517579641,-0.056212625481479046,8.2280305682636e-05
robocasa/RinseCuttingBoard,35,4510436,1,learned_physics_score,2,-0.04864901425831459,-0.04917497844652257,0.0005259641882079807
robocasa/RinseCuttingBoard,35,4510436,1,learned_physics_score,4,-0.04275262660023761,-0.04273141992559219,2.12066746454187e-05
robocasa/RinseCuttingBoard,35,4510436,1,learned_physics_score,8,-0.038951427947614164,-0.038965214750414714,1.3786802800550002e-05
robocasa/RinseCuttingBoard,35,4510436,1,learned_energy_regularized,1,-0.05613034517579642,-0.056212625481479046,8.228030568262906e-05
robocasa/RinseCuttingBoard,35,4510436,1,learned_energy_regularized,2,-0.053510425332110166,-0.054137005129853685,0.0006265797977435192
robocasa/RinseCuttingBoard,35,4510436,1,learned_energy_regularized,4,-0.04760126561519433,-0.047566098723452216,3.516689174211385e-05
robocasa/RinseCuttingBoard,35,4510436,1,learned_energy_regularized,8,-0.04077578322830877,-0.04066738215153323,0.00010840107677553834
robocasa/RinseCuttingBoard,35,4510436,1,oracle_real_utility,1,-0.05613034517579641,-0.056212625481479046,8.2280305682636e-05
robocasa/RinseCuttingBoard,35,4510436,1,oracle_real_utility,2,-0.04820496208332734,-0.04862478600799397,0.0004198239246666277
robocasa/RinseCuttingBoard,35,4510436,1,oracle_real_utility,4,-0.04181842921585905,-0.04181628618757671,2.1430282823378666e-06
robocasa/RinseCuttingBoard,35,4510436,1,oracle_real_utility,8,-0.03760938420763176,-0.03758620577175453,2.3178435877228842e-05
robocasa/RinseSinkBasin,36,4600432,0,learned_wam,1,-0.05181614304791123,-0.052341186392926016,0.0005250433450147834
robocasa/RinseSinkBasin,36,4600432,0,learned_wam,2,-0.04941597067169358,-0.04896984449654657,0.0004461261751470061
robocasa/RinseSinkBasin,36,4600432,0,learned_wam,4,-0.04615331205444948,-0.046414352264016,0.00026104020956652096
robocasa/RinseSinkBasin,36,4600432,0,learned_wam,8,-0.04144361065618091,-0.04163093112748996,0.00018732047130905205
robocasa/RinseSinkBasin,36,4600432,0,learned_physics_score,1,-0.05181614304791123,-0.052341186392926016,0.0005250433450147834
robocasa/RinseSinkBasin,36,4600432,0,learned_physics_score,2,-0.04941597067169358,-0.04896984449654657,0.0004461261751470061
robocasa/RinseSinkBasin,36,4600432,0,learned_physics_score,4,-0.04615331205444948,-0.046414352264016,0.00026104020956652096
robocasa/RinseSinkBasin,36,4600432,0,learned_physics_score,8,-0.04144361065618091,-0.04163093112748996,0.00018732047130905205
robocasa/RinseSinkBasin,36,4600432,0,learned_energy_regularized,1,-0.05181614304791124,-0.052341186392926016,0.0005250433450147765
robocasa/RinseSinkBasin,36,4600432,0,learned_energy_regularized,2,-0.05046293504885109,-0.05040760631804442,5.5328730806672444e-05
robocasa/RinseSinkBasin,36,4600432,0,learned_energy_regularized,4,-0.04639758604031836,-0.04640545790410859,7.871863790233358e-06
robocasa/RinseSinkBasin,36,4600432,0,learned_energy_regularized,8,-0.04139403771685032,-0.04153870154133384,0.00014466382448352633
robocasa/RinseSinkBasin,36,4600432,0,oracle_real_utility,1,-0.05181614304791123,-0.052341186392926016,0.0005250433450147834
robocasa/RinseSinkBasin,36,4600432,0,oracle_real_utility,2,-0.04731255712768394,-0.04680341053581532,0.0005091465918686186
robocasa/RinseSinkBasin,36,4600432,0,oracle_real_utility,4,-0.042881355890235964,-0.0431576525795522,0.0002762966893162383
robocasa/RinseSinkBasin,36,4600432,0,oracle_real_utility,8,-0.0388479104121475,-0.03894908492936616,0.00010117451721865928
robocasa/RinseSinkBasin,36,4610439,1,learned_wam,1,-0.03982758244121978,-0.03997541684397551,0.00014783440275572407
robocasa/RinseSinkBasin,36,4610439,1,learned_wam,2,-0.034177734755415745,-0.034575290939671245,0.00039755618425550004
robocasa/RinseSinkBasin,36,4610439,1,learned_wam,4,-0.028034975791747022,-0.02766579410348976,0.00036918168825726336
robocasa/RinseSinkBasin,36,4610439,1,learned_wam,8,-0.02383091777340066,-0.02372971454135636,0.00010120323204429807
robocasa/RinseSinkBasin,36,4610439,1,learned_physics_score,1,-0.03982758244121978,-0.03997541684397551,0.00014783440275572407
robocasa/RinseSinkBasin,36,4610439,1,learned_physics_score,2,-0.034177734755415745,-0.034575290939671245,0.00039755618425550004
robocasa/RinseSinkBasin,36,4610439,1,learned_physics_score,4,-0.028034975791747022,-0.02766579410348976,0.00036918168825726336
robocasa/RinseSinkBasin,36,4610439,1,learned_physics_score,8,-0.02383091777340066,-0.02372971454135636,0.00010120323204429807
robocasa/RinseSinkBasin,36,4610439,1,learned_energy_regularized,1,-0.039827582441219776,-0.03997541684397551,0.000147834402755731
robocasa/RinseSinkBasin,36,4610439,1,learned_energy_regularized,2,-0.03629426043898586,-0.03650395588537646,0.00020969544639059395
robocasa/RinseSinkBasin,36,4610439,1,learned_energy_regularized,4,-0.03060928896565395,-0.030071754450367423,0.000537534515286528
robocasa/RinseSinkBasin,36,4610439,1,learned_energy_regularized,8,-0.02522620539653704,-0.024971664763711945,0.0002545406328250954
robocasa/RinseSinkBasin,36,4610439,1,oracle_real_utility,1,-0.03982758244121978,-0.03997541684397551,0.00014783440275572407
robocasa/RinseSinkBasin,36,4610439,1,oracle_real_utility,2,-0.03312871809968546,-0.03346948834561363,0.0003407702459281639
robocasa/RinseSinkBasin,36,4610439,1,oracle_real_utility,4,-0.02744384640154489,-0.027139359400327762,0.0003044870012171262
robocasa/RinseSinkBasin,36,4610439,1,oracle_real_utility,8,-0.023780337869862368,-0.02368702759251361,9.331027734875777e-05
robocasa/WashFruitColander,37,4700435,0,learned_wam,1,-0.07062904164771769,-0.07091276343394282,0.00028372178622512734
robocasa/WashFruitColander,37,4700435,0,learned_wam,2,-0.0593371847311534,-0.059181616995477596,0.00015556773567580728
robocasa/WashFruitColander,37,4700435,0,learned_wam,4,-0.05144262111057826,-0.05128674001102382,0.00015588109955444462
robocasa/WashFruitColander,37,4700435,0,learned_wam,8,-0.04660921822805969,-0.046280897398814205,0.0003283208292454848
robocasa/WashFruitColander,37,4700435,0,learned_physics_score,1,-0.07062904164771769,-0.07091276343394282,0.00028372178622512734
robocasa/WashFruitColander,37,4700435,0,learned_physics_score,2,-0.0593371847311534,-0.059181616995477596,0.00015556773567580728
robocasa/WashFruitColander,37,4700435,0,learned_physics_score,4,-0.05144262111057826,-0.05128674001102382,0.00015588109955444462
robocasa/WashFruitColander,37,4700435,0,learned_physics_score,8,-0.04660921822805969,-0.046280897398814205,0.0003283208292454848
robocasa/WashFruitColander,37,4700435,0,learned_energy_regularized,1,-0.07062904164771769,-0.07091276343394282,0.00028372178622512734
robocasa/WashFruitColander,37,4700435,0,learned_energy_regularized,2,-0.05989917602398255,-0.0597391123579641,0.00016006366601845068
robocasa/WashFruitColander,37,4700435,0,learned_energy_regularized,4,-0.0519255823778533,-0.05170036560254606,0.00022521677530724232
robocasa/WashFruitColander,37,4700435,0,learned_energy_regularized,8,-0.046665675902836365,-0.0463348485629258,0.0003308273399105638
robocasa/WashFruitColander,37,4700435,0,oracle_real_utility,1,-0.07062904164771769,-0.07091276343394282,0.00028372178622512734
robocasa/WashFruitColander,37,4700435,0,oracle_real_utility,2,-0.05877326971043388,-0.05858438559314095,0.00018888411729293259
robocasa/WashFruitColander,37,4700435,0,oracle_real_utility,4,-0.05052321395455879,-0.050325740939098765,0.00019747301546002571
robocasa/WashFruitColander,37,4700435,0,oracle_real_utility,8,-0.04549696466685002,-0.04523122114296008,0.0002657435238899372
robocasa/WashFruitColander,37,4710442,1,learned_wam,1,-0.05199968395292317,-0.05191407695485866,8.5606998064508e-05
robocasa/WashFruitColander,37,4710442,1,learned_wam,2,-0.04737681574049387,-0.04716023360563865,0.00021658213485521716
robocasa/WashFruitColander,37,4710442,1,learned_wam,4,-0.043216823330402006,-0.04315151961872161,6.530371168039784e-05
robocasa/WashFruitColander,37,4710442,1,learned_wam,8,-0.04053283971575561,-0.04097969910371267,0.00044685938795706315
robocasa/WashFruitColander,37,4710442,1,learned_physics_score,1,-0.05199968395292317,-0.05191407695485866,8.5606998064508e-05
robocasa/WashFruitColander,37,4710442,1,learned_physics_score,2,-0.04737681574049387,-0.04716023360563865,0.00021658213485521716
robocasa/WashFruitColander,37,4710442,1,learned_physics_score,4,-0.043216823330402006,-0.04315151961872161,6.530371168039784e-05
robocasa/WashFruitColander,37,4710442,1,learned_physics_score,8,-0.04053283971575561,-0.04097969910371267,0.00044685938795706315
robocasa/WashFruitColander,37,4710442,1,learned_energy_regularized,1,-0.05199968395292317,-0.05191407695485866,8.5606998064508e-05
robocasa/WashFruitColander,37,4710442,1,learned_energy_regularized,2,-0.048066998183426246,-0.048040191372143395,2.6806811282850673e-05
robocasa/WashFruitColander,37,4710442,1,learned_energy_regularized,4,-0.04340232185021298,-0.043176100186347446,0.00022622166386553066
robocasa/WashFruitColander,37,4710442,1,learned_energy_regularized,8,-0.039241364558596406,-0.03955426676430207,0.0003129022057056646
robocasa/WashFruitColander,37,4710442,1,oracle_real_utility,1,-0.05199968395292317,-0.05191407695485866,8.5606998064508e-05
robocasa/WashFruitColander,37,4710442,1,oracle_real_utility,2,-0.046626805522804064,-0.046517947822893375,0.00010885769991068883
robocasa/WashFruitColander,37,4710442,1,oracle_real_utility,4,-0.04154936158848587,-0.04146663196954526,8.27296189406107e-05
robocasa/WashFruitColander,37,4710442,1,oracle_real_utility,8,-0.03812159127639887,-0.03833563827955934,0.00021404700316046688
robocasa/WashLettuce,38,4800438,0,learned_wam,1,-0.05306767862832022,-0.052728469098007894,0.0003392095303123288
robocasa/WashLettuce,38,4800438,0,learned_wam,2,-0.04748322568010875,-0.04716999770000181,0.0003132279801069393
robocasa/WashLettuce,38,4800438,0,learned_wam,4,-0.043856755419154694,-0.04360109935132063,0.0002556560678340647
robocasa/WashLettuce,38,4800438,0,learned_wam,8,-0.041311060265884395,-0.04136478731141343,5.3727045529035344e-05
robocasa/WashLettuce,38,4800438,0,learned_physics_score,1,-0.05306767862832022,-0.052728469098007894,0.0003392095303123288
robocasa/WashLettuce,38,4800438,0,learned_physics_score,2,-0.04748322568010875,-0.04716999770000181,0.0003132279801069393
robocasa/WashLettuce,38,4800438,0,learned_physics_score,4,-0.043856755419154694,-0.04360109935132063,0.0002556560678340647
robocasa/WashLettuce,38,4800438,0,learned_physics_score,8,-0.041311060265884395,-0.04136478731141343,5.3727045529035344e-05
robocasa/WashLettuce,38,4800438,0,learned_energy_regularized,1,-0.05306767862832022,-0.052728469098007894,0.0003392095303123288
robocasa/WashLettuce,38,4800438,0,learned_energy_regularized,2,-0.047616290943630915,-0.04728641082478963,0.0003298801188412817
robocasa/WashLettuce,38,4800438,0,learned_energy_regularized,4,-0.04446322509731808,-0.044169620564903395,0.00029360453241468465
robocasa/WashLettuce,38,4800438,0,learned_energy_regularized,8,-0.04302473703502011,-0.04306364961292223,3.891257790211711e-05
robocasa/WashLettuce,38,4800438,0,oracle_real_utility,1,-0.05306767862832023,-0.052728469098007894,0.00033920953031233575
robocasa/WashLettuce,38,4800438,0,oracle_real_utility,2,-0.04499339161686372,-0.04473500231520313,0.0002583893016605901
robocasa/WashLettuce,38,4800438,0,oracle_real_utility,4,-0.04144225419281425,-0.041338195305197216,0.00010405888761703258
robocasa/WashLettuce,38,4800438,0,oracle_real_utility,8,-0.04028284862740635,-0.04024959696634103,3.325166106532551e-05
robocasa/WashLettuce,38,4810445,1,learned_wam,1,-0.052895216610264736,-0.05286789316370593,2.732344655880653e-05
robocasa/WashLettuce,38,4810445,1,learned_wam,2,-0.045657831415822595,-0.04550715494170664,0.0001506764741159572
robocasa/WashLettuce,38,4810445,1,learned_wam,4,-0.03971880512189162,-0.0395735794193003,0.00014522570259131728
robocasa/WashLettuce,38,4810445,1,learned_wam,8,-0.03543677773060414,-0.03570382005839757,0.0002670423277934264
robocasa/WashLettuce,38,4810445,1,learned_physics_score,1,-0.052895216610264736,-0.05286789316370593,2.732344655880653e-05
robocasa/WashLettuce,38,4810445,1,learned_physics_score,2,-0.045657831415822595,-0.04550715494170664,0.0001506764741159572
robocasa/WashLettuce,38,4810445,1,learned_physics_score,4,-0.03971880512189162,-0.0395735794193003,0.00014522570259131728
robocasa/WashLettuce,38,4810445,1,learned_physics_score,8,-0.03543677773060414,-0.03570382005839757,0.0002670423277934264
robocasa/WashLettuce,38,4810445,1,learned_energy_regularized,1,-0.052895216610264736,-0.05286789316370593,2.732344655880653e-05
robocasa/WashLettuce,38,4810445,1,learned_energy_regularized,2,-0.04565358098723622,-0.04553870180425858,0.00011487918297764521
robocasa/WashLettuce,38,4810445,1,learned_energy_regularized,4,-0.03924774510310801,-0.03908169507985073,0.00016605002325727897
robocasa/WashLettuce,38,4810445,1,learned_energy_regularized,8,-0.03467194369676986,-0.034932797000425175,0.00026085330365531456
robocasa/WashLettuce,38,4810445,1,oracle_real_utility,1,-0.052895216610264736,-0.05286789316370593,2.732344655880653e-05
robocasa/WashLettuce,38,4810445,1,oracle_real_utility,2,-0.045514411948193806,-0.045369472252783,0.00014493969541080898
robocasa/WashLettuce,38,4810445,1,oracle_real_utility,4,-0.03923252348946274,-0.03905497462435459,0.00017754886510815138
robocasa/WashLettuce,38,4810445,1,oracle_real_utility,8,-0.03467187627402527,-0.034932797000425175,0.0002609207263999033
robocasa/CollectWashingSupplies,39,4900441,0,learned_wam,1,-0.05614788251339004,-0.05673020244325637,0.0005823199298663276
robocasa/CollectWashingSupplies,39,4900441,0,learned_wam,2,-0.04832198262333989,-0.04803872911268186,0.0002832535106580339
robocasa/CollectWashingSupplies,39,4900441,0,learned_wam,4,-0.046420134146194,-0.04609781107755157,0.0003223230686424314
robocasa/CollectWashingSupplies,39,4900441,0,learned_wam,8,-0.04684627366100312,-0.04694639170481377,0.00010011804381064582
robocasa/CollectWashingSupplies,39,4900441,0,learned_physics_score,1,-0.05614788251339004,-0.05673020244325637,0.0005823199298663276
robocasa/CollectWashingSupplies,39,4900441,0,learned_physics_score,2,-0.04832198262333989,-0.04803872911268186,0.0002832535106580339
robocasa/CollectWashingSupplies,39,4900441,0,learned_physics_score,4,-0.046420134146194,-0.04609781107755157,0.0003223230686424314
robocasa/CollectWashingSupplies,39,4900441,0,learned_physics_score,8,-0.04684627366100312,-0.04694639170481377,0.00010011804381064582
robocasa/CollectWashingSupplies,39,4900441,0,learned_energy_regularized,1,-0.05614788251339004,-0.05673020244325637,0.0005823199298663276
robocasa/CollectWashingSupplies,39,4900441,0,learned_energy_regularized,2,-0.04804253206796645,-0.047833126932140986,0.00020940513582546477
robocasa/CollectWashingSupplies,39,4900441,0,learned_energy_regularized,4,-0.046161074163765047,-0.045809062736372294,0.00035201142739275243
robocasa/CollectWashingSupplies,39,4900441,0,learned_energy_regularized,8,-0.0479137452036206,-0.04801525499946287,0.00010150979584226671
robocasa/CollectWashingSupplies,39,4900441,0,oracle_real_utility,1,-0.056147882513390035,-0.05673020244325637,0.0005823199298663345
robocasa/CollectWashingSupplies,39,4900441,0,oracle_real_utility,2,-0.04588960246789914,-0.04567669380750671,0.000212908660392426
robocasa/CollectWashingSupplies,39,4900441,0,oracle_real_utility,4,-0.04137828213526522,-0.04117663845057725,0.0002016436846879674
robocasa/CollectWashingSupplies,39,4900441,0,oracle_real_utility,8,-0.03960602497947042,-0.03966349182007739,5.746684060697199e-05
robocasa/CollectWashingSupplies,39,4910448,1,learned_wam,1,-0.05671087819357535,-0.056779578176312406,6.869998273705685e-05
robocasa/CollectWashingSupplies,39,4910448,1,learned_wam,2,-0.055499510706156156,-0.05520053208196661,0.00029897862418954563
robocasa/CollectWashingSupplies,39,4910448,1,learned_wam,4,-0.05685679408251658,-0.05700944430064575,0.00015265021812917168
robocasa/CollectWashingSupplies,39,4910448,1,learned_wam,8,-0.059987852984832404,-0.05990051756817496,8.733541665744554e-05
robocasa/CollectWashingSupplies,39,4910448,1,learned_physics_score,1,-0.05671087819357535,-0.056779578176312406,6.869998273705685e-05
robocasa/CollectWashingSupplies,39,4910448,1,learned_physics_score,2,-0.055499510706156156,-0.05520053208196661,0.00029897862418954563
robocasa/CollectWashingSupplies,39,4910448,1,learned_physics_score,4,-0.05685679408251658,-0.05700944430064575,0.00015265021812917168
robocasa/CollectWashingSupplies,39,4910448,1,learned_physics_score,8,-0.059987852984832404,-0.05990051756817496,8.733541665744554e-05
robocasa/CollectWashingSupplies,39,4910448,1,learned_energy_regularized,1,-0.05671087819357534,-0.056779578176312406,6.869998273706379e-05
robocasa/CollectWashingSupplies,39,4910448,1,learned_energy_regularized,2,-0.05369461924298487,-0.053475428086536554,0.00021919115644831316
robocasa/CollectWashingSupplies,39,4910448,1,learned_energy_regularized,4,-0.054222357602973295,-0.05421569045819121,6.667144782084022e-06
robocasa/CollectWashingSupplies,39,4910448,1,learned_energy_regularized,8,-0.05438914562406351,-0.05401923891846185,0.00036990670560165667
robocasa/CollectWashingSupplies,39,4910448,1,oracle_real_utility,1,-0.05671087819357534,-0.056779578176312406,6.869998273706379e-05
robocasa/CollectWashingSupplies,39,4910448,1,oracle_real_utility,2,-0.050126945068063505,-0.050218545821469104,9.160075340559903e-05
robocasa/CollectWashingSupplies,39,4910448,1,oracle_real_utility,4,-0.04476855085763207,-0.044970214819959026,0.00020166396232695893
robocasa/CollectWashingSupplies,39,4910448,1,oracle_real_utility,8,-0.04112007042707589,-0.041219982921440704,9.991249436481359e-05
robocasa/MicrowavePressButton,40,5000444,0,learned_wam,1,-0.04808933417332999,-0.04823420150958255,0.00014486733625256043
robocasa/MicrowavePressButton,40,5000444,0,learned_wam,2,-0.04019478937372566,-0.04073254998147434,0.000537760607748676
robocasa/MicrowavePressButton,40,5000444,0,learned_wam,4,-0.0358297738939459,-0.03570648032536901,0.00012329356857689044
robocasa/MicrowavePressButton,40,5000444,0,learned_wam,8,-0.03340546146567796,-0.03364632259081321,0.00024086112513525132
robocasa/MicrowavePressButton,40,5000444,0,learned_physics_score,1,-0.04808933417332999,-0.04823420150958255,0.00014486733625256043
robocasa/MicrowavePressButton,40,5000444,0,learned_physics_score,2,-0.04019478937372566,-0.04073254998147434,0.000537760607748676
robocasa/MicrowavePressButton,40,5000444,0,learned_physics_score,4,-0.0358297738939459,-0.03570648032536901,0.00012329356857689044
robocasa/MicrowavePressButton,40,5000444,0,learned_physics_score,8,-0.03340546146567796,-0.03364632259081321,0.00024086112513525132
robocasa/MicrowavePressButton,40,5000444,0,learned_energy_regularized,1,-0.04808933417332999,-0.04823420150958255,0.00014486733625256043
robocasa/MicrowavePressButton,40,5000444,0,learned_energy_regularized,2,-0.04024908622753433,-0.04096351492935033,0.0007144287018160042
robocasa/MicrowavePressButton,40,5000444,0,learned_energy_regularized,4,-0.0368946483065488,-0.036515514660665674,0.0003791336458831285
robocasa/MicrowavePressButton,40,5000444,0,learned_energy_regularized,8,-0.03476628143156757,-0.03512912084254559,0.0003628394109780192
robocasa/MicrowavePressButton,40,5000444,0,oracle_real_utility,1,-0.04808933417332998,-0.04823420150958255,0.00014486733625256737
robocasa/MicrowavePressButton,40,5000444,0,oracle_real_utility,2,-0.038176251625887295,-0.038791051031234945,0.0006147994053476505
robocasa/MicrowavePressButton,40,5000444,0,oracle_real_utility,4,-0.031519020894042266,-0.03144698603631852,7.20348577237448e-05
robocasa/MicrowavePressButton,40,5000444,0,oracle_real_utility,8,-0.027934757203908023,-0.027994539195200008,5.978199129198433e-05
robocasa/MicrowavePressButton,40,5010451,1,learned_wam,1,-0.05231462784863738,-0.05194511990065066,0.000369507947986715
robocasa/MicrowavePressButton,40,5010451,1,learned_wam,2,-0.044466158677131266,-0.0438790452964231,0.0005871133807081666
robocasa/MicrowavePressButton,40,5010451,1,learned_wam,4,-0.03769784758046238,-0.0373364816233982,0.0003613659570641803
robocasa/MicrowavePressButton,40,5010451,1,learned_wam,8,-0.032680088641471504,-0.03267427672372888,5.811917742626349e-06
robocasa/MicrowavePressButton,40,5010451,1,learned_physics_score,1,-0.05231462784863738,-0.05194511990065066,0.000369507947986715
robocasa/MicrowavePressButton,40,5010451,1,learned_physics_score,2,-0.044466158677131266,-0.0438790452964231,0.0005871133807081666
robocasa/MicrowavePressButton,40,5010451,1,learned_physics_score,4,-0.03769784758046238,-0.0373364816233982,0.0003613659570641803
robocasa/MicrowavePressButton,40,5010451,1,learned_physics_score,8,-0.032680088641471504,-0.03267427672372888,5.811917742626349e-06
robocasa/MicrowavePressButton,40,5010451,1,learned_energy_regularized,1,-0.05231462784863737,-0.05194511990065066,0.00036950794798670805
robocasa/MicrowavePressButton,40,5010451,1,learned_energy_regularized,2,-0.045232652395758736,-0.04460983129242692,0.0006228211033318179
robocasa/MicrowavePressButton,40,5010451,1,learned_energy_regularized,4,-0.03786990295897973,-0.037646265655181456,0.00022363730379827695
robocasa/MicrowavePressButton,40,5010451,1,learned_energy_regularized,8,-0.03251612778167975,-0.03249350421985563,2.2623561824114402e-05
robocasa/MicrowavePressButton,40,5010451,1,oracle_real_utility,1,-0.05231462784863738,-0.05194511990065066,0.000369507947986715
robocasa/MicrowavePressButton,40,5010451,1,oracle_real_utility,2,-0.04435414191319428,-0.04376792466659762,0.0005862172465966597
robocasa/MicrowavePressButton,40,5010451,1,oracle_real_utility,4,-0.03743355802804856,-0.03711065582730125,0.0003229022007473145
robocasa/MicrowavePressButton,40,5010451,1,oracle_real_utility,8,-0.03247414613889203,-0.03248071175564577,6.565616753738401e-06
robocasa/ToastBagel,41,5100447,0,learned_wam,1,-0.06399941233729418,-0.06400774432851825,8.331991224061475e-06
robocasa/ToastBagel,41,5100447,0,learned_wam,2,-0.05612786086430739,-0.05607951922093415,4.8341643373243925e-05
robocasa/ToastBagel,41,5100447,0,learned_wam,4,-0.05085745332219188,-0.050337607089062666,0.0005198462331292147
robocasa/ToastBagel,41,5100447,0,learned_wam,8,-0.04833223834385327,-0.04862811755865103,0.00029587921479775486
robocasa/ToastBagel,41,5100447,0,learned_physics_score,1,-0.06399941233729418,-0.06400774432851825,8.331991224061475e-06
robocasa/ToastBagel,41,5100447,0,learned_physics_score,2,-0.05612786086430739,-0.05607951922093415,4.8341643373243925e-05
robocasa/ToastBagel,41,5100447,0,learned_physics_score,4,-0.05085745332219188,-0.050337607089062666,0.0005198462331292147
robocasa/ToastBagel,41,5100447,0,learned_physics_score,8,-0.04833223834385327,-0.04862811755865103,0.00029587921479775486
robocasa/ToastBagel,41,5100447,0,learned_energy_regularized,1,-0.06399941233729418,-0.06400774432851825,8.331991224061475e-06
robocasa/ToastBagel,41,5100447,0,learned_energy_regularized,2,-0.057477366116407594,-0.05750942956999135,3.206345358375273e-05
robocasa/ToastBagel,41,5100447,0,learned_energy_regularized,4,-0.053470536969712275,-0.05311173944317487,0.00035879752653740493
robocasa/ToastBagel,41,5100447,0,learned_energy_regularized,8,-0.05345135738043813,-0.05369830623815471,0.0002469488577165821
robocasa/ToastBagel,41,5100447,0,oracle_real_utility,1,-0.06399941233729418,-0.06400774432851825,8.331991224061475e-06
robocasa/ToastBagel,41,5100447,0,oracle_real_utility,2,-0.05567377409343843,-0.055566636024838495,0.00010713806859993791
robocasa/ToastBagel,41,5100447,0,oracle_real_utility,4,-0.049252912077951495,-0.048926783180255756,0.0003261288976957391
robocasa/ToastBagel,41,5100447,0,oracle_real_utility,8,-0.04549084428545573,-0.045619639326974576,0.0001287950415188449
robocasa/ToastBagel,41,5110454,1,learned_wam,1,-0.05287470234307941,-0.05136176914618241,0.0015129331968969997
robocasa/ToastBagel,41,5110454,1,learned_wam,2,-0.03828073849884081,-0.038538326387853046,0.00025758788901223545
robocasa/ToastBagel,41,5110454,1,learned_wam,4,-0.029515379252068284,-0.029857286265207207,0.0003419070131389229
robocasa/ToastBagel,41,5110454,1,learned_wam,8,-0.02563617523367771,-0.025859170766599562,0.00022299553292185262
robocasa/ToastBagel,41,5110454,1,learned_physics_score,1,-0.05287470234307941,-0.05136176914618241,0.0015129331968969997
robocasa/ToastBagel,41,5110454,1,learned_physics_score,2,-0.03828073849884081,-0.038538326387853046,0.00025758788901223545
robocasa/ToastBagel,41,5110454,1,learned_physics_score,4,-0.029515379252068284,-0.029857286265207207,0.0003419070131389229
robocasa/ToastBagel,41,5110454,1,learned_physics_score,8,-0.02563617523367771,-0.025859170766599562,0.00022299553292185262
robocasa/ToastBagel,41,5110454,1,learned_energy_regularized,1,-0.05287470234307941,-0.05136176914618241,0.0015129331968969997
robocasa/ToastBagel,41,5110454,1,learned_energy_regularized,2,-0.0383158825499248,-0.03856531701908555,0.00024943446916074474
robocasa/ToastBagel,41,5110454,1,learned_energy_regularized,4,-0.029598297247594572,-0.029954002693790352,0.00035570544619577954
robocasa/ToastBagel,41,5110454,1,learned_energy_regularized,8,-0.025700787471852074,-0.025928896563950195,0.00022810909209812144
robocasa/ToastBagel,41,5110454,1,oracle_real_utility,1,-0.05287470234307941,-0.05136176914618241,0.0015129331968969997
robocasa/ToastBagel,41,5110454,1,oracle_real_utility,2,-0.03828073849884081,-0.038538326387853046,0.00025758788901223545
robocasa/ToastBagel,41,5110454,1,oracle_real_utility,4,-0.029515379252068284,-0.029857286265207207,0.0003419070131389229
robocasa/ToastBagel,41,5110454,1,oracle_real_utility,8,-0.02563617523367771,-0.025859170766599562,0.00022299553292185262
robocasa/AdjustHeat,42,5200450,0,learned_wam,1,-0.053752485181883206,-0.0531718326939946,0.0005806524878886055
robocasa/AdjustHeat,42,5200450,0,learned_wam,2,-0.047451491476492656,-0.047251074178422885,0.0002004172980697716
robocasa/AdjustHeat,42,5200450,0,learned_wam,4,-0.04036017050721254,-0.04024781540278883,0.00011235510442370727
robocasa/AdjustHeat,42,5200450,0,learned_wam,8,-0.034433647798610814,-0.03426609739131807,0.00016755040729274362
robocasa/AdjustHeat,42,5200450,0,learned_physics_score,1,-0.053752485181883206,-0.0531718326939946,0.0005806524878886055
robocasa/AdjustHeat,42,5200450,0,learned_physics_score,2,-0.047451491476492656,-0.047251074178422885,0.0002004172980697716
robocasa/AdjustHeat,42,5200450,0,learned_physics_score,4,-0.04036017050721254,-0.04024781540278883,0.00011235510442370727
robocasa/AdjustHeat,42,5200450,0,learned_physics_score,8,-0.034433647798610814,-0.03426609739131807,0.00016755040729274362
robocasa/AdjustHeat,42,5200450,0,learned_energy_regularized,1,-0.0537524851818832,-0.0531718326939946,0.0005806524878885985
robocasa/AdjustHeat,42,5200450,0,learned_energy_regularized,2,-0.04940800960531261,-0.04910569177429737,0.0003023178310152391
robocasa/AdjustHeat,42,5200450,0,learned_energy_regularized,4,-0.04489229789336413,-0.0444375433018374,0.00045475459152673203
robocasa/AdjustHeat,42,5200450,0,learned_energy_regularized,8,-0.03906777646549767,-0.03907791753029816,1.0141064800496535e-05
robocasa/AdjustHeat,42,5200450,0,oracle_real_utility,1,-0.05375248518188321,-0.0531718326939946,0.0005806524878886124
robocasa/AdjustHeat,42,5200450,0,oracle_real_utility,2,-0.04699800043907027,-0.04679393053167255,0.00020406990739772063
robocasa/AdjustHeat,42,5200450,0,oracle_real_utility,4,-0.04029312507800542,-0.040190637964758386,0.00010248711324703508
robocasa/AdjustHeat,42,5200450,0,oracle_real_utility,8,-0.034429461357114166,-0.03426354118463107,0.0001659201724830972
robocasa/AdjustHeat,42,5210457,1,learned_wam,1,-0.05130468933488669,-0.05171494898519318,0.0004102596503064923
robocasa/AdjustHeat,42,5210457,1,learned_wam,2,-0.04537892370399045,-0.04580709086302857,0.00042816715903811614
robocasa/AdjustHeat,42,5210457,1,learned_wam,4,-0.041445399414790605,-0.041150368497849525,0.0002950309169410803
robocasa/AdjustHeat,42,5210457,1,learned_wam,8,-0.03879678466640159,-0.03871436972826219,8.241493813939543e-05
robocasa/AdjustHeat,42,5210457,1,learned_physics_score,1,-0.05130468933488669,-0.05171494898519318,0.0004102596503064923
robocasa/AdjustHeat,42,5210457,1,learned_physics_score,2,-0.04537892370399045,-0.04580709086302857,0.00042816715903811614
robocasa/AdjustHeat,42,5210457,1,learned_physics_score,4,-0.041445399414790605,-0.041150368497849525,0.0002950309169410803
robocasa/AdjustHeat,42,5210457,1,learned_physics_score,8,-0.03879678466640159,-0.03871436972826219,8.241493813939543e-05
robocasa/AdjustHeat,42,5210457,1,learned_energy_regularized,1,-0.05130468933488669,-0.05171494898519318,0.0004102596503064923
robocasa/AdjustHeat,42,5210457,1,learned_energy_regularized,2,-0.04574921363345171,-0.046181222235417305,0.00043200860196559304
robocasa/AdjustHeat,42,5210457,1,learned_energy_regularized,4,-0.042472274403827615,-0.04209774014133204,0.00037453426249557664
robocasa/AdjustHeat,42,5210457,1,learned_energy_regularized,8,-0.04031303325897155,-0.040288547826032396,2.448543293915445e-05
robocasa/AdjustHeat,42,5210457,1,oracle_real_utility,1,-0.051304689334886674,-0.05171494898519318,0.0004102596503065062
robocasa/AdjustHeat,42,5210457,1,oracle_real_utility,2,-0.04498812236633139,-0.045466123207773476,0.0004780008414420889
robocasa/AdjustHeat,42,5210457,1,oracle_real_utility,4,-0.041201148578753684,-0.040919566655874956,0.0002815819228787278
robocasa/AdjustHeat,42,5210457,1,oracle_real_utility,8,-0.038774899886903164,-0.038702416635376706,7.248325152645757e-05
robocasa/LowerHeat,43,5300453,0,learned_wam,1,-0.05428999389495155,-0.05460917381285436,0.00031917991790280514
robocasa/LowerHeat,43,5300453,0,learned_wam,2,-0.05107408259908665,-0.05093594434159626,0.0001381382574903861
robocasa/LowerHeat,43,5300453,0,learned_wam,4,-0.0492839638662599,-0.04924638877175837,3.757509450152963e-05
robocasa/LowerHeat,43,5300453,0,learned_wam,8,-0.04733017672108189,-0.047214794033139613,0.00011538268794227674
robocasa/LowerHeat,43,5300453,0,learned_physics_score,1,-0.05428999389495155,-0.05460917381285436,0.00031917991790280514
robocasa/LowerHeat,43,5300453,0,learned_physics_score,2,-0.05107408259908665,-0.05093594434159626,0.0001381382574903861
robocasa/LowerHeat,43,5300453,0,learned_physics_score,4,-0.0492839638662599,-0.04924638877175837,3.757509450152963e-05
robocasa/LowerHeat,43,5300453,0,learned_physics_score,8,-0.04733017672108189,-0.047214794033139613,0.00011538268794227674
robocasa/LowerHeat,43,5300453,0,learned_energy_regularized,1,-0.05428999389495155,-0.05460917381285436,0.00031917991790280514
robocasa/LowerHeat,43,5300453,0,learned_energy_regularized,2,-0.05075424152106142,-0.050538922358572436,0.00021531916248898608
robocasa/LowerHeat,43,5300453,0,learned_energy_regularized,4,-0.04895004020326258,-0.04898685754925965,3.681734599707276e-05
robocasa/LowerHeat,43,5300453,0,learned_energy_regularized,8,-0.04760502840562919,-0.047400942121343846,0.00020408628428534442
robocasa/LowerHeat,43,5300453,0,oracle_real_utility,1,-0.054289993894951545,-0.05460917381285436,0.0003191799179028121
robocasa/LowerHeat,43,5300453,0,oracle_real_utility,2,-0.04982067607989746,-0.04965672966833846,0.0001639464115590003
robocasa/LowerHeat,43,5300453,0,oracle_real_utility,4,-0.04764960362444784,-0.04762669789717389,2.2905727273946075e-05
robocasa/LowerHeat,43,5300453,0,oracle_real_utility,8,-0.04645376254975928,-0.046413248189271755,4.051436048752716e-05
robocasa/LowerHeat,43,5310460,1,learned_wam,1,-0.048034139807807574,-0.04812641762382752,9.227781601994778e-05
robocasa/LowerHeat,43,5310460,1,learned_wam,2,-0.04469824785674791,-0.044612851194519465,8.539666222844716e-05
robocasa/LowerHeat,43,5310460,1,learned_wam,4,-0.04127410435389096,-0.041509127652264735,0.00023502329837377794
robocasa/LowerHeat,43,5310460,1,learned_wam,8,-0.03837967888062052,-0.038686256035116114,0.00030657715449559225
robocasa/LowerHeat,43,5310460,1,learned_physics_score,1,-0.048034139807807574,-0.04812641762382752,9.227781601994778e-05
robocasa/LowerHeat,43,5310460,1,learned_physics_score,2,-0.04469824785674791,-0.044612851194519465,8.539666222844716e-05
robocasa/LowerHeat,43,5310460,1,learned_physics_score,4,-0.04127410435389096,-0.041509127652264735,0.00023502329837377794
robocasa/LowerHeat,43,5310460,1,learned_physics_score,8,-0.03837967888062052,-0.038686256035116114,0.00030657715449559225
robocasa/LowerHeat,43,5310460,1,learned_energy_regularized,1,-0.04803413980780757,-0.04812641762382752,9.227781601995472e-05
robocasa/LowerHeat,43,5310460,1,learned_energy_regularized,2,-0.04554054534965126,-0.04551947864497095,2.106670468031424e-05
robocasa/LowerHeat,43,5310460,1,learned_energy_regularized,4,-0.04195481203667495,-0.042105893201621114,0.0001510811649461652
robocasa/LowerHeat,43,5310460,1,learned_energy_regularized,8,-0.03820097246886778,-0.03862924450011492,0.00042827203124714414
robocasa/LowerHeat,43,5310460,1,oracle_real_utility,1,-0.04803413980780758,-0.04812641762382752,9.227781601994084e-05
robocasa/LowerHeat,43,5310460,1,oracle_real_utility,2,-0.043940414132257286,-0.04382863610118758,0.00011177803106970224
robocasa/LowerHeat,43,5310460,1,oracle_real_utility,4,-0.04066727030244303,-0.04082076654429216,0.00015349624184913396
robocasa/LowerHeat,43,5310460,1,oracle_real_utility,8,-0.03787819393518084,-0.03812963269654611,0.0002514387613652691
robocasa/TransportCookware,44,5400456,0,learned_wam,1,-0.05614101218509417,-0.05618060255551019,3.9590370416016374e-05
robocasa/TransportCookware,44,5400456,0,learned_wam,2,-0.04874744040675583,-0.04803211726791954,0.0007153231388362935
robocasa/TransportCookware,44,5400456,0,learned_wam,4,-0.04247552833930253,-0.04265924951619038,0.0001837211768878494
robocasa/TransportCookware,44,5400456,0,learned_wam,8,-0.03655053835950183,-0.03631740074367363,0.00023313761582820225
robocasa/TransportCookware,44,5400456,0,learned_physics_score,1,-0.05614101218509417,-0.05618060255551019,3.9590370416016374e-05
robocasa/TransportCookware,44,5400456,0,learned_physics_score,2,-0.04874744040675583,-0.04803211726791954,0.0007153231388362935
robocasa/TransportCookware,44,5400456,0,learned_physics_score,4,-0.04247552833930253,-0.04265924951619038,0.0001837211768878494
robocasa/TransportCookware,44,5400456,0,learned_physics_score,8,-0.03655053835950183,-0.03631740074367363,0.00023313761582820225
robocasa/TransportCookware,44,5400456,0,learned_energy_regularized,1,-0.05614101218509418,-0.05618060255551019,3.9590370416009435e-05
robocasa/TransportCookware,44,5400456,0,learned_energy_regularized,2,-0.05186848669490868,-0.05121345186380614,0.0006550348311025397
robocasa/TransportCookware,44,5400456,0,learned_energy_regularized,4,-0.04961592033833642,-0.049728960267666183,0.00011303992932976126
robocasa/TransportCookware,44,5400456,0,learned_energy_regularized,8,-0.0494514267637593,-0.04978665876513572,0.00033523200137642456
robocasa/TransportCookware,44,5400456,0,oracle_real_utility,1,-0.05614101218509417,-0.05618060255551019,3.9590370416016374e-05
robocasa/TransportCookware,44,5400456,0,oracle_real_utility,2,-0.04860113307669547,-0.04788229856193772,0.0007188345147577449
robocasa/TransportCookware,44,5400456,0,oracle_real_utility,4,-0.042130334482441356,-0.04228938458579778,0.0001590501033564215
robocasa/TransportCookware,44,5400456,0,oracle_real_utility,8,-0.036281552748425774,-0.036036490669957726,0.0002450620784680488
robocasa/TransportCookware,44,5410463,1,learned_wam,1,-0.06044426732114159,-0.06081979789407627,0.0003755305729346847
robocasa/TransportCookware,44,5410463,1,learned_wam,2,-0.053213029198290844,-0.05283725300901253,0.0003757761892783165
robocasa/TransportCookware,44,5410463,1,learned_wam,4,-0.046843905769294245,-0.04676128262542596,8.262314386828229e-05
robocasa/TransportCookware,44,5410463,1,learned_wam,8,-0.04297322441004951,-0.042953130252495156,2.009415755435673e-05
robocasa/TransportCookware,44,5410463,1,learned_physics_score,1,-0.06044426732114159,-0.06081979789407627,0.0003755305729346847
robocasa/TransportCookware,44,5410463,1,learned_physics_score,2,-0.053213029198290844,-0.05283725300901253,0.0003757761892783165
robocasa/TransportCookware,44,5410463,1,learned_physics_score,4,-0.046843905769294245,-0.04676128262542596,8.262314386828229e-05
robocasa/TransportCookware,44,5410463,1,learned_physics_score,8,-0.04297322441004951,-0.042953130252495156,2.009415755435673e-05
robocasa/TransportCookware,44,5410463,1,learned_energy_regularized,1,-0.06044426732114158,-0.06081979789407627,0.00037553057293469166
robocasa/TransportCookware,44,5410463,1,learned_energy_regularized,2,-0.05401880449316932,-0.05376729220012687,0.00025151229304245376
robocasa/TransportCookware,44,5410463,1,learned_energy_regularized,4,-0.048870613595718246,-0.04851811929670477,0.0003524942990134755
robocasa/TransportCookware,44,5410463,1,learned_energy_regularized,8,-0.04508947777375429,-0.045216753781157026,0.00012727600740273376
robocasa/TransportCookware,44,5410463,1,oracle_real_utility,1,-0.06044426732114158,-0.06081979789407627,0.00037553057293469166
robocasa/TransportCookware,44,5410463,1,oracle_real_utility,2,-0.05235118854004089,-0.05212853946111541,0.00022264907892547564
robocasa/TransportCookware,44,5410463,1,oracle_real_utility,4,-0.04584853710389139,-0.04582549943720868,2.3037666682712565e-05
robocasa/TransportCookware,44,5410463,1,oracle_real_utility,8,-0.042726884064299024,-0.04274490137824125,1.8017313942228497e-05
robocasa/FillKettle,45,5500459,0,learned_wam,1,-0.051900978227168604,-0.05135149083233461,0.0005494873948339932
robocasa/FillKettle,45,5500459,0,learned_wam,2,-0.047442054327533116,-0.04762361074044543,0.00018155641291231484
robocasa/FillKettle,45,5500459,0,learned_wam,4,-0.04418056812203619,-0.04467196154466895,0.0004913934226327618
robocasa/FillKettle,45,5500459,0,learned_wam,8,-0.04172069019826122,-0.0418494283339366,0.0001287381356753839
robocasa/FillKettle,45,5500459,0,learned_physics_score,1,-0.051900978227168604,-0.05135149083233461,0.0005494873948339932
robocasa/FillKettle,45,5500459,0,learned_physics_score,2,-0.047442054327533116,-0.04762361074044543,0.00018155641291231484
robocasa/FillKettle,45,5500459,0,learned_physics_score,4,-0.04418056812203619,-0.04467196154466895,0.0004913934226327618
robocasa/FillKettle,45,5500459,0,learned_physics_score,8,-0.04172069019826122,-0.0418494283339366,0.0001287381356753839
robocasa/FillKettle,45,5500459,0,learned_energy_regularized,1,-0.051900978227168604,-0.05135149083233461,0.0005494873948339932
robocasa/FillKettle,45,5500459,0,learned_energy_regularized,2,-0.04620677181270512,-0.04638800578411294,0.00018123397140781816
robocasa/FillKettle,45,5500459,0,learned_energy_regularized,4,-0.042111843983713565,-0.04247390639702637,0.0003620624133128039
robocasa/FillKettle,45,5500459,0,learned_energy_regularized,8,-0.039891315007979565,-0.0400023456908948,0.00011103068291523632
robocasa/FillKettle,45,5500459,0,oracle_real_utility,1,-0.05190097822716859,-0.05135149083233461,0.0005494873948339793
robocasa/FillKettle,45,5500459,0,oracle_real_utility,2,-0.04562717354656353,-0.0458590897769543,0.00023191623039076764
robocasa/FillKettle,45,5500459,0,oracle_real_utility,4,-0.04184326866185066,-0.0421848137148326,0.00034154505298193694
robocasa/FillKettle,45,5500459,0,oracle_real_utility,8,-0.03986603335727999,-0.03997835578915536,0.00011232243187536683
robocasa/FillKettle,45,5510466,1,learned_wam,1,-0.05490851421790153,-0.05446406325356083,0.0004444509643406966
robocasa/FillKettle,45,5510466,1,learned_wam,2,-0.04961509396931113,-0.04894974677547745,0.0006653471938336819
robocasa/FillKettle,45,5510466,1,learned_wam,4,-0.04558739313417372,-0.04551319634534654,7.419678882717579e-05
robocasa/FillKettle,45,5510466,1,learned_wam,8,-0.04316424713390413,-0.043142517246953276,2.172988695085115e-05
robocasa/FillKettle,45,5510466,1,learned_physics_score,1,-0.05490851421790153,-0.05446406325356083,0.0004444509643406966
robocasa/FillKettle,45,5510466,1,learned_physics_score,2,-0.04961509396931113,-0.04894974677547745,0.0006653471938336819
robocasa/FillKettle,45,5510466,1,learned_physics_score,4,-0.04558739313417372,-0.04551319634534654,7.419678882717579e-05
robocasa/FillKettle,45,5510466,1,learned_physics_score,8,-0.04316424713390413,-0.043142517246953276,2.172988695085115e-05
robocasa/FillKettle,45,5510466,1,learned_energy_regularized,1,-0.054908514217901536,-0.05446406325356083,0.0004444509643407035
robocasa/FillKettle,45,5510466,1,learned_energy_regularized,2,-0.048713373211666376,-0.04818143362723676,0.0005319395844296179
robocasa/FillKettle,45,5510466,1,learned_energy_regularized,4,-0.043973205689506675,-0.04388061754770628,9.258814180039543e-05
robocasa/FillKettle,45,5510466,1,learned_energy_regularized,8,-0.04231612741382397,-0.042467700681143486,0.00015157326731951581
robocasa/FillKettle,45,5510466,1,oracle_real_utility,1,-0.054908514217901536,-0.05446406325356083,0.0004444509643407035
robocasa/FillKettle,45,5510466,1,oracle_real_utility,2,-0.04684708623154347,-0.04650117156561488,0.00034591466592858583
robocasa/FillKettle,45,5510466,1,oracle_real_utility,4,-0.04131850979892691,-0.041146230911725465,0.0001722788872014422
robocasa/FillKettle,45,5510466,1,oracle_real_utility,8,-0.03814902287238846,-0.03821599043185266,6.696755946420524e-05
robocasa/FillBlenderJug,46,5600462,0,learned_wam,1,-0.05511142752504598,-0.05465825345005204,0.00045317407499394224
robocasa/FillBlenderJug,46,5600462,0,learned_wam,2,-0.046892812678164746,-0.04665353727366071,0.0002392754045040385
robocasa/FillBlenderJug,46,5600462,0,learned_wam,4,-0.03867962385342941,-0.038989493727102,0.00030986987367258995
robocasa/FillBlenderJug,46,5600462,0,learned_wam,8,-0.030070714392256424,-0.029932731609785938,0.000137982782470486
robocasa/FillBlenderJug,46,5600462,0,learned_physics_score,1,-0.05511142752504598,-0.05465825345005204,0.00045317407499394224
robocasa/FillBlenderJug,46,5600462,0,learned_physics_score,2,-0.046892812678164746,-0.04665353727366071,0.0002392754045040385
robocasa/FillBlenderJug,46,5600462,0,learned_physics_score,4,-0.03867962385342941,-0.038989493727102,0.00030986987367258995
robocasa/FillBlenderJug,46,5600462,0,learned_physics_score,8,-0.030070714392256424,-0.029932731609785938,0.000137982782470486
robocasa/FillBlenderJug,46,5600462,0,learned_energy_regularized,1,-0.055111427525046,-0.05465825345005204,0.0004531740749939561
robocasa/FillBlenderJug,46,5600462,0,learned_energy_regularized,2,-0.04799701965444804,-0.04774797832290783,0.0002490413315402104
robocasa/FillBlenderJug,46,5600462,0,learned_energy_regularized,4,-0.04061973631104271,-0.04107395735922515,0.00045422104818244186
robocasa/FillBlenderJug,46,5600462,0,learned_energy_regularized,8,-0.03288271199393132,-0.03282102479783353,6.168719609778855e-05
robocasa/FillBlenderJug,46,5600462,0,oracle_real_utility,1,-0.05511142752504598,-0.05465825345005204,0.00045317407499394224
robocasa/FillBlenderJug,46,5600462,0,oracle_real_utility,2,-0.046451094891687465,-0.04618022650671042,0.0002708683849770438
robocasa/FillBlenderJug,46,5600462,0,oracle_real_utility,4,-0.03792662078093677,-0.0382136571500297,0.00028703636909293423
robocasa/FillBlenderJug,46,5600462,0,oracle_real_utility,8,-0.0296717067199424,-0.029515506393053913,0.0001562003268884872
robocasa/FillBlenderJug,46,5610469,1,learned_wam,1,-0.047224378003102384,-0.04753351427869226,0.00030913627558987883
robocasa/FillBlenderJug,46,5610469,1,learned_wam,2,-0.03826747269113033,-0.038679336415816404,0.00041186372468607346
robocasa/FillBlenderJug,46,5610469,1,learned_wam,4,-0.03303026250012889,-0.03332490816687104,0.0002946456667421507
robocasa/FillBlenderJug,46,5610469,1,learned_wam,8,-0.03294888899125352,-0.032749606334000037,0.00019928265725348282
robocasa/FillBlenderJug,46,5610469,1,learned_physics_score,1,-0.047224378003102384,-0.04753351427869226,0.00030913627558987883
robocasa/FillBlenderJug,46,5610469,1,learned_physics_score,2,-0.03826747269113033,-0.038679336415816404,0.00041186372468607346
robocasa/FillBlenderJug,46,5610469,1,learned_physics_score,4,-0.03303026250012889,-0.03332490816687104,0.0002946456667421507
robocasa/FillBlenderJug,46,5610469,1,learned_physics_score,8,-0.03294888899125352,-0.032749606334000037,0.00019928265725348282
robocasa/FillBlenderJug,46,5610469,1,learned_energy_regularized,1,-0.047224378003102384,-0.04753351427869226,0.00030913627558987883
robocasa/FillBlenderJug,46,5610469,1,learned_energy_regularized,2,-0.039042055975732,-0.03929900304349773,0.00025694706776573095
robocasa/FillBlenderJug,46,5610469,1,learned_energy_regularized,4,-0.03420424029085328,-0.03439073476648293,0.0001864944756296491
robocasa/FillBlenderJug,46,5610469,1,learned_energy_regularized,8,-0.03334204591301882,-0.033170979640823335,0.00017106627219548587
robocasa/FillBlenderJug,46,5610469,1,oracle_real_utility,1,-0.047224378003102384,-0.04753351427869226,0.00030913627558987883
robocasa/FillBlenderJug,46,5610469,1,oracle_real_utility,2,-0.03749610077958492,-0.037884726143175076,0.0003886253635901546
robocasa/FillBlenderJug,46,5610469,1,oracle_real_utility,4,-0.03006724217813086,-0.03001256900704643,5.467317108443295e-05
robocasa/FillBlenderJug,46,5610469,1,oracle_real_utility,8,-0.02604585118657103,-0.025902381109508633,0.00014347007706239784
robocasa/LoadDishwasher,47,5700465,0,learned_wam,1,-0.054052229741101666,-0.053881657826578076,0.0001705719145235901
robocasa/LoadDishwasher,47,5700465,0,learned_wam,2,-0.04981435388420359,-0.04955338037468486,0.00026097350951873044
robocasa/LoadDishwasher,47,5700465,0,learned_wam,4,-0.04391284386087349,-0.04465948590878555,0.000746642047912062
robocasa/LoadDishwasher,47,5700465,0,learned_wam,8,-0.037845538847749924,-0.03778183767979823,6.370116795169356e-05
robocasa/LoadDishwasher,47,5700465,0,learned_physics_score,1,-0.054052229741101666,-0.053881657826578076,0.0001705719145235901
robocasa/LoadDishwasher,47,5700465,0,learned_physics_score,2,-0.04981435388420359,-0.04955338037468486,0.00026097350951873044
robocasa/LoadDishwasher,47,5700465,0,learned_physics_score,4,-0.04391284386087349,-0.04465948590878555,0.000746642047912062
robocasa/LoadDishwasher,47,5700465,0,learned_physics_score,8,-0.037845538847749924,-0.03778183767979823,6.370116795169356e-05
robocasa/LoadDishwasher,47,5700465,0,learned_energy_regularized,1,-0.05405222974110166,-0.053881657826578076,0.00017057191452358317
robocasa/LoadDishwasher,47,5700465,0,learned_energy_regularized,2,-0.050654866235889995,-0.05028498241719924,0.0003698838186907555
robocasa/LoadDishwasher,47,5700465,0,learned_energy_regularized,4,-0.045548577354167105,-0.0463200167056311,0.0007714393514639956
robocasa/LoadDishwasher,47,5700465,0,learned_energy_regularized,8,-0.03907967895570234,-0.03921799795627187,0.0001383190005695284
robocasa/LoadDishwasher,47,5700465,0,oracle_real_utility,1,-0.054052229741101666,-0.053881657826578076,0.0001705719145235901
robocasa/LoadDishwasher,47,5700465,0,oracle_real_utility,2,-0.04827457783074607,-0.04799096686530177,0.00028361096544429754
robocasa/LoadDishwasher,47,5700465,0,oracle_real_utility,4,-0.04226168754310589,-0.04278408741170655,0.0005223998686006565
robocasa/LoadDishwasher,47,5700465,0,oracle_real_utility,8,-0.03656226068431005,-0.03662073341562103,5.847273131098091e-05
robocasa/LoadDishwasher,47,5710472,1,learned_wam,1,-0.06151293020086527,-0.06147416313916224,3.8767061703026684e-05
robocasa/LoadDishwasher,47,5710472,1,learned_wam,2,-0.059223157486674664,-0.059348389500579295,0.00012523201390463035
robocasa/LoadDishwasher,47,5710472,1,learned_wam,4,-0.05686649527442608,-0.05677137228322131,9.512299120477408e-05
robocasa/LoadDishwasher,47,5710472,1,learned_wam,8,-0.05506027885091681,-0.05494572785257668,0.00011455099834013077
robocasa/LoadDishwasher,47,5710472,1,learned_physics_score,1,-0.06151293020086527,-0.06147416313916224,3.8767061703026684e-05
robocasa/LoadDishwasher,47,5710472,1,learned_physics_score,2,-0.059223157486674664,-0.059348389500579295,0.00012523201390463035
robocasa/LoadDishwasher,47,5710472,1,learned_physics_score,4,-0.05686649527442608,-0.05677137228322131,9.512299120477408e-05
robocasa/LoadDishwasher,47,5710472,1,learned_physics_score,8,-0.05506027885091681,-0.05494572785257668,0.00011455099834013077
robocasa/LoadDishwasher,47,5710472,1,learned_energy_regularized,1,-0.06151293020086527,-0.06147416313916224,3.8767061703026684e-05
robocasa/LoadDishwasher,47,5710472,1,learned_energy_regularized,2,-0.05914351286533219,-0.05909267479403732,5.083807129487028e-05
robocasa/LoadDishwasher,47,5710472,1,learned_energy_regularized,4,-0.056068826160377935,-0.05592485501359765,0.00014397114678028206
robocasa/LoadDishwasher,47,5710472,1,learned_energy_regularized,8,-0.053892780126523945,-0.0537868697560069,0.00010591037051704832
robocasa/LoadDishwasher,47,5710472,1,oracle_real_utility,1,-0.06151293020086527,-0.06147416313916224,3.8767061703026684e-05
robocasa/LoadDishwasher,47,5710472,1,oracle_real_utility,2,-0.05796784206403336,-0.05797050898307014,2.666919036782567e-06
robocasa/LoadDishwasher,47,5710472,1,oracle_real_utility,4,-0.0552380660470623,-0.055160979926351744,7.708612071055665e-05
robocasa/LoadDishwasher,47,5710472,1,oracle_real_utility,8,-0.05344462399762474,-0.05338094481762637,6.367917999837436e-05
robocasa/EmptyDishRack,48,5800468,0,learned_wam,1,-0.060328350795835525,-0.060116400545253086,0.00021195025058243916
robocasa/EmptyDishRack,48,5800468,0,learned_wam,2,-0.05388018999853214,-0.05429249830291514,0.0004123083043829981
robocasa/EmptyDishRack,48,5800468,0,learned_wam,4,-0.048885167829503,-0.04925490301897131,0.0003697351894683121
robocasa/EmptyDishRack,48,5800468,0,learned_wam,8,-0.04388527238215413,-0.04323665955361166,0.0006486128285424705
robocasa/EmptyDishRack,48,5800468,0,learned_physics_score,1,-0.060328350795835525,-0.060116400545253086,0.00021195025058243916
robocasa/EmptyDishRack,48,5800468,0,learned_physics_score,2,-0.05388018999853214,-0.05429249830291514,0.0004123083043829981
robocasa/EmptyDishRack,48,5800468,0,learned_physics_score,4,-0.048885167829503,-0.04925490301897131,0.0003697351894683121
robocasa/EmptyDishRack,48,5800468,0,learned_physics_score,8,-0.04388527238215413,-0.04323665955361166,0.0006486128285424705
robocasa/EmptyDishRack,48,5800468,0,learned_energy_regularized,1,-0.060328350795835525,-0.060116400545253086,0.00021195025058243916
robocasa/EmptyDishRack,48,5800468,0,learned_energy_regularized,2,-0.05336738894281638,-0.05369270934946495,0.000325320406648566
robocasa/EmptyDishRack,48,5800468,0,learned_energy_regularized,4,-0.04856466716968065,-0.04873910877361172,0.00017444160393106922
robocasa/EmptyDishRack,48,5800468,0,learned_energy_regularized,8,-0.04385655564822963,-0.043156557923873226,0.0006999977243564021
robocasa/EmptyDishRack,48,5800468,0,oracle_real_utility,1,-0.060328350795835525,-0.060116400545253086,0.00021195025058243916
robocasa/EmptyDishRack,48,5800468,0,oracle_real_utility,2,-0.05191979262484801,-0.052316044695679305,0.00039625207083129194
robocasa/EmptyDishRack,48,5800468,0,oracle_real_utility,4,-0.04584552079775986,-0.04595734401988089,0.00011182322212103385
robocasa/EmptyDishRack,48,5800468,0,oracle_real_utility,8,-0.041104268386526796,-0.04067139505647994,0.0004328733300468582
robocasa/EmptyDishRack,48,5810475,1,learned_wam,1,-0.06616302442991237,-0.06499178983781906,0.001171234592093312
robocasa/EmptyDishRack,48,5810475,1,learned_wam,2,-0.05487721813101666,-0.05378703597216756,0.0010901821588491026
robocasa/EmptyDishRack,48,5810475,1,learned_wam,4,-0.045957049145494214,-0.04658167258844349,0.0006246234429492792
robocasa/EmptyDishRack,48,5810475,1,learned_wam,8,-0.0408909596725492,-0.04080475437466286,8.620529788633952e-05
robocasa/EmptyDishRack,48,5810475,1,learned_physics_score,1,-0.06616302442991237,-0.06499178983781906,0.001171234592093312
robocasa/EmptyDishRack,48,5810475,1,learned_physics_score,2,-0.05487721813101666,-0.05378703597216756,0.0010901821588491026
robocasa/EmptyDishRack,48,5810475,1,learned_physics_score,4,-0.045957049145494214,-0.04658167258844349,0.0006246234429492792
robocasa/EmptyDishRack,48,5810475,1,learned_physics_score,8,-0.0408909596725492,-0.04080475437466286,8.620529788633952e-05
robocasa/EmptyDishRack,48,5810475,1,learned_energy_regularized,1,-0.06616302442991236,-0.06499178983781906,0.0011712345920932982
robocasa/EmptyDishRack,48,5810475,1,learned_energy_regularized,2,-0.05562192082803739,-0.0544229176443156,0.0011990031837217849
robocasa/EmptyDishRack,48,5810475,1,learned_energy_regularized,4,-0.04749791691043034,-0.0481756997562795,0.0006777828458491564
robocasa/EmptyDishRack,48,5810475,1,learned_energy_regularized,8,-0.04296163601621558,-0.042736366898501785,0.0002252691177137972
robocasa/EmptyDishRack,48,5810475,1,oracle_real_utility,1,-0.06616302442991237,-0.06499178983781906,0.001171234592093312
robocasa/EmptyDishRack,48,5810475,1,oracle_real_utility,2,-0.054758938170069826,-0.05369698939636427,0.001061948773705558
robocasa/EmptyDishRack,48,5810475,1,oracle_real_utility,4,-0.04593409266132896,-0.046560057628033426,0.0006259649667044662
robocasa/EmptyDishRack,48,5810475,1,oracle_real_utility,8,-0.04088956674756533,-0.040803471864142966,8.609488342236488e-05
robocasa/LoadFridgeByType,49,5900471,0,learned_wam,1,-0.05928765398563565,-0.058622787991593796,0.0006648659940418564
robocasa/LoadFridgeByType,49,5900471,0,learned_wam,2,-0.04829334184871909,-0.048462388116860974,0.00016904626814188278
robocasa/LoadFridgeByType,49,5900471,0,learned_wam,4,-0.03956283989823751,-0.03955257857046094,1.0261327776567297e-05
robocasa/LoadFridgeByType,49,5900471,0,learned_wam,8,-0.033599794871636196,-0.03318749300530548,0.0004123018663307193
robocasa/LoadFridgeByType,49,5900471,0,learned_physics_score,1,-0.05928765398563565,-0.058622787991593796,0.0006648659940418564
robocasa/LoadFridgeByType,49,5900471,0,learned_physics_score,2,-0.04829334184871909,-0.048462388116860974,0.00016904626814188278
robocasa/LoadFridgeByType,49,5900471,0,learned_physics_score,4,-0.03956283989823751,-0.03955257857046094,1.0261327776567297e-05
robocasa/LoadFridgeByType,49,5900471,0,learned_physics_score,8,-0.033599794871636196,-0.03318749300530548,0.0004123018663307193
robocasa/LoadFridgeByType,49,5900471,0,learned_energy_regularized,1,-0.05928765398563565,-0.058622787991593796,0.0006648659940418564
robocasa/LoadFridgeByType,49,5900471,0,learned_energy_regularized,2,-0.04890711607604529,-0.049030728667722,0.00012361259167670974
robocasa/LoadFridgeByType,49,5900471,0,learned_energy_regularized,4,-0.04090603288156997,-0.04090227281877481,3.760062795163388e-06
robocasa/LoadFridgeByType,49,5900471,0,learned_energy_regularized,8,-0.036513724169029656,-0.03622120454462467,0.0002925196244049841
robocasa/LoadFridgeByType,49,5900471,0,oracle_real_utility,1,-0.05928765398563565,-0.058622787991593796,0.0006648659940418564
robocasa/LoadFridgeByType,49,5900471,0,oracle_real_utility,2,-0.047970943633656546,-0.048142569087518926,0.00017162545386237987
robocasa/LoadFridgeByType,49,5900471,0,oracle_real_utility,4,-0.03907420510353334,-0.03902642468347888,4.7780420054460704e-05
robocasa/LoadFridgeByType,49,5900471,0,oracle_real_utility,8,-0.033436154508699883,-0.03302242511919345,0.0004137293895064356
robocasa/LoadFridgeByType,49,5910478,1,learned_wam,1,-0.052211544068603746,-0.051991576880367645,0.00021996718823610178
robocasa/LoadFridgeByType,49,5910478,1,learned_wam,2,-0.04581375763039359,-0.04576020199674361,5.355563364997651e-05
robocasa/LoadFridgeByType,49,5910478,1,learned_wam,4,-0.04249911879049252,-0.042415742974082335,8.33758164101861e-05
robocasa/LoadFridgeByType,49,5910478,1,learned_wam,8,-0.04337014610799407,-0.0432385078787425,0.00013163822925157248
robocasa/LoadFridgeByType,49,5910478,1,learned_physics_score,1,-0.052211544068603746,-0.051991576880367645,0.00021996718823610178
robocasa/LoadFridgeByType,49,5910478,1,learned_physics_score,2,-0.04581375763039359,-0.04576020199674361,5.355563364997651e-05
robocasa/LoadFridgeByType,49,5910478,1,learned_physics_score,4,-0.04249911879049252,-0.042415742974082335,8.33758164101861e-05
robocasa/LoadFridgeByType,49,5910478,1,learned_physics_score,8,-0.04337014610799407,-0.0432385078787425,0.00013163822925157248
robocasa/LoadFridgeByType,49,5910478,1,learned_energy_regularized,1,-0.052211544068603746,-0.051991576880367645,0.00021996718823610178
robocasa/LoadFridgeByType,49,5910478,1,learned_energy_regularized,2,-0.04743174339355342,-0.04712663638538129,0.00030510700817212855
robocasa/LoadFridgeByType,49,5910478,1,learned_energy_regularized,4,-0.044212627808335334,-0.044038619689376834,0.0001740081189584991
robocasa/LoadFridgeByType,49,5910478,1,learned_energy_regularized,8,-0.04373309832227355,-0.04347931528755812,0.0002537830347154324
robocasa/LoadFridgeByType,49,5910478,1,oracle_real_utility,1,-0.05221154406860374,-0.051991576880367645,0.00021996718823609485
robocasa/LoadFridgeByType,49,5910478,1,oracle_real_utility,2,-0.04395859108163873,-0.043953659691719424,4.931389919304863e-06
robocasa/LoadFridgeByType,49,5910478,1,oracle_real_utility,4,-0.038676022431461024,-0.03879063828806782,0.00011461585660679785
robocasa/LoadFridgeByType,49,5910478,1,oracle_real_utility,8,-0.03630424616647392,-0.0362307962976447,7.344986882922011e-05
robocasa/ArrangeDrinkware,50,6000474,0,learned_wam,1,-0.06224396139024264,-0.061048180140329734,0.0011957812499129028
robocasa/ArrangeDrinkware,50,6000474,0,learned_wam,2,-0.054457369490749016,-0.05414180470530086,0.00031556478544815525
robocasa/ArrangeDrinkware,50,6000474,0,learned_wam,4,-0.05037316857713129,-0.05041711618182485,4.3947604693561626e-05
robocasa/ArrangeDrinkware,50,6000474,0,learned_wam,8,-0.04967085380150724,-0.04973970629062995,6.88524891227088e-05
robocasa/ArrangeDrinkware,50,6000474,0,learned_physics_score,1,-0.06224396139024264,-0.061048180140329734,0.0011957812499129028
robocasa/ArrangeDrinkware,50,6000474,0,learned_physics_score,2,-0.054457369490749016,-0.05414180470530086,0.00031556478544815525
robocasa/ArrangeDrinkware,50,6000474,0,learned_physics_score,4,-0.05037316857713129,-0.05041711618182485,4.3947604693561626e-05
robocasa/ArrangeDrinkware,50,6000474,0,learned_physics_score,8,-0.04967085380150724,-0.04973970629062995,6.88524891227088e-05
robocasa/ArrangeDrinkware,50,6000474,0,learned_energy_regularized,1,-0.06224396139024264,-0.061048180140329734,0.0011957812499129028
robocasa/ArrangeDrinkware,50,6000474,0,learned_energy_regularized,2,-0.05477907432480911,-0.05444077128429027,0.0003383030405188364
robocasa/ArrangeDrinkware,50,6000474,0,learned_energy_regularized,4,-0.050574234098418845,-0.050620744784645,4.65106862261519e-05
robocasa/ArrangeDrinkware,50,6000474,0,learned_energy_regularized,8,-0.04968886919367339,-0.04975000084531987,6.113165164647882e-05
robocasa/ArrangeDrinkware,50,6000474,0,oracle_real_utility,1,-0.06224396139024263,-0.061048180140329734,0.0011957812499128959
robocasa/ArrangeDrinkware,50,6000474,0,oracle_real_utility,2,-0.05386323851609149,-0.05350354437962441,0.00035969413646708137
robocasa/ArrangeDrinkware,50,6000474,0,oracle_real_utility,4,-0.04844261025307817,-0.048644332900356274,0.00020172264727810751
robocasa/ArrangeDrinkware,50,6000474,0,oracle_real_utility,8,-0.04541530105498698,-0.045592624282502624,0.00017732322751564528
robocasa/ArrangeDrinkware,50,6010481,1,learned_wam,1,4.944528845875385,4.945528569073713,0.000999723198328084
robocasa/ArrangeDrinkware,50,6010481,1,learned_wam,2,4.953179990834746,4.953619929931448,0.0004399390967018135
robocasa/ArrangeDrinkware,50,6010481,1,learned_wam,4,4.959599974529258,4.959437502958794,0.00016247157046400673
robocasa/ArrangeDrinkware,50,6010481,1,learned_wam,8,4.963138585429549,4.963303566158292,0.00016498072874249203
robocasa/ArrangeDrinkware,50,6010481,1,learned_physics_score,1,4.944528845875385,4.945528569073713,0.000999723198328084
robocasa/ArrangeDrinkware,50,6010481,1,learned_physics_score,2,4.953179990834746,4.953619929931448,0.0004399390967018135
robocasa/ArrangeDrinkware,50,6010481,1,learned_physics_score,4,4.959599974529258,4.959437502958794,0.00016247157046400673
robocasa/ArrangeDrinkware,50,6010481,1,learned_physics_score,8,4.963138585429549,4.963303566158292,0.00016498072874249203
robocasa/ArrangeDrinkware,50,6010481,1,learned_energy_regularized,1,4.944528845875385,4.945528569073713,0.000999723198328084
robocasa/ArrangeDrinkware,50,6010481,1,learned_energy_regularized,2,4.952037993770668,4.952747252409417,0.0007092586387491551
robocasa/ArrangeDrinkware,50,6010481,1,learned_energy_regularized,4,4.956057337985332,4.956042908510825,1.4429474506805207e-05
robocasa/ArrangeDrinkware,50,6010481,1,learned_energy_regularized,8,4.958114537115664,4.958198665374848,8.41282591839132e-05
robocasa/ArrangeDrinkware,50,6010481,1,oracle_real_utility,1,4.944528845875386,4.945528569073713,0.000999723198327196
robocasa/ArrangeDrinkware,50,6010481,1,oracle_real_utility,2,4.953390171893529,4.953909139068334,0.0005189671748047076
robocasa/ArrangeDrinkware,50,6010481,1,oracle_real_utility,4,4.960568777847086,4.960278227193925,0.0002905506531609703
robocasa/ArrangeDrinkware,50,6010481,1,oracle_real_utility,8,4.965915632655183,4.966135125382218,0.00021949272703469802
robocasa/GatherVegetables,51,6100477,0,learned_wam,1,-0.0533347122929637,-0.054022892972584474,0.0006881806796207729
robocasa/GatherVegetables,51,6100477,0,learned_wam,2,-0.043422425250565326,-0.043253038619490244,0.00016938663107508162
robocasa/GatherVegetables,51,6100477,0,learned_wam,4,-0.03830473776123744,-0.03820326252843037,0.00010147523280706894
robocasa/GatherVegetables,51,6100477,0,learned_wam,8,-0.03698616240160175,-0.036908452177584816,7.771022401693167e-05
robocasa/GatherVegetables,51,6100477,0,learned_physics_score,1,-0.0533347122929637,-0.054022892972584474,0.0006881806796207729
robocasa/GatherVegetables,51,6100477,0,learned_physics_score,2,-0.043422425250565326,-0.043253038619490244,0.00016938663107508162
robocasa/GatherVegetables,51,6100477,0,learned_physics_score,4,-0.03830473776123744,-0.03820326252843037,0.00010147523280706894
robocasa/GatherVegetables,51,6100477,0,learned_physics_score,8,-0.03698616240160175,-0.036908452177584816,7.771022401693167e-05
robocasa/GatherVegetables,51,6100477,0,learned_energy_regularized,1,-0.0533347122929637,-0.054022892972584474,0.0006881806796207729
robocasa/GatherVegetables,51,6100477,0,learned_energy_regularized,2,-0.044524628747246754,-0.04410601736218936,0.000418611385057395
robocasa/GatherVegetables,51,6100477,0,learned_energy_regularized,4,-0.039603425511738746,-0.03952209935594262,8.132615579612562e-05
robocasa/GatherVegetables,51,6100477,0,learned_energy_regularized,8,-0.03748219757886073,-0.037211717612987645,0.0002704799658730869
robocasa/GatherVegetables,51,6100477,0,oracle_real_utility,1,-0.0533347122929637,-0.054022892972584474,0.0006881806796207729
robocasa/GatherVegetables,51,6100477,0,oracle_real_utility,2,-0.04222185816285261,-0.04222659375328796,4.735590435352155e-06
robocasa/GatherVegetables,51,6100477,0,oracle_real_utility,4,-0.035591533431482525,-0.03553055267949894,6.0980751983581716e-05
robocasa/GatherVegetables,51,6100477,0,oracle_real_utility,8,-0.03230299142321561,-0.032264407574729904,3.858384848570706e-05
robocasa/GatherVegetables,51,6110484,1,learned_wam,1,-0.0464974854458422,-0.04611192744279179,0.00038555800305040827
robocasa/GatherVegetables,51,6110484,1,learned_wam,2,-0.037065322331863854,-0.03691353959230337,0.00015178273956048538
robocasa/GatherVegetables,51,6110484,1,learned_wam,4,-0.029910879701678203,-0.02988167700982262,2.9202691855582247e-05
robocasa/GatherVegetables,51,6110484,1,learned_wam,8,-0.023635686628603835,-0.023212719942585048,0.00042296668601878723
robocasa/GatherVegetables,51,6110484,1,learned_physics_score,1,-0.0464974854458422,-0.04611192744279179,0.00038555800305040827
robocasa/GatherVegetables,51,6110484,1,learned_physics_score,2,-0.037065322331863854,-0.03691353959230337,0.00015178273956048538
robocasa/GatherVegetables,51,6110484,1,learned_physics_score,4,-0.029910879701678203,-0.02988167700982262,2.9202691855582247e-05
robocasa/GatherVegetables,51,6110484,1,learned_physics_score,8,-0.023635686628603835,-0.023212719942585048,0.00042296668601878723
robocasa/GatherVegetables,51,6110484,1,learned_energy_regularized,1,-0.04649748544584219,-0.04611192744279179,0.0003855580030503944
robocasa/GatherVegetables,51,6110484,1,learned_energy_regularized,2,-0.037040889005127205,-0.03688992784539734,0.0001509611597298663
robocasa/GatherVegetables,51,6110484,1,learned_energy_regularized,4,-0.029747443622728152,-0.02972924715386101,1.819646886714113e-05
robocasa/GatherVegetables,51,6110484,1,learned_energy_regularized,8,-0.023492596387171896,-0.023096875856273773,0.0003957205308981228
robocasa/GatherVegetables,51,6110484,1,oracle_real_utility,1,-0.046497485445842195,-0.04611192744279179,0.00038555800305040133
robocasa/GatherVegetables,51,6110484,1,oracle_real_utility,2,-0.03688893213854179,-0.03674452589720177,0.00014440624134001712
robocasa/GatherVegetables,51,6110484,1,oracle_real_utility,4,-0.02940375789587725,-0.029295999779692345,0.00010775811618490491
robocasa/GatherVegetables,51,6110484,1,oracle_real_utility,8,-0.023003167802739477,-0.022624985826938806,0.00037818197580067117
robocasa/OrganizeCondiments,52,6200480,0,learned_wam,1,-0.05656486074359654,-0.05643560311213672,0.0001292576314598226
robocasa/OrganizeCondiments,52,6200480,0,learned_wam,2,-0.05208930725411777,-0.05223769546065548,0.00014838820653770984
robocasa/OrganizeCondiments,52,6200480,0,learned_wam,4,-0.045303772948335826,-0.04488801029935065,0.0004157626489851782
robocasa/OrganizeCondiments,52,6200480,0,learned_wam,8,-0.03732410898296493,-0.03661820710108584,0.0007059018818790924
robocasa/OrganizeCondiments,52,6200480,0,learned_physics_score,1,-0.05656486074359654,-0.05643560311213672,0.0001292576314598226
robocasa/OrganizeCondiments,52,6200480,0,learned_physics_score,2,-0.05208930725411777,-0.05223769546065548,0.00014838820653770984
robocasa/OrganizeCondiments,52,6200480,0,learned_physics_score,4,-0.045303772948335826,-0.04488801029935065,0.0004157626489851782
robocasa/OrganizeCondiments,52,6200480,0,learned_physics_score,8,-0.03732410898296493,-0.03661820710108584,0.0007059018818790924
robocasa/OrganizeCondiments,52,6200480,0,learned_energy_regularized,1,-0.05656486074359654,-0.05643560311213672,0.0001292576314598226
robocasa/OrganizeCondiments,52,6200480,0,learned_energy_regularized,2,-0.052731660443783676,-0.052951157316731085,0.00021949687294740838
robocasa/OrganizeCondiments,52,6200480,0,learned_energy_regularized,4,-0.04556248695436848,-0.04529719295734614,0.00026529399702233947
robocasa/OrganizeCondiments,52,6200480,0,learned_energy_regularized,8,-0.03753937137562953,-0.03692030962535933,0.0006190617502701973
robocasa/OrganizeCondiments,52,6200480,0,oracle_real_utility,1,-0.05656486074359654,-0.05643560311213672,0.0001292576314598226
robocasa/OrganizeCondiments,52,6200480,0,oracle_real_utility,2,-0.04992697395605464,-0.05013367693369355,0.00020670297763891038
robocasa/OrganizeCondiments,52,6200480,0,oracle_real_utility,4,-0.043243306705248404,-0.04294461115619504,0.00029869554905336687
robocasa/OrganizeCondiments,52,6200480,0,oracle_real_utility,8,-0.036367352132084335,-0.035898835015089677,0.00046851711699465864
robocasa/OrganizeCondiments,52,6210487,1,learned_wam,1,-0.0517686519633979,-0.05186444911611946,9.579715272155925e-05
robocasa/OrganizeCondiments,52,6210487,1,learned_wam,2,-0.04382123916512381,-0.044052502269387436,0.0002312631042636279
robocasa/OrganizeCondiments,52,6210487,1,learned_wam,4,-0.03952275763897374,-0.039221609040040975,0.0003011485989327656
robocasa/OrganizeCondiments,52,6210487,1,learned_wam,8,-0.0403243513361729,-0.04010091831312054,0.00022343302305236068
robocasa/OrganizeCondiments,52,6210487,1,learned_physics_score,1,-0.0517686519633979,-0.05186444911611946,9.579715272155925e-05
robocasa/OrganizeCondiments,52,6210487,1,learned_physics_score,2,-0.04382123916512381,-0.044052502269387436,0.0002312631042636279
robocasa/OrganizeCondiments,52,6210487,1,learned_physics_score,4,-0.03952275763897374,-0.039221609040040975,0.0003011485989327656
robocasa/OrganizeCondiments,52,6210487,1,learned_physics_score,8,-0.0403243513361729,-0.04010091831312054,0.00022343302305236068
robocasa/OrganizeCondiments,52,6210487,1,learned_energy_regularized,1,-0.051768651963397895,-0.05186444911611946,9.579715272156619e-05
robocasa/OrganizeCondiments,52,6210487,1,learned_energy_regularized,2,-0.04401827584265762,-0.04426844401414494,0.0002501681714873194
robocasa/OrganizeCondiments,52,6210487,1,learned_energy_regularized,4,-0.03995081917869038,-0.03951435433102111,0.00043646484766927257
robocasa/OrganizeCondiments,52,6210487,1,learned_energy_regularized,8,-0.040481428724804716,-0.040203408746896784,0.0002780199779079326
robocasa/OrganizeCondiments,52,6210487,1,oracle_real_utility,1,-0.0517686519633979,-0.05186444911611946,9.579715272155925e-05
robocasa/OrganizeCondiments,52,6210487,1,oracle_real_utility,2,-0.042566154394958,-0.042874134181982826,0.00030797978702482715
robocasa/OrganizeCondiments,52,6210487,1,oracle_real_utility,4,-0.03491766616457587,-0.03440408578811994,0.0005135803764559285
robocasa/OrganizeCondiments,52,6210487,1,oracle_real_utility,8,-0.02975147620570351,-0.029500646723632704,0.00025082948207080444
robocasa/TurnOnMicrowave,53,6300483,0,learned_wam,1,-0.04590826380756261,-0.04579465271238881,0.00011361109517379897
robocasa/TurnOnMicrowave,53,6300483,0,learned_wam,2,-0.04045887268838931,-0.04046109290232184,2.2202139325286363e-06
robocasa/TurnOnMicrowave,53,6300483,0,learned_wam,4,-0.037874102143393686,-0.03771714296352485,0.0001569591798688333
robocasa/TurnOnMicrowave,53,6300483,0,learned_wam,8,-0.035972534273852975,-0.035838665190176776,0.00013386908367619965
robocasa/TurnOnMicrowave,53,6300483,0,learned_physics_score,1,-0.04590826380756261,-0.04579465271238881,0.00011361109517379897
robocasa/TurnOnMicrowave,53,6300483,0,learned_physics_score,2,-0.04045887268838931,-0.04046109290232184,2.2202139325286363e-06
robocasa/TurnOnMicrowave,53,6300483,0,learned_physics_score,4,-0.037874102143393686,-0.03771714296352485,0.0001569591798688333
robocasa/TurnOnMicrowave,53,6300483,0,learned_physics_score,8,-0.035972534273852975,-0.035838665190176776,0.00013386908367619965
robocasa/TurnOnMicrowave,53,6300483,0,learned_energy_regularized,1,-0.04590826380756261,-0.04579465271238881,0.00011361109517379897
robocasa/TurnOnMicrowave,53,6300483,0,learned_energy_regularized,2,-0.04045887268838931,-0.04046109290232184,2.2202139325286363e-06
robocasa/TurnOnMicrowave,53,6300483,0,learned_energy_regularized,4,-0.037874102143393686,-0.03771714296352485,0.0001569591798688333
robocasa/TurnOnMicrowave,53,6300483,0,learned_energy_regularized,8,-0.035972534273852975,-0.035838665190176776,0.00013386908367619965
robocasa/TurnOnMicrowave,53,6300483,0,oracle_real_utility,1,-0.04590826380756261,-0.04579465271238881,0.00011361109517379897
robocasa/TurnOnMicrowave,53,6300483,0,oracle_real_utility,2,-0.03976119180711676,-0.039807894768070236,4.6702960953479145e-05
robocasa/TurnOnMicrowave,53,6300483,0,oracle_real_utility,4,-0.03587691785593762,-0.03571261671478622,0.0001643011411514017
robocasa/TurnOnMicrowave,53,6300483,0,oracle_real_utility,8,-0.033248312930464353,-0.033175216883086674,7.309604737767983e-05
robocasa/TurnOnMicrowave,53,6310490,1,learned_wam,1,-0.055224820005229956,-0.05545825560576478,0.00023343560053482038
robocasa/TurnOnMicrowave,53,6310490,1,learned_wam,2,-0.050666518931203254,-0.05050247811945239,0.00016404081175086516
robocasa/TurnOnMicrowave,53,6310490,1,learned_wam,4,-0.049222323594159643,-0.04918345546708757,3.8868127072072545e-05
robocasa/TurnOnMicrowave,53,6310490,1,learned_wam,8,-0.048620215811581755,-0.04859189262316331,2.832318841844428e-05
robocasa/TurnOnMicrowave,53,6310490,1,learned_physics_score,1,-0.055224820005229956,-0.05545825560576478,0.00023343560053482038
robocasa/TurnOnMicrowave,53,6310490,1,learned_physics_score,2,-0.050666518931203254,-0.05050247811945239,0.00016404081175086516
robocasa/TurnOnMicrowave,53,6310490,1,learned_physics_score,4,-0.049222323594159643,-0.04918345546708757,3.8868127072072545e-05
robocasa/TurnOnMicrowave,53,6310490,1,learned_physics_score,8,-0.048620215811581755,-0.04859189262316331,2.832318841844428e-05
robocasa/TurnOnMicrowave,53,6310490,1,learned_energy_regularized,1,-0.05522482000522996,-0.05545825560576478,0.00023343560053481344
robocasa/TurnOnMicrowave,53,6310490,1,learned_energy_regularized,2,-0.05074242143257622,-0.05061261450347618,0.0001298069291000431
robocasa/TurnOnMicrowave,53,6310490,1,learned_energy_regularized,4,-0.04973505360308128,-0.04944546310827448,0.000289590494806799
robocasa/TurnOnMicrowave,53,6310490,1,learned_energy_regularized,8,-0.04955932026087932,-0.04960950566350891,5.018540262959059e-05
robocasa/TurnOnMicrowave,53,6310490,1,oracle_real_utility,1,-0.05522482000522996,-0.05545825560576478,0.00023343560053481344
robocasa/TurnOnMicrowave,53,6310490,1,oracle_real_utility,2,-0.049686923303083524,-0.04950678579170677,0.00018013751137675726
robocasa/TurnOnMicrowave,53,6310490,1,oracle_real_utility,4,-0.04677831163201046,-0.04661922555148829,0.00015908608052216805
robocasa/TurnOnMicrowave,53,6310490,1,oracle_real_utility,8,-0.04528663802841763,-0.045329119103895414,4.248107547778074e-05
robocasa/TurnOnToaster,54,6400486,0,learned_wam,1,-0.05191069611149206,-0.051378724791713036,0.0005319713197790218
robocasa/TurnOnToaster,54,6400486,0,learned_wam,2,-0.04185051441378852,-0.042355453003425025,0.0005049385896365027
robocasa/TurnOnToaster,54,6400486,0,learned_wam,4,-0.03343520740057755,-0.03372217296834241,0.0002869655677648561
robocasa/TurnOnToaster,54,6400486,0,learned_wam,8,-0.025910685169557354,-0.025640905550613588,0.00026977961894376554
robocasa/TurnOnToaster,54,6400486,0,learned_physics_score,1,-0.05191069611149206,-0.051378724791713036,0.0005319713197790218
robocasa/TurnOnToaster,54,6400486,0,learned_physics_score,2,-0.04185051441378852,-0.042355453003425025,0.0005049385896365027
robocasa/TurnOnToaster,54,6400486,0,learned_physics_score,4,-0.03343520740057755,-0.03372217296834241,0.0002869655677648561
robocasa/TurnOnToaster,54,6400486,0,learned_physics_score,8,-0.025910685169557354,-0.025640905550613588,0.00026977961894376554
robocasa/TurnOnToaster,54,6400486,0,learned_energy_regularized,1,-0.05191069611149206,-0.051378724791713036,0.0005319713197790218
robocasa/TurnOnToaster,54,6400486,0,learned_energy_regularized,2,-0.04219939388769885,-0.04264751436526406,0.00044812047756521284
robocasa/TurnOnToaster,54,6400486,0,learned_energy_regularized,4,-0.0341111613812788,-0.03440642514709305,0.0002952637658142493
robocasa/TurnOnToaster,54,6400486,0,learned_energy_regularized,8,-0.02631993288739686,-0.02602301203958597,0.00029692084781089007
robocasa/TurnOnToaster,54,6400486,0,oracle_real_utility,1,-0.05191069611149206,-0.051378724791713036,0.0005319713197790218
robocasa/TurnOnToaster,54,6400486,0,oracle_real_utility,2,-0.04169037838250723,-0.04219039389216708,0.0005000155096598555
robocasa/TurnOnToaster,54,6400486,0,oracle_real_utility,4,-0.03325611818752469,-0.03354013061388664,0.0002840124263619459
robocasa/TurnOnToaster,54,6400486,0,oracle_real_utility,8,-0.025868870077411114,-0.025617580777624625,0.00025128929978648906
robocasa/TurnOnToaster,54,6410493,1,learned_wam,1,-0.05704515934639527,-0.057324005752393964,0.00027884640599869226
robocasa/TurnOnToaster,54,6410493,1,learned_wam,2,-0.05140116875344706,-0.051164978191578496,0.0002361905618685628
robocasa/TurnOnToaster,54,6410493,1,learned_wam,4,-0.04664815842642679,-0.04711384493899834,0.0004656865125715476
robocasa/TurnOnToaster,54,6410493,1,learned_wam,8,-0.04155235405917722,-0.04121597597320845,0.0003363780859687651
robocasa/TurnOnToaster,54,6410493,1,learned_physics_score,1,-0.05704515934639527,-0.057324005752393964,0.00027884640599869226
robocasa/TurnOnToaster,54,6410493,1,learned_physics_score,2,-0.05140116875344706,-0.051164978191578496,0.0002361905618685628
robocasa/TurnOnToaster,54,6410493,1,learned_physics_score,4,-0.04664815842642679,-0.04711384493899834,0.0004656865125715476
robocasa/TurnOnToaster,54,6410493,1,learned_physics_score,8,-0.04155235405917722,-0.04121597597320845,0.0003363780859687651
robocasa/TurnOnToaster,54,6410493,1,learned_energy_regularized,1,-0.05704515934639528,-0.057324005752393964,0.0002788464059986853
robocasa/TurnOnToaster,54,6410493,1,learned_energy_regularized,2,-0.052106463074348186,-0.051790501991332366,0.00031596108301581993
robocasa/TurnOnToaster,54,6410493,1,learned_energy_regularized,4,-0.0472221475513949,-0.047654408795427136,0.00043226124403223515
robocasa/TurnOnToaster,54,6410493,1,learned_energy_regularized,8,-0.04171449961334141,-0.04137158223245498,0.0003429173808864247
robocasa/TurnOnToaster,54,6410493,1,oracle_real_utility,1,-0.057045159346395286,-0.057324005752393964,0.0002788464059986784
robocasa/TurnOnToaster,54,6410493,1,oracle_real_utility,2,-0.051102460023682246,-0.05082107351307111,0.00028138651061113823
robocasa/TurnOnToaster,54,6410493,1,oracle_real_utility,4,-0.04593112994133523,-0.04634583015034603,0.00041470020901079874
robocasa/TurnOnToaster,54,6410493,1,oracle_real_utility,8,-0.04081985914412566,-0.04051596732300225,0.0003038918211234129
