benchmark,seed,state_id,scorer,N,real_utility,normalized_real_utility,success
reach-v3,15001,0,random,1,4.938521593328533,0.49594608508039073,0.0
reach-v3,15001,0,random,2,4.890186813079937,0.48539942581513534,0.0
reach-v3,15001,0,random,4,4.840485475762715,0.4745545835086995,0.0
reach-v3,15001,0,random,8,4.83082925861639,0.47244759488663884,0.0
reach-v3,15001,0,random,16,4.827819666173717,0.4717909011796041,0.0
reach-v3,15001,0,random,32,4.921526744322903,0.49223780543569234,0.0
reach-v3,15001,0,learned_wam,1,4.938521593328531,0.4959460850803907,0.0
reach-v3,15001,0,learned_wam,2,5.047495567528044,0.5197242292811461,0.0
reach-v3,15001,0,learned_wam,4,4.992130414762466,0.5076435412468959,0.0
reach-v3,15001,0,learned_wam,8,4.907580893209274,0.48919481777539986,0.0
reach-v3,15001,0,learned_wam,16,4.802033647567978,0.466164386470247,0.0
reach-v3,15001,0,learned_wam,32,4.62250730403818,0.4269917003711742,0.0
reach-v3,15001,0,predicted_success,1,4.938521593328532,0.4959460850803907,0.0
reach-v3,15001,0,predicted_success,2,4.938521593328532,0.4959460850803907,0.0
reach-v3,15001,0,predicted_success,4,4.938521593328532,0.4959460850803907,0.0
reach-v3,15001,0,predicted_success,8,4.938521593328532,0.4959460850803907,0.0
reach-v3,15001,0,predicted_success,16,4.938521593328532,0.4959460850803907,0.0
reach-v3,15001,0,predicted_success,32,4.938521593328532,0.4959460850803907,0.0
reach-v3,15001,0,benchmark_reward,1,4.938521593328534,0.49594608508039084,0.0
reach-v3,15001,0,benchmark_reward,2,5.637968520175384,0.6485655523386061,0.0
reach-v3,15001,0,benchmark_reward,4,6.166884266216839,0.7639750799052385,0.0
reach-v3,15001,0,benchmark_reward,8,6.541209930789562,0.8456530190245212,0.0
reach-v3,15001,0,benchmark_reward,16,6.799970097778284,0.9021145421475079,0.0
reach-v3,15001,0,benchmark_reward,32,6.976990060392117,0.9407403354010218,0.0
reach-v3,15001,0,low_energy,1,4.938521593328532,0.49594608508039056,0.0
reach-v3,15001,0,low_energy,2,4.840553062462465,0.4745693309408689,0.0
reach-v3,15001,0,low_energy,4,4.84576769908697,0.4757071657543906,0.0
reach-v3,15001,0,low_energy,8,4.858826212225381,0.47855653608096155,0.0
reach-v3,15001,0,low_energy,16,4.837288577152972,0.4738570195564253,0.0
reach-v3,15001,0,low_energy,32,4.589814961595504,0.4198582243410239,0.0
reach-v3,15001,0,oracle_real_utility,1,4.938521593328532,0.4959460850803908,0.0
reach-v3,15001,0,oracle_real_utility,2,5.639341279744988,0.6488650887668105,0.0
reach-v3,15001,0,oracle_real_utility,4,6.169527406703802,0.7645518137180919,0.0
reach-v3,15001,0,oracle_real_utility,8,6.543691285536599,0.846194451154731,0.0
reach-v3,15001,0,oracle_real_utility,16,6.801360553662484,0.9024179399152974,0.0
reach-v3,15001,0,oracle_real_utility,32,6.977599661900465,0.9408733505789757,0.0
reach-v3,15001,1,random,1,8.648563187521743,0.33377573998381854,0.04166666666666663
reach-v3,15001,1,random,2,8.583681055566185,0.32628105198097146,0.059027777777777735
reach-v3,15001,1,random,4,8.336582591245644,0.29773812590490456,0.06020628375771603
reach-v3,15001,1,random,8,7.823865186312355,0.23851292987964867,0.03328651841062724
reach-v3,15001,1,random,16,7.293629979862499,0.1772642113081172,0.0061207981742277
reach-v3,15001,1,random,32,6.822120887962479,0.12279908465788646,0.0001424252750191235
reach-v3,15001,1,learned_wam,1,8.648563187521741,0.3337757399838186,0.04166666666666674
reach-v3,15001,1,learned_wam,2,8.816327946709862,0.3531546427740194,0.06510416666666674
reach-v3,15001,1,learned_wam,4,8.970967381302792,0.371017408381114,0.07965653030960662
reach-v3,15001,1,learned_wam,8,8.917862428357145,0.3648831300869585,0.060171396949570896
reach-v3,15001,1,learned_wam,16,8.656509933468929,0.3346936873403089,0.01778120900395102
reach-v3,15001,1,learned_wam,32,8.358376706740758,0.3002556155590018,0.0008754549629338711
reach-v3,15001,1,predicted_success,1,8.648563187521743,0.3337757399838186,0.041666666666666664
reach-v3,15001,1,predicted_success,2,8.648563187521743,0.3337757399838186,0.041666666666666664
reach-v3,15001,1,predicted_success,4,8.648563187521743,0.3337757399838186,0.041666666666666664
reach-v3,15001,1,predicted_success,8,8.648563187521743,0.3337757399838186,0.041666666666666664
reach-v3,15001,1,predicted_success,16,8.648563187521743,0.3337757399838186,0.041666666666666664
reach-v3,15001,1,predicted_success,32,8.648563187521743,0.3337757399838186,0.041666666666666664
reach-v3,15001,1,benchmark_reward,1,8.648563187521743,0.3337757399838186,0.04166666666666674
reach-v3,15001,1,benchmark_reward,2,9.481707577628386,0.4300142123794037,0.07812500000000022
reach-v3,15001,1,benchmark_reward,4,10.235197704551206,0.5170516330729833,0.137396918402778
reach-v3,15001,1,benchmark_reward,8,10.902612114145322,0.5941462447595813,0.21290070276365075
reach-v3,15001,1,benchmark_reward,16,11.28169110891215,0.6379345530130209,0.2576015889964624
reach-v3,15001,1,benchmark_reward,32,11.087238817037324,0.615472910414121,0.19440326452948492
reach-v3,15001,1,low_energy,1,8.64856318752174,0.33377573998381854,0.041666666666666685
reach-v3,15001,1,low_energy,2,8.566998414428085,0.32435400077865917,0.0338541666666667
reach-v3,15001,1,low_energy,4,8.350094972236526,0.29929897288464963,0.015501799406828724
reach-v3,15001,1,low_energy,8,8.08519028161778,0.2686992076359036,0.0026256249202768834
reach-v3,15001,1,low_energy,16,7.799221915380079,0.23566632756495337,4.553515014381941e-05
reach-v3,15001,1,low_energy,32,7.624016497342578,0.2154279367318822,7.074716210314195e-09
reach-v3,15001,1,oracle_real_utility,1,8.648563187521743,0.3337757399838186,0.04166666666666663
reach-v3,15001,1,oracle_real_utility,2,9.49733235985461,0.43181906780521184,0.0815972222222221
reach-v3,15001,1,oracle_real_utility,4,10.315512288743884,0.5263289600112353,0.1565363377700616
reach-v3,15001,1,oracle_real_utility,8,11.215785513879784,0.6303216423776563,0.28856905049766035
reach-v3,15001,1,oracle_real_utility,16,12.256308155441122,0.7505148654323833,0.49386600409019954
reach-v3,15001,1,oracle_real_utility,32,13.348173215586266,0.8766387722824698,0.743828378184378
reach-v3,15001,2,random,1,4.691827128134239,0.3863260424677263,0.0
reach-v3,15001,2,random,2,4.762116112442419,0.39448214155383676,0.0
reach-v3,15001,2,random,4,4.877702419473735,0.40789439074798717,0.0
reach-v3,15001,2,random,8,4.923276747288113,0.41318268360205934,0.0
reach-v3,15001,2,random,16,4.705580257657043,0.38792190970405316,0.0
reach-v3,15001,2,random,32,4.127007273968864,0.32078623218711066,0.0
reach-v3,15001,2,learned_wam,1,4.691827128134235,0.38632604246772617,0.0
reach-v3,15001,2,learned_wam,2,4.802691636536389,0.3991903899122184,0.0
reach-v3,15001,2,learned_wam,4,4.954372302463777,0.4167909080151246,0.0
reach-v3,15001,2,learned_wam,8,5.090603698415202,0.4325987444059211,0.0
reach-v3,15001,2,learned_wam,16,5.076949296686362,0.4310143332132128,0.0
reach-v3,15001,2,learned_wam,32,4.913774354774344,0.4120800576975847,0.0
reach-v3,15001,2,predicted_success,1,4.691827128134238,0.38632604246772634,0.0
reach-v3,15001,2,predicted_success,2,4.691827128134238,0.38632604246772634,0.0
reach-v3,15001,2,predicted_success,4,4.691827128134238,0.38632604246772634,0.0
reach-v3,15001,2,predicted_success,8,4.691827128134238,0.38632604246772634,0.0
reach-v3,15001,2,predicted_success,16,4.691827128134238,0.38632604246772634,0.0
reach-v3,15001,2,predicted_success,32,4.691827128134238,0.38632604246772634,0.0
reach-v3,15001,2,benchmark_reward,1,4.691827128134237,0.3863260424677263,0.0
reach-v3,15001,2,benchmark_reward,2,6.218590641422089,0.5634865835965699,0.0
reach-v3,15001,2,benchmark_reward,4,7.724288709188323,0.7382027607520478,0.0
reach-v3,15001,2,benchmark_reward,8,8.876348796796123,0.8718839672763097,0.0
reach-v3,15001,2,benchmark_reward,16,9.503934187104438,0.9447068808342494,0.0
reach-v3,15001,2,benchmark_reward,32,9.789956706558174,0.9778959791330017,0.0
reach-v3,15001,2,low_energy,1,4.691827128134239,0.38632604246772645,0.0
reach-v3,15001,2,low_energy,2,4.795243454638695,0.39832612774984855,0.0
reach-v3,15001,2,low_energy,4,4.729927846001674,0.39074712257348326,0.0
reach-v3,15001,2,low_energy,8,4.367287183119289,0.3486675106935697,0.0
reach-v3,15001,2,low_energy,16,3.468461130590737,0.24437073620244482,0.0
reach-v3,15001,2,low_energy,32,2.4444599590857616,0.1255490587903857,0.0
reach-v3,15001,2,oracle_real_utility,1,4.691827128134237,0.3863260424677263,0.0
reach-v3,15001,2,oracle_real_utility,2,6.219084634970695,0.5635439049588004,0.0
reach-v3,15001,2,oracle_real_utility,4,7.724750866479189,0.7382563879412124,0.0
reach-v3,15001,2,oracle_real_utility,8,8.876514869836353,0.8719032378374791,0.0
reach-v3,15001,2,oracle_real_utility,16,9.503942453015814,0.9447078399830106,0.0
reach-v3,15001,2,oracle_real_utility,32,9.789956720194308,0.9778959807152932,0.0
reach-v3,15002,0,random,1,7.795810434492009,0.5757066986581462,0.0
reach-v3,15002,0,random,2,7.7593561140985265,0.5635316745808199,0.0
reach-v3,15002,0,random,4,7.625860997502941,0.5189469383626312,0.0
reach-v3,15002,0,random,8,7.415465899940282,0.4486791250848725,0.0
reach-v3,15002,0,random,16,7.260267180230923,0.39684581345442205,0.0
reach-v3,15002,0,random,32,7.105962380185792,0.3453110533623811,0.0
reach-v3,15002,0,learned_wam,1,7.795810434492011,0.5757066986581463,0.0
reach-v3,15002,0,learned_wam,2,7.848405362500281,0.5932723673617228,0.0
reach-v3,15002,0,learned_wam,4,7.925544461111265,0.6190353049985994,0.0
reach-v3,15002,0,learned_wam,8,8.048105641594084,0.6599683221888092,0.0
reach-v3,15002,0,learned_wam,16,8.195121941290106,0.7090688669044501,0.0
reach-v3,15002,0,learned_wam,32,8.407591290496871,0.7800294393239737,0.0
reach-v3,15002,0,predicted_success,1,7.795810434492011,0.5757066986581462,0.0
reach-v3,15002,0,predicted_success,2,7.795810434492011,0.5757066986581462,0.0
reach-v3,15002,0,predicted_success,4,7.795810434492011,0.5757066986581462,0.0
reach-v3,15002,0,predicted_success,8,7.795810434492011,0.5757066986581462,0.0
reach-v3,15002,0,predicted_success,16,7.795810434492011,0.5757066986581462,0.0
reach-v3,15002,0,predicted_success,32,7.795810434492011,0.5757066986581462,0.0
reach-v3,15002,0,benchmark_reward,1,7.795810434492009,0.575706698658146,0.0
reach-v3,15002,0,benchmark_reward,2,8.242088065515485,0.7247546261530283,0.0
reach-v3,15002,0,benchmark_reward,4,8.572360830209986,0.8350592160846955,0.0
reach-v3,15002,0,benchmark_reward,8,8.781890111594313,0.9050378638340901,0.0
reach-v3,15002,0,benchmark_reward,16,8.90572963953646,0.9463978238647793,0.0
reach-v3,15002,0,benchmark_reward,32,8.990335225896626,0.9746544211594995,0.0
reach-v3,15002,0,low_energy,1,7.795810434492008,0.5757066986581464,0.0
reach-v3,15002,0,low_energy,2,7.710721439491924,0.5472886524112393,0.0
reach-v3,15002,0,low_energy,4,7.68327805853529,0.5381231043965244,0.0
reach-v3,15002,0,low_energy,8,7.6971202175089495,0.5427461125055059,0.0
reach-v3,15002,0,low_energy,16,7.719478964161016,0.5502134929391415,0.0
reach-v3,15002,0,low_energy,32,7.813533419229309,0.5816258260364549,0.0
reach-v3,15002,0,oracle_real_utility,1,7.795810434492009,0.5757066986581463,0.0
reach-v3,15002,0,oracle_real_utility,2,8.248309624219885,0.7268325040617912,0.0
reach-v3,15002,0,oracle_real_utility,4,8.583283661839578,0.8387072264342905,0.0
reach-v3,15002,0,oracle_real_utility,8,8.797890436525673,0.9103816568106607,0.0
reach-v3,15002,0,oracle_real_utility,16,8.920854598407502,0.951449261840741,0.0
reach-v3,15002,0,oracle_real_utility,32,8.996991663498449,0.9768775400435339,0.0
reach-v3,15002,1,random,1,10.270699990105832,0.3987957438784019,0.12499999999999996
reach-v3,15002,1,random,2,10.260802299307192,0.39744092427008876,0.1310763888888889
reach-v3,15002,1,random,4,10.148216083131949,0.3820298535058973,0.11653005340952928
reach-v3,15002,1,random,8,10.004774623193843,0.3623952431182086,0.07645664156166584
reach-v3,15002,1,random,16,9.91855037264467,0.3505926613107308,0.026338134758028518
reach-v3,15002,1,random,32,9.949768626031991,0.3548658905605496,0.001949600023678492
reach-v3,15002,1,learned_wam,1,10.270699990105832,0.398795743878402,0.12500000000000017
reach-v3,15002,1,learned_wam,2,10.189422723684284,0.38767031709975536,0.11458333333333358
reach-v3,15002,1,learned_wam,4,9.977650763170349,0.35868246423265254,0.09140805844907424
reach-v3,15002,1,learned_wam,8,9.650919491903071,0.3139587057351055,0.05229323392773971
reach-v3,15002,1,learned_wam,16,9.435924037104197,0.28452961325430226,0.018302140852543437
reach-v3,15002,1,learned_wam,32,9.495735693585267,0.29271677596273304,0.0016244911136487597
reach-v3,15002,1,predicted_success,1,10.270699990105836,0.39879574387840194,0.125
reach-v3,15002,1,predicted_success,2,10.270699990105836,0.39879574387840194,0.125
reach-v3,15002,1,predicted_success,4,10.270699990105836,0.39879574387840194,0.125
reach-v3,15002,1,predicted_success,8,10.270699990105836,0.39879574387840194,0.125
reach-v3,15002,1,predicted_success,16,10.270699990105836,0.39879574387840194,0.125
reach-v3,15002,1,predicted_success,32,10.270699990105836,0.39879574387840194,0.125
reach-v3,15002,1,benchmark_reward,1,10.270699990105836,0.39879574387840183,0.125
reach-v3,15002,1,benchmark_reward,2,11.178702651642812,0.523085321647313,0.234375
reach-v3,15002,1,benchmark_reward,4,12.105909726188383,0.6500036454378469,0.413818359375
reach-v3,15002,1,benchmark_reward,8,13.154800212467164,0.7935782858962208,0.6563910841941833
reach-v3,15002,1,benchmark_reward,16,14.085278888014996,0.9209444342630737,0.8819329129787512
reach-v3,15002,1,benchmark_reward,32,14.498390979596,0.9774922062122466,0.9860601629623169
reach-v3,15002,1,low_energy,1,10.270699990105838,0.3987957438784019,0.12500000000000006
reach-v3,15002,1,low_energy,2,10.383026038729176,0.4141712022853342,0.13194444444444436
reach-v3,15002,1,low_energy,4,10.58969455297168,0.4424604832108424,0.14615960768711417
reach-v3,15002,1,low_energy,8,10.600009279002563,0.4438723875999887,0.12615953847459857
reach-v3,15002,1,low_energy,16,10.533353560763505,0.4347483933357066,0.08334690087272809
reach-v3,15002,1,low_energy,32,10.42015865352571,0.41925400348186836,0.032315148937636984
reach-v3,15002,1,oracle_real_utility,1,10.270699990105834,0.39879574387840183,0.125
reach-v3,15002,1,oracle_real_utility,2,11.180493290317242,0.5233304285552655,0.234375
reach-v3,15002,1,oracle_real_utility,4,12.112323521447411,0.6508815810854051,0.413818359375
reach-v3,15002,1,oracle_real_utility,8,13.172488268798684,0.7959994693862297,0.6563910841941833
reach-v3,15002,1,oracle_real_utility,16,14.127912863544383,0.9267802748851574,0.8819329129787512
reach-v3,15002,1,oracle_real_utility,32,14.577044804901586,0.9882585300912906,0.9860601629623169
reach-v3,15002,2,random,1,4.636430921638993,0.3580678747685391,0.0
reach-v3,15002,2,random,2,4.914482286614595,0.40402141298782857,0.0
reach-v3,15002,2,random,4,4.953225705597401,0.41042453632846965,0.0
reach-v3,15002,2,random,8,4.678949584770275,0.365094932562008,0.0
reach-v3,15002,2,random,16,4.1845074152343535,0.2833784945326853,0.0
reach-v3,15002,2,random,32,3.783801399015304,0.21715382689749096,0.0
reach-v3,15002,2,learned_wam,1,4.636430921638994,0.35806787476853924,0.0
reach-v3,15002,2,learned_wam,2,4.6520048881386415,0.3606417836030824,0.0
reach-v3,15002,2,learned_wam,4,4.519664324801313,0.3387698638740861,0.0
reach-v3,15002,2,learned_wam,8,4.357133742556147,0.31190844090044967,0.0
reach-v3,15002,2,learned_wam,16,4.2955032360085355,0.3017227694927285,0.0
reach-v3,15002,2,learned_wam,32,4.537457892573784,0.34171060612421494,0.0
reach-v3,15002,2,predicted_success,1,4.636430921638994,0.35806787476853935,0.0
reach-v3,15002,2,predicted_success,2,4.636430921638994,0.35806787476853935,0.0
reach-v3,15002,2,predicted_success,4,4.636430921638994,0.35806787476853935,0.0
reach-v3,15002,2,predicted_success,8,4.636430921638994,0.35806787476853935,0.0
reach-v3,15002,2,predicted_success,16,4.636430921638994,0.35806787476853935,0.0
reach-v3,15002,2,predicted_success,32,4.636430921638994,0.35806787476853935,0.0
reach-v3,15002,2,benchmark_reward,1,4.636430921638995,0.3580678747685393,0.0
reach-v3,15002,2,benchmark_reward,2,5.6267698666782975,0.5217411534985601,0.0
reach-v3,15002,2,benchmark_reward,4,6.594906093504515,0.6817449898575043,0.0
reach-v3,15002,2,benchmark_reward,8,7.334392860172766,0.803959938875036,0.0
reach-v3,15002,2,benchmark_reward,16,7.84451570149478,0.888267920917421,0.0
reach-v3,15002,2,benchmark_reward,32,8.182232189211287,0.9440823116395325,0.0
reach-v3,15002,2,low_energy,1,4.636430921638994,0.3580678747685393,0.0
reach-v3,15002,2,low_energy,2,4.7791183586248644,0.3816498219009261,0.0
reach-v3,15002,2,low_energy,4,4.843165458257695,0.39223488355336633,0.0
reach-v3,15002,2,low_energy,8,4.9468628825104055,0.4093729528056319,0.0
reach-v3,15002,2,low_energy,16,5.048210503817483,0.42612267021693656,0.0
reach-v3,15002,2,low_energy,32,4.987273690306097,0.4160516454301928,0.0
reach-v3,15002,2,oracle_real_utility,1,4.636430921638994,0.3580678747685393,0.0
reach-v3,15002,2,oracle_real_utility,2,5.628222795378986,0.5219812789681215,0.0
reach-v3,15002,2,oracle_real_utility,4,6.595919019597188,0.6819123961132407,0.0
reach-v3,15002,2,oracle_real_utility,8,7.33481698009019,0.8040300331572079,0.0
reach-v3,15002,2,oracle_real_utility,16,7.844698349164366,0.8882981070906328,0.0
reach-v3,15002,2,oracle_real_utility,32,8.18225596060292,0.9440862403364985,0.0
reach-v3,15003,0,random,1,7.925646485573035,0.5679827171266211,0.0
reach-v3,15003,0,random,2,7.912300608266737,0.565555490375633,0.0
reach-v3,15003,0,random,4,7.961282362991848,0.5744638463158603,0.0
reach-v3,15003,0,random,8,8.043041164897438,0.5893333934096507,0.0
reach-v3,15003,0,random,16,7.911571070622079,0.565422808705757,0.0
reach-v3,15003,0,random,32,7.476647969232528,0.4863229517171842,0.0
reach-v3,15003,0,learned_wam,1,7.9256464855730355,0.5679827171266212,0.0
reach-v3,15003,0,learned_wam,2,7.999306243564927,0.5813792837940529,0.0
reach-v3,15003,0,learned_wam,4,8.018073966101054,0.5847925864304641,0.0
reach-v3,15003,0,learned_wam,8,7.983195709831075,0.578449246483352,0.0
reach-v3,15003,0,learned_wam,16,7.919097791993055,0.5667917003147215,0.0
reach-v3,15003,0,learned_wam,32,7.901980446254164,0.5636785531959682,0.0
reach-v3,15003,0,predicted_success,1,7.925646485573036,0.5679827171266211,0.0
reach-v3,15003,0,predicted_success,2,7.925646485573036,0.5679827171266211,0.0
reach-v3,15003,0,predicted_success,4,7.925646485573036,0.5679827171266211,0.0
reach-v3,15003,0,predicted_success,8,7.925646485573036,0.5679827171266211,0.0
reach-v3,15003,0,predicted_success,16,7.925646485573036,0.5679827171266211,0.0
reach-v3,15003,0,predicted_success,32,7.925646485573036,0.5679827171266211,0.0
reach-v3,15003,0,benchmark_reward,1,7.925646485573037,0.5679827171266211,0.0
reach-v3,15003,0,benchmark_reward,2,8.755493521025238,0.7189077464408659,0.0
reach-v3,15003,0,benchmark_reward,4,9.318349419799837,0.8212748567553118,0.0
reach-v3,15003,0,benchmark_reward,8,9.645685515525367,0.8808077679213621,0.0
reach-v3,15003,0,benchmark_reward,16,9.846706827598664,0.9173676953794602,0.0
reach-v3,15003,0,benchmark_reward,32,9.993899660350252,0.9441377887205477,0.0
reach-v3,15003,0,low_energy,1,7.925646485573038,0.5679827171266212,0.0
reach-v3,15003,0,low_energy,2,7.970659137397136,0.5761692087399365,0.0
reach-v3,15003,0,low_energy,4,7.900504172521846,0.563410061959864,0.0
reach-v3,15003,0,low_energy,8,7.827247189379036,0.5500867483177575,0.0
reach-v3,15003,0,low_energy,16,7.994142262972913,0.5804401059830446,0.0
reach-v3,15003,0,low_energy,32,8.444103860443693,0.6622750278268708,0.0
reach-v3,15003,0,oracle_real_utility,1,7.925646485573035,0.5679827171266212,0.0
reach-v3,15003,0,oracle_real_utility,2,8.760919153853832,0.7198945111802949,0.0
reach-v3,15003,0,oracle_real_utility,4,9.334871541497625,0.8242797499404919,0.0
reach-v3,15003,0,oracle_real_utility,8,9.677452730623775,0.8865853000027373,0.0
reach-v3,15003,0,oracle_real_utility,16,9.900058778872037,0.9270708629102307,0.0
reach-v3,15003,0,oracle_real_utility,32,10.066268006235472,0.9572994851025782,0.0
reach-v3,15003,1,random,1,8.719732398065114,0.6972739122002819,0.0
reach-v3,15003,1,random,2,8.943890538442941,0.7376901778496414,0.0
reach-v3,15003,1,random,4,8.91281314522296,0.7320868471923148,0.0
reach-v3,15003,1,random,8,8.811289297928198,0.7137818470924122,0.0
reach-v3,15003,1,random,16,8.684314247342193,0.6908879322576671,0.0
reach-v3,15003,1,random,32,8.478545510957584,0.6537873215101124,0.0
reach-v3,15003,1,learned_wam,1,8.719732398065116,0.6972739122002821,0.0
reach-v3,15003,1,learned_wam,2,8.82225906745609,0.7157597235978302,0.0
reach-v3,15003,1,learned_wam,4,9.03027785355178,0.7532660238585743,0.0
reach-v3,15003,1,learned_wam,8,9.29203373621967,0.8004612551865841,0.0
reach-v3,15003,1,learned_wam,16,9.623788958538201,0.860277540123584,0.0
reach-v3,15003,1,learned_wam,32,9.886558721864708,0.9076555766353198,0.0
reach-v3,15003,1,predicted_success,1,8.719732398065117,0.6972739122002819,0.0
reach-v3,15003,1,predicted_success,2,8.719732398065117,0.6972739122002819,0.0
reach-v3,15003,1,predicted_success,4,8.719732398065117,0.6972739122002819,0.0
reach-v3,15003,1,predicted_success,8,8.719732398065117,0.6972739122002819,0.0
reach-v3,15003,1,predicted_success,16,8.719732398065117,0.6972739122002819,0.0
reach-v3,15003,1,predicted_success,32,8.719732398065117,0.6972739122002819,0.0
reach-v3,15003,1,benchmark_reward,1,8.719732398065117,0.6972739122002821,0.0
reach-v3,15003,1,benchmark_reward,2,9.507743210150002,0.8393542054348194,0.0
reach-v3,15003,1,benchmark_reward,4,9.935573975720308,0.9164931478132378,0.0
reach-v3,15003,1,benchmark_reward,8,10.15968957352262,0.9569017429312904,0.0
reach-v3,15003,1,benchmark_reward,16,10.272086539817442,0.9771671932080319,0.0
reach-v3,15003,1,benchmark_reward,32,10.314711149559628,0.9848525154882612,0.0
reach-v3,15003,1,low_energy,1,8.719732398065117,0.6972739122002818,0.0
reach-v3,15003,1,low_energy,2,8.626777612997161,0.6805139351574976,0.0
reach-v3,15003,1,low_energy,4,8.598107983369664,0.6753447302152163,0.0
reach-v3,15003,1,low_energy,8,8.5095207443215,0.6593722324933892,0.0
reach-v3,15003,1,low_energy,16,8.144473155369958,0.5935532517289358,0.0
reach-v3,15003,1,low_energy,32,7.589721177419099,0.4935301016770205,0.0
reach-v3,15003,1,oracle_real_utility,1,8.71973239806512,0.697273912200282,0.0
reach-v3,15003,1,oracle_real_utility,2,9.509438165983372,0.8396598101525871,0.0
reach-v3,15003,1,oracle_real_utility,4,9.940424922860622,0.9173677855486481,0.0
reach-v3,15003,1,oracle_real_utility,8,10.17093611698483,0.958929522459795,0.0
reach-v3,15003,1,oracle_real_utility,16,10.295891951958334,0.9814593677387319,0.0
reach-v3,15003,1,oracle_real_utility,32,10.358590433398946,0.9927640586031548,0.0
reach-v3,15003,2,random,1,5.5827327680341945,0.4984736828375408,0.0
reach-v3,15003,2,random,2,5.174734736334607,0.4515774651813684,0.0
reach-v3,15003,2,random,4,4.849337308911957,0.41417554802602513,0.0
reach-v3,15003,2,random,8,4.8241602913070585,0.4112816446103293,0.0
reach-v3,15003,2,random,16,4.859895916309348,0.4153891782697582,0.0
reach-v3,15003,2,random,32,4.260444935858014,0.34648692514773666,0.0
reach-v3,15003,2,learned_wam,1,5.582732768034197,0.4984736828375406,0.0
reach-v3,15003,2,learned_wam,2,6.028619488502473,0.5497249121779645,0.0
reach-v3,15003,2,learned_wam,4,6.517467043160386,0.6059141570829618,0.0
reach-v3,15003,2,learned_wam,8,7.142577755607028,0.6777657979057967,0.0
reach-v3,15003,2,learned_wam,16,7.99187947288115,0.775386460493636,0.0
reach-v3,15003,2,learned_wam,32,8.791002639072712,0.867239486793044,0.0
reach-v3,15003,2,predicted_success,1,5.582732768034195,0.4984736828375406,0.0
reach-v3,15003,2,predicted_success,2,5.582732768034195,0.4984736828375406,0.0
reach-v3,15003,2,predicted_success,4,5.582732768034195,0.4984736828375406,0.0
reach-v3,15003,2,predicted_success,8,5.582732768034195,0.4984736828375406,0.0
reach-v3,15003,2,predicted_success,16,5.582732768034195,0.4984736828375406,0.0
reach-v3,15003,2,predicted_success,32,5.582732768034195,0.4984736828375406,0.0
reach-v3,15003,2,benchmark_reward,1,5.582732768034197,0.4984736828375407,0.0
reach-v3,15003,2,benchmark_reward,2,7.370824786683152,0.7040010285125031,0.0
reach-v3,15003,2,benchmark_reward,4,8.745935243986587,0.8620593383488182,0.0
reach-v3,15003,2,benchmark_reward,8,9.406373548942229,0.937971612652333,0.0
reach-v3,15003,2,benchmark_reward,16,9.676716005935646,0.9690453868371127,0.0
reach-v3,15003,2,benchmark_reward,32,9.813241162772442,0.9847378975188203,0.0
reach-v3,15003,2,low_energy,1,5.582732768034197,0.49847368283754084,0.0
reach-v3,15003,2,low_energy,2,5.228024778023486,0.45770274324591625,0.0
reach-v3,15003,2,low_energy,4,4.612348706000294,0.3869355413576579,0.0
reach-v3,15003,2,low_energy,8,3.982526231884737,0.3145423199790319,0.0
reach-v3,15003,2,low_energy,16,3.2412411489795847,0.22933733394422123,0.0
reach-v3,15003,2,low_energy,32,2.3668485890302873,0.12883267308224788,0.0
reach-v3,15003,2,oracle_real_utility,1,5.582732768034196,0.49847368283754073,0.0
reach-v3,15003,2,oracle_real_utility,2,7.371271874447167,0.7040524177925085,0.0
reach-v3,15003,2,oracle_real_utility,4,8.746907950145172,0.8621711433973339,0.0
reach-v3,15003,2,oracle_real_utility,8,9.408405268468304,0.9382051430953945,0.0
reach-v3,15003,2,oracle_real_utility,16,9.680758550682512,0.9695100460844727,0.0
reach-v3,15003,2,oracle_real_utility,32,9.819246256197673,0.9854281365553718,0.0
reach-v3,15004,0,random,1,2.6081750521553686,0.2302964162967474,0.0
reach-v3,15004,0,random,2,2.9114822893288372,0.2698293881327922,0.0
reach-v3,15004,0,random,4,2.8942743541907356,0.26758651116912124,0.0
reach-v3,15004,0,random,8,2.47855449268948,0.21340171251555604,0.0
reach-v3,15004,0,random,16,1.8720451851819664,0.13434947625691243,0.0
reach-v3,15004,0,random,32,1.470425041886673,0.08200243052980871,0.0
reach-v3,15004,0,learned_wam,1,2.6081750521553673,0.23029641629674744,0.0
reach-v3,15004,0,learned_wam,2,2.7358499542778953,0.2469375236993147,0.0
reach-v3,15004,0,learned_wam,4,2.7461334134532787,0.24827786659962292,0.0
reach-v3,15004,0,learned_wam,8,2.8503242981959365,0.2618580744129575,0.0
reach-v3,15004,0,learned_wam,16,3.198664946976281,0.30726068724183286,0.0
reach-v3,15004,0,learned_wam,32,4.092776886556756,0.4237989619467338,0.0
reach-v3,15004,0,predicted_success,1,2.6081750521553677,0.23029641629674744,0.0
reach-v3,15004,0,predicted_success,2,2.6081750521553677,0.23029641629674744,0.0
reach-v3,15004,0,predicted_success,4,2.6081750521553677,0.23029641629674744,0.0
reach-v3,15004,0,predicted_success,8,2.6081750521553677,0.23029641629674744,0.0
reach-v3,15004,0,predicted_success,16,2.6081750521553677,0.23029641629674744,0.0
reach-v3,15004,0,predicted_success,32,2.6081750521553677,0.23029641629674744,0.0
reach-v3,15004,0,benchmark_reward,1,2.608175052155368,0.23029641629674744,0.0
reach-v3,15004,0,benchmark_reward,2,3.595703801314691,0.3590106091779153,0.0
reach-v3,15004,0,benchmark_reward,4,4.80007773063478,0.5159883360253851,0.0
reach-v3,15004,0,benchmark_reward,8,6.032279572490558,0.676593144418226,0.0
reach-v3,15004,0,benchmark_reward,16,7.056234673230069,0.8100551367404135,0.0
reach-v3,15004,0,benchmark_reward,32,7.7566092153966215,0.9013417387621043,0.0
reach-v3,15004,0,low_energy,1,2.6081750521553686,0.2302964162967474,0.0
reach-v3,15004,0,low_energy,2,2.280355016214006,0.18756845382235032,0.0
reach-v3,15004,0,low_energy,4,1.936167560338128,0.1427071668769323,0.0
reach-v3,15004,0,low_energy,8,1.6631776971894878,0.10712575222968264,0.0
reach-v3,15004,0,low_energy,16,1.410728731458197,0.07422163182260545,0.0
reach-v3,15004,0,low_energy,32,1.1519378359822678,0.04049090624673178,0.0
reach-v3,15004,0,oracle_real_utility,1,2.6081750521553677,0.23029641629674744,0.0
reach-v3,15004,0,oracle_real_utility,2,3.5966598023829457,0.3591352140625818,0.0
reach-v3,15004,0,oracle_real_utility,4,4.801396088163834,0.5161601703395003,0.0
reach-v3,15004,0,oracle_real_utility,8,6.033895735874077,0.6768037946556502,0.0
reach-v3,15004,0,oracle_real_utility,16,7.057810816219206,0.8102605707319653,0.0
reach-v3,15004,0,oracle_real_utility,32,7.757120852223785,0.9014084253485077,0.0
reach-v3,15004,1,random,1,8.686028673452725,0.2760228084164268,0.06250000000000003
reach-v3,15004,1,random,2,8.651282145185075,0.2716655651230294,0.04123263888888901
reach-v3,15004,1,random,4,8.943382374550326,0.308295174723091,0.07099048002266603
reach-v3,15004,1,random,8,9.246266218907744,0.34627705853429835,0.11471147567820612
reach-v3,15004,1,random,16,9.355395114661146,0.35996191203893024,0.15005986545800765
reach-v3,15004,1,random,32,9.047940206702306,0.32140681308324676,0.1293828354386216
reach-v3,15004,1,learned_wam,1,8.686028673452727,0.27602280841642685,0.062499999999999944
reach-v3,15004,1,learned_wam,2,8.835139878414155,0.2947214764612992,0.09418402777777768
reach-v3,15004,1,learned_wam,4,9.120495739630023,0.3305053367346727,0.14622233826437098
reach-v3,15004,1,learned_wam,8,9.619752007541877,0.3931124843693549,0.2318945089751499
reach-v3,15004,1,learned_wam,16,10.085724393900254,0.4515458058145546,0.3154205068002084
reach-v3,15004,1,learned_wam,32,10.097077224520568,0.4529694601347908,0.31866292521403794
reach-v3,15004,1,predicted_success,1,8.686028673452725,0.27602280841642673,0.0625
reach-v3,15004,1,predicted_success,2,8.686028673452725,0.27602280841642673,0.0625
reach-v3,15004,1,predicted_success,4,8.686028673452725,0.27602280841642673,0.0625
reach-v3,15004,1,predicted_success,8,8.686028673452725,0.27602280841642673,0.0625
reach-v3,15004,1,predicted_success,16,8.686028673452725,0.27602280841642673,0.0625
reach-v3,15004,1,predicted_success,32,8.686028673452725,0.27602280841642673,0.0625
reach-v3,15004,1,benchmark_reward,1,8.686028673452725,0.2760228084164267,0.06249999999999989
reach-v3,15004,1,benchmark_reward,2,9.411949799968435,0.3670539162059998,0.11501736111111083
reach-v3,15004,1,benchmark_reward,4,10.262170251951387,0.47367226189439293,0.19565629370418558
reach-v3,15004,1,benchmark_reward,8,11.115965206299531,0.5807388531265708,0.28848309590768745
reach-v3,15004,1,benchmark_reward,16,11.599709533083184,0.641400790554127,0.33834401150175925
reach-v3,15004,1,benchmark_reward,32,11.527895913377385,0.6323953034324398,0.3014710163716089
reach-v3,15004,1,low_energy,1,8.686028673452725,0.2760228084164267,0.062499999999999944
reach-v3,15004,1,low_energy,2,8.66427736688318,0.27329517663857766,0.06553819444444434
reach-v3,15004,1,low_energy,4,8.519353265139387,0.25512157478947817,0.04431058153694048
reach-v3,15004,1,low_energy,8,8.313077430141215,0.2292544150055612,0.017583138830901537
reach-v3,15004,1,low_energy,16,8.128099084928309,0.20605797800057146,0.0023740561583001922
reach-v3,15004,1,low_energy,32,8.092726364756622,0.20162220972611083,2.46521037412538e-05
reach-v3,15004,1,oracle_real_utility,1,8.686028673452725,0.2760228084164268,0.0625
reach-v3,15004,1,oracle_real_utility,2,9.439776713388794,0.3705434340923002,0.12109375
reach-v3,15004,1,oracle_real_utility,4,10.399830775335198,0.490935005028305,0.2275238037109375
reach-v3,15004,1,oracle_real_utility,8,11.600794601092762,0.6415368589771706,0.4032805261667818
reach-v3,15004,1,oracle_real_utility,16,12.875968984057376,0.8014447779866636,0.6439258695482072
reach-v3,15004,1,oracle_real_utility,32,13.896359367013503,0.9294025733247949,0.8732112136229997
reach-v3,15004,2,random,1,7.788306484851095,0.4420213661748877,0.12500000000000017
reach-v3,15004,2,random,2,7.485948220401985,0.4175837639959905,0.1458333333333336
reach-v3,15004,2,random,4,7.3933259193956085,0.4100977210759737,0.18381076388888917
reach-v3,15004,2,random,8,7.743157009142684,0.4383722351416808,0.26494284424544184
reach-v3,15004,2,random,16,8.603914094553147,0.5079414902247292,0.39450146961920424
reach-v3,15004,2,random,32,10.018116767274519,0.6222420613675927,0.555210198158649
reach-v3,15004,2,learned_wam,1,7.788306484851093,0.44202136617488746,0.12499999999999994
reach-v3,15004,2,learned_wam,2,7.596676538998122,0.4265331955741907,0.13541666666666655
reach-v3,15004,2,learned_wam,4,7.2296919391881636,0.3968722776817113,0.1102520978009258
reach-v3,15004,2,learned_wam,8,6.540658962977457,0.34118233716873103,0.061652144208502714
reach-v3,15004,2,learned_wam,16,5.577061019158529,0.26330114131534715,0.015245100094048237
reach-v3,15004,2,learned_wam,32,4.557713057987429,0.1809140433395216,0.0007606390394713194
reach-v3,15004,2,predicted_success,1,7.788306484851091,0.4420213661748876,0.125
reach-v3,15004,2,predicted_success,2,7.788306484851091,0.4420213661748876,0.125
reach-v3,15004,2,predicted_success,4,7.788306484851091,0.4420213661748876,0.125
reach-v3,15004,2,predicted_success,8,7.788306484851091,0.4420213661748876,0.125
reach-v3,15004,2,predicted_success,16,7.788306484851091,0.4420213661748876,0.125
reach-v3,15004,2,predicted_success,32,7.788306484851091,0.4420213661748876,0.125
reach-v3,15004,2,benchmark_reward,1,7.788306484851092,0.44202136617488763,0.1250000000000001
reach-v3,15004,2,benchmark_reward,2,9.669393039224392,0.594057047963187,0.23003472222222243
reach-v3,15004,2,benchmark_reward,4,11.356935675777997,0.7304498655604237,0.39191163616415936
reach-v3,15004,2,benchmark_reward,8,12.679969046838895,0.8373818300307827,0.5830766619990815
reach-v3,15004,2,benchmark_reward,16,13.414357853257776,0.8967375798350699,0.7118275273225023
reach-v3,15004,2,benchmark_reward,32,13.578167903813501,0.9099772538214232,0.7399104125986767
reach-v3,15004,2,low_energy,1,7.788306484851093,0.44202136617488774,0.12500000000000006
reach-v3,15004,2,low_energy,2,7.086306632219565,0.38528339951301993,0.07986111111111122
reach-v3,15004,2,low_energy,4,6.356238474131364,0.32627685890019487,0.04268241222993831
reach-v3,15004,2,low_energy,8,5.694305206417536,0.2727772071051944,0.020396573163854043
reach-v3,15004,2,low_energy,16,4.955250502590656,0.21304434392888819,0.0036366543357772936
reach-v3,15004,2,low_energy,32,4.293629996730653,0.15956997058881747,5.9671430214249735e-05
reach-v3,15004,2,oracle_real_utility,1,7.788306484851092,0.4420213661748875,0.125
reach-v3,15004,2,oracle_real_utility,2,9.687353039086478,0.5955086349821906,0.234375
reach-v3,15004,2,oracle_real_utility,4,11.445761824649507,0.7376290908187787,0.413818359375
reach-v3,15004,2,oracle_real_utility,8,12.976364032948126,0.8613374601887812,0.6563910841941833
reach-v3,15004,2,oracle_real_utility,16,14.104534507774197,0.9525199562386535,0.8819329129787512
reach-v3,15004,2,oracle_real_utility,32,14.589317797295047,0.9917017566563553,0.9860601629623169
reach-v3,15005,0,random,1,6.385837892488564,0.509115510906397,0.0
reach-v3,15005,0,random,2,5.986336632966696,0.4521013675885954,0.0
reach-v3,15005,0,random,4,5.818237371919857,0.4281113672256143,0.0
reach-v3,15005,0,random,8,5.769877988498205,0.4212098400052438,0.0
reach-v3,15005,0,random,16,5.572680732474149,0.393067168739855,0.0
reach-v3,15005,0,random,32,4.893123399061825,0.2960852987797872,0.0
reach-v3,15005,0,learned_wam,1,6.385837892488564,0.5091155109063968,0.0
reach-v3,15005,0,learned_wam,2,6.742545985483201,0.5600225001883734,0.0
reach-v3,15005,0,learned_wam,4,6.979577474628773,0.5938500463371678,0.0
reach-v3,15005,0,learned_wam,8,7.1078182771146645,0.6121517145243248,0.0
reach-v3,15005,0,learned_wam,16,7.146054599490363,0.6176085462912201,0.0
reach-v3,15005,0,learned_wam,32,7.351960398278868,0.646994042437451,0.0
reach-v3,15005,0,predicted_success,1,6.385837892488564,0.5091155109063971,0.0
reach-v3,15005,0,predicted_success,2,6.385837892488564,0.5091155109063971,0.0
reach-v3,15005,0,predicted_success,4,6.385837892488564,0.5091155109063971,0.0
reach-v3,15005,0,predicted_success,8,6.385837892488564,0.5091155109063971,0.0
reach-v3,15005,0,predicted_success,16,6.385837892488564,0.5091155109063971,0.0
reach-v3,15005,0,predicted_success,32,6.385837892488564,0.5091155109063971,0.0
reach-v3,15005,0,benchmark_reward,1,6.385837892488565,0.509115510906397,0.0
reach-v3,15005,0,benchmark_reward,2,7.460691495232396,0.6625114161554452,0.0
reach-v3,15005,0,benchmark_reward,4,8.185221538477464,0.7659114899701461,0.0
reach-v3,15005,0,benchmark_reward,8,8.684678548804163,0.8371906483936457,0.0
reach-v3,15005,0,benchmark_reward,16,9.1107526599471,0.8979970910711524,0.0
reach-v3,15005,0,benchmark_reward,32,9.458841237168677,0.9476739608080658,0.0
reach-v3,15005,0,low_energy,1,6.385837892488565,0.5091155109063971,0.0
reach-v3,15005,0,low_energy,2,6.225978401186214,0.4863014352793733,0.0
reach-v3,15005,0,low_energy,4,6.1352129043772115,0.47334799165425606,0.0
reach-v3,15005,0,low_energy,8,6.124208712622224,0.47177754712908415,0.0
reach-v3,15005,0,low_energy,16,6.0699933789180225,0.46404029791606977,0.0
reach-v3,15005,0,low_energy,32,5.753463779676082,0.4188673140884221,0.0
reach-v3,15005,0,oracle_real_utility,1,6.385837892488565,0.509115510906397,0.0
reach-v3,15005,0,oracle_real_utility,2,7.474199182971345,0.6644391428553865,0.0
reach-v3,15005,0,oracle_real_utility,4,8.217162889301903,0.7704699455701317,0.0
reach-v3,15005,0,oracle_real_utility,8,8.720054720415868,0.8422392986049587,0.0
reach-v3,15005,0,oracle_real_utility,16,9.132128484185754,0.9010477055000966,0.0
reach-v3,15005,0,oracle_real_utility,32,9.464233896196365,0.948443564976615,0.0
reach-v3,15005,1,random,1,6.279292629571733,0.5784429422185748,0.0
reach-v3,15005,1,random,2,5.6686050695910755,0.5087045943413985,0.0
reach-v3,15005,1,random,4,5.197782667308506,0.45493835014315454,0.0
reach-v3,15005,1,random,8,5.099450225234965,0.4437091349072093,0.0
reach-v3,15005,1,random,16,5.403283689836709,0.4784058361987754,0.0
reach-v3,15005,1,random,32,6.1829677441529185,0.5674429828141632,0.0
reach-v3,15005,1,learned_wam,1,6.279292629571734,0.5784429422185747,0.0
reach-v3,15005,1,learned_wam,2,6.557639900575541,0.610229210824638,0.0
reach-v3,15005,1,learned_wam,4,6.753025603082354,0.632541563301702,0.0
reach-v3,15005,1,learned_wam,8,6.676832352631992,0.6238405650269565,0.0
reach-v3,15005,1,learned_wam,16,6.633354924502808,0.6188755973309156,0.0
reach-v3,15005,1,learned_wam,32,7.011660400435762,0.662076737510173,0.0
reach-v3,15005,1,predicted_success,1,6.2792926295717315,0.5784429422185747,0.0
reach-v3,15005,1,predicted_success,2,6.2792926295717315,0.5784429422185747,0.0
reach-v3,15005,1,predicted_success,4,6.2792926295717315,0.5784429422185747,0.0
reach-v3,15005,1,predicted_success,8,6.2792926295717315,0.5784429422185747,0.0
reach-v3,15005,1,predicted_success,16,6.2792926295717315,0.5784429422185747,0.0
reach-v3,15005,1,predicted_success,32,6.2792926295717315,0.5784429422185747,0.0
reach-v3,15005,1,benchmark_reward,1,6.2792926295717315,0.578442942218575,0.0
reach-v3,15005,1,benchmark_reward,2,8.020132916743847,0.7772407129628457,0.0
reach-v3,15005,1,benchmark_reward,4,9.181771112929342,0.9098956644335547,0.0
reach-v3,15005,1,benchmark_reward,8,9.675195171995304,0.9662429374698684,0.0
reach-v3,15005,1,benchmark_reward,16,9.834137732565086,0.9843936127216388,0.0
reach-v3,15005,1,benchmark_reward,32,9.902254485428532,0.9921723036902332,0.0
reach-v3,15005,1,low_energy,1,6.279292629571732,0.5784429422185745,0.0
reach-v3,15005,1,low_energy,2,6.7986425288312295,0.6377508540183215,0.0
reach-v3,15005,1,low_energy,4,6.965729120390645,0.6568315486506984,0.0
reach-v3,15005,1,low_energy,8,7.2115189296772035,0.6848998708959293,0.0
reach-v3,15005,1,low_energy,16,7.765280334452432,0.7481374542657167,0.0
reach-v3,15005,1,low_energy,32,8.456124289426208,0.8270293774323383,0.0
reach-v3,15005,1,oracle_real_utility,1,6.2792926295717315,0.578442942218575,0.0
reach-v3,15005,1,oracle_real_utility,2,8.020618910692916,0.7772962117437402,0.0
reach-v3,15005,1,oracle_real_utility,4,9.182785345855962,0.910011486227382,0.0
reach-v3,15005,1,oracle_real_utility,8,9.677417704352708,0.9664967427622408,0.0
reach-v3,15005,1,oracle_real_utility,16,9.836696931528236,0.9846858641432736,0.0
reach-v3,15005,1,oracle_real_utility,32,9.903220428775636,0.9922826109857874,0.0
reach-v3,15005,2,random,1,5.2241195220966,0.3861529411841429,0.0
reach-v3,15005,2,random,2,5.095565541951796,0.36407587283074977,0.0
reach-v3,15005,2,random,4,5.307563853784668,0.4004831564937407,0.0
reach-v3,15005,2,random,8,5.505909642005955,0.4345458398835251,0.0
reach-v3,15005,2,random,16,5.483640350233337,0.4307214489460218,0.0
reach-v3,15005,2,random,32,5.378884985445661,0.4127314081382836,0.0
reach-v3,15005,2,learned_wam,1,5.224119522096594,0.3861529411841426,0.0
reach-v3,15005,2,learned_wam,2,5.213141121133151,0.38426757825560526,0.0
reach-v3,15005,2,learned_wam,4,5.198326867161548,0.38172346956937686,0.0
reach-v3,15005,2,learned_wam,8,4.976560754838216,0.343638724042916,0.0
reach-v3,15005,2,learned_wam,16,4.696271310175598,0.29550354206269874,0.0
reach-v3,15005,2,learned_wam,32,4.232576329502967,0.21587142354015926,0.0
reach-v3,15005,2,predicted_success,1,5.224119522096597,0.38615294118414273,0.0
reach-v3,15005,2,predicted_success,2,5.224119522096597,0.38615294118414273,0.0
reach-v3,15005,2,predicted_success,4,5.224119522096597,0.38615294118414273,0.0
reach-v3,15005,2,predicted_success,8,5.224119522096597,0.38615294118414273,0.0
reach-v3,15005,2,predicted_success,16,5.224119522096597,0.38615294118414273,0.0
reach-v3,15005,2,predicted_success,32,5.224119522096597,0.38615294118414273,0.0
reach-v3,15005,2,benchmark_reward,1,5.224119522096597,0.38615294118414273,0.0
reach-v3,15005,2,benchmark_reward,2,6.315193202802738,0.5735272115132743,0.0
reach-v3,15005,2,benchmark_reward,4,7.365164451236774,0.7538428034122251,0.0
reach-v3,15005,2,benchmark_reward,8,8.070948967986354,0.8750498870162966,0.0
reach-v3,15005,2,benchmark_reward,16,8.420078689149843,0.9350072738637948,0.0
reach-v3,15005,2,benchmark_reward,32,8.621892830135035,0.9696655907839932,0.0
reach-v3,15005,2,low_energy,1,5.224119522096598,0.38615294118414273,0.0
reach-v3,15005,2,low_energy,2,5.248571137305094,0.39035211090024846,0.0
reach-v3,15005,2,low_energy,4,5.090506530350744,0.3632070693538662,0.0
reach-v3,15005,2,low_energy,8,4.801537930063406,0.31358138267079266,0.0
reach-v3,15005,2,low_energy,16,4.586866480697927,0.27671503084080395,0.0
reach-v3,15005,2,low_energy,32,4.467281502780218,0.2561782436596171,0.0
reach-v3,15005,2,oracle_real_utility,1,5.224119522096596,0.3861529411841428,0.0
reach-v3,15005,2,oracle_real_utility,2,6.317905368627277,0.5739929821586219,0.0
reach-v3,15005,2,oracle_real_utility,4,7.36836092099143,0.754391745430073,0.0
reach-v3,15005,2,oracle_real_utility,8,8.076737462752739,0.876043967436652,0.0
reach-v3,15005,2,oracle_real_utility,16,8.426752401208313,0.9361533760468604,0.0
reach-v3,15005,2,oracle_real_utility,32,8.624299842719235,0.9700789562923111,0.0
push-v3,15001,0,random,1,-0.11382291169136163,0.5562655878781019,0.0
push-v3,15001,0,random,2,-0.11587579645801073,0.5423199304123473,0.0
push-v3,15001,0,random,4,-0.12152543043685059,0.5039408350263013,0.0
push-v3,15001,0,random,8,-0.13006413130025937,0.4459357295385692,0.0
push-v3,15001,0,random,16,-0.1419136687909657,0.3654394475954095,0.0
push-v3,15001,0,random,32,-0.15521324560983282,0.2750927580156777,0.0
push-v3,15001,0,learned_wam,1,-0.11382291169136159,0.5562655878781019,0.0
push-v3,15001,0,learned_wam,2,-0.0982581400104145,0.6620001999330525,0.0
push-v3,15001,0,learned_wam,4,-0.08668121228301572,0.7406445891432784,0.0
push-v3,15001,0,learned_wam,8,-0.0786857954083232,0.7949590576618286,0.0
push-v3,15001,0,learned_wam,16,-0.07414831006737085,0.8257831045585721,0.0
push-v3,15001,0,learned_wam,32,-0.07285170978107965,0.8345911700459161,0.0
push-v3,15001,0,predicted_success,1,-0.11382291169136156,0.5562655878781019,0.0
push-v3,15001,0,predicted_success,2,-0.11382291169136156,0.5562655878781019,0.0
push-v3,15001,0,predicted_success,4,-0.11382291169136156,0.5562655878781019,0.0
push-v3,15001,0,predicted_success,8,-0.11382291169136156,0.5562655878781019,0.0
push-v3,15001,0,predicted_success,16,-0.11382291169136156,0.5562655878781019,0.0
push-v3,15001,0,predicted_success,32,-0.11382291169136156,0.5562655878781019,0.0
push-v3,15001,0,benchmark_reward,1,-0.11382291169136156,0.5562655878781019,0.0
push-v3,15001,0,benchmark_reward,2,-0.10149582259633698,0.6400059735353315,0.0
push-v3,15001,0,benchmark_reward,4,-0.08815550816841343,0.7306294018541802,0.0
push-v3,15001,0,benchmark_reward,8,-0.07979839844194161,0.7874009223712988,0.0
push-v3,15001,0,benchmark_reward,16,-0.07429641505970229,0.8247769976764047,0.0
push-v3,15001,0,benchmark_reward,32,-0.07264288667083107,0.8360097472665038,0.0
push-v3,15001,0,low_energy,1,-0.11382291169136162,0.5562655878781019,0.0
push-v3,15001,0,low_energy,2,-0.09811340501601681,0.6629834137441579,0.0
push-v3,15001,0,low_energy,4,-0.0865726344686677,0.7413821799870883,0.0
push-v3,15001,0,low_energy,8,-0.07883816290066502,0.7939239947632015,0.0
push-v3,15001,0,low_energy,16,-0.0733058515139947,0.8315060942778908,0.0
push-v3,15001,0,low_energy,32,-0.06924070056539794,0.8591214790265695,0.0
push-v3,15001,0,oracle_real_utility,1,-0.11382291169136158,0.5562655878781019,0.0
push-v3,15001,0,oracle_real_utility,2,-0.09269167657387326,0.6998143011640537,0.0
push-v3,15001,0,oracle_real_utility,4,-0.07594206666187182,0.8135977566762941,0.0
push-v3,15001,0,oracle_real_utility,8,-0.06314995895099415,0.9004971069462681,0.0
push-v3,15001,0,oracle_real_utility,16,-0.05438609238114502,0.960031808184363,0.0
push-v3,15001,0,oracle_real_utility,32,-0.049973672604249925,0.9900062596505992,0.0
push-v3,15001,1,random,1,-0.10703680513845112,0.3513378257231943,0.0
push-v3,15001,1,random,2,-0.10671695573408964,0.35252214281784167,0.0
push-v3,15001,1,random,4,-0.10564091453620905,0.3565064365755204,0.0
push-v3,15001,1,random,8,-0.10638585035203779,0.35374813779781195,0.0
push-v3,15001,1,random,16,-0.10515430048619921,0.3583082387050965,0.0
push-v3,15001,1,random,32,-0.10039293636487448,0.375938300996387,0.0
push-v3,15001,1,learned_wam,1,-0.10703680513845115,0.35133782572319416,0.0
push-v3,15001,1,learned_wam,2,-0.08164736581384718,0.44534815247576565,0.0
push-v3,15001,1,learned_wam,4,-0.06685381015110986,0.5001247461573194,0.0
push-v3,15001,1,learned_wam,8,-0.06160377622402928,0.5195642224937915,0.0
push-v3,15001,1,learned_wam,16,-0.05957337866132128,0.5270822435051035,0.0
push-v3,15001,1,learned_wam,32,-0.05473165208891061,0.5450098665337004,0.0
push-v3,15001,1,predicted_success,1,-0.10703680513845115,0.3513378257231941,0.0
push-v3,15001,1,predicted_success,2,-0.10703680513845115,0.3513378257231941,0.0
push-v3,15001,1,predicted_success,4,-0.10703680513845115,0.3513378257231941,0.0
push-v3,15001,1,predicted_success,8,-0.10703680513845115,0.3513378257231941,0.0
push-v3,15001,1,predicted_success,16,-0.10703680513845115,0.3513378257231941,0.0
push-v3,15001,1,predicted_success,32,-0.10703680513845115,0.3513378257231941,0.0
push-v3,15001,1,benchmark_reward,1,-0.1070368051384512,0.351337825723194,0.0
push-v3,15001,1,benchmark_reward,2,-0.09158583961566345,0.40854863289656795,0.0
push-v3,15001,1,benchmark_reward,4,-0.06881523770998828,0.4928621026875612,0.0
push-v3,15001,1,benchmark_reward,8,-0.038213311702970224,0.6061728783371002,0.0
push-v3,15001,1,benchmark_reward,16,-0.0014515197892242884,0.7422919956455406,0.0
push-v3,15001,1,benchmark_reward,32,0.034862187568340294,0.8767519752707568,0.0
push-v3,15001,1,low_energy,1,-0.10703680513845111,0.35133782572319416,0.0
push-v3,15001,1,low_energy,2,-0.08177154558328255,0.44488834788727427,0.0
push-v3,15001,1,low_energy,4,-0.06751380649786187,0.4976809555946214,0.0
push-v3,15001,1,low_energy,8,-0.06318874349281045,0.513695511140018,0.0
push-v3,15001,1,low_energy,16,-0.0602830066013704,0.5244546803807724,0.0
push-v3,15001,1,low_energy,32,-0.05364482913261937,0.5490340822691036,0.0
push-v3,15001,1,oracle_real_utility,1,-0.10703680513845115,0.35133782572319405,0.0
push-v3,15001,1,oracle_real_utility,2,-0.0763942213666273,0.4647991462392642,0.0
push-v3,15001,1,oracle_real_utility,4,-0.04853794339051689,0.5679435190299955,0.0
push-v3,15001,1,oracle_real_utility,8,-0.020463632341210652,0.6718952101782514,0.0
push-v3,15001,1,oracle_real_utility,16,0.009748243732331918,0.783761734884434,0.0
push-v3,15001,1,oracle_real_utility,32,0.039656906459941306,0.8945055413863082,0.0
push-v3,15001,2,random,1,-0.08213641719193411,0.28350756695674034,0.0
push-v3,15001,2,random,2,-0.07880685930656255,0.29377484420595507,0.0
push-v3,15001,2,random,4,-0.0756257927377125,0.30358422236816907,0.0
push-v3,15001,2,random,8,-0.07443087767024723,0.30726895310699537,0.0
push-v3,15001,2,random,16,-0.07326900343156195,0.3108517966399801,0.0
push-v3,15001,2,random,32,-0.06910799285557825,0.3236830044733804,0.0
push-v3,15001,2,learned_wam,1,-0.08213641719193412,0.28350756695674034,0.0
push-v3,15001,2,learned_wam,2,-0.06146629500697694,0.3472475235979852,0.0
push-v3,15001,2,learned_wam,4,-0.048994027511106396,0.3857079536956528,0.0
push-v3,15001,2,learned_wam,8,-0.04058593880121849,0.4116357738124601,0.0
push-v3,15001,2,learned_wam,16,-0.02659868825886249,0.4547679205468819,0.0
push-v3,15001,2,learned_wam,32,-0.00824727162579229,0.5113577408696948,0.0
push-v3,15001,2,predicted_success,1,-0.0821364171919341,0.28350756695674034,0.0
push-v3,15001,2,predicted_success,2,-0.0821364171919341,0.28350756695674034,0.0
push-v3,15001,2,predicted_success,4,-0.0821364171919341,0.28350756695674034,0.0
push-v3,15001,2,predicted_success,8,-0.0821364171919341,0.28350756695674034,0.0
push-v3,15001,2,predicted_success,16,-0.0821364171919341,0.28350756695674034,0.0
push-v3,15001,2,predicted_success,32,-0.0821364171919341,0.28350756695674034,0.0
push-v3,15001,2,benchmark_reward,1,-0.08213641719193411,0.2835075669567403,0.0
push-v3,15001,2,benchmark_reward,2,-0.06077806045340797,0.34936981587139115,0.0
push-v3,15001,2,benchmark_reward,4,-0.03594222508531604,0.4259554816621498,0.0
push-v3,15001,2,benchmark_reward,8,-0.009593068407809144,0.5072077398311857,0.0
push-v3,15001,2,benchmark_reward,16,0.01850854869464444,0.5938640178943513,0.0
push-v3,15001,2,benchmark_reward,32,0.05621713288367032,0.7101450683740835,0.0
push-v3,15001,2,low_energy,1,-0.08213641719193411,0.28350756695674045,0.0
push-v3,15001,2,low_energy,2,-0.061599599255919145,0.34683645650454276,0.0
push-v3,15001,2,low_energy,4,-0.04940763889530401,0.38443251025805836,0.0
push-v3,15001,2,low_energy,8,-0.04110465510949522,0.4100362208585484,0.0
push-v3,15001,2,low_energy,16,-0.02742632087470169,0.45221576983502676,0.0
push-v3,15001,2,low_energy,32,-0.00755216232367786,0.5135012326391796,0.0
push-v3,15001,2,oracle_real_utility,1,-0.0821364171919341,0.2835075669567403,0.0
push-v3,15001,2,oracle_real_utility,2,-0.05258321818084101,0.37464005309889026,0.0
push-v3,15001,2,oracle_real_utility,4,-0.023749187398343783,0.4635548575409377,0.0
push-v3,15001,2,oracle_real_utility,8,0.007319962801051363,0.5593620457553828,0.0
push-v3,15001,2,oracle_real_utility,16,0.04152368934874301,0.6648352513615633,0.0
push-v3,15001,2,oracle_real_utility,32,0.07826938577218821,0.7781470680903136,0.0
push-v3,15002,0,random,1,-0.028558618230396036,0.2448347709858631,0.0
push-v3,15002,0,random,2,-0.021491630948668704,0.25611361678938166,0.0
push-v3,15002,0,random,4,-0.004150790588278301,0.28378943630500275,0.0
push-v3,15002,0,random,8,0.024445766541621,0.3294292748276511,0.0
push-v3,15002,0,random,16,0.053833626049381564,0.37633202456664355,0.0
push-v3,15002,0,random,32,0.061379747584887956,0.3883755641713709,0.0
push-v3,15002,0,learned_wam,1,-0.028558618230396023,0.24483477098586306,0.0
push-v3,15002,0,learned_wam,2,0.007851581130332803,0.30294510964840216,0.0
push-v3,15002,0,learned_wam,4,0.028900722176360406,0.3365393424792034,0.0
push-v3,15002,0,learned_wam,8,0.026322361203792118,0.3324243024096395,0.0
push-v3,15002,0,learned_wam,16,0.01058645742842317,0.30730994671802825,0.0
push-v3,15002,0,learned_wam,32,-0.00488609925405805,0.28261589053101155,0.0
push-v3,15002,0,predicted_success,1,-0.028558618230396012,0.24483477098586312,0.0
push-v3,15002,0,predicted_success,2,-0.028558618230396012,0.24483477098586312,0.0
push-v3,15002,0,predicted_success,4,-0.028558618230396012,0.24483477098586312,0.0
push-v3,15002,0,predicted_success,8,-0.028558618230396012,0.24483477098586312,0.0
push-v3,15002,0,predicted_success,16,-0.028558618230396012,0.24483477098586312,0.0
push-v3,15002,0,predicted_success,32,-0.028558618230396012,0.24483477098586312,0.0
push-v3,15002,0,benchmark_reward,1,-0.028558618230395974,0.24483477098586312,0.0
push-v3,15002,0,benchmark_reward,2,0.014382532321857912,0.31336844685037796,0.0
push-v3,15002,0,benchmark_reward,4,0.0646959948916339,0.3936682639496531,0.0
push-v3,15002,0,benchmark_reward,8,0.11792603091082196,0.47862290507777727,0.0
push-v3,15002,0,benchmark_reward,16,0.16956972628232117,0.5610457613244715,0.0
push-v3,15002,0,benchmark_reward,32,0.23303857489743107,0.662341451880988,0.0
push-v3,15002,0,low_energy,1,-0.02855861823039598,0.2448347709858631,0.0
push-v3,15002,0,low_energy,2,0.0033569939162018045,0.2957717903656967,0.0
push-v3,15002,0,low_energy,4,0.015796052280636026,0.31562441152382187,0.0
push-v3,15002,0,low_energy,8,0.010151100711694781,0.30661512145773634,0.0
push-v3,15002,0,low_energy,16,0.006095602740339025,0.3001425845120884,0.0
push-v3,15002,0,low_energy,32,0.01373179784833893,0.312329880698599,0.0
push-v3,15002,0,oracle_real_utility,1,-0.028558618230396002,0.24483477098586315,0.0
push-v3,15002,0,oracle_real_utility,2,0.024397300123134184,0.32935192287568493,0.0
push-v3,15002,0,oracle_real_utility,4,0.08428212915243793,0.42492755159345746,0.0
push-v3,15002,0,oracle_real_utility,8,0.15378181295520885,0.5358483988732555,0.0
push-v3,15002,0,oracle_real_utility,16,0.2309681184716069,0.6590370227319281,0.0
push-v3,15002,0,oracle_real_utility,32,0.3103238316451698,0.7856880009821816,0.0
push-v3,15002,1,random,1,-0.10578871262673795,0.48896474687555114,0.0
push-v3,15002,1,random,2,-0.10205717784717275,0.5104360778017832,0.0
push-v3,15002,1,random,4,-0.09909544851265295,0.52747793173375,0.0
push-v3,15002,1,random,8,-0.0965208221848636,0.5422923866861962,0.0
push-v3,15002,1,random,16,-0.09079623848850342,0.575231763704085,0.0
push-v3,15002,1,random,32,-0.07832782138834944,0.6469753023546592,0.0
push-v3,15002,1,learned_wam,1,-0.10578871262673797,0.488964746875551,0.0
push-v3,15002,1,learned_wam,2,-0.08635767953743764,0.6007713268339315,0.0
push-v3,15002,1,learned_wam,4,-0.06950623442890029,0.6977349023825428,0.0
push-v3,15002,1,learned_wam,8,-0.05534998285639841,0.7791902766839445,0.0
push-v3,15002,1,learned_wam,16,-0.0444766821111537,0.8417554817143527,0.0
push-v3,15002,1,learned_wam,32,-0.036298127485765955,0.8888150599398109,0.0
push-v3,15002,1,predicted_success,1,-0.10578871262673799,0.48896474687555097,0.0
push-v3,15002,1,predicted_success,2,-0.10578871262673799,0.48896474687555097,0.0
push-v3,15002,1,predicted_success,4,-0.10578871262673799,0.48896474687555097,0.0
push-v3,15002,1,predicted_success,8,-0.10578871262673799,0.48896474687555097,0.0
push-v3,15002,1,predicted_success,16,-0.10578871262673799,0.48896474687555097,0.0
push-v3,15002,1,predicted_success,32,-0.10578871262673799,0.48896474687555097,0.0
push-v3,15002,1,benchmark_reward,1,-0.10578871262673797,0.488964746875551,0.0
push-v3,15002,1,benchmark_reward,2,-0.08937489527472874,0.5834102029537565,0.0
push-v3,15002,1,benchmark_reward,4,-0.07419319294690474,0.6707660428321244,0.0
push-v3,15002,1,benchmark_reward,8,-0.06452950465948148,0.7263711119108038,0.0
push-v3,15002,1,benchmark_reward,16,-0.05984196622033148,0.7533433083398964,0.0
push-v3,15002,1,benchmark_reward,32,-0.05563781092260925,0.7775341078353213,0.0
push-v3,15002,1,low_energy,1,-0.10578871262673795,0.48896474687555097,0.0
push-v3,15002,1,low_energy,2,-0.08609282411932107,0.602295310574115,0.0
push-v3,15002,1,low_energy,4,-0.06907341650468993,0.7002253459749267,0.0
push-v3,15002,1,low_energy,8,-0.05504366257478012,0.7809528501355067,0.0
push-v3,15002,1,low_energy,16,-0.04463422353804462,0.8408489849747564,0.0
push-v3,15002,1,low_energy,32,-0.03747606224824945,0.8820371981245332,0.0
push-v3,15002,1,oracle_real_utility,1,-0.10578871262673796,0.48896474687555097,0.0
push-v3,15002,1,oracle_real_utility,2,-0.08278615269278994,0.6213219686806324,0.0
push-v3,15002,1,oracle_real_utility,4,-0.06352694027341906,0.7321398888295895,0.0
push-v3,15002,1,oracle_real_utility,8,-0.04714138083585022,0.8264227482637657,0.0
push-v3,15002,1,oracle_real_utility,16,-0.034314003714399355,0.9002317505537946,0.0
push-v3,15002,1,oracle_real_utility,32,-0.026053368140106524,0.9477636243146802,0.0
push-v3,15002,2,random,1,-0.09128522227327573,0.3253673955711089,0.0
push-v3,15002,2,random,2,-0.09149156178120196,0.3246222849364095,0.0
push-v3,15002,2,random,4,-0.09169522959973989,0.3238868220138514,0.0
push-v3,15002,2,random,8,-0.09117634534524713,0.32576056001044895,0.0
push-v3,15002,2,random,16,-0.09120340490212017,0.3256628455019722,0.0
push-v3,15002,2,random,32,-0.09076334218575957,0.3272519517918458,0.0
push-v3,15002,2,learned_wam,1,-0.0912852222732757,0.3253673955711089,0.0
push-v3,15002,2,learned_wam,2,-0.07519009404085164,0.38348836005997267,0.0
push-v3,15002,2,learned_wam,4,-0.06589543426234906,0.41705221759011274,0.0
push-v3,15002,2,learned_wam,8,-0.05711821168129937,0.44874756257757,0.0
push-v3,15002,2,learned_wam,16,-0.04704069358145446,0.4851383923466071,0.0
push-v3,15002,2,learned_wam,32,-0.0421418090082522,0.5028287078385048,0.0
push-v3,15002,2,predicted_success,1,-0.09128522227327573,0.32536739557110894,0.0
push-v3,15002,2,predicted_success,2,-0.09128522227327573,0.32536739557110894,0.0
push-v3,15002,2,predicted_success,4,-0.09128522227327573,0.32536739557110894,0.0
push-v3,15002,2,predicted_success,8,-0.09128522227327573,0.32536739557110894,0.0
push-v3,15002,2,predicted_success,16,-0.09128522227327573,0.32536739557110894,0.0
push-v3,15002,2,predicted_success,32,-0.09128522227327573,0.32536739557110894,0.0
push-v3,15002,2,benchmark_reward,1,-0.09128522227327569,0.32536739557110905,0.0
push-v3,15002,2,benchmark_reward,2,-0.07827190626086296,0.3723596572615826,0.0
push-v3,15002,2,benchmark_reward,4,-0.06439513248535406,0.4224699430685369,0.0
push-v3,15002,2,benchmark_reward,8,-0.052294060694751586,0.4661680083254465,0.0
push-v3,15002,2,benchmark_reward,16,-0.03696642157261855,0.5215175001872732,0.0
push-v3,15002,2,benchmark_reward,32,-0.006860557783952205,0.6302324985954662,0.0
push-v3,15002,2,low_energy,1,-0.09128522227327569,0.32536739557110894,0.0
push-v3,15002,2,low_energy,2,-0.07450665998648422,0.3859563022739619,0.0
push-v3,15002,2,low_energy,4,-0.06412750280904175,0.42343637804740075,0.0
push-v3,15002,2,low_energy,8,-0.05433637588388099,0.4587930233692329,0.0
push-v3,15002,2,low_energy,16,-0.03908481624228304,0.5138677853424463,0.0
push-v3,15002,2,low_energy,32,-0.021661714097915244,0.5767841837951556,0.0
push-v3,15002,2,oracle_real_utility,1,-0.09128522227327573,0.32536739557110905,0.0
push-v3,15002,2,oracle_real_utility,2,-0.06674380452509042,0.41398867580267534,0.0
push-v3,15002,2,oracle_real_utility,4,-0.044751158685447635,0.4934061100351653,0.0
push-v3,15002,2,oracle_real_utility,8,-0.021298985060425935,0.578094031172732,0.0
push-v3,15002,2,oracle_real_utility,16,0.006797850918777076,0.6795542483648468,0.0
push-v3,15002,2,oracle_real_utility,32,0.038689756932935845,0.7947188068675244,0.0
push-v3,15003,0,random,1,-0.11170486895244638,0.6649604586822606,0.0
push-v3,15003,0,random,2,-0.11253268252678265,0.6604333293664777,0.0
push-v3,15003,0,random,4,-0.10884337505793218,0.6806093357946895,0.0
push-v3,15003,0,random,8,-0.10290149402710802,0.7131041687371257,0.0
push-v3,15003,0,random,16,-0.10130658294289402,0.7218263846432871,0.0
push-v3,15003,0,random,32,-0.10537454782578483,0.699579584581237,0.0
push-v3,15003,0,learned_wam,1,-0.1117048689524464,0.6649604586822605,0.0
push-v3,15003,0,learned_wam,2,-0.09697970333572478,0.7454891320573829,0.0
push-v3,15003,0,learned_wam,4,-0.08637625511003136,0.803477044794149,0.0
push-v3,15003,0,learned_wam,8,-0.07678509957122664,0.855928952757569,0.0
push-v3,15003,0,learned_wam,16,-0.0687853294561625,0.8996779258720385,0.0
push-v3,15003,0,learned_wam,32,-0.06312224102521213,0.9306481037580219,0.0
push-v3,15003,0,predicted_success,1,-0.1117048689524464,0.6649604586822607,0.0
push-v3,15003,0,predicted_success,2,-0.1117048689524464,0.6649604586822607,0.0
push-v3,15003,0,predicted_success,4,-0.1117048689524464,0.6649604586822607,0.0
push-v3,15003,0,predicted_success,8,-0.1117048689524464,0.6649604586822607,0.0
push-v3,15003,0,predicted_success,16,-0.1117048689524464,0.6649604586822607,0.0
push-v3,15003,0,predicted_success,32,-0.1117048689524464,0.6649604586822607,0.0
push-v3,15003,0,benchmark_reward,1,-0.11170486895244637,0.6649604586822605,0.0
push-v3,15003,0,benchmark_reward,2,-0.10691873131830436,0.6911347866525027,0.0
push-v3,15003,0,benchmark_reward,4,-0.10453413940255611,0.7041755923394813,0.0
push-v3,15003,0,benchmark_reward,8,-0.10300521384517715,0.7125369479961696,0.0
push-v3,15003,0,benchmark_reward,16,-0.09959481141302187,0.7311876844758249,0.0
push-v3,15003,0,benchmark_reward,32,-0.09329198515939052,0.7656564469963938,0.0
push-v3,15003,0,low_energy,1,-0.11170486895244638,0.6649604586822606,0.0
push-v3,15003,0,low_energy,2,-0.09675311068065631,0.7467283171629471,0.0
push-v3,15003,0,low_energy,4,-0.08574529802200595,0.8069276095333068,0.0
push-v3,15003,0,low_energy,8,-0.07564301227609427,0.8621747755312803,0.0
push-v3,15003,0,low_energy,16,-0.06709983050243991,0.9088955467974223,0.0
push-v3,15003,0,low_energy,32,-0.06228919787803784,0.9352038324508118,0.0
push-v3,15003,0,oracle_real_utility,1,-0.11170486895244636,0.6649604586822606,0.0
push-v3,15003,0,oracle_real_utility,2,-0.09430209828987746,0.7601323617348651,0.0
push-v3,15003,0,oracle_real_utility,4,-0.08137047171443758,0.8308525668455016,0.0
push-v3,15003,0,oracle_real_utility,8,-0.07060552251809844,0.8897236926647832,0.0
push-v3,15003,0,oracle_real_utility,16,-0.06180524395213162,0.9378504694151971,0.0
push-v3,15003,0,oracle_real_utility,32,-0.055438822598487494,0.9726670194697392,0.0
push-v3,15003,1,random,1,-0.08901930353635094,0.21192741029438397,0.0
push-v3,15003,1,random,2,-0.0828298432429899,0.22494907411658907,0.0
push-v3,15003,1,random,4,-0.07080061973609887,0.2502566933797611,0.0
push-v3,15003,1,random,8,-0.04105631413022062,0.3128340959103382,0.0
push-v3,15003,1,random,16,0.014661282779314416,0.43005527215979666,0.0
push-v3,15003,1,random,32,0.09703274379798331,0.6033520416825755,0.0
push-v3,15003,1,learned_wam,1,-0.08901930353635097,0.21192741029438392,0.0
push-v3,15003,1,learned_wam,2,-0.06376989837281884,0.26504823992517296,0.0
push-v3,15003,1,learned_wam,4,-0.04504837493232962,0.3044354195703955,0.0
push-v3,15003,1,learned_wam,8,-0.03516000852588341,0.32523900776590314,0.0
push-v3,15003,1,learned_wam,16,-0.03703812340049651,0.3212877455624883,0.0
push-v3,15003,1,learned_wam,32,-0.041519022432068564,0.3118606294578803,0.0
push-v3,15003,1,predicted_success,1,-0.08901930353635094,0.21192741029438392,0.0
push-v3,15003,1,predicted_success,2,-0.08901930353635094,0.21192741029438392,0.0
push-v3,15003,1,predicted_success,4,-0.08901930353635094,0.21192741029438392,0.0
push-v3,15003,1,predicted_success,8,-0.08901930353635094,0.21192741029438392,0.0
push-v3,15003,1,predicted_success,16,-0.08901930353635094,0.21192741029438392,0.0
push-v3,15003,1,predicted_success,32,-0.08901930353635094,0.21192741029438392,0.0
push-v3,15003,1,benchmark_reward,1,-0.08901930353635093,0.21192741029438392,0.0
push-v3,15003,1,benchmark_reward,2,-0.06839409133149216,0.25531965563787407,0.0
push-v3,15003,1,benchmark_reward,4,-0.03704162807231909,0.3212803722769161,0.0
push-v3,15003,1,benchmark_reward,8,0.008002092071829142,0.4160453684507711,0.0
push-v3,15003,1,benchmark_reward,16,0.07061078851993635,0.5477643485964578,0.0
push-v3,15003,1,benchmark_reward,32,0.15142706181183088,0.7177892445149747,0.0
push-v3,15003,1,low_energy,1,-0.08901930353635097,0.21192741029438386,0.0
push-v3,15003,1,low_energy,2,-0.06196916118967372,0.26883671147514177,0.0
push-v3,15003,1,low_energy,4,-0.04006556883256253,0.3149184702480122,0.0
push-v3,15003,1,low_energy,8,-0.023328933273321577,0.3501297538555613,0.0
push-v3,15003,1,low_energy,16,-0.012858686851409945,0.3721575272929353,0.0
push-v3,15003,1,low_energy,32,-0.007428934198838839,0.38358088414932334,0.0
push-v3,15003,1,oracle_real_utility,1,-0.08901930353635094,0.21192741029438392,0.0
push-v3,15003,1,oracle_real_utility,2,-0.05615574407175299,0.28106723881999196,0.0
push-v3,15003,1,oracle_real_utility,4,-0.02124425325738843,0.35451559705637603,0.0
push-v3,15003,1,oracle_real_utility,8,0.023504425886042814,0.4486598727565535,0.0
push-v3,15003,1,oracle_real_utility,16,0.08415372804872792,0.5762565914334521,0.0
push-v3,15003,1,oracle_real_utility,32,0.15889292387453346,0.7334962595559704,0.0
push-v3,15003,2,random,1,-0.09650872243899389,0.4402087787269346,0.0
push-v3,15003,2,random,2,-0.10150720942746111,0.41618838366435496,0.0
push-v3,15003,2,random,4,-0.10673737721036185,0.3910546388574336,0.0
push-v3,15003,2,random,8,-0.10743231601771994,0.3877150873620363,0.0
push-v3,15003,2,random,16,-0.10842102294461022,0.3829638234216063,0.0
push-v3,15003,2,random,32,-0.10791477758315544,0.38539660230225525,0.0
push-v3,15003,2,learned_wam,1,-0.09650872243899387,0.44020877872693465,0.0
push-v3,15003,2,learned_wam,2,-0.07779956766192801,0.5301162427393353,0.0
push-v3,15003,2,learned_wam,4,-0.06794461797331075,0.5774745304349131,0.0
push-v3,15003,2,learned_wam,8,-0.06358395796254637,0.5984298267943567,0.0
push-v3,15003,2,learned_wam,16,-0.062074083115966225,0.6056855804641343,0.0
push-v3,15003,2,learned_wam,32,-0.05919327339097717,0.6195294071769009,0.0
push-v3,15003,2,predicted_success,1,-0.09650872243899385,0.4402087787269346,0.0
push-v3,15003,2,predicted_success,2,-0.09650872243899385,0.4402087787269346,0.0
push-v3,15003,2,predicted_success,4,-0.09650872243899385,0.4402087787269346,0.0
push-v3,15003,2,predicted_success,8,-0.09650872243899385,0.4402087787269346,0.0
push-v3,15003,2,predicted_success,16,-0.09650872243899385,0.4402087787269346,0.0
push-v3,15003,2,predicted_success,32,-0.09650872243899385,0.4402087787269346,0.0
push-v3,15003,2,benchmark_reward,1,-0.09650872243899389,0.4402087787269345,0.0
push-v3,15003,2,benchmark_reward,2,-0.07794583936578829,0.5294133292134409,0.0
push-v3,15003,2,benchmark_reward,4,-0.0552189080916834,0.6386283514839096,0.0
push-v3,15003,2,benchmark_reward,8,-0.031111630990417895,0.7544766714238293,0.0
push-v3,15003,2,benchmark_reward,16,-0.012445503026674978,0.8441773686572657,0.0
push-v3,15003,2,benchmark_reward,32,7.748791647322305e-05,0.904357017121604,0.0
push-v3,15003,2,low_energy,1,-0.09650872243899387,0.44020877872693454,0.0
push-v3,15003,2,low_energy,2,-0.07734089098078197,0.53232042874853,0.0
push-v3,15003,2,low_energy,4,-0.06627472104813015,0.585499275512608,0.0
push-v3,15003,2,low_energy,8,-0.06179406376835375,0.6070312227295511,0.0
push-v3,15003,2,low_energy,16,-0.0610420317071664,0.6106451377504614,0.0
push-v3,15003,2,low_energy,32,-0.05866629417386528,0.6220618232888168,0.0
push-v3,15003,2,oracle_real_utility,1,-0.09650872243899386,0.4402087787269346,0.0
push-v3,15003,2,oracle_real_utility,2,-0.06935062634735484,0.5707179105449831,0.0
push-v3,15003,2,oracle_real_utility,4,-0.0451405092460797,0.6870604315169684,0.0
push-v3,15003,2,oracle_real_utility,8,-0.02419463626374237,0.7877165190745032,0.0
push-v3,15003,2,oracle_real_utility,16,-0.007307054934854607,0.8688703514456301,0.0
push-v3,15003,2,oracle_real_utility,32,0.006246159007858707,0.934000770715055,0.0
push-v3,15004,0,random,1,-0.09228216957120805,0.5393622626323348,0.0
push-v3,15004,0,random,2,-0.08834384452867569,0.5612468759254506,0.0
push-v3,15004,0,random,4,-0.08718299113247939,0.5676975440118563,0.0
push-v3,15004,0,random,8,-0.08781186168650418,0.5642030155669897,0.0
push-v3,15004,0,random,16,-0.08809201709472969,0.5626462388396304,0.0
push-v3,15004,0,random,32,-0.08870962807752045,0.5592142779481379,0.0
push-v3,15004,0,learned_wam,1,-0.09228216957120801,0.5393622626323349,0.0
push-v3,15004,0,learned_wam,2,-0.07729016748700616,0.6226703097231809,0.0
push-v3,15004,0,learned_wam,4,-0.06748119381285785,0.6771771351737941,0.0
push-v3,15004,0,learned_wam,8,-0.06124675705627389,0.7118208570719987,0.0
push-v3,15004,0,learned_wam,16,-0.05760520131245278,0.7320563730281946,0.0
push-v3,15004,0,learned_wam,32,-0.05520149988958149,0.7454133396430748,0.0
push-v3,15004,0,predicted_success,1,-0.09228216957120804,0.5393622626323348,0.0
push-v3,15004,0,predicted_success,2,-0.09228216957120804,0.5393622626323348,0.0
push-v3,15004,0,predicted_success,4,-0.09228216957120804,0.5393622626323348,0.0
push-v3,15004,0,predicted_success,8,-0.09228216957120804,0.5393622626323348,0.0
push-v3,15004,0,predicted_success,16,-0.09228216957120804,0.5393622626323348,0.0
push-v3,15004,0,predicted_success,32,-0.09228216957120804,0.5393622626323348,0.0
push-v3,15004,0,benchmark_reward,1,-0.09228216957120802,0.5393622626323349,0.0
push-v3,15004,0,benchmark_reward,2,-0.08209378985439565,0.5959773839790721,0.0
push-v3,15004,0,benchmark_reward,4,-0.07029760746507893,0.6615267957562334,0.0
push-v3,15004,0,benchmark_reward,8,-0.05980056337091793,0.7198571134015704,0.0
push-v3,15004,0,benchmark_reward,16,-0.05228067755105774,0.761643860660554,0.0
push-v3,15004,0,benchmark_reward,32,-0.04957248852800958,0.7766928139221569,0.0
push-v3,15004,0,low_energy,1,-0.09228216957120801,0.5393622626323348,0.0
push-v3,15004,0,low_energy,2,-0.07674197834581425,0.6257165050567068,0.0
push-v3,15004,0,low_energy,4,-0.06605683219065944,0.6850920743813824,0.0
push-v3,15004,0,low_energy,8,-0.058139816987927265,0.7290856031725218,0.0
push-v3,15004,0,low_energy,16,-0.05197161297871476,0.7633612807757761,0.0
push-v3,15004,0,low_energy,32,-0.047638819168600376,0.7874378910070607,0.0
push-v3,15004,0,oracle_real_utility,1,-0.09228216957120804,0.5393622626323349,0.0
push-v3,15004,0,oracle_real_utility,2,-0.0723498169013626,0.6501230112984951,0.0
push-v3,15004,0,oracle_real_utility,4,-0.056664923242019244,0.737281340936431,0.0
push-v3,15004,0,oracle_real_utility,8,-0.04282253800544653,0.8142011595611377,0.0
push-v3,15004,0,oracle_real_utility,16,-0.03070789089943755,0.8815202264828194,0.0
push-v3,15004,0,oracle_real_utility,32,-0.021028230310681642,0.9353084807548248,0.0
push-v3,15004,1,random,1,-0.0867732865045567,0.5283270352901323,0.0
push-v3,15004,1,random,2,-0.08739205002613477,0.5256227605544638,0.0
push-v3,15004,1,random,4,-0.09537045454756206,0.49075354634608254,0.0
push-v3,15004,1,random,8,-0.10355555380621742,0.4549809832226652,0.0
push-v3,15004,1,random,16,-0.10596211245687522,0.44446324012384736,0.0
push-v3,15004,1,random,32,-0.09815823936079313,0.4785696735481618,0.0
push-v3,15004,1,learned_wam,1,-0.08677328650455668,0.5283270352901323,0.0
push-v3,15004,1,learned_wam,2,-0.06440238323256177,0.6260979387497402,0.0
push-v3,15004,1,learned_wam,4,-0.05284384196172036,0.6766139598949407,0.0
push-v3,15004,1,learned_wam,8,-0.05108966132972484,0.6842805177954548,0.0
push-v3,15004,1,learned_wam,16,-0.051804312624065624,0.6811571703893736,0.0
push-v3,15004,1,learned_wam,32,-0.05195076457868063,0.6805171095146721,0.0
push-v3,15004,1,predicted_success,1,-0.0867732865045567,0.5283270352901323,0.0
push-v3,15004,1,predicted_success,2,-0.0867732865045567,0.5283270352901323,0.0
push-v3,15004,1,predicted_success,4,-0.0867732865045567,0.5283270352901323,0.0
push-v3,15004,1,predicted_success,8,-0.0867732865045567,0.5283270352901323,0.0
push-v3,15004,1,predicted_success,16,-0.0867732865045567,0.5283270352901323,0.0
push-v3,15004,1,predicted_success,32,-0.0867732865045567,0.5283270352901323,0.0
push-v3,15004,1,benchmark_reward,1,-0.08677328650455668,0.5283270352901321,0.0
push-v3,15004,1,benchmark_reward,2,-0.0650632772867705,0.6232095346479729,0.0
push-v3,15004,1,benchmark_reward,4,-0.045878576650821894,0.7070553003273105,0.0
push-v3,15004,1,benchmark_reward,8,-0.03503167308875518,0.7544611447900195,0.0
push-v3,15004,1,benchmark_reward,16,-0.028684536991470534,0.7822009826976586,0.0
push-v3,15004,1,benchmark_reward,32,-0.01507699587410928,0.8416720542378795,0.0
push-v3,15004,1,low_energy,1,-0.08677328650455665,0.5283270352901324,0.0
push-v3,15004,1,low_energy,2,-0.0650912873251251,0.6230871181893003,0.0
push-v3,15004,1,low_energy,4,-0.05343179022041611,0.6740443617101349,0.0
push-v3,15004,1,low_energy,8,-0.04849679789177906,0.6956124965623871,0.0
push-v3,15004,1,low_energy,16,-0.04198636473719926,0.7240660160156447,0.0
push-v3,15004,1,low_energy,32,-0.030577530269111933,0.7739277511366578,0.0
push-v3,15004,1,oracle_real_utility,1,-0.0867732865045567,0.5283270352901321,0.0
push-v3,15004,1,oracle_real_utility,2,-0.05532045786446414,0.6657900351123945,0.0
push-v3,15004,1,oracle_real_utility,4,-0.02950774873006384,0.7786031773501393,0.0
push-v3,15004,1,oracle_real_utility,8,-0.008177797393982018,0.8718246529214392,0.0
push-v3,15004,1,oracle_real_utility,16,0.007247016145386386,0.9392380218455255,0.0
push-v3,15004,1,oracle_real_utility,32,0.015540882898007865,0.9754859478107024,0.0
push-v3,15004,2,random,1,-0.040764664827322085,0.363775085800986,0.0
push-v3,15004,2,random,2,-0.04337933536687978,0.35204776414300537,0.0
push-v3,15004,2,random,4,-0.043635050543921014,0.3509008302985229,0.0
push-v3,15004,2,random,8,-0.03953562284937242,0.3692875855169214,0.0
push-v3,15004,2,random,16,-0.029620207514799417,0.4137602115100537,0.0
push-v3,15004,2,random,32,-0.01918967927469954,0.46054322217379656,0.0
push-v3,15004,2,learned_wam,1,-0.040764664827322064,0.3637750858009861,0.0
push-v3,15004,2,learned_wam,2,-0.0219028190224417,0.44837424637227663,0.0
push-v3,15004,2,learned_wam,4,-0.005919329056654002,0.520063403843568,0.0
push-v3,15004,2,learned_wam,8,0.007469069677917594,0.5801130567807912,0.0
push-v3,15004,2,learned_wam,16,0.0208095500650086,0.639947786321081,0.0
push-v3,15004,2,learned_wam,32,0.039580959768098625,0.7241413228417908,0.0
push-v3,15004,2,predicted_success,1,-0.0407646648273221,0.363775085800986,0.0
push-v3,15004,2,predicted_success,2,-0.0407646648273221,0.363775085800986,0.0
push-v3,15004,2,predicted_success,4,-0.0407646648273221,0.363775085800986,0.0
push-v3,15004,2,predicted_success,8,-0.0407646648273221,0.363775085800986,0.0
push-v3,15004,2,predicted_success,16,-0.0407646648273221,0.363775085800986,0.0
push-v3,15004,2,predicted_success,32,-0.0407646648273221,0.363775085800986,0.0
push-v3,15004,2,benchmark_reward,1,-0.0407646648273221,0.36377508580098605,0.0
push-v3,15004,2,benchmark_reward,2,-0.03112375294724893,0.4070165087578494,0.0
push-v3,15004,2,benchmark_reward,4,-0.018672906549771107,0.4628610514672463,0.0
push-v3,15004,2,benchmark_reward,8,0.0002456200856403735,0.5477144369289861,0.0
push-v3,15004,2,benchmark_reward,16,0.025140664944305814,0.6593737050204886,0.0
push-v3,15004,2,benchmark_reward,32,0.05165409637651146,0.7782917614096837,0.0
push-v3,15004,2,low_energy,1,-0.04076466482732209,0.363775085800986,0.0
push-v3,15004,2,low_energy,2,-0.021733729252940353,0.44913264789400387,0.0
push-v3,15004,2,low_energy,4,-0.005847453443476973,0.520385780381009,0.0
push-v3,15004,2,low_energy,8,0.006916085038674044,0.5776328097905037,0.0
push-v3,15004,2,low_energy,16,0.0178879529126003,0.6268438372602068,0.0
push-v3,15004,2,low_energy,32,0.028141019719397954,0.6728308978114075,0.0
push-v3,15004,2,oracle_real_utility,1,-0.04076466482732209,0.363775085800986,0.0
push-v3,15004,2,oracle_real_utility,2,-0.018992167396317743,0.4614291025529924,0.0
push-v3,15004,2,oracle_real_utility,4,0.0018487898973679785,0.5549049749987172,0.0
push-v3,15004,2,oracle_real_utility,8,0.022415738064226642,0.647151861566907,0.0
push-v3,15004,2,oracle_real_utility,16,0.04402332762076771,0.7440662334349762,0.0
push-v3,15004,2,oracle_real_utility,32,0.06579822282299957,0.8417310046717338,0.0
push-v3,15005,0,random,1,-0.11397412916293986,0.4482344368235164,0.0
push-v3,15005,0,random,2,-0.11552087248201824,0.44136180056886587,0.0
push-v3,15005,0,random,4,-0.11588229817366119,0.43975587974082087,0.0
push-v3,15005,0,random,8,-0.11505197774473107,0.44344523802829827,0.0
push-v3,15005,0,random,16,-0.11502050648675932,0.44358507409925346,0.0
push-v3,15005,0,random,32,-0.10968354104322481,0.4672987838949469,0.0
push-v3,15005,0,learned_wam,1,-0.11397412916293986,0.4482344368235162,0.0
push-v3,15005,0,learned_wam,2,-0.09295853688711227,0.5416129047349639,0.0
push-v3,15005,0,learned_wam,4,-0.07761244473687408,0.6098001132898897,0.0
push-v3,15005,0,learned_wam,8,-0.06486807841696732,0.6664270874829492,0.0
push-v3,15005,0,learned_wam,16,-0.0516792453236653,0.7250289584951163,0.0
push-v3,15005,0,learned_wam,32,-0.040257499481119285,0.7757791402483876,0.0
push-v3,15005,0,predicted_success,1,-0.11397412916293988,0.44823443682351644,0.0
push-v3,15005,0,predicted_success,2,-0.11397412916293988,0.44823443682351644,0.0
push-v3,15005,0,predicted_success,4,-0.11397412916293988,0.44823443682351644,0.0
push-v3,15005,0,predicted_success,8,-0.11397412916293988,0.44823443682351644,0.0
push-v3,15005,0,predicted_success,16,-0.11397412916293988,0.44823443682351644,0.0
push-v3,15005,0,predicted_success,32,-0.11397412916293988,0.44823443682351644,0.0
push-v3,15005,0,benchmark_reward,1,-0.11397412916293986,0.4482344368235162,0.0
push-v3,15005,0,benchmark_reward,2,-0.09988051625235124,0.5108565111222025,0.0
push-v3,15005,0,benchmark_reward,4,-0.08457592390350281,0.5788593238332448,0.0
push-v3,15005,0,benchmark_reward,8,-0.06808956364742452,0.6521130795182317,0.0
push-v3,15005,0,benchmark_reward,16,-0.04869482053861191,0.7382896370602299,0.0
push-v3,15005,0,benchmark_reward,32,-0.03345920637800051,0.8059859593591849,0.0
push-v3,15005,0,low_energy,1,-0.11397412916293984,0.4482344368235164,0.0
push-v3,15005,0,low_energy,2,-0.0929787170721679,0.5415232382274522,0.0
push-v3,15005,0,low_energy,4,-0.07795219746489124,0.608290491824333,0.0
push-v3,15005,0,low_energy,8,-0.06617003102968265,0.6606421284547661,0.0
push-v3,15005,0,low_energy,16,-0.0555809777066294,0.7076924120233457,0.0
push-v3,15005,0,low_energy,32,-0.048629577740420295,0.7385795300338578,0.0
push-v3,15005,0,oracle_real_utility,1,-0.11397412916293984,0.44823443682351627,0.0
push-v3,15005,0,oracle_real_utility,2,-0.0894503596980277,0.5572007695345399,0.0
push-v3,15005,0,oracle_real_utility,4,-0.0695942175246394,0.6454274590538037,0.0
push-v3,15005,0,oracle_real_utility,8,-0.05067906110842843,0.7294730716289373,0.0
push-v3,15005,0,oracle_real_utility,16,-0.0315776405956408,0.8143463104606594,0.0
push-v3,15005,0,oracle_real_utility,32,-0.014052223193618308,0.8922169031630028,0.0
push-v3,15005,1,random,1,-0.12384294639431481,0.5102790862807103,0.0
push-v3,15005,1,random,2,-0.12091762189279787,0.5278137728450715,0.0
push-v3,15005,1,random,4,-0.1235998878032553,0.5117360036957848,0.0
push-v3,15005,1,random,8,-0.12899743614627032,0.4793825610737177,0.0
push-v3,15005,1,random,16,-0.13867063561413015,0.42140043954993134,0.0
push-v3,15005,1,random,32,-0.1524753282134141,0.33865373650202124,0.0
push-v3,15005,1,learned_wam,1,-0.12384294639431481,0.5102790862807103,0.0
push-v3,15005,1,learned_wam,2,-0.10450482286853342,0.6261937256964866,0.0
push-v3,15005,1,learned_wam,4,-0.08894259257367464,0.7194752848265077,0.0
push-v3,15005,1,learned_wam,8,-0.07516753108020052,0.8020443760735178,0.0
push-v3,15005,1,learned_wam,16,-0.06294521491429658,0.8753061570993542,0.0
push-v3,15005,1,learned_wam,32,-0.05273900028733851,0.936483224600585,0.0
push-v3,15005,1,predicted_success,1,-0.12384294639431481,0.5102790862807103,0.0
push-v3,15005,1,predicted_success,2,-0.12384294639431481,0.5102790862807103,0.0
push-v3,15005,1,predicted_success,4,-0.12384294639431481,0.5102790862807103,0.0
push-v3,15005,1,predicted_success,8,-0.12384294639431481,0.5102790862807103,0.0
push-v3,15005,1,predicted_success,16,-0.12384294639431481,0.5102790862807103,0.0
push-v3,15005,1,predicted_success,32,-0.12384294639431481,0.5102790862807103,0.0
push-v3,15005,1,benchmark_reward,1,-0.12384294639431481,0.5102790862807103,0.0
push-v3,15005,1,benchmark_reward,2,-0.11337675902805851,0.5730144562870169,0.0
push-v3,15005,1,benchmark_reward,4,-0.1021823962948303,0.6401145820040552,0.0
push-v3,15005,1,benchmark_reward,8,-0.0966654222473729,0.6731838741990631,0.0
push-v3,15005,1,benchmark_reward,16,-0.09625480303300245,0.6756451666873174,0.0
push-v3,15005,1,benchmark_reward,32,-0.09686402385540677,0.6719934363702867,0.0
push-v3,15005,1,low_energy,1,-0.12384294639431481,0.5102790862807103,0.0
push-v3,15005,1,low_energy,2,-0.1046594696141475,0.6252667576930616,0.0
push-v3,15005,1,low_energy,4,-0.08954126749970731,0.7158867676632045,0.0
push-v3,15005,1,low_energy,8,-0.07624029935042326,0.7956140961627615,0.0
push-v3,15005,1,low_energy,16,-0.06436444667585858,0.8667991404971718,0.0
push-v3,15005,1,low_energy,32,-0.053611299288757006,0.9312545774633709,0.0
push-v3,15005,1,oracle_real_utility,1,-0.12384294639431483,0.5102790862807103,0.0
push-v3,15005,1,oracle_real_utility,2,-0.10302528097804668,0.6350622472212182,0.0
push-v3,15005,1,oracle_real_utility,4,-0.0861881689342589,0.7359855745935322,0.0
push-v3,15005,1,oracle_real_utility,8,-0.07155190049472665,0.823716826092627,0.0
push-v3,15005,1,oracle_real_utility,16,-0.05860553079421018,0.9013186561553017,0.0
push-v3,15005,1,oracle_real_utility,32,-0.04905980354733985,0.9585366964841457,0.0
push-v3,15005,2,random,1,-0.09946468060354863,0.42432324784766917,0.0
push-v3,15005,2,random,2,-0.10032266689835063,0.4205563175889479,0.0
push-v3,15005,2,random,4,-0.10413487245055962,0.40381908934406585,0.0
push-v3,15005,2,random,8,-0.10406216768590958,0.404138294650226,0.0
push-v3,15005,2,random,16,-0.09945344192054942,0.42437259051819265,0.0
push-v3,15005,2,random,32,-0.0902860310330946,0.4646214822257867,0.0
push-v3,15005,2,learned_wam,1,-0.09946468060354863,0.42432324784766917,0.0
push-v3,15005,2,learned_wam,2,-0.07805074100546672,0.5183396878760761,0.0
push-v3,15005,2,learned_wam,4,-0.06674768324023493,0.5679649914151651,0.0
push-v3,15005,2,learned_wam,8,-0.0628938746417072,0.5848848749949662,0.0
push-v3,15005,2,learned_wam,16,-0.06103649335526548,0.5930395807429115,0.0
push-v3,15005,2,learned_wam,32,-0.06076447749903441,0.5942338477911111,0.0
push-v3,15005,2,predicted_success,1,-0.09946468060354864,0.4243232478476693,0.0
push-v3,15005,2,predicted_success,2,-0.09946468060354864,0.4243232478476693,0.0
push-v3,15005,2,predicted_success,4,-0.09946468060354864,0.4243232478476693,0.0
push-v3,15005,2,predicted_success,8,-0.09946468060354864,0.4243232478476693,0.0
push-v3,15005,2,predicted_success,16,-0.09946468060354864,0.4243232478476693,0.0
push-v3,15005,2,predicted_success,32,-0.09946468060354864,0.4243232478476693,0.0
push-v3,15005,2,benchmark_reward,1,-0.09946468060354863,0.42432324784766917,0.0
push-v3,15005,2,benchmark_reward,2,-0.07893078999854232,0.5144758928466475,0.0
push-v3,15005,2,benchmark_reward,4,-0.05641110025959051,0.6133470533868656,0.0
push-v3,15005,2,benchmark_reward,8,-0.03516790667740042,0.7066138446881123,0.0
push-v3,15005,2,benchmark_reward,16,-0.016298083479509225,0.7894605153301684,0.0
push-v3,15005,2,benchmark_reward,32,-0.0013333257965528606,0.8551622623998821,0.0
push-v3,15005,2,low_energy,1,-0.09946468060354864,0.4243232478476692,0.0
push-v3,15005,2,low_energy,2,-0.07800582219556641,0.5185369008446565,0.0
push-v3,15005,2,low_energy,4,-0.06662784274171527,0.5684911429432592,0.0
push-v3,15005,2,low_energy,8,-0.06096391451794213,0.59335823317374,0.0
push-v3,15005,2,low_energy,16,-0.05229200165720005,0.631431674619169,0.0
push-v3,15005,2,low_energy,32,-0.03632299754645532,0.7015424970773445,0.0
push-v3,15005,2,oracle_real_utility,1,-0.09946468060354861,0.42432324784766917,0.0
push-v3,15005,2,oracle_real_utility,2,-0.07152599800597825,0.546986126617648,0.0
push-v3,15005,2,oracle_real_utility,4,-0.04779861829357955,0.6511595675459011,0.0
push-v3,15005,2,oracle_real_utility,8,-0.025818853052108494,0.7476602264367257,0.0
push-v3,15005,2,oracle_real_utility,16,-0.004946898671566365,0.8392971173649902,0.0
push-v3,15005,2,oracle_real_utility,32,0.012236611218544958,0.9147401445418247,0.0
drawer-open-v3,15001,0,random,1,3.1669118655545416,0.4555453295087234,0.0
drawer-open-v3,15001,0,random,2,3.1283915459301843,0.437811785622741,0.0
drawer-open-v3,15001,0,random,4,3.1649146479743897,0.4546258733372051,0.0
drawer-open-v3,15001,0,random,8,3.2348847673059575,0.4868379160713782,0.0
drawer-open-v3,15001,0,random,16,3.2748525931319805,0.5052378462958644,0.0
drawer-open-v3,15001,0,random,32,3.2353454046976555,0.48704997904180136,0.0
drawer-open-v3,15001,0,learned_wam,1,3.166911865554541,0.45554532950872334,0.0
drawer-open-v3,15001,0,learned_wam,2,3.2093230609112107,0.4750701102335158,0.0
drawer-open-v3,15001,0,learned_wam,4,3.2668975548335264,0.5015755968089445,0.0
drawer-open-v3,15001,0,learned_wam,8,3.357663482835499,0.5433613759320527,0.0
drawer-open-v3,15001,0,learned_wam,16,3.4246037679754116,0.5741785782773365,0.0
drawer-open-v3,15001,0,learned_wam,32,3.397308876954111,0.5616128687372922,0.0
drawer-open-v3,15001,0,predicted_success,1,3.166911865554541,0.45554532950872345,0.0
drawer-open-v3,15001,0,predicted_success,2,3.166911865554541,0.45554532950872345,0.0
drawer-open-v3,15001,0,predicted_success,4,3.166911865554541,0.45554532950872345,0.0
drawer-open-v3,15001,0,predicted_success,8,3.166911865554541,0.45554532950872345,0.0
drawer-open-v3,15001,0,predicted_success,16,3.166911865554541,0.45554532950872345,0.0
drawer-open-v3,15001,0,predicted_success,32,3.166911865554541,0.45554532950872345,0.0
drawer-open-v3,15001,0,benchmark_reward,1,3.166911865554541,0.45554532950872345,0.0
drawer-open-v3,15001,0,benchmark_reward,2,3.5133789999159752,0.6150479035310872,0.0
drawer-open-v3,15001,0,benchmark_reward,4,3.825170480830208,0.7585868970801397,0.0
drawer-open-v3,15001,0,benchmark_reward,8,4.066490045333964,0.8696828362988687,0.0
drawer-open-v3,15001,0,benchmark_reward,16,4.225237992610408,0.9427653994055462,0.0
drawer-open-v3,15001,0,benchmark_reward,32,4.308502134434691,0.9810975920656486,0.0
drawer-open-v3,15001,0,low_energy,1,3.166911865554541,0.45554532950872334,0.0
drawer-open-v3,15001,0,low_energy,2,3.238803381425364,0.4886419227913743,0.0
drawer-open-v3,15001,0,low_energy,4,3.317175102887519,0.5247217989586096,0.0
drawer-open-v3,15001,0,low_energy,8,3.42951956464223,0.576441656485817,0.0
drawer-open-v3,15001,0,low_energy,16,3.506286321222401,0.6117826572894086,0.0
drawer-open-v3,15001,0,low_energy,32,3.488541874562716,0.6036136720203189,0.0
drawer-open-v3,15001,0,oracle_real_utility,1,3.1669118655545407,0.4555453295087234,0.0
drawer-open-v3,15001,0,oracle_real_utility,2,3.514813052511547,0.6157080962523928,0.0
drawer-open-v3,15001,0,oracle_real_utility,4,3.827939890883999,0.7598618463849769,0.0
drawer-open-v3,15001,0,oracle_real_utility,8,4.071169842369458,0.8718372676980809,0.0
drawer-open-v3,15001,0,oracle_real_utility,16,4.232637734956545,0.9461720080972659,0.0
drawer-open-v3,15001,0,oracle_real_utility,32,4.318557413457649,0.9857267263401904,0.0
drawer-open-v3,15001,1,random,1,1.2870734529721968,0.24838905998012986,0.0
drawer-open-v3,15001,1,random,2,1.341445047124996,0.27167943574224085,0.0
drawer-open-v3,15001,1,random,4,1.3405968240230626,0.27131609464323597,0.0
drawer-open-v3,15001,1,random,8,1.3056130382114792,0.25633059477278497,0.0
drawer-open-v3,15001,1,random,16,1.2027927088641772,0.2122869329343469,0.0
drawer-open-v3,15001,1,random,32,1.0169464106510864,0.13267863402708732,0.0
drawer-open-v3,15001,1,learned_wam,1,1.287073452972197,0.24838905998012992,0.0
drawer-open-v3,15001,1,learned_wam,2,1.2244943454323516,0.22158295005875045,0.0
drawer-open-v3,15001,1,learned_wam,4,1.1504033952283461,0.18984567809328795,0.0
drawer-open-v3,15001,1,learned_wam,8,1.100986879245238,0.168677837715709,0.0
drawer-open-v3,15001,1,learned_wam,16,1.1142840151845728,0.17437374009658552,0.0
drawer-open-v3,15001,1,learned_wam,32,1.1815055130654901,0.2031684438262336,0.0
drawer-open-v3,15001,1,predicted_success,1,1.2870734529721968,0.24838905998012983,0.0
drawer-open-v3,15001,1,predicted_success,2,1.2870734529721968,0.24838905998012983,0.0
drawer-open-v3,15001,1,predicted_success,4,1.2870734529721968,0.24838905998012983,0.0
drawer-open-v3,15001,1,predicted_success,8,1.2870734529721968,0.24838905998012983,0.0
drawer-open-v3,15001,1,predicted_success,16,1.2870734529721968,0.24838905998012983,0.0
drawer-open-v3,15001,1,predicted_success,32,1.2870734529721968,0.24838905998012983,0.0
drawer-open-v3,15001,1,benchmark_reward,1,1.2870734529721968,0.24838905998012986,0.0
drawer-open-v3,15001,1,benchmark_reward,2,1.603627691036721,0.3839868343049422,0.0
drawer-open-v3,15001,1,benchmark_reward,4,1.9785720181876456,0.5445963291208556,0.0
drawer-open-v3,15001,1,benchmark_reward,8,2.3514910560952518,0.7043382799877856,0.0
drawer-open-v3,15001,1,benchmark_reward,16,2.6592079113822074,0.8361505120850746,0.0
drawer-open-v3,15001,1,benchmark_reward,32,2.8663617505928154,0.9248860150798973,0.0
drawer-open-v3,15001,1,low_energy,1,1.287073452972197,0.2483890599801299,0.0
drawer-open-v3,15001,1,low_energy,2,1.150525700195338,0.18989806810839047,0.0
drawer-open-v3,15001,1,low_energy,4,1.0789025687638463,0.15921790008516468,0.0
drawer-open-v3,15001,1,low_energy,8,1.0529869230232558,0.14811678861655736,0.0
drawer-open-v3,15001,1,low_energy,16,1.0245106209796069,0.13591880573144807,0.0
drawer-open-v3,15001,1,low_energy,32,0.950714813182537,0.10430795966296276,0.0
drawer-open-v3,15001,1,oracle_real_utility,1,1.2870734529721972,0.24838905998012983,0.0
drawer-open-v3,15001,1,oracle_real_utility,2,1.6052337751424721,0.38467480939398174,0.0
drawer-open-v3,15001,1,oracle_real_utility,4,1.9793046543497315,0.5449101579091737,0.0
drawer-open-v3,15001,1,oracle_real_utility,8,2.3517382909218663,0.7044441844053967,0.0
drawer-open-v3,15001,1,oracle_real_utility,16,2.659425712433297,0.8362438083806917,0.0
drawer-open-v3,15001,1,oracle_real_utility,32,2.8665011246347514,0.9249457167285018,0.0
drawer-open-v3,15001,2,random,1,2.63741840389254,0.4669177044195099,0.0
drawer-open-v3,15001,2,random,2,2.7514632854613446,0.5120319650626712,0.0
drawer-open-v3,15001,2,random,4,2.9312891658855484,0.5831680961037564,0.0
drawer-open-v3,15001,2,random,8,3.0943500878173618,0.6476722880635492,0.0
drawer-open-v3,15001,2,random,16,3.154422546671885,0.6714359548669868,0.0
drawer-open-v3,15001,2,random,32,3.1690782431819997,0.6772335049470005,0.0
drawer-open-v3,15001,2,learned_wam,1,2.6374184038925406,0.46691770441950964,0.0
drawer-open-v3,15001,2,learned_wam,2,2.630630937844509,0.4642326956038115,0.0
drawer-open-v3,15001,2,learned_wam,4,2.7100008233298833,0.49563010381493583,0.0
drawer-open-v3,15001,2,learned_wam,8,2.7985144958717987,0.5306446422896873,0.0
drawer-open-v3,15001,2,learned_wam,16,2.983931860162039,0.6039926714628445,0.0
drawer-open-v3,15001,2,learned_wam,32,3.266136702943703,0.7156282193005029,0.0
drawer-open-v3,15001,2,predicted_success,1,2.6374184038925406,0.4669177044195097,0.0
drawer-open-v3,15001,2,predicted_success,2,2.6374184038925406,0.4669177044195097,0.0
drawer-open-v3,15001,2,predicted_success,4,2.6374184038925406,0.4669177044195097,0.0
drawer-open-v3,15001,2,predicted_success,8,2.6374184038925406,0.4669177044195097,0.0
drawer-open-v3,15001,2,predicted_success,16,2.6374184038925406,0.4669177044195097,0.0
drawer-open-v3,15001,2,predicted_success,32,2.6374184038925406,0.4669177044195097,0.0
drawer-open-v3,15001,2,benchmark_reward,1,2.6374184038925397,0.4669177044195097,0.0
drawer-open-v3,15001,2,benchmark_reward,2,3.1361290386367755,0.6641993469787507,0.0
drawer-open-v3,15001,2,benchmark_reward,4,3.559771858046335,0.8317854088128015,0.0
drawer-open-v3,15001,2,benchmark_reward,8,3.7972325290764397,0.9257209055925406,0.0
drawer-open-v3,15001,2,benchmark_reward,16,3.8980000241760315,0.9655828527114807,0.0
drawer-open-v3,15001,2,benchmark_reward,32,3.9481215687799502,0.9854101031412583,0.0
drawer-open-v3,15001,2,low_energy,1,2.6374184038925397,0.46691770441950947,0.0
drawer-open-v3,15001,2,low_energy,2,2.6089003482944175,0.45563643536480314,0.0
drawer-open-v3,15001,2,low_energy,4,2.5280902628819892,0.4236693079870351,0.0
drawer-open-v3,15001,2,low_energy,8,2.4030237759905066,0.37419508336834545,0.0
drawer-open-v3,15001,2,low_energy,16,2.3265478295791113,0.34394246938097756,0.0
drawer-open-v3,15001,2,low_energy,32,2.2263913081206885,0.30432221328503334,0.0
drawer-open-v3,15001,2,oracle_real_utility,1,2.6374184038925397,0.46691770441950964,0.0
drawer-open-v3,15001,2,oracle_real_utility,2,3.13810192180771,0.6649797867877778,0.0
drawer-open-v3,15001,2,oracle_real_utility,4,3.5620311438454593,0.8326791447438397,0.0
drawer-open-v3,15001,2,oracle_real_utility,8,3.800951465973098,0.9271920552501435,0.0
drawer-open-v3,15001,2,oracle_real_utility,16,3.904014096251493,0.9679619197191959,0.0
drawer-open-v3,15001,2,oracle_real_utility,32,3.9543112079540084,0.9878586215766701,0.0
drawer-open-v3,15002,0,random,1,2.4900360689258787,0.45870970051287313,0.0
drawer-open-v3,15002,0,random,2,2.4721099710140084,0.4490839965031296,0.0
drawer-open-v3,15002,0,random,4,2.4310381181354788,0.42702981042849747,0.0
drawer-open-v3,15002,0,random,8,2.3968310160452013,0.4086617617114333,0.0
drawer-open-v3,15002,0,random,16,2.3821218195553757,0.400763424196582,0.0
drawer-open-v3,15002,0,random,32,2.3090399820564556,0.3615209666516543,0.0
drawer-open-v3,15002,0,learned_wam,1,2.4900360689258787,0.45870970051287296,0.0
drawer-open-v3,15002,0,learned_wam,2,2.44189215263699,0.4328580572637387,0.0
drawer-open-v3,15002,0,learned_wam,4,2.425609277113169,0.42411470770767007,0.0
drawer-open-v3,15002,0,learned_wam,8,2.5157931018782578,0.472540349915086,0.0
drawer-open-v3,15002,0,learned_wam,16,2.6778769200903176,0.5595738396655389,0.0
drawer-open-v3,15002,0,learned_wam,32,2.7623019718157686,0.604907216896418,0.0
drawer-open-v3,15002,0,predicted_success,1,2.4900360689258787,0.45870970051287313,0.0
drawer-open-v3,15002,0,predicted_success,2,2.4900360689258787,0.45870970051287313,0.0
drawer-open-v3,15002,0,predicted_success,4,2.4900360689258787,0.45870970051287313,0.0
drawer-open-v3,15002,0,predicted_success,8,2.4900360689258787,0.45870970051287313,0.0
drawer-open-v3,15002,0,predicted_success,16,2.4900360689258787,0.45870970051287313,0.0
drawer-open-v3,15002,0,predicted_success,32,2.4900360689258787,0.45870970051287313,0.0
drawer-open-v3,15002,0,benchmark_reward,1,2.490036068925879,0.45870970051287313,0.0
drawer-open-v3,15002,0,benchmark_reward,2,2.7678737539810196,0.6078990741423814,0.0
drawer-open-v3,15002,0,benchmark_reward,4,3.0079661635374446,0.7368205204458713,0.0
drawer-open-v3,15002,0,benchmark_reward,8,3.2058681782543155,0.843087161739575,0.0
drawer-open-v3,15002,0,benchmark_reward,16,3.3455258635639105,0.9180785819630419,0.0
drawer-open-v3,15002,0,benchmark_reward,32,3.4325178011546034,0.9647902894745592,0.0
drawer-open-v3,15002,0,low_energy,1,2.490036068925879,0.4587097005128732,0.0
drawer-open-v3,15002,0,low_energy,2,2.446709324856537,0.43544471467112844,0.0
drawer-open-v3,15002,0,low_energy,4,2.3961642623638557,0.40830373769440537,0.0
drawer-open-v3,15002,0,low_energy,8,2.338690784244736,0.37744243751045486,0.0
drawer-open-v3,15002,0,low_energy,16,2.289364936202135,0.3509561371665703,0.0
drawer-open-v3,15002,0,low_energy,32,2.2026134500097867,0.3043735438661092,0.0
drawer-open-v3,15002,0,oracle_real_utility,1,2.490036068925879,0.45870970051287313,0.0
drawer-open-v3,15002,0,oracle_real_utility,2,2.7689798689419574,0.608493020201757,0.0
drawer-open-v3,15002,0,oracle_real_utility,4,3.0094696168720447,0.7376278236784248,0.0
drawer-open-v3,15002,0,oracle_real_utility,8,3.2069515050139414,0.8436688713110198,0.0
drawer-open-v3,15002,0,oracle_real_utility,16,3.346513404781997,0.918608857961168,0.0
drawer-open-v3,15002,0,oracle_real_utility,32,3.432985128252101,0.965041228208597,0.0
drawer-open-v3,15002,1,random,1,2.6182661587501648,0.5493599525806455,0.0
drawer-open-v3,15002,1,random,2,2.6811789688851926,0.5816836860848558,0.0
drawer-open-v3,15002,1,random,4,2.7215777034405604,0.6024399983028662,0.0
drawer-open-v3,15002,1,random,8,2.7216376999689404,0.6024708236910565,0.0
drawer-open-v3,15002,1,random,16,2.689225776942016,0.5858180249997771,0.0
drawer-open-v3,15002,1,random,32,2.7201218612521094,0.6016920066804501,0.0
drawer-open-v3,15002,1,learned_wam,1,2.6182661587501657,0.5493599525806453,0.0
drawer-open-v3,15002,1,learned_wam,2,2.6537412380706167,0.5675865586968545,0.0
drawer-open-v3,15002,1,learned_wam,4,2.729718718405847,0.6066227394270818,0.0
drawer-open-v3,15002,1,learned_wam,8,2.8130351522421884,0.6494295731715445,0.0
drawer-open-v3,15002,1,learned_wam,16,2.8768734931659563,0.6822288316205314,0.0
drawer-open-v3,15002,1,learned_wam,32,2.8822195652261797,0.6849755696568403,0.0
drawer-open-v3,15002,1,predicted_success,1,2.6182661587501648,0.5493599525806454,0.0
drawer-open-v3,15002,1,predicted_success,2,2.6182661587501648,0.5493599525806454,0.0
drawer-open-v3,15002,1,predicted_success,4,2.6182661587501648,0.5493599525806454,0.0
drawer-open-v3,15002,1,predicted_success,8,2.6182661587501648,0.5493599525806454,0.0
drawer-open-v3,15002,1,predicted_success,16,2.6182661587501648,0.5493599525806454,0.0
drawer-open-v3,15002,1,predicted_success,32,2.6182661587501648,0.5493599525806454,0.0
drawer-open-v3,15002,1,benchmark_reward,1,2.6182661587501643,0.5493599525806454,0.0
drawer-open-v3,15002,1,benchmark_reward,2,2.8916908084564277,0.6898417637033472,0.0
drawer-open-v3,15002,1,benchmark_reward,4,3.1077845292252326,0.8008677348382014,0.0
drawer-open-v3,15002,1,benchmark_reward,8,3.269089979450127,0.8837442487732106,0.0
drawer-open-v3,15002,1,benchmark_reward,16,3.382533234409716,0.9420298273905666,0.0
drawer-open-v3,15002,1,benchmark_reward,32,3.452116141674302,0.9777805647370836,0.0
drawer-open-v3,15002,1,low_energy,1,2.6182661587501643,0.5493599525806453,0.0
drawer-open-v3,15002,1,low_energy,2,2.598631997468627,0.5392721915113019,0.0
drawer-open-v3,15002,1,low_energy,4,2.5950308527492587,0.5374219730586669,0.0
drawer-open-v3,15002,1,low_energy,8,2.5803279596954005,0.5298678295417297,0.0
drawer-open-v3,15002,1,low_energy,16,2.5023510604557595,0.4898043749750498,0.0
drawer-open-v3,15002,1,low_energy,32,2.3448547705547758,0.40888495503919053,0.0
drawer-open-v3,15002,1,oracle_real_utility,1,2.6182661587501648,0.5493599525806454,0.0
drawer-open-v3,15002,1,oracle_real_utility,2,2.8936119630344,0.690828826409106,0.0
drawer-open-v3,15002,1,oracle_real_utility,4,3.111832470386898,0.8029475111360586,0.0
drawer-open-v3,15002,1,oracle_real_utility,8,3.276699975426957,0.887654159670454,0.0
drawer-open-v3,15002,1,oracle_real_utility,16,3.3898977108640715,0.9458135937459036,0.0
drawer-open-v3,15002,1,oracle_real_utility,32,3.4542397278370727,0.9788716339970849,0.0
drawer-open-v3,15002,2,random,1,1.591861386435827,0.39066132018726774,0.0
drawer-open-v3,15002,2,random,2,1.5202834573659258,0.3629288311767273,0.0
drawer-open-v3,15002,2,random,4,1.529563475575626,0.36652432501627097,0.0
drawer-open-v3,15002,2,random,8,1.6613087332643268,0.41756832640774333,0.0
drawer-open-v3,15002,2,random,16,1.9056140047696215,0.5122231081997853,0.0
drawer-open-v3,15002,2,random,32,2.1577013026305085,0.609892994831972,0.0
drawer-open-v3,15002,2,learned_wam,1,1.5918613864358269,0.3906613201872679,0.0
drawer-open-v3,15002,2,learned_wam,2,1.5740083948934076,0.38374427329601296,0.0
drawer-open-v3,15002,2,learned_wam,4,1.4836083959231947,0.34871927312387857,0.0
drawer-open-v3,15002,2,learned_wam,8,1.3889434909542495,0.3120418577411093,0.0
drawer-open-v3,15002,2,learned_wam,16,1.315207053357961,0.2834730660494903,0.0
drawer-open-v3,15002,2,learned_wam,32,1.1347530777182742,0.21355713021054204,0.0
drawer-open-v3,15002,2,predicted_success,1,1.5918613864358264,0.3906613201872677,0.0
drawer-open-v3,15002,2,predicted_success,2,1.5918613864358264,0.3906613201872677,0.0
drawer-open-v3,15002,2,predicted_success,4,1.5918613864358264,0.3906613201872677,0.0
drawer-open-v3,15002,2,predicted_success,8,1.5918613864358264,0.3906613201872677,0.0
drawer-open-v3,15002,2,predicted_success,16,1.5918613864358264,0.3906613201872677,0.0
drawer-open-v3,15002,2,predicted_success,32,1.5918613864358264,0.3906613201872677,0.0
drawer-open-v3,15002,2,benchmark_reward,1,1.591861386435826,0.39066132018726774,0.0
drawer-open-v3,15002,2,benchmark_reward,2,2.099432690151454,0.5873171299497014,0.0
drawer-open-v3,15002,2,benchmark_reward,4,2.5696475038068685,0.7694993657553432,0.0
drawer-open-v3,15002,2,benchmark_reward,8,2.857424390100845,0.880996994149167,0.0
drawer-open-v3,15002,2,benchmark_reward,16,3.0069958543441224,0.9389476647304065,0.0
drawer-open-v3,15002,2,benchmark_reward,32,3.0942256792724243,0.9727443977827569,0.0
drawer-open-v3,15002,2,low_energy,1,1.5918613864358264,0.3906613201872675,0.0
drawer-open-v3,15002,2,low_energy,2,1.6363788246808777,0.40790936554078244,0.0
drawer-open-v3,15002,2,low_energy,4,1.6849843115781284,0.42674130366396557,0.0
drawer-open-v3,15002,2,low_energy,8,1.7660676138046343,0.45815659909307704,0.0
drawer-open-v3,15002,2,low_energy,16,2.010248852124225,0.5527633248851178,0.0
drawer-open-v3,15002,2,low_energy,32,2.3776294603187322,0.6951029931575852,0.0
drawer-open-v3,15002,2,oracle_real_utility,1,1.591861386435826,0.3906613201872677,0.0
drawer-open-v3,15002,2,oracle_real_utility,2,2.1011646269780115,0.5879881596879684,0.0
drawer-open-v3,15002,2,oracle_real_utility,4,2.5705723165177585,0.7698576795355102,0.0
drawer-open-v3,15002,2,oracle_real_utility,8,2.857838883152108,0.8811575872836493,0.0
drawer-open-v3,15002,2,oracle_real_utility,16,3.007134170911434,0.9390012547508609,0.0
drawer-open-v3,15002,2,oracle_real_utility,32,3.094243072527678,0.9727511367072613,0.0
drawer-open-v3,15003,0,random,1,2.4231692761571852,0.28144749234022653,0.0
drawer-open-v3,15003,0,random,2,2.417440960707632,0.27909473946650193,0.0
drawer-open-v3,15003,0,random,4,2.4057402228209974,0.27428897328097795,0.0
drawer-open-v3,15003,0,random,8,2.4354022846732857,0.28647187449829975,0.0
drawer-open-v3,15003,0,random,16,2.4637007874688663,0.29809473018087157,0.0
drawer-open-v3,15003,0,random,32,2.4622318701497052,0.2974914115483076,0.0
drawer-open-v3,15003,0,learned_wam,1,2.423169276157186,0.2814474923402267,0.0
drawer-open-v3,15003,0,learned_wam,2,2.3558638583658706,0.25380358611329235,0.0
drawer-open-v3,15003,0,learned_wam,4,2.2669014623267425,0.21726465337159023,0.0
drawer-open-v3,15003,0,learned_wam,8,2.226219863142741,0.20055577093821536,0.0
drawer-open-v3,15003,0,learned_wam,16,2.258362500198968,0.2137575022969556,0.0
drawer-open-v3,15003,0,learned_wam,32,2.3487692301882683,0.2508896567077176,0.0
drawer-open-v3,15003,0,predicted_success,1,2.423169276157186,0.28144749234022653,0.0
drawer-open-v3,15003,0,predicted_success,2,2.423169276157186,0.28144749234022653,0.0
drawer-open-v3,15003,0,predicted_success,4,2.423169276157186,0.28144749234022653,0.0
drawer-open-v3,15003,0,predicted_success,8,2.423169276157186,0.28144749234022653,0.0
drawer-open-v3,15003,0,predicted_success,16,2.423169276157186,0.28144749234022653,0.0
drawer-open-v3,15003,0,predicted_success,32,2.423169276157186,0.28144749234022653,0.0
drawer-open-v3,15003,0,benchmark_reward,1,2.4231692761571857,0.2814474923402265,0.0
drawer-open-v3,15003,0,benchmark_reward,2,2.6747883873529186,0.3847933349641596,0.0
drawer-open-v3,15003,0,benchmark_reward,4,2.984871492489155,0.5121517046502436,0.0
drawer-open-v3,15003,0,benchmark_reward,8,3.3526250340272616,0.6631966687929983,0.0
drawer-open-v3,15003,0,benchmark_reward,16,3.7272919192732177,0.8170811045777973,0.0
drawer-open-v3,15003,0,benchmark_reward,32,4.003343889980856,0.9304620929502816,0.0
drawer-open-v3,15003,0,low_energy,1,2.4231692761571866,0.2814474923402266,0.0
drawer-open-v3,15003,0,low_energy,2,2.3933096314474773,0.2691834392310982,0.0
drawer-open-v3,15003,0,low_energy,4,2.34151708662374,0.24791103205578133,0.0
drawer-open-v3,15003,0,low_energy,8,2.3082843218165174,0.23426155978237462,0.0
drawer-open-v3,15003,0,low_energy,16,2.3111601184348327,0.235442716584505,0.0
drawer-open-v3,15003,0,low_energy,32,2.3656968442373953,0.257842222946452,0.0
drawer-open-v3,15003,0,oracle_real_utility,1,2.4231692761571857,0.2814474923402265,0.0
drawer-open-v3,15003,0,oracle_real_utility,2,2.676603521084257,0.3855388527590875,0.0
drawer-open-v3,15003,0,oracle_real_utility,4,2.9863692791046197,0.5127668805767085,0.0
drawer-open-v3,15003,0,oracle_real_utility,8,3.3533970245069007,0.6635137433039004,0.0
drawer-open-v3,15003,0,oracle_real_utility,16,3.7276523466561047,0.8172291405175642,0.0
drawer-open-v3,15003,0,oracle_real_utility,32,4.003410193779583,0.9304893254681779,0.0
drawer-open-v3,15003,1,random,1,2.634853072019943,0.41560464722732526,0.0
drawer-open-v3,15003,1,random,2,2.633622038269355,0.41486092697436844,0.0
drawer-open-v3,15003,1,random,4,2.64190630286366,0.4198658062936385,0.0
drawer-open-v3,15003,1,random,8,2.647962772160284,0.4235247789864352,0.0
drawer-open-v3,15003,1,random,16,2.6374631870513703,0.41718152959183724,0.0
drawer-open-v3,15003,1,random,32,2.5506148968954054,0.3647127550413042,0.0
drawer-open-v3,15003,1,learned_wam,1,2.6348530720199426,0.41560464722732526,0.0
drawer-open-v3,15003,1,learned_wam,2,2.6437539577982108,0.4209820538332737,0.0
drawer-open-v3,15003,1,learned_wam,4,2.6379103324226016,0.41745166927601896,0.0
drawer-open-v3,15003,1,learned_wam,8,2.6794546058725404,0.4425503455262478,0.0
drawer-open-v3,15003,1,learned_wam,16,2.7498020073979195,0.48505022599853354,0.0
drawer-open-v3,15003,1,learned_wam,32,2.850284950436545,0.54575627876019,0.0
drawer-open-v3,15003,1,predicted_success,1,2.634853072019943,0.41560464722732515,0.0
drawer-open-v3,15003,1,predicted_success,2,2.634853072019943,0.41560464722732515,0.0
drawer-open-v3,15003,1,predicted_success,4,2.634853072019943,0.41560464722732515,0.0
drawer-open-v3,15003,1,predicted_success,8,2.634853072019943,0.41560464722732515,0.0
drawer-open-v3,15003,1,predicted_success,16,2.634853072019943,0.41560464722732515,0.0
drawer-open-v3,15003,1,predicted_success,32,2.634853072019943,0.41560464722732515,0.0
drawer-open-v3,15003,1,benchmark_reward,1,2.634853072019943,0.4156046472273252,0.0
drawer-open-v3,15003,1,benchmark_reward,2,2.851480327424851,0.5464784572347428,0.0
drawer-open-v3,15003,1,benchmark_reward,4,3.043521497802816,0.6624987594754281,0.0
drawer-open-v3,15003,1,benchmark_reward,8,3.202740053384022,0.7586895132835852,0.0
drawer-open-v3,15003,1,benchmark_reward,16,3.3327514031064256,0.8372349421612858,0.0
drawer-open-v3,15003,1,benchmark_reward,32,3.444960789036773,0.9050254416893727,0.0
drawer-open-v3,15003,1,low_energy,1,2.634853072019942,0.415604647227325,0.0
drawer-open-v3,15003,1,low_energy,2,2.633255589195763,0.414639539382373,0.0
drawer-open-v3,15003,1,low_energy,4,2.6197437519744065,0.40647645937633387,0.0
drawer-open-v3,15003,1,low_energy,8,2.5716309744660286,0.37740946828700317,0.0
drawer-open-v3,15003,1,low_energy,16,2.5014110156196345,0.3349865813995049,0.0
drawer-open-v3,15003,1,low_energy,32,2.4463816780543315,0.3017409999241081,0.0
drawer-open-v3,15003,1,oracle_real_utility,1,2.634853072019943,0.41560464722732526,0.0
drawer-open-v3,15003,1,oracle_real_utility,2,2.85441662382308,0.5482523997436342,0.0
drawer-open-v3,15003,1,oracle_real_utility,4,3.0501264085652053,0.6664890691648404,0.0
drawer-open-v3,15003,1,oracle_real_utility,8,3.214819732413037,0.7659873651408639,0.0
drawer-open-v3,15003,1,oracle_real_utility,16,3.350250787593679,0.8478070703837978,0.0
drawer-open-v3,15003,1,oracle_real_utility,32,3.4605952843645733,0.9144709104382975,0.0
drawer-open-v3,15003,2,random,1,1.2768332164446161,0.21735489182432563,0.0
drawer-open-v3,15003,2,random,2,1.300472675682818,0.22642299450132275,0.0
drawer-open-v3,15003,2,random,4,1.2500739119742643,0.207090015709476,0.0
drawer-open-v3,15003,2,random,8,1.1514118040374612,0.16924320559065215,0.0
drawer-open-v3,15003,2,random,16,1.1010189007851854,0.14991247487134915,0.0
drawer-open-v3,15003,2,random,32,1.1257967449193618,0.15941726228883127,0.0
drawer-open-v3,15003,2,learned_wam,1,1.2768332164446161,0.21735489182432577,0.0
drawer-open-v3,15003,2,learned_wam,2,1.2179632687634891,0.19477236466993067,0.0
drawer-open-v3,15003,2,learned_wam,4,1.1752883877198534,0.17840226926576175,0.0
drawer-open-v3,15003,2,learned_wam,8,1.1783093419880002,0.17956110810424908,0.0
drawer-open-v3,15003,2,learned_wam,16,1.1651017129176036,0.1744946581773192,0.0
drawer-open-v3,15003,2,learned_wam,32,1.0809688791580159,0.14222128139018153,0.0
drawer-open-v3,15003,2,predicted_success,1,1.2768332164446161,0.21735489182432569,0.0
drawer-open-v3,15003,2,predicted_success,2,1.2768332164446161,0.21735489182432569,0.0
drawer-open-v3,15003,2,predicted_success,4,1.2768332164446161,0.21735489182432569,0.0
drawer-open-v3,15003,2,predicted_success,8,1.2768332164446161,0.21735489182432569,0.0
drawer-open-v3,15003,2,predicted_success,16,1.2768332164446161,0.21735489182432569,0.0
drawer-open-v3,15003,2,predicted_success,32,1.2768332164446161,0.21735489182432569,0.0
drawer-open-v3,15003,2,benchmark_reward,1,1.2768332164446163,0.2173548918243257,0.0
drawer-open-v3,15003,2,benchmark_reward,2,1.550080670477279,0.3221726858537256,0.0
drawer-open-v3,15003,2,benchmark_reward,4,1.8433310648886094,0.43466361298519257,0.0
drawer-open-v3,15003,2,benchmark_reward,8,2.1723209676392905,0.5608642247579599,0.0
drawer-open-v3,15003,2,benchmark_reward,16,2.583980818132176,0.7187770498632909,0.0
drawer-open-v3,15003,2,benchmark_reward,32,2.993562964392961,0.8758928670878885,0.0
drawer-open-v3,15003,2,low_energy,1,1.2768332164446161,0.21735489182432577,0.0
drawer-open-v3,15003,2,low_energy,2,1.2410309065121787,0.20362111647567616,0.0
drawer-open-v3,15003,2,low_energy,4,1.1428466907266424,0.16595762590966254,0.0
drawer-open-v3,15003,2,low_energy,8,1.0099596043317671,0.11498210520365765,0.0
drawer-open-v3,15003,2,low_energy,16,0.9042521462718971,0.07443269695568022,0.0
drawer-open-v3,15003,2,low_energy,32,0.8576566912222628,0.05655866834894009,0.0
drawer-open-v3,15003,2,oracle_real_utility,1,1.2768332164446166,0.2173548918243257,0.0
drawer-open-v3,15003,2,oracle_real_utility,2,1.55436758474514,0.3238171472754837,0.0
drawer-open-v3,15003,2,oracle_real_utility,4,1.8489367874014337,0.4368139695907655,0.0
drawer-open-v3,15003,2,oracle_real_utility,8,2.1790409411754457,0.5634420083442309,0.0
drawer-open-v3,15003,2,oracle_real_utility,16,2.587990158670194,0.7203150339304999,0.0
drawer-open-v3,15003,2,oracle_real_utility,32,2.9944962576480227,0.8762508786218821,0.0
drawer-open-v3,15004,0,random,1,2.967522236594292,0.3650137874320888,0.0
drawer-open-v3,15004,0,random,2,2.8898957891072468,0.331223371633182,0.0
drawer-open-v3,15004,0,random,4,2.9012734005891176,0.3361759906852775,0.0
drawer-open-v3,15004,0,random,8,2.9805390455425123,0.37067994118476066,0.0
drawer-open-v3,15004,0,random,16,3.122846098830826,0.4326255107347754,0.0
drawer-open-v3,15004,0,random,32,3.3364678813405777,0.5256140357592243,0.0
drawer-open-v3,15004,0,learned_wam,1,2.967522236594292,0.3650137874320887,0.0
drawer-open-v3,15004,0,learned_wam,2,2.9678352649529987,0.3651500471572209,0.0
drawer-open-v3,15004,0,learned_wam,4,3.005735364106812,0.3816477763550033,0.0
drawer-open-v3,15004,0,learned_wam,8,3.118019255901398,0.4305244094366824,0.0
drawer-open-v3,15004,0,learned_wam,16,3.3806948845063145,0.5448658355631406,0.0
drawer-open-v3,15004,0,learned_wam,32,3.750281192700145,0.7057449615792659,0.0
drawer-open-v3,15004,0,predicted_success,1,2.9675222365942915,0.3650137874320887,0.0
drawer-open-v3,15004,0,predicted_success,2,2.9675222365942915,0.3650137874320887,0.0
drawer-open-v3,15004,0,predicted_success,4,2.9675222365942915,0.3650137874320887,0.0
drawer-open-v3,15004,0,predicted_success,8,2.9675222365942915,0.3650137874320887,0.0
drawer-open-v3,15004,0,predicted_success,16,2.9675222365942915,0.3650137874320887,0.0
drawer-open-v3,15004,0,predicted_success,32,2.9675222365942915,0.3650137874320887,0.0
drawer-open-v3,15004,0,benchmark_reward,1,2.9675222365942915,0.36501378743208873,0.0
drawer-open-v3,15004,0,benchmark_reward,2,3.3161224135886456,0.5167577524019862,0.0
drawer-open-v3,15004,0,benchmark_reward,4,3.6582174871336077,0.6656700774155845,0.0
drawer-open-v3,15004,0,benchmark_reward,8,3.9606707642182126,0.7973265208479136,0.0
drawer-open-v3,15004,0,benchmark_reward,16,4.1999698053659875,0.9014922319222541,0.0
drawer-open-v3,15004,0,benchmark_reward,32,4.3356131178069575,0.9605371074266541,0.0
drawer-open-v3,15004,0,low_energy,1,2.9675222365942915,0.36501378743208873,0.0
drawer-open-v3,15004,0,low_energy,2,2.8980408007250054,0.3347688556551952,0.0
drawer-open-v3,15004,0,low_energy,4,2.8586272566637416,0.31761233123533344,0.0
drawer-open-v3,15004,0,low_energy,8,2.852285448960796,0.3148517731248389,0.0
drawer-open-v3,15004,0,low_energy,16,2.8343529790740236,0.3070458560258173,0.0
drawer-open-v3,15004,0,low_energy,32,2.7661123333889313,0.2773410341934133,0.0
drawer-open-v3,15004,0,oracle_real_utility,1,2.9675222365942915,0.36501378743208873,0.0
drawer-open-v3,15004,0,oracle_real_utility,2,3.3173103604141665,0.5172748598889421,0.0
drawer-open-v3,15004,0,oracle_real_utility,4,3.65959134872591,0.6662681126981059,0.0
drawer-open-v3,15004,0,oracle_real_utility,8,3.962775064923079,0.7982425127306445,0.0
drawer-open-v3,15004,0,oracle_real_utility,16,4.204524718877638,0.9034749636647109,0.0
drawer-open-v3,15004,0,oracle_real_utility,32,4.348225874392071,0.9660273791469012,0.0
drawer-open-v3,15004,1,random,1,1.635901625278957,0.25931634645865315,0.0
drawer-open-v3,15004,1,random,2,1.6640629601590582,0.27038126387880773,0.0
drawer-open-v3,15004,1,random,4,1.6620741223617213,0.2695998262770992,0.0
drawer-open-v3,15004,1,random,8,1.6163910828931725,0.2516504264573368,0.0
drawer-open-v3,15004,1,random,16,1.5708191615499398,0.2337446862469551,0.0
drawer-open-v3,15004,1,random,32,1.5378059889938165,0.22077342513074513,0.0
drawer-open-v3,15004,1,learned_wam,1,1.635901625278958,0.25931634645865337,0.0
drawer-open-v3,15004,1,learned_wam,2,1.6058124335386688,0.24749395155929985,0.0
drawer-open-v3,15004,1,learned_wam,4,1.573966371708153,0.23498126187992,0.0
drawer-open-v3,15004,1,learned_wam,8,1.591387236937341,0.2418261233173946,0.0
drawer-open-v3,15004,1,learned_wam,16,1.6649132487377472,0.27071535219339055,0.0
drawer-open-v3,15004,1,learned_wam,32,1.782219222370069,0.31680623945632497,0.0
drawer-open-v3,15004,1,predicted_success,1,1.6359016252789573,0.25931634645865326,0.0
drawer-open-v3,15004,1,predicted_success,2,1.6359016252789573,0.25931634645865326,0.0
drawer-open-v3,15004,1,predicted_success,4,1.6359016252789573,0.25931634645865326,0.0
drawer-open-v3,15004,1,predicted_success,8,1.6359016252789573,0.25931634645865326,0.0
drawer-open-v3,15004,1,predicted_success,16,1.6359016252789573,0.25931634645865326,0.0
drawer-open-v3,15004,1,predicted_success,32,1.6359016252789573,0.25931634645865326,0.0
drawer-open-v3,15004,1,benchmark_reward,1,1.635901625278957,0.2593163464586533,0.0
drawer-open-v3,15004,1,benchmark_reward,2,1.8762776461553083,0.3537628928353159,0.0
drawer-open-v3,15004,1,benchmark_reward,4,2.1873502565628007,0.47598695502858124,0.0
drawer-open-v3,15004,1,benchmark_reward,8,2.5755482614277554,0.6285144855873208,0.0
drawer-open-v3,15004,1,benchmark_reward,16,2.989717934528763,0.7912465879648004,0.0
drawer-open-v3,15004,1,benchmark_reward,32,3.320795259931044,0.9213307363497709,0.0
drawer-open-v3,15004,1,low_energy,1,1.6359016252789573,0.25931634645865326,0.0
drawer-open-v3,15004,1,low_energy,2,1.6189362350607308,0.2526504464732794,0.0
drawer-open-v3,15004,1,low_energy,4,1.6212304932353119,0.2535518873087489,0.0
drawer-open-v3,15004,1,low_energy,8,1.580552655241848,0.23756908961309886,0.0
drawer-open-v3,15004,1,low_energy,16,1.482475001005662,0.19903323364226905,0.0
drawer-open-v3,15004,1,low_energy,32,1.4200766719959539,0.174516201314518,0.0
drawer-open-v3,15004,1,oracle_real_utility,1,1.6359016252789575,0.2593163464586533,0.0
drawer-open-v3,15004,1,oracle_real_utility,2,1.8800017012330734,0.3552261175751593,0.0
drawer-open-v3,15004,1,oracle_real_utility,4,2.193286741349262,0.4783194692438294,0.0
drawer-open-v3,15004,1,oracle_real_utility,8,2.581791721292374,0.630967613896479,0.0
drawer-open-v3,15004,1,oracle_real_utility,16,2.9936769302696,0.7928021236354498,0.0
drawer-open-v3,15004,1,oracle_real_utility,32,3.322421022529837,0.9219695174649776,0.0
drawer-open-v3,15004,2,random,1,2.1087392786066554,0.3036520456488601,0.0
drawer-open-v3,15004,2,random,2,2.231987186536621,0.3349597648101026,0.0
drawer-open-v3,15004,2,random,4,2.344359675742101,0.3635048849065349,0.0
drawer-open-v3,15004,2,random,8,2.4604603215220444,0.39299703997486124,0.0
drawer-open-v3,15004,2,random,16,2.5047301061505607,0.4042425532477182,0.0
drawer-open-v3,15004,2,random,32,2.474203177316727,0.39648803204864036,0.0
drawer-open-v3,15004,2,learned_wam,1,2.108739278606656,0.30365204564886017,0.0
drawer-open-v3,15004,2,learned_wam,2,2.118510029308855,0.30613403438292275,0.0
drawer-open-v3,15004,2,learned_wam,4,2.1525815031481295,0.3147889491176684,0.0
drawer-open-v3,15004,2,learned_wam,8,2.1330752816104837,0.3098339335230459,0.0
drawer-open-v3,15004,2,learned_wam,16,2.062094515827338,0.29180323492286003,0.0
drawer-open-v3,15004,2,learned_wam,32,1.9642285957119174,0.2669431071211677,0.0
drawer-open-v3,15004,2,predicted_success,1,2.1087392786066554,0.3036520456488602,0.0
drawer-open-v3,15004,2,predicted_success,2,2.1087392786066554,0.3036520456488602,0.0
drawer-open-v3,15004,2,predicted_success,4,2.1087392786066554,0.3036520456488602,0.0
drawer-open-v3,15004,2,predicted_success,8,2.1087392786066554,0.3036520456488602,0.0
drawer-open-v3,15004,2,predicted_success,16,2.1087392786066554,0.3036520456488602,0.0
drawer-open-v3,15004,2,predicted_success,32,2.1087392786066554,0.3036520456488602,0.0
drawer-open-v3,15004,2,benchmark_reward,1,2.108739278606655,0.3036520456488602,0.0
drawer-open-v3,15004,2,benchmark_reward,2,2.611211333220695,0.43129116128535383,0.0
drawer-open-v3,15004,2,benchmark_reward,4,3.1785359465136733,0.5754042741531996,0.0
drawer-open-v3,15004,2,benchmark_reward,8,3.7332823875969465,0.7163222505703161,0.0
drawer-open-v3,15004,2,benchmark_reward,16,4.170198326997534,0.827308649914286,0.0
drawer-open-v3,15004,2,benchmark_reward,32,4.460696430573858,0.9011016513241685,0.0
drawer-open-v3,15004,2,low_energy,1,2.108739278606656,0.30365204564886017,0.0
drawer-open-v3,15004,2,low_energy,2,2.1329775956032813,0.30980911909713926,0.0
drawer-open-v3,15004,2,low_energy,4,2.157976720334377,0.31615945468906476,0.0
drawer-open-v3,15004,2,low_energy,8,2.1025191282168856,0.3020719886335778,0.0
drawer-open-v3,15004,2,low_energy,16,2.087976111505836,0.298377737829698,0.0
drawer-open-v3,15004,2,low_energy,32,2.108258172725503,0.3035298340181159,0.0
drawer-open-v3,15004,2,oracle_real_utility,1,2.1087392786066554,0.30365204564886017,0.0
drawer-open-v3,15004,2,oracle_real_utility,2,2.612617596685344,0.4316483835892242,0.0
drawer-open-v3,15004,2,oracle_real_utility,4,3.1817726473135135,0.5762264683904271,0.0
drawer-open-v3,15004,2,oracle_real_utility,8,3.741731842880429,0.7184686007804231,0.0
drawer-open-v3,15004,2,oracle_real_utility,16,4.192366775910383,0.8329399306756454,0.0
drawer-open-v3,15004,2,oracle_real_utility,32,4.518595444197553,0.9158092929278998,0.0
drawer-open-v3,15005,0,random,1,1.9279103314527704,0.4696869715845929,0.0
drawer-open-v3,15005,0,random,2,1.9567986930999068,0.4814054187901244,0.0
drawer-open-v3,15005,0,random,4,1.8528102766975294,0.4392229377452412,0.0
drawer-open-v3,15005,0,random,8,1.6708147192204872,0.3653971750389184,0.0
drawer-open-v3,15005,0,random,16,1.5255773646870234,0.3064822288692342,0.0
drawer-open-v3,15005,0,random,32,1.4535652264109253,0.27727079587578457,0.0
drawer-open-v3,15005,0,learned_wam,1,1.92791033145277,0.46968697158459294,0.0
drawer-open-v3,15005,0,learned_wam,2,1.9105201977865607,0.46263273411159994,0.0
drawer-open-v3,15005,0,learned_wam,4,1.925140043396508,0.4685632154253495,0.0
drawer-open-v3,15005,0,learned_wam,8,2.056504536462023,0.5218506913809893,0.0
drawer-open-v3,15005,0,learned_wam,16,2.2769510439007195,0.6112739266138594,0.0
drawer-open-v3,15005,0,learned_wam,32,2.5356911176345758,0.7162307923247259,0.0
drawer-open-v3,15005,0,predicted_success,1,1.9279103314527701,0.46968697158459305,0.0
drawer-open-v3,15005,0,predicted_success,2,1.9279103314527701,0.46968697158459305,0.0
drawer-open-v3,15005,0,predicted_success,4,1.9279103314527701,0.46968697158459305,0.0
drawer-open-v3,15005,0,predicted_success,8,1.9279103314527701,0.46968697158459305,0.0
drawer-open-v3,15005,0,predicted_success,16,1.9279103314527701,0.46968697158459305,0.0
drawer-open-v3,15005,0,predicted_success,32,1.9279103314527701,0.46968697158459305,0.0
drawer-open-v3,15005,0,benchmark_reward,1,1.9279103314527704,0.46968697158459305,0.0
drawer-open-v3,15005,0,benchmark_reward,2,2.3515248546042393,0.6415244916794312,0.0
drawer-open-v3,15005,0,benchmark_reward,4,2.6812314271257613,0.7752686309492012,0.0
drawer-open-v3,15005,0,benchmark_reward,8,2.9028377079043235,0.8651623235523992,0.0
drawer-open-v3,15005,0,benchmark_reward,16,3.0470073531539033,0.9236441577641652,0.0
drawer-open-v3,15005,0,benchmark_reward,32,3.135914940510328,0.9597091614266584,0.0
drawer-open-v3,15005,0,low_energy,1,1.9279103314527706,0.46968697158459305,0.0
drawer-open-v3,15005,0,low_energy,2,1.9859898563157286,0.4932466962288038,0.0
drawer-open-v3,15005,0,low_energy,4,1.945942703854324,0.4770017306062085,0.0
drawer-open-v3,15005,0,low_energy,8,1.804140675920603,0.41948031079445935,0.0
drawer-open-v3,15005,0,low_energy,16,1.5578388001167678,0.3195689498289044,0.0
drawer-open-v3,15005,0,low_energy,32,1.2815090947828853,0.2074769211140785,0.0
drawer-open-v3,15005,0,oracle_real_utility,1,1.9279103314527706,0.469686971584593,0.0
drawer-open-v3,15005,0,oracle_real_utility,2,2.353067191596736,0.6421501344500558,0.0
drawer-open-v3,15005,0,oracle_real_utility,4,2.6837525452399804,0.7762913123279948,0.0
drawer-open-v3,15005,0,oracle_real_utility,8,2.906032879453466,0.866458431984182,0.0
drawer-open-v3,15005,0,oracle_real_utility,16,3.0489076133131565,0.9244149906215273,0.0
drawer-open-v3,15005,0,oracle_real_utility,32,3.1369554391130707,0.9601312354816918,0.0
drawer-open-v3,15005,1,random,1,3.030027614275231,0.56713070911326,0.0
drawer-open-v3,15005,1,random,2,3.041120765185049,0.5736140517240989,0.0
drawer-open-v3,15005,1,random,4,3.088053997320056,0.6010439700799357,0.0
drawer-open-v3,15005,1,random,8,3.1255693861272227,0.6229696718749447,0.0
drawer-open-v3,15005,1,random,16,3.113349960339222,0.6158280829309761,0.0
drawer-open-v3,15005,1,random,32,3.0756388653914106,0.5937880015542633,0.0
drawer-open-v3,15005,1,learned_wam,1,3.0300276142752316,0.56713070911326,0.0
drawer-open-v3,15005,1,learned_wam,2,3.0754421264750413,0.5936730183713899,0.0
drawer-open-v3,15005,1,learned_wam,4,3.115444632832282,0.6170523049343013,0.0
drawer-open-v3,15005,1,learned_wam,8,3.1555336691255524,0.6404821635326912,0.0
drawer-open-v3,15005,1,learned_wam,16,3.204503857992975,0.6691025721727648,0.0
drawer-open-v3,15005,1,learned_wam,32,3.2228079739673405,0.6798003311787574,0.0
drawer-open-v3,15005,1,predicted_success,1,3.0300276142752316,0.5671307091132599,0.0
drawer-open-v3,15005,1,predicted_success,2,3.0300276142752316,0.5671307091132599,0.0
drawer-open-v3,15005,1,predicted_success,4,3.0300276142752316,0.5671307091132599,0.0
drawer-open-v3,15005,1,predicted_success,8,3.0300276142752316,0.5671307091132599,0.0
drawer-open-v3,15005,1,predicted_success,16,3.0300276142752316,0.5671307091132599,0.0
drawer-open-v3,15005,1,predicted_success,32,3.0300276142752316,0.5671307091132599,0.0
drawer-open-v3,15005,1,benchmark_reward,1,3.030027614275231,0.5671307091132599,0.0
drawer-open-v3,15005,1,benchmark_reward,2,3.2379637273724478,0.6886580437123296,0.0
drawer-open-v3,15005,1,benchmark_reward,4,3.3742929830013075,0.7683350695914493,0.0
drawer-open-v3,15005,1,benchmark_reward,8,3.480443710829488,0.8303743893929059,0.0
drawer-open-v3,15005,1,benchmark_reward,16,3.5752679818992217,0.8857940120200569,0.0
drawer-open-v3,15005,1,benchmark_reward,32,3.6564164984619634,0.9332209008737877,0.0
drawer-open-v3,15005,1,low_energy,1,3.030027614275232,0.5671307091132599,0.0
drawer-open-v3,15005,1,low_energy,2,3.0832707299067565,0.5982484107576301,0.0
drawer-open-v3,15005,1,low_energy,4,3.109361370202521,0.6134969692013719,0.0
drawer-open-v3,15005,1,low_energy,8,3.1357641718335563,0.6289279689463156,0.0
drawer-open-v3,15005,1,low_energy,16,3.1696736642263463,0.6487462206521966,0.0
drawer-open-v3,15005,1,low_energy,32,3.1779803160093665,0.6536010062668585,0.0
drawer-open-v3,15005,1,oracle_real_utility,1,3.030027614275231,0.56713070911326,0.0
drawer-open-v3,15005,1,oracle_real_utility,2,3.2402735029467076,0.6900079817528209,0.0
drawer-open-v3,15005,1,oracle_real_utility,4,3.379131038379945,0.7711626494959253,0.0
drawer-open-v3,15005,1,oracle_real_utility,8,3.4855723776658794,0.8333718158687093,0.0
drawer-open-v3,15005,1,oracle_real_utility,16,3.578589749064397,0.8877354040357566,0.0
drawer-open-v3,15005,1,oracle_real_utility,32,3.657110734972563,0.9336266443084316,0.0
drawer-open-v3,15005,2,random,1,2.067127600750692,0.510738356883931,0.0
drawer-open-v3,15005,2,random,2,1.992296708623587,0.48299410711441915,0.0
drawer-open-v3,15005,2,random,4,1.8712872969930545,0.4381287414171007,0.0
drawer-open-v3,15005,2,random,8,1.7702390268280257,0.40066415471307276,0.0
drawer-open-v3,15005,2,random,16,1.7334050911206522,0.3870076302054711,0.0
drawer-open-v3,15005,2,random,32,1.7404591512948189,0.3896229886730518,0.0
drawer-open-v3,15005,2,learned_wam,1,2.067127600750692,0.5107383568839311,0.0
drawer-open-v3,15005,2,learned_wam,2,2.1149896534826094,0.5284836584262456,0.0
drawer-open-v3,15005,2,learned_wam,4,2.1534101550592295,0.5427284169973592,0.0
drawer-open-v3,15005,2,learned_wam,8,2.114140193023314,0.5281687130543262,0.0
drawer-open-v3,15005,2,learned_wam,16,2.0345988087488394,0.49867800447670657,0.0
drawer-open-v3,15005,2,learned_wam,32,2.069103290684234,0.5114708623161823,0.0
drawer-open-v3,15005,2,predicted_success,1,2.0671276007506916,0.5107383568839311,0.0
drawer-open-v3,15005,2,predicted_success,2,2.0671276007506916,0.5107383568839311,0.0
drawer-open-v3,15005,2,predicted_success,4,2.0671276007506916,0.5107383568839311,0.0
drawer-open-v3,15005,2,predicted_success,8,2.0671276007506916,0.5107383568839311,0.0
drawer-open-v3,15005,2,predicted_success,16,2.0671276007506916,0.5107383568839311,0.0
drawer-open-v3,15005,2,predicted_success,32,2.0671276007506916,0.5107383568839311,0.0
drawer-open-v3,15005,2,benchmark_reward,1,2.0671276007506916,0.510738356883931,0.0
drawer-open-v3,15005,2,benchmark_reward,2,2.402308094331146,0.6350096446826773,0.0
drawer-open-v3,15005,2,benchmark_reward,4,2.6874619058529094,0.7407330744682018,0.0
drawer-open-v3,15005,2,benchmark_reward,8,2.8998415859490505,0.8194748176582723,0.0
drawer-open-v3,15005,2,benchmark_reward,16,3.0686384249649423,0.8820578168560688,0.0
drawer-open-v3,15005,2,benchmark_reward,32,3.2096290613902214,0.9343314076279273,0.0
drawer-open-v3,15005,2,low_energy,1,2.0671276007506916,0.5107383568839311,0.0
drawer-open-v3,15005,2,low_energy,2,2.2002563833159456,0.560097092160369,0.0
drawer-open-v3,15005,2,low_energy,4,2.324382366139359,0.6061179556359698,0.0
drawer-open-v3,15005,2,low_energy,8,2.463219979565446,0.6575932930909014,0.0
drawer-open-v3,15005,2,low_energy,16,2.64209575864166,0.723913153129145,0.0
drawer-open-v3,15005,2,low_energy,32,2.8721853722355215,0.8092210190045848,0.0
drawer-open-v3,15005,2,oracle_real_utility,1,2.067127600750691,0.510738356883931,0.0
drawer-open-v3,15005,2,oracle_real_utility,2,2.403567976374062,0.6354767576768594,0.0
drawer-open-v3,15005,2,oracle_real_utility,4,2.6891135258407624,0.7413454279517,0.0
drawer-open-v3,15005,2,oracle_real_utility,8,2.9017338499702134,0.8201763921569946,0.0
drawer-open-v3,15005,2,oracle_real_utility,16,3.0707299928788885,0.8828332851281275,0.0
drawer-open-v3,15005,2,oracle_real_utility,32,3.2126522163981903,0.9354522704861514,0.0
