env_id,task_index,seed,state_id,scorer,N,utility_exact,utility_mc,utility_abs_error
robocasa/OpenDrawer,0,1000324,0,learned_wam,1,-0.06707860251474523,-0.0673333701228555,0.00025476760811025956
robocasa/OpenDrawer,0,1000324,0,learned_wam,2,-0.06117732389653456,-0.06106816726300171,0.00010915663353285032
robocasa/OpenDrawer,0,1000324,0,learned_wam,4,-0.05626453568606712,-0.05585489356995318,0.00040964211611393964
robocasa/OpenDrawer,0,1000324,0,learned_wam,8,-0.055223889988788896,-0.0555862016676686,0.0003623116788797065
robocasa/OpenDrawer,0,1000324,0,learned_physics_score,1,-0.06707860251474523,-0.0673333701228555,0.00025476760811025956
robocasa/OpenDrawer,0,1000324,0,learned_physics_score,2,-0.06117732389653456,-0.06106816726300171,0.00010915663353285032
robocasa/OpenDrawer,0,1000324,0,learned_physics_score,4,-0.05626453568606712,-0.05585489356995318,0.00040964211611393964
robocasa/OpenDrawer,0,1000324,0,learned_physics_score,8,-0.055223889988788896,-0.0555862016676686,0.0003623116788797065
robocasa/OpenDrawer,0,1000324,0,learned_energy_regularized,1,-0.06707860251474523,-0.0673333701228555,0.00025476760811025956
robocasa/OpenDrawer,0,1000324,0,learned_energy_regularized,2,-0.0621187940696985,-0.06220710879467508,8.831472497657783e-05
robocasa/OpenDrawer,0,1000324,0,learned_energy_regularized,4,-0.058465430767359446,-0.058575617836661806,0.00011018706930236016
robocasa/OpenDrawer,0,1000324,0,learned_energy_regularized,8,-0.05691686719575931,-0.05729244723191765,0.00037558003615834057
robocasa/OpenDrawer,0,1000324,0,oracle_real_utility,1,-0.06707860251474523,-0.0673333701228555,0.00025476760811025956
robocasa/OpenDrawer,0,1000324,0,oracle_real_utility,2,-0.05925002110730819,-0.05912521196928782,0.00012480913802036947
robocasa/OpenDrawer,0,1000324,0,oracle_real_utility,4,-0.051961029920474106,-0.051628918521115966,0.0003321113993581398
robocasa/OpenDrawer,0,1000324,0,oracle_real_utility,8,-0.04695735758846796,-0.047093555460311604,0.00013619787184364351
robocasa/OpenDrawer,0,1010331,1,learned_wam,1,-0.04554407397240653,-0.04615913137556964,0.0006150574031631093
robocasa/OpenDrawer,0,1010331,1,learned_wam,2,-0.038863298657595406,-0.03819845547662853,0.0006648431809668787
robocasa/OpenDrawer,0,1010331,1,learned_wam,4,-0.03091221728508497,-0.031072639381352546,0.00016042209626757759
robocasa/OpenDrawer,0,1010331,1,learned_wam,8,-0.024818042238859195,-0.025103882287085055,0.0002858400482258598
robocasa/OpenDrawer,0,1010331,1,learned_physics_score,1,-0.04554407397240653,-0.04615913137556964,0.0006150574031631093
robocasa/OpenDrawer,0,1010331,1,learned_physics_score,2,-0.038863298657595406,-0.03819845547662853,0.0006648431809668787
robocasa/OpenDrawer,0,1010331,1,learned_physics_score,4,-0.03091221728508497,-0.031072639381352546,0.00016042209626757759
robocasa/OpenDrawer,0,1010331,1,learned_physics_score,8,-0.024818042238859195,-0.025103882287085055,0.0002858400482258598
robocasa/OpenDrawer,0,1010331,1,learned_energy_regularized,1,-0.04554407397240652,-0.04615913137556964,0.0006150574031631162
robocasa/OpenDrawer,0,1010331,1,learned_energy_regularized,2,-0.04198716838137612,-0.04134060181581476,0.0006465665655613628
robocasa/OpenDrawer,0,1010331,1,learned_energy_regularized,4,-0.03866961166250281,-0.0384270444036517,0.0002425672588511063
robocasa/OpenDrawer,0,1010331,1,learned_energy_regularized,8,-0.032964887454545275,-0.033584175605759055,0.0006192881512137802
robocasa/OpenDrawer,0,1010331,1,oracle_real_utility,1,-0.04554407397240653,-0.04615913137556964,0.0006150574031631093
robocasa/OpenDrawer,0,1010331,1,oracle_real_utility,2,-0.038337112539343195,-0.03766563709023609,0.0006714754491071034
robocasa/OpenDrawer,0,1010331,1,oracle_real_utility,4,-0.030674696119658357,-0.030806946830696118,0.00013225071103776034
robocasa/OpenDrawer,0,1010331,1,oracle_real_utility,8,-0.024798689697957857,-0.025082669952325887,0.00028398025436802976
robocasa/OpenCabinet,1,1100327,0,learned_wam,1,-0.04959164683500442,-0.049645383832327424,5.3736997323000635e-05
robocasa/OpenCabinet,1,1100327,0,learned_wam,2,-0.04659871935397665,-0.04630792211530736,0.0002907972386692881
robocasa/OpenCabinet,1,1100327,0,learned_wam,4,-0.042462037288781854,-0.04238300640266271,7.90308861191441e-05
robocasa/OpenCabinet,1,1100327,0,learned_wam,8,-0.03957826192692024,-0.03959447676180185,1.6214834881608797e-05
robocasa/OpenCabinet,1,1100327,0,learned_physics_score,1,-0.04959164683500442,-0.049645383832327424,5.3736997323000635e-05
robocasa/OpenCabinet,1,1100327,0,learned_physics_score,2,-0.04659871935397665,-0.04630792211530736,0.0002907972386692881
robocasa/OpenCabinet,1,1100327,0,learned_physics_score,4,-0.042462037288781854,-0.04238300640266271,7.90308861191441e-05
robocasa/OpenCabinet,1,1100327,0,learned_physics_score,8,-0.03957826192692024,-0.03959447676180185,1.6214834881608797e-05
robocasa/OpenCabinet,1,1100327,0,learned_energy_regularized,1,-0.04959164683500442,-0.049645383832327424,5.3736997323000635e-05
robocasa/OpenCabinet,1,1100327,0,learned_energy_regularized,2,-0.0452949193644079,-0.045021204662227025,0.00027371470218087723
robocasa/OpenCabinet,1,1100327,0,learned_energy_regularized,4,-0.042136087291389665,-0.04208407697089807,5.2010320491596707e-05
robocasa/OpenCabinet,1,1100327,0,learned_energy_regularized,8,-0.039570423529766155,-0.03959447676180185,2.4053232035692318e-05
robocasa/OpenCabinet,1,1100327,0,oracle_real_utility,1,-0.04959164683500442,-0.049645383832327424,5.3736997323000635e-05
robocasa/OpenCabinet,1,1100327,0,oracle_real_utility,2,-0.04426110677561079,-0.044156519570503434,0.00010458720510735792
robocasa/OpenCabinet,1,1100327,0,oracle_real_utility,4,-0.04103131262861366,-0.04107281945119481,4.150682258114574e-05
robocasa/OpenCabinet,1,1100327,0,oracle_real_utility,8,-0.039295972157342166,-0.039263162540467605,3.280961687456008e-05
robocasa/OpenCabinet,1,1110334,1,learned_wam,1,-0.05375801272382107,-0.05401191281438618,0.0002539000905651054
robocasa/OpenCabinet,1,1110334,1,learned_wam,2,-0.047188070537468846,-0.04663625759244188,0.0005518129450269652
robocasa/OpenCabinet,1,1110334,1,learned_wam,4,-0.0423096294845961,-0.042459978761081874,0.0001503492764857728
robocasa/OpenCabinet,1,1110334,1,learned_wam,8,-0.0381488606962363,-0.03751622688502349,0.0006326338112128058
robocasa/OpenCabinet,1,1110334,1,learned_physics_score,1,-0.05375801272382107,-0.05401191281438618,0.0002539000905651054
robocasa/OpenCabinet,1,1110334,1,learned_physics_score,2,-0.047188070537468846,-0.04663625759244188,0.0005518129450269652
robocasa/OpenCabinet,1,1110334,1,learned_physics_score,4,-0.0423096294845961,-0.042459978761081874,0.0001503492764857728
robocasa/OpenCabinet,1,1110334,1,learned_physics_score,8,-0.0381488606962363,-0.03751622688502349,0.0006326338112128058
robocasa/OpenCabinet,1,1110334,1,learned_energy_regularized,1,-0.05375801272382107,-0.05401191281438618,0.0002539000905651054
robocasa/OpenCabinet,1,1110334,1,learned_energy_regularized,2,-0.047188070537468846,-0.04663625759244188,0.0005518129450269652
robocasa/OpenCabinet,1,1110334,1,learned_energy_regularized,4,-0.0423096294845961,-0.042459978761081874,0.0001503492764857728
robocasa/OpenCabinet,1,1110334,1,learned_energy_regularized,8,-0.0381488606962363,-0.03751622688502349,0.0006326338112128058
robocasa/OpenCabinet,1,1110334,1,oracle_real_utility,1,-0.053758012723821066,-0.05401191281438618,0.0002539000905651123
robocasa/OpenCabinet,1,1110334,1,oracle_real_utility,2,-0.0467214348075317,-0.04621324120568109,0.0005081936018506081
robocasa/OpenCabinet,1,1110334,1,oracle_real_utility,4,-0.04113355606225101,-0.04138351501028098,0.00024995894802996854
robocasa/OpenCabinet,1,1110334,1,oracle_real_utility,8,-0.03676005435892052,-0.03623831861813845,0.00052173574078207
robocasa/OpenMicrowave,2,1200330,0,learned_wam,1,-0.055105965596077895,-0.055798087627163415,0.0006921220310855195
robocasa/OpenMicrowave,2,1200330,0,learned_wam,2,-0.04778270475967692,-0.048451010568870655,0.0006683058091937338
robocasa/OpenMicrowave,2,1200330,0,learned_wam,4,-0.04371076912272851,-0.04365438853644569,5.638058628282261e-05
robocasa/OpenMicrowave,2,1200330,0,learned_wam,8,-0.03975479842865168,-0.04011074893868569,0.00035595051003401573
robocasa/OpenMicrowave,2,1200330,0,learned_physics_score,1,-0.055105965596077895,-0.055798087627163415,0.0006921220310855195
robocasa/OpenMicrowave,2,1200330,0,learned_physics_score,2,-0.04778270475967692,-0.048451010568870655,0.0006683058091937338
robocasa/OpenMicrowave,2,1200330,0,learned_physics_score,4,-0.04371076912272851,-0.04365438853644569,5.638058628282261e-05
robocasa/OpenMicrowave,2,1200330,0,learned_physics_score,8,-0.03975479842865168,-0.04011074893868569,0.00035595051003401573
robocasa/OpenMicrowave,2,1200330,0,learned_energy_regularized,1,-0.0551059655960779,-0.055798087627163415,0.0006921220310855125
robocasa/OpenMicrowave,2,1200330,0,learned_energy_regularized,2,-0.04741936021980749,-0.0480512037764067,0.0006318435565992042
robocasa/OpenMicrowave,2,1200330,0,learned_energy_regularized,4,-0.04292253136665469,-0.04292321593107968,6.845644249867111e-07
robocasa/OpenMicrowave,2,1200330,0,learned_energy_regularized,8,-0.03915084727270092,-0.03955285972918551,0.0004020124564845934
robocasa/OpenMicrowave,2,1200330,0,oracle_real_utility,1,-0.055105965596077895,-0.055798087627163415,0.0006921220310855195
robocasa/OpenMicrowave,2,1200330,0,oracle_real_utility,2,-0.046405991775414775,-0.04708587433653491,0.0006798825611201362
robocasa/OpenMicrowave,2,1200330,0,oracle_real_utility,4,-0.0405596323308263,-0.04058715923296388,2.7526902137579856e-05
robocasa/OpenMicrowave,2,1200330,0,oracle_real_utility,8,-0.03676370154593103,-0.03693294200745448,0.00016924046152344552
robocasa/OpenMicrowave,2,1210337,1,learned_wam,1,-0.06127072249620247,-0.06172747918948595,0.00045675669328348184
robocasa/OpenMicrowave,2,1210337,1,learned_wam,2,-0.059126673538522495,-0.059529035913814546,0.00040236237529205077
robocasa/OpenMicrowave,2,1210337,1,learned_wam,4,-0.05683280200973809,-0.05676126752535081,7.153448438727839e-05
robocasa/OpenMicrowave,2,1210337,1,learned_wam,8,-0.058147438896862025,-0.057910092910357404,0.00023734598650462096
robocasa/OpenMicrowave,2,1210337,1,learned_physics_score,1,-0.06127072249620247,-0.06172747918948595,0.00045675669328348184
robocasa/OpenMicrowave,2,1210337,1,learned_physics_score,2,-0.059126673538522495,-0.059529035913814546,0.00040236237529205077
robocasa/OpenMicrowave,2,1210337,1,learned_physics_score,4,-0.05683280200973809,-0.05676126752535081,7.153448438727839e-05
robocasa/OpenMicrowave,2,1210337,1,learned_physics_score,8,-0.058147438896862025,-0.057910092910357404,0.00023734598650462096
robocasa/OpenMicrowave,2,1210337,1,learned_energy_regularized,1,-0.06127072249620247,-0.06172747918948595,0.00045675669328348184
robocasa/OpenMicrowave,2,1210337,1,learned_energy_regularized,2,-0.05552116164596935,-0.05586540286020864,0.00034424121423929505
robocasa/OpenMicrowave,2,1210337,1,learned_energy_regularized,4,-0.051382884334968,-0.051113413825519205,0.00026947050944879647
robocasa/OpenMicrowave,2,1210337,1,learned_energy_regularized,8,-0.048048632856190876,-0.04786369972591638,0.00018493313027449776
robocasa/OpenMicrowave,2,1210337,1,oracle_real_utility,1,-0.061270722496202454,-0.06172747918948595,0.0004567566932834957
robocasa/OpenMicrowave,2,1210337,1,oracle_real_utility,2,-0.05508050782187945,-0.05541685192897218,0.0003363441070927328
robocasa/OpenMicrowave,2,1210337,1,oracle_real_utility,4,-0.050614434768384495,-0.050414208044190854,0.00020022672419364035
robocasa/OpenMicrowave,2,1210337,1,oracle_real_utility,8,-0.047390546873303324,-0.04723761915060831,0.0001529277226950121
robocasa/TurnOnSinkFaucet,3,1300333,0,learned_wam,1,-0.05260035623924142,-0.05316450968596649,0.0005641534467250714
robocasa/TurnOnSinkFaucet,3,1300333,0,learned_wam,2,-0.04581752854695817,-0.04582706398704004,9.535440081871738e-06
robocasa/TurnOnSinkFaucet,3,1300333,0,learned_wam,4,-0.03861303229362643,-0.03837626233855072,0.0002367699550757038
robocasa/TurnOnSinkFaucet,3,1300333,0,learned_wam,8,-0.03123618080465492,-0.031144232048549512,9.194875610540887e-05
robocasa/TurnOnSinkFaucet,3,1300333,0,learned_physics_score,1,-0.05260035623924142,-0.05316450968596649,0.0005641534467250714
robocasa/TurnOnSinkFaucet,3,1300333,0,learned_physics_score,2,-0.04581752854695817,-0.04582706398704004,9.535440081871738e-06
robocasa/TurnOnSinkFaucet,3,1300333,0,learned_physics_score,4,-0.03861303229362643,-0.03837626233855072,0.0002367699550757038
robocasa/TurnOnSinkFaucet,3,1300333,0,learned_physics_score,8,-0.03123618080465492,-0.031144232048549512,9.194875610540887e-05
robocasa/TurnOnSinkFaucet,3,1300333,0,learned_energy_regularized,1,-0.05260035623924142,-0.05316450968596649,0.0005641534467250714
robocasa/TurnOnSinkFaucet,3,1300333,0,learned_energy_regularized,2,-0.046255710423131716,-0.04638793678854217,0.00013222636541045107
robocasa/TurnOnSinkFaucet,3,1300333,0,learned_energy_regularized,4,-0.04063277687911385,-0.04035333896384574,0.0002794379152681048
robocasa/TurnOnSinkFaucet,3,1300333,0,learned_energy_regularized,8,-0.03702572135886491,-0.036865134623871275,0.00016058673499363268
robocasa/TurnOnSinkFaucet,3,1300333,0,oracle_real_utility,1,-0.05260035623924142,-0.05316450968596649,0.0005641534467250714
robocasa/TurnOnSinkFaucet,3,1300333,0,oracle_real_utility,2,-0.044346688496738555,-0.04438195811894183,3.526962220327251e-05
robocasa/TurnOnSinkFaucet,3,1300333,0,oracle_real_utility,4,-0.03664648197946848,-0.03649013132263242,0.0001563506568360573
robocasa/TurnOnSinkFaucet,3,1300333,0,oracle_real_utility,8,-0.030408278184907815,-0.030348375155545136,5.9903029362678994e-05
robocasa/TurnOnSinkFaucet,3,1310340,1,learned_wam,1,-0.055409883216274845,-0.05501275366938062,0.00039712954689422736
robocasa/TurnOnSinkFaucet,3,1310340,1,learned_wam,2,-0.046757381552135345,-0.04667059517663491,8.678637550043472e-05
robocasa/TurnOnSinkFaucet,3,1310340,1,learned_wam,4,-0.0417133985473176,-0.0415798596479314,0.00013353889938619995
robocasa/TurnOnSinkFaucet,3,1310340,1,learned_wam,8,-0.03827849725241318,-0.038286840145839364,8.342893426181719e-06
robocasa/TurnOnSinkFaucet,3,1310340,1,learned_physics_score,1,-0.055409883216274845,-0.05501275366938062,0.00039712954689422736
robocasa/TurnOnSinkFaucet,3,1310340,1,learned_physics_score,2,-0.046757381552135345,-0.04667059517663491,8.678637550043472e-05
robocasa/TurnOnSinkFaucet,3,1310340,1,learned_physics_score,4,-0.0417133985473176,-0.0415798596479314,0.00013353889938619995
robocasa/TurnOnSinkFaucet,3,1310340,1,learned_physics_score,8,-0.03827849725241318,-0.038286840145839364,8.342893426181719e-06
robocasa/TurnOnSinkFaucet,3,1310340,1,learned_energy_regularized,1,-0.055409883216274845,-0.05501275366938062,0.00039712954689422736
robocasa/TurnOnSinkFaucet,3,1310340,1,learned_energy_regularized,2,-0.047561079644241784,-0.0475996763569478,3.8596712706014114e-05
robocasa/TurnOnSinkFaucet,3,1310340,1,learned_energy_regularized,4,-0.043870017044997225,-0.04382195988281238,4.805716218484607e-05
robocasa/TurnOnSinkFaucet,3,1310340,1,learned_energy_regularized,8,-0.04073960844039563,-0.040532296352726774,0.00020731208766885945
robocasa/TurnOnSinkFaucet,3,1310340,1,oracle_real_utility,1,-0.055409883216274845,-0.05501275366938062,0.00039712954689422736
robocasa/TurnOnSinkFaucet,3,1310340,1,oracle_real_utility,2,-0.04591033486607228,-0.045812107673675724,9.822719239655636e-05
robocasa/TurnOnSinkFaucet,3,1310340,1,oracle_real_utility,4,-0.040081007856167576,-0.039910825707289176,0.00017018214887840055
robocasa/TurnOnSinkFaucet,3,1310340,1,oracle_real_utility,8,-0.03660867723099903,-0.03662291409746824,1.4236866469209686e-05
robocasa/CloseDrawer,4,1400336,0,learned_wam,1,-0.05288615628777867,-0.05302228477356039,0.00013612848578171965
robocasa/CloseDrawer,4,1400336,0,learned_wam,2,-0.04896720972974425,-0.04892668584928395,4.052388046029559e-05
robocasa/CloseDrawer,4,1400336,0,learned_wam,4,-0.04420669195171259,-0.04383840512725216,0.00036828682446043287
robocasa/CloseDrawer,4,1400336,0,learned_wam,8,-0.040046448428075365,-0.039871197525944764,0.00017525090213060118
robocasa/CloseDrawer,4,1400336,0,learned_physics_score,1,-0.05288615628777867,-0.05302228477356039,0.00013612848578171965
robocasa/CloseDrawer,4,1400336,0,learned_physics_score,2,-0.04896720972974425,-0.04892668584928395,4.052388046029559e-05
robocasa/CloseDrawer,4,1400336,0,learned_physics_score,4,-0.04420669195171259,-0.04383840512725216,0.00036828682446043287
robocasa/CloseDrawer,4,1400336,0,learned_physics_score,8,-0.040046448428075365,-0.039871197525944764,0.00017525090213060118
robocasa/CloseDrawer,4,1400336,0,learned_energy_regularized,1,-0.05288615628777867,-0.05302228477356039,0.00013612848578171965
robocasa/CloseDrawer,4,1400336,0,learned_energy_regularized,2,-0.04965601650930132,-0.049656831667084914,8.151577835929791e-07
robocasa/CloseDrawer,4,1400336,0,learned_energy_regularized,4,-0.045616763063324475,-0.04531358877656859,0.0003031742867558862
robocasa/CloseDrawer,4,1400336,0,learned_energy_regularized,8,-0.04154809148890584,-0.04121379386373323,0.00033429762517261236
robocasa/CloseDrawer,4,1400336,0,oracle_real_utility,1,-0.05288615628777867,-0.05302228477356039,0.00013612848578171965
robocasa/CloseDrawer,4,1400336,0,oracle_real_utility,2,-0.048426335606180676,-0.04830624591128183,0.00012008969489884364
robocasa/CloseDrawer,4,1400336,0,oracle_real_utility,4,-0.04383940879043561,-0.04350362417092208,0.00033578461951352945
robocasa/CloseDrawer,4,1400336,0,oracle_real_utility,8,-0.039910715821669926,-0.039740979621554776,0.00016973620011515034
robocasa/CloseDrawer,4,1410343,1,learned_wam,1,-0.053166090026702646,-0.05337068683365945,0.00020459680695680132
robocasa/CloseDrawer,4,1410343,1,learned_wam,2,-0.04804546699331227,-0.04792985026634146,0.00011561672697080888
robocasa/CloseDrawer,4,1410343,1,learned_wam,4,-0.04524332472914974,-0.04493453964469608,0.0003087850844536652
robocasa/CloseDrawer,4,1410343,1,learned_wam,8,-0.046469238497942274,-0.04632623133345294,0.00014300716448933243
robocasa/CloseDrawer,4,1410343,1,learned_physics_score,1,-0.053166090026702646,-0.05337068683365945,0.00020459680695680132
robocasa/CloseDrawer,4,1410343,1,learned_physics_score,2,-0.04804546699331227,-0.04792985026634146,0.00011561672697080888
robocasa/CloseDrawer,4,1410343,1,learned_physics_score,4,-0.04524332472914974,-0.04493453964469608,0.0003087850844536652
robocasa/CloseDrawer,4,1410343,1,learned_physics_score,8,-0.046469238497942274,-0.04632623133345294,0.00014300716448933243
robocasa/CloseDrawer,4,1410343,1,learned_energy_regularized,1,-0.053166090026702646,-0.05337068683365945,0.00020459680695680132
robocasa/CloseDrawer,4,1410343,1,learned_energy_regularized,2,-0.04807793373522344,-0.04797431268416837,0.00010362105105506808
robocasa/CloseDrawer,4,1410343,1,learned_energy_regularized,4,-0.043915788800422906,-0.043942180701238266,2.6391900815360414e-05
robocasa/CloseDrawer,4,1410343,1,learned_energy_regularized,8,-0.04123571322617025,-0.04133878574500909,0.00010307251883884261
robocasa/CloseDrawer,4,1410343,1,oracle_real_utility,1,-0.053166090026702646,-0.05337068683365945,0.00020459680695680132
robocasa/CloseDrawer,4,1410343,1,oracle_real_utility,2,-0.04698206875694847,-0.0467758323675876,0.00020623638936086847
robocasa/CloseDrawer,4,1410343,1,oracle_real_utility,4,-0.04122173233827806,-0.041110417708535685,0.00011131462974237755
robocasa/CloseDrawer,4,1410343,1,oracle_real_utility,8,-0.03728994500144049,-0.03745673451971423,0.00016678951827373695
robocasa/CloseCabinet,5,1500339,0,learned_wam,1,-0.05560265317416645,-0.05438074421801956,0.0012219089561468846
robocasa/CloseCabinet,5,1500339,0,learned_wam,2,-0.05143209439687459,-0.052249652978771176,0.0008175585818965825
robocasa/CloseCabinet,5,1500339,0,learned_wam,4,-0.04512497430564473,-0.045545799452276325,0.0004208251466315954
robocasa/CloseCabinet,5,1500339,0,learned_wam,8,-0.039213869852739607,-0.03953667010007814,0.00032280024733853663
robocasa/CloseCabinet,5,1500339,0,learned_physics_score,1,-0.05560265317416645,-0.05438074421801956,0.0012219089561468846
robocasa/CloseCabinet,5,1500339,0,learned_physics_score,2,-0.05143209439687459,-0.052249652978771176,0.0008175585818965825
robocasa/CloseCabinet,5,1500339,0,learned_physics_score,4,-0.04512497430564473,-0.045545799452276325,0.0004208251466315954
robocasa/CloseCabinet,5,1500339,0,learned_physics_score,8,-0.039213869852739607,-0.03953667010007814,0.00032280024733853663
robocasa/CloseCabinet,5,1500339,0,learned_energy_regularized,1,-0.05560265317416645,-0.05438074421801956,0.0012219089561468846
robocasa/CloseCabinet,5,1500339,0,learned_energy_regularized,2,-0.04721709290187453,-0.04719070574732163,2.638715455290097e-05
robocasa/CloseCabinet,5,1500339,0,learned_energy_regularized,4,-0.04032620531689616,-0.040533576972274755,0.00020737165537859648
robocasa/CloseCabinet,5,1500339,0,learned_energy_regularized,8,-0.037465784422042944,-0.037766705457320665,0.00030092103527772085
robocasa/CloseCabinet,5,1500339,0,oracle_real_utility,1,-0.05560265317416645,-0.05438074421801956,0.0012219089561468846
robocasa/CloseCabinet,5,1500339,0,oracle_real_utility,2,-0.04647454095739874,-0.0464663295443493,8.211413049435956e-06
robocasa/CloseCabinet,5,1500339,0,oracle_real_utility,4,-0.03771606454448452,-0.03781280107185593,9.673652737141047e-05
robocasa/CloseCabinet,5,1500339,0,oracle_real_utility,8,-0.03168286842286858,-0.03177513821141923,9.226978855064738e-05
robocasa/CloseCabinet,5,1510346,1,learned_wam,1,-0.054985518814028495,-0.054986445272855705,9.264588272106522e-07
robocasa/CloseCabinet,5,1510346,1,learned_wam,2,-0.05177490432716023,-0.0520154455648772,0.000240541237716968
robocasa/CloseCabinet,5,1510346,1,learned_wam,4,-0.05022632677481414,-0.05045223240806075,0.00022590563324661334
robocasa/CloseCabinet,5,1510346,1,learned_wam,8,-0.04933486632105761,-0.04940763082162346,7.276450056584866e-05
robocasa/CloseCabinet,5,1510346,1,learned_physics_score,1,-0.054985518814028495,-0.054986445272855705,9.264588272106522e-07
robocasa/CloseCabinet,5,1510346,1,learned_physics_score,2,-0.05177490432716023,-0.0520154455648772,0.000240541237716968
robocasa/CloseCabinet,5,1510346,1,learned_physics_score,4,-0.05022632677481414,-0.05045223240806075,0.00022590563324661334
robocasa/CloseCabinet,5,1510346,1,learned_physics_score,8,-0.04933486632105761,-0.04940763082162346,7.276450056584866e-05
robocasa/CloseCabinet,5,1510346,1,learned_energy_regularized,1,-0.054985518814028495,-0.054986445272855705,9.264588272106522e-07
robocasa/CloseCabinet,5,1510346,1,learned_energy_regularized,2,-0.05087279510914272,-0.050881826289072965,9.031179930243938e-06
robocasa/CloseCabinet,5,1510346,1,learned_energy_regularized,4,-0.047280349311128886,-0.04750706271293577,0.00022671340180688282
robocasa/CloseCabinet,5,1510346,1,learned_energy_regularized,8,-0.04494357312044098,-0.04491560728548038,2.7965834960598512e-05
robocasa/CloseCabinet,5,1510346,1,oracle_real_utility,1,-0.054985518814028495,-0.054986445272855705,9.264588272106522e-07
robocasa/CloseCabinet,5,1510346,1,oracle_real_utility,2,-0.050167400018507835,-0.05031612360431198,0.0001487235858041447
robocasa/CloseCabinet,5,1510346,1,oracle_real_utility,4,-0.046423518167836256,-0.046554313177935916,0.00013079501009966021
robocasa/CloseCabinet,5,1510346,1,oracle_real_utility,8,-0.044505597390526695,-0.04448084072981747,2.475666070922422e-05
robocasa/CloseMicrowave,6,1600342,0,learned_wam,1,-0.05629093590537308,-0.0564789275512499,0.00018799164587681577
robocasa/CloseMicrowave,6,1600342,0,learned_wam,2,-0.051964699350435725,-0.05165227944105043,0.0003124199093852975
robocasa/CloseMicrowave,6,1600342,0,learned_wam,4,-0.05217330954978932,-0.05231683979837152,0.00014353024858219932
robocasa/CloseMicrowave,6,1600342,0,learned_wam,8,-0.05370849490925148,-0.0536325664211829,7.592848806858149e-05
robocasa/CloseMicrowave,6,1600342,0,learned_physics_score,1,-0.05629093590537308,-0.0564789275512499,0.00018799164587681577
robocasa/CloseMicrowave,6,1600342,0,learned_physics_score,2,-0.051964699350435725,-0.05165227944105043,0.0003124199093852975
robocasa/CloseMicrowave,6,1600342,0,learned_physics_score,4,-0.05217330954978932,-0.05231683979837152,0.00014353024858219932
robocasa/CloseMicrowave,6,1600342,0,learned_physics_score,8,-0.05370849490925148,-0.0536325664211829,7.592848806858149e-05
robocasa/CloseMicrowave,6,1600342,0,learned_energy_regularized,1,-0.05629093590537307,-0.0564789275512499,0.00018799164587682965
robocasa/CloseMicrowave,6,1600342,0,learned_energy_regularized,2,-0.05068580164183713,-0.050519934151691225,0.00016586749014590313
robocasa/CloseMicrowave,6,1600342,0,learned_energy_regularized,4,-0.04929086432645345,-0.049356633340521844,6.576901406839253e-05
robocasa/CloseMicrowave,6,1600342,0,learned_energy_regularized,8,-0.051049992510499,-0.05114243566197351,9.24431514745111e-05
robocasa/CloseMicrowave,6,1600342,0,oracle_real_utility,1,-0.05629093590537307,-0.0564789275512499,0.00018799164587682965
robocasa/CloseMicrowave,6,1600342,0,oracle_real_utility,2,-0.04863827977832635,-0.0485813704853117,5.690929301464809e-05
robocasa/CloseMicrowave,6,1600342,0,oracle_real_utility,4,-0.043613292121817505,-0.04362100929018079,7.717168363285953e-06
robocasa/CloseMicrowave,6,1600342,0,oracle_real_utility,8,-0.040478177521150446,-0.04044448236941376,3.369515173668597e-05
robocasa/CloseMicrowave,6,1610349,1,learned_wam,1,-0.05157315326532077,-0.051904986685750394,0.00033183342042962527
robocasa/CloseMicrowave,6,1610349,1,learned_wam,2,-0.04145179754164316,-0.04164352621334258,0.00019172867169942043
robocasa/CloseMicrowave,6,1610349,1,learned_wam,4,-0.03455769528380283,-0.03455247090229699,5.2243815058389265e-06
robocasa/CloseMicrowave,6,1610349,1,learned_wam,8,-0.030453647145664467,-0.030095853756752226,0.0003577933889122413
robocasa/CloseMicrowave,6,1610349,1,learned_physics_score,1,-0.05157315326532077,-0.051904986685750394,0.00033183342042962527
robocasa/CloseMicrowave,6,1610349,1,learned_physics_score,2,-0.04145179754164316,-0.04164352621334258,0.00019172867169942043
robocasa/CloseMicrowave,6,1610349,1,learned_physics_score,4,-0.03455769528380283,-0.03455247090229699,5.2243815058389265e-06
robocasa/CloseMicrowave,6,1610349,1,learned_physics_score,8,-0.030453647145664467,-0.030095853756752226,0.0003577933889122413
robocasa/CloseMicrowave,6,1610349,1,learned_energy_regularized,1,-0.05157315326532077,-0.051904986685750394,0.00033183342042962527
robocasa/CloseMicrowave,6,1610349,1,learned_energy_regularized,2,-0.04035548740314754,-0.04070895171677399,0.000353464313626449
robocasa/CloseMicrowave,6,1610349,1,learned_energy_regularized,4,-0.03397634983099137,-0.03386076048894349,0.00011558934204788235
robocasa/CloseMicrowave,6,1610349,1,learned_energy_regularized,8,-0.02982813160343059,-0.02954506484002598,0.0002830667634046123
robocasa/CloseMicrowave,6,1610349,1,oracle_real_utility,1,-0.05157315326532077,-0.051904986685750394,0.00033183342042962527
robocasa/CloseMicrowave,6,1610349,1,oracle_real_utility,2,-0.039742828657245904,-0.03995559155830272,0.00021276290105681772
robocasa/CloseMicrowave,6,1610349,1,oracle_real_utility,4,-0.032482113930288055,-0.03241466014007746,6.745379021059345e-05
robocasa/CloseMicrowave,6,1610349,1,oracle_real_utility,8,-0.028334125271022286,-0.028144231145991523,0.000189894125030763
robocasa/TurnOffSinkFaucet,7,1700345,0,learned_wam,1,-0.05380429677575732,-0.05215816384892125,0.0016461329268360678
robocasa/TurnOffSinkFaucet,7,1700345,0,learned_wam,2,-0.043292818420523356,-0.043703048361211,0.0004102299406876439
robocasa/TurnOffSinkFaucet,7,1700345,0,learned_wam,4,-0.03343687287132387,-0.03491068084471176,0.0014738079733878917
robocasa/TurnOffSinkFaucet,7,1700345,0,learned_wam,8,-0.023838678505993402,-0.022986224116148,0.0008524543898454015
robocasa/TurnOffSinkFaucet,7,1700345,0,learned_physics_score,1,-0.05380429677575732,-0.05215816384892125,0.0016461329268360678
robocasa/TurnOffSinkFaucet,7,1700345,0,learned_physics_score,2,-0.043292818420523356,-0.043703048361211,0.0004102299406876439
robocasa/TurnOffSinkFaucet,7,1700345,0,learned_physics_score,4,-0.03343687287132387,-0.03491068084471176,0.0014738079733878917
robocasa/TurnOffSinkFaucet,7,1700345,0,learned_physics_score,8,-0.023838678505993402,-0.022986224116148,0.0008524543898454015
robocasa/TurnOffSinkFaucet,7,1700345,0,learned_energy_regularized,1,-0.05380429677575732,-0.05215816384892125,0.0016461329268360678
robocasa/TurnOffSinkFaucet,7,1700345,0,learned_energy_regularized,2,-0.043292818420523356,-0.043703048361211,0.0004102299406876439
robocasa/TurnOffSinkFaucet,7,1700345,0,learned_energy_regularized,4,-0.03343687287132387,-0.03491068084471176,0.0014738079733878917
robocasa/TurnOffSinkFaucet,7,1700345,0,learned_energy_regularized,8,-0.023838678505993402,-0.022986224116148,0.0008524543898454015
robocasa/TurnOffSinkFaucet,7,1700345,0,oracle_real_utility,1,-0.05380429677575732,-0.05215816384892125,0.0016461329268360678
robocasa/TurnOffSinkFaucet,7,1700345,0,oracle_real_utility,2,-0.043125755948913165,-0.043525149498064464,0.0003993935491512987
robocasa/TurnOffSinkFaucet,7,1700345,0,oracle_real_utility,4,-0.03325814477687067,-0.034713338106542535,0.0014551933296718667
robocasa/TurnOffSinkFaucet,7,1700345,0,oracle_real_utility,8,-0.023747521352700265,-0.022904261596188205,0.0008432597565120603
robocasa/TurnOffSinkFaucet,7,1710352,1,learned_wam,1,-0.03374791681622158,-0.03401147685768821,0.0002635600414666317
robocasa/TurnOffSinkFaucet,7,1710352,1,learned_wam,2,-0.03096304021012748,-0.030567914048397617,0.00039512616172986126
robocasa/TurnOffSinkFaucet,7,1710352,1,learned_wam,4,-0.026857088547717137,-0.027162055806719047,0.00030496725900190993
robocasa/TurnOffSinkFaucet,7,1710352,1,learned_wam,8,-0.021938150189508048,-0.022006314943654754,6.816475414670592e-05
robocasa/TurnOffSinkFaucet,7,1710352,1,learned_physics_score,1,-0.03374791681622158,-0.03401147685768821,0.0002635600414666317
robocasa/TurnOffSinkFaucet,7,1710352,1,learned_physics_score,2,-0.03096304021012748,-0.030567914048397617,0.00039512616172986126
robocasa/TurnOffSinkFaucet,7,1710352,1,learned_physics_score,4,-0.026857088547717137,-0.027162055806719047,0.00030496725900190993
robocasa/TurnOffSinkFaucet,7,1710352,1,learned_physics_score,8,-0.021938150189508048,-0.022006314943654754,6.816475414670592e-05
robocasa/TurnOffSinkFaucet,7,1710352,1,learned_energy_regularized,1,-0.03374791681622158,-0.03401147685768821,0.0002635600414666317
robocasa/TurnOffSinkFaucet,7,1710352,1,learned_energy_regularized,2,-0.03292312872445221,-0.03259884023857442,0.00032428848587778836
robocasa/TurnOffSinkFaucet,7,1710352,1,learned_energy_regularized,4,-0.029920493766703755,-0.030369827829140487,0.000449334062436732
robocasa/TurnOffSinkFaucet,7,1710352,1,learned_energy_regularized,8,-0.024396847303539314,-0.02439270897597626,4.138327563053823e-06
robocasa/TurnOffSinkFaucet,7,1710352,1,oracle_real_utility,1,-0.03374791681622158,-0.03401147685768821,0.0002635600414666317
robocasa/TurnOffSinkFaucet,7,1710352,1,oracle_real_utility,2,-0.02939571075205699,-0.02897057779754649,0.0004251329545105001
robocasa/TurnOffSinkFaucet,7,1710352,1,oracle_real_utility,4,-0.024984225692726125,-0.025201158770799637,0.00021693307807351195
robocasa/TurnOffSinkFaucet,7,1710352,1,oracle_real_utility,8,-0.020992412253315763,-0.02097330192989869,1.9110323417073638e-05
robocasa/TurnOnStove,8,1800348,0,learned_wam,1,-0.0645449557138235,-0.06483708446093447,0.0002921287471109729
robocasa/TurnOnStove,8,1800348,0,learned_wam,2,-0.05640193862835374,-0.05650641778781548,0.00010447915946174002
robocasa/TurnOnStove,8,1800348,0,learned_wam,4,-0.05079544518134278,-0.05079515938328618,2.8579805660261526e-07
robocasa/TurnOnStove,8,1800348,0,learned_wam,8,-0.04933303888115059,-0.049221177717741156,0.00011186116340943658
robocasa/TurnOnStove,8,1800348,0,learned_physics_score,1,-0.0645449557138235,-0.06483708446093447,0.0002921287471109729
robocasa/TurnOnStove,8,1800348,0,learned_physics_score,2,-0.05640193862835374,-0.05650641778781548,0.00010447915946174002
robocasa/TurnOnStove,8,1800348,0,learned_physics_score,4,-0.05079544518134278,-0.05079515938328618,2.8579805660261526e-07
robocasa/TurnOnStove,8,1800348,0,learned_physics_score,8,-0.04933303888115059,-0.049221177717741156,0.00011186116340943658
robocasa/TurnOnStove,8,1800348,0,learned_energy_regularized,1,-0.0645449557138235,-0.06483708446093447,0.0002921287471109729
robocasa/TurnOnStove,8,1800348,0,learned_energy_regularized,2,-0.05757033178706137,-0.057684807504142656,0.00011447571708128601
robocasa/TurnOnStove,8,1800348,0,learned_energy_regularized,4,-0.05411004829476006,-0.05404187262088804,6.81756738720174e-05
robocasa/TurnOnStove,8,1800348,0,learned_energy_regularized,8,-0.05337188906541295,-0.05325191807002226,0.0001199709953906905
robocasa/TurnOnStove,8,1800348,0,oracle_real_utility,1,-0.0645449557138235,-0.06483708446093447,0.0002921287471109729
robocasa/TurnOnStove,8,1800348,0,oracle_real_utility,2,-0.0558235573955835,-0.05593133293904755,0.000107775543464049
robocasa/TurnOnStove,8,1800348,0,oracle_real_utility,4,-0.04901082941693109,-0.04911239558060024,0.00010156616366914506
robocasa/TurnOnStove,8,1800348,0,oracle_real_utility,8,-0.045326870703321545,-0.0453076384350704,1.923226825114449e-05
robocasa/TurnOnStove,8,1810355,1,learned_wam,1,-0.046394486108542715,-0.046168741884103894,0.00022574422443882164
robocasa/TurnOnStove,8,1810355,1,learned_wam,2,-0.038751352983549446,-0.03865091481739204,0.00010043816615740858
robocasa/TurnOnStove,8,1810355,1,learned_wam,4,-0.03278137100439497,-0.03280043596493912,1.9064960544150356e-05
robocasa/TurnOnStove,8,1810355,1,learned_wam,8,-0.028823357769726284,-0.02866006000234386,0.0001632977673824247
robocasa/TurnOnStove,8,1810355,1,learned_physics_score,1,-0.046394486108542715,-0.046168741884103894,0.00022574422443882164
robocasa/TurnOnStove,8,1810355,1,learned_physics_score,2,-0.038751352983549446,-0.03865091481739204,0.00010043816615740858
robocasa/TurnOnStove,8,1810355,1,learned_physics_score,4,-0.03278137100439497,-0.03280043596493912,1.9064960544150356e-05
robocasa/TurnOnStove,8,1810355,1,learned_physics_score,8,-0.028823357769726284,-0.02866006000234386,0.0001632977673824247
robocasa/TurnOnStove,8,1810355,1,learned_energy_regularized,1,-0.046394486108542715,-0.046168741884103894,0.00022574422443882164
robocasa/TurnOnStove,8,1810355,1,learned_energy_regularized,2,-0.03951892955475312,-0.03937023993362938,0.00014868962112373624
robocasa/TurnOnStove,8,1810355,1,learned_energy_regularized,4,-0.03402910159854344,-0.03404702895448886,1.7927355945419887e-05
robocasa/TurnOnStove,8,1810355,1,learned_energy_regularized,8,-0.02979974498770551,-0.029544831018757624,0.0002549139689478862
robocasa/TurnOnStove,8,1810355,1,oracle_real_utility,1,-0.04639448610854271,-0.046168741884103894,0.0002257442244388147
robocasa/TurnOnStove,8,1810355,1,oracle_real_utility,2,-0.03744798512568641,-0.0373885027244528,5.948240123360843e-05
robocasa/TurnOnStove,8,1810355,1,oracle_real_utility,4,-0.031094975546880094,-0.031083412976135948,1.1562570744146072e-05
robocasa/TurnOnStove,8,1810355,1,oracle_real_utility,8,-0.0275025153465677,-0.027424201914887477,7.831343168022281e-05
robocasa/TurnOffStove,9,1900351,0,learned_wam,1,-0.059757156564581144,-0.05990895799702841,0.00015180143244726552
robocasa/TurnOffStove,9,1900351,0,learned_wam,2,-0.05148402085103524,-0.05142610135010666,5.791950092857989e-05
robocasa/TurnOffStove,9,1900351,0,learned_wam,4,-0.04068269077056336,-0.04017868474018201,0.0005040060303813446
robocasa/TurnOffStove,9,1900351,0,learned_wam,8,-0.029975027921387617,-0.030245983099231114,0.0002709551778434967
robocasa/TurnOffStove,9,1900351,0,learned_physics_score,1,-0.059757156564581144,-0.05990895799702841,0.00015180143244726552
robocasa/TurnOffStove,9,1900351,0,learned_physics_score,2,-0.05148402085103524,-0.05142610135010666,5.791950092857989e-05
robocasa/TurnOffStove,9,1900351,0,learned_physics_score,4,-0.04068269077056336,-0.04017868474018201,0.0005040060303813446
robocasa/TurnOffStove,9,1900351,0,learned_physics_score,8,-0.029975027921387617,-0.030245983099231114,0.0002709551778434967
robocasa/TurnOffStove,9,1900351,0,learned_energy_regularized,1,-0.05975715656458115,-0.05990895799702841,0.00015180143244725858
robocasa/TurnOffStove,9,1900351,0,learned_energy_regularized,2,-0.0518477640240945,-0.051763655014705645,8.410900938885663e-05
robocasa/TurnOffStove,9,1900351,0,learned_energy_regularized,4,-0.0419160074667174,-0.0414474209278127,0.00046858653890469865
robocasa/TurnOffStove,9,1900351,0,learned_energy_regularized,8,-0.031914985498233274,-0.031991950329915544,7.696483168227047e-05
robocasa/TurnOffStove,9,1900351,0,oracle_real_utility,1,-0.059757156564581144,-0.05990895799702841,0.00015180143244726552
robocasa/TurnOffStove,9,1900351,0,oracle_real_utility,2,-0.05075486982702356,-0.050662139215458875,9.273061156468698e-05
robocasa/TurnOffStove,9,1900351,0,oracle_real_utility,4,-0.04036936917580565,-0.03991859358978515,0.00045077558602050344
robocasa/TurnOffStove,9,1900351,0,oracle_real_utility,8,-0.029940170867669237,-0.030205201875082858,0.0002650310074136207
robocasa/TurnOffStove,9,1910358,1,learned_wam,1,-0.05566971752944131,-0.05593472535308072,0.0002650078236394113
robocasa/TurnOffStove,9,1910358,1,learned_wam,2,-0.048210932195902834,-0.04936934749165562,0.0011584152957527863
robocasa/TurnOffStove,9,1910358,1,learned_wam,4,-0.04065613535933044,-0.04046986635764747,0.000186269001682976
robocasa/TurnOffStove,9,1910358,1,learned_wam,8,-0.03592225845406459,-0.03608673367145792,0.00016447521739332976
robocasa/TurnOffStove,9,1910358,1,learned_physics_score,1,-0.05566971752944131,-0.05593472535308072,0.0002650078236394113
robocasa/TurnOffStove,9,1910358,1,learned_physics_score,2,-0.048210932195902834,-0.04936934749165562,0.0011584152957527863
robocasa/TurnOffStove,9,1910358,1,learned_physics_score,4,-0.04065613535933044,-0.04046986635764747,0.000186269001682976
robocasa/TurnOffStove,9,1910358,1,learned_physics_score,8,-0.03592225845406459,-0.03608673367145792,0.00016447521739332976
robocasa/TurnOffStove,9,1910358,1,learned_energy_regularized,1,-0.05566971752944131,-0.05593472535308072,0.0002650078236394113
robocasa/TurnOffStove,9,1910358,1,learned_energy_regularized,2,-0.048650630292471346,-0.049900027184111,0.0012493968916396508
robocasa/TurnOffStove,9,1910358,1,learned_energy_regularized,4,-0.04073197999464479,-0.0406219363946367,0.00011004360000808899
robocasa/TurnOffStove,9,1910358,1,learned_energy_regularized,8,-0.034425520367801374,-0.034724557717624775,0.0002990373498234014
robocasa/TurnOffStove,9,1910358,1,oracle_real_utility,1,-0.05566971752944131,-0.05593472535308072,0.0002650078236394113
robocasa/TurnOffStove,9,1910358,1,oracle_real_utility,2,-0.047959523220912355,-0.049098697621957454,0.0011391744010450996
robocasa/TurnOffStove,9,1910358,1,oracle_real_utility,4,-0.039974684996147,-0.03981203079015971,0.00016265420598729485
robocasa/TurnOffStove,9,1910358,1,oracle_real_utility,8,-0.034002109105094575,-0.03421730143941788,0.0002151923343233081
robocasa/OpenOven,10,2000354,0,learned_wam,1,-0.04635085436773612,-0.046767303009291,0.0004164486415548785
robocasa/OpenOven,10,2000354,0,learned_wam,2,-0.04106413706542538,-0.04095234787716723,0.00011178918825815315
robocasa/OpenOven,10,2000354,0,learned_wam,4,-0.03725768677780004,-0.037189457008209185,6.822976959085236e-05
robocasa/OpenOven,10,2000354,0,learned_wam,8,-0.03425890082423649,-0.03421990601302152,3.8994811214970726e-05
robocasa/OpenOven,10,2000354,0,learned_physics_score,1,-0.04635085436773612,-0.046767303009291,0.0004164486415548785
robocasa/OpenOven,10,2000354,0,learned_physics_score,2,-0.04106413706542538,-0.04095234787716723,0.00011178918825815315
robocasa/OpenOven,10,2000354,0,learned_physics_score,4,-0.03725768677780004,-0.037189457008209185,6.822976959085236e-05
robocasa/OpenOven,10,2000354,0,learned_physics_score,8,-0.03425890082423649,-0.03421990601302152,3.8994811214970726e-05
robocasa/OpenOven,10,2000354,0,learned_energy_regularized,1,-0.04635085436773612,-0.046767303009291,0.0004164486415548785
robocasa/OpenOven,10,2000354,0,learned_energy_regularized,2,-0.0414100839563826,-0.041133164237678745,0.00027691971870385385
robocasa/OpenOven,10,2000354,0,learned_energy_regularized,4,-0.035904789956497304,-0.03579097583429846,0.00011381412219884507
robocasa/OpenOven,10,2000354,0,learned_energy_regularized,8,-0.032591772751285636,-0.032610595438270974,1.8822686985338344e-05
robocasa/OpenOven,10,2000354,0,oracle_real_utility,1,-0.04635085436773612,-0.046767303009291,0.0004164486415548785
robocasa/OpenOven,10,2000354,0,oracle_real_utility,2,-0.04025018456628071,-0.040071891159627296,0.0001782934066534153
robocasa/OpenOven,10,2000354,0,oracle_real_utility,4,-0.03546942752937438,-0.03536014914853974,0.00010927838083463898
robocasa/OpenOven,10,2000354,0,oracle_real_utility,8,-0.0325463338549809,-0.032565546128303084,1.921227332218195e-05
robocasa/OpenOven,10,2010361,1,learned_wam,1,-0.057027450345056366,-0.05757787587369296,0.000550425528636593
robocasa/OpenOven,10,2010361,1,learned_wam,2,-0.04975765493732036,-0.05016078024715627,0.0004031253098359111
robocasa/OpenOven,10,2010361,1,learned_wam,4,-0.043235482886443466,-0.0434324746599081,0.00019699177346463315
robocasa/OpenOven,10,2010361,1,learned_wam,8,-0.03524742261847826,-0.03575542786365959,0.0005080052451813255
robocasa/OpenOven,10,2010361,1,learned_physics_score,1,-0.057027450345056366,-0.05757787587369296,0.000550425528636593
robocasa/OpenOven,10,2010361,1,learned_physics_score,2,-0.04975765493732036,-0.05016078024715627,0.0004031253098359111
robocasa/OpenOven,10,2010361,1,learned_physics_score,4,-0.043235482886443466,-0.0434324746599081,0.00019699177346463315
robocasa/OpenOven,10,2010361,1,learned_physics_score,8,-0.03524742261847826,-0.03575542786365959,0.0005080052451813255
robocasa/OpenOven,10,2010361,1,learned_energy_regularized,1,-0.057027450345056366,-0.05757787587369296,0.000550425528636593
robocasa/OpenOven,10,2010361,1,learned_energy_regularized,2,-0.049488111870989594,-0.04985889201286581,0.0003707801418762133
robocasa/OpenOven,10,2010361,1,learned_energy_regularized,4,-0.04259952971431931,-0.04288045046006269,0.0002809207457433807
robocasa/OpenOven,10,2010361,1,learned_energy_regularized,8,-0.03475186845602869,-0.03518615290756901,0.0004342844515403191
robocasa/OpenOven,10,2010361,1,oracle_real_utility,1,-0.057027450345056366,-0.05757787587369296,0.000550425528636593
robocasa/OpenOven,10,2010361,1,oracle_real_utility,2,-0.048498501434422144,-0.04882748582977577,0.0003289843953536292
robocasa/OpenOven,10,2010361,1,oracle_real_utility,4,-0.04059104284578542,-0.04081720844626456,0.00022616560047913903
robocasa/OpenOven,10,2010361,1,oracle_real_utility,8,-0.03278913480865675,-0.03323768437068893,0.0004485495620321772
robocasa/CloseOven,11,2100357,0,learned_wam,1,-0.04918205734237745,-0.049022495279788,0.0001595620625894495
robocasa/CloseOven,11,2100357,0,learned_wam,2,-0.04331014307649762,-0.04315402773838652,0.00015611533811109995
robocasa/CloseOven,11,2100357,0,learned_wam,4,-0.03898926567545485,-0.03879169737539159,0.00019756830006325415
robocasa/CloseOven,11,2100357,0,learned_wam,8,-0.037010177318446205,-0.03700671906383906,3.4582546071457165e-06
robocasa/CloseOven,11,2100357,0,learned_physics_score,1,-0.04918205734237745,-0.049022495279788,0.0001595620625894495
robocasa/CloseOven,11,2100357,0,learned_physics_score,2,-0.04331014307649762,-0.04315402773838652,0.00015611533811109995
robocasa/CloseOven,11,2100357,0,learned_physics_score,4,-0.03898926567545485,-0.03879169737539159,0.00019756830006325415
robocasa/CloseOven,11,2100357,0,learned_physics_score,8,-0.037010177318446205,-0.03700671906383906,3.4582546071457165e-06
robocasa/CloseOven,11,2100357,0,learned_energy_regularized,1,-0.04918205734237745,-0.049022495279788,0.0001595620625894495
robocasa/CloseOven,11,2100357,0,learned_energy_regularized,2,-0.04330856834233848,-0.043152213644635194,0.00015635469770328841
robocasa/CloseOven,11,2100357,0,learned_energy_regularized,4,-0.03898865054492393,-0.03879129424344686,0.00019735630147707517
robocasa/CloseOven,11,2100357,0,learned_energy_regularized,8,-0.037010159146865576,-0.03700671906383906,3.440083026516605e-06
robocasa/CloseOven,11,2100357,0,oracle_real_utility,1,-0.04918205734237745,-0.049022495279788,0.0001595620625894495
robocasa/CloseOven,11,2100357,0,oracle_real_utility,2,-0.04323260805858848,-0.04308228282434789,0.00015032523424059197
robocasa/CloseOven,11,2100357,0,oracle_real_utility,4,-0.03889107588879606,-0.03871424224350358,0.0001768336452924804
robocasa/CloseOven,11,2100357,0,oracle_real_utility,8,-0.03694124972298839,-0.03695052977914526,9.28005615687122e-06
robocasa/CloseOven,11,2110364,1,learned_wam,1,-0.054328705831834696,-0.054247065593391715,8.164023844298152e-05
robocasa/CloseOven,11,2110364,1,learned_wam,2,-0.04800181392877688,-0.04776906035008432,0.00023275357869256136
robocasa/CloseOven,11,2110364,1,learned_wam,4,-0.04378046944116418,-0.04386796088864953,8.749144748535637e-05
robocasa/CloseOven,11,2110364,1,learned_wam,8,-0.040526815777787835,-0.04075511765282356,0.00022830187503572463
robocasa/CloseOven,11,2110364,1,learned_physics_score,1,-0.054328705831834696,-0.054247065593391715,8.164023844298152e-05
robocasa/CloseOven,11,2110364,1,learned_physics_score,2,-0.04800181392877688,-0.04776906035008432,0.00023275357869256136
robocasa/CloseOven,11,2110364,1,learned_physics_score,4,-0.04378046944116418,-0.04386796088864953,8.749144748535637e-05
robocasa/CloseOven,11,2110364,1,learned_physics_score,8,-0.040526815777787835,-0.04075511765282356,0.00022830187503572463
robocasa/CloseOven,11,2110364,1,learned_energy_regularized,1,-0.054328705831834696,-0.054247065593391715,8.164023844298152e-05
robocasa/CloseOven,11,2110364,1,learned_energy_regularized,2,-0.050763148409229526,-0.050361219314515746,0.00040192909471378074
robocasa/CloseOven,11,2110364,1,learned_energy_regularized,4,-0.04897992908587985,-0.048912374851552524,6.755423432732582e-05
robocasa/CloseOven,11,2110364,1,learned_energy_regularized,8,-0.05132154370464069,-0.05144892417432539,0.00012738046968469724
robocasa/CloseOven,11,2110364,1,oracle_real_utility,1,-0.05432870583183469,-0.054247065593391715,8.164023844297458e-05
robocasa/CloseOven,11,2110364,1,oracle_real_utility,2,-0.0468606660463593,-0.04665949179170592,0.00020117425465338012
robocasa/CloseOven,11,2110364,1,oracle_real_utility,4,-0.0412774791403644,-0.04177628699587027,0.0004988078555058714
robocasa/CloseOven,11,2110364,1,oracle_real_utility,8,-0.038218777936783334,-0.03822458778798021,5.809851196879323e-06
robocasa/OpenDishwasher,12,2200360,0,learned_wam,1,-0.05331649392843247,-0.05322816215753555,8.833177089691974e-05
robocasa/OpenDishwasher,12,2200360,0,learned_wam,2,-0.05120019052177668,-0.05121277551174164,1.2584989964960214e-05
robocasa/OpenDishwasher,12,2200360,0,learned_wam,4,-0.049673345748451544,-0.049723743531703946,5.0397783252401074e-05
robocasa/OpenDishwasher,12,2200360,0,learned_wam,8,-0.0477629344470229,-0.047702669978141786,6.0264468881111866e-05
robocasa/OpenDishwasher,12,2200360,0,learned_physics_score,1,-0.05331649392843247,-0.05322816215753555,8.833177089691974e-05
robocasa/OpenDishwasher,12,2200360,0,learned_physics_score,2,-0.05120019052177668,-0.05121277551174164,1.2584989964960214e-05
robocasa/OpenDishwasher,12,2200360,0,learned_physics_score,4,-0.049673345748451544,-0.049723743531703946,5.0397783252401074e-05
robocasa/OpenDishwasher,12,2200360,0,learned_physics_score,8,-0.0477629344470229,-0.047702669978141786,6.0264468881111866e-05
robocasa/OpenDishwasher,12,2200360,0,learned_energy_regularized,1,-0.053316493928432476,-0.05322816215753555,8.833177089692668e-05
robocasa/OpenDishwasher,12,2200360,0,learned_energy_regularized,2,-0.049829829446971424,-0.04985917106151581,2.9341614544382832e-05
robocasa/OpenDishwasher,12,2200360,0,learned_energy_regularized,4,-0.04708465561212506,-0.04706710740566253,1.7548206462533744e-05
robocasa/OpenDishwasher,12,2200360,0,learned_energy_regularized,8,-0.0454625872298378,-0.04545628462791443,6.302601923371953e-06
robocasa/OpenDishwasher,12,2200360,0,oracle_real_utility,1,-0.053316493928432476,-0.05322816215753555,8.833177089692668e-05
robocasa/OpenDishwasher,12,2200360,0,oracle_real_utility,2,-0.049762349687516694,-0.04979942401409149,3.707432657479304e-05
robocasa/OpenDishwasher,12,2200360,0,oracle_real_utility,4,-0.04684149065229576,-0.04682792356014251,1.356709215324936e-05
robocasa/OpenDishwasher,12,2200360,0,oracle_real_utility,8,-0.04478339097542218,-0.0447573673582077,2.6023617214480932e-05
robocasa/OpenDishwasher,12,2210367,1,learned_wam,1,-0.05737376883625984,-0.05732916213035583,4.460670590400451e-05
robocasa/OpenDishwasher,12,2210367,1,learned_wam,2,-0.05288910152390599,-0.0528727503144741,1.6351209431886282e-05
robocasa/OpenDishwasher,12,2210367,1,learned_wam,4,-0.04890176458895439,-0.0487242453444004,0.00017751924455398915
robocasa/OpenDishwasher,12,2210367,1,learned_wam,8,-0.0460541119894473,-0.04615648939609527,0.00010237740664797296
robocasa/OpenDishwasher,12,2210367,1,learned_physics_score,1,-0.05737376883625984,-0.05732916213035583,4.460670590400451e-05
robocasa/OpenDishwasher,12,2210367,1,learned_physics_score,2,-0.05288910152390599,-0.0528727503144741,1.6351209431886282e-05
robocasa/OpenDishwasher,12,2210367,1,learned_physics_score,4,-0.04890176458895439,-0.0487242453444004,0.00017751924455398915
robocasa/OpenDishwasher,12,2210367,1,learned_physics_score,8,-0.0460541119894473,-0.04615648939609527,0.00010237740664797296
robocasa/OpenDishwasher,12,2210367,1,learned_energy_regularized,1,-0.05737376883625984,-0.05732916213035583,4.460670590400451e-05
robocasa/OpenDishwasher,12,2210367,1,learned_energy_regularized,2,-0.05255489697679877,-0.05252583085536956,2.906612142920817e-05
robocasa/OpenDishwasher,12,2210367,1,learned_energy_regularized,4,-0.047783203659055286,-0.047581620846986764,0.0002015828120685223
robocasa/OpenDishwasher,12,2210367,1,learned_energy_regularized,8,-0.04377123188996926,-0.043882610207796095,0.00011137831782683655
robocasa/OpenDishwasher,12,2210367,1,oracle_real_utility,1,-0.05737376883625984,-0.05732916213035583,4.460670590400451e-05
robocasa/OpenDishwasher,12,2210367,1,oracle_real_utility,2,-0.05244620805606246,-0.05242231887817383,2.388917788863354e-05
robocasa/OpenDishwasher,12,2210367,1,oracle_real_utility,4,-0.04765413556568092,-0.04744706065535545,0.00020707491032546932
robocasa/OpenDishwasher,12,2210367,1,oracle_real_utility,8,-0.04373818870673027,-0.043853046821355816,0.00011485811462554757
robocasa/CloseDishwasher,13,2300363,0,learned_wam,1,-0.04690048053860665,-0.04675232507705688,0.00014815546154976766
robocasa/CloseDishwasher,13,2300363,0,learned_wam,2,-0.04510459879413248,-0.04524736563086509,0.00014276683673260931
robocasa/CloseDishwasher,13,2300363,0,learned_wam,4,-0.04418114003172377,-0.04410478109002113,7.635894170263807e-05
robocasa/CloseDishwasher,13,2300363,0,learned_wam,8,-0.04229934770501906,-0.04239208914518356,9.274144016450242e-05
robocasa/CloseDishwasher,13,2300363,0,learned_physics_score,1,-0.04690048053860665,-0.04675232507705688,0.00014815546154976766
robocasa/CloseDishwasher,13,2300363,0,learned_physics_score,2,-0.04510459879413248,-0.04524736563086509,0.00014276683673260931
robocasa/CloseDishwasher,13,2300363,0,learned_physics_score,4,-0.04418114003172377,-0.04410478109002113,7.635894170263807e-05
robocasa/CloseDishwasher,13,2300363,0,learned_physics_score,8,-0.04229934770501906,-0.04239208914518356,9.274144016450242e-05
robocasa/CloseDishwasher,13,2300363,0,learned_energy_regularized,1,-0.04690048053860665,-0.04675232507705688,0.00014815546154976766
robocasa/CloseDishwasher,13,2300363,0,learned_energy_regularized,2,-0.043314206991344695,-0.04325754580259323,5.666118875146536e-05
robocasa/CloseDishwasher,13,2300363,0,learned_energy_regularized,4,-0.040662697045190724,-0.04062805636525154,3.4640679939183794e-05
robocasa/CloseDishwasher,13,2300363,0,learned_energy_regularized,8,-0.03928538998636533,-0.03918550955414773,9.988043221759862e-05
robocasa/CloseDishwasher,13,2300363,0,oracle_real_utility,1,-0.04690048053860665,-0.04675232507705688,0.00014815546154976766
robocasa/CloseDishwasher,13,2300363,0,oracle_real_utility,2,-0.04326479790732265,-0.04321011308193207,5.468482539058156e-05
robocasa/CloseDishwasher,13,2300363,0,oracle_real_utility,4,-0.04043495204852661,-0.04039879821538925,3.615383313736176e-05
robocasa/CloseDishwasher,13,2300363,0,oracle_real_utility,8,-0.03863256541454597,-0.038515127102136615,0.00011743831240935282
robocasa/CloseDishwasher,13,2310370,1,learned_wam,1,-0.05423200421035289,-0.05400659976065159,0.00022540444970129553
robocasa/CloseDishwasher,13,2310370,1,learned_wam,2,-0.04755970464088023,-0.04716317112922668,0.0003965335116535504
robocasa/CloseDishwasher,13,2310370,1,learned_wam,4,-0.04128230760819861,-0.040988695609569546,0.00029361199862906057
robocasa/CloseDishwasher,13,2310370,1,learned_wam,8,-0.03569803319744441,-0.03547335057914256,0.00022468261830185104
robocasa/CloseDishwasher,13,2310370,1,learned_physics_score,1,-0.05423200421035289,-0.05400659976065159,0.00022540444970129553
robocasa/CloseDishwasher,13,2310370,1,learned_physics_score,2,-0.04755970464088023,-0.04716317112922668,0.0003965335116535504
robocasa/CloseDishwasher,13,2310370,1,learned_physics_score,4,-0.04128230760819861,-0.040988695609569546,0.00029361199862906057
robocasa/CloseDishwasher,13,2310370,1,learned_physics_score,8,-0.03569803319744441,-0.03547335057914256,0.00022468261830185104
robocasa/CloseDishwasher,13,2310370,1,learned_energy_regularized,1,-0.05423200421035289,-0.05400659976065159,0.00022540444970129553
robocasa/CloseDishwasher,13,2310370,1,learned_energy_regularized,2,-0.04706199728883803,-0.046657368662357326,0.00040462862648070475
robocasa/CloseDishwasher,13,2310370,1,learned_energy_regularized,4,-0.039848251548974076,-0.039566077179908746,0.00028217436906533
robocasa/CloseDishwasher,13,2310370,1,learned_energy_regularized,8,-0.033455573862665094,-0.0333878917402029,6.768212246219263e-05
robocasa/CloseDishwasher,13,2310370,1,oracle_real_utility,1,-0.0542320042103529,-0.05400659976065159,0.0002254044497013094
robocasa/CloseDishwasher,13,2310370,1,oracle_real_utility,2,-0.04703739219345153,-0.046630598318576806,0.0004067938748747238
robocasa/CloseDishwasher,13,2310370,1,oracle_real_utility,4,-0.0398271065451263,-0.039547967829704274,0.0002791387154220254
robocasa/CloseDishwasher,13,2310370,1,oracle_real_utility,8,-0.03345310203349104,-0.033387104377150534,6.599765634050792e-05
robocasa/OpenFridge,14,2400366,0,learned_wam,1,-0.055102510348603514,-0.054008724384703805,0.00109378596389971
robocasa/OpenFridge,14,2400366,0,learned_wam,2,-0.04493574650981444,-0.04437878836753825,0.0005569581422761871
robocasa/OpenFridge,14,2400366,0,learned_wam,4,-0.038852916802821214,-0.038842289097637324,1.0627705183889613e-05
robocasa/OpenFridge,14,2400366,0,learned_wam,8,-0.03472935726182058,-0.03452161072997777,0.00020774653184281455
robocasa/OpenFridge,14,2400366,0,learned_physics_score,1,-0.055102510348603514,-0.054008724384703805,0.00109378596389971
robocasa/OpenFridge,14,2400366,0,learned_physics_score,2,-0.04493574650981444,-0.04437878836753825,0.0005569581422761871
robocasa/OpenFridge,14,2400366,0,learned_physics_score,4,-0.038852916802821214,-0.038842289097637324,1.0627705183889613e-05
robocasa/OpenFridge,14,2400366,0,learned_physics_score,8,-0.03472935726182058,-0.03452161072997777,0.00020774653184281455
robocasa/OpenFridge,14,2400366,0,learned_energy_regularized,1,-0.055102510348603514,-0.054008724384703805,0.00109378596389971
robocasa/OpenFridge,14,2400366,0,learned_energy_regularized,2,-0.04493574650981444,-0.04437878836753825,0.0005569581422761871
robocasa/OpenFridge,14,2400366,0,learned_energy_regularized,4,-0.038852916802821214,-0.038842289097637324,1.0627705183889613e-05
robocasa/OpenFridge,14,2400366,0,learned_energy_regularized,8,-0.03472935726182058,-0.03452161072997777,0.00020774653184281455
robocasa/OpenFridge,14,2400366,0,oracle_real_utility,1,-0.055102510348603514,-0.054008724384703805,0.00109378596389971
robocasa/OpenFridge,14,2400366,0,oracle_real_utility,2,-0.04443378836666955,-0.0438956515709051,0.000538136795764449
robocasa/OpenFridge,14,2400366,0,oracle_real_utility,4,-0.037597957688814077,-0.037634564378558055,3.660668974397874e-05
robocasa/OpenFridge,14,2400366,0,oracle_real_utility,8,-0.033480297293521914,-0.033237239377917754,0.00024305791560415985
robocasa/OpenFridge,14,2410373,1,learned_wam,1,-0.046237859348706285,-0.046724599613717374,0.00048674026501108886
robocasa/OpenFridge,14,2410373,1,learned_wam,2,-0.04089824000185935,-0.040494426070804904,0.00040381393105444474
robocasa/OpenFridge,14,2410373,1,learned_wam,4,-0.036183440501153866,-0.03659880790142787,0.00041536740027400126
robocasa/OpenFridge,14,2410373,1,learned_wam,8,-0.031651347522079806,-0.031602279822758754,4.9067699321052316e-05
robocasa/OpenFridge,14,2410373,1,learned_physics_score,1,-0.046237859348706285,-0.046724599613717374,0.00048674026501108886
robocasa/OpenFridge,14,2410373,1,learned_physics_score,2,-0.04089824000185935,-0.040494426070804904,0.00040381393105444474
robocasa/OpenFridge,14,2410373,1,learned_physics_score,4,-0.036183440501153866,-0.03659880790142787,0.00041536740027400126
robocasa/OpenFridge,14,2410373,1,learned_physics_score,8,-0.031651347522079806,-0.031602279822758754,4.9067699321052316e-05
robocasa/OpenFridge,14,2410373,1,learned_energy_regularized,1,-0.046237859348706285,-0.046724599613717374,0.00048674026501108886
robocasa/OpenFridge,14,2410373,1,learned_energy_regularized,2,-0.040543464296060615,-0.04021925594830819,0.0003242083477524235
robocasa/OpenFridge,14,2410373,1,learned_energy_regularized,4,-0.03606055332457521,-0.036490000666489664,0.00042944734191445455
robocasa/OpenFridge,14,2410373,1,learned_energy_regularized,8,-0.03182658648123862,-0.03175099994104814,7.558654019048511e-05
robocasa/OpenFridge,14,2410373,1,oracle_real_utility,1,-0.04623785934870629,-0.046724599613717374,0.0004867402650110819
robocasa/OpenFridge,14,2410373,1,oracle_real_utility,2,-0.03966969282175984,-0.03938426109070797,0.00028543173105186753
robocasa/OpenFridge,14,2410373,1,oracle_real_utility,4,-0.03433139669275406,-0.03480211629347864,0.00047071960072457564
robocasa/OpenFridge,14,2410373,1,oracle_real_utility,8,-0.03057168691779677,-0.030575079183230897,3.392265434127434e-06
robocasa/CloseFridge,15,2500369,0,learned_wam,1,-0.053130670990449394,-0.05291126373267298,0.00021940725777641612
robocasa/CloseFridge,15,2500369,0,learned_wam,2,-0.04997468651802311,-0.04980430028816442,0.00017038622985868918
robocasa/CloseFridge,15,2500369,0,learned_wam,4,-0.04899149974355914,-0.04877119602117024,0.00022030372238889678
robocasa/CloseFridge,15,2500369,0,learned_wam,8,-0.04952469146483532,-0.04950873451672976,1.5956948105556867e-05
robocasa/CloseFridge,15,2500369,0,learned_physics_score,1,-0.053130670990449394,-0.05291126373267298,0.00021940725777641612
robocasa/CloseFridge,15,2500369,0,learned_physics_score,2,-0.04997468651802311,-0.04980430028816442,0.00017038622985868918
robocasa/CloseFridge,15,2500369,0,learned_physics_score,4,-0.04899149974355914,-0.04877119602117024,0.00022030372238889678
robocasa/CloseFridge,15,2500369,0,learned_physics_score,8,-0.04952469146483532,-0.04950873451672976,1.5956948105556867e-05
robocasa/CloseFridge,15,2500369,0,learned_energy_regularized,1,-0.053130670990449394,-0.05291126373267298,0.00021940725777641612
robocasa/CloseFridge,15,2500369,0,learned_energy_regularized,2,-0.049028536310579254,-0.04926601801547256,0.0002374817048933081
robocasa/CloseFridge,15,2500369,0,learned_energy_regularized,4,-0.04753949196641778,-0.04754754659331046,8.054626892677053e-06
robocasa/CloseFridge,15,2500369,0,learned_energy_regularized,8,-0.047365442334847956,-0.04738958542743616,2.414309258820524e-05
robocasa/CloseFridge,15,2500369,0,oracle_real_utility,1,-0.053130670990449394,-0.05291126373267298,0.00021940725777641612
robocasa/CloseFridge,15,2500369,0,oracle_real_utility,2,-0.0473913121476809,-0.04754093830037984,0.00014962615269893675
robocasa/CloseFridge,15,2500369,0,oracle_real_utility,4,-0.04338654084420849,-0.04355566703179856,0.00016912618759007403
robocasa/CloseFridge,15,2500369,0,oracle_real_utility,8,-0.04148178171823625,-0.04155298770066428,7.120598242803255e-05
robocasa/CloseFridge,15,2510376,1,learned_wam,1,-0.04760961955647183,-0.04752007704355174,8.95425129200933e-05
robocasa/CloseFridge,15,2510376,1,learned_wam,2,-0.04262848504998239,-0.04242843613638604,0.0002000489135963457
robocasa/CloseFridge,15,2510376,1,learned_wam,4,-0.040293522714158134,-0.04020142175352552,9.210096063261286e-05
robocasa/CloseFridge,15,2510376,1,learned_wam,8,-0.04052094943845359,-0.04048474624685413,3.6203191599464e-05
robocasa/CloseFridge,15,2510376,1,learned_physics_score,1,-0.04760961955647183,-0.04752007704355174,8.95425129200933e-05
robocasa/CloseFridge,15,2510376,1,learned_physics_score,2,-0.04262848504998239,-0.04242843613638604,0.0002000489135963457
robocasa/CloseFridge,15,2510376,1,learned_physics_score,4,-0.040293522714158134,-0.04020142175352552,9.210096063261286e-05
robocasa/CloseFridge,15,2510376,1,learned_physics_score,8,-0.04052094943845359,-0.04048474624685413,3.6203191599464e-05
robocasa/CloseFridge,15,2510376,1,learned_energy_regularized,1,-0.04760961955647183,-0.04752007704355174,8.95425129200933e-05
robocasa/CloseFridge,15,2510376,1,learned_energy_regularized,2,-0.04309088591578728,-0.042840754465413466,0.0002501314503738153
robocasa/CloseFridge,15,2510376,1,learned_energy_regularized,4,-0.04053562775340937,-0.040452066738987,8.35610144223689e-05
robocasa/CloseFridge,15,2510376,1,learned_energy_regularized,8,-0.04088601833036631,-0.04082157870585945,6.443962450685542e-05
robocasa/CloseFridge,15,2510376,1,oracle_real_utility,1,-0.04760961955647183,-0.04752007704355174,8.95425129200933e-05
robocasa/CloseFridge,15,2510376,1,oracle_real_utility,2,-0.04197294778139748,-0.04171212924990041,0.0002608185314970646
robocasa/CloseFridge,15,2510376,1,oracle_real_utility,4,-0.037950957435074706,-0.03785087528518671,0.00010008214988799918
robocasa/CloseFridge,15,2510376,1,oracle_real_utility,8,-0.035337476936853456,-0.035356792893707946,1.931595685449039e-05
robocasa/OpenFridgeDrawer,16,2600372,0,learned_wam,1,-0.048735337963597095,-0.04803918442217962,0.0006961535414174713
robocasa/OpenFridgeDrawer,16,2600372,0,learned_wam,2,-0.041828277331268766,-0.04143801980785379,0.00039025752341497605
robocasa/OpenFridgeDrawer,16,2600372,0,learned_wam,4,-0.03463227690937932,-0.0342222932454183,0.00040998366396102076
robocasa/OpenFridgeDrawer,16,2600372,0,learned_wam,8,-0.028774213696316615,-0.02871240450651681,6.180918979980382e-05
robocasa/OpenFridgeDrawer,16,2600372,0,learned_physics_score,1,-0.048735337963597095,-0.04803918442217962,0.0006961535414174713
robocasa/OpenFridgeDrawer,16,2600372,0,learned_physics_score,2,-0.041828277331268766,-0.04143801980785379,0.00039025752341497605
robocasa/OpenFridgeDrawer,16,2600372,0,learned_physics_score,4,-0.03463227690937932,-0.0342222932454183,0.00040998366396102076
robocasa/OpenFridgeDrawer,16,2600372,0,learned_physics_score,8,-0.028774213696316615,-0.02871240450651681,6.180918979980382e-05
robocasa/OpenFridgeDrawer,16,2600372,0,learned_energy_regularized,1,-0.04873533796359711,-0.04803918442217962,0.0006961535414174852
robocasa/OpenFridgeDrawer,16,2600372,0,learned_energy_regularized,2,-0.042733217588673225,-0.042242377753139056,0.0004908398355341695
robocasa/OpenFridgeDrawer,16,2600372,0,learned_energy_regularized,4,-0.03520238212910539,-0.03465089190241635,0.0005514902266890373
robocasa/OpenFridgeDrawer,16,2600372,0,learned_energy_regularized,8,-0.02883745375730217,-0.028772708811038085,6.474494626408644e-05
robocasa/OpenFridgeDrawer,16,2600372,0,oracle_real_utility,1,-0.0487353379635971,-0.04803918442217962,0.0006961535414174783
robocasa/OpenFridgeDrawer,16,2600372,0,oracle_real_utility,2,-0.04069674316150985,-0.040215810977603,0.0004809321839068445
robocasa/OpenFridgeDrawer,16,2600372,0,oracle_real_utility,4,-0.03344010862163715,-0.03315063234386047,0.00028947627777668045
robocasa/OpenFridgeDrawer,16,2600372,0,oracle_real_utility,8,-0.028170581968468965,-0.028113468693135652,5.71132753333127e-05
robocasa/OpenFridgeDrawer,16,2610379,1,learned_wam,1,-0.055154045661071106,-0.05564102481395642,0.000486979152885314
robocasa/OpenFridgeDrawer,16,2610379,1,learned_wam,2,-0.05193922886219503,-0.05159195864775063,0.0003472702144443965
robocasa/OpenFridgeDrawer,16,2610379,1,learned_wam,4,-0.04705999754230169,-0.04672637919214354,0.00033361835015814634
robocasa/OpenFridgeDrawer,16,2610379,1,learned_wam,8,-0.04201380600506482,-0.041793853483243146,0.00021995252182167163
robocasa/OpenFridgeDrawer,16,2610379,1,learned_physics_score,1,-0.055154045661071106,-0.05564102481395642,0.000486979152885314
robocasa/OpenFridgeDrawer,16,2610379,1,learned_physics_score,2,-0.05193922886219503,-0.05159195864775063,0.0003472702144443965
robocasa/OpenFridgeDrawer,16,2610379,1,learned_physics_score,4,-0.04705999754230169,-0.04672637919214354,0.00033361835015814634
robocasa/OpenFridgeDrawer,16,2610379,1,learned_physics_score,8,-0.04201380600506482,-0.041793853483243146,0.00021995252182167163
robocasa/OpenFridgeDrawer,16,2610379,1,learned_energy_regularized,1,-0.055154045661071106,-0.05564102481395642,0.000486979152885314
robocasa/OpenFridgeDrawer,16,2610379,1,learned_energy_regularized,2,-0.051809113128745664,-0.05159611425538697,0.00021299887335869683
robocasa/OpenFridgeDrawer,16,2610379,1,learned_energy_regularized,4,-0.04785851177010983,-0.047704608069965564,0.00015390370014426585
robocasa/OpenFridgeDrawer,16,2610379,1,learned_energy_regularized,8,-0.043872327071297304,-0.043684384343864846,0.000187942727432458
robocasa/OpenFridgeDrawer,16,2610379,1,oracle_real_utility,1,-0.055154045661071106,-0.05564102481395642,0.000486979152885314
robocasa/OpenFridgeDrawer,16,2610379,1,oracle_real_utility,2,-0.050348255136827065,-0.05022513707030671,0.00012311806652035712
robocasa/OpenFridgeDrawer,16,2610379,1,oracle_real_utility,4,-0.04525467743571634,-0.04502505713531776,0.00022962030039858083
robocasa/OpenFridgeDrawer,16,2610379,1,oracle_real_utility,8,-0.041176396700727404,-0.04108358861127237,9.280808945503344e-05
robocasa/PickPlaceCounterToCabinet,17,2700375,0,learned_wam,1,-0.050273310391133544,-0.05042773734032701,0.00015442694919346606
robocasa/PickPlaceCounterToCabinet,17,2700375,0,learned_wam,2,-0.0439221961383868,-0.043605639940940605,0.0003165561974461939
robocasa/PickPlaceCounterToCabinet,17,2700375,0,learned_wam,4,-0.03734673292118218,-0.036460712607184136,0.0008860203139980441
robocasa/PickPlaceCounterToCabinet,17,2700375,0,learned_wam,8,-0.029591585174465584,-0.029796246769033224,0.00020466159456764
robocasa/PickPlaceCounterToCabinet,17,2700375,0,learned_physics_score,1,-0.050273310391133544,-0.05042773734032701,0.00015442694919346606
robocasa/PickPlaceCounterToCabinet,17,2700375,0,learned_physics_score,2,-0.0439221961383868,-0.043605639940940605,0.0003165561974461939
robocasa/PickPlaceCounterToCabinet,17,2700375,0,learned_physics_score,4,-0.03734673292118218,-0.036460712607184136,0.0008860203139980441
robocasa/PickPlaceCounterToCabinet,17,2700375,0,learned_physics_score,8,-0.029591585174465584,-0.029796246769033224,0.00020466159456764
robocasa/PickPlaceCounterToCabinet,17,2700375,0,learned_energy_regularized,1,-0.050273310391133544,-0.05042773734032701,0.00015442694919346606
robocasa/PickPlaceCounterToCabinet,17,2700375,0,learned_energy_regularized,2,-0.043667644158262436,-0.043442010419106426,0.0002256337391560101
robocasa/PickPlaceCounterToCabinet,17,2700375,0,learned_energy_regularized,4,-0.03741759678166282,-0.03672289481009619,0.0006947019715666317
robocasa/PickPlaceCounterToCabinet,17,2700375,0,learned_energy_regularized,8,-0.03036601233844583,-0.030563957672440162,0.00019794533399433017
robocasa/PickPlaceCounterToCabinet,17,2700375,0,oracle_real_utility,1,-0.050273310391133544,-0.05042773734032701,0.00015442694919346606
robocasa/PickPlaceCounterToCabinet,17,2700375,0,oracle_real_utility,2,-0.04174341356054215,-0.041466368791134994,0.00027704476940715317
robocasa/PickPlaceCounterToCabinet,17,2700375,0,oracle_real_utility,4,-0.03434322380060009,-0.03376317310127385,0.0005800506993262414
robocasa/PickPlaceCounterToCabinet,17,2700375,0,oracle_real_utility,8,-0.02779303886744482,-0.027911498050754404,0.0001184591833095841
robocasa/PickPlaceCounterToCabinet,17,2710382,1,learned_wam,1,-0.06157983737785397,-0.061887875527283864,0.0003080381494298956
robocasa/PickPlaceCounterToCabinet,17,2710382,1,learned_wam,2,-0.05476565605188199,-0.055998229893540495,0.0012325738416585075
robocasa/PickPlaceCounterToCabinet,17,2710382,1,learned_wam,4,-0.04781415399406172,-0.0476195090507026,0.00019464494335912075
robocasa/PickPlaceCounterToCabinet,17,2710382,1,learned_wam,8,-0.043324386847787895,-0.04340683445250042,8.244760471252249e-05
robocasa/PickPlaceCounterToCabinet,17,2710382,1,learned_physics_score,1,-0.06157983737785397,-0.061887875527283864,0.0003080381494298956
robocasa/PickPlaceCounterToCabinet,17,2710382,1,learned_physics_score,2,-0.05476565605188199,-0.055998229893540495,0.0012325738416585075
robocasa/PickPlaceCounterToCabinet,17,2710382,1,learned_physics_score,4,-0.04781415399406172,-0.0476195090507026,0.00019464494335912075
robocasa/PickPlaceCounterToCabinet,17,2710382,1,learned_physics_score,8,-0.043324386847787895,-0.04340683445250042,8.244760471252249e-05
robocasa/PickPlaceCounterToCabinet,17,2710382,1,learned_energy_regularized,1,-0.06157983737785396,-0.061887875527283864,0.00030803814942990254
robocasa/PickPlaceCounterToCabinet,17,2710382,1,learned_energy_regularized,2,-0.054781559810295026,-0.055966194653439175,0.0011846348431441486
robocasa/PickPlaceCounterToCabinet,17,2710382,1,learned_energy_regularized,4,-0.047824093843069876,-0.047696914102522685,0.0001271797405471911
robocasa/PickPlaceCounterToCabinet,17,2710382,1,learned_energy_regularized,8,-0.04332527745437627,-0.043407597832904245,8.232037852797663e-05
robocasa/PickPlaceCounterToCabinet,17,2710382,1,oracle_real_utility,1,-0.06157983737785396,-0.061887875527283864,0.00030803814942990254
robocasa/PickPlaceCounterToCabinet,17,2710382,1,oracle_real_utility,2,-0.05332736455231726,-0.05444853805937683,0.001121173507059564
robocasa/PickPlaceCounterToCabinet,17,2710382,1,oracle_real_utility,4,-0.04563619127169489,-0.045460392787318796,0.00017579848437609263
robocasa/PickPlaceCounterToCabinet,17,2710382,1,oracle_real_utility,8,-0.039910002937134176,-0.03992452892368717,1.452598655299342e-05
robocasa/PickPlaceCounterToDrawer,18,2800378,0,learned_wam,1,-0.05980399339992657,-0.059904146347202494,0.00010015294727592355
robocasa/PickPlaceCounterToDrawer,18,2800378,0,learned_wam,2,-0.05092473591728998,-0.05093999717259202,1.526125530203898e-05
robocasa/PickPlaceCounterToDrawer,18,2800378,0,learned_wam,4,-0.042979495120939445,-0.04266641087811418,0.00031308424282526504
robocasa/PickPlaceCounterToDrawer,18,2800378,0,learned_wam,8,-0.03843586554167227,-0.03841247318548275,2.3392356189519403e-05
robocasa/PickPlaceCounterToDrawer,18,2800378,0,learned_physics_score,1,-0.05980399339992657,-0.059904146347202494,0.00010015294727592355
robocasa/PickPlaceCounterToDrawer,18,2800378,0,learned_physics_score,2,-0.05092473591728998,-0.05093999717259202,1.526125530203898e-05
robocasa/PickPlaceCounterToDrawer,18,2800378,0,learned_physics_score,4,-0.042979495120939445,-0.04266641087811418,0.00031308424282526504
robocasa/PickPlaceCounterToDrawer,18,2800378,0,learned_physics_score,8,-0.03843586554167227,-0.03841247318548275,2.3392356189519403e-05
robocasa/PickPlaceCounterToDrawer,18,2800378,0,learned_energy_regularized,1,-0.05980399339992657,-0.059904146347202494,0.00010015294727592355
robocasa/PickPlaceCounterToDrawer,18,2800378,0,learned_energy_regularized,2,-0.05581703521285014,-0.05619102614301294,0.0003739909301627986
robocasa/PickPlaceCounterToDrawer,18,2800378,0,learned_energy_regularized,4,-0.04878648027619789,-0.04861015797888848,0.0001763222973094128
robocasa/PickPlaceCounterToDrawer,18,2800378,0,learned_energy_regularized,8,-0.04095911819092496,-0.04052397992927108,0.0004351382616538807
robocasa/PickPlaceCounterToDrawer,18,2800378,0,oracle_real_utility,1,-0.05980399339992657,-0.059904146347202494,0.00010015294727592355
robocasa/PickPlaceCounterToDrawer,18,2800378,0,oracle_real_utility,2,-0.05052288518519944,-0.05047706512922372,4.5820055975726026e-05
robocasa/PickPlaceCounterToDrawer,18,2800378,0,oracle_real_utility,4,-0.04293554269711705,-0.04264069243126039,0.00029485026585666235
robocasa/PickPlaceCounterToDrawer,18,2800378,0,oracle_real_utility,8,-0.038435670858433385,-0.03841247318548275,2.3197672950635295e-05
robocasa/PickPlaceCounterToDrawer,18,2810385,1,learned_wam,1,-0.04520161640349221,-0.04559647567006237,0.0003948592665701592
robocasa/PickPlaceCounterToDrawer,18,2810385,1,learned_wam,2,-0.0381775470409314,-0.03826500333404887,8.745629311746744e-05
robocasa/PickPlaceCounterToDrawer,18,2810385,1,learned_wam,4,-0.03262987141615119,-0.03240522432199366,0.00022464709415753042
robocasa/PickPlaceCounterToDrawer,18,2810385,1,learned_wam,8,-0.029604419836782647,-0.029473219033985087,0.00013120080279755905
robocasa/PickPlaceCounterToDrawer,18,2810385,1,learned_physics_score,1,-0.04520161640349221,-0.04559647567006237,0.0003948592665701592
robocasa/PickPlaceCounterToDrawer,18,2810385,1,learned_physics_score,2,-0.0381775470409314,-0.03826500333404887,8.745629311746744e-05
robocasa/PickPlaceCounterToDrawer,18,2810385,1,learned_physics_score,4,-0.03262987141615119,-0.03240522432199366,0.00022464709415753042
robocasa/PickPlaceCounterToDrawer,18,2810385,1,learned_physics_score,8,-0.029604419836782647,-0.029473219033985087,0.00013120080279755905
robocasa/PickPlaceCounterToDrawer,18,2810385,1,learned_energy_regularized,1,-0.04520161640349221,-0.04559647567006237,0.0003948592665701592
robocasa/PickPlaceCounterToDrawer,18,2810385,1,learned_energy_regularized,2,-0.038499047629288345,-0.03866623606831833,0.00016718843902998465
robocasa/PickPlaceCounterToDrawer,18,2810385,1,learned_energy_regularized,4,-0.033719959348548934,-0.033639786581284296,8.017276726463712e-05
robocasa/PickPlaceCounterToDrawer,18,2810385,1,learned_energy_regularized,8,-0.031319084326834196,-0.03128391034761137,3.517397922282728e-05
robocasa/PickPlaceCounterToDrawer,18,2810385,1,oracle_real_utility,1,-0.04520161640349221,-0.04559647567006237,0.0003948592665701592
robocasa/PickPlaceCounterToDrawer,18,2810385,1,oracle_real_utility,2,-0.036978132302772374,-0.03703163004906352,5.349774629114651e-05
robocasa/PickPlaceCounterToDrawer,18,2810385,1,oracle_real_utility,4,-0.03165179027169899,-0.03152149099890155,0.0001302992727974378
robocasa/PickPlaceCounterToDrawer,18,2810385,1,oracle_real_utility,8,-0.02878290756188026,-0.028640542610641938,0.0001423649512383232
robocasa/PickPlaceCounterToMicrowave,19,2900381,0,learned_wam,1,-0.0584746232006228,-0.05763310092838586,0.0008415222722369387
robocasa/PickPlaceCounterToMicrowave,19,2900381,0,learned_wam,2,-0.05397760162400563,-0.054345618680973394,0.0003680170569677621
robocasa/PickPlaceCounterToMicrowave,19,2900381,0,learned_wam,4,-0.04790138433784634,-0.047601155370173315,0.00030022896767302465
robocasa/PickPlaceCounterToMicrowave,19,2900381,0,learned_wam,8,-0.041769034474721106,-0.04194593856585396,0.00017690409113285677
robocasa/PickPlaceCounterToMicrowave,19,2900381,0,learned_physics_score,1,-0.0584746232006228,-0.05763310092838586,0.0008415222722369387
robocasa/PickPlaceCounterToMicrowave,19,2900381,0,learned_physics_score,2,-0.05397760162400563,-0.054345618680973394,0.0003680170569677621
robocasa/PickPlaceCounterToMicrowave,19,2900381,0,learned_physics_score,4,-0.04790138433784634,-0.047601155370173315,0.00030022896767302465
robocasa/PickPlaceCounterToMicrowave,19,2900381,0,learned_physics_score,8,-0.041769034474721106,-0.04194593856585396,0.00017690409113285677
robocasa/PickPlaceCounterToMicrowave,19,2900381,0,learned_energy_regularized,1,-0.0584746232006228,-0.05763310092838586,0.0008415222722369387
robocasa/PickPlaceCounterToMicrowave,19,2900381,0,learned_energy_regularized,2,-0.05403611651442364,-0.05440553792876142,0.0003694214143377811
robocasa/PickPlaceCounterToMicrowave,19,2900381,0,learned_energy_regularized,4,-0.047924241716915866,-0.04762737004108058,0.0002968716758352877
robocasa/PickPlaceCounterToMicrowave,19,2900381,0,learned_energy_regularized,8,-0.04176970970491335,-0.04194781104234734,0.00017810133743399043
robocasa/PickPlaceCounterToMicrowave,19,2900381,0,oracle_real_utility,1,-0.05847462320062281,-0.05763310092838586,0.0008415222722369525
robocasa/PickPlaceCounterToMicrowave,19,2900381,0,oracle_real_utility,2,-0.05251588768852555,-0.05295015999440984,0.00043427230588428956
robocasa/PickPlaceCounterToMicrowave,19,2900381,0,oracle_real_utility,4,-0.046071994470662514,-0.04582206190368066,0.0002499325669818517
robocasa/PickPlaceCounterToMicrowave,19,2900381,0,oracle_real_utility,8,-0.04097366218800799,-0.04111662195144641,0.0001429597634384147
robocasa/PickPlaceCounterToMicrowave,19,2910388,1,learned_wam,1,-0.047050305855816335,-0.0474299242601247,0.0003796184043083628
robocasa/PickPlaceCounterToMicrowave,19,2910388,1,learned_wam,2,-0.04013608339499637,-0.04025753264453979,0.00012144924954341635
robocasa/PickPlaceCounterToMicrowave,19,2910388,1,learned_wam,4,-0.03348591227398219,-0.033434439526043164,5.147274793902701e-05
robocasa/PickPlaceCounterToMicrowave,19,2910388,1,learned_wam,8,-0.02615596177836288,-0.026381648631430252,0.00022568685306737293
robocasa/PickPlaceCounterToMicrowave,19,2910388,1,learned_physics_score,1,-0.047050305855816335,-0.0474299242601247,0.0003796184043083628
robocasa/PickPlaceCounterToMicrowave,19,2910388,1,learned_physics_score,2,-0.04013608339499637,-0.04025753264453979,0.00012144924954341635
robocasa/PickPlaceCounterToMicrowave,19,2910388,1,learned_physics_score,4,-0.03348591227398219,-0.033434439526043164,5.147274793902701e-05
robocasa/PickPlaceCounterToMicrowave,19,2910388,1,learned_physics_score,8,-0.02615596177836288,-0.026381648631430252,0.00022568685306737293
robocasa/PickPlaceCounterToMicrowave,19,2910388,1,learned_energy_regularized,1,-0.047050305855816335,-0.0474299242601247,0.0003796184043083628
robocasa/PickPlaceCounterToMicrowave,19,2910388,1,learned_energy_regularized,2,-0.039622230763423825,-0.03973205665113313,0.0001098258877093028
robocasa/PickPlaceCounterToMicrowave,19,2910388,1,learned_energy_regularized,4,-0.03285099715591669,-0.03278117837223904,6.981878367764982e-05
robocasa/PickPlaceCounterToMicrowave,19,2910388,1,learned_energy_regularized,8,-0.025693939759769833,-0.025984654746790497,0.00029071498702066406
robocasa/PickPlaceCounterToMicrowave,19,2910388,1,oracle_real_utility,1,-0.047050305855816335,-0.0474299242601247,0.0003796184043083628
robocasa/PickPlaceCounterToMicrowave,19,2910388,1,oracle_real_utility,2,-0.03878019811009269,-0.038859008809596016,7.881069950332886e-05
robocasa/PickPlaceCounterToMicrowave,19,2910388,1,oracle_real_utility,4,-0.03217000243333339,-0.0321545844311385,1.5418002194893254e-05
robocasa/PickPlaceCounterToMicrowave,19,2910388,1,oracle_real_utility,8,-0.02554749067182674,-0.025843322199687564,0.00029583152786082437
robocasa/PickPlaceCounterToSink,20,3000384,0,learned_wam,1,-0.05708844768274446,-0.057550410020021446,0.0004619623372769874
robocasa/PickPlaceCounterToSink,20,3000384,0,learned_wam,2,-0.053434846045159835,-0.05331571980211357,0.00011912624304626779
robocasa/PickPlaceCounterToSink,20,3000384,0,learned_wam,4,-0.04829340146478962,-0.04903002853774488,0.0007366270729552565
robocasa/PickPlaceCounterToSink,20,3000384,0,learned_wam,8,-0.046012839488219694,-0.04557943998959244,0.0004333994986272516
robocasa/PickPlaceCounterToSink,20,3000384,0,learned_physics_score,1,-0.05708844768274446,-0.057550410020021446,0.0004619623372769874
robocasa/PickPlaceCounterToSink,20,3000384,0,learned_physics_score,2,-0.053434846045159835,-0.05331571980211357,0.00011912624304626779
robocasa/PickPlaceCounterToSink,20,3000384,0,learned_physics_score,4,-0.04829340146478962,-0.04903002853774488,0.0007366270729552565
robocasa/PickPlaceCounterToSink,20,3000384,0,learned_physics_score,8,-0.046012839488219694,-0.04557943998959244,0.0004333994986272516
robocasa/PickPlaceCounterToSink,20,3000384,0,learned_energy_regularized,1,-0.05708844768274446,-0.057550410020021446,0.0004619623372769874
robocasa/PickPlaceCounterToSink,20,3000384,0,learned_energy_regularized,2,-0.05287009323820931,-0.05273741292779623,0.00013268031041308026
robocasa/PickPlaceCounterToSink,20,3000384,0,learned_energy_regularized,4,-0.046378536478723004,-0.046933666118344534,0.0005551296396215308
robocasa/PickPlaceCounterToSink,20,3000384,0,learned_energy_regularized,8,-0.04300083385338118,-0.04248911262995918,0.0005117212234220028
robocasa/PickPlaceCounterToSink,20,3000384,0,oracle_real_utility,1,-0.05708844768274445,-0.057550410020021446,0.0004619623372769943
robocasa/PickPlaceCounterToSink,20,3000384,0,oracle_real_utility,2,-0.048847901725383086,-0.04849592641480504,0.0003519753105780468
robocasa/PickPlaceCounterToSink,20,3000384,0,oracle_real_utility,4,-0.041901233564025316,-0.04228656235298837,0.0003853287889630519
robocasa/PickPlaceCounterToSink,20,3000384,0,oracle_real_utility,8,-0.03654874387236263,-0.03604963692950933,0.0004991069428533015
robocasa/PickPlaceCounterToSink,20,3010391,1,learned_wam,1,-0.06755204786429139,-0.06742249727806432,0.00012955058622707294
robocasa/PickPlaceCounterToSink,20,3010391,1,learned_wam,2,-0.06489712730261478,-0.06482393084783328,7.319645478150172e-05
robocasa/PickPlaceCounterToSink,20,3010391,1,learned_wam,4,-0.0630984243512512,-0.06323548159463536,0.0001370572433841699
robocasa/PickPlaceCounterToSink,20,3010391,1,learned_wam,8,-0.062482399649635936,-0.06250568972367267,2.3290074036730335e-05
robocasa/PickPlaceCounterToSink,20,3010391,1,learned_physics_score,1,-0.06755204786429139,-0.06742249727806432,0.00012955058622707294
robocasa/PickPlaceCounterToSink,20,3010391,1,learned_physics_score,2,-0.06489712730261478,-0.06482393084783328,7.319645478150172e-05
robocasa/PickPlaceCounterToSink,20,3010391,1,learned_physics_score,4,-0.0630984243512512,-0.06323548159463536,0.0001370572433841699
robocasa/PickPlaceCounterToSink,20,3010391,1,learned_physics_score,8,-0.062482399649635936,-0.06250568972367267,2.3290074036730335e-05
robocasa/PickPlaceCounterToSink,20,3010391,1,learned_energy_regularized,1,-0.06755204786429139,-0.06742249727806432,0.00012955058622707294
robocasa/PickPlaceCounterToSink,20,3010391,1,learned_energy_regularized,2,-0.06533663620432342,-0.06535505042432074,1.841421999732029e-05
robocasa/PickPlaceCounterToSink,20,3010391,1,learned_energy_regularized,4,-0.06418893909575037,-0.0643716034962894,0.00018266440053903155
robocasa/PickPlaceCounterToSink,20,3010391,1,learned_energy_regularized,8,-0.06347190664848876,-0.06353897195039733,6.706530190857263e-05
robocasa/PickPlaceCounterToSink,20,3010391,1,oracle_real_utility,1,-0.0675520478642914,-0.06742249727806432,0.00012955058622708682
robocasa/PickPlaceCounterToSink,20,3010391,1,oracle_real_utility,2,-0.06421565968267266,-0.06425291812497129,3.7258442298626626e-05
robocasa/PickPlaceCounterToSink,20,3010391,1,oracle_real_utility,4,-0.061852091498313916,-0.061952180413218934,0.00010008891490501798
robocasa/PickPlaceCounterToSink,20,3010391,1,oracle_real_utility,8,-0.060738753153333554,-0.06078181745878295,4.306430544939732e-05
robocasa/PickPlaceCounterToStove,21,3100387,0,learned_wam,1,-0.051265379479868055,-0.051386040526993276,0.00012066104712522147
robocasa/PickPlaceCounterToStove,21,3100387,0,learned_wam,2,-0.043980545199929715,-0.04401232436870772,3.177916877800807e-05
robocasa/PickPlaceCounterToStove,21,3100387,0,learned_wam,4,-0.03736817722272266,-0.037252935904584825,0.00011524131813783756
robocasa/PickPlaceCounterToStove,21,3100387,0,learned_wam,8,-0.03144039051057634,-0.03158985028029185,0.00014945976971551117
robocasa/PickPlaceCounterToStove,21,3100387,0,learned_physics_score,1,-0.051265379479868055,-0.051386040526993276,0.00012066104712522147
robocasa/PickPlaceCounterToStove,21,3100387,0,learned_physics_score,2,-0.043980545199929715,-0.04401232436870772,3.177916877800807e-05
robocasa/PickPlaceCounterToStove,21,3100387,0,learned_physics_score,4,-0.03736817722272266,-0.037252935904584825,0.00011524131813783756
robocasa/PickPlaceCounterToStove,21,3100387,0,learned_physics_score,8,-0.03144039051057634,-0.03158985028029185,0.00014945976971551117
robocasa/PickPlaceCounterToStove,21,3100387,0,learned_energy_regularized,1,-0.051265379479868055,-0.051386040526993276,0.00012066104712522147
robocasa/PickPlaceCounterToStove,21,3100387,0,learned_energy_regularized,2,-0.043980545199929715,-0.04401232436870772,3.177916877800807e-05
robocasa/PickPlaceCounterToStove,21,3100387,0,learned_energy_regularized,4,-0.03736817722272266,-0.037252935904584825,0.00011524131813783756
robocasa/PickPlaceCounterToStove,21,3100387,0,learned_energy_regularized,8,-0.03144039051057634,-0.03158985028029185,0.00014945976971551117
robocasa/PickPlaceCounterToStove,21,3100387,0,oracle_real_utility,1,-0.051265379479868055,-0.051386040526993276,0.00012066104712522147
robocasa/PickPlaceCounterToStove,21,3100387,0,oracle_real_utility,2,-0.0428440850997566,-0.042675950919992246,0.00016813417976435652
robocasa/PickPlaceCounterToStove,21,3100387,0,oracle_real_utility,4,-0.036418238583207294,-0.03619840667971876,0.0002198319034885307
robocasa/PickPlaceCounterToStove,21,3100387,0,oracle_real_utility,8,-0.03114192744529399,-0.03130564532856274,0.00016371788326875053
robocasa/PickPlaceCounterToStove,21,3110394,1,learned_wam,1,-0.07007426962207815,-0.07052574394386414,0.000451474321785994
robocasa/PickPlaceCounterToStove,21,3110394,1,learned_wam,2,-0.06373767962005127,-0.06373198684551513,5.692774536131262e-06
robocasa/PickPlaceCounterToStove,21,3110394,1,learned_wam,4,-0.05974794988139652,-0.059133872425338095,0.0006140774560584247
robocasa/PickPlaceCounterToStove,21,3110394,1,learned_wam,8,-0.056524852515172794,-0.05649295480997519,3.189770519760465e-05
robocasa/PickPlaceCounterToStove,21,3110394,1,learned_physics_score,1,-0.07007426962207815,-0.07052574394386414,0.000451474321785994
robocasa/PickPlaceCounterToStove,21,3110394,1,learned_physics_score,2,-0.06373767962005127,-0.06373198684551513,5.692774536131262e-06
robocasa/PickPlaceCounterToStove,21,3110394,1,learned_physics_score,4,-0.05974794988139652,-0.059133872425338095,0.0006140774560584247
robocasa/PickPlaceCounterToStove,21,3110394,1,learned_physics_score,8,-0.056524852515172794,-0.05649295480997519,3.189770519760465e-05
robocasa/PickPlaceCounterToStove,21,3110394,1,learned_energy_regularized,1,-0.07007426962207813,-0.07052574394386414,0.0004514743217860079
robocasa/PickPlaceCounterToStove,21,3110394,1,learned_energy_regularized,2,-0.0640058484026165,-0.06400637079097746,5.223883609573043e-07
robocasa/PickPlaceCounterToStove,21,3110394,1,learned_energy_regularized,4,-0.06038496082218346,-0.059721075345424444,0.0006638854767590172
robocasa/PickPlaceCounterToStove,21,3110394,1,learned_energy_regularized,8,-0.057129693014190436,-0.05718743117116041,5.7738156969973364e-05
robocasa/PickPlaceCounterToStove,21,3110394,1,oracle_real_utility,1,-0.07007426962207813,-0.07052574394386414,0.0004514743217860079
robocasa/PickPlaceCounterToStove,21,3110394,1,oracle_real_utility,2,-0.062215422355659945,-0.06209938164880545,0.00011604070685449636
robocasa/PickPlaceCounterToStove,21,3110394,1,oracle_real_utility,4,-0.05803911184549693,-0.05769213526780605,0.0003469765776908801
robocasa/PickPlaceCounterToStove,21,3110394,1,oracle_real_utility,8,-0.05586363213494227,-0.055906234432516015,4.260229757374612e-05
robocasa/PickPlaceCounterToOven,22,3200390,0,learned_wam,1,-0.04732668539700106,-0.04700446154804069,0.0003222238489603707
robocasa/PickPlaceCounterToOven,22,3200390,0,learned_wam,2,-0.0424229049681467,-0.04239521236150078,2.769260664591683e-05
robocasa/PickPlaceCounterToOven,22,3200390,0,learned_wam,4,-0.037603973884943645,-0.03768186779320107,7.789390825742315e-05
robocasa/PickPlaceCounterToOven,22,3200390,0,learned_wam,8,-0.034543623323007845,-0.03443739260791184,0.00010623071509600207
robocasa/PickPlaceCounterToOven,22,3200390,0,learned_physics_score,1,-0.04732668539700106,-0.04700446154804069,0.0003222238489603707
robocasa/PickPlaceCounterToOven,22,3200390,0,learned_physics_score,2,-0.0424229049681467,-0.04239521236150078,2.769260664591683e-05
robocasa/PickPlaceCounterToOven,22,3200390,0,learned_physics_score,4,-0.037603973884943645,-0.03768186779320107,7.789390825742315e-05
robocasa/PickPlaceCounterToOven,22,3200390,0,learned_physics_score,8,-0.034543623323007845,-0.03443739260791184,0.00010623071509600207
robocasa/PickPlaceCounterToOven,22,3200390,0,learned_energy_regularized,1,-0.04732668539700106,-0.04700446154804069,0.0003222238489603707
robocasa/PickPlaceCounterToOven,22,3200390,0,learned_energy_regularized,2,-0.042903458860922235,-0.04290508649984456,1.6276389223218724e-06
robocasa/PickPlaceCounterToOven,22,3200390,0,learned_energy_regularized,4,-0.038535147960148404,-0.03849695608184372,3.8191878304685845e-05
robocasa/PickPlaceCounterToOven,22,3200390,0,learned_energy_regularized,8,-0.035192331446917,-0.03514490571106812,4.74257358488786e-05
robocasa/PickPlaceCounterToOven,22,3200390,0,oracle_real_utility,1,-0.04732668539700106,-0.04700446154804069,0.0003222238489603707
robocasa/PickPlaceCounterToOven,22,3200390,0,oracle_real_utility,2,-0.041430600820038674,-0.0414148625957006,1.5738224338077145e-05
robocasa/PickPlaceCounterToOven,22,3200390,0,oracle_real_utility,4,-0.03698846612575805,-0.037003296112631937,1.482998687388909e-05
robocasa/PickPlaceCounterToOven,22,3200390,0,oracle_real_utility,8,-0.033882623754419736,-0.03377650163967273,0.00010612211474700373
robocasa/PickPlaceCounterToOven,22,3210397,1,learned_wam,1,-0.052962939369281745,-0.053675672145281336,0.0007127327759995916
robocasa/PickPlaceCounterToOven,22,3210397,1,learned_wam,2,-0.04684922059858921,-0.04591517597377768,0.0009340446248115308
robocasa/PickPlaceCounterToOven,22,3210397,1,learned_wam,4,-0.04495174586478379,-0.04483896711928802,0.00011277874549577016
robocasa/PickPlaceCounterToOven,22,3210397,1,learned_wam,8,-0.043153230418922134,-0.043187625202675856,3.4394783753721736e-05
robocasa/PickPlaceCounterToOven,22,3210397,1,learned_physics_score,1,-0.052962939369281745,-0.053675672145281336,0.0007127327759995916
robocasa/PickPlaceCounterToOven,22,3210397,1,learned_physics_score,2,-0.04684922059858921,-0.04591517597377768,0.0009340446248115308
robocasa/PickPlaceCounterToOven,22,3210397,1,learned_physics_score,4,-0.04495174586478379,-0.04483896711928802,0.00011277874549577016
robocasa/PickPlaceCounterToOven,22,3210397,1,learned_physics_score,8,-0.043153230418922134,-0.043187625202675856,3.4394783753721736e-05
robocasa/PickPlaceCounterToOven,22,3210397,1,learned_energy_regularized,1,-0.052962939369281745,-0.053675672145281336,0.0007127327759995916
robocasa/PickPlaceCounterToOven,22,3210397,1,learned_energy_regularized,2,-0.04836483276720094,-0.047466617410206066,0.000898215356994872
robocasa/PickPlaceCounterToOven,22,3210397,1,learned_energy_regularized,4,-0.046110538508828264,-0.045865085802400146,0.00024545270642811756
robocasa/PickPlaceCounterToOven,22,3210397,1,learned_energy_regularized,8,-0.04327823194875998,-0.04338107813602814,0.00010284618726815603
robocasa/PickPlaceCounterToOven,22,3210397,1,oracle_real_utility,1,-0.052962939369281745,-0.053675672145281336,0.0007127327759995916
robocasa/PickPlaceCounterToOven,22,3210397,1,oracle_real_utility,2,-0.04326449366944797,-0.04265402897418329,0.0006104646952646772
robocasa/PickPlaceCounterToOven,22,3210397,1,oracle_real_utility,4,-0.03633819134555289,-0.03621411245155149,0.00012407889400140037
robocasa/PickPlaceCounterToOven,22,3210397,1,oracle_real_utility,8,-0.032156052666895044,-0.03238505775376217,0.00022900508686712895
robocasa/PickPlaceCounterToBlender,23,3300393,0,learned_wam,1,-0.05522019337384459,-0.05544486637726375,0.0002246730034191624
robocasa/PickPlaceCounterToBlender,23,3300393,0,learned_wam,2,-0.04946181664904167,-0.04953073136335367,6.891471431199475e-05
robocasa/PickPlaceCounterToBlender,23,3300393,0,learned_wam,4,-0.04380522745329455,-0.044034049051366,0.00022882159807145058
robocasa/PickPlaceCounterToBlender,23,3300393,0,learned_wam,8,-0.04025705788075182,-0.04014665831097365,0.00011039956977816623
robocasa/PickPlaceCounterToBlender,23,3300393,0,learned_physics_score,1,-0.05522019337384459,-0.05544486637726375,0.0002246730034191624
robocasa/PickPlaceCounterToBlender,23,3300393,0,learned_physics_score,2,-0.04946181664904167,-0.04953073136335367,6.891471431199475e-05
robocasa/PickPlaceCounterToBlender,23,3300393,0,learned_physics_score,4,-0.04380522745329455,-0.044034049051366,0.00022882159807145058
robocasa/PickPlaceCounterToBlender,23,3300393,0,learned_physics_score,8,-0.04025705788075182,-0.04014665831097365,0.00011039956977816623
robocasa/PickPlaceCounterToBlender,23,3300393,0,learned_energy_regularized,1,-0.05522019337384459,-0.05544486637726375,0.0002246730034191624
robocasa/PickPlaceCounterToBlender,23,3300393,0,learned_energy_regularized,2,-0.049226158060235205,-0.04930676054382671,8.060248359150618e-05
robocasa/PickPlaceCounterToBlender,23,3300393,0,learned_energy_regularized,4,-0.04341495028504683,-0.043578894129784725,0.00016394384473789742
robocasa/PickPlaceCounterToBlender,23,3300393,0,learned_energy_regularized,8,-0.03977055571138762,-0.0396892108988589,8.134481252872194e-05
robocasa/PickPlaceCounterToBlender,23,3300393,0,oracle_real_utility,1,-0.05522019337384459,-0.05544486637726375,0.0002246730034191624
robocasa/PickPlaceCounterToBlender,23,3300393,0,oracle_real_utility,2,-0.04878555534872385,-0.04885840378018744,7.284843146358744e-05
robocasa/PickPlaceCounterToBlender,23,3300393,0,oracle_real_utility,4,-0.043236244867659514,-0.04337775995382752,0.00014151508616800507
robocasa/PickPlaceCounterToBlender,23,3300393,0,oracle_real_utility,8,-0.03975629027836506,-0.03966491147272884,9.137880563622053e-05
robocasa/PickPlaceCounterToBlender,23,3310400,1,learned_wam,1,-0.05824741080113542,-0.05871967614552806,0.0004722653443926389
robocasa/PickPlaceCounterToBlender,23,3310400,1,learned_wam,2,-0.05296142326646745,-0.0517044608544543,0.0012569624120131531
robocasa/PickPlaceCounterToBlender,23,3310400,1,learned_wam,4,-0.04764757803752877,-0.047311134192537165,0.00033644384499160324
robocasa/PickPlaceCounterToBlender,23,3310400,1,learned_wam,8,-0.04534610688870088,-0.0455968748022043,0.0002507679135034177
robocasa/PickPlaceCounterToBlender,23,3310400,1,learned_physics_score,1,-0.05824741080113542,-0.05871967614552806,0.0004722653443926389
robocasa/PickPlaceCounterToBlender,23,3310400,1,learned_physics_score,2,-0.05296142326646745,-0.0517044608544543,0.0012569624120131531
robocasa/PickPlaceCounterToBlender,23,3310400,1,learned_physics_score,4,-0.04764757803752877,-0.047311134192537165,0.00033644384499160324
robocasa/PickPlaceCounterToBlender,23,3310400,1,learned_physics_score,8,-0.04534610688870088,-0.0455968748022043,0.0002507679135034177
robocasa/PickPlaceCounterToBlender,23,3310400,1,learned_energy_regularized,1,-0.058247410801135414,-0.05871967614552806,0.00047226534439264584
robocasa/PickPlaceCounterToBlender,23,3310400,1,learned_energy_regularized,2,-0.05302151775508179,-0.05178735565737214,0.0012341620977096499
robocasa/PickPlaceCounterToBlender,23,3310400,1,learned_energy_regularized,4,-0.04783771635805503,-0.047497154350483205,0.0003405620075718277
robocasa/PickPlaceCounterToBlender,23,3310400,1,learned_energy_regularized,8,-0.04611406993639218,-0.04639326825935814,0.00027919832296596087
robocasa/PickPlaceCounterToBlender,23,3310400,1,oracle_real_utility,1,-0.05824741080113542,-0.05871967614552806,0.0004722653443926389
robocasa/PickPlaceCounterToBlender,23,3310400,1,oracle_real_utility,2,-0.05130885150918922,-0.05009102421537004,0.001217827293819182
robocasa/PickPlaceCounterToBlender,23,3310400,1,oracle_real_utility,4,-0.04402931357572009,-0.043483098149759654,0.0005462154259604363
robocasa/PickPlaceCounterToBlender,23,3310400,1,oracle_real_utility,8,-0.038538659915546336,-0.03860523144409012,6.65715285437865e-05
robocasa/PickPlaceCounterToStandMixer,24,3400396,0,learned_wam,1,-0.04141672761409136,-0.040763656493950876,0.000653071120140486
robocasa/PickPlaceCounterToStandMixer,24,3400396,0,learned_wam,2,-0.03651332577293835,-0.03589000674436325,0.0006233190285751047
robocasa/PickPlaceCounterToStandMixer,24,3400396,0,learned_wam,4,-0.030612409393926024,-0.0307937441014234,0.00018133470749737493
robocasa/PickPlaceCounterToStandMixer,24,3400396,0,learned_wam,8,-0.02455282800703657,-0.024557005165596467,4.177158559895422e-06
robocasa/PickPlaceCounterToStandMixer,24,3400396,0,learned_physics_score,1,-0.04141672761409136,-0.040763656493950876,0.000653071120140486
robocasa/PickPlaceCounterToStandMixer,24,3400396,0,learned_physics_score,2,-0.03651332577293835,-0.03589000674436325,0.0006233190285751047
robocasa/PickPlaceCounterToStandMixer,24,3400396,0,learned_physics_score,4,-0.030612409393926024,-0.0307937441014234,0.00018133470749737493
robocasa/PickPlaceCounterToStandMixer,24,3400396,0,learned_physics_score,8,-0.02455282800703657,-0.024557005165596467,4.177158559895422e-06
robocasa/PickPlaceCounterToStandMixer,24,3400396,0,learned_energy_regularized,1,-0.04141672761409136,-0.040763656493950876,0.000653071120140486
robocasa/PickPlaceCounterToStandMixer,24,3400396,0,learned_energy_regularized,2,-0.037024162233558144,-0.036331369446338746,0.0006927927872193984
robocasa/PickPlaceCounterToStandMixer,24,3400396,0,learned_energy_regularized,4,-0.03081195488635563,-0.030957211768821737,0.000145256882466107
robocasa/PickPlaceCounterToStandMixer,24,3400396,0,learned_energy_regularized,8,-0.02455872278354633,-0.024557005165596467,1.7176179498631927e-06
robocasa/PickPlaceCounterToStandMixer,24,3400396,0,oracle_real_utility,1,-0.04141672761409136,-0.040763656493950876,0.000653071120140486
robocasa/PickPlaceCounterToStandMixer,24,3400396,0,oracle_real_utility,2,-0.03441573322909798,-0.03388951375641459,0.0005262194726833938
robocasa/PickPlaceCounterToStandMixer,24,3400396,0,oracle_real_utility,4,-0.028758196682219097,-0.02885381196340494,9.561528118584225e-05
robocasa/PickPlaceCounterToStandMixer,24,3400396,0,oracle_real_utility,8,-0.02405940263610918,-0.024101287983494573,4.188534738539321e-05
robocasa/PickPlaceCounterToStandMixer,24,3410403,1,learned_wam,1,-0.05927847795110339,-0.059372207776182906,9.372982507951932e-05
robocasa/PickPlaceCounterToStandMixer,24,3410403,1,learned_wam,2,-0.05056839845277303,-0.0498143250834364,0.0007540733693366247
robocasa/PickPlaceCounterToStandMixer,24,3410403,1,learned_wam,4,-0.044283990870568946,-0.04382391370438001,0.00046007716618893385
robocasa/PickPlaceCounterToStandMixer,24,3410403,1,learned_wam,8,-0.03847110746780462,-0.0384518521766404,1.9255291164220478e-05
robocasa/PickPlaceCounterToStandMixer,24,3410403,1,learned_physics_score,1,-0.05927847795110339,-0.059372207776182906,9.372982507951932e-05
robocasa/PickPlaceCounterToStandMixer,24,3410403,1,learned_physics_score,2,-0.05056839845277303,-0.0498143250834364,0.0007540733693366247
robocasa/PickPlaceCounterToStandMixer,24,3410403,1,learned_physics_score,4,-0.044283990870568946,-0.04382391370438001,0.00046007716618893385
robocasa/PickPlaceCounterToStandMixer,24,3410403,1,learned_physics_score,8,-0.03847110746780462,-0.0384518521766404,1.9255291164220478e-05
robocasa/PickPlaceCounterToStandMixer,24,3410403,1,learned_energy_regularized,1,-0.05927847795110339,-0.059372207776182906,9.372982507951932e-05
robocasa/PickPlaceCounterToStandMixer,24,3410403,1,learned_energy_regularized,2,-0.051680380550105334,-0.050699171229399535,0.000981209320705799
robocasa/PickPlaceCounterToStandMixer,24,3410403,1,learned_energy_regularized,4,-0.046054953382424935,-0.045722554674911764,0.0003323987075131707
robocasa/PickPlaceCounterToStandMixer,24,3410403,1,learned_energy_regularized,8,-0.04170750442368351,-0.04169514262263242,1.2361801051088972e-05
robocasa/PickPlaceCounterToStandMixer,24,3410403,1,oracle_real_utility,1,-0.05927847795110339,-0.059372207776182906,9.372982507951932e-05
robocasa/PickPlaceCounterToStandMixer,24,3410403,1,oracle_real_utility,2,-0.04900569387063637,-0.048320119383853985,0.0006855744867823865
robocasa/PickPlaceCounterToStandMixer,24,3410403,1,oracle_real_utility,4,-0.041512348919603176,-0.04112699555675718,0.0003853533628459943
robocasa/PickPlaceCounterToStandMixer,24,3410403,1,oracle_real_utility,8,-0.03670115295393887,-0.03674612457019578,4.4971616256904434e-05
robocasa/PickPlaceCounterToToasterOven,25,3500399,0,learned_wam,1,-0.06660197166203723,-0.06664081160597032,3.88399439330972e-05
robocasa/PickPlaceCounterToToasterOven,25,3500399,0,learned_wam,2,-0.06242736164975859,-0.06281963496150075,0.00039227331174216534
robocasa/PickPlaceCounterToToasterOven,25,3500399,0,learned_wam,4,-0.059502462345274745,-0.05912246755022146,0.00037999479505328865
robocasa/PickPlaceCounterToToasterOven,25,3500399,0,learned_wam,8,-0.05455551506015474,-0.05459953348807487,4.401842792012972e-05
robocasa/PickPlaceCounterToToasterOven,25,3500399,0,learned_physics_score,1,-0.06660197166203723,-0.06664081160597032,3.88399439330972e-05
robocasa/PickPlaceCounterToToasterOven,25,3500399,0,learned_physics_score,2,-0.06242736164975859,-0.06281963496150075,0.00039227331174216534
robocasa/PickPlaceCounterToToasterOven,25,3500399,0,learned_physics_score,4,-0.059502462345274745,-0.05912246755022146,0.00037999479505328865
robocasa/PickPlaceCounterToToasterOven,25,3500399,0,learned_physics_score,8,-0.05455551506015474,-0.05459953348807487,4.401842792012972e-05
robocasa/PickPlaceCounterToToasterOven,25,3500399,0,learned_energy_regularized,1,-0.06660197166203723,-0.06664081160597032,3.88399439330972e-05
robocasa/PickPlaceCounterToToasterOven,25,3500399,0,learned_energy_regularized,2,-0.0594506032204643,-0.059706581066770396,0.0002559778463060991
robocasa/PickPlaceCounterToToasterOven,25,3500399,0,learned_energy_regularized,4,-0.05588103004749916,-0.05548492246407636,0.00039610758342280283
robocasa/PickPlaceCounterToToasterOven,25,3500399,0,learned_energy_regularized,8,-0.05326392756645564,-0.05327299847478172,9.070908326080929e-06
robocasa/PickPlaceCounterToToasterOven,25,3500399,0,oracle_real_utility,1,-0.06660197166203721,-0.06664081160597032,3.8839943933111076e-05
robocasa/PickPlaceCounterToToasterOven,25,3500399,0,oracle_real_utility,2,-0.0580924963179645,-0.05833264423127217,0.00024014791330766866
robocasa/PickPlaceCounterToToasterOven,25,3500399,0,oracle_real_utility,4,-0.052398544487172946,-0.05224217222092257,0.00015637226625037776
robocasa/PickPlaceCounterToToasterOven,25,3500399,0,oracle_real_utility,8,-0.04921473797018197,-0.04912352676719945,9.121120298252045e-05
robocasa/PickPlaceCounterToToasterOven,25,3510406,1,learned_wam,1,-0.04695160889448761,-0.046250218682369,0.0007013902121186105
robocasa/PickPlaceCounterToToasterOven,25,3510406,1,learned_wam,2,-0.03900542802199567,-0.03876734717477595,0.00023808084721971962
robocasa/PickPlaceCounterToToasterOven,25,3510406,1,learned_wam,4,-0.03349060699598621,-0.03370757707749992,0.00021697008151370933
robocasa/PickPlaceCounterToToasterOven,25,3510406,1,learned_wam,8,-0.030627744441951175,-0.030825110803118044,0.00019736636116686815
robocasa/PickPlaceCounterToToasterOven,25,3510406,1,learned_physics_score,1,-0.04695160889448761,-0.046250218682369,0.0007013902121186105
robocasa/PickPlaceCounterToToasterOven,25,3510406,1,learned_physics_score,2,-0.03900542802199567,-0.03876734717477595,0.00023808084721971962
robocasa/PickPlaceCounterToToasterOven,25,3510406,1,learned_physics_score,4,-0.03349060699598621,-0.03370757707749992,0.00021697008151370933
robocasa/PickPlaceCounterToToasterOven,25,3510406,1,learned_physics_score,8,-0.030627744441951175,-0.030825110803118044,0.00019736636116686815
robocasa/PickPlaceCounterToToasterOven,25,3510406,1,learned_energy_regularized,1,-0.04695160889448761,-0.046250218682369,0.0007013902121186105
robocasa/PickPlaceCounterToToasterOven,25,3510406,1,learned_energy_regularized,2,-0.039712041559198295,-0.039332638004538054,0.0003794035546602417
robocasa/PickPlaceCounterToToasterOven,25,3510406,1,learned_energy_regularized,4,-0.034561568138308935,-0.03477032383745267,0.00020875569914373393
robocasa/PickPlaceCounterToToasterOven,25,3510406,1,learned_energy_regularized,8,-0.030986401811258002,-0.031119062034594337,0.00013266022333633526
robocasa/PickPlaceCounterToToasterOven,25,3510406,1,oracle_real_utility,1,-0.04695160889448761,-0.046250218682369,0.0007013902121186105
robocasa/PickPlaceCounterToToasterOven,25,3510406,1,oracle_real_utility,2,-0.03808689695529086,-0.03781896837194796,0.00026792858334290237
robocasa/PickPlaceCounterToToasterOven,25,3510406,1,oracle_real_utility,4,-0.03181793861072288,-0.032051956272853635,0.00023401766213075603
robocasa/PickPlaceCounterToToasterOven,25,3510406,1,oracle_real_utility,8,-0.028579341757202475,-0.028637743074099893,5.840131689741762e-05
robocasa/PickPlaceDrawerToCounter,26,3600402,0,learned_wam,1,-0.04267694160816976,-0.04264213749456462,3.4804113605138576e-05
robocasa/PickPlaceDrawerToCounter,26,3600402,0,learned_wam,2,-0.034605194736486364,-0.034002817373062204,0.00060237736342416
robocasa/PickPlaceDrawerToCounter,26,3600402,0,learned_wam,4,-0.03062617565119486,-0.030687301117700124,6.112546650526365e-05
robocasa/PickPlaceDrawerToCounter,26,3600402,0,learned_wam,8,-0.029299721304081563,-0.029053787387411323,0.00024593391667024
robocasa/PickPlaceDrawerToCounter,26,3600402,0,learned_physics_score,1,-0.04267694160816976,-0.04264213749456462,3.4804113605138576e-05
robocasa/PickPlaceDrawerToCounter,26,3600402,0,learned_physics_score,2,-0.034605194736486364,-0.034002817373062204,0.00060237736342416
robocasa/PickPlaceDrawerToCounter,26,3600402,0,learned_physics_score,4,-0.03062617565119486,-0.030687301117700124,6.112546650526365e-05
robocasa/PickPlaceDrawerToCounter,26,3600402,0,learned_physics_score,8,-0.029299721304081563,-0.029053787387411323,0.00024593391667024
robocasa/PickPlaceDrawerToCounter,26,3600402,0,learned_energy_regularized,1,-0.04267694160816976,-0.04264213749456462,3.4804113605138576e-05
robocasa/PickPlaceDrawerToCounter,26,3600402,0,learned_energy_regularized,2,-0.03519736638492196,-0.03451445367731057,0.0006829127076113939
robocasa/PickPlaceDrawerToCounter,26,3600402,0,learned_energy_regularized,4,-0.030857492701365022,-0.030952594016199278,9.51013148342561e-05
robocasa/PickPlaceDrawerToCounter,26,3600402,0,learned_energy_regularized,8,-0.029306554644674968,-0.02907273688016126,0.00023381776451370656
robocasa/PickPlaceDrawerToCounter,26,3600402,0,oracle_real_utility,1,-0.04267694160816975,-0.04264213749456462,3.48041136051247e-05
robocasa/PickPlaceDrawerToCounter,26,3600402,0,oracle_real_utility,2,-0.03389906216991975,-0.033277095162315674,0.0006219670076040781
robocasa/PickPlaceDrawerToCounter,26,3600402,0,oracle_real_utility,4,-0.028426965267679204,-0.02838489514626496,4.207012141424493e-05
robocasa/PickPlaceDrawerToCounter,26,3600402,0,oracle_real_utility,8,-0.02472652012721697,-0.02458059673513819,0.00014592339207878183
robocasa/PickPlaceDrawerToCounter,26,3610409,1,learned_wam,1,-0.05084592081087564,-0.05072998408047812,0.00011593673039751728
robocasa/PickPlaceDrawerToCounter,26,3610409,1,learned_wam,2,-0.04498446251091959,-0.044932111320769866,5.235119014972145e-05
robocasa/PickPlaceDrawerToCounter,26,3610409,1,learned_wam,4,-0.040237642728302755,-0.040342691260045374,0.00010504853174261863
robocasa/PickPlaceDrawerToCounter,26,3610409,1,learned_wam,8,-0.03611596905828079,-0.03630271503756376,0.00018674597928296927
robocasa/PickPlaceDrawerToCounter,26,3610409,1,learned_physics_score,1,-0.05084592081087564,-0.05072998408047812,0.00011593673039751728
robocasa/PickPlaceDrawerToCounter,26,3610409,1,learned_physics_score,2,-0.04498446251091959,-0.044932111320769866,5.235119014972145e-05
robocasa/PickPlaceDrawerToCounter,26,3610409,1,learned_physics_score,4,-0.040237642728302755,-0.040342691260045374,0.00010504853174261863
robocasa/PickPlaceDrawerToCounter,26,3610409,1,learned_physics_score,8,-0.03611596905828079,-0.03630271503756376,0.00018674597928296927
robocasa/PickPlaceDrawerToCounter,26,3610409,1,learned_energy_regularized,1,-0.05084592081087564,-0.05072998408047812,0.00011593673039751728
robocasa/PickPlaceDrawerToCounter,26,3610409,1,learned_energy_regularized,2,-0.04830934008422564,-0.04824496574794081,6.43743362848323e-05
robocasa/PickPlaceDrawerToCounter,26,3610409,1,learned_energy_regularized,4,-0.047977391751510806,-0.04878148137477747,0.0008040896232666614
robocasa/PickPlaceDrawerToCounter,26,3610409,1,learned_energy_regularized,8,-0.04948792141400622,-0.04982831762245626,0.00034039620845003477
robocasa/PickPlaceDrawerToCounter,26,3610409,1,oracle_real_utility,1,-0.05084592081087564,-0.05072998408047812,0.00011593673039751728
robocasa/PickPlaceDrawerToCounter,26,3610409,1,oracle_real_utility,2,-0.04418965233735363,-0.04413250781853626,5.71445188173661e-05
robocasa/PickPlaceDrawerToCounter,26,3610409,1,oracle_real_utility,4,-0.03833003493146454,-0.03840166863290802,7.163370144347425e-05
robocasa/PickPlaceDrawerToCounter,26,3610409,1,oracle_real_utility,8,-0.03437307809409166,-0.03459895969466393,0.0002258816005722697
robocasa/PickPlaceMicrowaveToCounter,27,3700405,0,learned_wam,1,-0.05771883966148032,-0.05860211179074201,0.0008832721292616891
robocasa/PickPlaceMicrowaveToCounter,27,3700405,0,learned_wam,2,-0.04867512489871184,-0.04869026403367359,1.5139134961747458e-05
robocasa/PickPlaceMicrowaveToCounter,27,3700405,0,learned_wam,4,-0.038724855764326195,-0.03854431758587519,0.0001805381784510049
robocasa/PickPlaceMicrowaveToCounter,27,3700405,0,learned_wam,8,-0.03146376774442259,-0.03176746276975577,0.00030369502533317966
robocasa/PickPlaceMicrowaveToCounter,27,3700405,0,learned_physics_score,1,-0.05771883966148032,-0.05860211179074201,0.0008832721292616891
robocasa/PickPlaceMicrowaveToCounter,27,3700405,0,learned_physics_score,2,-0.04867512489871184,-0.04869026403367359,1.5139134961747458e-05
robocasa/PickPlaceMicrowaveToCounter,27,3700405,0,learned_physics_score,4,-0.038724855764326195,-0.03854431758587519,0.0001805381784510049
robocasa/PickPlaceMicrowaveToCounter,27,3700405,0,learned_physics_score,8,-0.03146376774442259,-0.03176746276975577,0.00030369502533317966
robocasa/PickPlaceMicrowaveToCounter,27,3700405,0,learned_energy_regularized,1,-0.05771883966148032,-0.05860211179074201,0.0008832721292616891
robocasa/PickPlaceMicrowaveToCounter,27,3700405,0,learned_energy_regularized,2,-0.04848447926708188,-0.04850114356709668,1.6664300014797295e-05
robocasa/PickPlaceMicrowaveToCounter,27,3700405,0,learned_energy_regularized,4,-0.03807844791958088,-0.03786104364211343,0.00021740427746744923
robocasa/PickPlaceMicrowaveToCounter,27,3700405,0,learned_energy_regularized,8,-0.0304469941938361,-0.03075475317453745,0.00030775898070134824
robocasa/PickPlaceMicrowaveToCounter,27,3700405,0,oracle_real_utility,1,-0.05771883966148032,-0.05860211179074201,0.0008832721292616891
robocasa/PickPlaceMicrowaveToCounter,27,3700405,0,oracle_real_utility,2,-0.0477405698447013,-0.04769593162364366,4.4638221057637095e-05
robocasa/PickPlaceMicrowaveToCounter,27,3700405,0,oracle_real_utility,4,-0.03769631129138764,-0.037522162984428745,0.00017414830695889477
robocasa/PickPlaceMicrowaveToCounter,27,3700405,0,oracle_real_utility,8,-0.03037390948888506,-0.030640486394098623,0.00026657690521356484
robocasa/PickPlaceMicrowaveToCounter,27,3710412,1,learned_wam,1,-0.06205650473330738,-0.06138936093068302,0.0006671438026243579
robocasa/PickPlaceMicrowaveToCounter,27,3710412,1,learned_wam,2,-0.0548376729385187,-0.0545005166822141,0.0003371562563046007
robocasa/PickPlaceMicrowaveToCounter,27,3710412,1,learned_wam,4,-0.05241730410815036,-0.052167735662055334,0.0002495684460950276
robocasa/PickPlaceMicrowaveToCounter,27,3710412,1,learned_wam,8,-0.050829342494825694,-0.05113951201527834,0.0003101695204526453
robocasa/PickPlaceMicrowaveToCounter,27,3710412,1,learned_physics_score,1,-0.06205650473330738,-0.06138936093068302,0.0006671438026243579
robocasa/PickPlaceMicrowaveToCounter,27,3710412,1,learned_physics_score,2,-0.0548376729385187,-0.0545005166822141,0.0003371562563046007
robocasa/PickPlaceMicrowaveToCounter,27,3710412,1,learned_physics_score,4,-0.05241730410815036,-0.052167735662055334,0.0002495684460950276
robocasa/PickPlaceMicrowaveToCounter,27,3710412,1,learned_physics_score,8,-0.050829342494825694,-0.05113951201527834,0.0003101695204526453
robocasa/PickPlaceMicrowaveToCounter,27,3710412,1,learned_energy_regularized,1,-0.06205650473330738,-0.06138936093068302,0.0006671438026243579
robocasa/PickPlaceMicrowaveToCounter,27,3710412,1,learned_energy_regularized,2,-0.05343352541494772,-0.05331340783534584,0.00012011757960187636
robocasa/PickPlaceMicrowaveToCounter,27,3710412,1,learned_energy_regularized,4,-0.04840363629682083,-0.048499128873932776,9.549257711194414e-05
robocasa/PickPlaceMicrowaveToCounter,27,3710412,1,learned_energy_regularized,8,-0.04587301379741236,-0.0459008610301515,2.7847232739137973e-05
robocasa/PickPlaceMicrowaveToCounter,27,3710412,1,oracle_real_utility,1,-0.06205650473330738,-0.06138936093068302,0.0006671438026243579
robocasa/PickPlaceMicrowaveToCounter,27,3710412,1,oracle_real_utility,2,-0.05227526891808247,-0.05237932208368397,0.00010405316560149758
robocasa/PickPlaceMicrowaveToCounter,27,3710412,1,oracle_real_utility,4,-0.046925593459262165,-0.046986400280494015,6.080682123184994e-05
robocasa/PickPlaceMicrowaveToCounter,27,3710412,1,oracle_real_utility,8,-0.045281805118968795,-0.045284822122252634,3.01700328383947e-06
