env,backend,scorer,seed,mismatch,N,success,real_utility,imagined_utility,gap_imagined_minus_real,normalized_real_utility
block_push,analytic_nominal,anti_real_utility,1001,mild,1,0.171875,-0.6573257209078422,-4.945812278011799,-4.2884865571039565,0.5952335846646473
block_push,analytic_nominal,anti_real_utility,1001,mild,8,7.615557287010688e-07,-4.3164121898282755,-15.90387878538393,-11.587466595555654,0.27375160524282643
block_push,analytic_nominal,anti_real_utility,1001,mild,64,1.131393072298392e-49,-6.742574657240153,-24.886563531338922,-18.143988874098767,0.060592523311477825
block_push,oracle_true,anti_real_utility,1001,mild,1,0.171875,-0.6573257209078422,-0.6573257209078422,0.0,0.5952335846646473
block_push,oracle_true,anti_real_utility,1001,mild,8,7.615557287010688e-07,-4.3164121898282755,-4.3164121898282755,0.0,0.27375160524282643
block_push,oracle_true,anti_real_utility,1001,mild,64,1.131393072298392e-49,-6.742574657240153,-6.742574657240153,0.0,0.060592523311477825
block_push,horizon_wam,anti_real_utility,1001,mild,1,0.171875,-0.6573257209078422,-0.7598771659645,-0.1025514450566577,0.5952335846646473
block_push,horizon_wam,anti_real_utility,1001,mild,8,7.615557287010688e-07,-4.3164121898282755,-4.864688354173474,-0.5482761643451983,0.27375160524282643
block_push,horizon_wam,anti_real_utility,1001,mild,64,1.131393072298392e-49,-6.742574657240153,-7.411992088857364,-0.6694174316172106,0.060592523311477825
block_push,mlp_dynamics_wam,anti_real_utility,1001,mild,1,0.171875,-0.6573257209078422,-0.7341041127797383,-0.07677839187189606,0.5952335846646473
block_push,mlp_dynamics_wam,anti_real_utility,1001,mild,8,7.615557287010688e-07,-4.3164121898282755,-3.7016663130552003,0.6147458767730751,0.27375160524282643
block_push,mlp_dynamics_wam,anti_real_utility,1001,mild,64,1.131393072298392e-49,-6.742574657240153,-5.023316656735213,1.71925800050494,0.060592523311477825
block_push,ensemble_wam,anti_real_utility,1001,mild,1,0.171875,-0.6573257209078422,-0.7659053642855018,-0.10857964337765957,0.5952335846646473
block_push,ensemble_wam,anti_real_utility,1001,mild,8,7.615557287010688e-07,-4.3164121898282755,-4.798568977504531,-0.4821567876762556,0.27375160524282643
block_push,ensemble_wam,anti_real_utility,1001,mild,64,1.131393072298392e-49,-6.742574657240153,-7.457719214057316,-0.7151445568171626,0.060592523311477825
block_push,randomized_dynamics_wam,predicted_utility,1001,mild,1,0.171875,-0.6573257209078426,-4.945812278011795,-4.288486557103952,0.5952335846646473
block_push,randomized_dynamics_wam,predicted_utility,1001,mild,8,0.08809160924784365,-1.0735172153865904,2.1048064474854593,3.1783236628720495,0.5586676093590599
block_push,randomized_dynamics_wam,predicted_utility,1001,mild,64,1.4429908295607579e-05,-0.41732354862444154,3.959066207280567,4.3763897559050084,0.6163198241035226
block_push,analytic_nominal,anti_real_utility,1001,severe,1,0.0,-0.27566378318674245,-4.945812278011796,-4.670148494825053,0.7511467776696964
block_push,analytic_nominal,anti_real_utility,1001,severe,8,0.0,-1.8184104804917167,-0.8115165567918761,1.0068939236998407,0.35917551090486943
block_push,analytic_nominal,anti_real_utility,1001,severe,64,0.0,-2.885753651292217,-3.365040743959332,-0.4792870926671151,0.087991747904562
block_push,oracle_true,anti_real_utility,1001,severe,1,0.0,-0.27566378318674245,-0.27566378318674245,0.0,0.7511467776696964
block_push,oracle_true,anti_real_utility,1001,severe,8,0.0,-1.8184104804917167,-1.8184104804917167,0.0,0.35917551090486943
block_push,oracle_true,anti_real_utility,1001,severe,64,0.0,-2.885753651292217,-2.885753651292217,0.0,0.087991747904562
block_push,horizon_wam,anti_real_utility,1001,severe,1,0.0,-0.27566378318674245,-0.7598771659644992,-0.4842133827777567,0.7511467776696964
block_push,horizon_wam,anti_real_utility,1001,severe,8,0.0,-1.8184104804917167,-0.13724909819929992,1.6811613822924167,0.35917551090486943
block_push,horizon_wam,anti_real_utility,1001,severe,64,0.0,-2.885753651292217,-3.5960959869317053,-0.7103423356394885,0.087991747904562
block_push,mlp_dynamics_wam,anti_real_utility,1001,severe,1,0.0,-0.27566378318674245,-0.7341041127797377,-0.4584403295929953,0.7511467776696964
block_push,mlp_dynamics_wam,anti_real_utility,1001,severe,8,0.0,-1.8184104804917167,-0.3690719999725822,1.4493384805191345,0.35917551090486943
block_push,mlp_dynamics_wam,anti_real_utility,1001,severe,64,0.0,-2.885753651292217,-2.6202388303289506,0.2655148209632663,0.087991747904562
block_push,ensemble_wam,anti_real_utility,1001,severe,1,0.0,-0.27566378318674245,-0.7659053642855024,-0.4902415810987599,0.7511467776696964
block_push,ensemble_wam,anti_real_utility,1001,severe,8,0.0,-1.8184104804917167,-0.03807209082779889,1.7803383896639178,0.35917551090486943
block_push,ensemble_wam,anti_real_utility,1001,severe,64,0.0,-2.885753651292217,-2.525452568684275,0.360301082607942,0.087991747904562
block_push,randomized_dynamics_wam,predicted_utility,1001,severe,1,0.0,-0.27566378318674245,-4.945812278011795,-4.670148494825052,0.7511467776696967
block_push,randomized_dynamics_wam,predicted_utility,1001,severe,8,0.0,-0.708319760675653,2.1048064474854593,2.8131262081611124,0.6412202992231975
block_push,randomized_dynamics_wam,predicted_utility,1001,severe,64,0.0,-1.1971658228827848,3.959066207280567,5.156232030163352,0.517017401501195
block_push,analytic_nominal,anti_real_utility,1002,mild,1,0.046875,-2.068398979051529,-6.894631144963494,-4.826232165911965,0.49208620673115633
block_push,analytic_nominal,anti_real_utility,1002,mild,8,2.3309354446610087e-11,-5.401768982145749,-19.276583756074874,-13.874814773929124,0.1692577768355117
block_push,analytic_nominal,anti_real_utility,1002,mild,64,8.714489823634197e-86,-6.972549361620972,-25.71518900681314,-18.74263964519217,0.017131681278714922
block_push,oracle_true,anti_real_utility,1002,mild,1,0.046875,-2.068398979051529,-2.068398979051529,0.0,0.49208620673115633
block_push,oracle_true,anti_real_utility,1002,mild,8,2.3309354446610087e-11,-5.401768982145749,-5.401768982145749,0.0,0.1692577768355117
block_push,oracle_true,anti_real_utility,1002,mild,64,8.714489823634197e-86,-6.972549361620972,-6.972549361620972,0.0,0.017131681278714922
block_push,horizon_wam,anti_real_utility,1002,mild,1,0.046875,-2.068398979051529,0.5874470916760826,2.6558460707276117,0.49208620673115633
block_push,horizon_wam,anti_real_utility,1002,mild,8,2.3309354446610087e-11,-5.401768982145749,-3.5100852372237665,1.8916837449219828,0.1692577768355117
block_push,horizon_wam,anti_real_utility,1002,mild,64,8.714489823634197e-86,-6.972549361620972,-5.224695026487854,1.747854335133118,0.017131681278714922
block_push,mlp_dynamics_wam,anti_real_utility,1002,mild,1,0.046875,-2.068398979051529,-2.43705319038099,-0.3686542113294613,0.49208620673115633
block_push,mlp_dynamics_wam,anti_real_utility,1002,mild,8,2.3309354446610087e-11,-5.401768982145749,-5.965042163053519,-0.5632731809077693,0.1692577768355117
block_push,mlp_dynamics_wam,anti_real_utility,1002,mild,64,8.714489823634197e-86,-6.972549361620972,-6.871089424022094,0.10145993759887784,0.017131681278714922
block_push,ensemble_wam,anti_real_utility,1002,mild,1,0.046875,-2.068398979051529,0.723206691309279,2.791605670360808,0.49208620673115633
block_push,ensemble_wam,anti_real_utility,1002,mild,8,2.3309354446610087e-11,-5.401768982145749,-3.333179427407607,2.0685895547381423,0.1692577768355117
block_push,ensemble_wam,anti_real_utility,1002,mild,64,8.714489823634197e-86,-6.972549361620972,-4.979851854393599,1.9926975072273736,0.017131681278714922
block_push,randomized_dynamics_wam,predicted_utility,1002,mild,1,0.046875,-2.068398979051529,-6.894631144963493,-4.826232165911964,0.4920862067311564
block_push,randomized_dynamics_wam,predicted_utility,1002,mild,8,0.06513663266877856,-1.6820103087070575,0.6564154146079304,2.338425723314988,0.5295069694010621
block_push,randomized_dynamics_wam,predicted_utility,1002,mild,64,0.001232787026882698,-2.56961904709585,3.1884877151746354,5.758106762270486,0.44354431445735026
block_push,analytic_nominal,anti_real_utility,1002,severe,1,0.609375,1.576842469818855,-6.894631144963494,-8.471473614782349,0.6438462618066184
block_push,analytic_nominal,anti_real_utility,1002,severe,8,0.019014156508777802,-1.1719136492086453,-1.160611334157057,0.011302315051588296,0.09872546565020199
block_push,analytic_nominal,anti_real_utility,1002,severe,64,1.7085060252439742e-14,-1.623503321079307,-1.1426412144996196,0.4808621065796874,0.009168258387578659
block_push,oracle_true,anti_real_utility,1002,severe,1,0.609375,1.576842469818855,1.576842469818855,0.0,0.6438462618066184
block_push,oracle_true,anti_real_utility,1002,severe,8,0.019014156508777802,-1.1719136492086453,-1.1719136492086453,0.0,0.09872546565020199
block_push,oracle_true,anti_real_utility,1002,severe,64,1.7085060252439742e-14,-1.623503321079307,-1.623503321079307,0.0,0.009168258387578659
block_push,horizon_wam,anti_real_utility,1002,severe,1,0.609375,1.576842469818855,0.5874470916760821,-0.9893953781427729,0.6438462618066184
block_push,horizon_wam,anti_real_utility,1002,severe,8,0.019014156508777802,-1.1719136492086453,3.005629173207479,4.177542822416124,0.09872546565020199
block_push,horizon_wam,anti_real_utility,1002,severe,64,1.7085060252439742e-14,-1.623503321079307,5.641205028492986,7.2647083495722935,0.009168258387578659
block_push,mlp_dynamics_wam,anti_real_utility,1002,severe,1,0.609375,1.576842469818855,-2.4370531903809898,-4.013895660199845,0.6438462618066184
block_push,mlp_dynamics_wam,anti_real_utility,1002,severe,8,0.019014156508777802,-1.1719136492086453,-0.37216812480237843,0.7997455244062668,0.09872546565020199
block_push,mlp_dynamics_wam,anti_real_utility,1002,severe,64,1.7085060252439742e-14,-1.623503321079307,-0.6448662108188667,0.9786371102604403,0.009168258387578659
block_push,ensemble_wam,anti_real_utility,1002,severe,1,0.609375,1.576842469818855,0.7232066913092788,-0.8536357785095762,0.6438462618066184
block_push,ensemble_wam,anti_real_utility,1002,severe,8,0.019014156508777802,-1.1719136492086453,2.809548893043956,3.9814625422526015,0.09872546565020199
block_push,ensemble_wam,anti_real_utility,1002,severe,64,1.7085060252439742e-14,-1.623503321079307,5.066141392690602,6.689644713769908,0.009168258387578659
block_push,randomized_dynamics_wam,predicted_utility,1002,severe,1,0.609375,1.5768424698188557,-6.894631144963493,-8.471473614782349,0.6438462618066181
block_push,randomized_dynamics_wam,predicted_utility,1002,severe,8,0.6246586162646999,1.739894917945942,0.6564154146079304,-1.0834795033380116,0.6761820808059904
block_push,randomized_dynamics_wam,predicted_utility,1002,severe,64,0.964480487216213,3.070860361947251,3.1884877151746354,0.11762735322738438,0.9401330866694586
block_push,analytic_nominal,anti_real_utility,1003,mild,1,0.09375,-1.335532580243767,-4.997202886639839,-3.6616703063960716,0.5411028560743928
block_push,analytic_nominal,anti_real_utility,1003,mild,8,5.967194738332182e-09,-5.092453876428521,-15.073624391113299,-9.981170514684777,0.2144798484824418
block_push,analytic_nominal,anti_real_utility,1003,mild,64,1.607539635095263e-66,-7.429555968995752,-22.498222076452798,-15.068666107457046,0.01129451284633131
block_push,oracle_true,anti_real_utility,1003,mild,1,0.09375,-1.335532580243767,-1.335532580243767,0.0,0.5411028560743928
block_push,oracle_true,anti_real_utility,1003,mild,8,5.967194738332182e-09,-5.092453876428521,-5.092453876428521,0.0,0.2144798484824418
block_push,oracle_true,anti_real_utility,1003,mild,64,1.607539635095263e-66,-7.429555968995752,-7.429555968995752,0.0,0.01129451284633131
block_push,horizon_wam,anti_real_utility,1003,mild,1,0.09375,-1.335532580243767,-5.494932961527411,-4.159400381283644,0.5411028560743928
block_push,horizon_wam,anti_real_utility,1003,mild,8,5.967194738332182e-09,-5.092453876428521,-8.583523337880518,-3.491069461451997,0.2144798484824418
block_push,horizon_wam,anti_real_utility,1003,mild,64,1.607539635095263e-66,-7.429555968995752,-11.305555548558313,-3.8759995795625617,0.01129451284633131
block_push,mlp_dynamics_wam,anti_real_utility,1003,mild,1,0.09375,-1.335532580243767,-4.690851696688752,-3.3553191164449854,0.5411028560743928
block_push,mlp_dynamics_wam,anti_real_utility,1003,mild,8,5.967194738332182e-09,-5.092453876428521,-7.811650312691356,-2.719196436262835,0.2144798484824418
block_push,mlp_dynamics_wam,anti_real_utility,1003,mild,64,1.607539635095263e-66,-7.429555968995752,-9.621216159524991,-2.191660190529239,0.01129451284633131
block_push,ensemble_wam,anti_real_utility,1003,mild,1,0.09375,-1.335532580243767,-5.603805590625986,-4.268273010382218,0.5411028560743928
block_push,ensemble_wam,anti_real_utility,1003,mild,8,5.967194738332182e-09,-5.092453876428521,-8.737017993005669,-3.644564116577148,0.2144798484824418
block_push,ensemble_wam,anti_real_utility,1003,mild,64,1.607539635095263e-66,-7.429555968995752,-11.50814382560539,-4.078587856609639,0.01129451284633131
block_push,randomized_dynamics_wam,predicted_utility,1003,mild,1,0.09375,-1.3355325802437665,-4.9972028866398395,-3.661670306396073,0.5411028560743926
block_push,randomized_dynamics_wam,predicted_utility,1003,mild,8,0.04543000223384297,-2.5027954973200277,0.7909298775079249,3.2937253748279525,0.43962217693076083
block_push,randomized_dynamics_wam,predicted_utility,1003,mild,64,3.515466660258634e-07,-1.975007771432539,3.4351181602597336,5.4101259316922725,0.48550751782798734
block_push,analytic_nominal,anti_real_utility,1003,severe,1,0.0,-0.38747484682981626,-4.99720288663984,-4.609728039810024,0.7253246492517841
block_push,analytic_nominal,anti_real_utility,1003,severe,8,0.0,-2.0226045152618255,-1.3876786474416654,0.6349258678201601,0.2697119004535507
block_push,analytic_nominal,anti_real_utility,1003,severe,64,0.0,-2.840455405845169,-3.4264189271537537,-0.5859635213085848,0.04182581927010341
block_push,oracle_true,anti_real_utility,1003,severe,1,0.0,-0.38747484682981626,-0.38747484682981626,0.0,0.7253246492517841
block_push,oracle_true,anti_real_utility,1003,severe,8,0.0,-2.0226045152618255,-2.0226045152618255,0.0,0.2697119004535507
block_push,oracle_true,anti_real_utility,1003,severe,64,0.0,-2.840455405845169,-2.840455405845169,0.0,0.04182581927010341
block_push,horizon_wam,anti_real_utility,1003,severe,1,0.0,-0.38747484682981626,-5.494932961527411,-5.107458114697595,0.7253246492517841
block_push,horizon_wam,anti_real_utility,1003,severe,8,0.0,-2.0226045152618255,-4.112666181871377,-2.090061666609551,0.2697119004535507
block_push,horizon_wam,anti_real_utility,1003,severe,64,0.0,-2.840455405845169,-3.778788727019222,-0.9383333211740532,0.04182581927010341
block_push,mlp_dynamics_wam,anti_real_utility,1003,severe,1,0.0,-0.38747484682981626,-4.690851696688754,-4.303376849858938,0.7253246492517841
block_push,mlp_dynamics_wam,anti_real_utility,1003,severe,8,0.0,-2.0226045152618255,-2.037224742901416,-0.014620227639590588,0.2697119004535507
block_push,mlp_dynamics_wam,anti_real_utility,1003,severe,64,0.0,-2.840455405845169,-2.3050041444850637,0.5354512613601052,0.04182581927010341
block_push,ensemble_wam,anti_real_utility,1003,severe,1,0.0,-0.38747484682981626,-5.603805590625984,-5.216330743796168,0.7253246492517841
block_push,ensemble_wam,anti_real_utility,1003,severe,8,0.0,-2.0226045152618255,-4.2451296706544595,-2.222525155392634,0.2697119004535507
block_push,ensemble_wam,anti_real_utility,1003,severe,64,0.0,-2.840455405845169,-3.8196299651130303,-0.9791745592678613,0.04182581927010341
block_push,randomized_dynamics_wam,predicted_utility,1003,severe,1,0.0,-0.3874748468298161,-4.9972028866398395,-4.609728039810023,0.7253246492517843
block_push,randomized_dynamics_wam,predicted_utility,1003,severe,8,0.0,-0.16575815916923262,0.7909298775079249,0.9566880366771575,0.7871038166595573
block_push,randomized_dynamics_wam,predicted_utility,1003,severe,64,0.0,-1.0962083873014743,3.4351181602597336,4.531326547561208,0.5278430410503713
block_push,analytic_nominal,anti_real_utility,1004,mild,1,0.09375,-1.8773396786099896,-5.725003823384347,-3.847664144774358,0.5631814859934451
block_push,analytic_nominal,anti_real_utility,1004,mild,8,5.967194738332182e-09,-6.408768700453542,-18.537761049250562,-12.12899234879702,0.18653110894601144
block_push,analytic_nominal,anti_real_utility,1004,mild,64,1.607539635095263e-66,-8.398542618794455,-25.399470313875632,-17.000927695081177,0.021141980490160597
block_push,oracle_true,anti_real_utility,1004,mild,1,0.09375,-1.8773396786099896,-1.8773396786099896,0.0,0.5631814859934451
block_push,oracle_true,anti_real_utility,1004,mild,8,5.967194738332182e-09,-6.408768700453542,-6.408768700453542,0.0,0.18653110894601144
block_push,oracle_true,anti_real_utility,1004,mild,64,1.607539635095263e-66,-8.398542618794455,-8.398542618794455,0.0,0.021141980490160597
block_push,horizon_wam,anti_real_utility,1004,mild,1,0.09375,-1.8773396786099896,-5.10614732987208,-3.2288076512620902,0.5631814859934451
block_push,horizon_wam,anti_real_utility,1004,mild,8,5.967194738332182e-09,-6.408768700453542,-9.069707681858217,-2.6609389814046756,0.18653110894601144
block_push,horizon_wam,anti_real_utility,1004,mild,64,1.607539635095263e-66,-8.398542618794455,-10.823003503606536,-2.424460884812081,0.021141980490160597
block_push,mlp_dynamics_wam,anti_real_utility,1004,mild,1,0.09375,-1.8773396786099896,-3.8582922651437936,-1.980952586533804,0.5631814859934451
block_push,mlp_dynamics_wam,anti_real_utility,1004,mild,8,5.967194738332182e-09,-6.408768700453542,-7.630290190589761,-1.2215214901362197,0.18653110894601144
block_push,mlp_dynamics_wam,anti_real_utility,1004,mild,64,1.607539635095263e-66,-8.398542618794455,-8.401050934861656,-0.002508316067201477,0.021141980490160597
block_push,ensemble_wam,anti_real_utility,1004,mild,1,0.09375,-1.8773396786099896,-5.181861040946603,-3.3045213623366134,0.5631814859934451
block_push,ensemble_wam,anti_real_utility,1004,mild,8,5.967194738332182e-09,-6.408768700453542,-9.235491320709498,-2.826722620255956,0.18653110894601144
block_push,ensemble_wam,anti_real_utility,1004,mild,64,1.607539635095263e-66,-8.398542618794455,-10.979438334779942,-2.5808957159854877,0.021141980490160597
block_push,randomized_dynamics_wam,predicted_utility,1004,mild,1,0.09375,-1.8773396786099894,-5.72500382338435,-3.8476641447743605,0.563181485993445
block_push,randomized_dynamics_wam,predicted_utility,1004,mild,8,0.07901165262682497,-1.9800402108896442,1.197027709102202,3.1770679199918463,0.5546450631520768
block_push,randomized_dynamics_wam,predicted_utility,1004,mild,64,0.00040899617765815686,-4.041035253598185,3.27721862909904,7.318253882697225,0.38333606632413
block_push,analytic_nominal,anti_real_utility,1004,severe,1,0.328125,0.8515898146357752,-5.725003823384348,-6.576593638020124,0.5211093652867809
block_push,analytic_nominal,anti_real_utility,1004,severe,8,0.00013437378982317227,-1.1492272317687109,-0.8968268826513032,0.2524003491174077,0.14862065401459706
block_push,analytic_nominal,anti_real_utility,1004,severe,64,1.0629590356773575e-31,-1.863998643359066,-2.873950164227982,-1.009951520868916,0.01555287431133129
block_push,oracle_true,anti_real_utility,1004,severe,1,0.328125,0.8515898146357752,0.8515898146357752,0.0,0.5211093652867809
block_push,oracle_true,anti_real_utility,1004,severe,8,0.00013437378982317227,-1.1492272317687109,-1.1492272317687109,0.0,0.14862065401459706
block_push,oracle_true,anti_real_utility,1004,severe,64,1.0629590356773575e-31,-1.863998643359066,-1.863998643359066,0.0,0.01555287431133129
block_push,horizon_wam,anti_real_utility,1004,severe,1,0.328125,0.8515898146357752,-5.10614732987208,-5.957737144507855,0.5211093652867809
block_push,horizon_wam,anti_real_utility,1004,severe,8,0.00013437378982317227,-1.1492272317687109,-4.594801527088906,-3.4455742953201955,0.14862065401459706
block_push,horizon_wam,anti_real_utility,1004,severe,64,1.0629590356773575e-31,-1.863998643359066,-7.307247557817948,-5.443248914458882,0.01555287431133129
block_push,mlp_dynamics_wam,anti_real_utility,1004,severe,1,0.328125,0.8515898146357752,-3.8582922651437923,-4.709882079779567,0.5211093652867809
block_push,mlp_dynamics_wam,anti_real_utility,1004,severe,8,0.00013437378982317227,-1.1492272317687109,-2.8103309049923326,-1.6611036732236217,0.14862065401459706
block_push,mlp_dynamics_wam,anti_real_utility,1004,severe,64,1.0629590356773575e-31,-1.863998643359066,-5.362861519399923,-3.4988628760408567,0.01555287431133129
block_push,ensemble_wam,anti_real_utility,1004,severe,1,0.328125,0.8515898146357752,-5.181861040946604,-6.033450855582379,0.5211093652867809
block_push,ensemble_wam,anti_real_utility,1004,severe,8,0.00013437378982317227,-1.1492272317687109,-4.544022582206436,-3.3947953504377253,0.14862065401459706
block_push,ensemble_wam,anti_real_utility,1004,severe,64,1.0629590356773575e-31,-1.863998643359066,-6.492083140669299,-4.628084497310233,0.01555287431133129
block_push,randomized_dynamics_wam,predicted_utility,1004,severe,1,0.328125,0.8515898146357754,-5.72500382338435,-6.5765936380201255,0.5211093652867809
block_push,randomized_dynamics_wam,predicted_utility,1004,severe,8,0.43793166607815337,1.396046339948226,1.197027709102202,-0.199018630846024,0.6224699118803882
block_push,randomized_dynamics_wam,predicted_utility,1004,severe,64,0.2760996662178636,1.090067015764373,3.27721862909904,2.1871516133346667,0.5655062607829575
block_push,analytic_nominal,anti_real_utility,1005,mild,1,0.046875,-1.4652043472508463,-4.827778093507814,-3.362573746256968,0.5423615226621292
block_push,analytic_nominal,anti_real_utility,1005,mild,8,2.3309354446610087e-11,-5.222471707404669,-15.813861789240764,-10.591390081836096,0.2046408672336248
block_push,analytic_nominal,anti_real_utility,1005,mild,64,8.714489823634197e-86,-7.2116581944521725,-21.756298164937554,-14.544639970485381,0.025843539340593517
block_push,oracle_true,anti_real_utility,1005,mild,1,0.046875,-1.4652043472508463,-1.4652043472508463,0.0,0.5423615226621292
block_push,oracle_true,anti_real_utility,1005,mild,8,2.3309354446610087e-11,-5.222471707404669,-5.222471707404669,0.0,0.2046408672336248
block_push,oracle_true,anti_real_utility,1005,mild,64,8.714489823634197e-86,-7.2116581944521725,-7.2116581944521725,0.0,0.025843539340593517
block_push,horizon_wam,anti_real_utility,1005,mild,1,0.046875,-1.4652043472508463,-1.3906658742054134,0.07453847304543282,0.5423615226621292
block_push,horizon_wam,anti_real_utility,1005,mild,8,2.3309354446610087e-11,-5.222471707404669,-4.458545138327459,0.7639265690772099,0.2046408672336248
block_push,horizon_wam,anti_real_utility,1005,mild,64,8.714489823634197e-86,-7.2116581944521725,-5.642472495056826,1.5691856993953461,0.025843539340593517
block_push,mlp_dynamics_wam,anti_real_utility,1005,mild,1,0.046875,-1.4652043472508463,-2.2413166159651934,-0.7761122687143471,0.5423615226621292
block_push,mlp_dynamics_wam,anti_real_utility,1005,mild,8,2.3309354446610087e-11,-5.222471707404669,-4.302465786401551,0.920005921003118,0.2046408672336248
block_push,mlp_dynamics_wam,anti_real_utility,1005,mild,64,8.714489823634197e-86,-7.2116581944521725,-4.798718252572681,2.4129399418794915,0.025843539340593517
block_push,ensemble_wam,anti_real_utility,1005,mild,1,0.046875,-1.4652043472508463,-1.1514649709779732,0.31373937627287307,0.5423615226621292
block_push,ensemble_wam,anti_real_utility,1005,mild,8,2.3309354446610087e-11,-5.222471707404669,-4.230264221845471,0.9922074855591978,0.2046408672336248
block_push,ensemble_wam,anti_real_utility,1005,mild,64,8.714489823634197e-86,-7.2116581944521725,-5.444295902971966,1.7673622914802065,0.025843539340593517
block_push,randomized_dynamics_wam,predicted_utility,1005,mild,1,0.046875,-1.4652043472508465,-4.827778093507814,-3.3625737462569676,0.5423615226621291
block_push,randomized_dynamics_wam,predicted_utility,1005,mild,8,0.0193325186944584,-0.7872828904208081,1.7700672999886118,2.55735019040942,0.603296254418965
block_push,randomized_dynamics_wam,predicted_utility,1005,mild,64,1.9608182214497835e-09,0.24183399192500785,3.7681580134073194,3.5263240214823117,0.6957980635008023
block_push,analytic_nominal,anti_real_utility,1005,severe,1,0.15625,0.2045853550568778,-4.827778093507814,-5.032363448564692,0.43700782305325925
block_push,analytic_nominal,anti_real_utility,1005,severe,8,3.552713678800501e-07,-1.4761452879087704,-0.19148245819611115,1.2846628297126592,0.12711142986098312
block_push,analytic_nominal,anti_real_utility,1005,severe,64,2.5379418373156493e-52,-2.008531003317068,-2.39499689472684,-0.38646589140977206,0.028949113559659432
block_push,oracle_true,anti_real_utility,1005,severe,1,0.15625,0.2045853550568778,0.2045853550568778,0.0,0.43700782305325925
block_push,oracle_true,anti_real_utility,1005,severe,8,3.552713678800501e-07,-1.4761452879087704,-1.4761452879087704,0.0,0.12711142986098312
block_push,oracle_true,anti_real_utility,1005,severe,64,2.5379418373156493e-52,-2.008531003317068,-2.008531003317068,0.0,0.028949113559659432
block_push,horizon_wam,anti_real_utility,1005,severe,1,0.15625,0.2045853550568778,-1.3906658742054134,-1.5952512292622911,0.43700782305325925
block_push,horizon_wam,anti_real_utility,1005,severe,8,3.552713678800501e-07,-1.4761452879087704,-1.4455125154810242,0.030632772427746202,0.12711142986098312
block_push,horizon_wam,anti_real_utility,1005,severe,64,2.5379418373156493e-52,-2.008531003317068,-5.758977568729714,-3.7504465654126458,0.028949113559659432
block_push,mlp_dynamics_wam,anti_real_utility,1005,severe,1,0.15625,0.2045853550568778,-2.2413166159651925,-2.4459019710220704,0.43700782305325925
block_push,mlp_dynamics_wam,anti_real_utility,1005,severe,8,3.552713678800501e-07,-1.4761452879087704,-2.4947564679148577,-1.0186111800060873,0.12711142986098312
block_push,mlp_dynamics_wam,anti_real_utility,1005,severe,64,2.5379418373156493e-52,-2.008531003317068,-5.517900571030884,-3.509369567713816,0.028949113559659432
block_push,ensemble_wam,anti_real_utility,1005,severe,1,0.15625,0.2045853550568778,-1.1514649709779734,-1.3560503260348513,0.43700782305325925
block_push,ensemble_wam,anti_real_utility,1005,severe,8,3.552713678800501e-07,-1.4761452879087704,-1.1048339645515712,0.3713113233571992,0.12711142986098312
block_push,ensemble_wam,anti_real_utility,1005,severe,64,2.5379418373156493e-52,-2.008531003317068,-5.320731738438708,-3.31220073512164,0.028949113559659432
block_push,randomized_dynamics_wam,predicted_utility,1005,severe,1,0.15625,0.20458535505687836,-4.827778093507814,-5.032363448564693,0.43700782305325936
block_push,randomized_dynamics_wam,predicted_utility,1005,severe,8,0.11910418590854022,-0.018613048146747323,1.7700672999886118,1.788680348135359,0.3958540662579221
block_push,randomized_dynamics_wam,predicted_utility,1005,severe,64,0.0012368311439344539,-0.5415273472964147,3.7681580134073194,4.309685360703734,0.2994381081545981
drawer_pull,analytic_nominal,anti_real_utility,1001,mild,1,0.0625,0.3029728018855353,0.5215698740547483,0.21859707216921298,0.27910439942884774
drawer_pull,analytic_nominal,anti_real_utility,1001,mild,8,2.3283064365386963e-10,-0.29066430307786095,0.8648621197923975,1.1555264228702584,0.12848196967281908
drawer_pull,analytic_nominal,anti_real_utility,1001,mild,64,8.636168555094445e-78,-0.6988889182784112,-0.3107796193880115,0.38810929889039963,0.024903903353130252
drawer_pull,oracle_true,anti_real_utility,1001,mild,1,0.0625,0.3029728018855353,0.3029728018855353,0.0,0.27910439942884774
drawer_pull,oracle_true,anti_real_utility,1001,mild,8,2.3283064365386963e-10,-0.29066430307786095,-0.29066430307786095,0.0,0.12848196967281908
drawer_pull,oracle_true,anti_real_utility,1001,mild,64,8.636168555094445e-78,-0.6988889182784112,-0.6988889182784112,0.0,0.024903903353130252
drawer_pull,horizon_wam,anti_real_utility,1001,mild,1,0.0625,0.3029728018855353,0.45630035222640286,0.15332755034086754,0.27910439942884774
drawer_pull,horizon_wam,anti_real_utility,1001,mild,8,2.3283064365386963e-10,-0.29066430307786095,0.5288118297070049,0.8194761327848659,0.12848196967281908
drawer_pull,horizon_wam,anti_real_utility,1001,mild,64,8.636168555094445e-78,-0.6988889182784112,0.5920341596465508,1.2909230779249619,0.024903903353130252
drawer_pull,mlp_dynamics_wam,anti_real_utility,1001,mild,1,0.0625,0.3029728018855353,0.3813721476021582,0.07839934571662288,0.27910439942884774
drawer_pull,mlp_dynamics_wam,anti_real_utility,1001,mild,8,2.3283064365386963e-10,-0.29066430307786095,0.37670750107756634,0.6673718041554273,0.12848196967281908
drawer_pull,mlp_dynamics_wam,anti_real_utility,1001,mild,64,8.636168555094445e-78,-0.6988889182784112,0.21223138972214634,0.9111203080005574,0.024903903353130252
drawer_pull,ensemble_wam,anti_real_utility,1001,mild,1,0.0625,0.3029728018855353,0.361496379924989,0.05852357803945368,0.27910439942884774
drawer_pull,ensemble_wam,anti_real_utility,1001,mild,8,2.3283064365386963e-10,-0.29066430307786095,0.5238719843768294,0.8145362874546903,0.12848196967281908
drawer_pull,ensemble_wam,anti_real_utility,1001,mild,64,8.636168555094445e-78,-0.6988889182784112,0.7936360081559023,1.4925249264343134,0.024903903353130252
drawer_pull,randomized_dynamics_wam,predicted_utility,1001,mild,1,0.0625,0.30297280188553527,0.5215698740547483,0.21859707216921304,0.27910439942884774
drawer_pull,randomized_dynamics_wam,predicted_utility,1001,mild,8,0.1271640819318307,0.4176027263306178,1.8829551437441021,1.4653524174134844,0.308189235262573
drawer_pull,randomized_dynamics_wam,predicted_utility,1001,mild,64,0.635013475762972,1.9223641708831645,3.2196087125573545,1.29724454167419,0.6899895356256569
drawer_pull,analytic_nominal,anti_real_utility,1001,severe,1,0.28125,0.31973562743379136,0.5215698740547485,0.20183424662095717,0.5060335227859032
drawer_pull,analytic_nominal,anti_real_utility,1001,severe,8,3.915076467819745e-05,-1.5445177857022796,0.6758915761674635,2.220409361869743,0.18446773062771546
drawer_pull,analytic_nominal,anti_real_utility,1001,severe,64,5.5197828355055344e-36,-2.388913223808844,0.8131473771108277,3.2020606009196717,0.038817634972142384
drawer_pull,oracle_true,anti_real_utility,1001,severe,1,0.28125,0.31973562743379136,0.31973562743379136,0.0,0.5060335227859032
drawer_pull,oracle_true,anti_real_utility,1001,severe,8,3.915076467819745e-05,-1.5445177857022796,-1.5445177857022796,0.0,0.18446773062771546
drawer_pull,oracle_true,anti_real_utility,1001,severe,64,5.5197828355055344e-36,-2.388913223808844,-2.388913223808844,0.0,0.038817634972142384
drawer_pull,horizon_wam,anti_real_utility,1001,severe,1,0.28125,0.31973562743379136,0.4563003522264028,0.13656472479261145,0.5060335227859032
drawer_pull,horizon_wam,anti_real_utility,1001,severe,8,3.915076467819745e-05,-1.5445177857022796,0.43836035618998537,1.982878141892265,0.18446773062771546
drawer_pull,horizon_wam,anti_real_utility,1001,severe,64,5.5197828355055344e-36,-2.388913223808844,0.43439977574290645,2.8233129995517503,0.038817634972142384
drawer_pull,mlp_dynamics_wam,anti_real_utility,1001,severe,1,0.28125,0.31973562743379136,0.3813721476021584,0.061636520168367015,0.5060335227859032
drawer_pull,mlp_dynamics_wam,anti_real_utility,1001,severe,8,3.915076467819745e-05,-1.5445177857022796,0.34236668751816274,1.8868844732204424,0.18446773062771546
drawer_pull,mlp_dynamics_wam,anti_real_utility,1001,severe,64,5.5197828355055344e-36,-2.388913223808844,0.4033654439797243,2.792278667788568,0.038817634972142384
drawer_pull,ensemble_wam,anti_real_utility,1001,severe,1,0.28125,0.31973562743379136,0.36149637992498906,0.041760752491197706,0.5060335227859032
drawer_pull,ensemble_wam,anti_real_utility,1001,severe,8,3.915076467819745e-05,-1.5445177857022796,0.2868984843354401,1.8314162700377197,0.18446773062771546
drawer_pull,ensemble_wam,anti_real_utility,1001,severe,64,5.5197828355055344e-36,-2.388913223808844,0.3111335207415444,2.7000467445503884,0.038817634972142384
drawer_pull,randomized_dynamics_wam,predicted_utility,1001,severe,1,0.28125,0.3197356274337909,0.5215698740547483,0.2018342466209574,0.5060335227859032
drawer_pull,randomized_dynamics_wam,predicted_utility,1001,severe,8,0.29220298012181445,0.27220398908063664,1.8829551437441021,1.6107511546634654,0.49783477210538446
drawer_pull,randomized_dynamics_wam,predicted_utility,1001,severe,64,0.12560113205793477,-0.47775596161101075,3.2196087125573545,3.697364674168365,0.36847389019320376
drawer_pull,analytic_nominal,anti_real_utility,1002,mild,1,0.03125,-0.0335104946319664,0.17200221480829125,0.20551270944025765,0.2582230548326991
drawer_pull,analytic_nominal,anti_real_utility,1002,mild,8,9.094947017729282e-13,-0.5667409665349925,0.23432910522077544,0.8010700717557679,0.12792346278447153
drawer_pull,analytic_nominal,anti_real_utility,1002,mild,64,4.6816763546921983e-97,-1.0182205706849587,-0.13717669017577133,0.8810438805091874,0.017600419862921646
drawer_pull,oracle_true,anti_real_utility,1002,mild,1,0.03125,-0.0335104946319664,-0.0335104946319664,0.0,0.2582230548326991
drawer_pull,oracle_true,anti_real_utility,1002,mild,8,9.094947017729282e-13,-0.5667409665349925,-0.5667409665349925,0.0,0.12792346278447153
drawer_pull,oracle_true,anti_real_utility,1002,mild,64,4.6816763546921983e-97,-1.0182205706849587,-1.0182205706849587,0.0,0.017600419862921646
drawer_pull,horizon_wam,anti_real_utility,1002,mild,1,0.03125,-0.0335104946319664,-0.08409324759249405,-0.05058275296052765,0.2582230548326991
drawer_pull,horizon_wam,anti_real_utility,1002,mild,8,9.094947017729282e-13,-0.5667409665349925,-0.38482231614423734,0.18191865039075517,0.12792346278447153
drawer_pull,horizon_wam,anti_real_utility,1002,mild,64,4.6816763546921983e-97,-1.0182205706849587,-0.5820296901295482,0.43619088055541055,0.017600419862921646
drawer_pull,mlp_dynamics_wam,anti_real_utility,1002,mild,1,0.03125,-0.0335104946319664,-0.040578603629515354,-0.007068108997548957,0.2582230548326991
drawer_pull,mlp_dynamics_wam,anti_real_utility,1002,mild,8,9.094947017729282e-13,-0.5667409665349925,-0.25113603979290705,0.31560492674208546,0.12792346278447153
drawer_pull,mlp_dynamics_wam,anti_real_utility,1002,mild,64,4.6816763546921983e-97,-1.0182205706849587,-0.40771001808762763,0.6105105525973311,0.017600419862921646
drawer_pull,ensemble_wam,anti_real_utility,1002,mild,1,0.03125,-0.0335104946319664,-0.06887764987474383,-0.035367155242777434,0.2582230548326991
drawer_pull,ensemble_wam,anti_real_utility,1002,mild,8,9.094947017729282e-13,-0.5667409665349925,-0.43798436525052536,0.12875660128446714,0.12792346278447153
drawer_pull,ensemble_wam,anti_real_utility,1002,mild,64,4.6816763546921983e-97,-1.0182205706849587,-0.7347139201640491,0.2835066505209096,0.017600419862921646
drawer_pull,randomized_dynamics_wam,predicted_utility,1002,mild,1,0.03125,-0.03351049463196644,0.17200221480829128,0.20551270944025773,0.25822305483269903
drawer_pull,randomized_dynamics_wam,predicted_utility,1002,mild,8,0.0006665527363267643,-0.0383120279636188,1.4392106004614962,1.477522628425115,0.2570497576051654
drawer_pull,randomized_dynamics_wam,predicted_utility,1002,mild,64,7.719196019994574e-22,-0.08116403323405216,3.009310060875407,3.0904740941094593,0.24657849030256948
drawer_pull,analytic_nominal,anti_real_utility,1002,severe,1,0.171875,-0.01907841418454049,0.17200221480829128,0.19108062899283176,0.5042473048519004
drawer_pull,analytic_nominal,anti_real_utility,1002,severe,8,7.615557287010688e-07,-1.8828319678154912,0.24388656255265284,2.126718530368144,0.19961770522223576
drawer_pull,analytic_nominal,anti_real_utility,1002,severe,64,1.131393072298392e-49,-2.902731283861412,-0.07617634568512476,2.826554938176287,0.03291566475966989
drawer_pull,oracle_true,anti_real_utility,1002,severe,1,0.171875,-0.01907841418454049,-0.01907841418454049,0.0,0.5042473048519004
drawer_pull,oracle_true,anti_real_utility,1002,severe,8,7.615557287010688e-07,-1.8828319678154912,-1.8828319678154912,0.0,0.19961770522223576
drawer_pull,oracle_true,anti_real_utility,1002,severe,64,1.131393072298392e-49,-2.902731283861412,-2.902731283861412,0.0,0.03291566475966989
drawer_pull,horizon_wam,anti_real_utility,1002,severe,1,0.171875,-0.01907841418454049,-0.08409324759249406,-0.06501483340795358,0.5042473048519004
drawer_pull,horizon_wam,anti_real_utility,1002,severe,8,7.615557287010688e-07,-1.8828319678154912,-0.3866472401901505,1.4961847276253408,0.19961770522223576
drawer_pull,horizon_wam,anti_real_utility,1002,severe,64,1.131393072298392e-49,-2.902731283861412,-0.5721645601695182,2.3305667236918937,0.03291566475966989
drawer_pull,mlp_dynamics_wam,anti_real_utility,1002,severe,1,0.171875,-0.01907841418454049,-0.04057860362951535,-0.02150018944497486,0.5042473048519004
drawer_pull,mlp_dynamics_wam,anti_real_utility,1002,severe,8,7.615557287010688e-07,-1.8828319678154912,-0.2267667512188374,1.6560652165966538,0.19961770522223576
drawer_pull,mlp_dynamics_wam,anti_real_utility,1002,severe,64,1.131393072298392e-49,-2.902731283861412,-0.40634914323124516,2.4963821406301667,0.03291566475966989
drawer_pull,ensemble_wam,anti_real_utility,1002,severe,1,0.171875,-0.01907841418454049,-0.06887764987474382,-0.04979923569020333,0.5042473048519004
drawer_pull,ensemble_wam,anti_real_utility,1002,severe,8,7.615557287010688e-07,-1.8828319678154912,-0.4081653097181321,1.474666658097359,0.19961770522223576
drawer_pull,ensemble_wam,anti_real_utility,1002,severe,64,1.131393072298392e-49,-2.902731283861412,-0.7069257071242117,2.1958055767372002,0.03291566475966989
drawer_pull,randomized_dynamics_wam,predicted_utility,1002,severe,1,0.171875,-0.019078414184540538,0.17200221480829128,0.19108062899283182,0.5042473048519005
drawer_pull,randomized_dynamics_wam,predicted_utility,1002,severe,8,0.284978967230483,0.2994839714122667,1.4392106004614962,1.1397266290492296,0.556316169746815
drawer_pull,randomized_dynamics_wam,predicted_utility,1002,severe,64,0.2653613118190198,0.09376684830606297,3.009310060875407,2.915543212569344,0.5226918073804918
drawer_pull,analytic_nominal,anti_real_utility,1003,mild,1,0.046875,0.27797900860331953,0.5669164997132015,0.2889374911098819,0.2468373287705412
drawer_pull,analytic_nominal,anti_real_utility,1003,mild,8,2.3309354446610087e-11,-0.32846216407866846,0.9094163934870466,1.2378785575657152,0.08727116738947188
drawer_pull,analytic_nominal,anti_real_utility,1003,mild,64,8.714489823634197e-86,-0.6112911913386843,-0.13971628504401512,0.47157490629466914,0.012853492205191087
drawer_pull,oracle_true,anti_real_utility,1003,mild,1,0.046875,0.27797900860331953,0.27797900860331953,0.0,0.2468373287705412
drawer_pull,oracle_true,anti_real_utility,1003,mild,8,2.3309354446610087e-11,-0.32846216407866846,-0.32846216407866846,0.0,0.08727116738947188
drawer_pull,oracle_true,anti_real_utility,1003,mild,64,8.714489823634197e-86,-0.6112911913386843,-0.6112911913386843,0.0,0.012853492205191087
drawer_pull,horizon_wam,anti_real_utility,1003,mild,1,0.046875,0.27797900860331953,0.27475739847386527,-0.0032216101294542665,0.2468373287705412
drawer_pull,horizon_wam,anti_real_utility,1003,mild,8,2.3309354446610087e-11,-0.32846216407866846,0.4306750361635169,0.7591372002421853,0.08727116738947188
drawer_pull,horizon_wam,anti_real_utility,1003,mild,64,8.714489823634197e-86,-0.6112911913386843,0.5134362976154488,1.1247274889541332,0.012853492205191087
drawer_pull,mlp_dynamics_wam,anti_real_utility,1003,mild,1,0.046875,0.27797900860331953,0.2608957416740689,-0.017083266929250607,0.2468373287705412
drawer_pull,mlp_dynamics_wam,anti_real_utility,1003,mild,8,2.3309354446610087e-11,-0.32846216407866846,0.27210688843123654,0.600569052509905,0.08727116738947188
drawer_pull,mlp_dynamics_wam,anti_real_utility,1003,mild,64,8.714489823634197e-86,-0.6112911913386843,0.07326000499249752,0.6845511963311818,0.012853492205191087
drawer_pull,ensemble_wam,anti_real_utility,1003,mild,1,0.046875,0.27797900860331953,0.21658373219187596,-0.06139527641144357,0.2468373287705412
drawer_pull,ensemble_wam,anti_real_utility,1003,mild,8,2.3309354446610087e-11,-0.32846216407866846,0.4282015424524689,0.7566637065311373,0.08727116738947188
drawer_pull,ensemble_wam,anti_real_utility,1003,mild,64,8.714489823634197e-86,-0.6112911913386843,0.7021110330778992,1.3134022244165835,0.012853492205191087
drawer_pull,randomized_dynamics_wam,predicted_utility,1003,mild,1,0.046875,0.27797900860331964,0.5669164997132013,0.2889374911098817,0.24683732877054115
drawer_pull,randomized_dynamics_wam,predicted_utility,1003,mild,8,0.00026326524892894554,0.01857459488235841,1.8882067942359293,1.869632199353571,0.1785831131807527
drawer_pull,randomized_dynamics_wam,predicted_utility,1003,mild,64,9.356685427286075e-25,-0.18402102471777484,3.2118586728963527,3.3958796976141277,0.12527636754993654
drawer_pull,analytic_nominal,anti_real_utility,1003,severe,1,0.359375,0.596785797097537,0.5669164997132013,-0.029869297384335636,0.575590522734124
drawer_pull,analytic_nominal,anti_real_utility,1003,severe,8,0.0002782165086081534,-1.457445064204768,0.4949377474000042,1.9523828116047723,0.23770214328882386
drawer_pull,analytic_nominal,anti_real_utility,1003,severe,64,3.589741453108194e-29,-2.4858815755984,0.22747891439887238,2.7133604899972723,0.06854065674739773
drawer_pull,oracle_true,anti_real_utility,1003,severe,1,0.359375,0.596785797097537,0.596785797097537,0.0,0.575590522734124
drawer_pull,oracle_true,anti_real_utility,1003,severe,8,0.0002782165086081534,-1.457445064204768,-1.457445064204768,0.0,0.23770214328882386
drawer_pull,oracle_true,anti_real_utility,1003,severe,64,3.589741453108194e-29,-2.4858815755984,-2.4858815755984,0.0,0.06854065674739773
drawer_pull,horizon_wam,anti_real_utility,1003,severe,1,0.359375,0.596785797097537,0.27475739847386527,-0.3220283986236717,0.575590522734124
drawer_pull,horizon_wam,anti_real_utility,1003,severe,8,0.0002782165086081534,-1.457445064204768,0.19257919823484776,1.6500242624396158,0.23770214328882386
drawer_pull,horizon_wam,anti_real_utility,1003,severe,64,3.589741453108194e-29,-2.4858815755984,-0.41681300265537213,2.069068572943028,0.06854065674739773
drawer_pull,mlp_dynamics_wam,anti_real_utility,1003,severe,1,0.359375,0.596785797097537,0.2608957416740688,-0.33589005542346817,0.575590522734124
drawer_pull,mlp_dynamics_wam,anti_real_utility,1003,severe,8,0.0002782165086081534,-1.457445064204768,0.20638876064124084,1.663833824846009,0.23770214328882386
drawer_pull,mlp_dynamics_wam,anti_real_utility,1003,severe,64,3.589741453108194e-29,-2.4858815755984,-0.22027715447758311,2.265604421120817,0.06854065674739773
drawer_pull,ensemble_wam,anti_real_utility,1003,severe,1,0.359375,0.596785797097537,0.21658373219187593,-0.38020206490566105,0.575590522734124
drawer_pull,ensemble_wam,anti_real_utility,1003,severe,8,0.0002782165086081534,-1.457445064204768,0.16765903271002092,1.625104096914789,0.23770214328882386
drawer_pull,ensemble_wam,anti_real_utility,1003,severe,64,3.589741453108194e-29,-2.4858815755984,-0.682435570404033,1.803446005194367,0.06854065674739773
drawer_pull,randomized_dynamics_wam,predicted_utility,1003,severe,1,0.359375,0.5967857970975377,0.5669164997132013,-0.029869297384336302,0.5755905227341236
drawer_pull,randomized_dynamics_wam,predicted_utility,1003,severe,8,0.3262265987619877,0.5080094941126451,1.8882067942359293,1.3801973001232843,0.5609882296258927
drawer_pull,randomized_dynamics_wam,predicted_utility,1003,severe,64,0.08885317919988837,-0.5129240303740215,3.2118586728963527,3.724782703270374,0.3930608653706962
drawer_pull,analytic_nominal,anti_real_utility,1004,mild,1,0.03125,0.18169104462301883,0.19257172337114994,0.010880678748131117,0.1768762557360506
drawer_pull,analytic_nominal,anti_real_utility,1004,mild,8,9.094947017729282e-13,-0.19909070052067535,0.1609996830814842,0.36009038360215956,0.07261340506049001
drawer_pull,analytic_nominal,anti_real_utility,1004,mild,64,4.6816763546921983e-97,-0.4293557165137223,0.10409180813421387,0.5334475246479362,0.009563935687348792
drawer_pull,oracle_true,anti_real_utility,1004,mild,1,0.03125,0.18169104462301883,0.18169104462301883,0.0,0.1768762557360506
drawer_pull,oracle_true,anti_real_utility,1004,mild,8,9.094947017729282e-13,-0.19909070052067535,-0.19909070052067535,0.0,0.07261340506049001
drawer_pull,oracle_true,anti_real_utility,1004,mild,64,4.6816763546921983e-97,-0.4293557165137223,-0.4293557165137223,0.0,0.009563935687348792
drawer_pull,horizon_wam,anti_real_utility,1004,mild,1,0.03125,0.18169104462301883,0.3069459765263761,0.1252549319033573,0.1768762557360506
drawer_pull,horizon_wam,anti_real_utility,1004,mild,8,9.094947017729282e-13,-0.19909070052067535,0.15460430972235256,0.3536950102430279,0.07261340506049001
drawer_pull,horizon_wam,anti_real_utility,1004,mild,64,4.6816763546921983e-97,-0.4293557165137223,-0.22333153069640443,0.20602418581731785,0.009563935687348792
drawer_pull,mlp_dynamics_wam,anti_real_utility,1004,mild,1,0.03125,0.18169104462301883,0.27373824234279165,0.09204719771977282,0.1768762557360506
drawer_pull,mlp_dynamics_wam,anti_real_utility,1004,mild,8,9.094947017729282e-13,-0.19909070052067535,0.1502745597089156,0.3493652602295909,0.07261340506049001
drawer_pull,mlp_dynamics_wam,anti_real_utility,1004,mild,64,4.6816763546921983e-97,-0.4293557165137223,0.02166863968506734,0.4510243561987896,0.009563935687348792
drawer_pull,ensemble_wam,anti_real_utility,1004,mild,1,0.03125,0.18169104462301883,0.24749905018304816,0.06580800556002933,0.1768762557360506
drawer_pull,ensemble_wam,anti_real_utility,1004,mild,8,9.094947017729282e-13,-0.19909070052067535,0.09531886626151356,0.2944095667821889,0.07261340506049001
drawer_pull,ensemble_wam,anti_real_utility,1004,mild,64,4.6816763546921983e-97,-0.4293557165137223,-0.32298052376284636,0.10637519275087592,0.009563935687348792
drawer_pull,randomized_dynamics_wam,predicted_utility,1004,mild,1,0.03125,0.18169104462301883,0.19257172337114992,0.01088067874813109,0.17687625573605062
drawer_pull,randomized_dynamics_wam,predicted_utility,1004,mild,8,0.00039941552653743884,0.08769055832222267,0.2920381127593241,0.20434755443710145,0.15113773546399414
drawer_pull,randomized_dynamics_wam,predicted_utility,1004,mild,64,9.506604713608495e-24,-0.10090280435476118,0.40070378144402097,0.5016065857987821,0.09949849103600317
drawer_pull,analytic_nominal,anti_real_utility,1004,severe,1,0.375,0.7356113709699366,0.19257172337114992,-0.5430396475987866,0.5440323859354356
drawer_pull,analytic_nominal,anti_real_utility,1004,severe,8,0.0003910660743713379,-1.446371278438666,0.1467418629548669,1.5931131413935329,0.1292477106388661
drawer_pull,analytic_nominal,anti_real_utility,1004,severe,64,5.470173919494378e-28,-1.997509888404185,0.11719788174185489,2.11470777014604,0.024478843920374763
drawer_pull,oracle_true,anti_real_utility,1004,severe,1,0.375,0.7356113709699366,0.7356113709699366,0.0,0.5440323859354356
drawer_pull,oracle_true,anti_real_utility,1004,severe,8,0.0003910660743713379,-1.446371278438666,-1.446371278438666,0.0,0.1292477106388661
drawer_pull,oracle_true,anti_real_utility,1004,severe,64,5.470173919494378e-28,-1.997509888404185,-1.997509888404185,0.0,0.024478843920374763
drawer_pull,horizon_wam,anti_real_utility,1004,severe,1,0.375,0.7356113709699366,0.3069459765263762,-0.4286653944435604,0.5440323859354356
drawer_pull,horizon_wam,anti_real_utility,1004,severe,8,0.0003910660743713379,-1.446371278438666,0.15912563485960327,1.6054969132982693,0.1292477106388661
drawer_pull,horizon_wam,anti_real_utility,1004,severe,64,5.470173919494378e-28,-1.997509888404185,0.21721578178299714,2.2147256701871822,0.024478843920374763
drawer_pull,mlp_dynamics_wam,anti_real_utility,1004,severe,1,0.375,0.7356113709699366,0.2737382423427916,-0.46187312862714497,0.5440323859354356
drawer_pull,mlp_dynamics_wam,anti_real_utility,1004,severe,8,0.0003910660743713379,-1.446371278438666,0.11319016621176932,1.5595614446504353,0.1292477106388661
drawer_pull,mlp_dynamics_wam,anti_real_utility,1004,severe,64,5.470173919494378e-28,-1.997509888404185,0.13746443168689576,2.134974320091081,0.024478843920374763
drawer_pull,ensemble_wam,anti_real_utility,1004,severe,1,0.375,0.7356113709699366,0.24749905018304824,-0.4881123207868883,0.5440323859354356
drawer_pull,ensemble_wam,anti_real_utility,1004,severe,8,0.0003910660743713379,-1.446371278438666,0.09501436551748209,1.541385643956148,0.1292477106388661
drawer_pull,ensemble_wam,anti_real_utility,1004,severe,64,5.470173919494378e-28,-1.997509888404185,0.16772145768831692,2.165231346092502,0.024478843920374763
drawer_pull,randomized_dynamics_wam,predicted_utility,1004,severe,1,0.375,0.7356113709699363,0.19257172337114992,-0.5430396475987864,0.5440323859354353
drawer_pull,randomized_dynamics_wam,predicted_utility,1004,severe,8,0.44109860635605,1.0103788793795312,0.2920381127593241,-0.7183407666202071,0.5962644015239237
drawer_pull,randomized_dynamics_wam,predicted_utility,1004,severe,64,0.2654089683934145,-0.00624150372569654,0.40070378144402097,0.4069452851697175,0.4030096313173567
drawer_pull,analytic_nominal,anti_real_utility,1005,mild,1,0.046875,0.178852395472915,0.1772093797286329,-0.0016430157442821058,0.20996278724518733
drawer_pull,analytic_nominal,anti_real_utility,1005,mild,8,2.3309354446610087e-11,-0.24158687403753554,0.08459115658648055,0.32617803062401607,0.09897860009481377
drawer_pull,analytic_nominal,anti_real_utility,1005,mild,64,8.714489823634197e-86,-0.5419198601458439,-0.16916141097342416,0.37275844917241974,0.019699106586782866
drawer_pull,oracle_true,anti_real_utility,1005,mild,1,0.046875,0.178852395472915,0.178852395472915,0.0,0.20996278724518733
drawer_pull,oracle_true,anti_real_utility,1005,mild,8,2.3309354446610087e-11,-0.24158687403753554,-0.24158687403753554,0.0,0.09897860009481377
drawer_pull,oracle_true,anti_real_utility,1005,mild,64,8.714489823634197e-86,-0.5419198601458439,-0.5419198601458439,0.0,0.019699106586782866
drawer_pull,horizon_wam,anti_real_utility,1005,mild,1,0.046875,0.178852395472915,0.14257343008492318,-0.03627896538799183,0.20996278724518733
drawer_pull,horizon_wam,anti_real_utility,1005,mild,8,2.3309354446610087e-11,-0.24158687403753554,-0.03372154456132813,0.2078653294762074,0.09897860009481377
drawer_pull,horizon_wam,anti_real_utility,1005,mild,64,8.714489823634197e-86,-0.5419198601458439,0.19947642264738474,0.7413962827932287,0.019699106586782866
drawer_pull,mlp_dynamics_wam,anti_real_utility,1005,mild,1,0.046875,0.178852395472915,0.13707861242254102,-0.04177378305037399,0.20996278724518733
drawer_pull,mlp_dynamics_wam,anti_real_utility,1005,mild,8,2.3309354446610087e-11,-0.24158687403753554,-0.07954020266644651,0.16204667137108902,0.09897860009481377
drawer_pull,mlp_dynamics_wam,anti_real_utility,1005,mild,64,8.714489823634197e-86,-0.5419198601458439,0.03406154237811215,0.575981402523956,0.019699106586782866
drawer_pull,ensemble_wam,anti_real_utility,1005,mild,1,0.046875,0.178852395472915,0.12592446205860178,-0.05292793341431323,0.20996278724518733
drawer_pull,ensemble_wam,anti_real_utility,1005,mild,8,2.3309354446610087e-11,-0.24158687403753554,-0.1273656864765922,0.11422118756094335,0.09897860009481377
drawer_pull,ensemble_wam,anti_real_utility,1005,mild,64,8.714489823634197e-86,-0.5419198601458439,0.0054879798253078815,0.5474078399711518,0.019699106586782866
drawer_pull,randomized_dynamics_wam,predicted_utility,1005,mild,1,0.046875,0.17885239547291495,0.17720937972863296,-0.0016430157442819948,0.20996278724518733
drawer_pull,randomized_dynamics_wam,predicted_utility,1005,mild,8,0.008384932637678588,0.04130547250099928,0.8608420446835896,0.8195365721825904,0.17365425341377827
drawer_pull,randomized_dynamics_wam,predicted_utility,1005,mild,64,2.9659096364904826e-11,-0.07859141353465923,2.6757833607770056,2.754374774311665,0.1420048348092257
drawer_pull,analytic_nominal,anti_real_utility,1005,severe,1,0.28125,0.43603533362486085,0.1772093797286329,-0.258825953896228,0.4043934291566606
drawer_pull,analytic_nominal,anti_real_utility,1005,severe,8,3.915076467819745e-05,-1.126166171982034,0.06213122212582296,1.188297394107857,0.058186213469941996
drawer_pull,analytic_nominal,anti_real_utility,1005,severe,64,5.5197828355055344e-36,-1.371555574028505,-0.020457254596821888,1.3510983194316832,0.003804252284638051
drawer_pull,oracle_true,anti_real_utility,1005,severe,1,0.28125,0.43603533362486085,0.43603533362486085,0.0,0.4043934291566606
drawer_pull,oracle_true,anti_real_utility,1005,severe,8,3.915076467819745e-05,-1.126166171982034,-1.126166171982034,0.0,0.058186213469941996
drawer_pull,oracle_true,anti_real_utility,1005,severe,64,5.5197828355055344e-36,-1.371555574028505,-1.371555574028505,0.0,0.003804252284638051
drawer_pull,horizon_wam,anti_real_utility,1005,severe,1,0.28125,0.43603533362486085,0.14257343008492318,-0.2934619035399377,0.4043934291566606
drawer_pull,horizon_wam,anti_real_utility,1005,severe,8,3.915076467819745e-05,-1.126166171982034,0.016238912648274356,1.1424050846303082,0.058186213469941996
drawer_pull,horizon_wam,anti_real_utility,1005,severe,64,5.5197828355055344e-36,-1.371555574028505,-0.13841204973040294,1.2331435242981021,0.003804252284638051
drawer_pull,mlp_dynamics_wam,anti_real_utility,1005,severe,1,0.28125,0.43603533362486085,0.137078612422541,-0.29895672120231986,0.4043934291566606
drawer_pull,mlp_dynamics_wam,anti_real_utility,1005,severe,8,3.915076467819745e-05,-1.126166171982034,0.020738566618722205,1.1469047386007563,0.058186213469941996
drawer_pull,mlp_dynamics_wam,anti_real_utility,1005,severe,64,5.5197828355055344e-36,-1.371555574028505,-0.32501558373737144,1.0465399902911336,0.003804252284638051
drawer_pull,ensemble_wam,anti_real_utility,1005,severe,1,0.28125,0.43603533362486085,0.12592446205860186,-0.310110871566259,0.4043934291566606
drawer_pull,ensemble_wam,anti_real_utility,1005,severe,8,3.915076467819745e-05,-1.126166171982034,-0.064352171995611,1.061813999986423,0.058186213469941996
drawer_pull,ensemble_wam,anti_real_utility,1005,severe,64,5.5197828355055344e-36,-1.371555574028505,-0.20276133579786204,1.1687942382306429,0.003804252284638051
drawer_pull,randomized_dynamics_wam,predicted_utility,1005,severe,1,0.28125,0.43603533362486047,0.17720937972863296,-0.25882595389622753,0.4043934291566607
drawer_pull,randomized_dynamics_wam,predicted_utility,1005,severe,8,0.3242520242497733,0.5835663284518195,0.8608420446835896,0.27727571623177005,0.4370885038721921
drawer_pull,randomized_dynamics_wam,predicted_utility,1005,severe,64,0.26418415563785225,0.0048485659410921755,2.6757833607770056,2.6709347948359135,0.308835993227318
slippery_grasp,analytic_nominal,anti_real_utility,1001,mild,1,0.0625,-44.91723340049276,-22.47526057322378,22.441972827268984,0.5558859875062264
slippery_grasp,analytic_nominal,anti_real_utility,1001,mild,8,0.004687958945737591,-88.61529910699413,-54.16582179885661,34.44947730813752,0.11402944338588382
slippery_grasp,analytic_nominal,anti_real_utility,1001,mild,64,8.542791320286247e-17,-98.22987858650447,-65.33836857672023,32.89151000978424,0.016810841296712935
slippery_grasp,oracle_true,anti_real_utility,1001,mild,1,0.0625,-44.91723340049276,-44.91723340049276,0.0,0.5558859875062264
slippery_grasp,oracle_true,anti_real_utility,1001,mild,8,0.004687958945737591,-88.61529910699413,-88.61529910699413,0.0,0.11402944338588382
slippery_grasp,oracle_true,anti_real_utility,1001,mild,64,8.542791320286247e-17,-98.22987858650447,-98.22987858650447,0.0,0.016810841296712935
slippery_grasp,horizon_wam,anti_real_utility,1001,mild,1,0.0625,-44.91723340049276,-47.364518956316005,-2.4472855558232425,0.5558859875062264
slippery_grasp,horizon_wam,anti_real_utility,1001,mild,8,0.004687958945737591,-88.61529910699413,-80.23811480723099,8.377184299763144,0.11402944338588382
slippery_grasp,horizon_wam,anti_real_utility,1001,mild,64,8.542791320286247e-17,-98.22987858650447,-84.40124960972,13.828628976784472,0.016810841296712935
slippery_grasp,mlp_dynamics_wam,anti_real_utility,1001,mild,1,0.0625,-44.91723340049276,-45.17764873064193,-0.26041533014916496,0.5558859875062264
slippery_grasp,mlp_dynamics_wam,anti_real_utility,1001,mild,8,0.004687958945737591,-88.61529910699413,-82.5457997935067,6.069499313487427,0.11402944338588382
slippery_grasp,mlp_dynamics_wam,anti_real_utility,1001,mild,64,8.542791320286247e-17,-98.22987858650447,-86.66746371572279,11.56241487078168,0.016810841296712935
slippery_grasp,ensemble_wam,anti_real_utility,1001,mild,1,0.0625,-44.91723340049276,-46.45318794711133,-1.5359545466185693,0.5558859875062264
slippery_grasp,ensemble_wam,anti_real_utility,1001,mild,8,0.004687958945737591,-88.61529910699413,-81.20331155515366,7.411987551840468,0.11402944338588382
slippery_grasp,ensemble_wam,anti_real_utility,1001,mild,64,8.542791320286247e-17,-98.22987858650447,-86.3089127555014,11.920965831003073,0.016810841296712935
slippery_grasp,randomized_dynamics_wam,predicted_utility,1001,mild,1,0.0625,-44.91723340049277,-22.475260573223782,22.441972827268987,0.5558859875062264
slippery_grasp,randomized_dynamics_wam,predicted_utility,1001,mild,8,0.002150915171789336,-46.40003268669389,-1.3449445382832343,45.055088148410654,0.5408925419696323
slippery_grasp,randomized_dynamics_wam,predicted_utility,1001,mild,64,8.504030004368175e-17,-59.44993646471814,0.8794959231167181,60.32943238783486,0.4089373789381732
slippery_grasp,analytic_nominal,anti_real_utility,1001,severe,1,0.0,-76.59417319960983,-22.47526057322378,54.11891262638605,0.523710914637636
slippery_grasp,analytic_nominal,anti_real_utility,1001,severe,8,0.0,-141.72931411078582,-53.671074945810744,88.05823916497508,0.10594021964592255
slippery_grasp,analytic_nominal,anti_real_utility,1001,severe,64,0.0,-156.15147366491792,-65.33833588662239,90.81313777829553,0.01343783865886713
slippery_grasp,oracle_true,anti_real_utility,1001,severe,1,0.0,-76.59417319960983,-76.59417319960983,0.0,0.523710914637636
slippery_grasp,oracle_true,anti_real_utility,1001,severe,8,0.0,-141.72931411078582,-141.72931411078582,0.0,0.10594021964592255
slippery_grasp,oracle_true,anti_real_utility,1001,severe,64,0.0,-156.15147366491792,-156.15147366491792,0.0,0.01343783865886713
slippery_grasp,horizon_wam,anti_real_utility,1001,severe,1,0.0,-76.59417319960983,-47.364518956316,29.22965424329383,0.523710914637636
slippery_grasp,horizon_wam,anti_real_utility,1001,severe,8,0.0,-141.72931411078582,-79.67858038416004,62.05073372662578,0.10594021964592255
slippery_grasp,horizon_wam,anti_real_utility,1001,severe,64,0.0,-156.15147366491792,-84.40125366450405,71.75022000041386,0.01343783865886713
slippery_grasp,mlp_dynamics_wam,anti_real_utility,1001,severe,1,0.0,-76.59417319960983,-45.17764873064193,31.4165244689679,0.523710914637636
slippery_grasp,mlp_dynamics_wam,anti_real_utility,1001,severe,8,0.0,-141.72931411078582,-81.90455503891567,59.82475907187015,0.10594021964592255
slippery_grasp,mlp_dynamics_wam,anti_real_utility,1001,severe,64,0.0,-156.15147366491792,-86.66744208132232,69.4840315835956,0.01343783865886713
slippery_grasp,ensemble_wam,anti_real_utility,1001,severe,1,0.0,-76.59417319960983,-46.453187947111324,30.140985252498503,0.523710914637636
slippery_grasp,ensemble_wam,anti_real_utility,1001,severe,8,0.0,-141.72931411078582,-80.61503948905778,61.11427462172804,0.10594021964592255
slippery_grasp,ensemble_wam,anti_real_utility,1001,severe,64,0.0,-156.15147366491792,-86.30892023872833,69.84255342618958,0.01343783865886713
slippery_grasp,randomized_dynamics_wam,predicted_utility,1001,severe,1,0.0,-76.59417319960983,-22.475260573223782,54.11891262638605,0.5237109146376357
slippery_grasp,randomized_dynamics_wam,predicted_utility,1001,severe,8,0.0,-74.8741372469387,-1.3449445382832343,73.52919270865547,0.5347430641855744
slippery_grasp,randomized_dynamics_wam,predicted_utility,1001,severe,64,0.0,-94.51154003560436,0.8794959231167181,95.39103595872108,0.408790601412205
slippery_grasp,analytic_nominal,anti_real_utility,1002,mild,1,0.03125,-60.14836505719944,-33.202779922230214,26.945585134969228,0.46037327745917933
slippery_grasp,analytic_nominal,anti_real_utility,1002,mild,8,0.000312651248343343,-93.9321247592187,-58.906027289024635,35.02609747019406,0.14826976279658735
slippery_grasp,analytic_nominal,anti_real_utility,1002,mild,64,8.483867173232799e-26,-105.89541704571398,-70.51705228647211,35.378364759241876,0.03774963115689042
slippery_grasp,oracle_true,anti_real_utility,1002,mild,1,0.03125,-60.14836505719944,-60.14836505719944,0.0,0.46037327745917933
slippery_grasp,oracle_true,anti_real_utility,1002,mild,8,0.000312651248343343,-93.9321247592187,-93.9321247592187,0.0,0.14826976279658735
slippery_grasp,oracle_true,anti_real_utility,1002,mild,64,8.483867173232799e-26,-105.89541704571398,-105.89541704571398,0.0,0.03774963115689042
slippery_grasp,horizon_wam,anti_real_utility,1002,mild,1,0.03125,-60.14836505719944,-64.06145707217502,-3.9130920149755752,0.46037327745917933
slippery_grasp,horizon_wam,anti_real_utility,1002,mild,8,0.000312651248343343,-93.9321247592187,-85.9513147199334,7.980810039285288,0.14826976279658735
slippery_grasp,horizon_wam,anti_real_utility,1002,mild,64,8.483867173232799e-26,-105.89541704571398,-88.82270088538137,17.072716160332618,0.03774963115689042
slippery_grasp,mlp_dynamics_wam,anti_real_utility,1002,mild,1,0.03125,-60.14836505719944,-62.41358687080538,-2.2652218136059403,0.46037327745917933
slippery_grasp,mlp_dynamics_wam,anti_real_utility,1002,mild,8,0.000312651248343343,-93.9321247592187,-86.94659414510171,6.985530614116982,0.14826976279658735
slippery_grasp,mlp_dynamics_wam,anti_real_utility,1002,mild,64,8.483867173232799e-26,-105.89541704571398,-92.28647668756449,13.608940358149496,0.03774963115689042
slippery_grasp,ensemble_wam,anti_real_utility,1002,mild,1,0.03125,-60.14836505719944,-64.32872801476186,-4.180362957562423,0.46037327745917933
slippery_grasp,ensemble_wam,anti_real_utility,1002,mild,8,0.000312651248343343,-93.9321247592187,-87.16622527270808,6.7658994865106195,0.14826976279658735
slippery_grasp,ensemble_wam,anti_real_utility,1002,mild,64,8.483867173232799e-26,-105.89541704571398,-89.67143322340303,16.223983822310956,0.03774963115689042
slippery_grasp,randomized_dynamics_wam,predicted_utility,1002,mild,1,0.03125,-60.14836505719943,-33.202779922230214,26.945585134969214,0.46037327745917933
slippery_grasp,randomized_dynamics_wam,predicted_utility,1002,mild,8,0.027326745216775805,-66.77039831910879,-3.4752786497200825,63.29511966938871,0.3991971421360591
slippery_grasp,randomized_dynamics_wam,predicted_utility,1002,mild,64,1.2045289601938813e-06,-83.51003829787021,-0.7733959957757135,82.7366423020945,0.2445518179436306
slippery_grasp,analytic_nominal,anti_real_utility,1002,severe,1,0.0,-100.8518540961863,-33.202779922230214,67.64907417395608,0.42827846173812734
slippery_grasp,analytic_nominal,anti_real_utility,1002,severe,8,0.0,-148.9500805825868,-58.79226355671668,90.15781702587012,0.14827341124389024
slippery_grasp,analytic_nominal,anti_real_utility,1002,severe,64,0.0,-167.88558299559614,-70.54347865818622,97.34210433740992,0.03803990168221119
slippery_grasp,oracle_true,anti_real_utility,1002,severe,1,0.0,-100.8518540961863,-100.8518540961863,0.0,0.42827846173812734
slippery_grasp,oracle_true,anti_real_utility,1002,severe,8,0.0,-148.9500805825868,-148.9500805825868,0.0,0.14827341124389024
slippery_grasp,oracle_true,anti_real_utility,1002,severe,64,0.0,-167.88558299559614,-167.88558299559614,0.0,0.03803990168221119
slippery_grasp,horizon_wam,anti_real_utility,1002,severe,1,0.0,-100.8518540961863,-64.06145707217502,36.790397024011284,0.42827846173812734
slippery_grasp,horizon_wam,anti_real_utility,1002,severe,8,0.0,-148.9500805825868,-85.6694141992392,63.280666383347594,0.14827341124389024
slippery_grasp,horizon_wam,anti_real_utility,1002,severe,64,0.0,-167.88558299559614,-88.81463205860352,79.07095093699262,0.03803990168221119
slippery_grasp,mlp_dynamics_wam,anti_real_utility,1002,severe,1,0.0,-100.8518540961863,-62.41358687080539,38.43826722538091,0.42827846173812734
slippery_grasp,mlp_dynamics_wam,anti_real_utility,1002,severe,8,0.0,-148.9500805825868,-86.854054680372,62.09602590221479,0.14827341124389024
slippery_grasp,mlp_dynamics_wam,anti_real_utility,1002,severe,64,0.0,-167.88558299559614,-92.30841493469569,75.57716806090045,0.03803990168221119
slippery_grasp,ensemble_wam,anti_real_utility,1002,severe,1,0.0,-100.8518540961863,-64.32872801476186,36.52312608142444,0.42827846173812734
slippery_grasp,ensemble_wam,anti_real_utility,1002,severe,8,0.0,-148.9500805825868,-86.85298316694231,62.097097415644484,0.14827341124389024
slippery_grasp,ensemble_wam,anti_real_utility,1002,severe,64,0.0,-167.88558299559614,-89.65997571406535,78.22560728153078,0.03803990168221119
slippery_grasp,randomized_dynamics_wam,predicted_utility,1002,severe,1,0.0,-100.85185409618627,-33.202779922230214,67.64907417395605,0.42827846173812745
slippery_grasp,randomized_dynamics_wam,predicted_utility,1002,severe,8,0.0,-112.74853270039424,-3.4752786497200825,109.27325405067415,0.35902164424971494
slippery_grasp,randomized_dynamics_wam,predicted_utility,1002,severe,64,0.0,-136.73531653983613,-0.7733959957757135,135.96192054406043,0.2193819712140302
slippery_grasp,analytic_nominal,anti_real_utility,1003,mild,1,0.046875,-47.14193285724987,-23.08439892376418,24.05753393348569,0.5776977396969419
slippery_grasp,analytic_nominal,anti_real_utility,1003,mild,8,0.007245877229937747,-96.62080353875598,-58.63246817360696,37.98833536514902,0.12488186760756034
slippery_grasp,analytic_nominal,anti_real_utility,1003,mild,64,1.3943609344205482e-14,-109.06724158678288,-69.82820619240269,39.239035394380195,0.01097577756354615
slippery_grasp,oracle_true,anti_real_utility,1003,mild,1,0.046875,-47.14193285724987,-47.14193285724987,0.0,0.5776977396969419
slippery_grasp,oracle_true,anti_real_utility,1003,mild,8,0.007245877229937747,-96.62080353875598,-96.62080353875598,0.0,0.12488186760756034
slippery_grasp,oracle_true,anti_real_utility,1003,mild,64,1.3943609344205482e-14,-109.06724158678288,-109.06724158678288,0.0,0.01097577756354615
slippery_grasp,horizon_wam,anti_real_utility,1003,mild,1,0.046875,-47.14193285724987,-50.07336688657403,-2.9314340293241585,0.5776977396969419
slippery_grasp,horizon_wam,anti_real_utility,1003,mild,8,0.007245877229937747,-96.62080353875598,-84.20042122411638,12.420382314639596,0.12488186760756034
slippery_grasp,horizon_wam,anti_real_utility,1003,mild,64,1.3943609344205482e-14,-109.06724158678288,-86.9566564376656,22.110585149117284,0.01097577756354615
slippery_grasp,mlp_dynamics_wam,anti_real_utility,1003,mild,1,0.046875,-47.14193285724987,-48.52045614888116,-1.3785232916312893,0.5776977396969419
slippery_grasp,mlp_dynamics_wam,anti_real_utility,1003,mild,8,0.007245877229937747,-96.62080353875598,-86.32319543859965,10.297608100156324,0.12488186760756034
slippery_grasp,mlp_dynamics_wam,anti_real_utility,1003,mild,64,1.3943609344205482e-14,-109.06724158678288,-91.94380062536077,17.12344096142212,0.01097577756354615
slippery_grasp,ensemble_wam,anti_real_utility,1003,mild,1,0.046875,-47.14193285724987,-49.58406662772347,-2.4421337704736032,0.5776977396969419
slippery_grasp,ensemble_wam,anti_real_utility,1003,mild,8,0.007245877229937747,-96.62080353875598,-85.04640460057887,11.574398938177112,0.12488186760756034
slippery_grasp,ensemble_wam,anti_real_utility,1003,mild,64,1.3943609344205482e-14,-109.06724158678288,-88.6212834068435,20.44595817993938,0.01097577756354615
slippery_grasp,randomized_dynamics_wam,predicted_utility,1003,mild,1,0.046875,-47.14193285724987,-23.084398923764176,24.057533933485693,0.5776977396969422
slippery_grasp,randomized_dynamics_wam,predicted_utility,1003,mild,8,0.0020223274639157296,-50.79053743882438,-1.2829999352188826,49.5075375036055,0.5443067984171827
slippery_grasp,randomized_dynamics_wam,predicted_utility,1003,mild,64,8.504030004317063e-17,-27.018533391200172,0.7507994843403989,27.76933287554057,0.7618610917119303
slippery_grasp,analytic_nominal,anti_real_utility,1003,severe,1,0.0,-79.7710136219324,-23.08439892376418,56.68661469816821,0.5483606674374434
slippery_grasp,analytic_nominal,anti_real_utility,1003,severe,8,0.0,-154.6484892064078,-57.722043843228874,96.92644536317891,0.11599145978687261
slippery_grasp,analytic_nominal,anti_real_utility,1003,severe,64,0.0,-173.06324095820867,-68.73352509007269,104.32971586813598,0.009658125738697424
slippery_grasp,oracle_true,anti_real_utility,1003,severe,1,0.0,-79.7710136219324,-79.7710136219324,0.0,0.5483606674374434
slippery_grasp,oracle_true,anti_real_utility,1003,severe,8,0.0,-154.6484892064078,-154.6484892064078,0.0,0.11599145978687261
slippery_grasp,oracle_true,anti_real_utility,1003,severe,64,0.0,-173.06324095820867,-173.06324095820867,0.0,0.009658125738697424
slippery_grasp,horizon_wam,anti_real_utility,1003,severe,1,0.0,-79.7710136219324,-50.07336688657403,29.69764673535837,0.5483606674374434
slippery_grasp,horizon_wam,anti_real_utility,1003,severe,8,0.0,-154.6484892064078,-83.41216455598688,71.23632465042091,0.11599145978687261
slippery_grasp,horizon_wam,anti_real_utility,1003,severe,64,0.0,-173.06324095820867,-86.73616303816848,86.32707792004018,0.009658125738697424
slippery_grasp,mlp_dynamics_wam,anti_real_utility,1003,severe,1,0.0,-79.7710136219324,-48.520456148881145,31.250557473051252,0.5483606674374434
slippery_grasp,mlp_dynamics_wam,anti_real_utility,1003,severe,8,0.0,-154.6484892064078,-85.58324657849958,69.0652426279082,0.11599145978687261
slippery_grasp,mlp_dynamics_wam,anti_real_utility,1003,severe,64,0.0,-173.06324095820867,-91.98624859254049,81.07699236566818,0.009658125738697424
slippery_grasp,ensemble_wam,anti_real_utility,1003,severe,1,0.0,-79.7710136219324,-49.58406662772347,30.186946994208924,0.5483606674374434
slippery_grasp,ensemble_wam,anti_real_utility,1003,severe,8,0.0,-154.6484892064078,-84.16024269563101,70.48824651077678,0.11599145978687261
slippery_grasp,ensemble_wam,anti_real_utility,1003,severe,64,0.0,-173.06324095820867,-88.39792833301269,84.66531262519598,0.009658125738697424
slippery_grasp,randomized_dynamics_wam,predicted_utility,1003,severe,1,0.0,-79.7710136219324,-23.084398923764176,56.68661469816822,0.5483606674374433
slippery_grasp,randomized_dynamics_wam,predicted_utility,1003,severe,8,0.0,-83.6338927060384,-1.2829999352188826,82.35089277081951,0.5260550280471223
slippery_grasp,randomized_dynamics_wam,predicted_utility,1003,severe,64,0.0,-43.701595587631644,0.7507994843403989,44.45239507197204,0.7566383313700831
slippery_grasp,analytic_nominal,anti_real_utility,1004,mild,1,0.03125,-50.05106579086764,-26.21554773750527,23.83551805336237,0.5193027064986991
slippery_grasp,analytic_nominal,anti_real_utility,1004,mild,8,0.0005537031714695217,-94.13994163133212,-54.68446920348709,39.45547242784503,0.09223154356628131
slippery_grasp,analytic_nominal,anti_real_utility,1004,mild,64,7.7191909087948e-22,-102.04196491184082,-58.83344767365867,43.208517238182154,0.015687830269137427
slippery_grasp,oracle_true,anti_real_utility,1004,mild,1,0.03125,-50.05106579086764,-50.05106579086764,0.0,0.5193027064986991
slippery_grasp,oracle_true,anti_real_utility,1004,mild,8,0.0005537031714695217,-94.13994163133212,-94.13994163133212,0.0,0.09223154356628131
slippery_grasp,oracle_true,anti_real_utility,1004,mild,64,7.7191909087948e-22,-102.04196491184082,-102.04196491184082,0.0,0.015687830269137427
slippery_grasp,horizon_wam,anti_real_utility,1004,mild,1,0.03125,-50.05106579086764,-52.26339149532535,-2.2123257044577116,0.5193027064986991
slippery_grasp,horizon_wam,anti_real_utility,1004,mild,8,0.0005537031714695217,-94.13994163133212,-83.47334389464874,10.666597736683386,0.09223154356628131
slippery_grasp,horizon_wam,anti_real_utility,1004,mild,64,7.7191909087948e-22,-102.04196491184082,-84.69198736956062,17.3499775422802,0.015687830269137427
slippery_grasp,mlp_dynamics_wam,anti_real_utility,1004,mild,1,0.03125,-50.05106579086764,-51.92089426727387,-1.8698284764062336,0.5193027064986991
slippery_grasp,mlp_dynamics_wam,anti_real_utility,1004,mild,8,0.0005537031714695217,-94.13994163133212,-86.17793328364966,7.962008347682456,0.09223154356628131
slippery_grasp,mlp_dynamics_wam,anti_real_utility,1004,mild,64,7.7191909087948e-22,-102.04196491184082,-89.07795666985082,12.964008241990001,0.015687830269137427
slippery_grasp,ensemble_wam,anti_real_utility,1004,mild,1,0.03125,-50.05106579086764,-51.887521142847255,-1.836455351979616,0.5193027064986991
slippery_grasp,ensemble_wam,anti_real_utility,1004,mild,8,0.0005537031714695217,-94.13994163133212,-84.5376792082257,9.602262423106424,0.09223154356628131
slippery_grasp,ensemble_wam,anti_real_utility,1004,mild,64,7.7191909087948e-22,-102.04196491184082,-86.86538304595987,15.176581865880948,0.015687830269137427
slippery_grasp,randomized_dynamics_wam,predicted_utility,1004,mild,1,0.03125,-50.051065790867625,-26.215547737505254,23.83551805336237,0.5193027064986991
slippery_grasp,randomized_dynamics_wam,predicted_utility,1004,mild,8,0.027326799420848147,-50.24728518489959,-1.4370593159928633,48.81022586890673,0.5174020083474843
slippery_grasp,randomized_dynamics_wam,predicted_utility,1004,mild,64,1.2045289601938813e-06,-69.91721281216066,0.22337955108162705,70.14059236324228,0.3268673506490678
slippery_grasp,analytic_nominal,anti_real_utility,1004,severe,1,0.0,-84.99203678990592,-26.21554773750527,58.776489052400656,0.4957598183217719
slippery_grasp,analytic_nominal,anti_real_utility,1004,severe,8,0.0,-149.94717556544336,-54.56670150944315,95.38047405600021,0.09479867833581383
slippery_grasp,analytic_nominal,anti_real_utility,1004,severe,64,0.0,-162.5454319272299,-58.95378593981522,103.5916459874147,0.017030986235066645
slippery_grasp,oracle_true,anti_real_utility,1004,severe,1,0.0,-84.99203678990592,-84.99203678990592,0.0,0.4957598183217719
slippery_grasp,oracle_true,anti_real_utility,1004,severe,8,0.0,-149.94717556544336,-149.94717556544336,0.0,0.09479867833581383
slippery_grasp,oracle_true,anti_real_utility,1004,severe,64,0.0,-162.5454319272299,-162.5454319272299,0.0,0.017030986235066645
slippery_grasp,horizon_wam,anti_real_utility,1004,severe,1,0.0,-84.99203678990592,-52.26339149532535,32.72864529458057,0.4957598183217719
slippery_grasp,horizon_wam,anti_real_utility,1004,severe,8,0.0,-149.94717556544336,-83.01494161205042,66.93223395339294,0.09479867833581383
slippery_grasp,horizon_wam,anti_real_utility,1004,severe,64,0.0,-162.5454319272299,-84.7106117507586,77.83482017647131,0.017030986235066645
slippery_grasp,mlp_dynamics_wam,anti_real_utility,1004,severe,1,0.0,-84.99203678990592,-51.920894267273866,33.07114252263206,0.4957598183217719
slippery_grasp,mlp_dynamics_wam,anti_real_utility,1004,severe,8,0.0,-149.94717556544336,-85.9409858024861,64.00618976295726,0.09479867833581383
slippery_grasp,mlp_dynamics_wam,anti_real_utility,1004,severe,64,0.0,-162.5454319272299,-89.12380628720251,73.4216256400274,0.017030986235066645
slippery_grasp,ensemble_wam,anti_real_utility,1004,severe,1,0.0,-84.99203678990592,-51.88752114284726,33.10451564705866,0.4957598183217719
slippery_grasp,ensemble_wam,anti_real_utility,1004,severe,8,0.0,-149.94717556544336,-84.03408319693304,65.91309236851032,0.09479867833581383
slippery_grasp,ensemble_wam,anti_real_utility,1004,severe,64,0.0,-162.5454319272299,-86.88079583499984,75.66463609223007,0.017030986235066645
slippery_grasp,randomized_dynamics_wam,predicted_utility,1004,severe,1,0.0,-84.992036789906,-26.215547737505254,58.77648905240074,0.4957598183217718
slippery_grasp,randomized_dynamics_wam,predicted_utility,1004,severe,8,0.0,-86.61982561125396,-1.4370593159928633,85.18276629526109,0.4857116516367687
slippery_grasp,randomized_dynamics_wam,predicted_utility,1004,severe,64,0.0,-125.38163895193019,0.22337955108162705,125.6050185030118,0.24643911434440477
slippery_grasp,analytic_nominal,anti_real_utility,1005,mild,1,0.078125,-57.26434398380696,-30.62680964095295,26.63753434285401,0.4990931358725382
slippery_grasp,analytic_nominal,anti_real_utility,1005,mild,8,0.0013549556333636303,-92.81337618137083,-59.48061529566387,33.33276088570696,0.17753465194097326
slippery_grasp,analytic_nominal,anti_real_utility,1005,mild,64,4.710496519818231e-20,-106.25156754647328,-69.15950796611378,37.0920595803595,0.05597960036798791
slippery_grasp,oracle_true,anti_real_utility,1005,mild,1,0.078125,-57.26434398380696,-57.26434398380696,0.0,0.4990931358725382
slippery_grasp,oracle_true,anti_real_utility,1005,mild,8,0.0013549556333636303,-92.81337618137083,-92.81337618137083,0.0,0.17753465194097326
slippery_grasp,oracle_true,anti_real_utility,1005,mild,64,4.710496519818231e-20,-106.25156754647328,-106.25156754647328,0.0,0.05597960036798791
slippery_grasp,horizon_wam,anti_real_utility,1005,mild,1,0.078125,-57.26434398380696,-57.633018187707584,-0.3686742039006248,0.4990931358725382
slippery_grasp,horizon_wam,anti_real_utility,1005,mild,8,0.0013549556333636303,-92.81337618137083,-82.76164270101276,10.051733480358067,0.17753465194097326
slippery_grasp,horizon_wam,anti_real_utility,1005,mild,64,4.710496519818231e-20,-106.25156754647328,-84.59062530341244,21.660942243060845,0.05597960036798791
slippery_grasp,mlp_dynamics_wam,anti_real_utility,1005,mild,1,0.078125,-57.26434398380696,-58.36306141356662,-1.0987174297596596,0.4990931358725382
slippery_grasp,mlp_dynamics_wam,anti_real_utility,1005,mild,8,0.0013549556333636303,-92.81337618137083,-85.80273438945838,7.010641791912448,0.17753465194097326
slippery_grasp,mlp_dynamics_wam,anti_real_utility,1005,mild,64,4.710496519818231e-20,-106.25156754647328,-89.7425165727722,16.50905097370108,0.05597960036798791
slippery_grasp,ensemble_wam,anti_real_utility,1005,mild,1,0.078125,-57.26434398380696,-57.61737950521774,-0.3530355214107814,0.4990931358725382
slippery_grasp,ensemble_wam,anti_real_utility,1005,mild,8,0.0013549556333636303,-92.81337618137083,-83.4357652989115,9.377610882459322,0.17753465194097326
slippery_grasp,ensemble_wam,anti_real_utility,1005,mild,64,4.710496519818231e-20,-106.25156754647328,-85.75726260780681,20.494304938666474,0.05597960036798791
slippery_grasp,randomized_dynamics_wam,predicted_utility,1005,mild,1,0.078125,-57.26434398380695,-30.626809640952946,26.637534342854007,0.49909313587253834
slippery_grasp,randomized_dynamics_wam,predicted_utility,1005,mild,8,0.027736575631596594,-54.37464186325081,-3.874680160583893,50.499961702666916,0.5252319130897571
slippery_grasp,randomized_dynamics_wam,predicted_utility,1005,mild,64,3.5103981923584566e-07,-46.28575815810814,-1.324130259104828,44.96162789900331,0.5983998453830774
slippery_grasp,analytic_nominal,anti_real_utility,1005,severe,1,0.0,-99.37514266056571,-30.626809640952953,68.74833301961276,0.448775467010949
slippery_grasp,analytic_nominal,anti_real_utility,1005,severe,8,0.0,-147.58186328804152,-58.50190253717004,89.07996075087148,0.1743495732641655
slippery_grasp,analytic_nominal,anti_real_utility,1005,severe,64,0.0,-168.39610876002757,-69.15950596429869,99.23660279572888,0.055860536010319824
slippery_grasp,oracle_true,anti_real_utility,1005,severe,1,0.0,-99.37514266056571,-99.37514266056571,0.0,0.448775467010949
slippery_grasp,oracle_true,anti_real_utility,1005,severe,8,0.0,-147.58186328804152,-147.58186328804152,0.0,0.1743495732641655
slippery_grasp,oracle_true,anti_real_utility,1005,severe,64,0.0,-168.39610876002757,-168.39610876002757,0.0,0.055860536010319824
slippery_grasp,horizon_wam,anti_real_utility,1005,severe,1,0.0,-99.37514266056571,-57.63301818770759,41.74212447285812,0.448775467010949
slippery_grasp,horizon_wam,anti_real_utility,1005,severe,8,0.0,-147.58186328804152,-81.98004329530033,65.60181999274118,0.1743495732641655
slippery_grasp,horizon_wam,anti_real_utility,1005,severe,64,0.0,-168.39610876002757,-84.59062331261572,83.80548544741185,0.055860536010319824
slippery_grasp,mlp_dynamics_wam,anti_real_utility,1005,severe,1,0.0,-99.37514266056571,-58.36306141356662,41.012081246999095,0.448775467010949
slippery_grasp,mlp_dynamics_wam,anti_real_utility,1005,severe,8,0.0,-147.58186328804152,-85.18866519933468,62.39319808870684,0.1743495732641655
slippery_grasp,mlp_dynamics_wam,anti_real_utility,1005,severe,64,0.0,-168.39610876002757,-89.74251504858348,78.65359371144409,0.055860536010319824
slippery_grasp,ensemble_wam,anti_real_utility,1005,severe,1,0.0,-99.37514266056571,-57.61737950521774,41.75776315534797,0.448775467010949
slippery_grasp,ensemble_wam,anti_real_utility,1005,severe,8,0.0,-147.58186328804152,-82.59049565535271,64.9913676326888,0.1743495732641655
slippery_grasp,ensemble_wam,anti_real_utility,1005,severe,64,0.0,-168.39610876002757,-85.75726042136256,82.63884833866501,0.055860536010319824
slippery_grasp,randomized_dynamics_wam,predicted_utility,1005,severe,1,0.0,-99.37514266056571,-30.626809640952946,68.74833301961277,0.448775467010949
slippery_grasp,randomized_dynamics_wam,predicted_utility,1005,severe,8,0.0,-96.84641676166447,-3.874680160583893,92.97173660108058,0.46317071845750973
slippery_grasp,randomized_dynamics_wam,predicted_utility,1005,severe,64,0.0,-113.72303139669938,-1.324130259104828,112.39890113759455,0.36709739103851474
nonstationary_shift,analytic_nominal,anti_real_utility,1001,mild,1,0.03125,-0.061618123195741996,-0.0031030480442504824,0.058515075151491514,0.3008524993868085
nonstationary_shift,analytic_nominal,anti_real_utility,1001,mild,8,9.094947017729282e-13,-0.5914656266577782,0.10490880206053341,0.6963744287183117,0.1820968486186461
nonstationary_shift,analytic_nominal,anti_real_utility,1001,mild,64,4.6816763546921983e-97,-1.2408618454201608,-0.19587990109403242,1.0449819443261283,0.03654653449692185
nonstationary_shift,oracle_true,anti_real_utility,1001,mild,1,0.03125,-0.061618123195741996,-0.061618123195741996,0.0,0.3008524993868085
nonstationary_shift,oracle_true,anti_real_utility,1001,mild,8,9.094947017729282e-13,-0.5914656266577782,-0.5914656266577782,0.0,0.1820968486186461
nonstationary_shift,oracle_true,anti_real_utility,1001,mild,64,4.6816763546921983e-97,-1.2408618454201608,-1.2408618454201608,0.0,0.03654653449692185
nonstationary_shift,horizon_wam,anti_real_utility,1001,mild,1,0.03125,-0.061618123195741996,0.048406567454083664,0.11002469064982566,0.3008524993868085
nonstationary_shift,horizon_wam,anti_real_utility,1001,mild,8,9.094947017729282e-13,-0.5914656266577782,-0.10862933808255473,0.48283628857522354,0.1820968486186461
nonstationary_shift,horizon_wam,anti_real_utility,1001,mild,64,4.6816763546921983e-97,-1.2408618454201608,-0.700555514135889,0.5403063312842717,0.03654653449692185
nonstationary_shift,mlp_dynamics_wam,anti_real_utility,1001,mild,1,0.03125,-0.061618123195741996,0.010703151174247302,0.0723212743699893,0.3008524993868085
nonstationary_shift,mlp_dynamics_wam,anti_real_utility,1001,mild,8,9.094947017729282e-13,-0.5914656266577782,-0.06414126612452589,0.5273243605332524,0.1820968486186461
nonstationary_shift,mlp_dynamics_wam,anti_real_utility,1001,mild,64,4.6816763546921983e-97,-1.2408618454201608,-0.41276220202969593,0.8280996433904648,0.03654653449692185
nonstationary_shift,ensemble_wam,anti_real_utility,1001,mild,1,0.03125,-0.061618123195741996,0.007823544394395391,0.06944166759013738,0.3008524993868085
nonstationary_shift,ensemble_wam,anti_real_utility,1001,mild,8,9.094947017729282e-13,-0.5914656266577782,-0.10905022466737166,0.48241540199040656,0.1820968486186461
nonstationary_shift,ensemble_wam,anti_real_utility,1001,mild,64,4.6816763546921983e-97,-1.2408618454201608,-0.637563791169929,0.6032980542502318,0.03654653449692185
nonstationary_shift,randomized_dynamics_wam,predicted_utility,1001,mild,1,0.03125,-0.061618123195742,-0.0031030480442504546,0.05851507515149155,0.3008524993868085
nonstationary_shift,randomized_dynamics_wam,predicted_utility,1001,mild,8,0.1249762588485126,0.16307245974774617,0.5235301255582392,0.360457665810493,0.3512127940462767
nonstationary_shift,randomized_dynamics_wam,predicted_utility,1001,mild,64,0.030268061739217658,-0.6391349574153188,2.097768254612357,2.7369032120276757,0.17141263786214467
nonstationary_shift,analytic_nominal,anti_real_utility,1001,severe,1,0.03125,-0.061618123195741996,-0.0031030480442504824,0.058515075151491514,0.3008524993868085
nonstationary_shift,analytic_nominal,anti_real_utility,1001,severe,8,9.094947017729282e-13,-0.5914656266577782,0.10490880206053341,0.6963744287183117,0.1820968486186461
nonstationary_shift,analytic_nominal,anti_real_utility,1001,severe,64,4.6816763546921983e-97,-1.2408618454201608,-0.19587990109403242,1.0449819443261283,0.03654653449692185
nonstationary_shift,oracle_true,anti_real_utility,1001,severe,1,0.03125,-0.061618123195741996,-0.061618123195741996,0.0,0.3008524993868085
nonstationary_shift,oracle_true,anti_real_utility,1001,severe,8,9.094947017729282e-13,-0.5914656266577782,-0.5914656266577782,0.0,0.1820968486186461
nonstationary_shift,oracle_true,anti_real_utility,1001,severe,64,4.6816763546921983e-97,-1.2408618454201608,-1.2408618454201608,0.0,0.03654653449692185
nonstationary_shift,horizon_wam,anti_real_utility,1001,severe,1,0.03125,-0.061618123195741996,0.048406567454083664,0.11002469064982566,0.3008524993868085
nonstationary_shift,horizon_wam,anti_real_utility,1001,severe,8,9.094947017729282e-13,-0.5914656266577782,-0.10862933808255473,0.48283628857522354,0.1820968486186461
nonstationary_shift,horizon_wam,anti_real_utility,1001,severe,64,4.6816763546921983e-97,-1.2408618454201608,-0.700555514135889,0.5403063312842717,0.03654653449692185
nonstationary_shift,mlp_dynamics_wam,anti_real_utility,1001,severe,1,0.03125,-0.061618123195741996,0.010703151174247302,0.0723212743699893,0.3008524993868085
nonstationary_shift,mlp_dynamics_wam,anti_real_utility,1001,severe,8,9.094947017729282e-13,-0.5914656266577782,-0.06414126612452589,0.5273243605332524,0.1820968486186461
nonstationary_shift,mlp_dynamics_wam,anti_real_utility,1001,severe,64,4.6816763546921983e-97,-1.2408618454201608,-0.41276220202969593,0.8280996433904648,0.03654653449692185
nonstationary_shift,ensemble_wam,anti_real_utility,1001,severe,1,0.03125,-0.061618123195741996,0.007823544394395391,0.06944166759013738,0.3008524993868085
nonstationary_shift,ensemble_wam,anti_real_utility,1001,severe,8,9.094947017729282e-13,-0.5914656266577782,-0.10905022466737166,0.48241540199040656,0.1820968486186461
nonstationary_shift,ensemble_wam,anti_real_utility,1001,severe,64,4.6816763546921983e-97,-1.2408618454201608,-0.637563791169929,0.6032980542502318,0.03654653449692185
nonstationary_shift,randomized_dynamics_wam,predicted_utility,1001,severe,1,0.03125,-0.061618123195742,-0.0031030480442504546,0.05851507515149155,0.3008524993868085
nonstationary_shift,randomized_dynamics_wam,predicted_utility,1001,severe,8,0.1249762588485126,0.16307245974774617,0.5235301255582392,0.360457665810493,0.3512127940462767
nonstationary_shift,randomized_dynamics_wam,predicted_utility,1001,severe,64,0.030268061739217658,-0.6391349574153188,2.097768254612357,2.7369032120276757,0.17141263786214467
nonstationary_shift,analytic_nominal,anti_real_utility,1002,mild,1,0.078125,0.1407904736515347,0.04531962906104941,-0.09547084459048527,0.34139921984769434
nonstationary_shift,analytic_nominal,anti_real_utility,1002,mild,8,1.3877787807814457e-09,-0.6620911183742378,0.018883262455585605,0.6809743808298234,0.16513028006045816
nonstationary_shift,analytic_nominal,anti_real_utility,1002,mild,64,1.3758210268297398e-71,-1.2625442532167928,-0.12776542366789745,1.1347788295488952,0.03330357171163607
nonstationary_shift,oracle_true,anti_real_utility,1002,mild,1,0.078125,0.1407904736515347,0.1407904736515347,0.0,0.34139921984769434
nonstationary_shift,oracle_true,anti_real_utility,1002,mild,8,1.3877787807814457e-09,-0.6620911183742378,-0.6620911183742378,0.0,0.16513028006045816
nonstationary_shift,oracle_true,anti_real_utility,1002,mild,64,1.3758210268297398e-71,-1.2625442532167928,-1.2625442532167928,0.0,0.03330357171163607
nonstationary_shift,horizon_wam,anti_real_utility,1002,mild,1,0.078125,0.1407904736515347,-0.12316870806656718,-0.26395918171810184,0.34139921984769434
nonstationary_shift,horizon_wam,anti_real_utility,1002,mild,8,1.3877787807814457e-09,-0.6620911183742378,-0.5599336318430035,0.10215748653123435,0.16513028006045816
nonstationary_shift,horizon_wam,anti_real_utility,1002,mild,64,1.3758210268297398e-71,-1.2625442532167928,-0.6847550389204067,0.5777892142963861,0.03330357171163607
nonstationary_shift,mlp_dynamics_wam,anti_real_utility,1002,mild,1,0.078125,0.1407904736515347,-0.12780247061453492,-0.2685929442660696,0.34139921984769434
nonstationary_shift,mlp_dynamics_wam,anti_real_utility,1002,mild,8,1.3877787807814457e-09,-0.6620911183742378,-0.38162557250226703,0.2804655458719708,0.16513028006045816
nonstationary_shift,mlp_dynamics_wam,anti_real_utility,1002,mild,64,1.3758210268297398e-71,-1.2625442532167928,-0.5299413491410677,0.732602904075725,0.03330357171163607
nonstationary_shift,ensemble_wam,anti_real_utility,1002,mild,1,0.078125,0.1407904736515347,-0.1388721173898223,-0.279662591041357,0.34139921984769434
nonstationary_shift,ensemble_wam,anti_real_utility,1002,mild,8,1.3877787807814457e-09,-0.6620911183742378,-0.6137191961818168,0.048371922192421035,0.16513028006045816
nonstationary_shift,ensemble_wam,anti_real_utility,1002,mild,64,1.3758210268297398e-71,-1.2625442532167928,-0.6518673884062661,0.6106768648105266,0.03330357171163607
nonstationary_shift,randomized_dynamics_wam,predicted_utility,1002,mild,1,0.078125,0.14079047365153463,0.045319629061049416,-0.09547084459048522,0.34139921984769434
nonstationary_shift,randomized_dynamics_wam,predicted_utility,1002,mild,8,0.0479977236749356,0.0681025330584291,0.4291247392781889,0.3610222062197598,0.3254409187097439
nonstationary_shift,randomized_dynamics_wam,predicted_utility,1002,mild,64,1.2050304806542736e-06,-0.10032605178549273,1.9329286280478688,2.0332546798333615,0.28846320197645303
nonstationary_shift,analytic_nominal,anti_real_utility,1002,severe,1,0.078125,0.1407904736515347,0.04531962906104941,-0.09547084459048527,0.34139921984769434
nonstationary_shift,analytic_nominal,anti_real_utility,1002,severe,8,1.3877787807814457e-09,-0.6620911183742378,0.018883262455585605,0.6809743808298234,0.16513028006045816
nonstationary_shift,analytic_nominal,anti_real_utility,1002,severe,64,1.3758210268297398e-71,-1.2625442532167928,-0.12776542366789745,1.1347788295488952,0.03330357171163607
nonstationary_shift,oracle_true,anti_real_utility,1002,severe,1,0.078125,0.1407904736515347,0.1407904736515347,0.0,0.34139921984769434
nonstationary_shift,oracle_true,anti_real_utility,1002,severe,8,1.3877787807814457e-09,-0.6620911183742378,-0.6620911183742378,0.0,0.16513028006045816
nonstationary_shift,oracle_true,anti_real_utility,1002,severe,64,1.3758210268297398e-71,-1.2625442532167928,-1.2625442532167928,0.0,0.03330357171163607
nonstationary_shift,horizon_wam,anti_real_utility,1002,severe,1,0.078125,0.1407904736515347,-0.12316870806656718,-0.26395918171810184,0.34139921984769434
nonstationary_shift,horizon_wam,anti_real_utility,1002,severe,8,1.3877787807814457e-09,-0.6620911183742378,-0.5599336318430035,0.10215748653123435,0.16513028006045816
nonstationary_shift,horizon_wam,anti_real_utility,1002,severe,64,1.3758210268297398e-71,-1.2625442532167928,-0.6847550389204067,0.5777892142963861,0.03330357171163607
nonstationary_shift,mlp_dynamics_wam,anti_real_utility,1002,severe,1,0.078125,0.1407904736515347,-0.12780247061453492,-0.2685929442660696,0.34139921984769434
nonstationary_shift,mlp_dynamics_wam,anti_real_utility,1002,severe,8,1.3877787807814457e-09,-0.6620911183742378,-0.38162557250226703,0.2804655458719708,0.16513028006045816
nonstationary_shift,mlp_dynamics_wam,anti_real_utility,1002,severe,64,1.3758210268297398e-71,-1.2625442532167928,-0.5299413491410677,0.732602904075725,0.03330357171163607
nonstationary_shift,ensemble_wam,anti_real_utility,1002,severe,1,0.078125,0.1407904736515347,-0.1388721173898223,-0.279662591041357,0.34139921984769434
nonstationary_shift,ensemble_wam,anti_real_utility,1002,severe,8,1.3877787807814457e-09,-0.6620911183742378,-0.6137191961818168,0.048371922192421035,0.16513028006045816
nonstationary_shift,ensemble_wam,anti_real_utility,1002,severe,64,1.3758210268297398e-71,-1.2625442532167928,-0.6518673884062661,0.6106768648105266,0.03330357171163607
nonstationary_shift,randomized_dynamics_wam,predicted_utility,1002,severe,1,0.078125,0.14079047365153463,0.045319629061049416,-0.09547084459048522,0.34139921984769434
nonstationary_shift,randomized_dynamics_wam,predicted_utility,1002,severe,8,0.0479977236749356,0.0681025330584291,0.4291247392781889,0.3610222062197598,0.3254409187097439
nonstationary_shift,randomized_dynamics_wam,predicted_utility,1002,severe,64,1.2050304806542736e-06,-0.10032605178549273,1.9329286280478688,2.0332546798333615,0.28846320197645303
nonstationary_shift,analytic_nominal,anti_real_utility,1003,mild,1,0.0,-0.1591783231324962,0.08491802747939702,0.24409635061189322,0.6492480596653587
nonstationary_shift,analytic_nominal,anti_real_utility,1003,mild,8,0.0,-0.5857975382510848,0.2860148921968009,0.8718124304478857,0.2629747567810602
nonstationary_shift,analytic_nominal,anti_real_utility,1003,mild,64,0.0,-0.8493822712898513,-0.08171109758911436,0.767671173700737,0.024317561294779882
nonstationary_shift,oracle_true,anti_real_utility,1003,mild,1,0.0,-0.1591783231324962,-0.1591783231324962,0.0,0.6492480596653587
nonstationary_shift,oracle_true,anti_real_utility,1003,mild,8,0.0,-0.5857975382510848,-0.5857975382510848,0.0,0.2629747567810602
nonstationary_shift,oracle_true,anti_real_utility,1003,mild,64,0.0,-0.8493822712898513,-0.8493822712898513,0.0,0.024317561294779882
nonstationary_shift,horizon_wam,anti_real_utility,1003,mild,1,0.0,-0.1591783231324962,0.16131786538081364,0.32049618851330985,0.6492480596653587
nonstationary_shift,horizon_wam,anti_real_utility,1003,mild,8,0.0,-0.5857975382510848,0.08462389384577086,0.6704214320968557,0.2629747567810602
nonstationary_shift,horizon_wam,anti_real_utility,1003,mild,64,0.0,-0.8493822712898513,-0.4681786827334192,0.3812035885564321,0.024317561294779882
nonstationary_shift,mlp_dynamics_wam,anti_real_utility,1003,mild,1,0.0,-0.1591783231324962,0.167144753240208,0.3263230763727042,0.6492480596653587
nonstationary_shift,mlp_dynamics_wam,anti_real_utility,1003,mild,8,0.0,-0.5857975382510848,0.03606229443719267,0.6218598326882775,0.2629747567810602
nonstationary_shift,mlp_dynamics_wam,anti_real_utility,1003,mild,64,0.0,-0.8493822712898513,-0.36908258966001617,0.48029968162983516,0.024317561294779882
nonstationary_shift,ensemble_wam,anti_real_utility,1003,mild,1,0.0,-0.1591783231324962,0.12809738122049918,0.2872757043529954,0.6492480596653587
nonstationary_shift,ensemble_wam,anti_real_utility,1003,mild,8,0.0,-0.5857975382510848,-0.005689754884653134,0.5801077833664317,0.2629747567810602
nonstationary_shift,ensemble_wam,anti_real_utility,1003,mild,64,0.0,-0.8493822712898513,-0.5563764696430845,0.2930058016467668,0.024317561294779882
nonstationary_shift,randomized_dynamics_wam,predicted_utility,1003,mild,1,0.0,-0.1591783231324962,0.084918027479397,0.2440963506118932,0.6492480596653587
nonstationary_shift,randomized_dynamics_wam,predicted_utility,1003,mild,8,0.0,-0.11711175087204904,0.8345560791968423,0.9516678300688913,0.6873363436249718
nonstationary_shift,randomized_dynamics_wam,predicted_utility,1003,mild,64,0.0,-0.16113713256840037,2.7711019067434584,2.9322390393118587,0.6474744972853399
nonstationary_shift,analytic_nominal,anti_real_utility,1003,severe,1,0.0,-0.1591783231324962,0.08491802747939702,0.24409635061189322,0.6492480596653587
nonstationary_shift,analytic_nominal,anti_real_utility,1003,severe,8,0.0,-0.5857975382510848,0.2860148921968009,0.8718124304478857,0.2629747567810602
nonstationary_shift,analytic_nominal,anti_real_utility,1003,severe,64,0.0,-0.8493822712898513,-0.08171109758911436,0.767671173700737,0.024317561294779882
nonstationary_shift,oracle_true,anti_real_utility,1003,severe,1,0.0,-0.1591783231324962,-0.1591783231324962,0.0,0.6492480596653587
nonstationary_shift,oracle_true,anti_real_utility,1003,severe,8,0.0,-0.5857975382510848,-0.5857975382510848,0.0,0.2629747567810602
nonstationary_shift,oracle_true,anti_real_utility,1003,severe,64,0.0,-0.8493822712898513,-0.8493822712898513,0.0,0.024317561294779882
nonstationary_shift,horizon_wam,anti_real_utility,1003,severe,1,0.0,-0.1591783231324962,0.16131786538081364,0.32049618851330985,0.6492480596653587
nonstationary_shift,horizon_wam,anti_real_utility,1003,severe,8,0.0,-0.5857975382510848,0.08462389384577086,0.6704214320968557,0.2629747567810602
nonstationary_shift,horizon_wam,anti_real_utility,1003,severe,64,0.0,-0.8493822712898513,-0.4681786827334192,0.3812035885564321,0.024317561294779882
nonstationary_shift,mlp_dynamics_wam,anti_real_utility,1003,severe,1,0.0,-0.1591783231324962,0.167144753240208,0.3263230763727042,0.6492480596653587
nonstationary_shift,mlp_dynamics_wam,anti_real_utility,1003,severe,8,0.0,-0.5857975382510848,0.03606229443719267,0.6218598326882775,0.2629747567810602
nonstationary_shift,mlp_dynamics_wam,anti_real_utility,1003,severe,64,0.0,-0.8493822712898513,-0.36908258966001617,0.48029968162983516,0.024317561294779882
nonstationary_shift,ensemble_wam,anti_real_utility,1003,severe,1,0.0,-0.1591783231324962,0.12809738122049918,0.2872757043529954,0.6492480596653587
nonstationary_shift,ensemble_wam,anti_real_utility,1003,severe,8,0.0,-0.5857975382510848,-0.005689754884653134,0.5801077833664317,0.2629747567810602
nonstationary_shift,ensemble_wam,anti_real_utility,1003,severe,64,0.0,-0.8493822712898513,-0.5563764696430845,0.2930058016467668,0.024317561294779882
nonstationary_shift,randomized_dynamics_wam,predicted_utility,1003,severe,1,0.0,-0.1591783231324962,0.084918027479397,0.2440963506118932,0.6492480596653587
nonstationary_shift,randomized_dynamics_wam,predicted_utility,1003,severe,8,0.0,-0.11711175087204904,0.8345560791968423,0.9516678300688913,0.6873363436249718
nonstationary_shift,randomized_dynamics_wam,predicted_utility,1003,severe,64,0.0,-0.16113713256840037,2.7711019067434584,2.9322390393118587,0.6474744972853399
nonstationary_shift,analytic_nominal,anti_real_utility,1004,mild,1,0.109375,0.11477073625235729,-0.12196124711898938,-0.23673198337134665,0.26470636005905884
nonstationary_shift,analytic_nominal,anti_real_utility,1004,mild,8,2.0480687368262807e-08,-0.6496304460217188,-0.2932756821837057,0.3563547638380131,0.0775740579258766
nonstationary_shift,analytic_nominal,anti_real_utility,1004,mild,64,3.0956811730755252e-62,-0.9251383502386128,-0.4904316754572656,0.43470667478134717,0.010127238680233307
nonstationary_shift,oracle_true,anti_real_utility,1004,mild,1,0.109375,0.11477073625235729,0.11477073625235729,0.0,0.26470636005905884
nonstationary_shift,oracle_true,anti_real_utility,1004,mild,8,2.0480687368262807e-08,-0.6496304460217188,-0.6496304460217188,0.0,0.0775740579258766
nonstationary_shift,oracle_true,anti_real_utility,1004,mild,64,3.0956811730755252e-62,-0.9251383502386128,-0.9251383502386128,0.0,0.010127238680233307
nonstationary_shift,horizon_wam,anti_real_utility,1004,mild,1,0.109375,0.11477073625235729,-0.06103925116074287,-0.17580998741310017,0.26470636005905884
nonstationary_shift,horizon_wam,anti_real_utility,1004,mild,8,2.0480687368262807e-08,-0.6496304460217188,-0.27057817664244527,0.37905226937927355,0.0775740579258766
nonstationary_shift,horizon_wam,anti_real_utility,1004,mild,64,3.0956811730755252e-62,-0.9251383502386128,0.12691375646973696,1.0520521067083497,0.010127238680233307
nonstationary_shift,mlp_dynamics_wam,anti_real_utility,1004,mild,1,0.109375,0.11477073625235729,-0.08527126346482812,-0.2000419997171854,0.26470636005905884
nonstationary_shift,mlp_dynamics_wam,anti_real_utility,1004,mild,8,2.0480687368262807e-08,-0.6496304460217188,-0.2818628338462993,0.36776761217541953,0.0775740579258766
nonstationary_shift,mlp_dynamics_wam,anti_real_utility,1004,mild,64,3.0956811730755252e-62,-0.9251383502386128,-0.3879511322143761,0.5371872180242367,0.010127238680233307
nonstationary_shift,ensemble_wam,anti_real_utility,1004,mild,1,0.109375,0.11477073625235729,-0.11809565802387359,-0.23286639427623088,0.26470636005905884
nonstationary_shift,ensemble_wam,anti_real_utility,1004,mild,8,2.0480687368262807e-08,-0.6496304460217188,-0.4121347593052489,0.23749568671646992,0.0775740579258766
nonstationary_shift,ensemble_wam,anti_real_utility,1004,mild,64,3.0956811730755252e-62,-0.9251383502386128,-0.06793837385971499,0.8571999763788978,0.010127238680233307
nonstationary_shift,randomized_dynamics_wam,predicted_utility,1004,mild,1,0.109375,0.11477073625235737,-0.12196124711898937,-0.23673198337134674,0.26470636005905873
nonstationary_shift,randomized_dynamics_wam,predicted_utility,1004,mild,8,0.0871402273300994,0.13200284622673636,0.37965715694216773,0.24765431071543137,0.26892493596513517
nonstationary_shift,randomized_dynamics_wam,predicted_utility,1004,mild,64,0.030225681986885418,0.28682410866538144,1.8863584890538938,1.5995343803885125,0.30682657705511623
nonstationary_shift,analytic_nominal,anti_real_utility,1004,severe,1,0.109375,0.11477073625235729,-0.12196124711898938,-0.23673198337134665,0.26470636005905884
nonstationary_shift,analytic_nominal,anti_real_utility,1004,severe,8,2.0480687368262807e-08,-0.6496304460217188,-0.2932756821837057,0.3563547638380131,0.0775740579258766
nonstationary_shift,analytic_nominal,anti_real_utility,1004,severe,64,3.0956811730755252e-62,-0.9251383502386128,-0.4904316754572656,0.43470667478134717,0.010127238680233307
nonstationary_shift,oracle_true,anti_real_utility,1004,severe,1,0.109375,0.11477073625235729,0.11477073625235729,0.0,0.26470636005905884
nonstationary_shift,oracle_true,anti_real_utility,1004,severe,8,2.0480687368262807e-08,-0.6496304460217188,-0.6496304460217188,0.0,0.0775740579258766
nonstationary_shift,oracle_true,anti_real_utility,1004,severe,64,3.0956811730755252e-62,-0.9251383502386128,-0.9251383502386128,0.0,0.010127238680233307
nonstationary_shift,horizon_wam,anti_real_utility,1004,severe,1,0.109375,0.11477073625235729,-0.06103925116074287,-0.17580998741310017,0.26470636005905884
nonstationary_shift,horizon_wam,anti_real_utility,1004,severe,8,2.0480687368262807e-08,-0.6496304460217188,-0.27057817664244527,0.37905226937927355,0.0775740579258766
nonstationary_shift,horizon_wam,anti_real_utility,1004,severe,64,3.0956811730755252e-62,-0.9251383502386128,0.12691375646973696,1.0520521067083497,0.010127238680233307
nonstationary_shift,mlp_dynamics_wam,anti_real_utility,1004,severe,1,0.109375,0.11477073625235729,-0.08527126346482812,-0.2000419997171854,0.26470636005905884
nonstationary_shift,mlp_dynamics_wam,anti_real_utility,1004,severe,8,2.0480687368262807e-08,-0.6496304460217188,-0.2818628338462993,0.36776761217541953,0.0775740579258766
nonstationary_shift,mlp_dynamics_wam,anti_real_utility,1004,severe,64,3.0956811730755252e-62,-0.9251383502386128,-0.3879511322143761,0.5371872180242367,0.010127238680233307
nonstationary_shift,ensemble_wam,anti_real_utility,1004,severe,1,0.109375,0.11477073625235729,-0.11809565802387359,-0.23286639427623088,0.26470636005905884
nonstationary_shift,ensemble_wam,anti_real_utility,1004,severe,8,2.0480687368262807e-08,-0.6496304460217188,-0.4121347593052489,0.23749568671646992,0.0775740579258766
nonstationary_shift,ensemble_wam,anti_real_utility,1004,severe,64,3.0956811730755252e-62,-0.9251383502386128,-0.06793837385971499,0.8571999763788978,0.010127238680233307
nonstationary_shift,randomized_dynamics_wam,predicted_utility,1004,severe,1,0.109375,0.11477073625235737,-0.12196124711898937,-0.23673198337134674,0.26470636005905873
nonstationary_shift,randomized_dynamics_wam,predicted_utility,1004,severe,8,0.0871402273300994,0.13200284622673636,0.37965715694216773,0.24765431071543137,0.26892493596513517
nonstationary_shift,randomized_dynamics_wam,predicted_utility,1004,severe,64,0.030225681986885418,0.28682410866538144,1.8863584890538938,1.5995343803885125,0.30682657705511623
nonstationary_shift,analytic_nominal,anti_real_utility,1005,mild,1,0.015625,-0.13741745319392154,-0.07221932750488519,0.06519812568903635,0.2980454267479471
nonstationary_shift,analytic_nominal,anti_real_utility,1005,mild,8,3.552713678800501e-15,-0.6498097531119177,-0.11037131946951345,0.5394384336424043,0.18642876005056463
nonstationary_shift,analytic_nominal,anti_real_utility,1005,mild,64,2.5379418373156492e-116,-1.2838502106114775,-0.21217524820152373,1.0716749624099537,0.0483129405335456
nonstationary_shift,oracle_true,anti_real_utility,1005,mild,1,0.015625,-0.13741745319392154,-0.13741745319392154,0.0,0.2980454267479471
nonstationary_shift,oracle_true,anti_real_utility,1005,mild,8,3.552713678800501e-15,-0.6498097531119177,-0.6498097531119177,0.0,0.18642876005056463
nonstationary_shift,oracle_true,anti_real_utility,1005,mild,64,2.5379418373156492e-116,-1.2838502106114775,-1.2838502106114775,0.0,0.0483129405335456
nonstationary_shift,horizon_wam,anti_real_utility,1005,mild,1,0.015625,-0.13741745319392154,0.06962916614505363,0.20704661933897517,0.2980454267479471
nonstationary_shift,horizon_wam,anti_real_utility,1005,mild,8,3.552713678800501e-15,-0.6498097531119177,-0.18463972730479158,0.4651700258071261,0.18642876005056463
nonstationary_shift,horizon_wam,anti_real_utility,1005,mild,64,2.5379418373156492e-116,-1.2838502106114775,-0.3281154081701875,0.95573480244129,0.0483129405335456
nonstationary_shift,mlp_dynamics_wam,anti_real_utility,1005,mild,1,0.015625,-0.13741745319392154,0.045889268223098315,0.18330672141701987,0.2980454267479471
nonstationary_shift,mlp_dynamics_wam,anti_real_utility,1005,mild,8,3.552713678800501e-15,-0.6498097531119177,-0.047601768695164075,0.6022079844167536,0.18642876005056463
nonstationary_shift,mlp_dynamics_wam,anti_real_utility,1005,mild,64,2.5379418373156492e-116,-1.2838502106114775,0.010036829519149082,1.2938870401306266,0.0483129405335456
nonstationary_shift,ensemble_wam,anti_real_utility,1005,mild,1,0.015625,-0.13741745319392154,0.03057098652480231,0.16798843971872385,0.2980454267479471
nonstationary_shift,ensemble_wam,anti_real_utility,1005,mild,8,3.552713678800501e-15,-0.6498097531119177,-0.24459887854381274,0.40521087456810495,0.18642876005056463
nonstationary_shift,ensemble_wam,anti_real_utility,1005,mild,64,2.5379418373156492e-116,-1.2838502106114775,-0.5158484058993222,0.7680018047121553,0.0483129405335456
nonstationary_shift,randomized_dynamics_wam,predicted_utility,1005,mild,1,0.015625,-0.13741745319392154,-0.07221932750488516,0.06519812568903638,0.2980454267479471
nonstationary_shift,randomized_dynamics_wam,predicted_utility,1005,mild,8,6.058447672430134e-05,-0.19558812125135006,0.15716111159707102,0.3527492328484211,0.2853738544601332
nonstationary_shift,randomized_dynamics_wam,predicted_utility,1005,mild,64,1.9807559415779047e-30,-0.27912976237126247,0.3957323401032098,0.6748621024744723,0.26717561160260794
nonstationary_shift,analytic_nominal,anti_real_utility,1005,severe,1,0.015625,-0.13741745319392154,-0.07221932750488519,0.06519812568903635,0.2980454267479471
nonstationary_shift,analytic_nominal,anti_real_utility,1005,severe,8,3.552713678800501e-15,-0.6498097531119177,-0.11037131946951345,0.5394384336424043,0.18642876005056463
nonstationary_shift,analytic_nominal,anti_real_utility,1005,severe,64,2.5379418373156492e-116,-1.2838502106114775,-0.21217524820152373,1.0716749624099537,0.0483129405335456
nonstationary_shift,oracle_true,anti_real_utility,1005,severe,1,0.015625,-0.13741745319392154,-0.13741745319392154,0.0,0.2980454267479471
nonstationary_shift,oracle_true,anti_real_utility,1005,severe,8,3.552713678800501e-15,-0.6498097531119177,-0.6498097531119177,0.0,0.18642876005056463
nonstationary_shift,oracle_true,anti_real_utility,1005,severe,64,2.5379418373156492e-116,-1.2838502106114775,-1.2838502106114775,0.0,0.0483129405335456
nonstationary_shift,horizon_wam,anti_real_utility,1005,severe,1,0.015625,-0.13741745319392154,0.06962916614505363,0.20704661933897517,0.2980454267479471
nonstationary_shift,horizon_wam,anti_real_utility,1005,severe,8,3.552713678800501e-15,-0.6498097531119177,-0.18463972730479158,0.4651700258071261,0.18642876005056463
nonstationary_shift,horizon_wam,anti_real_utility,1005,severe,64,2.5379418373156492e-116,-1.2838502106114775,-0.3281154081701875,0.95573480244129,0.0483129405335456
nonstationary_shift,mlp_dynamics_wam,anti_real_utility,1005,severe,1,0.015625,-0.13741745319392154,0.045889268223098315,0.18330672141701987,0.2980454267479471
nonstationary_shift,mlp_dynamics_wam,anti_real_utility,1005,severe,8,3.552713678800501e-15,-0.6498097531119177,-0.047601768695164075,0.6022079844167536,0.18642876005056463
nonstationary_shift,mlp_dynamics_wam,anti_real_utility,1005,severe,64,2.5379418373156492e-116,-1.2838502106114775,0.010036829519149082,1.2938870401306266,0.0483129405335456
nonstationary_shift,ensemble_wam,anti_real_utility,1005,severe,1,0.015625,-0.13741745319392154,0.03057098652480231,0.16798843971872385,0.2980454267479471
nonstationary_shift,ensemble_wam,anti_real_utility,1005,severe,8,3.552713678800501e-15,-0.6498097531119177,-0.24459887854381274,0.40521087456810495,0.18642876005056463
nonstationary_shift,ensemble_wam,anti_real_utility,1005,severe,64,2.5379418373156492e-116,-1.2838502106114775,-0.5158484058993222,0.7680018047121553,0.0483129405335456
nonstationary_shift,randomized_dynamics_wam,predicted_utility,1005,severe,1,0.015625,-0.13741745319392154,-0.07221932750488516,0.06519812568903638,0.2980454267479471
nonstationary_shift,randomized_dynamics_wam,predicted_utility,1005,severe,8,6.058447672430134e-05,-0.19558812125135006,0.15716111159707102,0.3527492328484211,0.2853738544601332
nonstationary_shift,randomized_dynamics_wam,predicted_utility,1005,severe,64,1.9807559415779047e-30,-0.27912976237126247,0.3957323401032098,0.6748621024744723,0.26717561160260794
deformable_toy,analytic_nominal,anti_real_utility,1001,mild,1,0.015625,-0.18176316440214982,-0.17496358882763274,0.006799575574517075,0.07731366009679988
deformable_toy,analytic_nominal,anti_real_utility,1001,mild,8,3.552713678800501e-15,-0.3527359756281155,-0.26406162545541745,0.08867435017269804,0.0315869148663525
deformable_toy,analytic_nominal,anti_real_utility,1001,mild,64,2.5379418373156492e-116,-0.43580537435469746,-0.31903257062976054,0.11677280372493692,0.009369971688196527
deformable_toy,oracle_true,anti_real_utility,1001,mild,1,0.015625,-0.18176316440214982,-0.18176316440214982,0.0,0.07731366009679988
deformable_toy,oracle_true,anti_real_utility,1001,mild,8,3.552713678800501e-15,-0.3527359756281155,-0.3527359756281155,0.0,0.0315869148663525
deformable_toy,oracle_true,anti_real_utility,1001,mild,64,2.5379418373156492e-116,-0.43580537435469746,-0.43580537435469746,0.0,0.009369971688196527
deformable_toy,horizon_wam,anti_real_utility,1001,mild,1,0.015625,-0.18176316440214982,-0.31113236557174795,-0.12936920116959813,0.07731366009679988
deformable_toy,horizon_wam,anti_real_utility,1001,mild,8,3.552713678800501e-15,-0.3527359756281155,-0.5655595377125484,-0.21282356208443293,0.0315869148663525
deformable_toy,horizon_wam,anti_real_utility,1001,mild,64,2.5379418373156492e-116,-0.43580537435469746,-0.8343440490262934,-0.398538674671596,0.009369971688196527
deformable_toy,mlp_dynamics_wam,anti_real_utility,1001,mild,1,0.015625,-0.18176316440214982,-0.2348929917814512,-0.053129827379301386,0.07731366009679988
deformable_toy,mlp_dynamics_wam,anti_real_utility,1001,mild,8,3.552713678800501e-15,-0.3527359756281155,-0.31857322729989596,0.03416274832821953,0.0315869148663525
deformable_toy,mlp_dynamics_wam,anti_real_utility,1001,mild,64,2.5379418373156492e-116,-0.43580537435469746,-0.38964751914141005,0.04615785521328741,0.009369971688196527
deformable_toy,ensemble_wam,anti_real_utility,1001,mild,1,0.015625,-0.18176316440214982,-0.30064127458382944,-0.11887811018167962,0.07731366009679988
deformable_toy,ensemble_wam,anti_real_utility,1001,mild,8,3.552713678800501e-15,-0.3527359756281155,-0.537966878424599,-0.18523090279648352,0.0315869148663525
deformable_toy,ensemble_wam,anti_real_utility,1001,mild,64,2.5379418373156492e-116,-0.43580537435469746,-0.8169584852736087,-0.38115311091891124,0.009369971688196527
deformable_toy,randomized_dynamics_wam,predicted_utility,1001,mild,1,0.015625,-0.1817631644021498,-0.17496358882763274,0.006799575574517047,0.07731366009679988
deformable_toy,randomized_dynamics_wam,predicted_utility,1001,mild,8,0.06667504197219287,0.045934488261655713,-0.021083564066844432,-0.06701805232850014,0.13821148635508088
deformable_toy,randomized_dynamics_wam,predicted_utility,1001,mild,64,0.003646898638016491,-0.008870918595050098,0.2318413973951464,0.2407123159901965,0.12355375885666911
deformable_toy,analytic_nominal,anti_real_utility,1001,severe,1,0.015625,-0.6115892659733255,-0.17496358882763274,0.4366256771456928,0.23794867616857193
deformable_toy,analytic_nominal,anti_real_utility,1001,severe,8,3.552713678800501e-15,-1.2421490145203968,-0.2383878051936991,1.0037612093266977,0.11545922374073725
deformable_toy,analytic_nominal,anti_real_utility,1001,severe,64,2.5379418373156492e-116,-1.6984654974630429,-0.30117464676247796,1.397290850700565,0.026817415794336635
deformable_toy,oracle_true,anti_real_utility,1001,severe,1,0.015625,-0.6115892659733255,-0.6115892659733255,0.0,0.23794867616857193
deformable_toy,oracle_true,anti_real_utility,1001,severe,8,3.552713678800501e-15,-1.2421490145203968,-1.2421490145203968,0.0,0.11545922374073725
deformable_toy,oracle_true,anti_real_utility,1001,severe,64,2.5379418373156492e-116,-1.6984654974630429,-1.6984654974630429,0.0,0.026817415794336635
deformable_toy,horizon_wam,anti_real_utility,1001,severe,1,0.015625,-0.6115892659733255,-0.31113236557174795,0.3004569004015776,0.23794867616857193
deformable_toy,horizon_wam,anti_real_utility,1001,severe,8,3.552713678800501e-15,-1.2421490145203968,-0.4640792598148997,0.7780697547054971,0.11545922374073725
deformable_toy,horizon_wam,anti_real_utility,1001,severe,64,2.5379418373156492e-116,-1.6984654974630429,-0.7590504414979414,0.9394150559651014,0.026817415794336635
deformable_toy,mlp_dynamics_wam,anti_real_utility,1001,severe,1,0.015625,-0.6115892659733255,-0.2348929917814512,0.37669627419187435,0.23794867616857193
deformable_toy,mlp_dynamics_wam,anti_real_utility,1001,severe,8,3.552713678800501e-15,-1.2421490145203968,-0.39897615021401733,0.8431728643063795,0.11545922374073725
deformable_toy,mlp_dynamics_wam,anti_real_utility,1001,severe,64,2.5379418373156492e-116,-1.6984654974630429,-0.49669789009949394,1.201767607363549,0.026817415794336635
deformable_toy,ensemble_wam,anti_real_utility,1001,severe,1,0.015625,-0.6115892659733255,-0.30064127458382944,0.3109479913894961,0.23794867616857193
deformable_toy,ensemble_wam,anti_real_utility,1001,severe,8,3.552713678800501e-15,-1.2421490145203968,-0.47319567856596034,0.7689533359544365,0.11545922374073725
deformable_toy,ensemble_wam,anti_real_utility,1001,severe,64,2.5379418373156492e-116,-1.6984654974630429,-0.7811083815054478,0.9173571159575951,0.026817415794336635
deformable_toy,randomized_dynamics_wam,predicted_utility,1001,severe,1,0.015625,-0.6115892659733254,-0.17496358882763274,0.43662567714569267,0.237948676168572
deformable_toy,randomized_dynamics_wam,predicted_utility,1001,severe,8,0.06667504197219287,-0.28507233553865235,-0.021083564066844432,0.26398877147180794,0.3013762579473269
deformable_toy,randomized_dynamics_wam,predicted_utility,1001,severe,64,0.003646898638016491,-0.25030519480522684,0.2318413973951464,0.48214659220037326,0.30812995264593623
deformable_toy,analytic_nominal,anti_real_utility,1002,mild,1,0.03125,0.3240176259018829,0.375803138009578,0.05178551210769511,0.07826643988677176
deformable_toy,analytic_nominal,anti_real_utility,1002,mild,8,9.094947017729282e-13,0.10659083097779351,0.21839061031420723,0.11179977933641372,0.016028870499584326
deformable_toy,analytic_nominal,anti_real_utility,1002,mild,64,4.6816763546921983e-97,0.0650608782396272,0.1869438044579995,0.1218829262183723,0.004141084009926262
deformable_toy,oracle_true,anti_real_utility,1002,mild,1,0.03125,0.3240176259018829,0.3240176259018829,0.0,0.07826643988677176
deformable_toy,oracle_true,anti_real_utility,1002,mild,8,9.094947017729282e-13,0.10659083097779351,0.10659083097779351,0.0,0.016028870499584326
deformable_toy,oracle_true,anti_real_utility,1002,mild,64,4.6816763546921983e-97,0.0650608782396272,0.0650608782396272,0.0,0.004141084009926262
deformable_toy,horizon_wam,anti_real_utility,1002,mild,1,0.03125,0.3240176259018829,0.3630005452862409,0.03898291938435805,0.07826643988677176
deformable_toy,horizon_wam,anti_real_utility,1002,mild,8,9.094947017729282e-13,0.10659083097779351,0.09030973139634764,-0.01628109958144587,0.016028870499584326
deformable_toy,horizon_wam,anti_real_utility,1002,mild,64,4.6816763546921983e-97,0.0650608782396272,0.16834369955550504,0.10328282131587785,0.004141084009926262
deformable_toy,mlp_dynamics_wam,anti_real_utility,1002,mild,1,0.03125,0.3240176259018829,0.3813431489646933,0.05732552306281041,0.07826643988677176
deformable_toy,mlp_dynamics_wam,anti_real_utility,1002,mild,8,9.094947017729282e-13,0.10659083097779351,0.08366645780273484,-0.022924373175058674,0.016028870499584326
deformable_toy,mlp_dynamics_wam,anti_real_utility,1002,mild,64,4.6816763546921983e-97,0.0650608782396272,0.03499116778600357,-0.030069710453623624,0.004141084009926262
deformable_toy,ensemble_wam,anti_real_utility,1002,mild,1,0.03125,0.3240176259018829,0.39357382188262025,0.06955619598073737,0.07826643988677176
deformable_toy,ensemble_wam,anti_real_utility,1002,mild,8,9.094947017729282e-13,0.10659083097779351,0.09642867129893393,-0.010162159678859584,0.016028870499584326
deformable_toy,ensemble_wam,anti_real_utility,1002,mild,64,4.6816763546921983e-97,0.0650608782396272,0.08685832059430434,0.02179744235467715,0.004141084009926262
deformable_toy,randomized_dynamics_wam,predicted_utility,1002,mild,1,0.03125,0.3240176259018827,0.3758031380095781,0.051785512107695386,0.07826643988677175
deformable_toy,randomized_dynamics_wam,predicted_utility,1002,mild,8,0.00015103501277735631,0.23488248767006004,1.0254539652469696,0.7905714775769096,0.05275185529991603
deformable_toy,randomized_dynamics_wam,predicted_utility,1002,mild,64,6.911323339250769e-27,0.29177961773486605,2.941178183230515,2.649398565495649,0.06903843617683382
deformable_toy,analytic_nominal,anti_real_utility,1002,severe,1,0.03125,-0.17568509527184178,0.37580313800957793,0.5514882332814197,0.23579345932230086
deformable_toy,analytic_nominal,anti_real_utility,1002,severe,8,9.094947017729282e-13,-1.022867812571382,0.22933964302299917,1.2522074555943812,0.05680435226039541
deformable_toy,analytic_nominal,anti_real_utility,1002,severe,64,4.6816763546921983e-97,-1.2701255877901874,0.2211074856471319,1.4912330734373191,0.004564796971073477
deformable_toy,oracle_true,anti_real_utility,1002,severe,1,0.03125,-0.17568509527184178,-0.17568509527184178,0.0,0.23579345932230086
deformable_toy,oracle_true,anti_real_utility,1002,severe,8,9.094947017729282e-13,-1.022867812571382,-1.022867812571382,0.0,0.05680435226039541
deformable_toy,oracle_true,anti_real_utility,1002,severe,64,4.6816763546921983e-97,-1.2701255877901874,-1.2701255877901874,0.0,0.004564796971073477
deformable_toy,horizon_wam,anti_real_utility,1002,severe,1,0.03125,-0.17568509527184178,0.363000545286241,0.5386856405580828,0.23579345932230086
deformable_toy,horizon_wam,anti_real_utility,1002,severe,8,9.094947017729282e-13,-1.022867812571382,0.10406280678448278,1.1269306193558648,0.05680435226039541
deformable_toy,horizon_wam,anti_real_utility,1002,severe,64,4.6816763546921983e-97,-1.2701255877901874,0.10517789024282218,1.3753034780330096,0.004564796971073477
deformable_toy,mlp_dynamics_wam,anti_real_utility,1002,severe,1,0.03125,-0.17568509527184178,0.38134314896469323,0.5570282442365351,0.23579345932230086
deformable_toy,mlp_dynamics_wam,anti_real_utility,1002,severe,8,9.094947017729282e-13,-1.022867812571382,0.12191909137325219,1.1447869039446341,0.05680435226039541
deformable_toy,mlp_dynamics_wam,anti_real_utility,1002,severe,64,4.6816763546921983e-97,-1.2701255877901874,0.15442656815053682,1.4245521559407242,0.004564796971073477
deformable_toy,ensemble_wam,anti_real_utility,1002,severe,1,0.03125,-0.17568509527184178,0.39357382188262025,0.569258917154462,0.23579345932230086
deformable_toy,ensemble_wam,anti_real_utility,1002,severe,8,9.094947017729282e-13,-1.022867812571382,0.10493624964119175,1.1278040622125736,0.05680435226039541
deformable_toy,ensemble_wam,anti_real_utility,1002,severe,64,4.6816763546921983e-97,-1.2701255877901874,0.07532354733642689,1.3454491351266142,0.004564796971073477
deformable_toy,randomized_dynamics_wam,predicted_utility,1002,severe,1,0.03125,-0.17568509527184178,0.3758031380095781,0.5514882332814199,0.23579345932230075
deformable_toy,randomized_dynamics_wam,predicted_utility,1002,severe,8,0.05241800989507084,-0.09932481629456234,1.0254539652469696,1.124778781541532,0.25192652940275273
deformable_toy,randomized_dynamics_wam,predicted_utility,1002,severe,64,0.0004088963539098523,0.013572045243962272,2.941178183230515,2.927606137986553,0.27577889091135915
deformable_toy,analytic_nominal,anti_real_utility,1003,mild,1,0.0,0.08028811502764,0.13574276581838196,0.055454650790741966,0.6393571922529145
deformable_toy,analytic_nominal,anti_real_utility,1003,mild,8,0.0,-0.07243168003121726,0.028505726294389702,0.10093740632560697,0.47871112963743223
deformable_toy,analytic_nominal,anti_real_utility,1003,mild,64,0.0,-0.355893525162369,-0.27476355974640754,0.08112996541596146,0.18053741021560152
deformable_toy,oracle_true,anti_real_utility,1003,mild,1,0.0,0.08028811502764,0.08028811502764,0.0,0.6393571922529145
deformable_toy,oracle_true,anti_real_utility,1003,mild,8,0.0,-0.07243168003121726,-0.07243168003121726,0.0,0.47871112963743223
deformable_toy,oracle_true,anti_real_utility,1003,mild,64,0.0,-0.355893525162369,-0.355893525162369,0.0,0.18053741021560152
deformable_toy,horizon_wam,anti_real_utility,1003,mild,1,0.0,0.08028811502764,0.2432249035482733,0.1629367885206333,0.6393571922529145
deformable_toy,horizon_wam,anti_real_utility,1003,mild,8,0.0,-0.07243168003121726,-0.011887707489671016,0.06054397254154625,0.47871112963743223
deformable_toy,horizon_wam,anti_real_utility,1003,mild,64,0.0,-0.355893525162369,0.01699634471197406,0.372889869874343,0.18053741021560152
deformable_toy,mlp_dynamics_wam,anti_real_utility,1003,mild,1,0.0,0.08028811502764,0.27397117911422836,0.19368306408658836,0.6393571922529145
deformable_toy,mlp_dynamics_wam,anti_real_utility,1003,mild,8,0.0,-0.07243168003121726,0.031484923348059884,0.10391660337927715,0.47871112963743223
deformable_toy,mlp_dynamics_wam,anti_real_utility,1003,mild,64,0.0,-0.355893525162369,0.209310637089532,0.565204162251901,0.18053741021560152
deformable_toy,ensemble_wam,anti_real_utility,1003,mild,1,0.0,0.08028811502764,0.2727891333557395,0.19250101832809952,0.6393571922529145
deformable_toy,ensemble_wam,anti_real_utility,1003,mild,8,0.0,-0.07243168003121726,0.010062970425100154,0.08249465045631742,0.47871112963743223
deformable_toy,ensemble_wam,anti_real_utility,1003,mild,64,0.0,-0.355893525162369,0.20246999502075583,0.5583635201831249,0.18053741021560152
deformable_toy,randomized_dynamics_wam,predicted_utility,1003,mild,1,0.0,0.08028811502763998,0.13574276581838204,0.05545465079074206,0.6393571922529148
deformable_toy,randomized_dynamics_wam,predicted_utility,1003,mild,8,0.0,0.06946883232898049,0.21596828971594537,0.14649945738696488,0.6279763809756755
deformable_toy,randomized_dynamics_wam,predicted_utility,1003,mild,64,0.0,0.04612297397824604,0.24609148546320023,0.1999685114849542,0.6034188557316241
deformable_toy,analytic_nominal,anti_real_utility,1003,severe,1,0.046875,-0.30930645636353915,0.135742765818382,0.4450492221819211,0.2795390405580514
deformable_toy,analytic_nominal,anti_real_utility,1003,severe,8,2.3309354446610087e-11,-1.118677790271791,0.11098691534660142,1.2296647056183925,0.12842046996231624
deformable_toy,analytic_nominal,anti_real_utility,1003,severe,64,8.714489823634197e-86,-1.6488162646917637,0.09325420364834118,1.742070468340105,0.029437759411770088
deformable_toy,oracle_true,anti_real_utility,1003,severe,1,0.046875,-0.30930645636353915,-0.30930645636353915,0.0,0.2795390405580514
deformable_toy,oracle_true,anti_real_utility,1003,severe,8,2.3309354446610087e-11,-1.118677790271791,-1.118677790271791,0.0,0.12842046996231624
deformable_toy,oracle_true,anti_real_utility,1003,severe,64,8.714489823634197e-86,-1.6488162646917637,-1.6488162646917637,0.0,0.029437759411770088
deformable_toy,horizon_wam,anti_real_utility,1003,severe,1,0.046875,-0.30930645636353915,0.24322490354827325,0.5525313599118125,0.2795390405580514
deformable_toy,horizon_wam,anti_real_utility,1003,severe,8,2.3309354446610087e-11,-1.118677790271791,0.03181276321241441,1.1504905534842054,0.12842046996231624
deformable_toy,horizon_wam,anti_real_utility,1003,severe,64,8.714489823634197e-86,-1.6488162646917637,0.062089869482595816,1.7109061341743594,0.029437759411770088
deformable_toy,mlp_dynamics_wam,anti_real_utility,1003,severe,1,0.046875,-0.30930645636353915,0.27397117911422825,0.5832776354777673,0.2795390405580514
deformable_toy,mlp_dynamics_wam,anti_real_utility,1003,severe,8,2.3309354446610087e-11,-1.118677790271791,0.003517641273408198,1.1221954315451992,0.12842046996231624
deformable_toy,mlp_dynamics_wam,anti_real_utility,1003,severe,64,8.714489823634197e-86,-1.6488162646917637,-0.03189225916161576,1.616924005530148,0.029437759411770088
deformable_toy,ensemble_wam,anti_real_utility,1003,severe,1,0.046875,-0.30930645636353915,0.2727891333557395,0.5820955897192787,0.2795390405580514
deformable_toy,ensemble_wam,anti_real_utility,1003,severe,8,2.3309354446610087e-11,-1.118677790271791,0.03508873149584078,1.1537665217676318,0.12842046996231624
deformable_toy,ensemble_wam,anti_real_utility,1003,severe,64,8.714489823634197e-86,-1.6488162646917637,0.0860872608428133,1.734903525534577,0.029437759411770088
deformable_toy,randomized_dynamics_wam,predicted_utility,1003,severe,1,0.046875,-0.30930645636353915,0.13574276581838204,0.4450492221819212,0.2795390405580514
deformable_toy,randomized_dynamics_wam,predicted_utility,1003,severe,8,0.011261115289361356,-0.47015955767089895,0.21596828971594537,0.6861278473868443,0.24950598931557355
deformable_toy,randomized_dynamics_wam,predicted_utility,1003,severe,64,1.2371252950313347e-10,-0.6414225075783184,0.24609148546320023,0.8875139930415187,0.21752930432347567
deformable_toy,analytic_nominal,anti_real_utility,1004,mild,1,0.03125,0.09772164057886025,0.1014710898646293,0.0037494492857690492,0.13188637597929315
deformable_toy,analytic_nominal,anti_real_utility,1004,mild,8,9.094947017729282e-13,-0.16070589094763765,-0.06822817843313965,0.092477712514498,0.06532537311704618
deformable_toy,analytic_nominal,anti_real_utility,1004,mild,64,4.6816763546921983e-97,-0.37352118819367863,-0.3017914145892677,0.0717297736044109,0.010512329299881343
deformable_toy,oracle_true,anti_real_utility,1004,mild,1,0.03125,0.09772164057886025,0.09772164057886025,0.0,0.13188637597929315
deformable_toy,oracle_true,anti_real_utility,1004,mild,8,9.094947017729282e-13,-0.16070589094763765,-0.16070589094763765,0.0,0.06532537311704618
deformable_toy,oracle_true,anti_real_utility,1004,mild,64,4.6816763546921983e-97,-0.37352118819367863,-0.37352118819367863,0.0,0.010512329299881343
deformable_toy,horizon_wam,anti_real_utility,1004,mild,1,0.03125,0.09772164057886025,0.14815040479203784,0.05042876421317759,0.13188637597929315
deformable_toy,horizon_wam,anti_real_utility,1004,mild,8,9.094947017729282e-13,-0.16070589094763765,0.381530985738713,0.5422368766863507,0.06532537311704618
deformable_toy,horizon_wam,anti_real_utility,1004,mild,64,4.6816763546921983e-97,-0.37352118819367863,1.8413779074437864,2.214899095637465,0.010512329299881343
deformable_toy,mlp_dynamics_wam,anti_real_utility,1004,mild,1,0.03125,0.09772164057886025,0.1362974153413639,0.03857577476250364,0.13188637597929315
deformable_toy,mlp_dynamics_wam,anti_real_utility,1004,mild,8,9.094947017729282e-13,-0.16070589094763765,0.2157361620091468,0.37644205295678446,0.06532537311704618
deformable_toy,mlp_dynamics_wam,anti_real_utility,1004,mild,64,4.6816763546921983e-97,-0.37352118819367863,1.2976563945254092,1.6711775827190878,0.010512329299881343
deformable_toy,ensemble_wam,anti_real_utility,1004,mild,1,0.03125,0.09772164057886025,0.18064018676164245,0.0829185461827822,0.13188637597929315
deformable_toy,ensemble_wam,anti_real_utility,1004,mild,8,9.094947017729282e-13,-0.16070589094763765,0.4973872416058745,0.6580931325535122,0.06532537311704618
deformable_toy,ensemble_wam,anti_real_utility,1004,mild,64,4.6816763546921983e-97,-0.37352118819367863,2.083806905485457,2.4573280936791355,0.010512329299881343
deformable_toy,randomized_dynamics_wam,predicted_utility,1004,mild,1,0.03125,0.09772164057886028,0.1014710898646293,0.0037494492857690215,0.13188637597929315
deformable_toy,randomized_dynamics_wam,predicted_utility,1004,mild,8,0.003332410389589313,0.012686964290386765,0.532550812401208,0.5198638481108213,0.10998471055535598
deformable_toy,randomized_dynamics_wam,predicted_utility,1004,mild,64,4.862449575767144e-16,0.008987189135446522,2.1990601649829173,2.1900729758474706,0.10903179062757964
deformable_toy,analytic_nominal,anti_real_utility,1004,severe,1,0.046875,-0.3286316331834022,0.10147108986462929,0.4301027230480315,0.2336524915974331
deformable_toy,analytic_nominal,anti_real_utility,1004,severe,8,2.3309354446610087e-11,-1.0388701370132403,0.02043067933374484,1.059300816346985,0.08737485934564951
deformable_toy,analytic_nominal,anti_real_utility,1004,severe,64,8.714489823634197e-86,-1.3836963679496412,0.005263032268463223,1.3889594002181045,0.016355949039192498
deformable_toy,oracle_true,anti_real_utility,1004,severe,1,0.046875,-0.3286316331834022,-0.3286316331834022,0.0,0.2336524915974331
deformable_toy,oracle_true,anti_real_utility,1004,severe,8,2.3309354446610087e-11,-1.0388701370132403,-1.0388701370132403,0.0,0.08737485934564951
deformable_toy,oracle_true,anti_real_utility,1004,severe,64,8.714489823634197e-86,-1.3836963679496412,-1.3836963679496412,0.0,0.016355949039192498
deformable_toy,horizon_wam,anti_real_utility,1004,severe,1,0.046875,-0.3286316331834022,0.1481504047920379,0.4767820379754401,0.2336524915974331
deformable_toy,horizon_wam,anti_real_utility,1004,severe,8,2.3309354446610087e-11,-1.0388701370132403,-0.09876926535121419,0.940100871662026,0.08737485934564951
deformable_toy,horizon_wam,anti_real_utility,1004,severe,64,8.714489823634197e-86,-1.3836963679496412,-0.1490493678356059,1.2346470001140353,0.016355949039192498
deformable_toy,mlp_dynamics_wam,anti_real_utility,1004,severe,1,0.046875,-0.3286316331834022,0.1362974153413639,0.46492904852476613,0.2336524915974331
deformable_toy,mlp_dynamics_wam,anti_real_utility,1004,severe,8,2.3309354446610087e-11,-1.0388701370132403,-0.13052230237755652,0.9083478346356837,0.08737485934564951
deformable_toy,mlp_dynamics_wam,anti_real_utility,1004,severe,64,8.714489823634197e-86,-1.3836963679496412,-0.21847294101559953,1.1652234269340418,0.016355949039192498
deformable_toy,ensemble_wam,anti_real_utility,1004,severe,1,0.046875,-0.3286316331834022,0.1806401867616425,0.5092718199450448,0.2336524915974331
deformable_toy,ensemble_wam,anti_real_utility,1004,severe,8,2.3309354446610087e-11,-1.0388701370132403,-0.06517827018744092,0.9736918668257993,0.08737485934564951
deformable_toy,ensemble_wam,anti_real_utility,1004,severe,64,8.714489823634197e-86,-1.3836963679496412,-0.07652637574878651,1.3071699922008548,0.016355949039192498
deformable_toy,randomized_dynamics_wam,predicted_utility,1004,severe,1,0.046875,-0.3286316331834024,0.1014710898646293,0.43010272304803165,0.23365249159743315
deformable_toy,randomized_dynamics_wam,predicted_utility,1004,severe,8,0.10925896567721693,-0.01139865360075764,0.532550812401208,0.5439494660019657,0.29898841590356645
deformable_toy,randomized_dynamics_wam,predicted_utility,1004,severe,64,0.23390249176543287,0.5034254282703574,2.1990601649829173,1.69563473671256,0.40501934398789846
deformable_toy,analytic_nominal,anti_real_utility,1005,mild,1,0.015625,0.11556510220830447,0.21812166768588095,0.10255656547757648,0.12599492200864087
deformable_toy,analytic_nominal,anti_real_utility,1005,mild,8,3.552713678800501e-15,-0.11797587613321708,-0.017625658975366998,0.10035021715785009,0.0656538469160008
deformable_toy,analytic_nominal,anti_real_utility,1005,mild,64,2.5379418373156492e-116,-0.3144839358538892,-0.23819021592730594,0.07629371992658324,0.014881140249618233
deformable_toy,oracle_true,anti_real_utility,1005,mild,1,0.015625,0.11556510220830447,0.11556510220830447,0.0,0.12599492200864087
deformable_toy,oracle_true,anti_real_utility,1005,mild,8,3.552713678800501e-15,-0.11797587613321708,-0.11797587613321708,0.0,0.0656538469160008
deformable_toy,oracle_true,anti_real_utility,1005,mild,64,2.5379418373156492e-116,-0.3144839358538892,-0.3144839358538892,0.0,0.014881140249618233
deformable_toy,horizon_wam,anti_real_utility,1005,mild,1,0.015625,0.11556510220830447,0.33414415540326026,0.2185790531949558,0.12599492200864087
deformable_toy,horizon_wam,anti_real_utility,1005,mild,8,3.552713678800501e-15,-0.11797587613321708,0.2865595164732462,0.40453539260646326,0.0656538469160008
deformable_toy,horizon_wam,anti_real_utility,1005,mild,64,2.5379418373156492e-116,-0.3144839358538892,1.350450790929321,1.6649347267832102,0.014881140249618233
deformable_toy,mlp_dynamics_wam,anti_real_utility,1005,mild,1,0.015625,0.11556510220830447,0.29658324078164733,0.18101813857334287,0.12599492200864087
deformable_toy,mlp_dynamics_wam,anti_real_utility,1005,mild,8,3.552713678800501e-15,-0.11797587613321708,0.24616854489951606,0.36414442103273315,0.0656538469160008
deformable_toy,mlp_dynamics_wam,anti_real_utility,1005,mild,64,2.5379418373156492e-116,-0.3144839358538892,1.2692880840983631,1.5837720199522523,0.014881140249618233
deformable_toy,ensemble_wam,anti_real_utility,1005,mild,1,0.015625,0.11556510220830447,0.3813399650702273,0.26577486286192287,0.12599492200864087
deformable_toy,ensemble_wam,anti_real_utility,1005,mild,8,3.552713678800501e-15,-0.11797587613321708,0.32931399732112965,0.44728987345434673,0.0656538469160008
deformable_toy,ensemble_wam,anti_real_utility,1005,mild,64,2.5379418373156492e-116,-0.3144839358538892,1.3379722350562933,1.6524561709101824,0.014881140249618233
deformable_toy,randomized_dynamics_wam,predicted_utility,1005,mild,1,0.015625,0.11556510220830454,0.21812166768588098,0.10255656547757644,0.1259949220086409
deformable_toy,randomized_dynamics_wam,predicted_utility,1005,mild,8,4.062843608210187e-07,0.12564476029897592,0.9408453582774992,0.8152005979785233,0.12859925042276574
deformable_toy,randomized_dynamics_wam,predicted_utility,1005,mild,64,1.1288551304610763e-49,0.2153387553380417,2.983279862240254,2.767941106902212,0.15177390751483508
deformable_toy,analytic_nominal,anti_real_utility,1005,severe,1,0.03125,-0.3193690569181505,0.21812166768588098,0.5374907246040315,0.31438660126644746
deformable_toy,analytic_nominal,anti_real_utility,1005,severe,8,9.094947017729282e-13,-1.162299691120462,0.06667915397707502,1.228978845097537,0.15390442681662178
deformable_toy,analytic_nominal,anti_real_utility,1005,severe,64,4.6816763546921983e-97,-1.7330512130767106,0.05731598119802628,1.790367194274737,0.04524133925335459
deformable_toy,oracle_true,anti_real_utility,1005,severe,1,0.03125,-0.3193690569181505,-0.3193690569181505,0.0,0.31438660126644746
deformable_toy,oracle_true,anti_real_utility,1005,severe,8,9.094947017729282e-13,-1.162299691120462,-1.162299691120462,0.0,0.15390442681662178
deformable_toy,oracle_true,anti_real_utility,1005,severe,64,4.6816763546921983e-97,-1.7330512130767106,-1.7330512130767106,0.0,0.04524133925335459
deformable_toy,horizon_wam,anti_real_utility,1005,severe,1,0.03125,-0.3193690569181505,0.33414415540326026,0.6535132123214107,0.31438660126644746
deformable_toy,horizon_wam,anti_real_utility,1005,severe,8,9.094947017729282e-13,-1.162299691120462,-0.08600398820649713,1.0762957029139648,0.15390442681662178
deformable_toy,horizon_wam,anti_real_utility,1005,severe,64,4.6816763546921983e-97,-1.7330512130767106,-0.2768665112478425,1.456184701828868,0.04524133925335459
deformable_toy,mlp_dynamics_wam,anti_real_utility,1005,severe,1,0.03125,-0.3193690569181505,0.2965832407816473,0.6159522976997978,0.31438660126644746
deformable_toy,mlp_dynamics_wam,anti_real_utility,1005,severe,8,9.094947017729282e-13,-1.162299691120462,-0.05531334939409345,1.1069863417263686,0.15390442681662178
deformable_toy,mlp_dynamics_wam,anti_real_utility,1005,severe,64,4.6816763546921983e-97,-1.7330512130767106,-0.12205886155182302,1.6109923515248876,0.04524133925335459
deformable_toy,ensemble_wam,anti_real_utility,1005,severe,1,0.03125,-0.3193690569181505,0.38133996507022727,0.7007090219883778,0.31438660126644746
deformable_toy,ensemble_wam,anti_real_utility,1005,severe,8,9.094947017729282e-13,-1.162299691120462,-0.06454411370670292,1.097755577413759,0.15390442681662178
deformable_toy,ensemble_wam,anti_real_utility,1005,severe,64,4.6816763546921983e-97,-1.7330512130767106,-0.2623875023937299,1.4706637106829807,0.04524133925335459
deformable_toy,randomized_dynamics_wam,predicted_utility,1005,severe,1,0.03125,-0.31936905691815054,0.21812166768588098,0.5374907246040315,0.3143866012664473
deformable_toy,randomized_dynamics_wam,predicted_utility,1005,severe,8,4.1086377677856945e-07,-0.24947109201045461,0.9408453582774992,1.1903164502879537,0.32769419378100817
deformable_toy,randomized_dynamics_wam,predicted_utility,1005,severe,64,1.1288551304610763e-49,0.10395664331596238,2.983279862240254,2.8793232189242914,0.3949818793563882
