seed,state_id,mismatch,horizon,pool_size,scorer,profile_class,stop_n,gain_N128_minus_N1,value_N1,value_N128,seconds_per_rollout_estimate
911,0,mild,4,32,predicted_utility,helpful,64,0.4078210742898829,0.5069000905385642,0.9147211648284471,0.0012227156249764448
911,0,mild,4,32,uncertainty_penalized,helpful,64,0.40610191827703823,0.5069000905385642,0.9130020088156025,0.0012227156249764448
911,0,mild,4,32,random_score,harmful,16,-0.060688851920029596,0.5069000905385643,0.44621123861853473,0.0012227156249764448
911,0,mild,4,32,oracle_real_utility,helpful,32,0.4930151592830119,0.5069000905385641,0.999915249821576,0.0012227156249764448
911,1,mild,4,32,predicted_utility,harmful,8,-0.06887473950270329,0.5435762547111728,0.4747015152084695,0.0012227156249764448
911,1,mild,4,32,uncertainty_penalized,harmful,8,-0.07728285209569846,0.5435762547111728,0.4662934026154743,0.0012227156249764448
911,1,mild,4,32,random_score,harmful,2,-0.24426255287868504,0.5435762547111727,0.2993137018324876,0.0012227156249764448
911,1,mild,4,32,oracle_real_utility,helpful,32,0.456368333946477,0.5435762547111728,0.9999445886576498,0.0012227156249764448
911,2,mild,4,32,predicted_utility,helpful,64,0.5378795667458387,0.4247106065176745,0.9625901732635131,0.0012227156249764448
911,2,mild,4,32,uncertainty_penalized,helpful,32,0.4723891016623503,0.4247106065176745,0.8970997081800248,0.0012227156249764448
911,2,mild,4,32,random_score,harmful,2,-0.2217215603100405,0.4247106065176744,0.2029890462076339,0.0012227156249764448
911,2,mild,4,32,oracle_real_utility,helpful,32,0.5751186065327268,0.42471060651767445,0.9998292130504013,0.0012227156249764448
911,3,mild,4,32,predicted_utility,unstable,8,-0.01894554403263482,0.519240048052627,0.5002945040199922,0.0012227156249764448
911,3,mild,4,32,uncertainty_penalized,unstable,4,-0.01906380442653477,0.519240048052627,0.5001762436260923,0.0012227156249764448
911,3,mild,4,32,random_score,harmful,2,-0.31725070123016175,0.519240048052627,0.2019893468224653,0.0012227156249764448
911,3,mild,4,32,oracle_real_utility,helpful,32,0.4805699211977359,0.519240048052627,0.9998099692503629,0.0012227156249764448
911,4,mild,4,32,predicted_utility,helpful,64,0.5095392103861525,0.48902480193297576,0.9985640123191282,0.0012227156249764448
911,4,mild,4,32,uncertainty_penalized,helpful,64,0.5095434972210219,0.4890248019329757,0.9985682991539976,0.0012227156249764448
911,4,mild,4,32,random_score,harmful,2,-0.36205889701128197,0.4890248019329757,0.12696590492169374,0.0012227156249764448
911,4,mild,4,32,oracle_real_utility,helpful,64,0.5095434972210219,0.4890248019329757,0.9985682991539976,0.0012227156249764448
911,5,mild,4,32,predicted_utility,unstable,4,0.013450582878014206,0.44587310629077437,0.4593236891687886,0.0012227156249764448
911,5,mild,4,32,uncertainty_penalized,saturating,4,0.013450582878011985,0.44587310629077437,0.45932368916878635,0.0012227156249764448
911,5,mild,4,32,random_score,harmful,2,-0.05230085004692797,0.4458731062907743,0.39357225624384634,0.0012227156249764448
911,5,mild,4,32,oracle_real_utility,helpful,64,0.5539723198294372,0.44587310629077426,0.9998454261202114,0.0012227156249764448
911,6,mild,4,32,predicted_utility,helpful,8,0.29551835302449614,0.6297679061502788,0.9252862591747749,0.0012227156249764448
911,6,mild,4,32,uncertainty_penalized,unstable,8,0.2953568311221495,0.6297679061502788,0.9251247372724283,0.0012227156249764448
911,6,mild,4,32,random_score,helpful,64,0.3409912820181229,0.6297679061502789,0.9707591881684018,0.0012227156249764448
911,6,mild,4,32,oracle_real_utility,helpful,16,0.37014678471434226,0.6297679061502788,0.999914690864621,0.0012227156249764448
911,7,mild,4,32,predicted_utility,unstable,8,0.006433475153713064,0.5256890547717682,0.5321225299254813,0.0012227156249764448
911,7,mild,4,32,uncertainty_penalized,saturating,4,-0.008136313053547228,0.5256890547717683,0.5175527417182211,0.0012227156249764448
911,7,mild,4,32,random_score,harmful,8,-0.27295403704771876,0.5256890547717682,0.25273501772404944,0.0012227156249764448
911,7,mild,4,32,oracle_real_utility,helpful,32,0.4740797170672949,0.5256890547717683,0.9997687718390632,0.0012227156249764448
911,0,mild,4,64,predicted_utility,helpful,64,0.33667101127877086,0.5850396223725796,0.9217106336513504,0.0009302042968215574
911,0,mild,4,64,uncertainty_penalized,helpful,64,0.3421308871030492,0.5850396223725796,0.9271705094756287,0.0009302042968215574
911,0,mild,4,64,random_score,harmful,2,-0.266083073289672,0.5850396223725796,0.31895654908290755,0.0009302042968215574
911,0,mild,4,64,oracle_real_utility,helpful,32,0.41428847269903,0.5850396223725794,0.9993280950716095,0.0009302042968215574
911,1,mild,4,64,predicted_utility,harmful,8,-0.04295916324761101,0.5178390183692495,0.4748798551216385,0.0009302042968215574
911,1,mild,4,64,uncertainty_penalized,harmful,8,-0.04389831155796081,0.5178390183692494,0.4739407068112886,0.0009302042968215574
911,1,mild,4,64,random_score,harmful,2,-0.22308405594352532,0.5178390183692494,0.2947549624257241,0.0009302042968215574
911,1,mild,4,64,oracle_real_utility,helpful,32,0.48199680338482,0.5178390183692494,0.9998358217540694,0.0009302042968215574
911,2,mild,4,64,predicted_utility,helpful,64,0.432762089963747,0.531372269849163,0.96413435981291,0.0009302042968215574
911,2,mild,4,64,uncertainty_penalized,helpful,64,0.3907389650999795,0.531372269849163,0.9221112349491425,0.0009302042968215574
911,2,mild,4,64,random_score,harmful,4,-0.1629866929302456,0.5313722698491627,0.36838557691891716,0.0009302042968215574
911,2,mild,4,64,oracle_real_utility,helpful,32,0.4684756574722698,0.5313722698491629,0.9998479273214327,0.0009302042968215574
911,3,mild,4,64,predicted_utility,unstable,4,-0.010309463226328086,0.5329513642984587,0.5226419010721306,0.0009302042968215574
911,3,mild,4,64,uncertainty_penalized,harmful,4,-0.02954422712591287,0.5329513642984587,0.5034071371725458,0.0009302042968215574
911,3,mild,4,64,random_score,saturating,2,0.004136102321029234,0.5329513642984587,0.5370874666194879,0.0009302042968215574
911,3,mild,4,64,oracle_real_utility,helpful,32,0.4665531608765239,0.5329513642984587,0.9995045251749826,0.0009302042968215574
911,4,mild,4,64,predicted_utility,helpful,32,0.4350148247999245,0.5326958829637092,0.9677107077636337,0.0009302042968215574
911,4,mild,4,64,uncertainty_penalized,helpful,32,0.4224322577849564,0.5326958829637092,0.9551281407486656,0.0009302042968215574
911,4,mild,4,64,random_score,harmful,2,-0.13214766456644494,0.5326958829637091,0.4005482183972641,0.0009302042968215574
911,4,mild,4,64,oracle_real_utility,helpful,64,0.4665657508720936,0.5326958829637091,0.9992616338358027,0.0009302042968215574
911,5,mild,4,64,predicted_utility,unstable,4,-0.011562135910401616,0.4932116352667529,0.48164949935635126,0.0009302042968215574
911,5,mild,4,64,uncertainty_penalized,saturating,4,-0.011569754134363897,0.49321163526675293,0.48164188113238904,0.0009302042968215574
911,5,mild,4,64,random_score,harmful,2,-0.08838543353643485,0.4932116352667529,0.404826201730318,0.0009302042968215574
911,5,mild,4,64,oracle_real_utility,helpful,32,0.5061307624769191,0.4932116352667529,0.999342397743672,0.0009302042968215574
911,6,mild,4,64,predicted_utility,harmful,8,-0.04310078602215717,0.6112172678601521,0.5681164818379949,0.0009302042968215574
911,6,mild,4,64,uncertainty_penalized,harmful,8,-0.04267055274864495,0.6112172678601522,0.5685467151115072,0.0009302042968215574
911,6,mild,4,64,random_score,helpful,128,0.344507190862141,0.6112172678601522,0.9557244587222932,0.0009302042968215574
911,6,mild,4,64,oracle_real_utility,helpful,32,0.3884346040855261,0.6112172678601521,0.9996518719456782,0.0009302042968215574
911,7,mild,4,64,predicted_utility,unstable,8,0.0009768747270572087,0.5379639045065754,0.5389407792336326,0.0009302042968215574
911,7,mild,4,64,uncertainty_penalized,unstable,4,-0.010370246622465662,0.5379639045065754,0.5275936578841097,0.0009302042968215574
911,7,mild,4,64,random_score,harmful,4,-0.2575595325369355,0.5379639045065754,0.2804043719696399,0.0009302042968215574
911,7,mild,4,64,oracle_real_utility,helpful,32,0.46144232084752246,0.5379639045065752,0.9994062253540976,0.0009302042968215574
911,0,mild,4,128,predicted_utility,unstable,32,0.05287889614350805,0.6090250999438138,0.6619039960873219,0.000527290136716374
911,0,mild,4,128,uncertainty_penalized,harmful,16,-0.04445650108115873,0.6090250999438139,0.5645685988626552,0.000527290136716374
911,0,mild,4,128,random_score,harmful,2,-0.21822915629411055,0.6090250999438139,0.3907959436497034,0.000527290136716374
911,0,mild,4,128,oracle_real_utility,helpful,32,0.38849638013093624,0.6090250999438139,0.9975214800747502,0.000527290136716374
911,1,mild,4,128,predicted_utility,harmful,8,-0.04281919431947229,0.5162882770683507,0.4734690827488784,0.000527290136716374
911,1,mild,4,128,uncertainty_penalized,harmful,8,-0.03467177196215787,0.5162882770683506,0.4816165051061927,0.000527290136716374
911,1,mild,4,128,random_score,harmful,2,-0.1966743161900666,0.5162882770683505,0.31961396087828386,0.000527290136716374
911,1,mild,4,128,oracle_real_utility,helpful,32,0.4828343141958644,0.5162882770683508,0.9991225912642152,0.000527290136716374
911,2,mild,4,128,predicted_utility,helpful,16,0.35478972734708436,0.5273244644390415,0.8821141917861258,0.000527290136716374
911,2,mild,4,128,uncertainty_penalized,unstable,16,0.2560441459257088,0.5273244644390415,0.7833686103647503,0.000527290136716374
911,2,mild,4,128,random_score,harmful,2,-0.1411593939010043,0.5273244644390415,0.38616507053803717,0.000527290136716374
911,2,mild,4,128,oracle_real_utility,helpful,32,0.4717660714443529,0.5273244644390415,0.9990905358833944,0.000527290136716374
911,3,mild,4,128,predicted_utility,unstable,8,0.02520399970644427,0.4935667404602575,0.5187707401667018,0.000527290136716374
911,3,mild,4,128,uncertainty_penalized,unstable,4,0.022266367312660573,0.49356674046025756,0.5158331077729181,0.000527290136716374
911,3,mild,4,128,random_score,saturating,2,0.0009151092665311555,0.4935667404602575,0.49448184972678866,0.000527290136716374
911,3,mild,4,128,oracle_real_utility,helpful,32,0.5053225852745915,0.49356674046025717,0.9988893257348487,0.000527290136716374
911,4,mild,4,128,predicted_utility,helpful,32,0.3494302841884297,0.5617063729224044,0.9111366571108341,0.000527290136716374
911,4,mild,4,128,uncertainty_penalized,helpful,32,0.3563085151319031,0.5617063729224044,0.9180148880543075,0.000527290136716374
911,4,mild,4,128,random_score,harmful,2,-0.0872566019349405,0.5617063729224042,0.4744497709874637,0.000527290136716374
911,4,mild,4,128,oracle_real_utility,helpful,64,0.41427085501140415,0.5617063729224044,0.9759772279338086,0.000527290136716374
911,5,mild,4,128,predicted_utility,saturating,4,0.022753977755226584,0.5522166590226856,0.5749706367779122,0.000527290136716374
911,5,mild,4,128,uncertainty_penalized,saturating,4,0.022705519719364298,0.5522166590226857,0.57492217874205,0.000527290136716374
911,5,mild,4,128,random_score,harmful,2,-0.054714838052138004,0.5522166590226854,0.49750182097054735,0.000527290136716374
911,5,mild,4,128,oracle_real_utility,helpful,64,0.446169610009719,0.5522166590226854,0.9983862690324043,0.000527290136716374
911,6,mild,4,128,predicted_utility,helpful,32,0.280475096512957,0.6031882035603384,0.8836633000732954,0.000527290136716374
911,6,mild,4,128,uncertainty_penalized,unstable,32,0.060367816632860394,0.6031882035603385,0.6635560201931989,0.000527290136716374
911,6,mild,4,128,random_score,unstable,32,0.014328830601676112,0.6031882035603386,0.6175170341620148,0.000527290136716374
911,6,mild,4,128,oracle_real_utility,helpful,32,0.39558147651769815,0.6031882035603386,0.9987696800780368,0.000527290136716374
911,7,mild,4,128,predicted_utility,unstable,4,-0.011755577231196246,0.5587512210264355,0.5469956437952392,0.000527290136716374
911,7,mild,4,128,uncertainty_penalized,saturating,4,-0.012959848994752776,0.5587512210264354,0.5457913720316826,0.000527290136716374
911,7,mild,4,128,random_score,harmful,4,-0.24462472113524458,0.5587512210264354,0.3141264998911908,0.000527290136716374
911,7,mild,4,128,oracle_real_utility,helpful,32,0.43959080887079527,0.5587512210264357,0.998342029897231,0.000527290136716374
911,0,mild,8,32,predicted_utility,unstable,32,0.1811840699517262,0.41293139260338674,0.5941154625551129,0.001112182421820762
911,0,mild,8,32,uncertainty_penalized,unstable,32,0.1811840699518028,0.41293139260338674,0.5941154625551895,0.001112182421820762
911,0,mild,8,32,random_score,harmful,2,-0.288839825273119,0.41293139260338674,0.12409156733026773,0.001112182421820762
911,0,mild,8,32,oracle_real_utility,helpful,64,0.5866784128971005,0.41293139260338674,0.9996098055004873,0.001112182421820762
911,1,mild,8,32,predicted_utility,helpful,128,0.5830641608669995,0.3578097993821194,0.940873960249119,0.001112182421820762
911,1,mild,8,32,uncertainty_penalized,helpful,128,0.5830641610500034,0.3578097993821194,0.9408739604321227,0.001112182421820762
911,1,mild,8,32,random_score,harmful,4,-0.2617744684661545,0.35780979938211954,0.09603533091596503,0.001112182421820762
911,1,mild,8,32,oracle_real_utility,helpful,64,0.6412511112110956,0.35780979938211943,0.999060910593215,0.001112182421820762
911,2,mild,8,32,predicted_utility,unstable,16,0.12717041580792654,0.42126978026370543,0.548440196071632,0.001112182421820762
911,2,mild,8,32,uncertainty_penalized,unstable,16,0.12717041580792654,0.42126978026370543,0.548440196071632,0.001112182421820762
911,2,mild,8,32,random_score,unstable,32,0.07401410830063765,0.42126978026370543,0.4952838885643431,0.001112182421820762
911,2,mild,8,32,oracle_real_utility,helpful,64,0.5785723724466411,0.42126978026370543,0.9998421527103465,0.001112182421820762
911,3,mild,8,32,predicted_utility,unstable,32,0.17267085351207706,0.3563828919614807,0.5290537454735578,0.001112182421820762
911,3,mild,8,32,uncertainty_penalized,unstable,32,0.17267085351244044,0.3563828919614807,0.5290537454739211,0.001112182421820762
911,3,mild,8,32,random_score,helpful,16,0.12812725018238452,0.3563828919614807,0.48451014214386523,0.001112182421820762
911,3,mild,8,32,oracle_real_utility,helpful,64,0.6436009074106199,0.35638289196148065,0.9999837993721006,0.001112182421820762
911,4,mild,8,32,predicted_utility,unstable,16,0.05994857135803244,0.4620725583184625,0.5220211296764949,0.001112182421820762
911,4,mild,8,32,uncertainty_penalized,unstable,16,0.05994857135801851,0.46207255831846245,0.522021129676481,0.001112182421820762
911,4,mild,8,32,random_score,helpful,128,0.4670188985853403,0.4620725583184624,0.9290914569038027,0.001112182421820762
911,4,mild,8,32,oracle_real_utility,helpful,32,0.5377701159886092,0.4620725583184624,0.9998426743070716,0.001112182421820762
911,5,mild,8,32,predicted_utility,unstable,16,0.17564614392584005,0.3649300923506555,0.5405762362764955,0.001112182421820762
911,5,mild,8,32,uncertainty_penalized,unstable,16,0.1756481834881663,0.3649300923506555,0.5405782758388218,0.001112182421820762
911,5,mild,8,32,random_score,helpful,16,0.12101807672460979,0.3649300923506553,0.4859481690752651,0.001112182421820762
911,5,mild,8,32,oracle_real_utility,helpful,64,0.6350434950856967,0.36493009235065543,0.9999735874363521,0.001112182421820762
911,6,mild,8,32,predicted_utility,helpful,128,0.539327599496533,0.3947236280745127,0.9340512275710458,0.001112182421820762
911,6,mild,8,32,uncertainty_penalized,helpful,128,0.539327599496533,0.3947236280745127,0.9340512275710458,0.001112182421820762
911,6,mild,8,32,random_score,helpful,128,0.5971966268039117,0.3947236280745127,0.9919202548784244,0.001112182421820762
911,6,mild,8,32,oracle_real_utility,helpful,64,0.6048803326863784,0.3947236280745128,0.9996039607608912,0.001112182421820762
911,7,mild,8,32,predicted_utility,unstable,16,0.1393061365402246,0.32482554980555023,0.46413168634577484,0.001112182421820762
911,7,mild,8,32,uncertainty_penalized,unstable,16,0.13930613653442941,0.3248255498055501,0.46413168633997953,0.001112182421820762
911,7,mild,8,32,random_score,unstable,32,0.07796631260436471,0.32482554980555006,0.40279186240991477,0.001112182421820762
911,7,mild,8,32,oracle_real_utility,helpful,64,0.674702517136913,0.32482554980555006,0.9995280669424631,0.001112182421820762
911,0,mild,8,64,predicted_utility,unstable,32,0.2163886219341989,0.42424016927327873,0.6406287912074776,0.0008911804687841141
911,0,mild,8,64,uncertainty_penalized,unstable,32,0.21649031748039393,0.4242401692732787,0.6407304867536726,0.0008911804687841141
911,0,mild,8,64,random_score,harmful,2,-0.3060303389740041,0.4242401692732787,0.11820983029927454,0.0008911804687841141
911,0,mild,8,64,oracle_real_utility,helpful,64,0.5754668031352759,0.4242401692732787,0.9997069724085546,0.0008911804687841141
911,1,mild,8,64,predicted_utility,unstable,16,0.10498018891298122,0.3978756894422365,0.5028558783552177,0.0008911804687841141
911,1,mild,8,64,uncertainty_penalized,unstable,16,0.10498018906719087,0.3978756894422365,0.5028558785094274,0.0008911804687841141
911,1,mild,8,64,random_score,harmful,4,-0.1917866652393006,0.3978756894422365,0.2060890242029359,0.0008911804687841141
911,1,mild,8,64,oracle_real_utility,helpful,64,0.5988873342567543,0.3978756894422366,0.996763023698991,0.0008911804687841141
911,2,mild,8,64,predicted_utility,unstable,16,0.12022373070755277,0.3933437872449873,0.5135675179525401,0.0008911804687841141
911,2,mild,8,64,uncertainty_penalized,unstable,16,0.11585223000261358,0.3933437872449873,0.5091960172476009,0.0008911804687841141
911,2,mild,8,64,random_score,unstable,64,0.1487659368414581,0.3933437872449873,0.5421097240864454,0.0008911804687841141
911,2,mild,8,64,oracle_real_utility,helpful,64,0.60528972180805,0.39334378724498725,0.9986335090530373,0.0008911804687841141
911,3,mild,8,64,predicted_utility,unstable,16,0.09080892554908626,0.3962588606765361,0.48706778622562236,0.0008911804687841141
911,3,mild,8,64,uncertainty_penalized,unstable,16,0.09080892286552494,0.3962588606765361,0.48706778354206104,0.0008911804687841141
911,3,mild,8,64,random_score,helpful,128,0.48276642034219125,0.3962588606765361,0.8790252810187273,0.0008911804687841141
911,3,mild,8,64,oracle_real_utility,helpful,64,0.6014508686392158,0.39625886067653615,0.997709729315752,0.0008911804687841141
911,4,mild,8,64,predicted_utility,unstable,16,0.04915996498120678,0.48727629209166434,0.5364362570728711,0.0008911804687841141
911,4,mild,8,64,uncertainty_penalized,unstable,16,0.04823416330583885,0.48727629209166434,0.5355104553975032,0.0008911804687841141
911,4,mild,8,64,random_score,harmful,8,-0.2839077109837195,0.4872762920916643,0.2033685811079448,0.0008911804687841141
911,4,mild,8,64,oracle_real_utility,helpful,64,0.5115339514290432,0.48727629209166434,0.9988102435207076,0.0008911804687841141
911,5,mild,8,64,predicted_utility,helpful,16,0.1653514751567512,0.3714307671230309,0.5367822422797821,0.0008911804687841141
911,5,mild,8,64,uncertainty_penalized,helpful,16,0.165351100946182,0.3714307671230309,0.5367818680692129,0.0008911804687841141
911,5,mild,8,64,random_score,helpful,32,0.0717137438996539,0.3714307671230309,0.4431445110226848,0.0008911804687841141
911,5,mild,8,64,oracle_real_utility,helpful,64,0.6233898216041087,0.37143076712303086,0.9948205887271395,0.0008911804687841141
911,6,mild,8,64,predicted_utility,helpful,128,0.49154929666542174,0.39777123554595656,0.8893205322113783,0.0008911804687841141
911,6,mild,8,64,uncertainty_penalized,helpful,128,0.4915493098806561,0.39777123554595656,0.8893205454266127,0.0008911804687841141
911,6,mild,8,64,random_score,helpful,128,0.544014891503261,0.3977712355459565,0.9417861270492175,0.0008911804687841141
911,6,mild,8,64,oracle_real_utility,helpful,128,0.5988730822916057,0.39777123554595656,0.9966443178375622,0.0008911804687841141
911,7,mild,8,64,predicted_utility,helpful,16,0.12392484283300126,0.3370298797424754,0.46095472257547665,0.0008911804687841141
911,7,mild,8,64,uncertainty_penalized,helpful,16,0.12617555609137693,0.3370298797424754,0.4632054358338523,0.0008911804687841141
911,7,mild,8,64,random_score,harmful,16,-0.26466803646300996,0.3370298797424755,0.07236184327946557,0.0008911804687841141
911,7,mild,8,64,oracle_real_utility,helpful,64,0.6591011708630108,0.33702987974247545,0.9961310506054862,0.0008911804687841141
911,0,mild,8,128,predicted_utility,unstable,16,0.1499158009827145,0.4038632827401777,0.5537790837228922,0.0008304812500057324
911,0,mild,8,128,uncertainty_penalized,unstable,16,0.14985596273918267,0.4038632827401776,0.5537192454793602,0.0008304812500057324
911,0,mild,8,128,random_score,harmful,2,-0.24710497268438766,0.4038632827401777,0.15675831005579002,0.0008304812500057324
911,0,mild,8,128,oracle_real_utility,helpful,64,0.5947638121788121,0.40386328274017763,0.9986270949189897,0.0008304812500057324
911,1,mild,8,128,predicted_utility,unstable,16,0.13386988992829607,0.3759781828634482,0.5098480727917443,0.0008304812500057324
911,1,mild,8,128,uncertainty_penalized,unstable,16,0.12985781320176837,0.3759781828634482,0.5058359960652166,0.0008304812500057324
911,1,mild,8,128,random_score,harmful,4,-0.11140706485414853,0.3759781828634485,0.26457111800929994,0.0008304812500057324
911,1,mild,8,128,oracle_real_utility,helpful,64,0.6174025175392372,0.3759781828634483,0.9933807004026856,0.0008304812500057324
911,2,mild,8,128,predicted_utility,unstable,16,0.17076166365071804,0.4293705973883461,0.6001322610390641,0.0008304812500057324
911,2,mild,8,128,uncertainty_penalized,unstable,16,0.1703928307591055,0.42937059738834615,0.5997634281474516,0.0008304812500057324
911,2,mild,8,128,random_score,helpful,2,0.13852000361245925,0.4293705973883461,0.5678906010008054,0.0008304812500057324
911,2,mild,8,128,oracle_real_utility,helpful,64,0.5662020034472726,0.4293705973883462,0.9955726008356188,0.0008304812500057324
911,3,mild,8,128,predicted_utility,unstable,16,0.09697671511770067,0.4054163912516835,0.5023931063693842,0.0008304812500057324
911,3,mild,8,128,uncertainty_penalized,unstable,16,0.09742767374739403,0.4054163912516835,0.5028440649990775,0.0008304812500057324
911,3,mild,8,128,random_score,helpful,4,0.3000320267369582,0.40541639125168355,0.7054484179886418,0.0008304812500057324
911,3,mild,8,128,oracle_real_utility,helpful,64,0.59004800367134,0.40541639125168366,0.9954643949230236,0.0008304812500057324
911,4,mild,8,128,predicted_utility,unstable,8,0.04054909734190526,0.49782002557702265,0.5383691229189279,0.0008304812500057324
911,4,mild,8,128,uncertainty_penalized,unstable,8,0.03808090973849393,0.4978200255770227,0.5359009353155166,0.0008304812500057324
911,4,mild,8,128,random_score,harmful,4,-0.21883690984485255,0.49782002557702265,0.2789831157321701,0.0008304812500057324
911,4,mild,8,128,oracle_real_utility,helpful,32,0.4971597473167272,0.49782002557702276,0.99497977289375,0.0008304812500057324
911,5,mild,8,128,predicted_utility,helpful,16,0.11401326535691236,0.39185511095987513,0.5058683763167875,0.0008304812500057324
911,5,mild,8,128,uncertainty_penalized,unstable,16,0.11098950648211897,0.3918551109598751,0.502844617441994,0.0008304812500057324
911,5,mild,8,128,random_score,harmful,2,-0.1318436822156387,0.391855110959875,0.26001142874423633,0.0008304812500057324
911,5,mild,8,128,oracle_real_utility,helpful,64,0.604269379547658,0.39185511095987513,0.9961244905075332,0.0008304812500057324
911,6,mild,8,128,predicted_utility,unstable,32,0.2411901590953739,0.41242119886404016,0.653611357959414,0.0008304812500057324
911,6,mild,8,128,uncertainty_penalized,unstable,32,0.1766453791537947,0.4124211988640402,0.5890665780178349,0.0008304812500057324
911,6,mild,8,128,random_score,unstable,32,0.004323421106888159,0.41242119886404016,0.4167446199709283,0.0008304812500057324
911,6,mild,8,128,oracle_real_utility,helpful,64,0.5845367232132201,0.4124211988640403,0.9969579220772604,0.0008304812500057324
911,7,mild,8,128,predicted_utility,helpful,8,0.09170854262597616,0.4845876063451712,0.5762961489711473,0.0008304812500057324
911,7,mild,8,128,uncertainty_penalized,unstable,8,0.09254232673668822,0.4845876063451711,0.5771299330818593,0.0008304812500057324
911,7,mild,8,128,random_score,harmful,8,-0.21512656788771806,0.484587606345171,0.26946103845745295,0.0008304812500057324
911,7,mild,8,128,oracle_real_utility,helpful,64,0.5116253849258087,0.48458760634517095,0.9962129912709796,0.0008304812500057324
911,0,mild,12,32,predicted_utility,unstable,8,0.1793373464824185,0.6118715539023059,0.7912089003847244,0.002432383984341868
911,0,mild,12,32,uncertainty_penalized,unstable,8,0.1793372115594365,0.6118715539023059,0.7912087654617423,0.002432383984341868
911,0,mild,12,32,random_score,saturating,8,0.02214077419952909,0.6118715539023057,0.6340123281018348,0.002432383984341868
911,0,mild,12,32,oracle_real_utility,helpful,32,0.38803347499828456,0.6118715539023057,0.9999050289005903,0.002432383984341868
911,1,mild,12,32,predicted_utility,unstable,16,0.200636840801536,0.5557262407446113,0.7563630815461473,0.002432383984341868
911,1,mild,12,32,uncertainty_penalized,unstable,16,0.20063684986803942,0.5557262407446114,0.7563630906126508,0.002432383984341868
911,1,mild,12,32,random_score,helpful,64,0.21043532070480375,0.5557262407446113,0.766161561449415,0.002432383984341868
911,1,mild,12,32,oracle_real_utility,helpful,64,0.44425023678578657,0.5557262407446114,0.999976477530398,0.002432383984341868
911,2,mild,12,32,predicted_utility,helpful,16,0.3033613637333268,0.5479591331071134,0.8513204968404402,0.002432383984341868
911,2,mild,12,32,uncertainty_penalized,helpful,16,0.3033613637333268,0.5479591331071134,0.8513204968404402,0.002432383984341868
911,2,mild,12,32,random_score,harmful,2,-0.07271489519378838,0.5479591331071133,0.47524423791332493,0.002432383984341868
911,2,mild,12,32,oracle_real_utility,helpful,64,0.45187173861637897,0.5479591331071134,0.9998308717234924,0.002432383984341868
911,3,mild,12,32,predicted_utility,helpful,8,0.12578372089256384,0.6362108885759588,0.7619946094685226,0.002432383984341868
911,3,mild,12,32,uncertainty_penalized,helpful,8,0.12578192952839373,0.6362108885759588,0.7619928181043525,0.002432383984341868
911,3,mild,12,32,random_score,helpful,64,0.0890629810817114,0.6362108885759589,0.7252738696576703,0.002432383984341868
911,3,mild,12,32,oracle_real_utility,helpful,64,0.36373155957812164,0.6362108885759588,0.9999424481540804,0.002432383984341868
911,4,mild,12,32,predicted_utility,unstable,16,0.15712562052080692,0.6404738246481753,0.7975994451689822,0.002432383984341868
911,4,mild,12,32,uncertainty_penalized,unstable,16,0.1571256594433439,0.6404738246481753,0.7975994840915192,0.002432383984341868
911,4,mild,12,32,random_score,helpful,128,0.34766283516118335,0.6404738246481753,0.9881366598093586,0.002432383984341868
911,4,mild,12,32,oracle_real_utility,helpful,32,0.35938393363861143,0.6404738246481751,0.9998577582867866,0.002432383984341868
911,5,mild,12,32,predicted_utility,helpful,16,0.2665276982946786,0.5169447372858083,0.7834724355804868,0.002432383984341868
911,5,mild,12,32,uncertainty_penalized,helpful,16,0.2665276982946786,0.5169447372858083,0.7834724355804868,0.002432383984341868
911,5,mild,12,32,random_score,helpful,64,0.16789186897577768,0.5169447372858084,0.684836606261586,0.002432383984341868
911,5,mild,12,32,oracle_real_utility,helpful,64,0.479991992241691,0.5169447372858083,0.9969367295274992,0.002432383984341868
911,6,mild,12,32,predicted_utility,unstable,32,0.19713776196421628,0.6528638188986522,0.8500015808628685,0.002432383984341868
911,6,mild,12,32,uncertainty_penalized,helpful,32,0.33345226493573876,0.6528638188986522,0.986316083834391,0.002432383984341868
911,6,mild,12,32,random_score,harmful,4,-0.14707229462695515,0.6528638188986521,0.5057915242716969,0.002432383984341868
911,6,mild,12,32,oracle_real_utility,helpful,32,0.3469017992817829,0.6528638188986522,0.9997656181804351,0.002432383984341868
911,7,mild,12,32,predicted_utility,helpful,16,0.21562885584281644,0.5629799649234415,0.7786088207662579,0.002432383984341868
911,7,mild,12,32,uncertainty_penalized,helpful,16,0.21566993882664864,0.5629799649234415,0.7786499037500901,0.002432383984341868
911,7,mild,12,32,random_score,helpful,64,0.2350088766487166,0.5629799649234416,0.7979888415721582,0.002432383984341868
911,7,mild,12,32,oracle_real_utility,helpful,64,0.43421309274249087,0.5629799649234415,0.9971930576659324,0.002432383984341868
911,0,mild,12,64,predicted_utility,unstable,16,0.1966780980633449,0.6155311933649228,0.8122092914282677,0.0026619927734827797
911,0,mild,12,64,uncertainty_penalized,unstable,16,0.19667063627106063,0.6155311933649229,0.8122018296359835,0.0026619927734827797
911,0,mild,12,64,random_score,helpful,4,0.06304823054211728,0.6155311933649227,0.67857942390704,0.0026619927734827797
911,0,mild,12,64,oracle_real_utility,helpful,64,0.38370992206915155,0.6155311933649228,0.9992411154340743,0.0026619927734827797
911,1,mild,12,64,predicted_utility,unstable,16,0.18129513046409895,0.6076178661861457,0.7889129966502446,0.0026619927734827797
911,1,mild,12,64,uncertainty_penalized,unstable,16,0.18129519591299303,0.6076178661861455,0.7889130620991386,0.0026619927734827797
911,1,mild,12,64,random_score,helpful,2,0.21508045184650582,0.6076178661861454,0.8226983180326513,0.0026619927734827797
911,1,mild,12,64,oracle_real_utility,helpful,64,0.39207725642771896,0.6076178661861454,0.9996951226138644,0.0026619927734827797
911,2,mild,12,64,predicted_utility,helpful,32,0.3393742877954531,0.6278829357307569,0.96725722352621,0.0026619927734827797
911,2,mild,12,64,uncertainty_penalized,helpful,32,0.33937428779458345,0.6278829357307569,0.9672572235253404,0.0026619927734827797
911,2,mild,12,64,random_score,harmful,2,-0.10650714795797467,0.6278829357307569,0.5213757877727823,0.0026619927734827797
911,2,mild,12,64,oracle_real_utility,helpful,64,0.3720281918754351,0.6278829357307569,0.999911127606192,0.0026619927734827797
911,3,mild,12,64,predicted_utility,helpful,16,0.16861002059181351,0.6210372142640567,0.7896472348558702,0.0026619927734827797
911,3,mild,12,64,uncertainty_penalized,helpful,16,0.1685992031242426,0.6210372142640567,0.7896364173882993,0.0026619927734827797
911,3,mild,12,64,random_score,unstable,4,0.06156044619969914,0.6210372142640569,0.682597660463756,0.0026619927734827797
911,3,mild,12,64,oracle_real_utility,helpful,64,0.37622209661955885,0.6210372142640568,0.9972593108836156,0.0026619927734827797
911,4,mild,12,64,predicted_utility,unstable,16,0.17069482349314946,0.6346425742333205,0.80533739772647,0.0026619927734827797
911,4,mild,12,64,uncertainty_penalized,helpful,16,0.1706951032008629,0.6346425742333205,0.8053376774341834,0.0026619927734827797
911,4,mild,12,64,random_score,unstable,32,0.05636791499632032,0.6346425742333203,0.6910104892296406,0.0026619927734827797
911,4,mild,12,64,oracle_real_utility,helpful,64,0.3641838423946373,0.6346425742333205,0.9988264166279578,0.0026619927734827797
911,5,mild,12,64,predicted_utility,helpful,16,0.2067859268071237,0.5696444109370111,0.7764303377441348,0.0026619927734827797
911,5,mild,12,64,uncertainty_penalized,helpful,16,0.20678592281348485,0.5696444109370111,0.776430333750496,0.0026619927734827797
911,5,mild,12,64,random_score,helpful,32,0.11166108558481014,0.5696444109370109,0.681305496521821,0.0026619927734827797
911,5,mild,12,64,oracle_real_utility,helpful,64,0.42876678229268006,0.5696444109370108,0.9984111932296909,0.0026619927734827797
911,6,mild,12,64,predicted_utility,unstable,32,0.20959859273284132,0.6399141243291101,0.8495127170619514,0.0026619927734827797
911,6,mild,12,64,uncertainty_penalized,helpful,64,0.3289844666340471,0.6399141243291101,0.9688985909631572,0.0026619927734827797
911,6,mild,12,64,random_score,harmful,8,-0.12749294012406898,0.63991412432911,0.512421184205041,0.0026619927734827797
911,6,mild,12,64,oracle_real_utility,helpful,64,0.35819426893306705,0.6399141243291101,0.9981083932621772,0.0026619927734827797
911,7,mild,12,64,predicted_utility,helpful,16,0.1910763042631144,0.5753923138618221,0.7664686181249365,0.0026619927734827797
911,7,mild,12,64,uncertainty_penalized,helpful,16,0.1911083991297905,0.5753923138618221,0.7665007129916126,0.0026619927734827797
911,7,mild,12,64,random_score,helpful,64,0.17983463936630062,0.5753923138618219,0.7552269532281225,0.0026619927734827797
911,7,mild,12,64,oracle_real_utility,helpful,64,0.4189908221769394,0.575392313861822,0.9943831360387614,0.0026619927734827797
911,0,mild,12,128,predicted_utility,helpful,32,0.2256311534821024,0.6425784994895319,0.8682096529716343,0.0021808114257737543
911,0,mild,12,128,uncertainty_penalized,unstable,32,0.19899016312060813,0.642578499489532,0.8415686626101402,0.0021808114257737543
911,0,mild,12,128,random_score,helpful,8,0.07295726694080096,0.6425784994895318,0.7155357664303328,0.0021808114257737543
911,0,mild,12,128,oracle_real_utility,helpful,64,0.3559644204492154,0.642578499489532,0.9985429199387474,0.0021808114257737543
911,1,mild,12,128,predicted_utility,unstable,16,0.1814011951812069,0.6136031753609279,0.7950043705421348,0.0021808114257737543
911,1,mild,12,128,uncertainty_penalized,unstable,16,0.18136918451296546,0.6136031753609279,0.7949723598738934,0.0021808114257737543
911,1,mild,12,128,random_score,helpful,2,0.2247767547779158,0.6136031753609281,0.8383799301388439,0.0021808114257737543
911,1,mild,12,128,oracle_real_utility,helpful,64,0.3842533265912653,0.6136031753609281,0.9978565019521934,0.0021808114257737543
911,2,mild,12,128,predicted_utility,helpful,32,0.3286077506631596,0.6404083894470779,0.9690161401102375,0.0021808114257737543
911,2,mild,12,128,uncertainty_penalized,helpful,32,0.328474718867778,0.640408389447078,0.968883108314856,0.0021808114257737543
911,2,mild,12,128,random_score,harmful,2,-0.041495222337809556,0.6404083894470778,0.5989131671092682,0.0021808114257737543
911,2,mild,12,128,oracle_real_utility,helpful,64,0.3591116004595092,0.6404083894470779,0.9995199899065871,0.0021808114257737543
911,3,mild,12,128,predicted_utility,helpful,16,0.182327514568408,0.6075558542515922,0.7898833688200002,0.0021808114257737543
911,3,mild,12,128,uncertainty_penalized,helpful,16,0.18231049817237566,0.6075558542515921,0.7898663524239677,0.0021808114257737543
911,3,mild,12,128,random_score,saturating,2,-0.01628333424000361,0.6075558542515918,0.5912725200115881,0.0021808114257737543
911,3,mild,12,128,oracle_real_utility,helpful,64,0.3905941213269638,0.6075558542515916,0.9981499755785554,0.0021808114257737543
911,4,mild,12,128,predicted_utility,helpful,16,0.16315446068687312,0.6461336772868637,0.8092881379737368,0.0021808114257737543
911,4,mild,12,128,uncertainty_penalized,helpful,16,0.16284030513863368,0.6461336772868637,0.8089739824254973,0.0021808114257737543
911,4,mild,12,128,random_score,helpful,2,0.05290140182679692,0.6461336772868636,0.6990350791136605,0.0021808114257737543
911,4,mild,12,128,oracle_real_utility,helpful,64,0.3529013388809463,0.6461336772868638,0.9990350161678101,0.0021808114257737543
911,5,mild,12,128,predicted_utility,helpful,16,0.19564663878322375,0.5834156248698184,0.7790622636530421,0.0021808114257737543
911,5,mild,12,128,uncertainty_penalized,helpful,16,0.1951824965837783,0.5834156248698184,0.7785981214535966,0.0021808114257737543
911,5,mild,12,128,random_score,saturating,2,0.004441344400900604,0.5834156248698185,0.5878569692707191,0.0021808114257737543
911,5,mild,12,128,oracle_real_utility,helpful,64,0.41171399762510696,0.5834156248698185,0.9951296224949254,0.0021808114257737543
911,6,mild,12,128,predicted_utility,helpful,16,0.21080265867712644,0.6434262497050282,0.8542289083821546,0.0021808114257737543
911,6,mild,12,128,uncertainty_penalized,helpful,16,0.20897804060737557,0.6434262497050283,0.8524042903124038,0.0021808114257737543
911,6,mild,12,128,random_score,helpful,4,0.12287907444890467,0.6434262497050282,0.7663053241539328,0.0021808114257737543
911,6,mild,12,128,oracle_real_utility,helpful,64,0.35361689371002236,0.6434262497050283,0.9970431434150506,0.0021808114257737543
911,7,mild,12,128,predicted_utility,helpful,16,0.20698233286406897,0.5896456033478259,0.7966279362118949,0.0021808114257737543
911,7,mild,12,128,uncertainty_penalized,helpful,16,0.2070761677797167,0.5896456033478258,0.7967217711275425,0.0021808114257737543
911,7,mild,12,128,random_score,helpful,64,0.10812501224110893,0.5896456033478262,0.6977706155889352,0.0021808114257737543
911,7,mild,12,128,oracle_real_utility,helpful,64,0.3941715779854764,0.5896456033478259,0.9838171813333023,0.0021808114257737543
911,0,severe,4,32,predicted_utility,helpful,16,0.15447213843539087,0.6173893903635422,0.7718615287989331,0.0007137316405305683
911,0,severe,4,32,uncertainty_penalized,helpful,16,0.14151213928718875,0.6173893903635421,0.7589015296507309,0.0007137316405305683
911,0,severe,4,32,random_score,helpful,64,0.12760090323630946,0.6173893903635421,0.7449902935998516,0.0007137316405305683
911,0,severe,4,32,oracle_real_utility,helpful,32,0.3825304694394307,0.6173893903635422,0.9999198598029729,0.0007137316405305683
911,1,severe,4,32,predicted_utility,helpful,16,0.1952033127861874,0.6845883456270501,0.8797916584132375,0.0007137316405305683
911,1,severe,4,32,uncertainty_penalized,helpful,16,0.19383225538507043,0.68458834562705,0.8784206010121204,0.0007137316405305683
911,1,severe,4,32,random_score,harmful,2,-0.08653455737218552,0.68458834562705,0.5980537882548644,0.0007137316405305683
911,1,severe,4,32,oracle_real_utility,helpful,32,0.315228338112171,0.6845883456270502,0.9998166837392212,0.0007137316405305683
911,2,severe,4,32,predicted_utility,saturating,16,0.027706636359609016,0.2118980370743395,0.2396046734339485,0.0007137316405305683
911,2,severe,4,32,uncertainty_penalized,saturating,16,-0.009461723560867302,0.2118980370743395,0.2024363135134722,0.0007137316405305683
911,2,severe,4,32,random_score,helpful,8,0.0971437503062437,0.21189803707433943,0.30904178738058313,0.0007137316405305683
911,2,severe,4,32,oracle_real_utility,helpful,128,0.7766613714232957,0.21189803707433946,0.9885594084976352,0.0007137316405305683
911,3,severe,4,32,predicted_utility,helpful,8,0.18181938993133928,0.7068365529274001,0.8886559428587394,0.0007137316405305683
911,3,severe,4,32,uncertainty_penalized,helpful,8,0.18178578217627284,0.7068365529274002,0.8886223351036731,0.0007137316405305683
911,3,severe,4,32,random_score,harmful,2,-0.38506938062485724,0.7068365529274001,0.32176717230254287,0.0007137316405305683
911,3,severe,4,32,oracle_real_utility,helpful,32,0.2931258112230638,0.7068365529274002,0.999962364150464,0.0007137316405305683
911,4,severe,4,32,predicted_utility,helpful,32,0.4393071454936466,0.5600383008710486,0.9993454463646951,0.0007137316405305683
911,4,severe,4,32,uncertainty_penalized,helpful,32,0.43934859519014813,0.5600383008710486,0.9993868960611967,0.0007137316405305683
911,4,severe,4,32,random_score,harmful,2,-0.47789567359295,0.5600383008710486,0.08214262727809857,0.0007137316405305683
911,4,severe,4,32,oracle_real_utility,helpful,32,0.43952613484392833,0.5600383008710486,0.9995644357149769,0.0007137316405305683
911,5,severe,4,32,predicted_utility,helpful,32,0.2174436605208413,0.730175718551719,0.9476193790725603,0.0007137316405305683
911,5,severe,4,32,uncertainty_penalized,helpful,32,0.21744366052083997,0.730175718551719,0.947619379072559,0.0007137316405305683
911,5,severe,4,32,random_score,unstable,2,0.11050810195048866,0.7301757185517189,0.8406838205022076,0.0007137316405305683
911,5,severe,4,32,oracle_real_utility,helpful,32,0.2697158752021369,0.730175718551719,0.999891593753856,0.0007137316405305683
911,6,severe,4,32,predicted_utility,helpful,8,0.09996978932772327,0.7227153012230416,0.8226850905507649,0.0007137316405305683
911,6,severe,4,32,uncertainty_penalized,helpful,16,0.09993149610246943,0.7227153012230416,0.822646797325511,0.0007137316405305683
911,6,severe,4,32,random_score,helpful,64,0.2035894646054961,0.7227153012230416,0.9263047658285377,0.0007137316405305683
911,6,severe,4,32,oracle_real_utility,helpful,32,0.2770427353032511,0.7227153012230418,0.9997580365262929,0.0007137316405305683
911,7,severe,4,32,predicted_utility,helpful,16,0.14899312077015547,0.7284490010693019,0.8774421218394574,0.0007137316405305683
911,7,severe,4,32,uncertainty_penalized,helpful,16,0.13271845262574666,0.7284490010693019,0.8611674536950485,0.0007137316405305683
911,7,severe,4,32,random_score,harmful,8,-0.2984384056517882,0.7284490010693019,0.4300105954175137,0.0007137316405305683
911,7,severe,4,32,oracle_real_utility,helpful,32,0.2713565429522149,0.7284490010693019,0.9998055440215168,0.0007137316405305683
911,0,severe,4,64,predicted_utility,helpful,16,0.11025050588075558,0.6972329361926813,0.8074834420734369,0.0009776033203365841
911,0,severe,4,64,uncertainty_penalized,helpful,16,0.11714449832404727,0.6972329361926813,0.8143774345167286,0.0009776033203365841
911,0,severe,4,64,random_score,saturating,2,-0.00039894221452674294,0.697232936192681,0.6968339939781543,0.0009776033203365841
911,0,severe,4,64,oracle_real_utility,helpful,32,0.30205511719809597,0.6972329361926813,0.9992880533907773,0.0009776033203365841
911,1,severe,4,64,predicted_utility,helpful,16,0.2046331696382111,0.6731136218475928,0.8777467914858039,0.0009776033203365841
911,1,severe,4,64,uncertainty_penalized,helpful,16,0.20447895008814854,0.6731136218475928,0.8775925719357414,0.0009776033203365841
911,1,severe,4,64,random_score,harmful,2,-0.08560127056739808,0.673113621847593,0.587512351280195,0.0009776033203365841
911,1,severe,4,64,oracle_real_utility,helpful,32,0.32656835575361753,0.6731136218475928,0.9996819776012104,0.0009776033203365841
911,2,severe,4,64,predicted_utility,saturating,2,-0.0024936912404859846,0.3072626688993172,0.3047689776588312,0.0009776033203365841
911,2,severe,4,64,uncertainty_penalized,harmful,2,-0.02886333454185197,0.30726266889931714,0.27839933435746517,0.0009776033203365841
911,2,severe,4,64,random_score,saturating,2,0.0463079334570346,0.30726266889931725,0.35357060235635185,0.0009776033203365841
911,2,severe,4,64,oracle_real_utility,helpful,128,0.6821372158928307,0.30726266889931714,0.9893998847921479,0.0009776033203365841
911,3,severe,4,64,predicted_utility,helpful,16,0.1756323173535983,0.728432667319867,0.9040649846734653,0.0009776033203365841
911,3,severe,4,64,uncertainty_penalized,helpful,16,0.16258110392426095,0.7284326673198669,0.8910137712441278,0.0009776033203365841
911,3,severe,4,64,random_score,helpful,2,0.17783193103983908,0.7284326673198669,0.906264598359706,0.0009776033203365841
911,3,severe,4,64,oracle_real_utility,helpful,32,0.27126382894541856,0.728432667319867,0.9996964962652856,0.0009776033203365841
911,4,severe,4,64,predicted_utility,helpful,32,0.35585823018046525,0.610259513531985,0.9661177437124503,0.0009776033203365841
911,4,severe,4,64,uncertainty_penalized,helpful,32,0.3446510627480377,0.6102595135319852,0.9549105762800228,0.0009776033203365841
911,4,severe,4,64,random_score,harmful,2,-0.133431827494024,0.6102595135319848,0.47682768603796083,0.0009776033203365841
911,4,severe,4,64,oracle_real_utility,helpful,32,0.3879105054049131,0.6102595135319852,0.9981700189368983,0.0009776033203365841
911,5,severe,4,64,predicted_utility,helpful,16,0.19493916655644272,0.752621414108072,0.9475605806645148,0.0009776033203365841
911,5,severe,4,64,uncertainty_penalized,helpful,16,0.19493611192839622,0.7526214141080722,0.9475575260364684,0.0009776033203365841
911,5,severe,4,64,random_score,helpful,2,0.06468372230206654,0.752621414108072,0.8173051364101386,0.0009776033203365841
911,5,severe,4,64,oracle_real_utility,helpful,16,0.2468400476874938,0.752621414108072,0.9994614617955658,0.0009776033203365841
911,6,severe,4,64,predicted_utility,helpful,8,0.07347936487778028,0.7913998025495026,0.8648791674272829,0.0009776033203365841
911,6,severe,4,64,uncertainty_penalized,helpful,16,0.07528914390148178,0.7913998025495027,0.8666889464509845,0.0009776033203365841
911,6,severe,4,64,random_score,helpful,64,0.14166640191601187,0.7913998025495026,0.9330662044655145,0.0009776033203365841
911,6,severe,4,64,oracle_real_utility,helpful,16,0.20714695570556974,0.7913998025495028,0.9985467582550726,0.0009776033203365841
911,7,severe,4,64,predicted_utility,helpful,16,0.15308553786738077,0.7108013268641162,0.863886864731497,0.0009776033203365841
911,7,severe,4,64,uncertainty_penalized,helpful,16,0.14012908993753181,0.7108013268641163,0.8509304168016482,0.0009776033203365841
911,7,severe,4,64,random_score,harmful,4,-0.2743624438946139,0.7108013268641162,0.43643888296950234,0.0009776033203365841
911,7,severe,4,64,oracle_real_utility,helpful,32,0.28697481602318364,0.710801326864116,0.9977761428872997,0.0009776033203365841
911,0,severe,4,128,predicted_utility,helpful,16,0.06133934718531642,0.7382985093180608,0.7996378565033773,0.0008314309570494061
911,0,severe,4,128,uncertainty_penalized,helpful,16,0.058334148982325584,0.738298509318061,0.7966326583003865,0.0008314309570494061
911,0,severe,4,128,random_score,harmful,2,-0.031176909502626415,0.7382985093180614,0.707121599815435,0.0008314309570494061
911,0,severe,4,128,oracle_real_utility,helpful,32,0.25426129229905825,0.7382985093180608,0.9925598016171191,0.0008314309570494061
911,1,severe,4,128,predicted_utility,helpful,16,0.18389373916285878,0.6864631982933005,0.8703569374561593,0.0008314309570494061
911,1,severe,4,128,uncertainty_penalized,helpful,16,0.18366251386634835,0.6864631982933005,0.8701257121596488,0.0008314309570494061
911,1,severe,4,128,random_score,harmful,2,-0.09681388352234066,0.6864631982933005,0.5896493147709598,0.0008314309570494061
911,1,severe,4,128,oracle_real_utility,helpful,32,0.3120098130333857,0.6864631982933008,0.9984730113266865,0.0008314309570494061
911,2,severe,4,128,predicted_utility,harmful,2,-0.073283869440465,0.34127562182342513,0.26799175238296014,0.0008314309570494061
911,2,severe,4,128,uncertainty_penalized,harmful,2,-0.06769701836982517,0.3412756218234251,0.2735786034535999,0.0008314309570494061
911,2,severe,4,128,random_score,harmful,8,-0.026693601773762676,0.3412756218234251,0.3145820200496624,0.0008314309570494061
911,2,severe,4,128,oracle_real_utility,helpful,128,0.6583627382989643,0.3412756218234251,0.9996383601223894,0.0008314309570494061
911,3,severe,4,128,predicted_utility,helpful,16,0.1966385082406108,0.7136265205175595,0.9102650287581703,0.0008314309570494061
911,3,severe,4,128,uncertainty_penalized,helpful,16,0.19305206687044774,0.7136265205175595,0.9066785873880072,0.0008314309570494061
911,3,severe,4,128,random_score,helpful,2,0.1295993525483885,0.7136265205175593,0.8432258730659478,0.0008314309570494061
911,3,severe,4,128,oracle_real_utility,helpful,32,0.28436357771264964,0.7136265205175591,0.9979900982302088,0.0008314309570494061
911,4,severe,4,128,predicted_utility,helpful,32,0.2938160616406025,0.6851531172383221,0.9789691788789245,0.0008314309570494061
911,4,severe,4,128,uncertainty_penalized,helpful,32,0.3028861959089606,0.6851531172383218,0.9880393131472824,0.0008314309570494061
911,4,severe,4,128,random_score,harmful,2,-0.07491717498557826,0.6851531172383222,0.6102359422527439,0.0008314309570494061
911,4,severe,4,128,oracle_real_utility,helpful,32,0.30978002242575975,0.6851531172383218,0.9949331396640816,0.0008314309570494061
911,5,severe,4,128,predicted_utility,helpful,16,0.1424179119126988,0.8161954575474235,0.9586133694601223,0.0008314309570494061
911,5,severe,4,128,uncertainty_penalized,helpful,16,0.14241141991972728,0.8161954575474235,0.9586068774671508,0.0008314309570494061
911,5,severe,4,128,random_score,saturating,2,0.026925037312626743,0.8161954575474238,0.8431204948600506,0.0008314309570494061
911,5,severe,4,128,oracle_real_utility,helpful,16,0.18246601491007652,0.8161954575474234,0.9986614724574999,0.0008314309570494061
911,6,severe,4,128,predicted_utility,helpful,16,0.07826974267364073,0.7875415267777813,0.8658112694514221,0.0008314309570494061
911,6,severe,4,128,uncertainty_penalized,helpful,16,0.0768155278529935,0.7875415267777814,0.864357054630775,0.0008314309570494061
911,6,severe,4,128,random_score,helpful,32,0.08349910345395017,0.7875415267777812,0.8710406302317314,0.0008314309570494061
911,6,severe,4,128,oracle_real_utility,helpful,32,0.20981848876517561,0.787541526777781,0.9973600155429566,0.0008314309570494061
911,7,severe,4,128,predicted_utility,helpful,16,0.1374882858591857,0.7364445443372755,0.8739328301964612,0.0008314309570494061
911,7,severe,4,128,uncertainty_penalized,helpful,16,0.14002224430632204,0.7364445443372755,0.8764667886435975,0.0008314309570494061
911,7,severe,4,128,random_score,harmful,4,-0.23782808459430582,0.7364445443372759,0.4986164597429701,0.0008314309570494061
911,7,severe,4,128,oracle_real_utility,helpful,32,0.2607195327882531,0.7364445443372757,0.9971640771255288,0.0008314309570494061
911,0,severe,8,32,predicted_utility,harmful,2,-0.39086044204530185,0.6774183554878145,0.28655791344251264,0.001145895703189126
911,0,severe,8,32,uncertainty_penalized,harmful,2,-0.3908604420453409,0.6774183554878145,0.2865579134424736,0.001145895703189126
911,0,severe,8,32,random_score,harmful,4,-0.6700749924668257,0.6774183554878146,0.007343363020988957,0.001145895703189126
911,0,severe,8,32,oracle_real_utility,helpful,16,0.32251043704459603,0.6774183554878144,0.9999287925324104,0.001145895703189126
911,1,severe,8,32,predicted_utility,harmful,2,-0.18205878585480578,0.4567368599676904,0.27467807411288464,0.001145895703189126
911,1,severe,8,32,uncertainty_penalized,harmful,2,-0.18205878581409723,0.4567368599676905,0.27467807415359324,0.001145895703189126
911,1,severe,8,32,random_score,helpful,128,0.5285851545175783,0.45673685996769053,0.9853220144852688,0.001145895703189126
911,1,severe,8,32,oracle_real_utility,helpful,32,0.5432267904599155,0.4567368599676906,0.999963650427606,0.001145895703189126
911,2,severe,8,32,predicted_utility,harmful,2,-0.36684461987610684,0.513593623052489,0.14674900317638215,0.001145895703189126
911,2,severe,8,32,uncertainty_penalized,harmful,2,-0.3668446198761068,0.513593623052489,0.14674900317638223,0.001145895703189126
911,2,severe,8,32,random_score,harmful,2,-0.35052113116466416,0.513593623052489,0.16307249188782486,0.001145895703189126
911,2,severe,8,32,oracle_real_utility,helpful,32,0.48622463067794286,0.5135936230524889,0.9998182537304318,0.001145895703189126
911,3,severe,8,32,predicted_utility,harmful,2,-0.09053037553411136,0.6860449473442313,0.5955145718101199,0.001145895703189126
911,3,severe,8,32,uncertainty_penalized,harmful,2,-0.09053037553324039,0.6860449473442312,0.5955145718109908,0.001145895703189126
911,3,severe,8,32,random_score,helpful,16,0.1297234132449282,0.6860449473442313,0.8157683605891595,0.001145895703189126
911,3,severe,8,32,oracle_real_utility,helpful,32,0.3137881604285997,0.6860449473442314,0.9998331077728311,0.001145895703189126
911,4,severe,8,32,predicted_utility,saturating,16,0.011217024428164746,0.6462670809064205,0.6574841053345852,0.001145895703189126
911,4,severe,8,32,uncertainty_penalized,saturating,16,0.011217024428156419,0.6462670809064204,0.6574841053345768,0.001145895703189126
911,4,severe,8,32,random_score,helpful,32,0.12010096299964002,0.6462670809064204,0.7663680439060604,0.001145895703189126
911,4,severe,8,32,oracle_real_utility,helpful,32,0.353070942328242,0.6462670809064203,0.9993380232346623,0.001145895703189126
911,5,severe,8,32,predicted_utility,harmful,2,-0.12580434872309332,0.7550457013255689,0.6292413526024756,0.001145895703189126
911,5,severe,8,32,uncertainty_penalized,harmful,2,-0.12580321520667614,0.7550457013255689,0.6292424861188928,0.001145895703189126
911,5,severe,8,32,random_score,helpful,32,0.09727322016195283,0.7550457013255689,0.8523189214875218,0.001145895703189126
911,5,severe,8,32,oracle_real_utility,helpful,16,0.24471026020883258,0.7550457013255688,0.9997559615344014,0.001145895703189126
911,6,severe,8,32,predicted_utility,harmful,2,-0.4188091870567896,0.6143143623777907,0.19550517532100112,0.001145895703189126
911,6,severe,8,32,uncertainty_penalized,harmful,2,-0.4188091870567896,0.6143143623777907,0.19550517532100112,0.001145895703189126
911,6,severe,8,32,random_score,harmful,2,-0.36964037486658285,0.6143143623777905,0.2446739875112076,0.001145895703189126
911,6,severe,8,32,oracle_real_utility,helpful,16,0.3856601675065554,0.6143143623777906,0.999974529884346,0.001145895703189126
911,7,severe,8,32,predicted_utility,harmful,2,-0.22252104907384906,0.4014103007709549,0.17888925169710584,0.001145895703189126
911,7,severe,8,32,uncertainty_penalized,harmful,2,-0.22252104906402265,0.4014103007709549,0.17888925170693226,0.001145895703189126
911,7,severe,8,32,random_score,harmful,2,-0.0643615240827422,0.40141030077095496,0.33704877668821276,0.001145895703189126
911,7,severe,8,32,oracle_real_utility,helpful,32,0.5984859784633414,0.4014103007709549,0.9998962792342964,0.001145895703189126
911,0,severe,8,64,predicted_utility,harmful,2,-0.34737045274459916,0.6388600723816504,0.2914896196370513,0.0009350566406283178
911,0,severe,8,64,uncertainty_penalized,harmful,2,-0.3473423756605982,0.6388600723816503,0.2915176967210521,0.0009350566406283178
911,0,severe,8,64,random_score,unstable,4,0.2304276779139558,0.6388600723816504,0.8692877502956062,0.0009350566406283178
911,0,severe,8,64,oracle_real_utility,helpful,16,0.3609326474443082,0.6388600723816502,0.9997927198259584,0.0009350566406283178
911,1,severe,8,64,predicted_utility,harmful,2,-0.28578076573584765,0.5092580049645787,0.22347723922873108,0.0009350566406283178
911,1,severe,8,64,uncertainty_penalized,harmful,2,-0.28578076569877964,0.5092580049645787,0.2234772392657991,0.0009350566406283178
911,1,severe,8,64,random_score,helpful,128,0.3825382029214004,0.5092580049645788,0.8917962078859792,0.0009350566406283178
911,1,severe,8,64,oracle_real_utility,helpful,32,0.4902199860108222,0.5092580049645788,0.999477990975401,0.0009350566406283178
911,2,severe,8,64,predicted_utility,harmful,2,-0.340399534303489,0.4768237389444712,0.1364242046409822,0.0009350566406283178
911,2,severe,8,64,uncertainty_penalized,harmful,2,-0.3405996565920083,0.4768237389444712,0.1362240823524629,0.0009350566406283178
911,2,severe,8,64,random_score,harmful,4,-0.26963408490493246,0.47682373894447116,0.20718965403953868,0.0009350566406283178
911,2,severe,8,64,oracle_real_utility,helpful,32,0.5217650359745509,0.4768237389444713,0.9985887749190222,0.0009350566406283178
911,3,severe,8,64,predicted_utility,harmful,2,-0.12639093765124487,0.6852411877613991,0.5588502501101542,0.0009350566406283178
911,3,severe,8,64,uncertainty_penalized,harmful,2,-0.12639093929517464,0.6852411877613992,0.5588502484662246,0.0009350566406283178
911,3,severe,8,64,random_score,harmful,16,-0.04641305769404269,0.6852411877613994,0.6388281300673567,0.0009350566406283178
911,3,severe,8,64,oracle_real_utility,helpful,32,0.31439336840352106,0.6852411877613992,0.9996345561649203,0.0009350566406283178
911,4,severe,8,64,predicted_utility,harmful,2,-0.03773822569930807,0.6961339617114315,0.6583957360121234,0.0009350566406283178
911,4,severe,8,64,uncertainty_penalized,harmful,2,-0.03885080336960267,0.6961339617114314,0.6572831583418287,0.0009350566406283178
911,4,severe,8,64,random_score,harmful,2,-0.4681128120467539,0.6961339617114315,0.22802114966467757,0.0009350566406283178
911,4,severe,8,64,oracle_real_utility,helpful,32,0.3000672428621711,0.6961339617114315,0.9962012045736026,0.0009350566406283178
911,5,severe,8,64,predicted_utility,harmful,2,-0.06887336285172763,0.7250594934498091,0.6561861305980815,0.0009350566406283178
911,5,severe,8,64,uncertainty_penalized,harmful,2,-0.06887369875655847,0.7250594934498091,0.6561857946932507,0.0009350566406283178
911,5,severe,8,64,random_score,helpful,64,0.1398723161469526,0.7250594934498094,0.864931809596762,0.0009350566406283178
911,5,severe,8,64,oracle_real_utility,helpful,16,0.2729587538405145,0.7250594934498096,0.9980182472903241,0.0009350566406283178
911,6,severe,8,64,predicted_utility,harmful,2,-0.39604402530669713,0.5908773052520738,0.19483327994537666,0.0009350566406283178
911,6,severe,8,64,uncertainty_penalized,harmful,2,-0.39604402091413343,0.5908773052520738,0.1948332843379404,0.0009350566406283178
911,6,severe,8,64,random_score,harmful,2,-0.3438075077427635,0.5908773052520739,0.2470697975093105,0.0009350566406283178
911,6,severe,8,64,oracle_real_utility,helpful,16,0.4091034218665758,0.5908773052520738,0.9999807271186496,0.0009350566406283178
911,7,severe,8,64,predicted_utility,harmful,2,-0.19890545731424608,0.42289451382246146,0.22398905650821538,0.0009350566406283178
911,7,severe,8,64,uncertainty_penalized,harmful,2,-0.19735733900509123,0.42289451382246135,0.22553717481737012,0.0009350566406283178
911,7,severe,8,64,random_score,helpful,128,0.4741983381025834,0.42289451382246124,0.8970928519250446,0.0009350566406283178
911,7,severe,8,64,oracle_real_utility,helpful,32,0.5765889014023792,0.42289451382246135,0.9994834152248405,0.0009350566406283178
911,0,severe,8,128,predicted_utility,harmful,2,-0.34655973237331333,0.6093162866193971,0.26275655424608374,0.001046245410151414
911,0,severe,8,128,uncertainty_penalized,harmful,2,-0.34657816566282773,0.6093162866193971,0.26273812095656934,0.001046245410151414
911,0,severe,8,128,random_score,unstable,2,0.0780963260754266,0.6093162866193975,0.6874126126948241,0.001046245410151414
911,0,severe,8,128,oracle_real_utility,helpful,16,0.3899361594111346,0.6093162866193972,0.9992524460305318,0.001046245410151414
911,1,severe,8,128,predicted_utility,harmful,2,-0.27127161253404275,0.5243702539098055,0.25309864137576277,0.001046245410151414
911,1,severe,8,128,uncertainty_penalized,harmful,2,-0.27377241571253963,0.5243702539098055,0.2505978381972659,0.001046245410151414
911,1,severe,8,128,random_score,helpful,128,0.22295696800039622,0.5243702539098057,0.747327221910202,0.001046245410151414
911,1,severe,8,128,oracle_real_utility,helpful,32,0.4741441856327959,0.5243702539098059,0.9985144395426018,0.001046245410151414
911,2,severe,8,128,predicted_utility,harmful,2,-0.32572579941164614,0.5155094898865944,0.18978369047494822,0.001046245410151414
911,2,severe,8,128,uncertainty_penalized,harmful,2,-0.3257375381206389,0.5155094898865944,0.18977195176595554,0.001046245410151414
911,2,severe,8,128,random_score,harmful,2,-0.1288531163128962,0.5155094898865945,0.3866563735736983,0.001046245410151414
911,2,severe,8,128,oracle_real_utility,helpful,32,0.48400108386424756,0.5155094898865945,0.9995105737508421,0.001046245410151414
911,3,severe,8,128,predicted_utility,harmful,2,-0.1220986375381915,0.6868215627461692,0.5647229252079777,0.001046245410151414
911,3,severe,8,128,uncertainty_penalized,harmful,2,-0.12202025700076813,0.6868215627461692,0.5648013057454011,0.001046245410151414
911,3,severe,8,128,random_score,unstable,32,0.03190649591830985,0.6868215627461691,0.718728058664479,0.001046245410151414
911,3,severe,8,128,oracle_real_utility,helpful,32,0.3066648260356901,0.6868215627461693,0.9934863887818595,0.001046245410151414
911,4,severe,8,128,predicted_utility,saturating,16,-0.017772370847808028,0.6850715228643867,0.6672991520165786,0.001046245410151414
911,4,severe,8,128,uncertainty_penalized,harmful,16,-0.020684345119729608,0.6850715228643867,0.664387177744657,0.001046245410151414
911,4,severe,8,128,random_score,harmful,2,-0.3512052431398462,0.685071522864387,0.3338662797245408,0.001046245410151414
911,4,severe,8,128,oracle_real_utility,helpful,32,0.30783646541277576,0.6850715228643861,0.9929079882771619,0.001046245410151414
911,5,severe,8,128,predicted_utility,harmful,2,-0.1249648810165388,0.7453260906582905,0.6203612096417517,0.001046245410151414
911,5,severe,8,128,uncertainty_penalized,harmful,2,-0.1282496740343656,0.7453260906582907,0.6170764166239251,0.001046245410151414
911,5,severe,8,128,random_score,helpful,64,0.21256877892715476,0.7453260906582903,0.957894869585445,0.001046245410151414
911,5,severe,8,128,oracle_real_utility,helpful,16,0.25250302568668703,0.7453260906582903,0.9978291163449773,0.001046245410151414
911,6,severe,8,128,predicted_utility,harmful,2,-0.3699946106890815,0.6259902506321378,0.25599563994305624,0.001046245410151414
911,6,severe,8,128,uncertainty_penalized,harmful,2,-0.38152162642070686,0.625990250632138,0.2444686242114311,0.001046245410151414
911,6,severe,8,128,random_score,unstable,4,0.11406214001636394,0.6259902506321373,0.7400523906485013,0.001046245410151414
911,6,severe,8,128,oracle_real_utility,helpful,16,0.37350522379409334,0.6259902506321372,0.9994954744262305,0.001046245410151414
911,7,severe,8,128,predicted_utility,harmful,2,-0.1353810218166137,0.5112927297805028,0.37591170796388906,0.001046245410151414
911,7,severe,8,128,uncertainty_penalized,harmful,2,-0.1347727721797336,0.5112927297805028,0.3765199576007692,0.001046245410151414
911,7,severe,8,128,random_score,helpful,128,0.40328529734953833,0.5112927297805029,0.9145780271300412,0.001046245410151414
911,7,severe,8,128,oracle_real_utility,helpful,32,0.48799539513842183,0.5112927297805029,0.9992881249189247,0.001046245410151414
911,0,severe,12,32,predicted_utility,harmful,2,-0.1814925045892177,0.4148972978192347,0.23340479323001698,0.0013887269531096536
911,0,severe,12,32,uncertainty_penalized,harmful,2,-0.1814928037192139,0.4148972978192347,0.2334044941000208,0.0013887269531096536
911,0,severe,12,32,random_score,helpful,128,0.501376023653658,0.4148972978192346,0.9162733214728926,0.0013887269531096536
911,0,severe,12,32,oracle_real_utility,helpful,64,0.5850649216116217,0.4148972978192346,0.9999622194308563,0.0013887269531096536
911,1,severe,12,32,predicted_utility,harmful,2,-0.22860963872449375,0.38133826847199004,0.1527286297474963,0.0013887269531096536
911,1,severe,12,32,uncertainty_penalized,harmful,2,-0.22860963379768962,0.38133826847199004,0.15272863467430042,0.0013887269531096536
911,1,severe,12,32,random_score,unstable,16,0.025711798152884213,0.3813382684719901,0.4070500666248743,0.0013887269531096536
911,1,severe,12,32,oracle_real_utility,helpful,64,0.618175820713242,0.38133826847199004,0.999514089185232,0.0013887269531096536
911,2,severe,12,32,predicted_utility,harmful,8,-0.07676726557425878,0.3195336177292513,0.24276635215499254,0.0013887269531096536
911,2,severe,12,32,uncertainty_penalized,harmful,8,-0.07676726557425878,0.3195336177292513,0.24276635215499254,0.0013887269531096536
911,2,severe,12,32,random_score,harmful,2,-0.1639608754860264,0.31953361772925126,0.15557274224322487,0.0013887269531096536
911,2,severe,12,32,oracle_real_utility,helpful,64,0.6804417267371459,0.31953361772925126,0.9999753444663971,0.0013887269531096536
911,3,severe,12,32,predicted_utility,harmful,2,-0.3321048959680891,0.48649271716099424,0.15438782119290512,0.0013887269531096536
911,3,severe,12,32,uncertainty_penalized,harmful,2,-0.33211245113592014,0.48649271716099424,0.15438026602507407,0.0013887269531096536
911,3,severe,12,32,random_score,harmful,2,-0.390896420325995,0.48649271716099424,0.09559629683499925,0.0013887269531096536
911,3,severe,12,32,oracle_real_utility,helpful,32,0.5133491221166662,0.48649271716099435,0.9998418392776606,0.0013887269531096536
911,4,severe,12,32,predicted_utility,harmful,2,-0.28955238257460636,0.5489209906603734,0.259368608085767,0.0013887269531096536
911,4,severe,12,32,uncertainty_penalized,harmful,2,-0.28955242455060703,0.5489209906603735,0.25936856610976644,0.0013887269531096536
911,4,severe,12,32,random_score,harmful,4,-0.14288204352614337,0.5489209906603734,0.40603894713423,0.0013887269531096536
911,4,severe,12,32,oracle_real_utility,helpful,32,0.45085629919814185,0.5489209906603735,0.9997772898585153,0.0013887269531096536
911,5,severe,12,32,predicted_utility,harmful,2,-0.6175925045807968,0.715094708403214,0.09750220382241719,0.0013887269531096536
911,5,severe,12,32,uncertainty_penalized,harmful,2,-0.6175925045807968,0.715094708403214,0.09750220382241719,0.0013887269531096536
911,5,severe,12,32,random_score,helpful,128,0.22811489412116492,0.7150947084032141,0.943209602524379,0.0013887269531096536
911,5,severe,12,32,oracle_real_utility,helpful,16,0.28485084525776694,0.7150947084032141,0.999945553660981,0.0013887269531096536
911,6,severe,12,32,predicted_utility,harmful,2,-0.1374711950236004,0.43103742681658314,0.29356623179298275,0.0013887269531096536
911,6,severe,12,32,uncertainty_penalized,harmful,2,-0.1044079764965341,0.43103742681658314,0.32662945032004903,0.0013887269531096536
911,6,severe,12,32,random_score,saturating,4,-0.00755094178641641,0.43103742681658325,0.42348648503016684,0.0013887269531096536
911,6,severe,12,32,oracle_real_utility,helpful,64,0.5685847821558299,0.4310374268165833,0.9996222089724132,0.0013887269531096536
911,7,severe,12,32,predicted_utility,harmful,2,-0.2927146889331983,0.411884729812167,0.11917004087896872,0.0013887269531096536
911,7,severe,12,32,uncertainty_penalized,harmful,2,-0.29268867865592496,0.411884729812167,0.11919605115624202,0.0013887269531096536
911,7,severe,12,32,random_score,harmful,2,-0.2665436894742832,0.4118847298121671,0.14534104033788392,0.0013887269531096536
911,7,severe,12,32,oracle_real_utility,helpful,64,0.5880440882099187,0.4118847298121671,0.9999288180220858,0.0013887269531096536
911,0,severe,12,64,predicted_utility,harmful,2,-0.19351733694070034,0.4235024471704943,0.22998511022979395,0.001288387695296933
911,0,severe,12,64,uncertainty_penalized,harmful,2,-0.19353527069591292,0.4235024471704943,0.22996717647458137,0.001288387695296933
911,0,severe,12,64,random_score,unstable,64,0.08298798960343162,0.4235024471704942,0.5064904367739258,0.001288387695296933
911,0,severe,12,64,oracle_real_utility,helpful,64,0.5760998029117119,0.4235024471704944,0.9996022500822064,0.001288387695296933
911,1,severe,12,64,predicted_utility,harmful,2,-0.25349158350096984,0.43107937969209303,0.1775877961911232,0.001288387695296933
911,1,severe,12,64,uncertainty_penalized,harmful,2,-0.25349154095599935,0.43107937969209303,0.17758783873609368,0.001288387695296933
911,1,severe,12,64,random_score,saturating,2,-0.008766090686057937,0.431079379692093,0.42231328900603504,0.001288387695296933
911,1,severe,12,64,oracle_real_utility,helpful,32,0.5670386713228738,0.431079379692093,0.9981180510149668,0.001288387695296933
911,2,severe,12,64,predicted_utility,harmful,8,-0.04456987008213992,0.323571071914781,0.2790012018326411,0.001288387695296933
911,2,severe,12,64,uncertainty_penalized,harmful,8,-0.044569870088668695,0.323571071914781,0.2790012018261123,0.001288387695296933
911,2,severe,12,64,random_score,harmful,2,-0.0854938619440567,0.3235710719147809,0.2380772099707242,0.001288387695296933
911,2,severe,12,64,oracle_real_utility,helpful,64,0.6758056223583699,0.323571071914781,0.999376694273151,0.001288387695296933
911,3,severe,12,64,predicted_utility,harmful,2,-0.360557030029953,0.5180145764892126,0.1574575464592596,0.001288387695296933
911,3,severe,12,64,uncertainty_penalized,harmful,2,-0.36060497931374697,0.5180145764892126,0.1574095971754656,0.001288387695296933
911,3,severe,12,64,random_score,helpful,2,0.45012879038772846,0.5180145764892126,0.968143366876941,0.001288387695296933
911,3,severe,12,64,oracle_real_utility,helpful,32,0.479736910883667,0.5180145764892127,0.9977514873728797,0.001288387695296933
911,4,severe,12,64,predicted_utility,harmful,2,-0.29541563846796765,0.5645038534988011,0.2690882150308334,0.001288387695296933
911,4,severe,12,64,uncertainty_penalized,harmful,2,-0.29541594012433525,0.5645038534988008,0.2690879133744656,0.001288387695296933
911,4,severe,12,64,random_score,harmful,2,-0.5087315571234261,0.5645038534988011,0.055772296375374925,0.001288387695296933
911,4,severe,12,64,oracle_real_utility,helpful,32,0.4353690888356203,0.5645038534988011,0.9998729423344214,0.001288387695296933
911,5,severe,12,64,predicted_utility,harmful,2,-0.5073437205170063,0.645423427932804,0.1380797074157978,0.001288387695296933
911,5,severe,12,64,uncertainty_penalized,harmful,2,-0.5073437274127699,0.645423427932804,0.1380797005200342,0.001288387695296933
911,5,severe,12,64,random_score,helpful,2,0.27831587103146227,0.645423427932804,0.9237392989642663,0.001288387695296933
911,5,severe,12,64,oracle_real_utility,helpful,16,0.35307679958561466,0.645423427932804,0.9985002275184187,0.001288387695296933
911,6,severe,12,64,predicted_utility,harmful,4,-0.23394283624932438,0.5287678685445415,0.2948250322952171,0.001288387695296933
911,6,severe,12,64,uncertainty_penalized,harmful,4,-0.20483274439194754,0.5287678685445414,0.32393512415259385,0.001288387695296933
911,6,severe,12,64,random_score,harmful,8,-0.09933522953659096,0.5287678685445416,0.42943263900795065,0.001288387695296933
911,6,severe,12,64,oracle_real_utility,helpful,32,0.47020121862534725,0.5287678685445414,0.9989690871698886,0.001288387695296933
911,7,severe,12,64,predicted_utility,harmful,2,-0.3489203523265132,0.47477002486241343,0.12584967253590026,0.001288387695296933
911,7,severe,12,64,uncertainty_penalized,harmful,2,-0.3488992101664281,0.47477002486241343,0.12587081469598532,0.001288387695296933
911,7,severe,12,64,random_score,helpful,128,0.3598677785251965,0.47477002486241354,0.8346378033876101,0.001288387695296933
911,7,severe,12,64,oracle_real_utility,helpful,32,0.5235178175573684,0.4747700248624137,0.9982878424197821,0.001288387695296933
911,0,severe,12,128,predicted_utility,harmful,4,-0.21663853652044843,0.46165599161642834,0.2450174550959799,0.0011614020507693112
911,0,severe,12,128,uncertainty_penalized,harmful,4,-0.22518822293186205,0.46165599161642834,0.2364677686845663,0.0011614020507693112
911,0,severe,12,128,random_score,helpful,64,0.1368414704660431,0.4616559916164288,0.5984974620824719,0.0011614020507693112
911,0,severe,12,128,oracle_real_utility,helpful,32,0.5368176412670348,0.46165599161642823,0.998473632883463,0.0011614020507693112
911,1,severe,12,128,predicted_utility,harmful,2,-0.2834760982014968,0.472880082312224,0.18940398411072723,0.0011614020507693112
911,1,severe,12,128,uncertainty_penalized,harmful,2,-0.28349343336226357,0.47288008231222395,0.18938664894996038,0.0011614020507693112
911,1,severe,12,128,random_score,unstable,32,-0.004615947489769456,0.47288008231222406,0.4682641348224546,0.0011614020507693112
911,1,severe,12,128,oracle_real_utility,helpful,32,0.5253347761498242,0.4728800823122243,0.9982148584620485,0.0011614020507693112
911,2,severe,12,128,predicted_utility,harmful,8,-0.051749983422108736,0.33617780723028884,0.2844278238081801,0.0011614020507693112
911,2,severe,12,128,uncertainty_penalized,harmful,8,-0.051496995752918606,0.3361778072302887,0.2846808114773701,0.0011614020507693112
911,2,severe,12,128,random_score,unstable,2,0.08236311387016138,0.3361778072302888,0.41854092110045016,0.0011614020507693112
911,2,severe,12,128,oracle_real_utility,helpful,64,0.6629735615025992,0.3361778072302889,0.9991513687328881,0.0011614020507693112
911,3,severe,12,128,predicted_utility,harmful,2,-0.3569265016230336,0.523350837540246,0.16642433591721245,0.0011614020507693112
911,3,severe,12,128,uncertainty_penalized,harmful,2,-0.3570011006376881,0.523350837540246,0.16634973690255794,0.0011614020507693112
911,3,severe,12,128,random_score,helpful,2,0.2939228603429256,0.5233508375402458,0.8172736978831714,0.0011614020507693112
911,3,severe,12,128,oracle_real_utility,helpful,32,0.47465985467846794,0.5233508375402457,0.9980106922187136,0.0011614020507693112
911,4,severe,12,128,predicted_utility,harmful,2,-0.24452824002648732,0.5235541781974093,0.279025938170922,0.0011614020507693112
911,4,severe,12,128,uncertainty_penalized,harmful,2,-0.24501179758033165,0.5235541781974092,0.2785423806170776,0.0011614020507693112
911,4,severe,12,128,random_score,harmful,4,-0.4041361836065359,0.5235541781974096,0.11941799459087366,0.0011614020507693112
911,4,severe,12,128,oracle_real_utility,helpful,32,0.47610341534075895,0.5235541781974092,0.9996575935381682,0.0011614020507693112
911,5,severe,12,128,predicted_utility,harmful,2,-0.4469651437635434,0.661962004340415,0.21499686057687156,0.0011614020507693112
911,5,severe,12,128,uncertainty_penalized,harmful,2,-0.4476999241404983,0.661962004340415,0.2142620801999167,0.0011614020507693112
911,5,severe,12,128,random_score,helpful,2,0.29667413315263824,0.6619620043404151,0.9586361374930533,0.0011614020507693112
911,5,severe,12,128,oracle_real_utility,helpful,16,0.33425162229758276,0.6619620043404153,0.9962136266379981,0.0011614020507693112
911,6,severe,12,128,predicted_utility,harmful,4,-0.22101990071777622,0.5049267013191656,0.2839068006013894,0.0011614020507693112
911,6,severe,12,128,uncertainty_penalized,harmful,4,-0.2253685522462674,0.5049267013191656,0.2795581490728982,0.0011614020507693112
911,6,severe,12,128,random_score,harmful,4,-0.16757482531599394,0.504926701319166,0.337351876003172,0.0011614020507693112
911,6,severe,12,128,oracle_real_utility,helpful,32,0.49347789713786094,0.504926701319166,0.9984045984570269,0.0011614020507693112
911,7,severe,12,128,predicted_utility,harmful,2,-0.2902195365834923,0.5779909709303547,0.28777143434686236,0.0011614020507693112
911,7,severe,12,128,uncertainty_penalized,harmful,2,-0.2899932118196072,0.5779909709303547,0.2879977591107475,0.0011614020507693112
911,7,severe,12,128,random_score,helpful,32,0.18378830534707202,0.5779909709303546,0.7617792762774266,0.0011614020507693112
911,7,severe,12,128,oracle_real_utility,helpful,32,0.4180367218288239,0.5779909709303547,0.9960276927591786,0.0011614020507693112
912,0,mild,4,32,predicted_utility,unstable,8,0.010788157356290129,0.40777676113052386,0.418564918486814,0.0005816960937181648
912,0,mild,4,32,uncertainty_penalized,unstable,4,0.010328276422898297,0.40777676113052386,0.41810503755342215,0.0005816960937181648
912,0,mild,4,32,random_score,harmful,4,-0.3021263148052318,0.4077767611305239,0.10565044632529214,0.0005816960937181648
912,0,mild,4,32,oracle_real_utility,helpful,32,0.5919873302309867,0.40777676113052386,0.9997640913615106,0.0005816960937181648
912,1,mild,4,32,predicted_utility,helpful,8,0.10482950035441968,0.47684426113535233,0.581673761489772,0.0005816960937181648
912,1,mild,4,32,uncertainty_penalized,helpful,8,0.10482495756149462,0.47684426113535233,0.581669218696847,0.0005816960937181648
912,1,mild,4,32,random_score,harmful,16,-0.08265759335445838,0.47684426113535244,0.39418666778089406,0.0005816960937181648
912,1,mild,4,32,oracle_real_utility,helpful,64,0.5230168529437496,0.47684426113535244,0.9998611140791019,0.0005816960937181648
912,2,mild,4,32,predicted_utility,helpful,16,0.18128238057330515,0.27706508184328354,0.4583474624165887,0.0005816960937181648
912,2,mild,4,32,uncertainty_penalized,helpful,16,0.1659335817821787,0.27706508184328354,0.44299866362546225,0.0005816960937181648
912,2,mild,4,32,random_score,saturating,8,-0.003936575252383889,0.27706508184328354,0.27312850659089966,0.0005816960937181648
912,2,mild,4,32,oracle_real_utility,helpful,128,0.7144884647948462,0.2770650818432835,0.9915535466381297,0.0005816960937181648
912,3,mild,4,32,predicted_utility,harmful,8,-0.11898732630393821,0.5416925319320697,0.42270520562813146,0.0005816960937181648
912,3,mild,4,32,uncertainty_penalized,harmful,8,-0.1281253304118956,0.5416925319320697,0.41356720152017407,0.0005816960937181648
912,3,mild,4,32,random_score,harmful,16,-0.14959762300760765,0.5416925319320695,0.3920949089244618,0.0005816960937181648
912,3,mild,4,32,oracle_real_utility,helpful,32,0.4582708015097968,0.5416925319320697,0.9999633334418665,0.0005816960937181648
912,4,mild,4,32,predicted_utility,unstable,8,0.015937897365051634,0.4286490342287431,0.44458693159379475,0.0005816960937181648
912,4,mild,4,32,uncertainty_penalized,unstable,8,-0.013182904118894834,0.428649034228743,0.4154661301098482,0.0005816960937181648
912,4,mild,4,32,random_score,harmful,2,-0.22008883438324067,0.42864903422874295,0.20856019984550228,0.0005816960937181648
912,4,mild,4,32,oracle_real_utility,helpful,32,0.5710063550607758,0.42864903422874295,0.9996553892895188,0.0005816960937181648
912,5,mild,4,32,predicted_utility,helpful,64,0.40841602554145107,0.5908117562278644,0.9992277817693155,0.0005816960937181648
912,5,mild,4,32,uncertainty_penalized,helpful,64,0.40841602554144174,0.5908117562278644,0.9992277817693062,0.0005816960937181648
912,5,mild,4,32,random_score,harmful,2,-0.20878523519959208,0.5908117562278644,0.38202652102827234,0.0005816960937181648
912,5,mild,4,32,oracle_real_utility,helpful,64,0.40841602554145096,0.5908117562278645,0.9992277817693155,0.0005816960937181648
912,6,mild,4,32,predicted_utility,helpful,128,0.5158521582166447,0.392094894871218,0.9079470530878627,0.0005816960937181648
912,6,mild,4,32,uncertainty_penalized,helpful,128,0.5159750293188128,0.392094894871218,0.9080699241900309,0.0005816960937181648
912,6,mild,4,32,random_score,unstable,64,-0.0058650512838100965,0.39209489487121807,0.386229843587408,0.0005816960937181648
912,6,mild,4,32,oracle_real_utility,helpful,64,0.6075467909079715,0.392094894871218,0.9996416857791894,0.0005816960937181648
912,7,mild,4,32,predicted_utility,harmful,8,-0.084536226341407,0.60675683757339,0.522220611231983,0.0005816960937181648
912,7,mild,4,32,uncertainty_penalized,harmful,4,-0.08453622663241933,0.60675683757339,0.5222206109409707,0.0005816960937181648
912,7,mild,4,32,random_score,helpful,64,0.34245091715578146,0.6067568375733902,0.9492077547291716,0.0005816960937181648
912,7,mild,4,32,oracle_real_utility,helpful,32,0.393213890478357,0.6067568375733902,0.9999707280517471,0.0005816960937181648
912,0,mild,4,64,predicted_utility,unstable,4,0.014226314235162296,0.39690773340775126,0.41113404764291356,0.00046721738277710756
912,0,mild,4,64,uncertainty_penalized,unstable,4,0.013863627806850298,0.3969077334077513,0.4107713612146016,0.00046721738277710756
912,0,mild,4,64,random_score,harmful,4,-0.24598418009997902,0.39690773340775126,0.15092355330777224,0.00046721738277710756
912,0,mild,4,64,oracle_real_utility,helpful,32,0.6030033832657262,0.3969077334077514,0.9999111166734775,0.00046721738277710756
912,1,mild,4,64,predicted_utility,helpful,8,0.08244680169426688,0.4878268459625713,0.5702736476568382,0.00046721738277710756
912,1,mild,4,64,uncertainty_penalized,helpful,8,0.08244263940481855,0.4878268459625713,0.5702694853673899,0.00046721738277710756
912,1,mild,4,64,random_score,harmful,8,-0.08252747877988253,0.4878268459625713,0.4052993671826888,0.00046721738277710756
912,1,mild,4,64,oracle_real_utility,helpful,64,0.5118427407364994,0.48782684596257125,0.9996695866990707,0.00046721738277710756
912,2,mild,4,64,predicted_utility,helpful,16,0.11635333436429063,0.4730558435726978,0.5894091779369884,0.00046721738277710756
912,2,mild,4,64,uncertainty_penalized,helpful,16,0.10676070622872652,0.47305584357269786,0.5798165498014244,0.00046721738277710756
912,2,mild,4,64,random_score,harmful,4,-0.024595542910774648,0.47305584357269775,0.4484603006619231,0.00046721738277710756
912,2,mild,4,64,oracle_real_utility,helpful,128,0.5254520487796398,0.4730558435726978,0.9985078923523376,0.00046721738277710756
912,3,mild,4,64,predicted_utility,helpful,64,0.32806705068212716,0.5937506763778018,0.9218177270599289,0.00046721738277710756
912,3,mild,4,64,uncertainty_penalized,helpful,64,0.32794756941902947,0.5937506763778018,0.9216982457968312,0.00046721738277710756
912,3,mild,4,64,random_score,harmful,16,-0.20803187328608547,0.5937506763778017,0.3857188030917162,0.00046721738277710756
912,3,mild,4,64,oracle_real_utility,helpful,32,0.40504861522688873,0.5937506763778019,0.9987992916046906,0.00046721738277710756
912,4,mild,4,64,predicted_utility,unstable,8,0.07092052737783916,0.41485804155902306,0.4857785689368622,0.00046721738277710756
912,4,mild,4,64,uncertainty_penalized,unstable,16,0.07056517433089682,0.41485804155902306,0.4854232158899199,0.00046721738277710756
912,4,mild,4,64,random_score,harmful,2,-0.12799232731437826,0.4148580415590229,0.28686571424464463,0.00046721738277710756
912,4,mild,4,64,oracle_real_utility,helpful,64,0.5824943230136614,0.41485804155902306,0.9973523645726845,0.00046721738277710756
912,5,mild,4,64,predicted_utility,helpful,32,0.36242666285272884,0.6040054051443692,0.966432067997098,0.00046721738277710756
912,5,mild,4,64,uncertainty_penalized,helpful,32,0.3624266628497126,0.6040054051443692,0.9664320679940818,0.00046721738277710756
912,5,mild,4,64,random_score,unstable,2,0.10103438220413963,0.6040054051443693,0.7050397873485089,0.00046721738277710756
912,5,mild,4,64,oracle_real_utility,helpful,64,0.3915097055319413,0.6040054051443692,0.9955151106763105,0.00046721738277710756
912,6,mild,4,64,predicted_utility,helpful,128,0.41952702950867055,0.4354913388219271,0.8550183683305976,0.00046721738277710756
912,6,mild,4,64,uncertainty_penalized,helpful,128,0.4740332102351207,0.43549133882192714,0.9095245490570478,0.00046721738277710756
912,6,mild,4,64,random_score,unstable,8,0.0068651094801215895,0.435491338821927,0.44235644830204857,0.00046721738277710756
912,6,mild,4,64,oracle_real_utility,helpful,32,0.5628108291042276,0.43549133882192703,0.9983021679261547,0.00046721738277710756
912,7,mild,4,64,predicted_utility,harmful,32,-0.0486546762297988,0.5721139806675934,0.5234593044377946,0.00046721738277710756
912,7,mild,4,64,uncertainty_penalized,harmful,8,-0.0553307924588361,0.5721139806675936,0.5167831882087575,0.00046721738277710756
912,7,mild,4,64,random_score,helpful,64,0.3810235130898967,0.5721139806675934,0.9531374937574901,0.00046721738277710756
912,7,mild,4,64,oracle_real_utility,helpful,32,0.4275097912785103,0.5721139806675931,0.9996237719461034,0.00046721738277710756
912,0,mild,4,128,predicted_utility,unstable,4,0.013866748789255201,0.3889947980842199,0.4028615468734751,0.0006052042968747173
912,0,mild,4,128,uncertainty_penalized,saturating,4,0.010054270065101845,0.38899479808421994,0.3990490681493218,0.0006052042968747173
912,0,mild,4,128,random_score,harmful,4,-0.09719438581078849,0.3889947980842197,0.29180041227343123,0.0006052042968747173
912,0,mild,4,128,oracle_real_utility,helpful,64,0.6090703260964865,0.3889947980842196,0.998065124180706,0.0006052042968747173
912,1,mild,4,128,predicted_utility,helpful,8,0.10773364067260921,0.44534966881571897,0.5530833094883282,0.0006052042968747173
912,1,mild,4,128,uncertainty_penalized,helpful,8,0.10686392692179453,0.4453496688157191,0.5522135957375136,0.0006052042968747173
912,1,mild,4,128,random_score,harmful,4,-0.09783637384510452,0.44534966881571875,0.34751329497061423,0.0006052042968747173
912,1,mild,4,128,oracle_real_utility,helpful,64,0.5464853916521246,0.44534966881571897,0.9918350604678435,0.0006052042968747173
912,2,mild,4,128,predicted_utility,helpful,8,0.1290720974524831,0.45709899458934194,0.586171092041825,0.0006052042968747173
912,2,mild,4,128,uncertainty_penalized,helpful,16,0.1245103338950499,0.45709899458934183,0.5816093284843917,0.0006052042968747173
912,2,mild,4,128,random_score,harmful,4,-0.044231961105164475,0.45709899458934183,0.41286703348417736,0.0006052042968747173
912,2,mild,4,128,oracle_real_utility,helpful,128,0.541212005884603,0.45709899458934183,0.9983110004739449,0.0006052042968747173
912,3,mild,4,128,predicted_utility,helpful,8,0.30198449502193014,0.6206410924204291,0.9226255874423592,0.0006052042968747173
912,3,mild,4,128,uncertainty_penalized,helpful,8,0.2787166451409371,0.6206410924204291,0.8993577375613662,0.0006052042968747173
912,3,mild,4,128,random_score,harmful,2,-0.16181131421895428,0.6206410924204292,0.4588297782014749,0.0006052042968747173
912,3,mild,4,128,oracle_real_utility,helpful,32,0.377924598651888,0.6206410924204291,0.9985656910723171,0.0006052042968747173
912,4,mild,4,128,predicted_utility,unstable,8,0.05799907595683257,0.4293356496603979,0.48733472561723046,0.0006052042968747173
912,4,mild,4,128,uncertainty_penalized,helpful,8,0.05780641244135465,0.4293356496603978,0.4871420621017524,0.0006052042968747173
912,4,mild,4,128,random_score,harmful,16,-0.02966693303393869,0.4293356496603978,0.3996687166264591,0.0006052042968747173
912,4,mild,4,128,oracle_real_utility,helpful,64,0.5676924195119124,0.42933564966039783,0.9970280691723102,0.0006052042968747173
912,5,mild,4,128,predicted_utility,helpful,32,0.3428971827089088,0.6142675156065444,0.9571646983154531,0.0006052042968747173
912,5,mild,4,128,uncertainty_penalized,helpful,32,0.34124562730215324,0.6142675156065444,0.9555131429086976,0.0006052042968747173
912,5,mild,4,128,random_score,harmful,2,-0.13869222958315225,0.6142675156065446,0.47557528602339233,0.0006052042968747173
912,5,mild,4,128,oracle_real_utility,helpful,32,0.3809609673639375,0.6142675156065444,0.9952284829704818,0.0006052042968747173
912,6,mild,4,128,predicted_utility,helpful,128,0.34151197324401905,0.5334888669489117,0.8750008401929308,0.0006052042968747173
912,6,mild,4,128,uncertainty_penalized,helpful,8,0.32991421718274105,0.5334888669489118,0.8634030841316529,0.0006052042968747173
912,6,mild,4,128,random_score,unstable,16,0.08093542937740994,0.5334888669489121,0.614424296326322,0.0006052042968747173
912,6,mild,4,128,oracle_real_utility,helpful,32,0.46392659174886264,0.5334888669489117,0.9974154586977744,0.0006052042968747173
912,7,mild,4,128,predicted_utility,helpful,128,0.32853416581091555,0.5933452222679587,0.9218793880788743,0.0006052042968747173
912,7,mild,4,128,uncertainty_penalized,helpful,128,0.30676908504804545,0.5933452222679588,0.9001143073160043,0.0006052042968747173
912,7,mild,4,128,random_score,helpful,128,0.21119010686640838,0.5933452222679588,0.8045353291343672,0.0006052042968747173
912,7,mild,4,128,oracle_real_utility,helpful,32,0.4060231326116126,0.5933452222679585,0.9993683548795711,0.0006052042968747173
912,0,mild,8,32,predicted_utility,harmful,4,-0.08981944063926622,0.4517593229133165,0.3619398822740503,0.0013995281250345215
912,0,mild,8,32,uncertainty_penalized,harmful,4,-0.09161949435894634,0.4517593229133165,0.36013982855437016,0.0013995281250345215
912,0,mild,8,32,random_score,harmful,16,-0.12800770292560926,0.45175932291331644,0.3237516199877072,0.0013995281250345215
912,0,mild,8,32,oracle_real_utility,helpful,32,0.5480188645051118,0.4517593229133164,0.9997781874184282,0.0013995281250345215
912,1,mild,8,32,predicted_utility,unstable,16,0.10385952048501046,0.4945562593529297,0.5984157798379401,0.0013995281250345215
912,1,mild,8,32,uncertainty_penalized,unstable,16,0.10372967585773274,0.4945562593529297,0.5982859352106624,0.0013995281250345215
912,1,mild,8,32,random_score,harmful,2,-0.30093824221778587,0.49455625935292963,0.19361801713514376,0.0013995281250345215
912,1,mild,8,32,oracle_real_utility,helpful,64,0.5053692637469129,0.4945562593529297,0.9999255230998426,0.0013995281250345215
912,2,mild,8,32,predicted_utility,harmful,8,-0.02617112275766864,0.395220119757261,0.36904899699959237,0.0013995281250345215
912,2,mild,8,32,uncertainty_penalized,harmful,8,-0.026171122755789034,0.395220119757261,0.369048997001472,0.0013995281250345215
912,2,mild,8,32,random_score,harmful,4,-0.03855823725354551,0.3952201197572611,0.3566618825037156,0.0013995281250345215
912,2,mild,8,32,oracle_real_utility,helpful,64,0.6045726295392777,0.39522011975726096,0.9997927492965387,0.0013995281250345215
912,3,mild,8,32,predicted_utility,helpful,8,0.11632846601196628,0.42712087152240946,0.5434493375343757,0.0013995281250345215
912,3,mild,8,32,uncertainty_penalized,helpful,8,0.11627077622679116,0.4271208715224095,0.5433916477492007,0.0013995281250345215
912,3,mild,8,32,random_score,helpful,128,0.5050647149246964,0.4271208715224094,0.9321855864471058,0.0013995281250345215
912,3,mild,8,32,oracle_real_utility,helpful,64,0.5728409524316096,0.42712087152240946,0.9999618239540191,0.0013995281250345215
912,4,mild,8,32,predicted_utility,helpful,64,0.5022616796571685,0.46032038176624546,0.962582061423414,0.0013995281250345215
912,4,mild,8,32,uncertainty_penalized,helpful,64,0.5022597860866211,0.46032038176624546,0.9625801678528666,0.0013995281250345215
912,4,mild,8,32,random_score,harmful,16,-0.07779169935616098,0.46032038176624535,0.38252868241008436,0.0013995281250345215
912,4,mild,8,32,oracle_real_utility,helpful,32,0.5396081263934065,0.4603203817662455,0.999928508159652,0.0013995281250345215
912,5,mild,8,32,predicted_utility,unstable,16,0.1448790887163124,0.4444979422388148,0.5893770309551272,0.0013995281250345215
912,5,mild,8,32,uncertainty_penalized,unstable,16,0.14487906851095034,0.4444979422388148,0.5893770107497651,0.0013995281250345215
912,5,mild,8,32,random_score,harmful,2,-0.04849178111689845,0.4444979422388148,0.39600616112191633,0.0013995281250345215
912,5,mild,8,32,oracle_real_utility,helpful,64,0.5551582036347305,0.4444979422388148,0.9996561458735452,0.0013995281250345215
912,6,mild,8,32,predicted_utility,unstable,16,0.15833828673960376,0.37944932488014554,0.5377876116197493,0.0013995281250345215
912,6,mild,8,32,uncertainty_penalized,unstable,16,0.15833828673960376,0.37944932488014554,0.5377876116197493,0.0013995281250345215
912,6,mild,8,32,random_score,harmful,8,-0.02528788140046334,0.3794493248801456,0.35416144347968226,0.0013995281250345215
912,6,mild,8,32,oracle_real_utility,helpful,64,0.6204309092142049,0.3794493248801456,0.9998802340943505,0.0013995281250345215
912,7,mild,8,32,predicted_utility,unstable,32,0.17514563797305788,0.44326543266439783,0.6184110706374557,0.0013995281250345215
912,7,mild,8,32,uncertainty_penalized,unstable,32,0.17514523803645338,0.44326543266439783,0.6184106707008512,0.0013995281250345215
912,7,mild,8,32,random_score,harmful,16,-0.023943766641643494,0.44326543266439794,0.41932166602275445,0.0013995281250345215
912,7,mild,8,32,oracle_real_utility,helpful,64,0.556273103426213,0.44326543266439794,0.9995385360906108,0.0013995281250345215
912,0,mild,8,64,predicted_utility,unstable,8,0.03447701388761493,0.4833610533103604,0.5178380671979753,0.003460595507817743
912,0,mild,8,64,uncertainty_penalized,unstable,8,0.0344588640305748,0.48336105331036033,0.5178199173409351,0.003460595507817743
912,0,mild,8,64,random_score,unstable,32,0.013473864213903342,0.4833610533103602,0.49683491752426356,0.003460595507817743
912,0,mild,8,64,oracle_real_utility,helpful,64,0.51644251048956,0.48336105331036033,0.9998035637999203,0.003460595507817743
912,1,mild,8,64,predicted_utility,unstable,16,0.1265335818514477,0.46528169556528853,0.5918152774167362,0.003460595507817743
912,1,mild,8,64,uncertainty_penalized,unstable,16,0.126603798747827,0.46528169556528853,0.5918854943131155,0.003460595507817743
912,1,mild,8,64,random_score,harmful,4,-0.23418021550995463,0.4652816955652885,0.23110148005533385,0.003460595507817743
912,1,mild,8,64,oracle_real_utility,helpful,64,0.5341217385981443,0.4652816955652886,0.9994034341634329,0.003460595507817743
912,2,mild,8,64,predicted_utility,unstable,8,0.06365181443320828,0.3834606640708578,0.4471124785040661,0.003460595507817743
912,2,mild,8,64,uncertainty_penalized,unstable,8,0.06249034432269712,0.3834606640708578,0.44595100839355495,0.003460595507817743
912,2,mild,8,64,random_score,saturating,2,-0.016874025723920605,0.38346066407085766,0.36658663834693705,0.003460595507817743
912,2,mild,8,64,oracle_real_utility,helpful,64,0.6149194937472253,0.3834606640708578,0.9983801578180831,0.003460595507817743
912,3,mild,8,64,predicted_utility,unstable,16,0.1558397392082066,0.4150250004820325,0.5708647396902391,0.003460595507817743
912,3,mild,8,64,uncertainty_penalized,unstable,16,0.15551310138699048,0.4150250004820325,0.570538101869023,0.003460595507817743
912,3,mild,8,64,random_score,helpful,128,0.4634893709234442,0.4150250004820324,0.8785143714054766,0.003460595507817743
912,3,mild,8,64,oracle_real_utility,helpful,64,0.5847226775209584,0.41502500048203234,0.9997476780029908,0.003460595507817743
912,4,mild,8,64,predicted_utility,unstable,32,0.15655626333580513,0.421007450328105,0.5775637136639101,0.003460595507817743
912,4,mild,8,64,uncertainty_penalized,unstable,32,0.1495461361814926,0.42100745032810505,0.5705535865095976,0.003460595507817743
912,4,mild,8,64,random_score,harmful,2,-0.03917736398977173,0.42100745032810516,0.38183008633833343,0.003460595507817743
912,4,mild,8,64,oracle_real_utility,helpful,64,0.5768106897574095,0.4210074503281051,0.9978181400855146,0.003460595507817743
912,5,mild,8,64,predicted_utility,unstable,16,0.12958046624050085,0.4601606883604173,0.5897411546009181,0.003460595507817743
912,5,mild,8,64,uncertainty_penalized,unstable,16,0.12957923748404293,0.4601606883604173,0.5897399258444602,0.003460595507817743
912,5,mild,8,64,random_score,harmful,2,-0.3126112699903646,0.4601606883604173,0.1475494183700527,0.003460595507817743
912,5,mild,8,64,oracle_real_utility,helpful,32,0.539414434812464,0.46016068836041724,0.9995751231728812,0.003460595507817743
912,6,mild,8,64,predicted_utility,unstable,16,0.1309392772842764,0.3902518326692798,0.5211911099535562,0.003460595507817743
912,6,mild,8,64,uncertainty_penalized,unstable,16,0.13093927626725288,0.39025183266927976,0.5211911089365326,0.003460595507817743
912,6,mild,8,64,random_score,harmful,8,-0.02516682075098814,0.3902518326692796,0.36508501191829146,0.003460595507817743
912,6,mild,8,64,oracle_real_utility,helpful,128,0.607148675304213,0.39025183266927976,0.9974005079734928,0.003460595507817743
912,7,mild,8,64,predicted_utility,unstable,32,0.166314078107132,0.4444760937227418,0.6107901718298738,0.003460595507817743
912,7,mild,8,64,uncertainty_penalized,helpful,32,0.1663127622754879,0.4444760937227418,0.6107888559982297,0.003460595507817743
912,7,mild,8,64,random_score,unstable,32,0.0172562840242671,0.4444760937227418,0.4617323777470089,0.003460595507817743
912,7,mild,8,64,oracle_real_utility,helpful,64,0.5550183441192611,0.44447609372274177,0.9994944378420029,0.003460595507817743
912,0,mild,8,128,predicted_utility,unstable,8,0.022855045240586513,0.4862920944013042,0.5091471396418907,0.0012323934570304118
912,0,mild,8,128,uncertainty_penalized,unstable,8,0.02954317337331669,0.4862920944013043,0.515835267774621,0.0012323934570304118
912,0,mild,8,128,random_score,helpful,2,0.21201707240924939,0.4862920944013045,0.6983091668105539,0.0012323934570304118
912,0,mild,8,128,oracle_real_utility,helpful,32,0.5125253219476493,0.48629209440130433,0.9988174163489536,0.0012323934570304118
912,1,mild,8,128,predicted_utility,unstable,16,0.0816196735528738,0.5064277609992163,0.5880474345520901,0.0012323934570304118
912,1,mild,8,128,uncertainty_penalized,unstable,16,0.08162069531928506,0.5064277609992163,0.5880484563185013,0.0012323934570304118
912,1,mild,8,128,random_score,harmful,2,-0.18533843368326608,0.5064277609992163,0.3210893273159502,0.0012323934570304118
912,1,mild,8,128,oracle_real_utility,helpful,64,0.49162050938776747,0.506427760999216,0.9980482703869835,0.0012323934570304118
912,2,mild,8,128,predicted_utility,unstable,8,0.07123587903624717,0.5157899178978739,0.587025796934121,0.0012323934570304118
912,2,mild,8,128,uncertainty_penalized,unstable,8,0.07128330784217252,0.515789917897874,0.5870732257400465,0.0012323934570304118
912,2,mild,8,128,random_score,saturating,2,0.0009397616329329672,0.515789917897874,0.516729679530807,0.0012323934570304118
912,2,mild,8,128,oracle_real_utility,helpful,64,0.48365897593906926,0.5157899178978739,0.9994488938369431,0.0012323934570304118
912,3,mild,8,128,predicted_utility,unstable,16,0.16081072926679923,0.41049647089062685,0.5713072001574261,0.0012323934570304118
912,3,mild,8,128,uncertainty_penalized,unstable,16,0.16050514131553945,0.41049647089062685,0.5710016122061663,0.0012323934570304118
912,3,mild,8,128,random_score,helpful,128,0.3850209210475947,0.41049647089062696,0.7955173919382217,0.0012323934570304118
912,3,mild,8,128,oracle_real_utility,helpful,64,0.5883594148889417,0.41049647089062685,0.9988558857795686,0.0012323934570304118
912,4,mild,8,128,predicted_utility,unstable,32,0.1743093918384856,0.435974875423668,0.6102842672621536,0.0012323934570304118
912,4,mild,8,128,uncertainty_penalized,unstable,16,0.16084004285520137,0.435974875423668,0.5968149182788693,0.0012323934570304118
912,4,mild,8,128,random_score,harmful,2,-0.1244340216113613,0.43597487542366814,0.31154085381230684,0.0012323934570304118
912,4,mild,8,128,oracle_real_utility,helpful,64,0.5621378585956749,0.4359748754236682,0.9981127340193431,0.0012323934570304118
912,5,mild,8,128,predicted_utility,unstable,16,0.10235929915549935,0.5243177698870027,0.6266770690425021,0.0012323934570304118
912,5,mild,8,128,uncertainty_penalized,unstable,16,0.10122275007018688,0.5243177698870026,0.6255405199571895,0.0012323934570304118
912,5,mild,8,128,random_score,harmful,2,-0.11184452762905955,0.5243177698870026,0.4124732422579431,0.0012323934570304118
912,5,mild,8,128,oracle_real_utility,helpful,32,0.47282657995336286,0.5243177698870026,0.9971443498403655,0.0012323934570304118
912,6,mild,8,128,predicted_utility,unstable,16,0.11162698298396828,0.42266755604287426,0.5342945390268425,0.0012323934570304118
912,6,mild,8,128,uncertainty_penalized,unstable,16,0.10755055707873812,0.42266755604287426,0.5302181131216124,0.0012323934570304118
912,6,mild,8,128,random_score,saturating,8,-0.008639874219449228,0.4226675560428743,0.4140276818234251,0.0012323934570304118
912,6,mild,8,128,oracle_real_utility,helpful,64,0.5744789725760001,0.4226675560428742,0.9971465286188743,0.0012323934570304118
912,7,mild,8,128,predicted_utility,unstable,16,0.1394359602491579,0.4613518946793039,0.6007878549284618,0.0012323934570304118
912,7,mild,8,128,uncertainty_penalized,unstable,16,0.1394213233738829,0.4613518946793038,0.6007732180531867,0.0012323934570304118
912,7,mild,8,128,random_score,harmful,2,-0.04113153281993964,0.4613518946793039,0.42022036185936423,0.0012323934570304118
912,7,mild,8,128,oracle_real_utility,helpful,64,0.5338948182769498,0.46135189467930404,0.9952467129562539,0.0012323934570304118
912,0,mild,12,32,predicted_utility,helpful,32,0.33582542051147946,0.5719135122316361,0.9077389327431156,0.0020953988281462443
912,0,mild,12,32,uncertainty_penalized,helpful,32,0.3358252335651206,0.5719135122316361,0.9077387457967567,0.0020953988281462443
912,0,mild,12,32,random_score,helpful,64,0.4262816673526513,0.571913512231636,0.9981951795842873,0.0020953988281462443
912,0,mild,12,32,oracle_real_utility,helpful,32,0.42775452625866706,0.5719135122316359,0.999668038490303,0.0020953988281462443
912,1,mild,12,32,predicted_utility,helpful,16,0.18614841750947486,0.6110049562495713,0.7971533737590462,0.0020953988281462443
912,1,mild,12,32,uncertainty_penalized,helpful,16,0.18614841750947486,0.6110049562495713,0.7971533737590462,0.0020953988281462443
912,1,mild,12,32,random_score,unstable,32,0.0518429833479247,0.6110049562495714,0.6628479395974961,0.0020953988281462443
912,1,mild,12,32,oracle_real_utility,helpful,64,0.38876054363954893,0.6110049562495715,0.9997654998891204,0.0020953988281462443
912,2,mild,12,32,predicted_utility,unstable,16,0.14317307520811984,0.47996288911663965,0.6231359643247595,0.0020953988281462443
912,2,mild,12,32,uncertainty_penalized,unstable,16,0.14317307514511202,0.47996288911663965,0.6231359642617517,0.0020953988281462443
912,2,mild,12,32,random_score,unstable,8,-0.014417410442025436,0.4799628891166397,0.46554547867461427,0.0020953988281462443
912,2,mild,12,32,oracle_real_utility,helpful,128,0.5159760710579971,0.47996288911663976,0.9959389601746369,0.0020953988281462443
912,3,mild,12,32,predicted_utility,helpful,32,0.23192781397953177,0.6027645446268903,0.8346923586064221,0.0020953988281462443
912,3,mild,12,32,uncertainty_penalized,helpful,32,0.23192781397959816,0.6027645446268903,0.8346923586064885,0.0020953988281462443
912,3,mild,12,32,random_score,helpful,16,0.06852419865207615,0.6027645446268903,0.6712887432789665,0.0020953988281462443
912,3,mild,12,32,oracle_real_utility,helpful,64,0.39439601677664193,0.6027645446268904,0.9971605614035324,0.0020953988281462443
912,4,mild,12,32,predicted_utility,helpful,16,0.16199031556068189,0.6716133428791775,0.8336036584398594,0.0020953988281462443
912,4,mild,12,32,uncertainty_penalized,helpful,16,0.16199031556068189,0.6716133428791775,0.8336036584398594,0.0020953988281462443
912,4,mild,12,32,random_score,helpful,64,0.19266140341474913,0.6716133428791774,0.8642747462939265,0.0020953988281462443
912,4,mild,12,32,oracle_real_utility,helpful,64,0.3260692154730548,0.6716133428791773,0.9976825583522321,0.0020953988281462443
912,5,mild,12,32,predicted_utility,helpful,32,0.2388745173825858,0.6295304020222942,0.86840491940488,0.0020953988281462443
912,5,mild,12,32,uncertainty_penalized,helpful,32,0.2388745173825857,0.6295304020222942,0.8684049194048798,0.0020953988281462443
912,5,mild,12,32,random_score,helpful,4,0.19173395829213646,0.629530402022294,0.8212643603144305,0.0020953988281462443
912,5,mild,12,32,oracle_real_utility,helpful,64,0.3682079650332273,0.6295304020222943,0.9977383670555215,0.0020953988281462443
912,6,mild,12,32,predicted_utility,unstable,16,0.22769842574096522,0.6137777997315214,0.8414762254724866,0.0020953988281462443
912,6,mild,12,32,uncertainty_penalized,unstable,16,0.16231004767109525,0.6137777997315214,0.7760878474026166,0.0020953988281462443
912,6,mild,12,32,random_score,unstable,2,0.15792646604980765,0.6137777997315212,0.7717042657813289,0.0020953988281462443
912,6,mild,12,32,oracle_real_utility,helpful,64,0.3861684431837511,0.6137777997315212,0.9999462429152723,0.0020953988281462443
912,7,mild,12,32,predicted_utility,helpful,16,0.18685524525939978,0.6381986370550419,0.8250538823144417,0.0020953988281462443
912,7,mild,12,32,uncertainty_penalized,helpful,16,0.18685524525939856,0.6381986370550419,0.8250538823144404,0.0020953988281462443
912,7,mild,12,32,random_score,helpful,128,0.3497979683440354,0.6381986370550418,0.9879966053990772,0.0020953988281462443
912,7,mild,12,32,oracle_real_utility,helpful,64,0.3617578095859382,0.6381986370550419,0.99995644664098,0.0020953988281462443
912,0,mild,12,64,predicted_utility,unstable,16,0.1906580393665971,0.5586603198952337,0.7493183592618308,0.0015193943359577133
912,0,mild,12,64,uncertainty_penalized,unstable,16,0.19065802642839325,0.5586603198952337,0.7493183463236269,0.0015193943359577133
912,0,mild,12,64,random_score,helpful,64,0.25530037133437034,0.5586603198952338,0.8139606912296041,0.0015193943359577133
912,0,mild,12,64,oracle_real_utility,helpful,64,0.43711930707477065,0.5586603198952337,0.9957796269700043,0.0015193943359577133
912,1,mild,12,64,predicted_utility,helpful,16,0.15931811709727783,0.6653874796324669,0.8247055967297447,0.0015193943359577133
912,1,mild,12,64,uncertainty_penalized,helpful,16,0.15931811709727783,0.6653874796324669,0.8247055967297447,0.0015193943359577133
912,1,mild,12,64,random_score,saturating,8,0.04196094465228162,0.6653874796324669,0.7073484242847485,0.0015193943359577133
912,1,mild,12,64,oracle_real_utility,helpful,64,0.33410204308638525,0.665387479632467,0.9994895227188523,0.0015193943359577133
912,2,mild,12,64,predicted_utility,helpful,16,0.20058619980950543,0.6386598826028922,0.8392460824123976,0.0015193943359577133
912,2,mild,12,64,uncertainty_penalized,helpful,16,0.1931622605768224,0.6386598826028922,0.8318221431797146,0.0015193943359577133
912,2,mild,12,64,random_score,saturating,32,0.047747720301632435,0.6386598826028921,0.6864076029045245,0.0015193943359577133
912,2,mild,12,64,oracle_real_utility,helpful,64,0.34400526576955603,0.6386598826028921,0.9826651483724481,0.0015193943359577133
912,3,mild,12,64,predicted_utility,helpful,32,0.23284985321465435,0.6287017144639371,0.8615515676785914,0.0015193943359577133
912,3,mild,12,64,uncertainty_penalized,helpful,32,0.2328489252399899,0.6287017144639372,0.8615506397039271,0.0015193943359577133
912,3,mild,12,64,random_score,helpful,16,0.09295555051889892,0.6287017144639372,0.7216572649828361,0.0015193943359577133
912,3,mild,12,64,oracle_real_utility,helpful,64,0.3684152365776223,0.6287017144639372,0.9971169510415595,0.0015193943359577133
912,4,mild,12,64,predicted_utility,helpful,16,0.15532570410980262,0.6781384762783015,0.8334641803881041,0.0015193943359577133
912,4,mild,12,64,uncertainty_penalized,helpful,16,0.15496717718543962,0.6781384762783015,0.8331056534637411,0.0015193943359577133
912,4,mild,12,64,random_score,helpful,64,0.1808824802279616,0.6781384762783014,0.859020956506263,0.0015193943359577133
912,4,mild,12,64,oracle_real_utility,helpful,64,0.3216660601302237,0.6781384762783011,0.9998045364085248,0.0015193943359577133
912,5,mild,12,64,predicted_utility,helpful,16,0.18139954660505697,0.6981024426789856,0.8795019892840426,0.0015193943359577133
912,5,mild,12,64,uncertainty_penalized,helpful,16,0.1811561270643034,0.6981024426789855,0.8792585697432889,0.0015193943359577133
912,5,mild,12,64,random_score,helpful,8,0.13540576865653775,0.6981024426789854,0.8335082113355231,0.0015193943359577133
912,5,mild,12,64,oracle_real_utility,helpful,64,0.30132119579541583,0.6981024426789855,0.9994236384744013,0.0015193943359577133
912,6,mild,12,64,predicted_utility,unstable,16,0.21436460927837964,0.6194566494246577,0.8338212587030374,0.0015193943359577133
912,6,mild,12,64,uncertainty_penalized,unstable,16,0.1636219089196812,0.6194566494246577,0.7830785583443389,0.0015193943359577133
912,6,mild,12,64,random_score,unstable,2,0.12592112007964407,0.6194566494246576,0.7453777695043017,0.0015193943359577133
912,6,mild,12,64,oracle_real_utility,helpful,64,0.38031816965551035,0.6194566494246577,0.9997748190801681,0.0015193943359577133
912,7,mild,12,64,predicted_utility,unstable,16,0.19675133938389933,0.634244752768991,0.8309960921528903,0.0015193943359577133
912,7,mild,12,64,uncertainty_penalized,helpful,16,0.19678143412348836,0.634244752768991,0.8310261868924793,0.0015193943359577133
912,7,mild,12,64,random_score,helpful,128,0.3341086463496026,0.6342447527689907,0.9683533991185933,0.0015193943359577133
912,7,mild,12,64,oracle_real_utility,helpful,64,0.36527529459110586,0.6342447527689911,0.9995200473600969,0.0015193943359577133
912,0,mild,12,128,predicted_utility,helpful,16,0.15545535508327457,0.6008915712081235,0.7563469262913981,0.0012260790039135827
912,0,mild,12,128,uncertainty_penalized,helpful,16,0.155360149767794,0.6008915712081236,0.7562517209759176,0.0012260790039135827
912,0,mild,12,128,random_score,helpful,32,0.16185714862292633,0.600891571208124,0.7627487198310503,0.0012260790039135827
912,0,mild,12,128,oracle_real_utility,helpful,64,0.39149197061567176,0.6008915712081238,0.9923835418237955,0.0012260790039135827
912,1,mild,12,128,predicted_utility,helpful,16,0.14422341223006152,0.6852823956987368,0.8295058079287984,0.0012260790039135827
912,1,mild,12,128,uncertainty_penalized,helpful,16,0.14423870551291496,0.685282395698737,0.8295211012116519,0.0012260790039135827
912,1,mild,12,128,random_score,helpful,16,0.05932299816511799,0.6852823956987371,0.744605393863855,0.0012260790039135827
912,1,mild,12,128,oracle_real_utility,helpful,64,0.31299671259913164,0.685282395698737,0.9982791082978686,0.0012260790039135827
912,2,mild,12,128,predicted_utility,helpful,16,0.19907452696956784,0.623328993837411,0.8224035208069789,0.0012260790039135827
912,2,mild,12,128,uncertainty_penalized,helpful,16,0.18856298827084783,0.623328993837411,0.8118919821082589,0.0012260790039135827
912,2,mild,12,128,random_score,harmful,8,-0.021909861348017534,0.6233289938374109,0.6014191324893934,0.0012260790039135827
912,2,mild,12,128,oracle_real_utility,helpful,64,0.36289244341619387,0.6233289938374109,0.9862214372536048,0.0012260790039135827
912,3,mild,12,128,predicted_utility,helpful,32,0.22019848723909297,0.6327844283919594,0.8529829156310523,0.0012260790039135827
912,3,mild,12,128,uncertainty_penalized,helpful,32,0.22035007286466912,0.6327844283919593,0.8531345012566284,0.0012260790039135827
912,3,mild,12,128,random_score,harmful,8,-0.03514334905628658,0.6327844283919591,0.5976410793356726,0.0012260790039135827
912,3,mild,12,128,oracle_real_utility,helpful,64,0.36382191164495115,0.6327844283919596,0.9966063400369107,0.0012260790039135827
912,4,mild,12,128,predicted_utility,helpful,16,0.18002810495843624,0.6519729303816504,0.8320010353400866,0.0012260790039135827
912,4,mild,12,128,uncertainty_penalized,helpful,16,0.17525947385751894,0.6519729303816503,0.8272324042391692,0.0012260790039135827
912,4,mild,12,128,random_score,saturating,16,0.029792507200078755,0.6519729303816504,0.6817654375817291,0.0012260790039135827
912,4,mild,12,128,oracle_real_utility,helpful,64,0.3473374431292212,0.6519729303816503,0.9993103735108715,0.0012260790039135827
912,5,mild,12,128,predicted_utility,helpful,16,0.16810993545459396,0.7005125364720084,0.8686224719266024,0.0012260790039135827
912,5,mild,12,128,uncertainty_penalized,helpful,16,0.1678045530747425,0.7005125364720084,0.8683170895467509,0.0012260790039135827
912,5,mild,12,128,random_score,harmful,4,-0.2130349402800174,0.7005125364720084,0.487477596191991,0.0012260790039135827
912,5,mild,12,128,oracle_real_utility,helpful,64,0.2961221568166982,0.7005125364720083,0.9966346932887065,0.0012260790039135827
912,6,mild,12,128,predicted_utility,helpful,16,0.21384041975018764,0.6182075196393334,0.832047939389521,0.0012260790039135827
912,6,mild,12,128,uncertainty_penalized,unstable,16,0.18716284249768977,0.6182075196393334,0.8053703621370232,0.0012260790039135827
912,6,mild,12,128,random_score,helpful,16,0.09030644599795223,0.6182075196393334,0.7085139656372856,0.0012260790039135827
912,6,mild,12,128,oracle_real_utility,helpful,64,0.38124812962935006,0.6182075196393335,0.9994556492686836,0.0012260790039135827
912,7,mild,12,128,predicted_utility,helpful,16,0.19984802248937394,0.6321551696543861,0.8320031921437601,0.0012260790039135827
912,7,mild,12,128,uncertainty_penalized,helpful,16,0.1998712057878793,0.6321551696543861,0.8320263754422654,0.0012260790039135827
912,7,mild,12,128,random_score,helpful,128,0.27927332655588766,0.632155169654386,0.9114284962102737,0.0012260790039135827
912,7,mild,12,128,oracle_real_utility,helpful,64,0.3659628218823444,0.6321551696543861,0.9981179915367305,0.0012260790039135827
912,0,severe,4,32,predicted_utility,helpful,16,0.26260859099631506,0.6605840383026829,0.9231926292989979,0.0009451320312336975
912,0,severe,4,32,uncertainty_penalized,helpful,16,0.2619575979293488,0.6605840383026829,0.9225416362320317,0.0009451320312336975
912,0,severe,4,32,random_score,harmful,4,-0.2602205759984546,0.660584038302683,0.40036346230422837,0.0009451320312336975
912,0,severe,4,32,oracle_real_utility,helpful,32,0.3393856222925341,0.660584038302683,0.9999696605952171,0.0009451320312336975
912,1,severe,4,32,predicted_utility,helpful,16,0.20990875243339535,0.7791254461220197,0.9890341985554151,0.0009451320312336975
912,1,severe,4,32,uncertainty_penalized,helpful,16,0.20991111250478667,0.7791254461220196,0.9890365586268063,0.0009451320312336975
912,1,severe,4,32,random_score,harmful,8,-0.042539211511766206,0.7791254461220196,0.7365862346102534,0.0009451320312336975
912,1,severe,4,32,oracle_real_utility,helpful,32,0.22069272266880136,0.7791254461220195,0.9998181687908209,0.0009451320312336975
912,2,severe,4,32,predicted_utility,helpful,32,0.36282485843679113,0.5885208523374417,0.9513457107742328,0.0009451320312336975
912,2,severe,4,32,uncertainty_penalized,helpful,32,0.3481486115088007,0.5885208523374416,0.9366694638462423,0.0009451320312336975
912,2,severe,4,32,random_score,helpful,8,0.07093352773026396,0.5885208523374416,0.6594543800677055,0.0009451320312336975
912,2,severe,4,32,oracle_real_utility,helpful,32,0.411170440147706,0.5885208523374416,0.9996912924851475,0.0009451320312336975
912,3,severe,4,32,predicted_utility,helpful,8,0.05466871510886029,0.6875998895419192,0.7422686046507795,0.0009451320312336975
912,3,severe,4,32,uncertainty_penalized,helpful,8,0.053179011900155615,0.6875998895419193,0.7407789014420749,0.0009451320312336975
912,3,severe,4,32,random_score,unstable,128,0.2791065282818479,0.6875998895419195,0.9667064178237674,0.0009451320312336975
912,3,severe,4,32,oracle_real_utility,helpful,32,0.3122759638389899,0.6875998895419193,0.9998758533809092,0.0009451320312336975
912,4,severe,4,32,predicted_utility,helpful,16,0.19825304610262995,0.7185408303176033,0.9167938764202332,0.0009451320312336975
912,4,severe,4,32,uncertainty_penalized,helpful,32,0.19163329942254514,0.7185408303176034,0.9101741297401486,0.0009451320312336975
912,4,severe,4,32,random_score,harmful,8,-0.12474879215609846,0.7185408303176033,0.5937920381615048,0.0009451320312336975
912,4,severe,4,32,oracle_real_utility,helpful,32,0.28132680107311026,0.7185408303176032,0.9998676313907134,0.0009451320312336975
912,5,severe,4,32,predicted_utility,helpful,32,0.28497833220009117,0.6997161890067475,0.9846945212068386,0.0009451320312336975
912,5,severe,4,32,uncertainty_penalized,helpful,32,0.2849783322002303,0.6997161890067475,0.9846945212069778,0.0009451320312336975
912,5,severe,4,32,random_score,harmful,2,-0.25683307860157406,0.6997161890067476,0.44288311040517353,0.0009451320312336975
912,5,severe,4,32,oracle_real_utility,helpful,32,0.3001090093850549,0.6997161890067475,0.9998251983918024,0.0009451320312336975
912,6,severe,4,32,predicted_utility,helpful,32,0.10131320246858755,0.6224281390680648,0.7237413415366524,0.0009451320312336975
912,6,severe,4,32,uncertainty_penalized,helpful,32,0.10169931659870157,0.622428139068065,0.7241274556667666,0.0009451320312336975
912,6,severe,4,32,random_score,unstable,2,0.06226372184675977,0.6224281390680649,0.6846918609148247,0.0009451320312336975
912,6,severe,4,32,oracle_real_utility,helpful,32,0.3775062262559612,0.6224281390680649,0.9999343653240261,0.0009451320312336975
912,7,severe,4,32,predicted_utility,helpful,8,0.12229779232282223,0.7379028970274344,0.8602006893502566,0.0009451320312336975
912,7,severe,4,32,uncertainty_penalized,helpful,16,0.12229779249818906,0.7379028970274345,0.8602006895256236,0.0009451320312336975
912,7,severe,4,32,random_score,helpful,32,0.19163862966552225,0.7379028970274343,0.9295415266929565,0.0009451320312336975
912,7,severe,4,32,oracle_real_utility,helpful,16,0.2618351359777764,0.7379028970274344,0.9997380330052108,0.0009451320312336975
912,0,severe,4,64,predicted_utility,helpful,16,0.24032782028820665,0.6639251604322549,0.9042529807204616,0.0005446216796940462
912,0,severe,4,64,uncertainty_penalized,helpful,32,0.23981908150530085,0.6639251604322548,0.9037442419375556,0.0005446216796940462
912,0,severe,4,64,random_score,harmful,4,-0.20620597867222895,0.6639251604322547,0.45771918176002574,0.0005446216796940462
912,0,severe,4,64,oracle_real_utility,helpful,32,0.3347438488653006,0.6639251604322548,0.9986690092975554,0.0005446216796940462
912,1,severe,4,64,predicted_utility,helpful,16,0.15489766960996187,0.7929419510266409,0.9478396206366028,0.0005446216796940462
912,1,severe,4,64,uncertainty_penalized,helpful,16,0.15489946127912968,0.7929419510266409,0.9478414123057706,0.0005446216796940462
912,1,severe,4,64,random_score,harmful,8,-0.03923910093215832,0.7929419510266408,0.7537028500944825,0.0005446216796940462
912,1,severe,4,64,oracle_real_utility,helpful,32,0.2055525580654638,0.7929419510266409,0.9984945090921047,0.0005446216796940462
912,2,severe,4,64,predicted_utility,helpful,16,0.1952570706437996,0.772189257113014,0.9674463277568136,0.0005446216796940462
912,2,severe,4,64,uncertainty_penalized,helpful,16,0.19119136046016094,0.772189257113014,0.963380617573175,0.0005446216796940462
912,2,severe,4,64,random_score,saturating,2,0.024527146959849366,0.7721892571130141,0.7967164040728635,0.0005446216796940462
912,2,severe,4,64,oracle_real_utility,helpful,32,0.22756324898539493,0.7721892571130141,0.999752506098409,0.0005446216796940462
912,3,severe,4,64,predicted_utility,helpful,4,0.0647411933967188,0.7215103330368895,0.7862515264336083,0.0005446216796940462
912,3,severe,4,64,uncertainty_penalized,helpful,8,0.06475013866395296,0.7215103330368895,0.7862604717008425,0.0005446216796940462
912,3,severe,4,64,random_score,unstable,2,0.19578149965474867,0.7215103330368897,0.9172918326916384,0.0005446216796940462
912,3,severe,4,64,oracle_real_utility,helpful,32,0.2773356776787672,0.7215103330368902,0.9988460107156574,0.0005446216796940462
912,4,severe,4,64,predicted_utility,helpful,16,0.24345839187584983,0.6987955399917836,0.9422539318676334,0.0005446216796940462
912,4,severe,4,64,uncertainty_penalized,helpful,32,0.24336950702498739,0.6987955399917835,0.9421650470167708,0.0005446216796940462
912,4,severe,4,64,random_score,harmful,16,-0.07897957588569993,0.6987955399917836,0.6198159641060836,0.0005446216796940462
912,4,severe,4,64,oracle_real_utility,helpful,32,0.300050854323362,0.6987955399917833,0.9988463943151453,0.0005446216796940462
912,5,severe,4,64,predicted_utility,helpful,16,0.23900459749737857,0.7327406877618933,0.9717452852592718,0.0005446216796940462
912,5,severe,4,64,uncertainty_penalized,helpful,16,0.2390045974951297,0.7327406877618932,0.9717452852570229,0.0005446216796940462
912,5,severe,4,64,random_score,unstable,2,0.14746245381976353,0.7327406877618932,0.8802031415816567,0.0005446216796940462
912,5,severe,4,64,oracle_real_utility,helpful,32,0.2669623622953552,0.7327406877618933,0.9997030500572485,0.0005446216796940462
912,6,severe,4,64,predicted_utility,helpful,16,0.07528354438002682,0.6462144267589488,0.7214979711389756,0.0005446216796940462
912,6,severe,4,64,uncertainty_penalized,helpful,32,0.07748991253390858,0.6462144267589489,0.7237043392928575,0.0005446216796940462
912,6,severe,4,64,random_score,unstable,4,0.06567890117175645,0.6462144267589491,0.7118933279307056,0.0005446216796940462
912,6,severe,4,64,oracle_real_utility,helpful,32,0.35354243400454743,0.6462144267589489,0.9997568607634963,0.0005446216796940462
912,7,severe,4,64,predicted_utility,helpful,16,0.12869120410313872,0.733285707269259,0.8619769113723977,0.0005446216796940462
912,7,severe,4,64,uncertainty_penalized,helpful,16,0.12783097898348084,0.733285707269259,0.8611166862527398,0.0005446216796940462
912,7,severe,4,64,random_score,helpful,32,0.19531567732568755,0.7332857072692587,0.9286013845949462,0.0005446216796940462
912,7,severe,4,64,oracle_real_utility,helpful,32,0.26660389818924923,0.7332857072692587,0.9998896054585079,0.0005446216796940462
912,0,severe,4,128,predicted_utility,helpful,16,0.19818266282044472,0.6846681503857679,0.8828508132062126,0.0005284014648339053
912,0,severe,4,128,uncertainty_penalized,helpful,16,0.19575013084702342,0.6846681503857678,0.8804182812327912,0.0005284014648339053
912,0,severe,4,128,random_score,harmful,2,-0.2649295704878298,0.6846681503857678,0.419738579897938,0.0005284014648339053
912,0,severe,4,128,oracle_real_utility,helpful,32,0.31296250099774325,0.6846681503857678,0.997630651383511,0.0005284014648339053
912,1,severe,4,128,predicted_utility,helpful,16,0.19127746180557925,0.7531866211659467,0.944464082971526,0.0005284014648339053
912,1,severe,4,128,uncertainty_penalized,helpful,16,0.19157299139304473,0.7531866211659466,0.9447596125589913,0.0005284014648339053
912,1,severe,4,128,random_score,harmful,4,-0.10764582548763224,0.7531866211659468,0.6455407956783146,0.0005284014648339053
912,1,severe,4,128,oracle_real_utility,helpful,32,0.24375745620687195,0.7531866211659465,0.9969440773728184,0.0005284014648339053
912,2,severe,4,128,predicted_utility,helpful,16,0.1970753744258169,0.7449963996385339,0.9420717740643508,0.0005284014648339053
912,2,severe,4,128,uncertainty_penalized,helpful,16,0.21785282542021012,0.7449963996385338,0.9628492250587439,0.0005284014648339053
912,2,severe,4,128,random_score,saturating,4,-0.007895787903519635,0.7449963996385337,0.7371006117350141,0.0005284014648339053
912,2,severe,4,128,oracle_real_utility,helpful,32,0.25253148990896757,0.7449963996385341,0.9975278895475017,0.0005284014648339053
912,3,severe,4,128,predicted_utility,helpful,8,0.08102571710145423,0.6907512775557332,0.7717769946571874,0.0005284014648339053
912,3,severe,4,128,uncertainty_penalized,helpful,16,0.07940500726919963,0.6907512775557332,0.7701562848249328,0.0005284014648339053
912,3,severe,4,128,random_score,saturating,2,0.02233517802067364,0.6907512775557333,0.7130864555764069,0.0005284014648339053
912,3,severe,4,128,oracle_real_utility,helpful,32,0.30358037428981344,0.6907512775557334,0.9943316518455468,0.0005284014648339053
912,4,severe,4,128,predicted_utility,helpful,16,0.22015119147319173,0.7144228066659104,0.9345739981391021,0.0005284014648339053
912,4,severe,4,128,uncertainty_penalized,helpful,16,0.22009695331212253,0.7144228066659105,0.934519759978033,0.0005284014648339053
912,4,severe,4,128,random_score,saturating,8,0.027656766205396588,0.7144228066659108,0.7420795728713074,0.0005284014648339053
912,4,severe,4,128,oracle_real_utility,helpful,32,0.2839190265961896,0.7144228066659107,0.9983418332621004,0.0005284014648339053
912,5,severe,4,128,predicted_utility,helpful,16,0.2415469252768898,0.7409828087963028,0.9825297340731927,0.0005284014648339053
912,5,severe,4,128,uncertainty_penalized,helpful,16,0.2438727112310206,0.7409828087963031,0.9848555200273237,0.0005284014648339053
912,5,severe,4,128,random_score,harmful,2,-0.09927119887189118,0.7409828087963036,0.6417116099244125,0.0005284014648339053
912,5,severe,4,128,oracle_real_utility,helpful,32,0.2578464901749138,0.7409828087963032,0.998829298971217,0.0005284014648339053
912,6,severe,4,128,predicted_utility,helpful,16,0.061260053185662744,0.7003284094270787,0.7615884626127415,0.0005284014648339053
912,6,severe,4,128,uncertainty_penalized,helpful,16,0.06335676778008548,0.7003284094270787,0.7636851772071642,0.0005284014648339053
912,6,severe,4,128,random_score,helpful,4,0.08934007023299861,0.7003284094270789,0.7896684796600775,0.0005284014648339053
912,6,severe,4,128,oracle_real_utility,helpful,32,0.2860576455163345,0.7003284094270784,0.9863860549434129,0.0005284014648339053
912,7,severe,4,128,predicted_utility,helpful,16,0.1451469313578242,0.748573053487794,0.8937199848456182,0.0005284014648339053
912,7,severe,4,128,uncertainty_penalized,helpful,16,0.14381075788023023,0.748573053487794,0.8923838113680242,0.0005284014648339053
912,7,severe,4,128,random_score,helpful,128,0.17710318470437458,0.7485730534877938,0.9256762381921684,0.0005284014648339053
912,7,severe,4,128,oracle_real_utility,helpful,32,0.25093491878775576,0.748573053487794,0.9995079722755498,0.0005284014648339053
912,0,severe,8,32,predicted_utility,harmful,2,-0.16973812507345598,0.6427303787405698,0.47299225366711384,0.0009716015624690044
912,0,severe,8,32,uncertainty_penalized,harmful,2,-0.1716168159193865,0.6427303787405698,0.47111356282118333,0.0009716015624690044
912,0,severe,8,32,random_score,unstable,4,0.17576513768003776,0.6427303787405698,0.8184955164206076,0.0009716015624690044
912,0,severe,8,32,oracle_real_utility,helpful,32,0.35687751430011483,0.6427303787405698,0.9996078930406846,0.0009716015624690044
912,1,severe,8,32,predicted_utility,saturating,2,0.0014992371793661752,0.7332374389351981,0.7347366761145643,0.0009716015624690044
912,1,severe,8,32,uncertainty_penalized,saturating,2,0.0014512259269413574,0.7332374389351981,0.7346886648621395,0.0009716015624690044
912,1,severe,8,32,random_score,helpful,128,0.25025202522518075,0.7332374389351983,0.9834894641603791,0.0009716015624690044
912,1,severe,8,32,oracle_real_utility,helpful,32,0.2665219374282638,0.7332374389351984,0.9997593763634622,0.0009716015624690044
912,2,severe,8,32,predicted_utility,harmful,2,-0.15603790679157448,0.6403033237403101,0.4842654169487356,0.0009716015624690044
912,2,severe,8,32,uncertainty_penalized,harmful,2,-0.15603790679065827,0.6403033237403101,0.4842654169496518,0.0009716015624690044
912,2,severe,8,32,random_score,helpful,4,0.2616968093027223,0.6403033237403103,0.9020001330430326,0.0009716015624690044
912,2,severe,8,32,oracle_real_utility,helpful,32,0.3595796371343407,0.6403033237403102,0.9998829608746509,0.0009716015624690044
912,3,severe,8,32,predicted_utility,harmful,2,-0.20050928115179534,0.39487238716039086,0.19436310600859552,0.0009716015624690044
912,3,severe,8,32,uncertainty_penalized,harmful,2,-0.20053225190572785,0.39487238716039086,0.194340135254663,0.0009716015624690044
912,3,severe,8,32,random_score,harmful,2,-0.1778758608962029,0.3948723871603909,0.21699652626418803,0.0009716015624690044
912,3,severe,8,32,oracle_real_utility,helpful,32,0.6050538761494793,0.39487238716039075,0.99992626330987,0.0009716015624690044
912,4,severe,8,32,predicted_utility,harmful,2,-0.03242333402327058,0.608780064177022,0.5763567301537514,0.0009716015624690044
912,4,severe,8,32,uncertainty_penalized,harmful,2,-0.03242398136784874,0.608780064177022,0.5763560828091733,0.0009716015624690044
912,4,severe,8,32,random_score,harmful,4,-0.2874592258022208,0.6087800641770222,0.32132083837480147,0.0009716015624690044
912,4,severe,8,32,oracle_real_utility,helpful,32,0.39107618002263944,0.6087800641770221,0.9998562441996616,0.0009716015624690044
912,5,severe,8,32,predicted_utility,harmful,8,-0.023550757866028227,0.7448093117984523,0.7212585539324241,0.0009716015624690044
912,5,severe,8,32,uncertainty_penalized,harmful,8,-0.023550764908164767,0.7448093117984522,0.7212585468902875,0.0009716015624690044
912,5,severe,8,32,random_score,helpful,64,0.2214392338317862,0.7448093117984518,0.966248545630238,0.0009716015624690044
912,5,severe,8,32,oracle_real_utility,helpful,16,0.25507389116868273,0.744809311798452,0.9998832029671347,0.0009716015624690044
912,6,severe,8,32,predicted_utility,harmful,2,-0.4348439278446313,0.6426730526562242,0.20782912481159294,0.0009716015624690044
912,6,severe,8,32,uncertainty_penalized,harmful,2,-0.4348439278446313,0.6426730526562242,0.20782912481159294,0.0009716015624690044
912,6,severe,8,32,random_score,harmful,2,-0.6257002884570342,0.6426730526562241,0.016972764199189968,0.0009716015624690044
912,6,severe,8,32,oracle_real_utility,helpful,16,0.3572488258932198,0.6426730526562241,0.9999218785494439,0.0009716015624690044
912,7,severe,8,32,predicted_utility,harmful,2,-0.14659404739107268,0.478039684237403,0.3314456368463303,0.0009716015624690044
912,7,severe,8,32,uncertainty_penalized,harmful,2,-0.14659430410702506,0.47803968423740295,0.3314453801303779,0.0009716015624690044
912,7,severe,8,32,random_score,harmful,4,-0.2676949540178636,0.47803968423740306,0.2103447302195395,0.0009716015624690044
912,7,severe,8,32,oracle_real_utility,helpful,32,0.5219244202415769,0.4780396842374031,0.9999641044789801,0.0009716015624690044
912,0,severe,8,64,predicted_utility,harmful,2,-0.1114875694559917,0.7177257380461753,0.6062381685901836,0.0008145316405716585
912,0,severe,8,64,uncertainty_penalized,harmful,2,-0.1115071082441863,0.7177257380461752,0.6062186298019889,0.0008145316405716585
912,0,severe,8,64,random_score,unstable,2,0.11123175886603931,0.7177257380461751,0.8289574969122144,0.0008145316405716585
912,0,severe,8,64,oracle_real_utility,helpful,32,0.27963158157076173,0.7177257380461753,0.9973573196169371,0.0008145316405716585
912,1,severe,8,64,predicted_utility,saturating,16,8.563788885662671e-05,0.717552551531298,0.7176381894201547,0.0008145316405716585
912,1,severe,8,64,uncertainty_penalized,saturating,2,9.05218908930916e-05,0.7175525515312979,0.717643073422191,0.0008145316405716585
912,1,severe,8,64,random_score,helpful,128,0.2440409838723525,0.7175525515312979,0.9615935354036504,0.0008145316405716585
912,1,severe,8,64,oracle_real_utility,helpful,32,0.2809339862805549,0.7175525515312978,0.9984865378118527,0.0008145316405716585
912,2,severe,8,64,predicted_utility,harmful,2,-0.07645318318738503,0.632375873935905,0.55592269074852,0.0008145316405716585
912,2,severe,8,64,uncertainty_penalized,harmful,2,-0.07776689127305347,0.632375873935905,0.5546089826628515,0.0008145316405716585
912,2,severe,8,64,random_score,helpful,4,0.1958785915915051,0.6323758739359049,0.82825446552741,0.0008145316405716585
912,2,severe,8,64,oracle_real_utility,helpful,32,0.36648365774437275,0.632375873935905,0.9988595316802777,0.0008145316405716585
912,3,severe,8,64,predicted_utility,harmful,2,-0.34150609963611284,0.5332607829696655,0.19175468333355267,0.0008145316405716585
912,3,severe,8,64,uncertainty_penalized,harmful,2,-0.3416448529735807,0.5332607829696655,0.1916159299960848,0.0008145316405716585
912,3,severe,8,64,random_score,harmful,2,-0.3263055746952642,0.5332607829696656,0.20695520827440136,0.0008145316405716585
912,3,severe,8,64,oracle_real_utility,helpful,32,0.4663354445105703,0.5332607829696656,0.9995962274802359,0.0008145316405716585
912,4,severe,8,64,predicted_utility,harmful,2,-0.03374831592535121,0.5860606307910375,0.5523123148656863,0.0008145316405716585
912,4,severe,8,64,uncertainty_penalized,harmful,2,-0.03572702160482899,0.5860606307910375,0.5503336091862085,0.0008145316405716585
912,4,severe,8,64,random_score,harmful,4,-0.2148579086526628,0.5860606307910377,0.37120272213837485,0.0008145316405716585
912,4,severe,8,64,oracle_real_utility,helpful,32,0.4129464324613249,0.5860606307910377,0.9990070632523625,0.0008145316405716585
912,5,severe,8,64,predicted_utility,saturating,16,0.03127999336432452,0.6891504027798552,0.7204303961441797,0.0008145316405716585
912,5,severe,8,64,uncertainty_penalized,saturating,16,0.03127970805279956,0.6891504027798552,0.7204301108326547,0.0008145316405716585
912,5,severe,8,64,random_score,harmful,2,-0.40967050916293757,0.6891504027798551,0.2794798936169175,0.0008145316405716585
912,5,severe,8,64,oracle_real_utility,helpful,32,0.30991853935592806,0.6891504027798554,0.9990689421357835,0.0008145316405716585
912,6,severe,8,64,predicted_utility,harmful,2,-0.465074972271347,0.651434454932729,0.18635948266138203,0.0008145316405716585
912,6,severe,8,64,uncertainty_penalized,harmful,2,-0.46507497188151403,0.6514344549327291,0.18635948305121508,0.0008145316405716585
912,6,severe,8,64,random_score,harmful,2,-0.5209545736933047,0.651434454932729,0.1304798812394243,0.0008145316405716585
912,6,severe,8,64,oracle_real_utility,helpful,16,0.34821335212506,0.6514344549327292,0.9996478070577892,0.0008145316405716585
912,7,severe,8,64,predicted_utility,harmful,2,-0.1620471311287986,0.5269816387789091,0.36493450765011054,0.0008145316405716585
912,7,severe,8,64,uncertainty_penalized,harmful,2,-0.1620473746433922,0.5269816387789091,0.36493426413551694,0.0008145316405716585
912,7,severe,8,64,random_score,harmful,2,-0.24555611571394714,0.5269816387789092,0.2814255230649621,0.0008145316405716585
912,7,severe,8,64,oracle_real_utility,helpful,32,0.4721108780624865,0.5269816387789092,0.9990925168413958,0.0008145316405716585
912,0,severe,8,128,predicted_utility,harmful,2,-0.13045637883338668,0.7246615105478725,0.5942051317144859,0.0008421628906205569
912,0,severe,8,128,uncertainty_penalized,harmful,2,-0.12064138825221926,0.7246615105478726,0.6040201222956534,0.0008421628906205569
912,0,severe,8,128,random_score,helpful,2,0.08171262588159289,0.7246615105478728,0.8063741364294656,0.0008421628906205569
912,0,severe,8,128,oracle_real_utility,helpful,32,0.2715922821205252,0.7246615105478725,0.9962537926683978,0.0008421628906205569
912,1,severe,8,128,predicted_utility,saturating,2,-0.017977323510976806,0.7281617086436688,0.710184385132692,0.0008421628906205569
912,1,severe,8,128,uncertainty_penalized,saturating,2,-0.017897222088836706,0.7281617086436687,0.710264486554832,0.0008421628906205569
912,1,severe,8,128,random_score,helpful,2,0.165033051653924,0.7281617086436691,0.8931947602975931,0.0008421628906205569
912,1,severe,8,128,oracle_real_utility,helpful,32,0.26806281005154087,0.7281617086436696,0.9962245186952104,0.0008421628906205569
912,2,severe,8,128,predicted_utility,harmful,2,-0.025828065012919676,0.7149597262287541,0.6891316612158345,0.0008421628906205569
912,2,severe,8,128,uncertainty_penalized,harmful,2,-0.025300579120772437,0.7149597262287543,0.6896591471079818,0.0008421628906205569
912,2,severe,8,128,random_score,helpful,4,0.13191201834019006,0.7149597262287539,0.846871744568944,0.0008421628906205569
912,2,severe,8,128,oracle_real_utility,helpful,32,0.2831149175205119,0.7149597262287545,0.9980746437492664,0.0008421628906205569
912,3,severe,8,128,predicted_utility,harmful,2,-0.34429501357618025,0.6193375397722094,0.27504252619602915,0.0008421628906205569
912,3,severe,8,128,uncertainty_penalized,harmful,2,-0.3443082368140157,0.6193375397722094,0.2750293029581937,0.0008421628906205569
912,3,severe,8,128,random_score,harmful,4,-0.2996501170064636,0.6193375397722092,0.3196874227657456,0.0008421628906205569
912,3,severe,8,128,oracle_real_utility,helpful,16,0.3795493140599342,0.6193375397722094,0.9988868538321436,0.0008421628906205569
912,4,severe,8,128,predicted_utility,harmful,2,-0.06583411553179275,0.7160782101477912,0.6502440946159984,0.0008421628906205569
912,4,severe,8,128,uncertainty_penalized,harmful,2,-0.06900762692811024,0.7160782101477912,0.6470705832196809,0.0008421628906205569
912,4,severe,8,128,random_score,helpful,2,0.1382989948125083,0.7160782101477912,0.8543772049602995,0.0008421628906205569
912,4,severe,8,128,oracle_real_utility,helpful,32,0.28249364142955025,0.7160782101477914,0.9985718515773416,0.0008421628906205569
912,5,severe,8,128,predicted_utility,saturating,16,0.033322132870961974,0.6950011476791783,0.7283232805501403,0.0008421628906205569
912,5,severe,8,128,uncertainty_penalized,saturating,16,0.03249696973557392,0.6950011476791784,0.7274981174147523,0.0008421628906205569
912,5,severe,8,128,random_score,unstable,2,0.07870576970223109,0.6950011476791784,0.7737069173814095,0.0008421628906205569
912,5,severe,8,128,oracle_real_utility,helpful,32,0.3043782647632728,0.6950011476791783,0.9993794124424511,0.0008421628906205569
912,6,severe,8,128,predicted_utility,harmful,2,-0.45541139260462,0.6457785219843254,0.1903671293797054,0.0008421628906205569
912,6,severe,8,128,uncertainty_penalized,harmful,2,-0.45607487379935535,0.6457785219843254,0.18970364818497004,0.0008421628906205569
912,6,severe,8,128,random_score,harmful,2,-0.3464985518076244,0.6457785219843258,0.29927997017670144,0.0008421628906205569
912,6,severe,8,128,oracle_real_utility,helpful,16,0.35318923353132947,0.645778521984326,0.9989677555156554,0.0008421628906205569
912,7,severe,8,128,predicted_utility,harmful,2,-0.17467591034298935,0.5396383413552885,0.3649624310122992,0.0008421628906205569
912,7,severe,8,128,uncertainty_penalized,harmful,2,-0.17468373244652147,0.5396383413552885,0.3649546089087671,0.0008421628906205569
912,7,severe,8,128,random_score,harmful,2,-0.28088404430385316,0.5396383413552885,0.2587542970514354,0.0008421628906205569
912,7,severe,8,128,oracle_real_utility,helpful,32,0.45855938101615135,0.5396383413552887,0.99819772237144,0.0008421628906205569
912,0,severe,12,32,predicted_utility,harmful,2,-0.4458456123647486,0.6816452844245813,0.23579967205983265,0.0014375062499993874
912,0,severe,12,32,uncertainty_penalized,harmful,2,-0.44584561712667903,0.6816452844245813,0.23579966729790225,0.0014375062499993874
912,0,severe,12,32,random_score,harmful,2,-0.3599021193454009,0.6816452844245814,0.3217431650791805,0.0014375062499993874
912,0,severe,12,32,oracle_real_utility,helpful,16,0.31818132311840386,0.6816452844245815,0.9998266075429854,0.0014375062499993874
912,1,severe,12,32,predicted_utility,harmful,2,-0.24508519495798908,0.5229059921744783,0.2778207972164892,0.0014375062499993874
912,1,severe,12,32,uncertainty_penalized,harmful,2,-0.24508519495798908,0.5229059921744783,0.2778207972164892,0.0014375062499993874
912,1,severe,12,32,random_score,saturating,2,0.01616791329888334,0.5229059921744784,0.5390739054733618,0.0014375062499993874
912,1,severe,12,32,oracle_real_utility,helpful,32,0.4770432512411703,0.5229059921744784,0.9999492434156487,0.0014375062499993874
912,2,severe,12,32,predicted_utility,harmful,2,-0.47452382220697553,0.562418836528017,0.08789501432104155,0.0014375062499993874
912,2,severe,12,32,uncertainty_penalized,harmful,2,-0.47452382232366525,0.5624188365280169,0.0878950142043517,0.0014375062499993874
912,2,severe,12,32,random_score,unstable,2,0.38024237869687816,0.5624188365280168,0.942661215224895,0.0014375062499993874
912,2,severe,12,32,oracle_real_utility,helpful,32,0.4375320105066459,0.5624188365280167,0.9999508470346626,0.0014375062499993874
912,3,severe,12,32,predicted_utility,harmful,4,-0.22661994232553878,0.568891683076694,0.34227174075115524,0.0014375062499993874
912,3,severe,12,32,uncertainty_penalized,harmful,4,-0.22661994232372396,0.568891683076694,0.34227174075297007,0.0014375062499993874
912,3,severe,12,32,random_score,helpful,128,0.3976171309596719,0.5688916830766941,0.966508814036366,0.0014375062499993874
912,3,severe,12,32,oracle_real_utility,helpful,32,0.4308844527238199,0.568891683076694,0.9997761358005139,0.0014375062499993874
912,4,severe,12,32,predicted_utility,harmful,2,-0.2705277742282496,0.4809166800862378,0.2103889058579882,0.0014375062499993874
912,4,severe,12,32,uncertainty_penalized,harmful,2,-0.2705277742282496,0.4809166800862378,0.2103889058579882,0.0014375062499993874
912,4,severe,12,32,random_score,harmful,2,-0.07673368723324087,0.4809166800862378,0.4041829928529969,0.0014375062499993874
912,4,severe,12,32,oracle_real_utility,helpful,32,0.5187075723498551,0.48091668008623784,0.9996242524360929,0.0014375062499993874
912,5,severe,12,32,predicted_utility,harmful,2,-0.20507236739951165,0.3951535140316281,0.19008114663211642,0.0014375062499993874
912,5,severe,12,32,uncertainty_penalized,harmful,2,-0.20507236739951165,0.3951535140316281,0.19008114663211642,0.0014375062499993874
912,5,severe,12,32,random_score,harmful,2,-0.25281812256622616,0.3951535140316281,0.14233539146540194,0.0014375062499993874
912,5,severe,12,32,oracle_real_utility,helpful,64,0.6046192879814487,0.3951535140316281,0.9997728020130767,0.0014375062499993874
912,6,severe,12,32,predicted_utility,harmful,4,-0.17728522882106362,0.4627603748885679,0.2854751460675043,0.0014375062499993874
912,6,severe,12,32,uncertainty_penalized,harmful,4,-0.28165780885520775,0.4627603748885679,0.18110256603336017,0.0014375062499993874
912,6,severe,12,32,random_score,harmful,2,-0.28081434197294197,0.4627603748885678,0.1819460329156258,0.0014375062499993874
912,6,severe,12,32,oracle_real_utility,helpful,32,0.5372155879861353,0.46276037488856786,0.9999759628747033,0.0014375062499993874
912,7,severe,12,32,predicted_utility,harmful,2,-0.2415822112874042,0.4472512716019943,0.2056690603145901,0.0014375062499993874
912,7,severe,12,32,uncertainty_penalized,harmful,2,-0.24158221128740764,0.4472512716019943,0.20566906031458665,0.0014375062499993874
912,7,severe,12,32,random_score,harmful,4,-0.11606874343809759,0.4472512716019943,0.3311825281638967,0.0014375062499993874
912,7,severe,12,32,oracle_real_utility,helpful,64,0.5521186111465838,0.4472512716019943,0.9993698827485781,0.0014375062499993874
912,0,severe,12,64,predicted_utility,harmful,2,-0.4364715570538763,0.6626821451549201,0.2262105881010438,0.0012859707031225298
912,0,severe,12,64,uncertainty_penalized,harmful,2,-0.43647155750929534,0.6626821451549201,0.22621058764562474,0.0012859707031225298
912,0,severe,12,64,random_score,harmful,2,-0.3301024602380938,0.6626821451549196,0.3325796849168258,0.0012859707031225298
912,0,severe,12,64,oracle_real_utility,helpful,16,0.3360403990854026,0.66268214515492,0.9987225442403226,0.0012859707031225298
912,1,severe,12,64,predicted_utility,harmful,2,-0.2688043084600511,0.5466794843398112,0.2778751758797601,0.0012859707031225298
912,1,severe,12,64,uncertainty_penalized,harmful,2,-0.2688043084600511,0.5466794843398112,0.2778751758797601,0.0012859707031225298
912,1,severe,12,64,random_score,harmful,2,-0.032726495991899585,0.5466794843398111,0.5139529883479115,0.0012859707031225298
912,1,severe,12,64,oracle_real_utility,helpful,32,0.4532774206818512,0.5466794843398112,0.9999569050216623,0.0012859707031225298
912,2,severe,12,64,predicted_utility,harmful,2,-0.31696012179107164,0.5853382705717634,0.2683781487806917,0.0012859707031225298
912,2,severe,12,64,uncertainty_penalized,harmful,2,-0.3290328668447856,0.5853382705717634,0.25630540372697774,0.0012859707031225298
912,2,severe,12,64,random_score,unstable,2,0.27437511125018277,0.5853382705717631,0.8597133818219459,0.0012859707031225298
912,2,severe,12,64,oracle_real_utility,helpful,32,0.4142447625189576,0.5853382705717634,0.9995830330907209,0.0012859707031225298
912,3,severe,12,64,predicted_utility,harmful,4,-0.2002820220148756,0.5435854293850375,0.3433034073701619,0.0012859707031225298
912,3,severe,12,64,uncertainty_penalized,harmful,4,-0.20028026746414712,0.5435854293850375,0.3433051619208904,0.0012859707031225298
912,3,severe,12,64,random_score,helpful,128,0.41261286759503357,0.5435854293850375,0.9561982969800711,0.0012859707031225298
912,3,severe,12,64,oracle_real_utility,helpful,32,0.4558664359922492,0.5435854293850375,0.9994518653772867,0.0012859707031225298
912,4,severe,12,64,predicted_utility,harmful,2,-0.27996589881559086,0.5134619810723683,0.2334960822567774,0.0012859707031225298
912,4,severe,12,64,uncertainty_penalized,harmful,2,-0.2806950930077114,0.5134619810723683,0.2327668880646569,0.0012859707031225298
912,4,severe,12,64,random_score,harmful,8,-0.08842504077856467,0.5134619810723683,0.4250369402938036,0.0012859707031225298
912,4,severe,12,64,oracle_real_utility,helpful,32,0.48516725850498954,0.5134619810723682,0.9986292395773577,0.0012859707031225298
912,5,severe,12,64,predicted_utility,harmful,2,-0.15618772496296968,0.40808050917502253,0.25189278421205286,0.0012859707031225298
912,5,severe,12,64,uncertainty_penalized,harmful,2,-0.15626669575379287,0.40808050917502253,0.25181381342122966,0.0012859707031225298
912,5,severe,12,64,random_score,saturating,2,-0.008995871586672421,0.4080805091750225,0.39908463758835006,0.0012859707031225298
912,5,severe,12,64,oracle_real_utility,helpful,64,0.5904940412404251,0.4080805091750224,0.9985745504154475,0.0012859707031225298
912,6,severe,12,64,predicted_utility,harmful,4,-0.21298799843525273,0.48497114796407076,0.271983149528818,0.0012859707031225298
912,6,severe,12,64,uncertainty_penalized,harmful,4,-0.2932030199893385,0.48497114796407076,0.19176812797473225,0.0012859707031225298
912,6,severe,12,64,random_score,harmful,2,-0.28822708967731653,0.4849711479640707,0.19674405828675418,0.0012859707031225298
912,6,severe,12,64,oracle_real_utility,helpful,32,0.5142367697095857,0.4849711479640707,0.9992079176736564,0.0012859707031225298
912,7,severe,12,64,predicted_utility,harmful,2,-0.28825144599556385,0.48530693672603403,0.19705549073047016,0.0012859707031225298
912,7,severe,12,64,uncertainty_penalized,harmful,2,-0.28823674485551165,0.48530693672603403,0.19707019187052235,0.0012859707031225298
912,7,severe,12,64,random_score,harmful,4,-0.12847421055234542,0.485306936726034,0.35683272617368855,0.0012859707031225298
912,7,severe,12,64,oracle_real_utility,helpful,32,0.5135721371294676,0.4853069367260342,0.9988790738555018,0.0012859707031225298
912,0,severe,12,128,predicted_utility,harmful,2,-0.3580663834432328,0.5989746849896945,0.24090830154646167,0.0010704267578205418
912,0,severe,12,128,uncertainty_penalized,harmful,2,-0.35818725091405157,0.5989746849896945,0.24078743407564296,0.0010704267578205418
912,0,severe,12,128,random_score,harmful,2,-0.2151397483148056,0.5989746849896946,0.38383493667488905,0.0010704267578205418
912,0,severe,12,128,oracle_real_utility,helpful,32,0.3972378962449832,0.5989746849896949,0.996212581234678,0.0010704267578205418
912,1,severe,12,128,predicted_utility,harmful,2,-0.2774181275129757,0.5545971387713051,0.27717901125832944,0.0010704267578205418
912,1,severe,12,128,uncertainty_penalized,harmful,2,-0.27741406466376173,0.5545971387713051,0.2771830741075434,0.0010704267578205418
912,1,severe,12,128,random_score,harmful,4,-0.05367678409938259,0.5545971387713051,0.5009203546719225,0.0010704267578205418
912,1,severe,12,128,oracle_real_utility,helpful,32,0.44406591543146334,0.5545971387713052,0.9986630542027686,0.0010704267578205418
912,2,severe,12,128,predicted_utility,harmful,2,-0.331660607490176,0.6134808057901869,0.2818201983000109,0.0010704267578205418
912,2,severe,12,128,uncertainty_penalized,harmful,2,-0.34893995701346225,0.6134808057901869,0.2645408487767247,0.0010704267578205418
912,2,severe,12,128,random_score,unstable,2,0.35053901799658616,0.6134808057901874,0.9640198237867735,0.0010704267578205418
912,2,severe,12,128,oracle_real_utility,helpful,32,0.3858139498352001,0.613480805790187,0.9992947556253872,0.0010704267578205418
912,3,severe,12,128,predicted_utility,harmful,4,-0.20410549672721556,0.535276079359138,0.33117058263192245,0.0010704267578205418
912,3,severe,12,128,uncertainty_penalized,harmful,4,-0.20391760440737705,0.535276079359138,0.33135847495176096,0.0010704267578205418
912,3,severe,12,128,random_score,helpful,128,0.260285806950049,0.5352760793591381,0.7955618863091871,0.0010704267578205418
912,3,severe,12,128,oracle_real_utility,helpful,32,0.46306341081414304,0.5352760793591382,0.9983394901732813,0.0010704267578205418
912,4,severe,12,128,predicted_utility,harmful,2,-0.3096260087879078,0.6129023310153057,0.30327632222739787,0.0010704267578205418
912,4,severe,12,128,uncertainty_penalized,harmful,2,-0.3179243061856349,0.6129023310153057,0.2949780248296708,0.0010704267578205418
912,4,severe,12,128,random_score,unstable,2,0.1613429914517035,0.6129023310153063,0.7742453224670098,0.0010704267578205418
912,4,severe,12,128,oracle_real_utility,helpful,32,0.3850476486380764,0.612902331015306,0.9979499796533824,0.0010704267578205418
912,5,severe,12,128,predicted_utility,harmful,2,-0.14063675013338583,0.4688236837242309,0.32818693359084505,0.0010704267578205418
912,5,severe,12,128,uncertainty_penalized,harmful,2,-0.14039759110105254,0.4688236837242309,0.32842609262317835,0.0010704267578205418
912,5,severe,12,128,random_score,helpful,8,0.07020444029681117,0.4688236837242312,0.5390281240210424,0.0010704267578205418
912,5,severe,12,128,oracle_real_utility,helpful,64,0.5291716608815501,0.4688236837242312,0.9979953446057813,0.0010704267578205418
912,6,severe,12,128,predicted_utility,harmful,4,-0.1313427307297801,0.48353520588970966,0.3521924751599296,0.0010704267578205418
912,6,severe,12,128,uncertainty_penalized,harmful,4,-0.16685938914618026,0.48353520588970966,0.3166758167435294,0.0010704267578205418
912,6,severe,12,128,random_score,harmful,2,-0.15646866420175598,0.4835352058897094,0.3270665416879534,0.0010704267578205418
912,6,severe,12,128,oracle_real_utility,helpful,64,0.5142341156225634,0.48353520588970955,0.9977693215122729,0.0010704267578205418
912,7,severe,12,128,predicted_utility,harmful,2,-0.32025215885142516,0.5190548749146062,0.19880271606318106,0.0010704267578205418
912,7,severe,12,128,uncertainty_penalized,harmful,2,-0.3202411807471547,0.5190548749146062,0.19881369416745154,0.0010704267578205418
912,7,severe,12,128,random_score,harmful,2,-0.03129334554490659,0.5190548749146066,0.48776152936969996,0.0010704267578205418
912,7,severe,12,128,oracle_real_utility,helpful,32,0.4789734735835126,0.5190548749146064,0.9980283484981191,0.0010704267578205418
913,0,mild,4,32,predicted_utility,helpful,16,0.19756179953492992,0.767959936783677,0.9655217363186069,0.0007542269530631529
913,0,mild,4,32,uncertainty_penalized,helpful,16,0.1975617995349277,0.7679599367836769,0.9655217363186046,0.0007542269530631529
913,0,mild,4,32,random_score,saturating,16,-0.009493327744397706,0.767959936783677,0.7584666090392793,0.0007542269530631529
913,0,mild,4,32,oracle_real_utility,helpful,32,0.23195386385530636,0.767959936783677,0.9999138006389834,0.0007542269530631529
913,1,mild,4,32,predicted_utility,helpful,4,0.07891731960527132,0.36736097575649,0.44627829536176133,0.0007542269530631529
913,1,mild,4,32,uncertainty_penalized,helpful,4,0.0789164437942797,0.36736097575649,0.4462774195507697,0.0007542269530631529
913,1,mild,4,32,random_score,harmful,2,-0.1479085383091295,0.3673609757564901,0.21945243744736062,0.0007542269530631529
913,1,mild,4,32,oracle_real_utility,helpful,64,0.6321636596394691,0.36736097575649,0.9995246353959591,0.0007542269530631529
913,2,mild,4,32,predicted_utility,unstable,8,0.07544138222138541,0.5244538088067822,0.5998951910281676,0.0007542269530631529
913,2,mild,4,32,uncertainty_penalized,helpful,8,0.07544137985559507,0.5244538088067822,0.5998951886623772,0.0007542269530631529
913,2,mild,4,32,random_score,unstable,2,0.04896870015661803,0.5244538088067822,0.5734225089634002,0.0007542269530631529
913,2,mild,4,32,oracle_real_utility,helpful,64,0.475277104489534,0.5244538088067822,0.9997309132963161,0.0007542269530631529
913,3,mild,4,32,predicted_utility,helpful,128,0.3301780281591491,0.5984958697912935,0.9286738979504426,0.0007542269530631529
913,3,mild,4,32,uncertainty_penalized,helpful,128,0.3301780281591389,0.5984958697912935,0.9286738979504324,0.0007542269530631529
913,3,mild,4,32,random_score,helpful,128,0.40124638940606183,0.5984958697912935,0.9997422591973554,0.0007542269530631529
913,3,mild,4,32,oracle_real_utility,helpful,32,0.40149972345674034,0.5984958697912935,0.9999955932480339,0.0007542269530631529
913,4,mild,4,32,predicted_utility,helpful,128,0.4054533838797293,0.5223986597668329,0.9278520436465622,0.0007542269530631529
913,4,mild,4,32,uncertainty_penalized,helpful,128,0.4054533838797293,0.5223986597668329,0.9278520436465622,0.0007542269530631529
913,4,mild,4,32,random_score,helpful,128,0.45744078057491233,0.5223986597668329,0.9798394403417452,0.0007542269530631529
913,4,mild,4,32,oracle_real_utility,helpful,32,0.4772632961657828,0.5223986597668329,0.9996619559326156,0.0007542269530631529
913,5,mild,4,32,predicted_utility,helpful,32,0.36684398263156626,0.555510732466671,0.9223547150982373,0.0007542269530631529
913,5,mild,4,32,uncertainty_penalized,helpful,32,0.3670424862945475,0.555510732466671,0.9225532187612185,0.0007542269530631529
913,5,mild,4,32,random_score,helpful,128,0.3016454120360287,0.555510732466671,0.8571561445026997,0.0007542269530631529
913,5,mild,4,32,oracle_real_utility,helpful,64,0.44426823105640234,0.555510732466671,0.9997789635230734,0.0007542269530631529
913,6,mild,4,32,predicted_utility,helpful,64,0.30789836540169946,0.6037711157028897,0.9116694811045891,0.0007542269530631529
913,6,mild,4,32,uncertainty_penalized,helpful,64,0.30789836540169946,0.6037711157028897,0.9116694811045891,0.0007542269530631529
913,6,mild,4,32,random_score,harmful,16,-0.37115902138003676,0.6037711157028897,0.2326120943228529,0.0007542269530631529
913,6,mild,4,32,oracle_real_utility,helpful,32,0.3957976983850501,0.6037711157028898,0.9995688140879398,0.0007542269530631529
913,7,mild,4,32,predicted_utility,harmful,8,-0.09986057856093294,0.4960608103272486,0.39620023176631564,0.0007542269530631529
913,7,mild,4,32,uncertainty_penalized,harmful,8,-0.09985873698626485,0.4960608103272486,0.39620207334098373,0.0007542269530631529
913,7,mild,4,32,random_score,harmful,2,-0.31396313050733693,0.4960608103272485,0.18209767981991157,0.0007542269530631529
913,7,mild,4,32,oracle_real_utility,helpful,32,0.5038487376272505,0.4960608103272486,0.999909547954499,0.0007542269530631529
913,0,mild,4,64,predicted_utility,helpful,32,0.2033224817406043,0.7527704421216678,0.9560929238622721,0.0005988382812347481
913,0,mild,4,64,uncertainty_penalized,helpful,32,0.2027321598859727,0.752770442121668,0.9555026020076407,0.0005988382812347481
913,0,mild,4,64,random_score,saturating,2,0.02124153467885992,0.7527704421216678,0.7740119768005277,0.0005988382812347481
913,0,mild,4,64,oracle_real_utility,helpful,32,0.2459136485398199,0.7527704421216679,0.9986840906614878,0.0005988382812347481
913,1,mild,4,64,predicted_utility,helpful,4,0.0613835407344161,0.41188326985298357,0.47326681058739967,0.0005988382812347481
913,1,mild,4,64,uncertainty_penalized,saturating,4,0.04062308792339181,0.41188326985298357,0.4525063577763754,0.0005988382812347481
913,1,mild,4,64,random_score,harmful,8,-0.1424951773003177,0.41188326985298346,0.26938809255266577,0.0005988382812347481
913,1,mild,4,64,oracle_real_utility,helpful,64,0.5869583043168382,0.4118832698529836,0.9988415741698218,0.0005988382812347481
913,2,mild,4,64,predicted_utility,helpful,8,0.06588157486245116,0.5338140642492802,0.5996956391117314,0.0005988382812347481
913,2,mild,4,64,uncertainty_penalized,helpful,8,0.06658235587654815,0.5338140642492801,0.6003964201258283,0.0005988382812347481
913,2,mild,4,64,random_score,unstable,64,0.08617427334016103,0.5338140642492801,0.6199883375894412,0.0005988382812347481
913,2,mild,4,64,oracle_real_utility,helpful,64,0.46538635084478774,0.5338140642492801,0.9992004150940679,0.0005988382812347481
913,3,mild,4,64,predicted_utility,helpful,8,0.29535533698956995,0.5761516202083495,0.8715069571979195,0.0005988382812347481
913,3,mild,4,64,uncertainty_penalized,helpful,8,0.29525473307785743,0.5761516202083495,0.871406353286207,0.0005988382812347481
913,3,mild,4,64,random_score,harmful,32,-0.09247264208712214,0.5761516202083495,0.4836789781212274,0.0005988382812347481
913,3,mild,4,64,oracle_real_utility,helpful,32,0.42340647849711344,0.5761516202083496,0.9995580987054631,0.0005988382812347481
913,4,mild,4,64,predicted_utility,helpful,128,0.3984537208493252,0.5175707766342799,0.916024497483605,0.0005988382812347481
913,4,mild,4,64,uncertainty_penalized,helpful,128,0.39834789040793905,0.5175707766342798,0.9159186670422188,0.0005988382812347481
913,4,mild,4,64,random_score,unstable,2,0.43585689331107347,0.5175707766342799,0.9534276699453533,0.0005988382812347481
913,4,mild,4,64,oracle_real_utility,helpful,32,0.480969335366936,0.5175707766342799,0.9985401120012158,0.0005988382812347481
913,5,mild,4,64,predicted_utility,helpful,16,0.1765143566757697,0.35096333658547635,0.527477693261246,0.0005988382812347481
913,5,mild,4,64,uncertainty_penalized,helpful,16,0.17719626647411163,0.35096333658547635,0.528159603059588,0.0005988382812347481
913,5,mild,4,64,random_score,unstable,4,0.11177912490140429,0.35096333658547624,0.46274246148688053,0.0005988382812347481
913,5,mild,4,64,oracle_real_utility,helpful,128,0.6410109615745688,0.3509633365854763,0.9919742981600451,0.0005988382812347481
913,6,mild,4,64,predicted_utility,unstable,16,-0.012558729195060958,0.5189156814286552,0.5063569522335942,0.0005988382812347481
913,6,mild,4,64,uncertainty_penalized,unstable,32,-0.01255872939530156,0.5189156814286552,0.5063569520333536,0.0005988382812347481
913,6,mild,4,64,random_score,harmful,8,-0.21452332276251557,0.5189156814286552,0.3043923586661396,0.0005988382812347481
913,6,mild,4,64,oracle_real_utility,helpful,32,0.47765652918342205,0.5189156814286551,0.9965722106120771,0.0005988382812347481
913,7,mild,4,64,predicted_utility,helpful,128,0.43196986286175254,0.4996987240730092,0.9316685869347617,0.0005988382812347481
913,7,mild,4,64,uncertainty_penalized,helpful,128,0.4319697713176194,0.4996987240730092,0.9316684953906286,0.0005988382812347481
913,7,mild,4,64,random_score,harmful,2,-0.3606084940833053,0.4996987240730091,0.1390902299897038,0.0005988382812347481
913,7,mild,4,64,oracle_real_utility,helpful,32,0.49986304690784494,0.499698724073009,0.999561770980854,0.0005988382812347481
913,0,mild,4,128,predicted_utility,helpful,16,0.18813295668353958,0.7497734680347299,0.9379064247182695,0.0005759531250077998
913,0,mild,4,128,uncertainty_penalized,helpful,16,0.18282770110531388,0.74977346803473,0.9326011691400439,0.0005759531250077998
913,0,mild,4,128,random_score,helpful,2,0.05227174878927743,0.7497734680347301,0.8020452168240075,0.0005759531250077998
913,0,mild,4,128,oracle_real_utility,helpful,32,0.2464412834824582,0.7497734680347299,0.9962147515171881,0.0005759531250077998
913,1,mild,4,128,predicted_utility,saturating,4,0.028052844606629268,0.41924214353280587,0.44729498813943513,0.0005759531250077998
913,1,mild,4,128,uncertainty_penalized,saturating,4,0.026975169009564426,0.41924214353280576,0.4462173125423702,0.0005759531250077998
913,1,mild,4,128,random_score,unstable,16,0.01256466078856111,0.419242143532806,0.4318068043213671,0.0005759531250077998
913,1,mild,4,128,oracle_real_utility,helpful,64,0.5726201106565075,0.41924214353280587,0.9918622541893134,0.0005759531250077998
913,2,mild,4,128,predicted_utility,helpful,8,0.07376746230599007,0.5257672267268821,0.5995346890328722,0.0005759531250077998
913,2,mild,4,128,uncertainty_penalized,helpful,8,0.0756159167706858,0.5257672267268821,0.6013831434975679,0.0005759531250077998
913,2,mild,4,128,random_score,unstable,2,0.06307190288933062,0.5257672267268821,0.5888391296162128,0.0005759531250077998
913,2,mild,4,128,oracle_real_utility,helpful,64,0.47156834915443835,0.5257672267268823,0.9973355758813206,0.0005759531250077998
913,3,mild,4,128,predicted_utility,helpful,8,0.21380505689372253,0.6055960796378838,0.8194011365316063,0.0005759531250077998
913,3,mild,4,128,uncertainty_penalized,helpful,8,0.2737593505544239,0.605596079637884,0.8793554301923079,0.0005759531250077998
913,3,mild,4,128,random_score,helpful,128,0.25487799891043994,0.6055960796378838,0.8604740785483237,0.0005759531250077998
913,3,mild,4,128,oracle_real_utility,helpful,32,0.3937942663448406,0.6055960796378835,0.9993903459827241,0.0005759531250077998
913,4,mild,4,128,predicted_utility,helpful,32,0.24428721829898714,0.5764625468569841,0.8207497651559712,0.0005759531250077998
913,4,mild,4,128,uncertainty_penalized,helpful,64,0.24426612989786778,0.5764625468569841,0.8207286767548518,0.0005759531250077998
913,4,mild,4,128,random_score,harmful,2,-0.2044113331857646,0.5764625468569844,0.3720512136712198,0.0005759531250077998
913,4,mild,4,128,oracle_real_utility,helpful,32,0.4213463308990769,0.5764625468569841,0.997808877756061,0.0005759531250077998
913,5,mild,4,128,predicted_utility,helpful,16,0.15113663421697282,0.36243057297361975,0.5135672071905926,0.0005759531250077998
913,5,mild,4,128,uncertainty_penalized,helpful,16,0.15060524471118975,0.3624305729736198,0.5130358176848095,0.0005759531250077998
913,5,mild,4,128,random_score,saturating,4,0.026543336190099354,0.36243057297361975,0.3889739091637191,0.0005759531250077998
913,5,mild,4,128,oracle_real_utility,helpful,128,0.6294061579296868,0.3624305729736198,0.9918367309033066,0.0005759531250077998
913,6,mild,4,128,predicted_utility,harmful,8,-0.08012840586974435,0.5722890054658019,0.4921605995960575,0.0005759531250077998
913,6,mild,4,128,uncertainty_penalized,harmful,8,-0.11957132468956877,0.572289005465802,0.4527176807762332,0.0005759531250077998
913,6,mild,4,128,random_score,helpful,128,0.3056523236086419,0.5722890054658019,0.8779413290744438,0.0005759531250077998
913,6,mild,4,128,oracle_real_utility,helpful,32,0.42523244258571824,0.5722890054658019,0.9975214480515201,0.0005759531250077998
913,7,mild,4,128,predicted_utility,helpful,8,0.35211750822768795,0.5151700409646115,0.8672875491922994,0.0005759531250077998
913,7,mild,4,128,uncertainty_penalized,helpful,8,0.2515889947335822,0.5151700409646116,0.7667590356981938,0.0005759531250077998
913,7,mild,4,128,random_score,harmful,2,-0.23070621430971017,0.5151700409646117,0.28446382665490155,0.0005759531250077998
913,7,mild,4,128,oracle_real_utility,helpful,32,0.4841939228422907,0.5151700409646116,0.9993639638069023,0.0005759531250077998
913,0,mild,8,32,predicted_utility,unstable,8,0.06808819690173085,0.506109561854956,0.5741977587566869,0.0011022589843605601
913,0,mild,8,32,uncertainty_penalized,unstable,8,0.06808819690173085,0.506109561854956,0.5741977587566869,0.0011022589843605601
913,0,mild,8,32,random_score,harmful,4,-0.05851274267203832,0.5061095618549559,0.4475968191829176,0.0011022589843605601
913,0,mild,8,32,oracle_real_utility,helpful,32,0.4938207731024594,0.506109561854956,0.9999303349574155,0.0011022589843605601
913,1,mild,8,32,predicted_utility,harmful,8,-0.12150855215595208,0.4279129585586106,0.30640440640265854,0.0011022589843605601
913,1,mild,8,32,uncertainty_penalized,harmful,8,-0.12150855215491702,0.4279129585586106,0.3064044064036936,0.0011022589843605601
913,1,mild,8,32,random_score,helpful,128,0.5604923760494722,0.4279129585586107,0.9884053346080829,0.0011022589843605601
913,1,mild,8,32,oracle_real_utility,helpful,32,0.5715911842721418,0.42791295855861067,0.9995041428307525,0.0011022589843605601
913,2,mild,8,32,predicted_utility,unstable,16,0.11049153799166128,0.3605571282666409,0.47104866625830216,0.0011022589843605601
913,2,mild,8,32,uncertainty_penalized,unstable,16,0.11049153799166134,0.3605571282666408,0.47104866625830216,0.0011022589843605601
913,2,mild,8,32,random_score,harmful,2,-0.3597792669395164,0.3605571282666409,0.0007778613271244932,0.0011022589843605601
913,2,mild,8,32,oracle_real_utility,helpful,64,0.6390376093316188,0.3605571282666409,0.9995947375982597,0.0011022589843605601
913,3,mild,8,32,predicted_utility,helpful,32,0.23000620277353329,0.37814762874580915,0.6081538315193424,0.0011022589843605601
913,3,mild,8,32,uncertainty_penalized,helpful,32,0.2300062027729996,0.37814762874580915,0.6081538315188088,0.0011022589843605601
913,3,mild,8,32,random_score,helpful,2,0.1551172115441169,0.37814762874580915,0.533264840289926,0.0011022589843605601
913,3,mild,8,32,oracle_real_utility,helpful,128,0.6151342396101374,0.37814762874580915,0.9932818683559466,0.0011022589843605601
913,4,mild,8,32,predicted_utility,unstable,32,0.13773523208855853,0.40886739303530584,0.5466026251238644,0.0011022589843605601
913,4,mild,8,32,uncertainty_penalized,unstable,32,0.13773523208855853,0.40886739303530584,0.5466026251238644,0.0011022589843605601
913,4,mild,8,32,random_score,harmful,4,-0.05005539333625003,0.4088673930353057,0.3588119996990557,0.0011022589843605601
913,4,mild,8,32,oracle_real_utility,helpful,64,0.5908832263087952,0.4088673930353057,0.9997506193441009,0.0011022589843605601
913,5,mild,8,32,predicted_utility,unstable,16,0.0520100605931102,0.466692180464654,0.5187022410577642,0.0011022589843605601
913,5,mild,8,32,uncertainty_penalized,unstable,8,0.052008021071255794,0.466692180464654,0.5187002015359098,0.0011022589843605601
913,5,mild,8,32,random_score,helpful,4,0.5240387781615271,0.466692180464654,0.9907309586261811,0.0011022589843605601
913,5,mild,8,32,oracle_real_utility,helpful,32,0.5332504186238386,0.466692180464654,0.9999425990884926,0.0011022589843605601
913,6,mild,8,32,predicted_utility,unstable,32,0.19554144279149988,0.41588114731810455,0.6114225901096044,0.0011022589843605601
913,6,mild,8,32,uncertainty_penalized,unstable,16,0.06571248719775025,0.41588114731810455,0.4815936345158548,0.0011022589843605601
913,6,mild,8,32,random_score,harmful,8,-0.3225815693613393,0.4158811473181045,0.09329957795676522,0.0011022589843605601
913,6,mild,8,32,oracle_real_utility,helpful,64,0.5838055552436419,0.41588114731810455,0.9996867025617464,0.0011022589843605601
913,7,mild,8,32,predicted_utility,unstable,16,0.06808857773419014,0.41892578994734225,0.4870143676815324,0.0011022589843605601
913,7,mild,8,32,uncertainty_penalized,unstable,16,0.06808857787074096,0.41892578994734225,0.4870143678180832,0.0011022589843605601
913,7,mild,8,32,random_score,helpful,32,0.08523523809701505,0.4189257899473422,0.5041610280443573,0.0011022589843605601
913,7,mild,8,32,oracle_real_utility,helpful,64,0.5810605650200102,0.41892578994734225,0.9999863549673524,0.0011022589843605601
913,0,mild,8,64,predicted_utility,unstable,8,0.08917534254763027,0.48120152092555823,0.5703768634731885,0.0008827324218714239
913,0,mild,8,64,uncertainty_penalized,unstable,8,0.08916697234925097,0.48120152092555823,0.5703684932748092,0.0008827324218714239
913,0,mild,8,64,random_score,harmful,32,-0.020978218720113906,0.48120152092555807,0.46022330220544416,0.0008827324218714239
913,0,mild,8,64,oracle_real_utility,helpful,32,0.5181748849339813,0.48120152092555807,0.9993764058595394,0.0008827324218714239
913,1,mild,8,64,predicted_utility,harmful,8,-0.055762502671829806,0.4018653621351976,0.3461028594633678,0.0008827324218714239
913,1,mild,8,64,uncertainty_penalized,harmful,8,-0.05576249818049517,0.4018653621351976,0.3461028639547024,0.0008827324218714239
913,1,mild,8,64,random_score,helpful,128,0.5837087317623142,0.4018653621351976,0.9855740938975117,0.0008827324218714239
913,1,mild,8,64,oracle_real_utility,helpful,32,0.5975505902348011,0.40186536213519763,0.9994159523699987,0.0008827324218714239
913,2,mild,8,64,predicted_utility,unstable,16,0.11379083675643031,0.3872736976141261,0.5010645343705564,0.0008827324218714239
913,2,mild,8,64,uncertainty_penalized,unstable,16,0.11379083675654678,0.3872736976141262,0.501064534370673,0.0008827324218714239
913,2,mild,8,64,random_score,harmful,2,-0.32102641733305803,0.38727369761412617,0.06624728028106816,0.0008827324218714239
913,2,mild,8,64,oracle_real_utility,helpful,64,0.6097429876377247,0.38727369761412617,0.9970166852518509,0.0008827324218714239
913,3,mild,8,64,predicted_utility,unstable,32,0.1805216228323917,0.3905137818965184,0.5710354047289101,0.0008827324218714239
913,3,mild,8,64,uncertainty_penalized,unstable,32,0.18052162420944312,0.39051378189651836,0.5710354061059615,0.0008827324218714239
913,3,mild,8,64,random_score,saturating,2,0.030835427239072677,0.39051378189651836,0.42134920913559104,0.0008827324218714239
913,3,mild,8,64,oracle_real_utility,helpful,64,0.6077754944328244,0.39051378189651836,0.9982892763293427,0.0008827324218714239
913,4,mild,8,64,predicted_utility,unstable,32,0.16971335107862245,0.4289267615461467,0.5986401126247691,0.0008827324218714239
913,4,mild,8,64,uncertainty_penalized,unstable,32,0.16971335107287644,0.4289267615461466,0.5986401126190231,0.0008827324218714239
913,4,mild,8,64,random_score,harmful,8,-0.04836306766246207,0.42892676154614645,0.3805636938836844,0.0008827324218714239
913,4,mild,8,64,oracle_real_utility,helpful,64,0.5692789410164925,0.4289267615461467,0.9982057025626392,0.0008827324218714239
913,5,mild,8,64,predicted_utility,unstable,8,0.07103785916635696,0.4862442235051678,0.5572820826715248,0.0008827324218714239
913,5,mild,8,64,uncertainty_penalized,unstable,8,0.07001374232394908,0.4862442235051677,0.5562579658291168,0.0008827324218714239
913,5,mild,8,64,random_score,helpful,4,0.42390619191978524,0.48624422350516777,0.910150415424953,0.0008827324218714239
913,5,mild,8,64,oracle_real_utility,helpful,32,0.5122378154863871,0.4862442235051679,0.998482038991555,0.0008827324218714239
913,6,mild,8,64,predicted_utility,unstable,16,0.12342957424344408,0.4111408983280734,0.5345704725715175,0.0008827324218714239
913,6,mild,8,64,uncertainty_penalized,unstable,16,0.12105427533855712,0.4111408983280734,0.5321951736666305,0.0008827324218714239
913,6,mild,8,64,random_score,harmful,16,-0.27661683937130355,0.4111408983280733,0.13452405895676978,0.0008827324218714239
913,6,mild,8,64,oracle_real_utility,helpful,128,0.58352702825627,0.41114089832807343,0.9946679265843434,0.0008827324218714239
913,7,mild,8,64,predicted_utility,unstable,16,0.10648425319382088,0.38734613539117807,0.49383038858499895,0.0008827324218714239
913,7,mild,8,64,uncertainty_penalized,unstable,16,0.10648605412170953,0.3873461353911781,0.49383218951288765,0.0008827324218714239
913,7,mild,8,64,random_score,helpful,16,0.0664302940304875,0.38734613539117807,0.4537764294216656,0.0008827324218714239
913,7,mild,8,64,oracle_real_utility,helpful,64,0.6121274411457902,0.38734613539117807,0.9994735765369683,0.0008827324218714239
913,0,mild,8,128,predicted_utility,unstable,16,0.09364922181182628,0.47166841666354314,0.5653176384753694,0.0008241382812457232
913,0,mild,8,128,uncertainty_penalized,unstable,16,0.09358598359676662,0.4716684166635431,0.5652544002603097,0.0008241382812457232
913,0,mild,8,128,random_score,saturating,4,-0.0184791221244327,0.47166841666354303,0.45318929453911033,0.0008241382812457232
913,0,mild,8,128,oracle_real_utility,helpful,64,0.5260822993322033,0.4716684166635431,0.9977507159957464,0.0008241382812457232
913,1,mild,8,128,predicted_utility,unstable,8,-0.004677673987474484,0.3958325320647331,0.39115485807725864,0.0008241382812457232
913,1,mild,8,128,uncertainty_penalized,unstable,8,-0.004730316704513571,0.3958325320647331,0.39110221536021955,0.0008241382812457232
913,1,mild,8,128,random_score,helpful,64,0.3488242497007192,0.39583253206473296,0.7446567817654521,0.0008241382812457232
913,1,mild,8,128,oracle_real_utility,helpful,64,0.6006407265301139,0.3958325320647329,0.9964732585948468,0.0008241382812457232
913,2,mild,8,128,predicted_utility,unstable,16,0.1176503049640415,0.41244514947675104,0.5300954544407925,0.0008241382812457232
913,2,mild,8,128,uncertainty_penalized,unstable,16,0.11763098885602813,0.4124451494767511,0.5300761383327792,0.0008241382812457232
913,2,mild,8,128,random_score,harmful,2,-0.2402509590417706,0.412445149476751,0.17219419043498038,0.0008241382812457232
913,2,mild,8,128,oracle_real_utility,helpful,64,0.5815934201085049,0.41244514947675115,0.994038569585256,0.0008241382812457232
913,3,mild,8,128,predicted_utility,unstable,16,0.17452023267059313,0.38903962134655734,0.5635598540171505,0.0008241382812457232
913,3,mild,8,128,uncertainty_penalized,unstable,16,0.174896216276208,0.38903962134655734,0.5639358376227653,0.0008241382812457232
913,3,mild,8,128,random_score,helpful,4,0.10373493218435265,0.3890396213465573,0.49277455353090993,0.0008241382812457232
913,3,mild,8,128,oracle_real_utility,helpful,64,0.6077651312768888,0.3890396213465574,0.9968047526234461,0.0008241382812457232
913,4,mild,8,128,predicted_utility,unstable,32,0.14983935410665566,0.4369284348562544,0.58676778896291,0.0008241382812457232
913,4,mild,8,128,uncertainty_penalized,unstable,32,0.14983935301435308,0.4369284348562544,0.5867677878706075,0.0008241382812457232
913,4,mild,8,128,random_score,helpful,64,0.1355473178041111,0.4369284348562543,0.5724757526603654,0.0008241382812457232
913,4,mild,8,128,oracle_real_utility,helpful,64,0.5598975817600083,0.43692843485625416,0.9968260166162625,0.0008241382812457232
913,5,mild,8,128,predicted_utility,unstable,8,0.09114900105459361,0.4477440371106873,0.5388930381652809,0.0008241382812457232
913,5,mild,8,128,uncertainty_penalized,unstable,8,0.09752114040386212,0.4477440371106873,0.5452651775145494,0.0008241382812457232
913,5,mild,8,128,random_score,helpful,4,0.29486369871711765,0.4477440371106873,0.7426077358278049,0.0008241382812457232
913,5,mild,8,128,oracle_real_utility,helpful,64,0.5504475060545275,0.44774403711068717,0.9981915431652147,0.0008241382812457232
913,6,mild,8,128,predicted_utility,helpful,16,0.16426478700056169,0.3993151958712745,0.5635799828718362,0.0008241382812457232
913,6,mild,8,128,uncertainty_penalized,helpful,16,0.16390574026703553,0.3993151958712745,0.56322093613831,0.0008241382812457232
913,6,mild,8,128,random_score,harmful,4,-0.22245756094038782,0.39931519587127445,0.17685763493088663,0.0008241382812457232
913,6,mild,8,128,oracle_real_utility,helpful,128,0.5917492386267196,0.39931519587127445,0.991064434497994,0.0008241382812457232
913,7,mild,8,128,predicted_utility,unstable,16,0.09116672285488864,0.43722127374897296,0.5283879966038616,0.0008241382812457232
913,7,mild,8,128,uncertainty_penalized,unstable,16,0.09139063622444532,0.437221273748973,0.5286119099734183,0.0008241382812457232
913,7,mild,8,128,random_score,harmful,2,-0.05899296635129292,0.437221273748973,0.3782283073976801,0.0008241382812457232
913,7,mild,8,128,oracle_real_utility,helpful,64,0.5622911124117724,0.43722127374897307,0.9995123861607456,0.0008241382812457232
913,0,mild,12,32,predicted_utility,unstable,16,0.09973884650054832,0.6099957674749745,0.7097346139755228,0.0013724789063189746
913,0,mild,12,32,uncertainty_penalized,unstable,16,0.09973855213834204,0.6099957674749745,0.7097343196133166,0.0013724789063189746
913,0,mild,12,32,random_score,harmful,8,-0.1188918634690424,0.6099957674749744,0.491103904005932,0.0013724789063189746
913,0,mild,12,32,oracle_real_utility,helpful,64,0.38999837812747395,0.6099957674749746,0.9999941456024486,0.0013724789063189746
913,1,mild,12,32,predicted_utility,helpful,16,0.14986910377091844,0.62042069070061,0.7702897944715285,0.0013724789063189746
913,1,mild,12,32,uncertainty_penalized,helpful,16,0.14986909262319903,0.62042069070061,0.770289783323809,0.0013724789063189746
913,1,mild,12,32,random_score,helpful,32,0.1065306147331413,0.62042069070061,0.7269513054337513,0.0013724789063189746
913,1,mild,12,32,oracle_real_utility,helpful,64,0.37641293730632575,0.62042069070061,0.9968336280069358,0.0013724789063189746
913,2,mild,12,32,predicted_utility,helpful,16,0.1669115380970203,0.6622066138132399,0.8291181519102602,0.0013724789063189746
913,2,mild,12,32,uncertainty_penalized,helpful,16,0.1669115352456615,0.66220661381324,0.8291181490589015,0.0013724789063189746
913,2,mild,12,32,random_score,unstable,2,0.05954696706705431,0.6622066138132398,0.7217535808802941,0.0013724789063189746
913,2,mild,12,32,oracle_real_utility,helpful,64,0.33761777282705896,0.6622066138132398,0.9998243866402987,0.0013724789063189746
913,3,mild,12,32,predicted_utility,helpful,32,0.2556154535109977,0.5641068172030952,0.8197222707140929,0.0013724789063189746
913,3,mild,12,32,uncertainty_penalized,helpful,32,0.2556154535146292,0.5641068172030952,0.8197222707177244,0.0013724789063189746
913,3,mild,12,32,random_score,unstable,32,0.11553411023889304,0.5641068172030952,0.6796409274419882,0.0013724789063189746
913,3,mild,12,32,oracle_real_utility,helpful,64,0.4330267321522542,0.5641068172030952,0.9971335493553494,0.0013724789063189746
913,4,mild,12,32,predicted_utility,helpful,16,0.221668293600078,0.6202026194376218,0.8418709130376998,0.0013724789063189746
913,4,mild,12,32,uncertainty_penalized,helpful,16,0.22166830032688378,0.6202026194376218,0.8418709197645056,0.0013724789063189746
913,4,mild,12,32,random_score,harmful,4,-0.6146318704718985,0.6202026194376219,0.00557074896572337,0.0013724789063189746
913,4,mild,12,32,oracle_real_utility,helpful,64,0.3794537589992557,0.6202026194376218,0.9996563784368775,0.0013724789063189746
913,5,mild,12,32,predicted_utility,helpful,16,0.18342623613307796,0.6612678869439552,0.8446941230770332,0.0013724789063189746
913,5,mild,12,32,uncertainty_penalized,helpful,16,0.18342623613307796,0.6612678869439552,0.8446941230770332,0.0013724789063189746
913,5,mild,12,32,random_score,harmful,2,-0.31174968985031715,0.6612678869439551,0.34951819709363796,0.0013724789063189746
913,5,mild,12,32,oracle_real_utility,helpful,64,0.3385986017484911,0.6612678869439551,0.9998664886924462,0.0013724789063189746
913,6,mild,12,32,predicted_utility,helpful,32,0.36606646294097833,0.625131535148938,0.9911979980899164,0.0013724789063189746
913,6,mild,12,32,uncertainty_penalized,helpful,32,0.36606646300938184,0.625131535148938,0.9911979981583199,0.0013724789063189746
913,6,mild,12,32,random_score,helpful,2,0.34356942761782194,0.625131535148938,0.96870096276676,0.0013724789063189746
913,6,mild,12,32,oracle_real_utility,helpful,32,0.3747200392198965,0.6251315351489382,0.9998515743688347,0.0013724789063189746
913,7,mild,12,32,predicted_utility,helpful,16,0.2223988635808214,0.571392793328309,0.7937916569091303,0.0013724789063189746
913,7,mild,12,32,uncertainty_penalized,helpful,16,0.22240226935509122,0.571392793328309,0.7937950626834002,0.0013724789063189746
913,7,mild,12,32,random_score,helpful,64,0.22573261927325938,0.5713927933283088,0.7971254126015682,0.0013724789063189746
913,7,mild,12,32,oracle_real_utility,helpful,64,0.42825575239031466,0.5713927933283088,0.9996485457186235,0.0013724789063189746
913,0,mild,12,64,predicted_utility,helpful,16,0.15964089258178216,0.6796867549963617,0.8393276475781438,0.001248441796917632
913,0,mild,12,64,uncertainty_penalized,helpful,16,0.12669201701632138,0.6796867549963617,0.806378772012683,0.001248441796917632
913,0,mild,12,64,random_score,unstable,32,-0.002002437009126945,0.6796867549963616,0.6776843179872346,0.001248441796917632
913,0,mild,12,64,oracle_real_utility,helpful,64,0.31855395815257004,0.6796867549963617,0.9982407131489317,0.001248441796917632
913,1,mild,12,64,predicted_utility,helpful,16,0.1133034629977584,0.6015742699230676,0.714877732920826,0.001248441796917632
913,1,mild,12,64,uncertainty_penalized,helpful,16,0.11330346394181412,0.6015742699230676,0.7148777338648817,0.001248441796917632
913,1,mild,12,64,random_score,helpful,8,0.09933609552372213,0.6015742699230675,0.7009103654467896,0.001248441796917632
913,1,mild,12,64,oracle_real_utility,helpful,64,0.3961415822416262,0.6015742699230675,0.9977158521646937,0.001248441796917632
913,2,mild,12,64,predicted_utility,helpful,16,0.1584967884287758,0.681073547720554,0.8395703361493297,0.001248441796917632
913,2,mild,12,64,uncertainty_penalized,helpful,16,0.15849660174349012,0.6810735477205538,0.839570149464044,0.001248441796917632
913,2,mild,12,64,random_score,helpful,4,0.07714953459891971,0.6810735477205535,0.7582230823194732,0.001248441796917632
913,2,mild,12,64,oracle_real_utility,helpful,64,0.31819043390481727,0.681073547720554,0.9992639816253712,0.001248441796917632
913,3,mild,12,64,predicted_utility,unstable,32,0.19930916063797377,0.6296262009794458,0.8289353616174195,0.001248441796917632
913,3,mild,12,64,uncertainty_penalized,unstable,32,0.19930916063799609,0.6296262009794458,0.8289353616174419,0.001248441796917632
913,3,mild,12,64,random_score,helpful,64,0.18288681592063305,0.6296262009794457,0.8125130169000787,0.001248441796917632
913,3,mild,12,64,oracle_real_utility,helpful,64,0.36942875994519664,0.6296262009794458,0.9990549609246424,0.001248441796917632
913,4,mild,12,64,predicted_utility,unstable,16,0.14671799050951084,0.6514759148256247,0.7981939053351356,0.001248441796917632
913,4,mild,12,64,uncertainty_penalized,unstable,16,0.14696802238947237,0.6514759148256246,0.798443937215097,0.001248441796917632
913,4,mild,12,64,random_score,harmful,4,-0.6011724504526024,0.6514759148256246,0.050303464373022216,0.001248441796917632
913,4,mild,12,64,oracle_real_utility,helpful,64,0.3479109614196091,0.6514759148256247,0.9993868762452338,0.001248441796917632
913,5,mild,12,64,predicted_utility,helpful,16,0.17112523571794802,0.6740880693746328,0.8452133050925809,0.001248441796917632
913,5,mild,12,64,uncertainty_penalized,helpful,16,0.17103202898174807,0.6740880693746328,0.8451200983563809,0.001248441796917632
913,5,mild,12,64,random_score,harmful,2,-0.31094086828905554,0.6740880693746332,0.36314720108557763,0.001248441796917632
913,5,mild,12,64,oracle_real_utility,helpful,64,0.32484190941659863,0.674088069374633,0.9989299787912316,0.001248441796917632
913,6,mild,12,64,predicted_utility,helpful,64,0.38921017790728496,0.5930203234299374,0.9822305013372223,0.001248441796917632
913,6,mild,12,64,uncertainty_penalized,helpful,64,0.3892101838274329,0.5930203234299374,0.9822305072573703,0.001248441796917632
913,6,mild,12,64,random_score,helpful,128,0.3253910532492569,0.5930203234299372,0.918411376679194,0.001248441796917632
913,6,mild,12,64,oracle_real_utility,helpful,64,0.4057380033539395,0.5930203234299373,0.9987583267838768,0.001248441796917632
913,7,mild,12,64,predicted_utility,helpful,16,0.18149158885660532,0.6290741753763968,0.8105657642330021,0.001248441796917632
913,7,mild,12,64,uncertainty_penalized,helpful,16,0.1815087793588942,0.6290741753763968,0.810582954735291,0.001248441796917632
913,7,mild,12,64,random_score,harmful,16,-0.27285492278461176,0.6290741753763965,0.3562192525917848,0.001248441796917632
913,7,mild,12,64,oracle_real_utility,helpful,64,0.36862120904203954,0.6290741753763969,0.9976953844184364,0.001248441796917632
913,0,mild,12,128,predicted_utility,helpful,16,0.17193109599396528,0.6585052963317769,0.8304363923257422,0.0012375299804716633
913,0,mild,12,128,uncertainty_penalized,helpful,16,0.1703219241085494,0.6585052963317769,0.8288272204403263,0.0012375299804716633
913,0,mild,12,128,random_score,saturating,2,0.005686641716102114,0.6585052963317763,0.6641919380478785,0.0012375299804716633
913,0,mild,12,128,oracle_real_utility,helpful,64,0.33632446507218894,0.6585052963317767,0.9948297614039656,0.0012375299804716633
913,1,mild,12,128,predicted_utility,helpful,16,0.11900156055198918,0.6112153194143313,0.7302168799663205,0.0012375299804716633
913,1,mild,12,128,uncertainty_penalized,helpful,16,0.11922629514392735,0.6112153194143313,0.7304416145582586,0.0012375299804716633
913,1,mild,12,128,random_score,helpful,32,0.10749938314192231,0.6112153194143314,0.7187147025562537,0.0012375299804716633
913,1,mild,12,128,oracle_real_utility,helpful,64,0.37913662499442025,0.6112153194143316,0.9903519444087518,0.0012375299804716633
913,2,mild,12,128,predicted_utility,helpful,16,0.1630499179102075,0.6716600281863397,0.8347099460965473,0.0012375299804716633
913,2,mild,12,128,uncertainty_penalized,helpful,16,0.16304693252057312,0.6716600281863397,0.8347069607069129,0.0012375299804716633
913,2,mild,12,128,random_score,harmful,2,-0.048408689592999155,0.6716600281863404,0.6232513385933413,0.0012375299804716633
913,2,mild,12,128,oracle_real_utility,helpful,64,0.3264666481267533,0.6716600281863394,0.9981266763130927,0.0012375299804716633
913,3,mild,12,128,predicted_utility,helpful,16,0.17783695853036996,0.6512231151355129,0.8290600736658829,0.0012375299804716633
913,3,mild,12,128,uncertainty_penalized,helpful,16,0.17783695863859628,0.651223115135513,0.8290600737741093,0.0012375299804716633
913,3,mild,12,128,random_score,harmful,2,-0.08605737674216163,0.6512231151355127,0.565165738393351,0.0012375299804716633
913,3,mild,12,128,oracle_real_utility,helpful,64,0.34759515428052745,0.6512231151355129,0.9988182694160403,0.0012375299804716633
913,4,mild,12,128,predicted_utility,unstable,16,0.17751033177644593,0.649529659578004,0.8270399913544499,0.0012375299804716633
913,4,mild,12,128,uncertainty_penalized,unstable,16,0.17251100502968497,0.649529659578004,0.822040664607689,0.0012375299804716633
913,4,mild,12,128,random_score,saturating,4,0.015712986536436824,0.649529659578004,0.6652426461144408,0.0012375299804716633
913,4,mild,12,128,oracle_real_utility,helpful,64,0.34809324191983637,0.649529659578004,0.9976229014978404,0.0012375299804716633
913,5,mild,12,128,predicted_utility,helpful,16,0.15697028283338554,0.6854649443995042,0.8424352272328898,0.0012375299804716633
913,5,mild,12,128,uncertainty_penalized,helpful,16,0.15656875033834405,0.6854649443995042,0.8420336947378483,0.0012375299804716633
913,5,mild,12,128,random_score,harmful,2,-0.3161400359183406,0.6854649443995042,0.3693249084811636,0.0012375299804716633
913,5,mild,12,128,oracle_real_utility,helpful,64,0.311991879958326,0.685464944399504,0.99745682435783,0.0012375299804716633
913,6,mild,12,128,predicted_utility,unstable,32,0.23489169260672338,0.6039299089185953,0.8388216015253187,0.0012375299804716633
913,6,mild,12,128,uncertainty_penalized,unstable,32,0.22991376192627544,0.6039299089185952,0.8338436708448707,0.0012375299804716633
913,6,mild,12,128,random_score,helpful,2,0.18430802876418284,0.6039299089185951,0.788237937682778,0.0012375299804716633
913,6,mild,12,128,oracle_real_utility,helpful,64,0.3933318556352803,0.6039299089185952,0.9972617645538755,0.0012375299804716633
913,7,mild,12,128,predicted_utility,helpful,16,0.1945618939026902,0.6204167394511012,0.8149786333537914,0.0012375299804716633
913,7,mild,12,128,uncertainty_penalized,helpful,16,0.19476066092508904,0.6204167394511012,0.8151774003761902,0.0012375299804716633
913,7,mild,12,128,random_score,harmful,4,-0.09023801686711708,0.6204167394511012,0.5301787225839841,0.0012375299804716633
913,7,mild,12,128,oracle_real_utility,helpful,64,0.3776938015252458,0.6204167394511011,0.9981105409763469,0.0012375299804716633
913,0,severe,4,32,predicted_utility,helpful,16,0.16488461990549308,0.8333198874127696,0.9982045073182627,0.0006723941406789891
913,0,severe,4,32,uncertainty_penalized,helpful,16,0.1648846199054922,0.8333198874127696,0.9982045073182618,0.0006723941406789891
913,0,severe,4,32,random_score,saturating,16,0.0183897209283842,0.8333198874127697,0.851709608341154,0.0006723941406789891
913,0,severe,4,32,oracle_real_utility,helpful,16,0.16666225979768157,0.8333198874127696,0.9999821472104512,0.0006723941406789891
913,1,severe,4,32,predicted_utility,helpful,32,0.27404258997037323,0.7015931826332216,0.9756357726035948,0.0006723941406789891
913,1,severe,4,32,uncertainty_penalized,helpful,32,0.2740483908609648,0.7015931826332216,0.9756415734941863,0.0006723941406789891
913,1,severe,4,32,random_score,harmful,4,-0.3829554315577341,0.7015931826332213,0.31863775107548725,0.0006723941406789891
913,1,severe,4,32,oracle_real_utility,helpful,32,0.2984038456462992,0.7015931826332216,0.9999970282795207,0.0006723941406789891
913,2,severe,4,32,predicted_utility,helpful,16,0.1978087637103293,0.755772942455511,0.9535817061658403,0.0006723941406789891
913,2,severe,4,32,uncertainty_penalized,helpful,16,0.19780876262402913,0.7557729424555111,0.9535817050795402,0.0006723941406789891
913,2,severe,4,32,random_score,helpful,4,0.17830261200399544,0.755772942455511,0.9340755544595064,0.0006723941406789891
913,2,severe,4,32,oracle_real_utility,helpful,16,0.24386557665271613,0.755772942455511,0.9996385191082271,0.0006723941406789891
913,3,severe,4,32,predicted_utility,saturating,4,0.017655996656502415,0.7839850428500669,0.8016410395065693,0.0006723941406789891
913,3,severe,4,32,uncertainty_penalized,saturating,4,0.017655996656500528,0.783985042850067,0.8016410395065675,0.0006723941406789891
913,3,severe,4,32,random_score,helpful,2,0.10595524138161605,0.7839850428500669,0.8899402842316829,0.0006723941406789891
913,3,severe,4,32,oracle_real_utility,helpful,32,0.21597128463335902,0.783985042850067,0.999956327483426,0.0006723941406789891
913,4,severe,4,32,predicted_utility,helpful,8,0.08573286263615243,0.7463089667212468,0.8320418293573992,0.0006723941406789891
913,4,severe,4,32,uncertainty_penalized,helpful,8,0.08573286263615243,0.7463089667212468,0.8320418293573992,0.0006723941406789891
913,4,severe,4,32,random_score,unstable,2,0.1908444233059582,0.746308966721247,0.9371533900272052,0.0006723941406789891
913,4,severe,4,32,oracle_real_utility,helpful,16,0.25348282307027237,0.7463089667212469,0.9997917897915193,0.0006723941406789891
913,5,severe,4,32,predicted_utility,helpful,16,0.32794460358129796,0.6328808462594423,0.9608254498407403,0.0006723941406789891
913,5,severe,4,32,uncertainty_penalized,helpful,16,0.32827570128614836,0.6328808462594423,0.9611565475455907,0.0006723941406789891
913,5,severe,4,32,random_score,helpful,128,0.30351164070082304,0.6328808462594423,0.9363924869602653,0.0006723941406789891
913,5,severe,4,32,oracle_real_utility,helpful,32,0.36645426908254985,0.6328808462594423,0.9993351153419922,0.0006723941406789891
913,6,severe,4,32,predicted_utility,saturating,4,0.01514736329502031,0.7601332987119822,0.7752806620070025,0.0006723941406789891
913,6,severe,4,32,uncertainty_penalized,saturating,4,0.015147363295020089,0.7601332987119824,0.7752806620070025,0.0006723941406789891
913,6,severe,4,32,random_score,harmful,2,-0.515191991478614,0.7601332987119822,0.24494130723336816,0.0006723941406789891
913,6,severe,4,32,oracle_real_utility,helpful,16,0.2397129176859758,0.7601332987119823,0.9998462163979581,0.0006723941406789891
913,7,severe,4,32,predicted_utility,harmful,2,-0.07980845871510078,0.7073877429532024,0.6275792842381016,0.0006723941406789891
913,7,severe,4,32,uncertainty_penalized,harmful,2,-0.0797980734588829,0.7073877429532024,0.6275896694943195,0.0006723941406789891
913,7,severe,4,32,random_score,harmful,2,-0.3546097456116579,0.7073877429532025,0.3527779973415446,0.0006723941406789891
913,7,severe,4,32,oracle_real_utility,helpful,16,0.29244478417900854,0.7073877429532024,0.9998325271322109,0.0006723941406789891
913,0,severe,4,64,predicted_utility,helpful,16,0.16993291410828482,0.8234756122960722,0.9934085264043571,0.0009367828125164124
913,0,severe,4,64,uncertainty_penalized,helpful,16,0.17004725770444262,0.8234756122960722,0.9935228700005149,0.0009367828125164124
913,0,severe,4,64,random_score,saturating,2,0.042559343056289056,0.8234756122960725,0.8660349553523615,0.0009367828125164124
913,0,severe,4,64,oracle_real_utility,helpful,32,0.1763495625070457,0.8234756122960722,0.9998251748031179,0.0009367828125164124
913,1,severe,4,64,predicted_utility,helpful,16,0.2298671601188208,0.6922647471269974,0.9221319072458182,0.0009367828125164124
913,1,severe,4,64,uncertainty_penalized,helpful,32,0.20158805909073485,0.6922647471269975,0.8938528062177323,0.0009367828125164124
913,1,severe,4,64,random_score,harmful,8,-0.297009915790771,0.6922647471269975,0.39525483133622646,0.0009367828125164124
913,1,severe,4,64,oracle_real_utility,helpful,32,0.3014768228009803,0.6922647471269971,0.9937415699279775,0.0009367828125164124
913,2,severe,4,64,predicted_utility,helpful,16,0.16543186736852677,0.7789253633095773,0.9443572306781041,0.0009367828125164124
913,2,severe,4,64,uncertainty_penalized,helpful,16,0.16817705012230166,0.7789253633095772,0.9471024134318788,0.0009367828125164124
913,2,severe,4,64,random_score,helpful,2,0.15574748804219274,0.7789253633095772,0.9346728513517699,0.0009367828125164124
913,2,severe,4,64,oracle_real_utility,helpful,16,0.21993251588460594,0.7789253633095773,0.9988578791941832,0.0009367828125164124
913,3,severe,4,64,predicted_utility,saturating,8,0.04330281982702422,0.7562922371716305,0.7995950569986547,0.0009367828125164124
913,3,severe,4,64,uncertainty_penalized,saturating,8,0.04329204414146259,0.7562922371716304,0.799584281313093,0.0009367828125164124
913,3,severe,4,64,random_score,harmful,8,-0.026336622120997633,0.7562922371716307,0.7299556150506331,0.0009367828125164124
913,3,severe,4,64,oracle_real_utility,helpful,32,0.2435305476287144,0.7562922371716306,0.999822784800345,0.0009367828125164124
913,4,severe,4,64,predicted_utility,helpful,16,0.13336832544145094,0.6997046155603917,0.8330729410018426,0.0009367828125164124
913,4,severe,4,64,uncertainty_penalized,helpful,16,0.13335576188288145,0.6997046155603917,0.8330603774432731,0.0009367828125164124
913,4,severe,4,64,random_score,unstable,2,0.2359827536252208,0.6997046155603918,0.9356873691856126,0.0009367828125164124
913,4,severe,4,64,oracle_real_utility,helpful,32,0.2986306063926506,0.699704615560392,0.9983352219530426,0.0009367828125164124
913,5,severe,4,64,predicted_utility,helpful,16,0.2987981444657205,0.6581209593670848,0.9569191038328053,0.0009367828125164124
913,5,severe,4,64,uncertainty_penalized,helpful,16,0.3008030348480456,0.6581209593670848,0.9589239942151304,0.0009367828125164124
913,5,severe,4,64,random_score,unstable,4,0.2249209991967318,0.6581209593670848,0.8830419585638166,0.0009367828125164124
913,5,severe,4,64,oracle_real_utility,helpful,32,0.3396781483551755,0.6581209593670848,0.9977991077222603,0.0009367828125164124
913,6,severe,4,64,predicted_utility,saturating,4,-0.014299808140256998,0.7368562218853499,0.7225564137450929,0.0009367828125164124
913,6,severe,4,64,uncertainty_penalized,saturating,4,-0.014299808242198786,0.7368562218853499,0.7225564136431512,0.0009367828125164124
913,6,severe,4,64,random_score,harmful,4,-0.428922464211306,0.7368562218853502,0.3079337576740442,0.0009367828125164124
913,6,severe,4,64,oracle_real_utility,helpful,16,0.2611491440468876,0.7368562218853503,0.9980053659322379,0.0009367828125164124
913,7,severe,4,64,predicted_utility,saturating,16,0.02733124561174438,0.6591088496215636,0.686440095233308,0.0009367828125164124
913,7,severe,4,64,uncertainty_penalized,saturating,2,0.02733151382361565,0.6591088496215632,0.6864403634451789,0.0009367828125164124
913,7,severe,4,64,random_score,harmful,2,-0.4413872972336076,0.6591088496215636,0.217721552387956,0.0009367828125164124
913,7,severe,4,64,oracle_real_utility,helpful,32,0.3397009194289906,0.6591088496215636,0.9988097690505542,0.0009367828125164124
913,0,severe,4,128,predicted_utility,helpful,16,0.14778161922911426,0.8194387577553327,0.967220376984447,0.0012870509765718907
913,0,severe,4,128,uncertainty_penalized,helpful,16,0.14864277213827282,0.8194387577553326,0.9680815298936054,0.0012870509765718907
913,0,severe,4,128,random_score,helpful,2,0.06285272835135003,0.8194387577553335,0.8822914861066835,0.0012870509765718907
913,0,severe,4,128,oracle_real_utility,helpful,16,0.1799689059056261,0.8194387577553327,0.9994076636609588,0.0012870509765718907
913,1,severe,4,128,predicted_utility,helpful,16,0.17814393336949363,0.7154741993909524,0.893618132760446,0.0012870509765718907
913,1,severe,4,128,uncertainty_penalized,helpful,16,0.18097009585924573,0.7154741993909525,0.8964442952501982,0.0012870509765718907
913,1,severe,4,128,random_score,harmful,8,-0.1764042500128895,0.7154741993909524,0.5390699493780629,0.0012870509765718907
913,1,severe,4,128,oracle_real_utility,helpful,32,0.2721383509357933,0.7154741993909526,0.9876125503267459,0.0012870509765718907
913,2,severe,4,128,predicted_utility,helpful,16,0.17055656732046642,0.7703905212303939,0.9409470885508603,0.0012870509765718907
913,2,severe,4,128,uncertainty_penalized,helpful,16,0.1780477235807183,0.7703905212303938,0.948438244811112,0.0012870509765718907
913,2,severe,4,128,random_score,unstable,2,0.12233673784585575,0.7703905212303931,0.8927272590762488,0.0012870509765718907
913,2,severe,4,128,oracle_real_utility,helpful,16,0.2256648502146209,0.7703905212303938,0.9960553714450147,0.0012870509765718907
913,3,severe,4,128,predicted_utility,saturating,8,0.04622121348902608,0.774875540462388,0.8210967539514141,0.0012870509765718907
913,3,severe,4,128,uncertainty_penalized,helpful,8,0.05228081389459649,0.7748755404623882,0.8271563543569846,0.0012870509765718907
913,3,severe,4,128,random_score,helpful,16,0.0903330552300351,0.7748755404623879,0.865208595692423,0.0012870509765718907
913,3,severe,4,128,oracle_real_utility,helpful,32,0.22434039392674465,0.7748755404623878,0.9992159343891325,0.0012870509765718907
913,4,severe,4,128,predicted_utility,helpful,16,0.09485969887973811,0.7251162809990498,0.8199759798787879,0.0012870509765718907
913,4,severe,4,128,uncertainty_penalized,helpful,16,0.09485814118144231,0.7251162809990498,0.8199744221804921,0.0012870509765718907
913,4,severe,4,128,random_score,harmful,2,-0.32046620856097113,0.7251162809990496,0.40465007243807843,0.0012870509765718907
913,4,severe,4,128,oracle_real_utility,helpful,32,0.2707687511878538,0.7251162809990498,0.9958850321869036,0.0012870509765718907
913,5,severe,4,128,predicted_utility,helpful,16,0.2522481752017627,0.6723060730025345,0.9245542482042972,0.0012870509765718907
913,5,severe,4,128,uncertainty_penalized,helpful,16,0.26025199349471995,0.6723060730025345,0.9325580664972545,0.0012870509765718907
913,5,severe,4,128,random_score,unstable,4,0.07479623352236564,0.6723060730025343,0.7471023065249,0.0012870509765718907
913,5,severe,4,128,oracle_real_utility,helpful,32,0.32249659635725925,0.6723060730025345,0.9948026693597938,0.0012870509765718907
913,6,severe,4,128,predicted_utility,saturating,4,-0.00018638442565022117,0.7337008543149193,0.733514469889269,0.0012870509765718907
913,6,severe,4,128,uncertainty_penalized,saturating,2,-0.0030231501136790406,0.7337008543149193,0.7306777042012402,0.0012870509765718907
913,6,severe,4,128,random_score,saturating,8,0.016493942924059035,0.7337008543149195,0.7501947972389785,0.0012870509765718907
913,6,severe,4,128,oracle_real_utility,helpful,32,0.26031272055363597,0.7337008543149195,0.9940135748685555,0.0012870509765718907
913,7,severe,4,128,predicted_utility,saturating,2,0.01756315251394469,0.6706067602498847,0.6881699127638294,0.0012870509765718907
913,7,severe,4,128,uncertainty_penalized,saturating,2,0.009694452218148908,0.6706067602498847,0.6803012124680337,0.0012870509765718907
913,7,severe,4,128,random_score,saturating,2,0.023085177129045897,0.6706067602498844,0.6936919373789303,0.0012870509765718907
913,7,severe,4,128,oracle_real_utility,helpful,32,0.3259157231379223,0.6706067602498847,0.996522483387807,0.0012870509765718907
913,0,severe,8,32,predicted_utility,saturating,2,-0.010202485880550727,0.7338330552561976,0.7236305693756468,0.0016469097656681697
913,0,severe,8,32,uncertainty_penalized,saturating,2,-0.010202485880550727,0.7338330552561976,0.7236305693756468,0.0016469097656681697
913,0,severe,8,32,random_score,harmful,2,-0.15194661477946325,0.7338330552561975,0.5818864404767342,0.0016469097656681697
913,0,severe,8,32,oracle_real_utility,helpful,16,0.2661616571076827,0.7338330552561976,0.9999947123638803,0.0016469097656681697
913,1,severe,8,32,predicted_utility,harmful,2,-0.27719831784715465,0.6897105585423476,0.412512240695193,0.0016469097656681697
913,1,severe,8,32,uncertainty_penalized,harmful,2,-0.27719831784404786,0.6897105585423476,0.4125122406982998,0.0016469097656681697
913,1,severe,8,32,random_score,saturating,8,0.042907125247024114,0.6897105585423476,0.7326176837893718,0.0016469097656681697
913,1,severe,8,32,oracle_real_utility,helpful,32,0.31024164799966936,0.6897105585423476,0.999952206542017,0.0016469097656681697
913,2,severe,8,32,predicted_utility,harmful,16,-0.04040426745421111,0.6031915971859896,0.5627873297317785,0.0016469097656681697
913,2,severe,8,32,uncertainty_penalized,harmful,16,-0.04040426745421111,0.6031915971859896,0.5627873297317785,0.0016469097656681697
913,2,severe,8,32,random_score,helpful,4,0.3798667456635405,0.6031915971859899,0.9830583428495304,0.0016469097656681697
913,2,severe,8,32,oracle_real_utility,helpful,32,0.3967085494630609,0.6031915971859897,0.9999001466490506,0.0016469097656681697
913,3,severe,8,32,predicted_utility,harmful,2,-0.4467998333332369,0.7067274802541476,0.25992764692091064,0.0016469097656681697
913,3,severe,8,32,uncertainty_penalized,harmful,2,-0.4467998333340083,0.7067274802541476,0.25992764692013925,0.0016469097656681697
913,3,severe,8,32,random_score,harmful,8,-0.27201787571501157,0.7067274802541477,0.4347096045391361,0.0016469097656681697
913,3,severe,8,32,oracle_real_utility,helpful,16,0.2931770660546338,0.7067274802541477,0.9999045463087815,0.0016469097656681697
913,4,severe,8,32,predicted_utility,harmful,2,-0.24269287635920544,0.46444912745911315,0.2217562510999077,0.0016469097656681697
913,4,severe,8,32,uncertainty_penalized,harmful,2,-0.24269287635920544,0.46444912745911315,0.2217562510999077,0.0016469097656681697
913,4,severe,8,32,random_score,unstable,32,-0.0002071420041019345,0.464449127459113,0.46424198545501105,0.0016469097656681697
913,4,severe,8,32,oracle_real_utility,helpful,32,0.5353135217151619,0.4644491274591131,0.999762649174275,0.0016469097656681697
913,5,severe,8,32,predicted_utility,harmful,2,-0.11959682214127432,0.7141015384692578,0.5945047163279835,0.0016469097656681697
913,5,severe,8,32,uncertainty_penalized,harmful,2,-0.11959777358372159,0.7141015384692578,0.5945037648855362,0.0016469097656681697
913,5,severe,8,32,random_score,saturating,2,0.030613609985840506,0.7141015384692577,0.7447151484550982,0.0016469097656681697
913,5,severe,8,32,oracle_real_utility,helpful,32,0.285573174076719,0.7141015384692577,0.9996747125459767,0.0016469097656681697
913,6,severe,8,32,predicted_utility,harmful,2,-0.4079111927205995,0.6649675865838595,0.25705639386325996,0.0016469097656681697
913,6,severe,8,32,uncertainty_penalized,harmful,2,-0.491909290019354,0.6649675865838595,0.17305829656450541,0.0016469097656681697
913,6,severe,8,32,random_score,helpful,128,0.2680836995829029,0.6649675865838596,0.9330512861667625,0.0016469097656681697
913,6,severe,8,32,oracle_real_utility,helpful,16,0.3348489229282352,0.6649675865838596,0.9998165095120948,0.0016469097656681697
913,7,severe,8,32,predicted_utility,harmful,2,-0.5128200845037204,0.6812522975472018,0.16843221304348147,0.0016469097656681697
913,7,severe,8,32,uncertainty_penalized,harmful,2,-0.5128200844790226,0.6812522975472018,0.16843221306817924,0.0016469097656681697
913,7,severe,8,32,random_score,unstable,4,0.22604086393410805,0.681252297547202,0.90729316148131,0.0016469097656681697
913,7,severe,8,32,oracle_real_utility,helpful,16,0.3186672426210273,0.681252297547202,0.9999195401682293,0.0016469097656681697
913,0,severe,8,64,predicted_utility,saturating,8,0.03339168710102236,0.6851161675744964,0.7185078546755188,0.0012208039062215903
913,0,severe,8,64,uncertainty_penalized,saturating,16,0.03340021968085993,0.6851161675744964,0.7185163872553564,0.0012208039062215903
913,0,severe,8,64,random_score,harmful,16,-0.06042208206918165,0.6851161675744964,0.6246940855053148,0.0012208039062215903
913,0,severe,8,64,oracle_real_utility,helpful,32,0.3147842444822049,0.6851161675744964,0.9999004120567013,0.0012208039062215903
913,1,severe,8,64,predicted_utility,harmful,2,-0.28774015470247855,0.7244349566221057,0.4366948019196271,0.0012208039062215903
913,1,severe,8,64,uncertainty_penalized,harmful,2,-0.2877401348534956,0.7244349566221057,0.4366948217686101,0.0012208039062215903
913,1,severe,8,64,random_score,unstable,8,0.007934183842289055,0.724434956622106,0.732369140464395,0.0012208039062215903
913,1,severe,8,64,oracle_real_utility,helpful,32,0.27504427540610354,0.724434956622106,0.9994792320282095,0.0012208039062215903
913,2,severe,8,64,predicted_utility,harmful,2,-0.09655982009901898,0.6746347065201181,0.5780748864210992,0.0012208039062215903
913,2,severe,8,64,uncertainty_penalized,harmful,2,-0.09655982009895114,0.6746347065201181,0.578074886421167,0.0012208039062215903
913,2,severe,8,64,random_score,helpful,128,0.294419734284339,0.6746347065201185,0.9690544408044575,0.0012208039062215903
913,2,severe,8,64,oracle_real_utility,helpful,32,0.32360695918164883,0.6746347065201183,0.9982416657017671,0.0012208039062215903
913,3,severe,8,64,predicted_utility,harmful,2,-0.396161154395381,0.6524793746498962,0.2563182202545152,0.0012208039062215903
913,3,severe,8,64,uncertainty_penalized,harmful,2,-0.39616115382681333,0.6524793746498962,0.2563182208230829,0.0012208039062215903
913,3,severe,8,64,random_score,harmful,16,-0.38765389108238574,0.652479374649896,0.2648254835675103,0.0012208039062215903
913,3,severe,8,64,oracle_real_utility,helpful,16,0.3467397174692357,0.6524793746498959,0.9992190921191316,0.0012208039062215903
913,4,severe,8,64,predicted_utility,harmful,2,-0.24956987578223253,0.4894287345551917,0.23985885877295918,0.0012208039062215903
913,4,severe,8,64,uncertainty_penalized,harmful,2,-0.24956987578472295,0.4894287345551917,0.23985885877046875,0.0012208039062215903
913,4,severe,8,64,random_score,unstable,2,0.031567513359300525,0.48942873455519176,0.5209962479144923,0.0012208039062215903
913,4,severe,8,64,oracle_real_utility,helpful,32,0.5099938194959521,0.4894287345551919,0.9994225540511441,0.0012208039062215903
913,5,severe,8,64,predicted_utility,harmful,2,-0.038599995976792645,0.7102961108123158,0.6716961148355232,0.0012208039062215903
913,5,severe,8,64,uncertainty_penalized,harmful,2,-0.03939442093966006,0.7102961108123158,0.6709016898726557,0.0012208039062215903
913,5,severe,8,64,random_score,unstable,2,0.053657745799803425,0.7102961108123158,0.7639538566121192,0.0012208039062215903
913,5,severe,8,64,oracle_real_utility,helpful,32,0.287224648418157,0.710296110812316,0.997520759230473,0.0012208039062215903
913,6,severe,8,64,predicted_utility,harmful,2,-0.36952184744501815,0.6191595399143525,0.24963769246933432,0.0012208039062215903
913,6,severe,8,64,uncertainty_penalized,harmful,2,-0.37067829807705066,0.6191595399143525,0.2484812418373018,0.0012208039062215903
913,6,severe,8,64,random_score,helpful,2,0.3105865436144515,0.6191595399143524,0.9297460835288038,0.0012208039062215903
913,6,severe,8,64,oracle_real_utility,helpful,16,0.3802487861219679,0.6191595399143521,0.99940832603632,0.0012208039062215903
913,7,severe,8,64,predicted_utility,harmful,2,-0.4575383585414796,0.6398475388339223,0.1823091802924427,0.0012208039062215903
913,7,severe,8,64,uncertainty_penalized,harmful,2,-0.4575370482080291,0.6398475388339223,0.1823104906258932,0.0012208039062215903
913,7,severe,8,64,random_score,harmful,4,-0.36468241379649174,0.6398475388339221,0.27516512503743035,0.0012208039062215903
913,7,severe,8,64,oracle_real_utility,helpful,16,0.35952520184465164,0.6398475388339222,0.9993727406785738,0.0012208039062215903
913,0,severe,8,128,predicted_utility,saturating,16,-0.0018158691894819556,0.6969766877785267,0.6951608185890448,0.0008676281249790918
913,0,severe,8,128,uncertainty_penalized,saturating,16,-0.00189923648757917,0.6969766877785268,0.6950774512909477,0.0008676281249790918
913,0,severe,8,128,random_score,harmful,8,-0.036030478722063664,0.6969766877785267,0.6609462090564631,0.0008676281249790918
913,0,severe,8,128,oracle_real_utility,helpful,32,0.29813351335687766,0.6969766877785268,0.9951102011354045,0.0008676281249790918
913,1,severe,8,128,predicted_utility,harmful,2,-0.22502721560565286,0.7356476104964793,0.5106203948908264,0.0008676281249790918
913,1,severe,8,128,uncertainty_penalized,harmful,2,-0.2250904235066271,0.7356476104964793,0.5105571869898522,0.0008676281249790918
913,1,severe,8,128,random_score,helpful,8,0.05345618765911497,0.7356476104964792,0.7891037981555942,0.0008676281249790918
913,1,severe,8,128,oracle_real_utility,helpful,32,0.2588923508868767,0.7356476104964793,0.994539961383356,0.0008676281249790918
913,2,severe,8,128,predicted_utility,harmful,2,-0.02432662861094048,0.6875365524693595,0.663209923858419,0.0008676281249790918
913,2,severe,8,128,uncertainty_penalized,harmful,2,-0.024331675362649907,0.6875365524693594,0.6632048771067095,0.0008676281249790918
913,2,severe,8,128,random_score,helpful,32,0.1618382064085041,0.6875365524693593,0.8493747588778634,0.0008676281249790918
913,2,severe,8,128,oracle_real_utility,helpful,32,0.30978733717968476,0.6875365524693593,0.9973238896490441,0.0008676281249790918
913,3,severe,8,128,predicted_utility,harmful,2,-0.37792530285749915,0.6562443730477743,0.27831907019027513,0.0008676281249790918
913,3,severe,8,128,uncertainty_penalized,harmful,2,-0.3774419312989732,0.6562443730477743,0.2788024417488011,0.0008676281249790918
913,3,severe,8,128,random_score,harmful,8,-0.2405632747532559,0.6562443730477748,0.41568109829451894,0.0008676281249790918
913,3,severe,8,128,oracle_real_utility,helpful,16,0.34208968751065816,0.6562443730477747,0.9983340605584329,0.0008676281249790918
913,4,severe,8,128,predicted_utility,harmful,2,-0.2362572812183829,0.4675416475138291,0.2312843662954462,0.0008676281249790918
913,4,severe,8,128,uncertainty_penalized,harmful,2,-0.23625728203402774,0.4675416475138291,0.23128436547980136,0.0008676281249790918
913,4,severe,8,128,random_score,harmful,2,-0.07189200621243375,0.4675416475138292,0.39564964130139546,0.0008676281249790918
913,4,severe,8,128,oracle_real_utility,helpful,32,0.53197909570016,0.46754164751382915,0.9995207432139891,0.0008676281249790918
913,5,severe,8,128,predicted_utility,harmful,2,-0.0337990609708696,0.6893494633355526,0.655550402364683,0.0008676281249790918
913,5,severe,8,128,uncertainty_penalized,harmful,2,-0.023447130654270287,0.6893494633355526,0.6659023326812823,0.0008676281249790918
913,5,severe,8,128,random_score,saturating,2,0.03790616884064313,0.6893494633355525,0.7272556321761956,0.0008676281249790918
913,5,severe,8,128,oracle_real_utility,helpful,32,0.3081464302019169,0.6893494633355521,0.997495893537469,0.0008676281249790918
913,6,severe,8,128,predicted_utility,harmful,2,-0.37549045975206413,0.6507162532150509,0.27522579346298676,0.0008676281249790918
913,6,severe,8,128,uncertainty_penalized,harmful,2,-0.37559678007100705,0.6507162532150509,0.27511947314404384,0.0008676281249790918
913,6,severe,8,128,random_score,helpful,64,0.28833284317115626,0.6507162532150513,0.9390490963862076,0.0008676281249790918
913,6,severe,8,128,oracle_real_utility,helpful,16,0.34753382800357535,0.6507162532150514,0.9982500812186268,0.0008676281249790918
913,7,severe,8,128,predicted_utility,harmful,2,-0.43490669030068835,0.6272996341905411,0.19239294388985279,0.0008676281249790918
913,7,severe,8,128,uncertainty_penalized,harmful,2,-0.434592447401909,0.6272996341905411,0.19270718678863213,0.0008676281249790918
913,7,severe,8,128,random_score,helpful,8,0.0653620158965621,0.627299634190542,0.6926616500871041,0.0008676281249790918
913,7,severe,8,128,oracle_real_utility,helpful,16,0.37106033792210924,0.6272996341905416,0.9983599721126508,0.0008676281249790918
913,0,severe,12,32,predicted_utility,harmful,2,-0.18023131542511794,0.4542104682235847,0.27397915279846674,0.0014361328123868589
913,0,severe,12,32,uncertainty_penalized,harmful,2,-0.18023152987128227,0.4542104682235847,0.2739789383523024,0.0014361328123868589
913,0,severe,12,32,random_score,harmful,2,-0.3929422013605014,0.45421046822358446,0.061268266863083065,0.0014361328123868589
913,0,severe,12,32,oracle_real_utility,helpful,64,0.54563429447011,0.4542104682235846,0.9998447626936946,0.0014361328123868589
913,1,severe,12,32,predicted_utility,harmful,2,-0.48901368093445174,0.5894993106840137,0.10048562974956196,0.0014361328123868589
913,1,severe,12,32,uncertainty_penalized,harmful,2,-0.48901368363475917,0.5894993106840137,0.10048562704925455,0.0014361328123868589
913,1,severe,12,32,random_score,harmful,2,-0.228814807562281,0.5894993106840138,0.36068450312173284,0.0014361328123868589
913,1,severe,12,32,oracle_real_utility,helpful,16,0.4103482669906555,0.5894993106840137,0.9998475776746693,0.0014361328123868589
913,2,severe,12,32,predicted_utility,harmful,2,-0.25328124474647123,0.49687304201835075,0.24359179727187952,0.0014361328123868589
913,2,severe,12,32,uncertainty_penalized,harmful,2,-0.2532812494257483,0.49687304201835064,0.24359179259260233,0.0014361328123868589
913,2,severe,12,32,random_score,unstable,16,0.029448205209757605,0.49687304201835075,0.5263212472281084,0.0014361328123868589
913,2,severe,12,32,oracle_real_utility,helpful,32,0.5031015332094815,0.4968730420183506,0.9999745752278321,0.0014361328123868589
913,3,severe,12,32,predicted_utility,harmful,4,-0.19086404888495445,0.35119565581558193,0.16033160693062748,0.0014361328123868589
913,3,severe,12,32,uncertainty_penalized,harmful,4,-0.19086404862898576,0.35119565581558193,0.16033160718659617,0.0014361328123868589
913,3,severe,12,32,random_score,saturating,2,0.04322784407339586,0.351195655815582,0.39442349988897785,0.0014361328123868589
913,3,severe,12,32,oracle_real_utility,helpful,64,0.6479926315782912,0.3511956558155819,0.9991882873938731,0.0014361328123868589
913,4,severe,12,32,predicted_utility,harmful,2,-0.3108620182190059,0.4227010066344113,0.11183898841540539,0.0014361328123868589
913,4,severe,12,32,uncertainty_penalized,harmful,2,-0.31086200860254753,0.4227010066344113,0.11183899803186376,0.0014361328123868589
913,4,severe,12,32,random_score,harmful,2,-0.18776423888919086,0.42270100663441124,0.23493676774522038,0.0014361328123868589
913,4,severe,12,32,oracle_real_utility,helpful,32,0.577281320799316,0.42270100663441124,0.9999823274337273,0.0014361328123868589
913,5,severe,12,32,predicted_utility,harmful,2,-0.3141198761442522,0.5085976561862242,0.19447778004197205,0.0014361328123868589
913,5,severe,12,32,uncertainty_penalized,harmful,2,-0.3141198761442522,0.5085976561862242,0.19447778004197205,0.0014361328123868589
913,5,severe,12,32,random_score,helpful,64,0.4800654886591328,0.5085976561862241,0.9886631448453569,0.0014361328123868589
913,5,severe,12,32,oracle_real_utility,helpful,32,0.4913495552282856,0.5085976561862241,0.9999472114145097,0.0014361328123868589
913,6,severe,12,32,predicted_utility,harmful,4,-0.12102060810484427,0.3169546217641004,0.1959340136592561,0.0014361328123868589
913,6,severe,12,32,uncertainty_penalized,harmful,4,-0.12102060802701575,0.3169546217641004,0.19593401373708463,0.0014361328123868589
913,6,severe,12,32,random_score,harmful,4,-0.1703737311060916,0.3169546217641004,0.14658089065800878,0.0014361328123868589
913,6,severe,12,32,oracle_real_utility,helpful,64,0.6828125444781077,0.3169546217641004,0.9997671662422081,0.0014361328123868589
913,7,severe,12,32,predicted_utility,harmful,4,-0.27208292478995505,0.4762040153403118,0.20412109055035677,0.0014361328123868589
913,7,severe,12,32,uncertainty_penalized,harmful,4,-0.2720459955301518,0.4762040153403118,0.20415801981016002,0.0014361328123868589
913,7,severe,12,32,random_score,harmful,8,-0.2637984512010918,0.4762040153403118,0.21240556413922,0.0014361328123868589
913,7,severe,12,32,oracle_real_utility,helpful,64,0.5225593667516937,0.4762040153403118,0.9987633820920054,0.0014361328123868589
913,0,severe,12,64,predicted_utility,harmful,2,-0.15949004961872948,0.4863987568135463,0.3269087071948168,0.0012204179687387295
913,0,severe,12,64,uncertainty_penalized,harmful,2,-0.20785395071336044,0.4863987568135463,0.27854480610018584,0.0012204179687387295
913,0,severe,12,64,random_score,harmful,2,-0.3768221673915927,0.48639875681354633,0.10957658942195361,0.0012204179687387295
913,0,severe,12,64,oracle_real_utility,helpful,32,0.5133418704183551,0.4863987568135463,0.9997406272319014,0.0012204179687387295
913,1,severe,12,64,predicted_utility,harmful,2,-0.4650811178658584,0.6153910391775513,0.15030992131169296,0.0012204179687387295
913,1,severe,12,64,uncertainty_penalized,harmful,2,-0.4650811171519742,0.6153910391775513,0.15030992202557716,0.0012204179687387295
913,1,severe,12,64,random_score,harmful,2,-0.22459288041344677,0.6153910391775513,0.39079815876410456,0.0012204179687387295
913,1,severe,12,64,oracle_real_utility,helpful,16,0.3845939006582194,0.6153910391775513,0.9999849398357707,0.0012204179687387295
913,2,severe,12,64,predicted_utility,harmful,2,-0.3312877655919344,0.5725412178973884,0.24125345230545403,0.0012204179687387295
913,2,severe,12,64,uncertainty_penalized,harmful,2,-0.33128810644339785,0.5725412178973884,0.2412531114539906,0.0012204179687387295
913,2,severe,12,64,random_score,harmful,8,-0.07792591229197315,0.5725412178973884,0.4946153056054153,0.0012204179687387295
913,2,severe,12,64,oracle_real_utility,helpful,32,0.4269443927933776,0.5725412178973885,0.9994856106907661,0.0012204179687387295
913,3,severe,12,64,predicted_utility,harmful,4,-0.17942926782254573,0.3332922809841492,0.15386301316160347,0.0012204179687387295
913,3,severe,12,64,uncertainty_penalized,harmful,4,-0.1794292678206427,0.3332922809841492,0.1538630131635065,0.0012204179687387295
913,3,severe,12,64,random_score,helpful,128,0.5437487492026305,0.33329228098414926,0.8770410301867797,0.0012204179687387295
913,3,severe,12,64,oracle_real_utility,helpful,64,0.6632021614041539,0.33329228098414926,0.9964944423883031,0.0012204179687387295
913,4,severe,12,64,predicted_utility,harmful,2,-0.4230847578956171,0.4733827930245982,0.050298035128981074,0.0012204179687387295
913,4,severe,12,64,uncertainty_penalized,harmful,2,-0.4222741011194826,0.4733827930245982,0.051108691905115564,0.0012204179687387295
913,4,severe,12,64,random_score,harmful,16,-0.19910562409031418,0.4733827930245981,0.27427716893428394,0.0012204179687387295
913,4,severe,12,64,oracle_real_utility,helpful,32,0.52645488498873,0.4733827930245981,0.9998376780133282,0.0012204179687387295
913,5,severe,12,64,predicted_utility,harmful,2,-0.24301282716474099,0.555642038188106,0.312629211023365,0.0012204179687387295
913,5,severe,12,64,uncertainty_penalized,harmful,2,-0.24315502569426573,0.555642038188106,0.31248701249384025,0.0012204179687387295
913,5,severe,12,64,random_score,helpful,128,0.4320855017058636,0.5556420381881058,0.9877275398939693,0.0012204179687387295
913,5,severe,12,64,oracle_real_utility,helpful,32,0.44397319603059215,0.5556420381881058,0.9996152342186979,0.0012204179687387295
913,6,severe,12,64,predicted_utility,harmful,4,-0.18531613079648251,0.4188930696677219,0.23357693887123937,0.0012204179687387295
913,6,severe,12,64,uncertainty_penalized,harmful,4,-0.1853161247022921,0.4188930696677219,0.23357694496542977,0.0012204179687387295
913,6,severe,12,64,random_score,harmful,4,-0.1819690388810411,0.41889306966772194,0.23692403078668084,0.0012204179687387295
913,6,severe,12,64,oracle_real_utility,helpful,32,0.5803826133990568,0.41889306966772183,0.9992756830667787,0.0012204179687387295
913,7,severe,12,64,predicted_utility,harmful,4,-0.14327679296750878,0.37911502399636393,0.23583823102885515,0.0012204179687387295
913,7,severe,12,64,uncertainty_penalized,harmful,4,-0.14321222154201402,0.379115023996364,0.23590280245434997,0.0012204179687387295
913,7,severe,12,64,random_score,harmful,2,-0.1494006496446512,0.37911502399636404,0.22971437435171285,0.0012204179687387295
913,7,severe,12,64,oracle_real_utility,helpful,64,0.6197256690486518,0.3791150239963639,0.9988406930450157,0.0012204179687387295
913,0,severe,12,128,predicted_utility,harmful,2,-0.2014538800980868,0.5119012154167462,0.31044733531865937,0.0012485254882790287
913,0,severe,12,128,uncertainty_penalized,harmful,2,-0.20377385833660266,0.511901215416746,0.3081273570801434,0.0012485254882790287
913,0,severe,12,128,random_score,harmful,4,-0.2658868700528179,0.5119012154167457,0.2460143453639278,0.0012485254882790287
913,0,severe,12,128,oracle_real_utility,helpful,32,0.48488573427293513,0.5119012154167459,0.9967869496896811,0.0012485254882790287
913,1,severe,12,128,predicted_utility,harmful,2,-0.40657802382458036,0.6094619778538248,0.20288395402924447,0.0012485254882790287
913,1,severe,12,128,uncertainty_penalized,harmful,2,-0.4062777769576295,0.6094619778538247,0.2031842008961952,0.0012485254882790287
913,1,severe,12,128,random_score,harmful,2,-0.2080533371673512,0.6094619778538249,0.40140864068647375,0.0012485254882790287
913,1,severe,12,128,oracle_real_utility,helpful,16,0.38946401689205024,0.6094619778538253,0.9989259947458755,0.0012485254882790287
913,2,severe,12,128,predicted_utility,harmful,2,-0.32703470686314706,0.6218750605050128,0.2948403536418658,0.0012485254882790287
913,2,severe,12,128,uncertainty_penalized,harmful,2,-0.3270393887012592,0.621875060505013,0.29483567180375375,0.0012485254882790287
913,2,severe,12,128,random_score,saturating,16,0.005614131223404262,0.6218750605050133,0.6274891917284176,0.0012485254882790287
913,2,severe,12,128,oracle_real_utility,helpful,32,0.3761819038841909,0.6218750605050131,0.998056964389204,0.0012485254882790287
913,3,severe,12,128,predicted_utility,harmful,4,-0.20151054271701696,0.3841201175684739,0.18260957485145696,0.0012485254882790287
913,3,severe,12,128,uncertainty_penalized,harmful,4,-0.20151053944056324,0.3841201175684739,0.18260957812791068,0.0012485254882790287
913,3,severe,12,128,random_score,unstable,2,0.04078330601362251,0.3841201175684739,0.42490342358209643,0.0012485254882790287
913,3,severe,12,128,oracle_real_utility,helpful,64,0.6127388889139812,0.38412011756847386,0.9968590064824551,0.0012485254882790287
913,4,severe,12,128,predicted_utility,harmful,2,-0.28747085848238396,0.5466558313579585,0.2591849728755745,0.0012485254882790287
913,4,severe,12,128,uncertainty_penalized,harmful,2,-0.288348995623891,0.5466558313579586,0.2583068357340676,0.0012485254882790287
913,4,severe,12,128,random_score,harmful,4,-0.18650491765746335,0.5466558313579584,0.360150913700495,0.0012485254882790287
913,4,severe,12,128,oracle_real_utility,helpful,32,0.45248608262064793,0.5466558313579586,0.9991419139786065,0.0012485254882790287
913,5,severe,12,128,predicted_utility,harmful,2,-0.23019975826667932,0.5387733193989338,0.3085735611322545,0.0012485254882790287
913,5,severe,12,128,uncertainty_penalized,harmful,2,-0.23081227145908445,0.5387733193989338,0.30796104793984935,0.0012485254882790287
913,5,severe,12,128,random_score,helpful,128,0.44332589000745826,0.5387733193989336,0.9820992094063918,0.0012485254882790287
913,5,severe,12,128,oracle_real_utility,helpful,32,0.45990330706375904,0.5387733193989336,0.9986766264626926,0.0012485254882790287
913,6,severe,12,128,predicted_utility,harmful,4,-0.18831357954770273,0.4736577128634159,0.2853441333157132,0.0012485254882790287
913,6,severe,12,128,uncertainty_penalized,harmful,4,-0.19035223445870786,0.4736577128634159,0.28330547840470804,0.0012485254882790287
913,6,severe,12,128,random_score,unstable,4,0.18541823064608487,0.47365771286341596,0.6590759435095008,0.0012485254882790287
913,6,severe,12,128,oracle_real_utility,helpful,32,0.5249087250114141,0.47365771286341585,0.9985664378748299,0.0012485254882790287
913,7,severe,12,128,predicted_utility,harmful,4,-0.13572521826318595,0.37712464480662833,0.24139942654344237,0.0012485254882790287
913,7,severe,12,128,uncertainty_penalized,harmful,4,-0.13541592449762363,0.37712464480662833,0.2417087203090047,0.0012485254882790287
913,7,severe,12,128,random_score,harmful,16,-0.04115681161268997,0.3771246448066286,0.33596783319393864,0.0012485254882790287
913,7,severe,12,128,oracle_real_utility,helpful,64,0.6177350908861736,0.3771246448066285,0.9948597356928021,0.0012485254882790287
914,0,mild,4,32,predicted_utility,harmful,4,-0.13967779803275737,0.5837528197586371,0.44407502172587976,0.0006924105468897324
914,0,mild,4,32,uncertainty_penalized,harmful,4,-0.14803122956874887,0.5837528197586372,0.4357215901898884,0.0006924105468897324
914,0,mild,4,32,random_score,harmful,2,-0.29018886377938014,0.5837528197586372,0.2935639559792571,0.0006924105468897324
914,0,mild,4,32,oracle_real_utility,helpful,32,0.4162106243269966,0.5837528197586372,0.9999634440856339,0.0006924105468897324
914,1,mild,4,32,predicted_utility,harmful,8,-0.09988155066741777,0.5360259242302281,0.43614437356281033,0.0006924105468897324
914,1,mild,4,32,uncertainty_penalized,harmful,4,-0.09988345876105414,0.5360259242302281,0.43614246546917396,0.0006924105468897324
914,1,mild,4,32,random_score,harmful,16,-0.11354481075746142,0.5360259242302282,0.4224811134727668,0.0006924105468897324
914,1,mild,4,32,oracle_real_utility,helpful,32,0.46395001497175803,0.5360259242302281,0.9999759392019861,0.0006924105468897324
914,2,mild,4,32,predicted_utility,helpful,32,0.28609415158796436,0.6300974357424841,0.9161915873304485,0.0006924105468897324
914,2,mild,4,32,uncertainty_penalized,helpful,32,0.2865350096103697,0.6300974357424841,0.9166324453528538,0.0006924105468897324
914,2,mild,4,32,random_score,helpful,16,0.07617250308140167,0.6300974357424841,0.7062699388238858,0.0006924105468897324
914,2,mild,4,32,oracle_real_utility,helpful,64,0.3686201620827827,0.630097435742484,0.9987175978252667,0.0006924105468897324
914,3,mild,4,32,predicted_utility,helpful,64,0.41094835830053444,0.5696263487602363,0.9805747070607708,0.0006924105468897324
914,3,mild,4,32,uncertainty_penalized,helpful,64,0.41094835830053444,0.5696263487602363,0.9805747070607708,0.0006924105468897324
914,3,mild,4,32,random_score,harmful,2,-0.3645901749007871,0.5696263487602361,0.205036173859449,0.0006924105468897324
914,3,mild,4,32,oracle_real_utility,helpful,32,0.43035758829570714,0.5696263487602362,0.9999839370559434,0.0006924105468897324
914,4,mild,4,32,predicted_utility,helpful,16,0.182683716560325,0.3589472298166144,0.5416309463769394,0.0006924105468897324
914,4,mild,4,32,uncertainty_penalized,helpful,16,0.18268371656032512,0.3589472298166143,0.5416309463769394,0.0006924105468897324
914,4,mild,4,32,random_score,saturating,8,0.02952504361403835,0.3589472298166144,0.38847227343065277,0.0006924105468897324
914,4,mild,4,32,oracle_real_utility,helpful,128,0.6337786938686341,0.3589472298166143,0.9927259236852484,0.0006924105468897324
914,5,mild,4,32,predicted_utility,helpful,32,0.40179026196766987,0.5503909169491404,0.9521811789168103,0.0006924105468897324
914,5,mild,4,32,uncertainty_penalized,helpful,32,0.40074756422108326,0.5503909169491406,0.9511384811702238,0.0006924105468897324
914,5,mild,4,32,random_score,helpful,64,0.27209921325014863,0.5503909169491403,0.822490130199289,0.0006924105468897324
914,5,mild,4,32,oracle_real_utility,helpful,32,0.44924843760269817,0.5503909169491406,0.9996393545518387,0.0006924105468897324
914,6,mild,4,32,predicted_utility,helpful,32,0.29770966665025933,0.6383406526382419,0.9360503192885012,0.0006924105468897324
914,6,mild,4,32,uncertainty_penalized,helpful,32,0.301512411838848,0.6383406526382419,0.9398530644770899,0.0006924105468897324
914,6,mild,4,32,random_score,harmful,8,-0.30455083479905753,0.638340652638242,0.3337898178391845,0.0006924105468897324
914,6,mild,4,32,oracle_real_utility,helpful,32,0.361470079644978,0.6383406526382419,0.9998107322832199,0.0006924105468897324
914,7,mild,4,32,predicted_utility,harmful,4,-0.047008490872639586,0.433682977727728,0.38667448685508843,0.0006924105468897324
914,7,mild,4,32,uncertainty_penalized,harmful,4,-0.047008490872640196,0.43368297772772796,0.38667448685508776,0.0006924105468897324
914,7,mild,4,32,random_score,saturating,8,0.0017621950917120488,0.43368297772772796,0.43544517281944,0.0006924105468897324
914,7,mild,4,32,oracle_real_utility,helpful,64,0.5662612006325676,0.433682977727728,0.9999441783602956,0.0006924105468897324
914,0,mild,4,64,predicted_utility,harmful,8,-0.05848956392588234,0.5692464329812877,0.5107568690554054,0.0005964431641132251
914,0,mild,4,64,uncertainty_penalized,harmful,8,-0.0593265455909614,0.5692464329812876,0.5099198873903262,0.0005964431641132251
914,0,mild,4,64,random_score,harmful,8,-0.1894433945213877,0.5692464329812874,0.3798030384598997,0.0005964431641132251
914,0,mild,4,64,oracle_real_utility,helpful,32,0.4304440142569713,0.5692464329812877,0.9996904472382591,0.0005964431641132251
914,1,mild,4,64,predicted_utility,harmful,4,-0.02259723084210119,0.5371546245569343,0.5145573937148331,0.0005964431641132251
914,1,mild,4,64,uncertainty_penalized,harmful,4,-0.07272436007352445,0.5371546245569343,0.46443026448340985,0.0005964431641132251
914,1,mild,4,64,random_score,helpful,128,0.29579861809695607,0.5371546245569343,0.8329532426538904,0.0005964431641132251
914,1,mild,4,64,oracle_real_utility,helpful,32,0.46263619606763995,0.5371546245569344,0.9997908206245744,0.0005964431641132251
914,2,mild,4,64,predicted_utility,helpful,32,0.27621726960430804,0.6376199448530496,0.9138372144573577,0.0005964431641132251
914,2,mild,4,64,uncertainty_penalized,helpful,32,0.2765765972226515,0.6376199448530497,0.9141965420757012,0.0005964431641132251
914,2,mild,4,64,random_score,helpful,64,0.1654489357896114,0.6376199448530498,0.8030688806426612,0.0005964431641132251
914,2,mild,4,64,oracle_real_utility,helpful,64,0.3570979729009317,0.6376199448530497,0.9947179177539814,0.0005964431641132251
914,3,mild,4,64,predicted_utility,helpful,64,0.40230523935285945,0.5250809314392586,0.927386170792118,0.0005964431641132251
914,3,mild,4,64,uncertainty_penalized,helpful,64,0.40202755360143183,0.5250809314392586,0.9271084850406904,0.0005964431641132251
914,3,mild,4,64,random_score,harmful,2,-0.310369075499902,0.5250809314392585,0.21471185593935652,0.0005964431641132251
914,3,mild,4,64,oracle_real_utility,helpful,32,0.47352739026984825,0.5250809314392585,0.9986083217091067,0.0005964431641132251
914,4,mild,4,64,predicted_utility,helpful,16,0.14987047453399727,0.4167804048935446,0.5666508794275419,0.0005964431641132251
914,4,mild,4,64,uncertainty_penalized,helpful,16,0.14954134641482758,0.41678040489354456,0.5663217513083721,0.0005964431641132251
914,4,mild,4,64,random_score,harmful,4,-0.03712881957562103,0.4167804048935445,0.3796515853179235,0.0005964431641132251
914,4,mild,4,64,oracle_real_utility,helpful,128,0.5815443878574204,0.4167804048935446,0.998324792750965,0.0005964431641132251
914,5,mild,4,64,predicted_utility,helpful,32,0.344808340274115,0.5965927626177324,0.9414011028918474,0.0005964431641132251
914,5,mild,4,64,uncertainty_penalized,helpful,32,0.34488144675716037,0.5965927626177323,0.9414742093748927,0.0005964431641132251
914,5,mild,4,64,random_score,helpful,64,0.23754818872930028,0.5965927626177325,0.8341409513470328,0.0005964431641132251
914,5,mild,4,64,oracle_real_utility,helpful,32,0.40125477957860645,0.5965927626177324,0.9978475421963389,0.0005964431641132251
914,6,mild,4,64,predicted_utility,helpful,32,0.34883968416706324,0.5795444460586837,0.928384130225747,0.0005964431641132251
914,6,mild,4,64,uncertainty_penalized,helpful,64,0.3489867667273593,0.5795444460586837,0.928531212786043,0.0005964431641132251
914,6,mild,4,64,random_score,harmful,8,-0.23281319510156695,0.5795444460586836,0.34673125095711665,0.0005964431641132251
914,6,mild,4,64,oracle_real_utility,helpful,32,0.41804082565140754,0.5795444460586837,0.9975852717100913,0.0005964431641132251
914,7,mild,4,64,predicted_utility,harmful,4,-0.11075361696802555,0.528572853869897,0.4178192369018715,0.0005964431641132251
914,7,mild,4,64,uncertainty_penalized,harmful,4,-0.11272720070319847,0.528572853869897,0.4158456531666986,0.0005964431641132251
914,7,mild,4,64,random_score,harmful,8,-0.07804616587779578,0.5285728538698973,0.4505266879921015,0.0005964431641132251
914,7,mild,4,64,oracle_real_utility,helpful,32,0.4693781421856721,0.5285728538698973,0.9979509960555694,0.0005964431641132251
914,0,mild,4,128,predicted_utility,harmful,8,-0.06467551473190514,0.5744339729088266,0.5097584581769214,0.0005488172851642048
914,0,mild,4,128,uncertainty_penalized,harmful,4,-0.06670067685496595,0.5744339729088267,0.5077332960538607,0.0005488172851642048
914,0,mild,4,128,random_score,harmful,2,-0.31356128454841803,0.5744339729088267,0.26087268836040867,0.0005488172851642048
914,0,mild,4,128,oracle_real_utility,helpful,32,0.4227092186007416,0.5744339729088268,0.9971431915095684,0.0005488172851642048
914,1,mild,4,128,predicted_utility,helpful,16,0.1957743403180151,0.5716676817562437,0.7674420220742588,0.0005488172851642048
914,1,mild,4,128,uncertainty_penalized,unstable,16,0.034636130495881434,0.5716676817562438,0.6063038122521253,0.0005488172851642048
914,1,mild,4,128,random_score,helpful,128,0.27686280636935456,0.5716676817562436,0.8485304881255982,0.0005488172851642048
914,1,mild,4,128,oracle_real_utility,helpful,32,0.4256554169722062,0.5716676817562439,0.9973230987284502,0.0005488172851642048
914,2,mild,4,128,predicted_utility,helpful,16,0.22313908896027068,0.6821197917156208,0.9052588806758914,0.0005488172851642048
914,2,mild,4,128,uncertainty_penalized,helpful,16,0.22013005321700763,0.6821197917156208,0.9022498449326284,0.0005488172851642048
914,2,mild,4,128,random_score,helpful,32,0.17406921307524348,0.6821197917156212,0.8561890047908647,0.0005488172851642048
914,2,mild,4,128,oracle_real_utility,helpful,32,0.30996515249805046,0.6821197917156208,0.9920849442136712,0.0005488172851642048
914,3,mild,4,128,predicted_utility,helpful,64,0.31773781370432597,0.6039832813622579,0.9217210950665838,0.0005488172851642048
914,3,mild,4,128,uncertainty_penalized,helpful,128,0.3106063350584414,0.6039832813622579,0.9145896164206992,0.0005488172851642048
914,3,mild,4,128,random_score,harmful,2,-0.26506921004092276,0.6039832813622582,0.33891407132133544,0.0005488172851642048
914,3,mild,4,128,oracle_real_utility,helpful,32,0.394727285005683,0.6039832813622581,0.9987105663679411,0.0005488172851642048
914,4,mild,4,128,predicted_utility,helpful,16,0.13584581138669816,0.42589240108710225,0.5617382124738004,0.0005488172851642048
914,4,mild,4,128,uncertainty_penalized,helpful,16,0.13525017208018053,0.42589240108710225,0.5611425731672828,0.0005488172851642048
914,4,mild,4,128,random_score,harmful,2,-0.07514916282492962,0.4258924010871022,0.3507432382621726,0.0005488172851642048
914,4,mild,4,128,oracle_real_utility,helpful,128,0.5662540562476441,0.4258924010871023,0.9921464573347465,0.0005488172851642048
914,5,mild,4,128,predicted_utility,helpful,32,0.24666423264180215,0.6895464550391187,0.9362106876809209,0.0005488172851642048
914,5,mild,4,128,uncertainty_penalized,helpful,32,0.23835199645466754,0.6895464550391187,0.9278984514937862,0.0005488172851642048
914,5,mild,4,128,random_score,helpful,64,0.16282919014052144,0.6895464550391189,0.8523756451796404,0.0005488172851642048
914,5,mild,4,128,oracle_real_utility,helpful,32,0.30208294346767994,0.6895464550391186,0.9916293985067985,0.0005488172851642048
914,6,mild,4,128,predicted_utility,helpful,32,0.39493965068008696,0.5398914496957301,0.9348311003758171,0.0005488172851642048
914,6,mild,4,128,uncertainty_penalized,helpful,64,0.3948663617957553,0.5398914496957301,0.9347578114914854,0.0005488172851642048
914,6,mild,4,128,random_score,saturating,16,0.00595110029260526,0.5398914496957302,0.5458425499883355,0.0005488172851642048
914,6,mild,4,128,oracle_real_utility,helpful,32,0.45778752929336186,0.5398914496957302,0.9976789789890921,0.0005488172851642048
914,7,mild,4,128,predicted_utility,saturating,8,0.030002649813526183,0.6221259687175484,0.6521286185310746,0.0005488172851642048
914,7,mild,4,128,uncertainty_penalized,harmful,4,-0.028082079398271897,0.6221259687175484,0.5940438893192765,0.0005488172851642048
914,7,mild,4,128,random_score,helpful,8,0.26718355967730334,0.6221259687175485,0.8893095283948519,0.0005488172851642048
914,7,mild,4,128,oracle_real_utility,helpful,32,0.37435080778448626,0.6221259687175484,0.9964767765020347,0.0005488172851642048
914,0,mild,8,32,predicted_utility,unstable,8,0.14537069091004368,0.37317518430044866,0.5185458752104923,0.0008767808593574955
914,0,mild,8,32,uncertainty_penalized,unstable,8,0.14537069091004368,0.37317518430044866,0.5185458752104923,0.0008767808593574955
914,0,mild,8,32,random_score,helpful,64,0.2157742495778731,0.37317518430044866,0.5889494338783218,0.0008767808593574955
914,0,mild,8,32,oracle_real_utility,helpful,128,0.6261107872224358,0.37317518430044866,0.9992859715228846,0.0008767808593574955
914,1,mild,8,32,predicted_utility,unstable,16,0.12104454728646613,0.37724925620303845,0.4982938034895046,0.0008767808593574955
914,1,mild,8,32,uncertainty_penalized,unstable,16,0.12104454728646613,0.37724925620303845,0.4982938034895046,0.0008767808593574955
914,1,mild,8,32,random_score,unstable,2,0.09338366469511161,0.3772492562030384,0.47063292089815,0.0008767808593574955
914,1,mild,8,32,oracle_real_utility,helpful,64,0.6219796760295719,0.37724925620303845,0.9992289322326103,0.0008767808593574955
914,2,mild,8,32,predicted_utility,helpful,8,0.05725940938563995,0.451418060864126,0.508677470249766,0.0008767808593574955
914,2,mild,8,32,uncertainty_penalized,helpful,8,0.05725940938403157,0.451418060864126,0.5086774702481576,0.0008767808593574955
914,2,mild,8,32,random_score,harmful,2,-0.10716225414992298,0.45141806086412606,0.3442558067142031,0.0008767808593574955
914,2,mild,8,32,oracle_real_utility,helpful,64,0.5483745665791808,0.4514180608641261,0.9997926274433069,0.0008767808593574955
914,3,mild,8,32,predicted_utility,helpful,16,0.18807290552375555,0.37392264451493407,0.5619955500386896,0.0008767808593574955
914,3,mild,8,32,uncertainty_penalized,helpful,16,0.18807290552375555,0.37392264451493407,0.5619955500386896,0.0008767808593574955
914,3,mild,8,32,random_score,harmful,2,-0.36499636554305953,0.3739226445149342,0.00892627897187466,0.0008767808593574955
914,3,mild,8,32,oracle_real_utility,helpful,128,0.6198762785040277,0.3739226445149341,0.9937989230189618,0.0008767808593574955
914,4,mild,8,32,predicted_utility,unstable,16,0.1384321167770038,0.3795228879679063,0.5179550047449101,0.0008767808593574955
914,4,mild,8,32,uncertainty_penalized,unstable,16,0.1384321167770038,0.3795228879679063,0.5179550047449101,0.0008767808593574955
914,4,mild,8,32,random_score,unstable,64,0.13693157254261912,0.37952288796790634,0.5164544605105255,0.0008767808593574955
914,4,mild,8,32,oracle_real_utility,helpful,64,0.6202269593945184,0.3795228879679063,0.9997498473624247,0.0008767808593574955
914,5,mild,8,32,predicted_utility,unstable,8,0.06173018170553679,0.4406891758587669,0.5024193575643037,0.0008767808593574955
914,5,mild,8,32,uncertainty_penalized,harmful,8,-0.05848394985577604,0.4406891758587669,0.38220522600299084,0.0008767808593574955
914,5,mild,8,32,random_score,helpful,128,0.5468721805284567,0.4406891758587669,0.9875613563872235,0.0008767808593574955
914,5,mild,8,32,oracle_real_utility,helpful,32,0.5591833879064942,0.44068917585876693,0.9998725637652612,0.0008767808593574955
914,6,mild,8,32,predicted_utility,unstable,16,0.16181834882022356,0.40649582674679313,0.5683141755670167,0.0008767808593574955
914,6,mild,8,32,uncertainty_penalized,unstable,16,0.16181834882022356,0.40649582674679313,0.5683141755670167,0.0008767808593574955
914,6,mild,8,32,random_score,unstable,8,0.10619947101141997,0.40649582674679324,0.5126952977582132,0.0008767808593574955
914,6,mild,8,32,oracle_real_utility,helpful,128,0.5933537588986939,0.40649582674679313,0.999849585645487,0.0008767808593574955
914,7,mild,8,32,predicted_utility,unstable,16,0.1638484894455346,0.3691867917844453,0.5330352812299799,0.0008767808593574955
914,7,mild,8,32,uncertainty_penalized,unstable,16,0.058953787631358556,0.36918679178444525,0.4281405794158038,0.0008767808593574955
914,7,mild,8,32,random_score,saturating,8,0.03331053063797601,0.36918679178444525,0.40249732242242126,0.0008767808593574955
914,7,mild,8,32,oracle_real_utility,helpful,64,0.6296493049608418,0.3691867917844453,0.9988360967452871,0.0008767808593574955
914,0,mild,8,64,predicted_utility,unstable,16,0.11145494951289725,0.45094208575375916,0.5623970352666564,0.0008915601562193842
914,0,mild,8,64,uncertainty_penalized,unstable,16,0.11134776708985022,0.4509420857537591,0.5622898528436093,0.0008915601562193842
914,0,mild,8,64,random_score,helpful,16,0.15748798900799588,0.45094208575375916,0.608430074761755,0.0008915601562193842
914,0,mild,8,64,oracle_real_utility,helpful,64,0.5485587939575309,0.4509420857537591,0.9995008797112901,0.0008915601562193842
914,1,mild,8,64,predicted_utility,unstable,16,0.10108914068528485,0.3865925588997303,0.48768169958501517,0.0008915601562193842
914,1,mild,8,64,uncertainty_penalized,unstable,16,0.12554381439117246,0.3865925588997303,0.5121363732909028,0.0008915601562193842
914,1,mild,8,64,random_score,harmful,2,-0.3598755250873839,0.38659255889973065,0.02671703381234676,0.0008915601562193842
914,1,mild,8,64,oracle_real_utility,helpful,64,0.6119456592552235,0.38659255889973027,0.9985382181549538,0.0008915601562193842
914,2,mild,8,64,predicted_utility,unstable,8,0.03601876529545789,0.4758053660243684,0.5118241313198263,0.0008915601562193842
914,2,mild,8,64,uncertainty_penalized,unstable,8,0.036018765295347366,0.47580536602436846,0.5118241313197158,0.0008915601562193842
914,2,mild,8,64,random_score,harmful,2,-0.20530332328330447,0.4758053660243685,0.27050204274106404,0.0008915601562193842
914,2,mild,8,64,oracle_real_utility,helpful,64,0.5223554283943564,0.4758053660243685,0.998160794418725,0.0008915601562193842
914,3,mild,8,64,predicted_utility,unstable,16,0.15082014171204933,0.40489054086819537,0.5557106825802447,0.0008915601562193842
914,3,mild,8,64,uncertainty_penalized,unstable,16,0.15082014171204933,0.40489054086819537,0.5557106825802447,0.0008915601562193842
914,3,mild,8,64,random_score,harmful,4,-0.12860559038123354,0.4048905408681953,0.2762849504869618,0.0008915601562193842
914,3,mild,8,64,oracle_real_utility,helpful,64,0.594587522738697,0.4048905408681952,0.9994780636068922,0.0008915601562193842
914,4,mild,8,64,predicted_utility,unstable,16,0.14695645138695906,0.3782760039601167,0.5252324553470757,0.0008915601562193842
914,4,mild,8,64,uncertainty_penalized,unstable,16,0.14695678576005566,0.3782760039601166,0.5252327897201723,0.0008915601562193842
914,4,mild,8,64,random_score,unstable,8,0.06941776634202484,0.37827600396011674,0.4476937703021416,0.0008915601562193842
914,4,mild,8,64,oracle_real_utility,helpful,64,0.6196483151879086,0.3782760039601167,0.9979243191480254,0.0008915601562193842
914,5,mild,8,64,predicted_utility,unstable,8,-0.01860194394915049,0.47146534884304353,0.45286340489389304,0.0008915601562193842
914,5,mild,8,64,uncertainty_penalized,unstable,4,-0.018603412551922327,0.47146534884304353,0.4528619362911212,0.0008915601562193842
914,5,mild,8,64,random_score,helpful,2,0.4308159838922133,0.4714653488430435,0.9022813327352568,0.0008915601562193842
914,5,mild,8,64,oracle_real_utility,helpful,32,0.5281444176481896,0.4714653488430435,0.9996097664912331,0.0008915601562193842
914,6,mild,8,64,predicted_utility,unstable,16,0.1648714400897115,0.4328473085473133,0.5977187486370248,0.0008915601562193842
914,6,mild,8,64,uncertainty_penalized,unstable,16,0.1654929299268592,0.4328473085473133,0.5983402384741725,0.0008915601562193842
914,6,mild,8,64,random_score,unstable,16,0.09068810630875496,0.4328473085473133,0.5235354148560682,0.0008915601562193842
914,6,mild,8,64,oracle_real_utility,helpful,64,0.566436313814576,0.4328473085473133,0.9992836223618894,0.0008915601562193842
914,7,mild,8,64,predicted_utility,helpful,16,0.16397863026995196,0.3980478017046942,0.5620264319746462,0.0008915601562193842
914,7,mild,8,64,uncertainty_penalized,unstable,16,0.0873594317231624,0.3980478017046942,0.48540723342785663,0.0008915601562193842
914,7,mild,8,64,random_score,saturating,8,0.04821351500554277,0.39804780170469395,0.4462613167102367,0.0008915601562193842
914,7,mild,8,64,oracle_real_utility,helpful,128,0.5935688706134926,0.3980478017046941,0.9916166723181867,0.0008915601562193842
914,0,mild,8,128,predicted_utility,unstable,16,0.12526864457520298,0.44933491112411356,0.5746035556993165,0.0010884328125086995
914,0,mild,8,128,uncertainty_penalized,unstable,16,0.12531655456581597,0.44933491112411356,0.5746514656899295,0.0010884328125086995
914,0,mild,8,128,random_score,saturating,16,0.039793301376371826,0.4493349111241133,0.4891282125004851,0.0010884328125086995
914,0,mild,8,128,oracle_real_utility,helpful,64,0.5475532212684231,0.44933491112411356,0.9968881323925367,0.0010884328125086995
914,1,mild,8,128,predicted_utility,unstable,16,0.12253317001766756,0.4079686111543472,0.5305017811720147,0.0010884328125086995
914,1,mild,8,128,uncertainty_penalized,unstable,16,0.1240913747125561,0.4079686111543472,0.5320599858669033,0.0010884328125086995
914,1,mild,8,128,random_score,harmful,2,-0.2025891817837385,0.4079686111543475,0.20537942937060902,0.0010884328125086995
914,1,mild,8,128,oracle_real_utility,helpful,64,0.5879991061252976,0.4079686111543471,0.9959677172796447,0.0010884328125086995
914,2,mild,8,128,predicted_utility,unstable,8,0.054485470532182445,0.48614947293613575,0.5406349434683182,0.0010884328125086995
914,2,mild,8,128,uncertainty_penalized,unstable,8,0.05448524217550488,0.48614947293613575,0.5406347151116406,0.0010884328125086995
914,2,mild,8,128,random_score,harmful,2,-0.2160489935732981,0.48614947293613564,0.27010047936283754,0.0010884328125086995
914,2,mild,8,128,oracle_real_utility,helpful,64,0.5090106763580782,0.4861494729361358,0.9951601492942139,0.0010884328125086995
914,3,mild,8,128,predicted_utility,unstable,16,0.13561308478270856,0.41906745074194424,0.5546805355246528,0.0010884328125086995
914,3,mild,8,128,uncertainty_penalized,unstable,16,0.13508031565447826,0.41906745074194424,0.5541477663964225,0.0010884328125086995
914,3,mild,8,128,random_score,harmful,8,-0.1203573295217033,0.41906745074194424,0.29871012122024093,0.0010884328125086995
914,3,mild,8,128,oracle_real_utility,helpful,64,0.5768689523460986,0.41906745074194424,0.9959364030880429,0.0010884328125086995
914,4,mild,8,128,predicted_utility,unstable,16,0.14829576219394913,0.37583543201507386,0.524131194209023,0.0010884328125086995
914,4,mild,8,128,uncertainty_penalized,unstable,16,0.1481758880167729,0.3758354320150739,0.5240113200318468,0.0010884328125086995
914,4,mild,8,128,random_score,helpful,16,0.05050979239337827,0.37583543201507374,0.426345224408452,0.0010884328125086995
914,4,mild,8,128,oracle_real_utility,helpful,64,0.6203101534799704,0.3758354320150738,0.9961455854950443,0.0010884328125086995
914,5,mild,8,128,predicted_utility,unstable,8,0.008270007615061858,0.49545834306373954,0.5037283506788014,0.0010884328125086995
914,5,mild,8,128,uncertainty_penalized,unstable,8,0.015267242443283924,0.4954583430637396,0.5107255855070235,0.0010884328125086995
914,5,mild,8,128,random_score,unstable,2,0.2624977984483898,0.49545834306373965,0.7579561415121294,0.0010884328125086995
914,5,mild,8,128,oracle_real_utility,helpful,32,0.5033034686186091,0.49545834306373965,0.9987618116823488,0.0010884328125086995
914,6,mild,8,128,predicted_utility,unstable,16,0.18451512997541014,0.41885633614549983,0.60337146612091,0.0010884328125086995
914,6,mild,8,128,uncertainty_penalized,unstable,16,0.1853948930960007,0.41885633614549983,0.6042512292415005,0.0010884328125086995
914,6,mild,8,128,random_score,saturating,8,-0.01456035311839654,0.4188563361454999,0.40429598302710335,0.0010884328125086995
914,6,mild,8,128,oracle_real_utility,helpful,64,0.5792878736247256,0.4188563361454999,0.9981442097702254,0.0010884328125086995
914,7,mild,8,128,predicted_utility,unstable,16,0.15984324795025512,0.388519560065308,0.5483628080155631,0.0010884328125086995
914,7,mild,8,128,uncertainty_penalized,unstable,16,0.1429391631862879,0.388519560065308,0.5314587232515959,0.0010884328125086995
914,7,mild,8,128,random_score,saturating,4,0.0377778232719187,0.38851956006530786,0.42629738333722655,0.0010884328125086995
914,7,mild,8,128,oracle_real_utility,helpful,128,0.6080383695665486,0.3885195600653082,0.9965579296318567,0.0010884328125086995
914,0,mild,12,32,predicted_utility,helpful,64,0.4240068981738938,0.5681558611858057,0.9921627593596996,0.001622292578190354
914,0,mild,12,32,uncertainty_penalized,helpful,64,0.42395105240074116,0.5681558611858057,0.9921069135865469,0.001622292578190354
914,0,mild,12,32,random_score,harmful,2,-0.2370454950219637,0.5681558611858059,0.33111036616384215,0.001622292578190354
914,0,mild,12,32,oracle_real_utility,helpful,64,0.4317498430140706,0.5681558611858057,0.9999057041998763,0.001622292578190354
914,1,mild,12,32,predicted_utility,helpful,8,0.15957394529703406,0.6159019418939022,0.7754758871909363,0.001622292578190354
914,1,mild,12,32,uncertainty_penalized,helpful,8,0.1595739452970334,0.6159019418939022,0.7754758871909356,0.001622292578190354
914,1,mild,12,32,random_score,unstable,2,0.06729106541118357,0.6159019418939023,0.6831930073050859,0.001622292578190354
914,1,mild,12,32,oracle_real_utility,helpful,32,0.38396753082178336,0.6159019418939022,0.9998694727156856,0.001622292578190354
914,2,mild,12,32,predicted_utility,helpful,16,0.2321084795400835,0.4933812398044992,0.7254897193445827,0.001622292578190354
914,2,mild,12,32,uncertainty_penalized,helpful,16,0.232108489901853,0.49338123980449927,0.7254897297063523,0.001622292578190354
914,2,mild,12,32,random_score,harmful,4,-0.4265052970748068,0.4933812398044991,0.06687594272969233,0.001622292578190354
914,2,mild,12,32,oracle_real_utility,helpful,128,0.5029298918386107,0.49338123980449927,0.9963111316431099,0.001622292578190354
914,3,mild,12,32,predicted_utility,helpful,16,0.2183452994780457,0.615996094228683,0.8343413937067287,0.001622292578190354
914,3,mild,12,32,uncertainty_penalized,helpful,16,0.2183452994780457,0.615996094228683,0.8343413937067287,0.001622292578190354
914,3,mild,12,32,random_score,saturating,2,0.025198393017255127,0.6159960942286828,0.641194487245938,0.001622292578190354
914,3,mild,12,32,oracle_real_utility,helpful,64,0.38142569159410566,0.6159960942286827,0.9974217858227884,0.001622292578190354
914,4,mild,12,32,predicted_utility,helpful,16,0.2101142452530428,0.6204252417774583,0.8305394870305011,0.001622292578190354
914,4,mild,12,32,uncertainty_penalized,helpful,16,0.21011424521972777,0.6204252417774583,0.830539486997186,0.001622292578190354
914,4,mild,12,32,random_score,harmful,2,-0.5271085842506508,0.6204252417774585,0.0933166575268077,0.001622292578190354
914,4,mild,12,32,oracle_real_utility,helpful,64,0.37949067351896826,0.6204252417774583,0.9999159152964265,0.001622292578190354
914,5,mild,12,32,predicted_utility,unstable,16,0.08160377182564504,0.6543898437053434,0.7359936155309884,0.001622292578190354
914,5,mild,12,32,uncertainty_penalized,unstable,16,0.08160377182556278,0.6543898437053434,0.7359936155309061,0.001622292578190354
914,5,mild,12,32,random_score,harmful,16,-0.02186491621141773,0.6543898437053434,0.6325249274939256,0.001622292578190354
914,5,mild,12,32,oracle_real_utility,helpful,64,0.3453743202561673,0.6543898437053435,0.9997641639615108,0.001622292578190354
914,6,mild,12,32,predicted_utility,helpful,64,0.3177838572540247,0.6717812057177532,0.9895650629717779,0.001622292578190354
914,6,mild,12,32,uncertainty_penalized,helpful,64,0.3178255175467236,0.6717812057177532,0.9896067232644769,0.001622292578190354
914,6,mild,12,32,random_score,harmful,2,-0.40111577919218905,0.6717812057177531,0.2706654265255641,0.001622292578190354
914,6,mild,12,32,oracle_real_utility,helpful,64,0.32804421975138154,0.671781205717753,0.9998254254691346,0.001622292578190354
914,7,mild,12,32,predicted_utility,unstable,16,0.1599317547984236,0.628047305922847,0.7879790607212706,0.001622292578190354
914,7,mild,12,32,uncertainty_penalized,unstable,16,0.15993175479842403,0.628047305922847,0.787979060721271,0.001622292578190354
914,7,mild,12,32,random_score,saturating,16,-0.018894014468813558,0.6280473059228467,0.6091532914540332,0.001622292578190354
914,7,mild,12,32,oracle_real_utility,helpful,64,0.3717671746493554,0.628047305922847,0.9998144805722023,0.001622292578190354
914,0,mild,12,64,predicted_utility,helpful,32,0.23459678002078166,0.6475290630254672,0.8821258430462489,0.0020211347656413636
914,0,mild,12,64,uncertainty_penalized,unstable,32,0.22498189731460816,0.6475290630254672,0.8725109603400754,0.0020211347656413636
914,0,mild,12,64,random_score,harmful,8,-0.18931226707850835,0.6475290630254673,0.45821679594695897,0.0020211347656413636
914,0,mild,12,64,oracle_real_utility,helpful,64,0.3515528289094939,0.6475290630254672,0.9990818919349611,0.0020211347656413636
914,1,mild,12,64,predicted_utility,helpful,16,0.15552843788520265,0.6721365411044486,0.8276649789896513,0.0020211347656413636
914,1,mild,12,64,uncertainty_penalized,unstable,16,0.15556271706339353,0.6721365411044489,0.8276992581678424,0.0020211347656413636
914,1,mild,12,64,random_score,saturating,2,-0.009087903824097854,0.6721365411044486,0.6630486372803508,0.0020211347656413636
914,1,mild,12,64,oracle_real_utility,helpful,32,0.3276318377858731,0.6721365411044486,0.9997683788903218,0.0020211347656413636
914,2,mild,12,64,predicted_utility,helpful,16,0.1827740758965144,0.5785290891455672,0.7613031650420816,0.0020211347656413636
914,2,mild,12,64,uncertainty_penalized,unstable,16,0.18133539146048916,0.5785290891455672,0.7598644806060564,0.0020211347656413636
914,2,mild,12,64,random_score,unstable,2,0.08453120927934143,0.5785290891455673,0.6630602984249088,0.0020211347656413636
914,2,mild,12,64,oracle_real_utility,helpful,64,0.421266392823473,0.5785290891455673,0.9997954819690403,0.0020211347656413636
914,3,mild,12,64,predicted_utility,helpful,16,0.15836538610058104,0.6725480488624781,0.8309134349630591,0.0020211347656413636
914,3,mild,12,64,uncertainty_penalized,helpful,16,0.15836538596295502,0.6725480488624781,0.8309134348254331,0.0020211347656413636
914,3,mild,12,64,random_score,harmful,2,-0.07055039401950491,0.6725480488624784,0.6019976548429735,0.0020211347656413636
914,3,mild,12,64,oracle_real_utility,helpful,64,0.3268890540662862,0.6725480488624779,0.9994371029287641,0.0020211347656413636
914,4,mild,12,64,predicted_utility,helpful,16,0.178431580024901,0.6443559487526173,0.8227875287775183,0.0020211347656413636
914,4,mild,12,64,uncertainty_penalized,helpful,16,0.17843157640351426,0.6443559487526173,0.8227875251561315,0.0020211347656413636
914,4,mild,12,64,random_score,harmful,4,-0.4542103368986694,0.6443559487526173,0.19014561185394782,0.0020211347656413636
914,4,mild,12,64,oracle_real_utility,helpful,64,0.35471755182568976,0.6443559487526174,0.9990735005783071,0.0020211347656413636
914,5,mild,12,64,predicted_utility,helpful,16,0.10219736252137146,0.6479694899175936,0.7501668524389651,0.0020211347656413636
914,5,mild,12,64,uncertainty_penalized,helpful,16,0.10219720762782869,0.6479694899175936,0.7501666975454223,0.0020211347656413636
914,5,mild,12,64,random_score,unstable,16,-0.013357530058035083,0.6479694899175934,0.6346119598595583,0.0020211347656413636
914,5,mild,12,64,oracle_real_utility,helpful,64,0.35117791822665323,0.6479694899175933,0.9991474081442465,0.0020211347656413636
914,6,mild,12,64,predicted_utility,helpful,32,0.34504916237200034,0.624137916731473,0.9691870791034733,0.0020211347656413636
914,6,mild,12,64,uncertainty_penalized,helpful,32,0.3450819374279095,0.624137916731473,0.9692198541593825,0.0020211347656413636
914,6,mild,12,64,random_score,harmful,2,-0.3216373459080057,0.624137916731473,0.3025005708234673,0.0020211347656413636
914,6,mild,12,64,oracle_real_utility,helpful,64,0.37554295162877127,0.624137916731473,0.9996808683602443,0.0020211347656413636
914,7,mild,12,64,predicted_utility,unstable,16,0.17637585778393827,0.6131322276087823,0.7895080853927205,0.0020211347656413636
914,7,mild,12,64,uncertainty_penalized,unstable,16,0.1766465679154331,0.6131322276087823,0.7897787955242154,0.0020211347656413636
914,7,mild,12,64,random_score,unstable,16,0.006897486675138564,0.6131322276087823,0.6200297142839208,0.0020211347656413636
914,7,mild,12,64,oracle_real_utility,helpful,64,0.38609519830344285,0.6131322276087823,0.9992274259122251,0.0020211347656413636
914,0,mild,12,128,predicted_utility,helpful,16,0.21619517579796765,0.6480874951478398,0.8642826709458075,0.0019915032226549556
914,0,mild,12,128,uncertainty_penalized,helpful,16,0.21553216265996378,0.6480874951478398,0.8636196578078036,0.0019915032226549556
914,0,mild,12,128,random_score,helpful,8,0.07780628056995231,0.6480874951478396,0.7258937757177919,0.0019915032226549556
914,0,mild,12,128,oracle_real_utility,helpful,64,0.3493426143437084,0.6480874951478398,0.9974301094915482,0.0019915032226549556
914,1,mild,12,128,predicted_utility,helpful,16,0.15484253569470452,0.6696155148592716,0.8244580505539761,0.0019915032226549556
914,1,mild,12,128,uncertainty_penalized,helpful,16,0.15473386991703475,0.6696155148592716,0.8243493847763064,0.0019915032226549556
914,1,mild,12,128,random_score,saturating,2,0.0029223954462288537,0.6696155148592721,0.6725379103055009,0.0019915032226549556
914,1,mild,12,128,oracle_real_utility,helpful,64,0.32908312788086647,0.6696155148592717,0.9986986427401382,0.0019915032226549556
914,2,mild,12,128,predicted_utility,helpful,16,0.1722138563386486,0.6365393908343511,0.8087532471729997,0.0019915032226549556
914,2,mild,12,128,uncertainty_penalized,helpful,16,0.1720801645027994,0.6365393908343511,0.8086195553371505,0.0019915032226549556
914,2,mild,12,128,random_score,harmful,2,-0.12251631782937877,0.636539390834351,0.5140230730049722,0.0019915032226549556
914,2,mild,12,128,oracle_real_utility,helpful,64,0.3625775074600801,0.6365393908343511,0.9991168982944312,0.0019915032226549556
914,3,mild,12,128,predicted_utility,helpful,16,0.20586595184501844,0.6565161093537264,0.8623820611987448,0.0019915032226549556
914,3,mild,12,128,uncertainty_penalized,unstable,16,0.17822271730123962,0.6565161093537264,0.834738826654966,0.0019915032226549556
914,3,mild,12,128,random_score,harmful,4,-0.09444888992580858,0.6565161093537262,0.5620672194279176,0.0019915032226549556
914,3,mild,12,128,oracle_real_utility,helpful,64,0.3409164019693621,0.6565161093537263,0.9974325113230884,0.0019915032226549556
914,4,mild,12,128,predicted_utility,helpful,16,0.18943885489468026,0.6386887054567559,0.8281275603514362,0.0019915032226549556
914,4,mild,12,128,uncertainty_penalized,helpful,16,0.18919582902666243,0.6386887054567558,0.8278845344834183,0.0019915032226549556
914,4,mild,12,128,random_score,harmful,2,-0.4649058783188992,0.6386887054567557,0.17378282713785656,0.0019915032226549556
914,4,mild,12,128,oracle_real_utility,helpful,64,0.35860253558869737,0.6386887054567558,0.9972912410454532,0.0019915032226549556
914,5,mild,12,128,predicted_utility,unstable,8,0.096500707602999,0.6730131114288717,0.7695138190318707,0.0019915032226549556
914,5,mild,12,128,uncertainty_penalized,unstable,8,0.09644379798896086,0.6730131114288717,0.7694569094178325,0.0019915032226549556
914,5,mild,12,128,random_score,harmful,4,-0.07968476670503899,0.6730131114288714,0.5933283447238324,0.0019915032226549556
914,5,mild,12,128,oracle_real_utility,helpful,32,0.3264523042305214,0.6730131114288713,0.9994654156593927,0.0019915032226549556
914,6,mild,12,128,predicted_utility,helpful,16,0.22512888697354083,0.6334236559673618,0.8585525429409027,0.0019915032226549556
914,6,mild,12,128,uncertainty_penalized,helpful,16,0.22518954221600862,0.6334236559673618,0.8586131981833705,0.0019915032226549556
914,6,mild,12,128,random_score,helpful,2,0.07364023585074386,0.6334236559673624,0.7070638918181062,0.0019915032226549556
914,6,mild,12,128,oracle_real_utility,helpful,64,0.3654068537001858,0.6334236559673619,0.9988305096675477,0.0019915032226549556
914,7,mild,12,128,predicted_utility,unstable,16,0.14017120872908706,0.6580080143439303,0.7981792230730174,0.0019915032226549556
914,7,mild,12,128,uncertainty_penalized,unstable,16,0.1401712707550793,0.6580080143439303,0.7981792850990096,0.0019915032226549556
914,7,mild,12,128,random_score,saturating,16,0.03824845310555158,0.6580080143439304,0.696256467449482,0.0019915032226549556
914,7,mild,12,128,oracle_real_utility,helpful,64,0.33984235000339014,0.6580080143439305,0.9978503643473207,0.0019915032226549556
914,0,severe,4,32,predicted_utility,helpful,8,0.09425408628500032,0.7308063689923172,0.8250604552773175,0.0006651472655221369
914,0,severe,4,32,uncertainty_penalized,helpful,16,0.0940939836387501,0.7308063689923172,0.8249003526310673,0.0006651472655221369
914,0,severe,4,32,random_score,harmful,16,-0.13840938816965553,0.730806368992317,0.5923969808226615,0.0006651472655221369
914,0,severe,4,32,oracle_real_utility,helpful,16,0.268920116100661,0.730806368992317,0.999726485092978,0.0006651472655221369
914,1,severe,4,32,predicted_utility,saturating,16,0.010663861469122793,0.7313696437894247,0.7420335052585475,0.0006651472655221369
914,1,severe,4,32,uncertainty_penalized,saturating,2,0.01066340104442387,0.7313696437894247,0.7420330448338486,0.0006651472655221369
914,1,severe,4,32,random_score,helpful,64,0.24857364986470798,0.7313696437894248,0.9799432936541328,0.0006651472655221369
914,1,severe,4,32,oracle_real_utility,helpful,32,0.26854553167421447,0.7313696437894248,0.9999151754636393,0.0006651472655221369
914,2,severe,4,32,predicted_utility,helpful,32,0.23380019566604704,0.7653388141177725,0.9991390097838195,0.0006651472655221369
914,2,severe,4,32,uncertainty_penalized,helpful,32,0.23458003985849007,0.7653388141177725,0.9999188539762626,0.0006651472655221369
914,2,severe,4,32,random_score,helpful,16,0.11723894575282656,0.7653388141177725,0.882577759870599,0.0006651472655221369
914,2,severe,4,32,oracle_real_utility,helpful,32,0.23458933926472525,0.7653388141177725,0.9999281533824977,0.0006651472655221369
914,3,severe,4,32,predicted_utility,helpful,32,0.0588850907993238,0.7821789044012536,0.8410639952005774,0.0006651472655221369
914,3,severe,4,32,uncertainty_penalized,helpful,32,0.0588850907993238,0.7821789044012536,0.8410639952005774,0.0006651472655221369
914,3,severe,4,32,random_score,harmful,2,-0.45189038578554924,0.7821789044012534,0.33028851861570413,0.0006651472655221369
914,3,severe,4,32,oracle_real_utility,helpful,16,0.21780816861010688,0.7821789044012536,0.9999870730113605,0.0006651472655221369
914,4,severe,4,32,predicted_utility,helpful,16,0.25231601467248166,0.6754435208214138,0.9277595354938954,0.0006651472655221369
914,4,severe,4,32,uncertainty_penalized,helpful,16,0.25231601467248166,0.6754435208214138,0.9277595354938954,0.0006651472655221369
914,4,severe,4,32,random_score,helpful,32,0.12628544536799047,0.6754435208214139,0.8017289661894044,0.0006651472655221369
914,4,severe,4,32,oracle_real_utility,helpful,32,0.32436253592966413,0.6754435208214139,0.999806056751078,0.0006651472655221369
914,5,severe,4,32,predicted_utility,helpful,32,0.33340457335860896,0.6278598891386876,0.9612644624972966,0.0006651472655221369
914,5,severe,4,32,uncertainty_penalized,helpful,32,0.33334243669071095,0.6278598891386876,0.9612023258293986,0.0006651472655221369
914,5,severe,4,32,random_score,helpful,64,0.3182029858737676,0.6278598891386878,0.9460628750124555,0.0006651472655221369
914,5,severe,4,32,oracle_real_utility,helpful,32,0.3721039445087051,0.6278598891386876,0.9999638336473927,0.0006651472655221369
914,6,severe,4,32,predicted_utility,harmful,4,-0.059319611967657115,0.7792538452442093,0.7199342332765521,0.0006651472655221369
914,6,severe,4,32,uncertainty_penalized,harmful,4,-0.04939237779254413,0.7792538452442092,0.729861467451665,0.0006651472655221369
914,6,severe,4,32,random_score,harmful,8,-0.30132747311458663,0.7792538452442093,0.47792637212962263,0.0006651472655221369
914,6,severe,4,32,oracle_real_utility,helpful,32,0.22065286224003833,0.7792538452442094,0.9999067074842477,0.0006651472655221369
914,7,severe,4,32,predicted_utility,helpful,8,0.05024389497243964,0.7169513327549839,0.7671952277274235,0.0006651472655221369
914,7,severe,4,32,uncertainty_penalized,helpful,16,0.05024389497243753,0.7169513327549838,0.7671952277274213,0.0006651472655221369
914,7,severe,4,32,random_score,helpful,128,0.23783229023397867,0.7169513327549838,0.9547836229889625,0.0006651472655221369
914,7,severe,4,32,oracle_real_utility,helpful,32,0.28274326191015187,0.7169513327549838,0.9996945946651357,0.0006651472655221369
914,0,severe,4,64,predicted_utility,helpful,16,0.12831613255760377,0.7360014344250548,0.8643175669826586,0.0006048751953358078
914,0,severe,4,64,uncertainty_penalized,helpful,16,0.12830215875213735,0.7360014344250548,0.8643035931771922,0.0006048751953358078
914,0,severe,4,64,random_score,harmful,32,-0.055832421955226086,0.7360014344250547,0.6801690124698286,0.0006048751953358078
914,0,severe,4,64,oracle_real_utility,helpful,32,0.2620380987149039,0.7360014344250548,0.9980395331399587,0.0006048751953358078
914,1,severe,4,64,predicted_utility,saturating,4,0.030978350342285355,0.7249823783113075,0.7559607286535929,0.0006048751953358078
914,1,severe,4,64,uncertainty_penalized,saturating,4,0.026611558638013677,0.7249823783113075,0.7515939369493212,0.0006048751953358078
914,1,severe,4,64,random_score,helpful,16,0.10615134502327883,0.7249823783113072,0.831133723334586,0.0006048751953358078
914,1,severe,4,64,oracle_real_utility,helpful,32,0.274284301213526,0.7249823783113075,0.9992666795248335,0.0006048751953358078
914,2,severe,4,64,predicted_utility,helpful,16,0.21947803121878362,0.7568480617793787,0.9763260929981623,0.0006048751953358078
914,2,severe,4,64,uncertainty_penalized,helpful,32,0.22010040914028683,0.7568480617793787,0.9769484709196655,0.0006048751953358078
914,2,severe,4,64,random_score,helpful,32,0.14980920489168392,0.7568480617793789,0.9066572666710628,0.0006048751953358078
914,2,severe,4,64,oracle_real_utility,helpful,32,0.2418051837382572,0.7568480617793786,0.9986532455176358,0.0006048751953358078
914,3,severe,4,64,predicted_utility,helpful,32,0.11721213351396542,0.7118385777562133,0.8290507112701787,0.0006048751953358078
914,3,severe,4,64,uncertainty_penalized,helpful,32,0.11736440244832413,0.7118385777562133,0.8292029802045374,0.0006048751953358078
914,3,severe,4,64,random_score,harmful,2,-0.35285896300424624,0.7118385777562133,0.35897961475196705,0.0006048751953358078
914,3,severe,4,64,oracle_real_utility,helpful,32,0.28797615482975414,0.7118385777562135,0.9998147325859676,0.0006048751953358078
914,4,severe,4,64,predicted_utility,helpful,16,0.21765092961960608,0.7210222633575797,0.9386731929771858,0.0006048751953358078
914,4,severe,4,64,uncertainty_penalized,helpful,16,0.21770529040995434,0.7210222633575797,0.938727553767534,0.0006048751953358078
914,4,severe,4,64,random_score,saturating,4,0.01231557962076546,0.7210222633575794,0.7333378429783448,0.0006048751953358078
914,4,severe,4,64,oracle_real_utility,helpful,32,0.27835708877753007,0.7210222633575796,0.9993793521351096,0.0006048751953358078
914,5,severe,4,64,predicted_utility,helpful,16,0.27412078620540004,0.6849035675667328,0.9590243537721328,0.0006048751953358078
914,5,severe,4,64,uncertainty_penalized,helpful,32,0.27433321286321743,0.6849035675667328,0.9592367804299502,0.0006048751953358078
914,5,severe,4,64,random_score,helpful,128,0.2472237102881003,0.6849035675667329,0.9321272778548332,0.0006048751953358078
914,5,severe,4,64,oracle_real_utility,helpful,32,0.3147272350375597,0.6849035675667329,0.9996308026042926,0.0006048751953358078
914,6,severe,4,64,predicted_utility,harmful,4,-0.02099793827872487,0.750341462328175,0.7293435240494501,0.0006048751953358078
914,6,severe,4,64,uncertainty_penalized,harmful,4,-0.020112802362513338,0.7503414623281749,0.7302286599656616,0.0006048751953358078
914,6,severe,4,64,random_score,harmful,8,-0.2213852365830924,0.7503414623281749,0.5289562257450825,0.0006048751953358078
914,6,severe,4,64,oracle_real_utility,helpful,32,0.24858863951640864,0.7503414623281749,0.9989301018445835,0.0006048751953358078
914,7,severe,4,64,predicted_utility,saturating,8,0.02281437030412181,0.7416874144085455,0.7645017847126673,0.0006048751953358078
914,7,severe,4,64,uncertainty_penalized,saturating,16,0.021746413155472877,0.7416874144085455,0.7634338275640183,0.0006048751953358078
914,7,severe,4,64,random_score,helpful,8,0.16045134701146302,0.7416874144085458,0.9021387614200088,0.0006048751953358078
914,7,severe,4,64,oracle_real_utility,helpful,32,0.25533810366876053,0.7416874144085458,0.9970255180773063,0.0006048751953358078
914,0,severe,4,128,predicted_utility,helpful,16,0.1244251708423948,0.7410768996044309,0.8655020704468257,0.0006265727539016552
914,0,severe,4,128,uncertainty_penalized,helpful,16,0.12497618497548502,0.7410768996044309,0.8660530845799159,0.0006265727539016552
914,0,severe,4,128,random_score,harmful,2,-0.27515656141490136,0.741076899604431,0.46592033818952966,0.0006265727539016552
914,0,severe,4,128,oracle_real_utility,helpful,32,0.25645447731543913,0.7410768996044308,0.9975313769198699,0.0006265727539016552
914,1,severe,4,128,predicted_utility,saturating,16,0.03169686848389586,0.7128245535640747,0.7445214220479706,0.0006265727539016552
914,1,severe,4,128,uncertainty_penalized,saturating,16,0.030421021449846708,0.7128245535640747,0.7432455750139214,0.0006265727539016552
914,1,severe,4,128,random_score,helpful,2,0.10516702011392787,0.7128245535640751,0.817991573678003,0.0006265727539016552
914,1,severe,4,128,oracle_real_utility,helpful,32,0.2800685124499752,0.712824553564075,0.9928930660140503,0.0006265727539016552
914,2,severe,4,128,predicted_utility,helpful,16,0.17003603005861812,0.7971173017666848,0.9671533318253029,0.0006265727539016552
914,2,severe,4,128,uncertainty_penalized,helpful,16,0.17047679575702834,0.7971173017666848,0.9675940975237132,0.0006265727539016552
914,2,severe,4,128,random_score,helpful,16,0.14013679074575192,0.7971173017666848,0.9372540925124367,0.0006265727539016552
914,2,severe,4,128,oracle_real_utility,helpful,32,0.2017038228710648,0.7971173017666849,0.9988211246377497,0.0006265727539016552
914,3,severe,4,128,predicted_utility,helpful,16,0.09181117198712929,0.7598760060605505,0.8516871780476798,0.0006265727539016552
914,3,severe,4,128,uncertainty_penalized,helpful,16,0.08878319371513788,0.7598760060605504,0.8486591997756883,0.0006265727539016552
914,3,severe,4,128,random_score,harmful,2,-0.2561663986669407,0.7598760060605503,0.5037096073936096,0.0006265727539016552
914,3,severe,4,128,oracle_real_utility,helpful,32,0.23963516914511196,0.7598760060605504,0.9995111752056623,0.0006265727539016552
914,4,severe,4,128,predicted_utility,helpful,16,0.2363346853818793,0.7267769897442917,0.963111675126171,0.0006265727539016552
914,4,severe,4,128,uncertainty_penalized,helpful,16,0.23821935833916508,0.7267769897442917,0.9649963480834568,0.0006265727539016552
914,4,severe,4,128,random_score,harmful,4,-0.06824182328407735,0.7267769897442922,0.6585351664602148,0.0006265727539016552
914,4,severe,4,128,oracle_real_utility,helpful,32,0.27230799453801446,0.7267769897442917,0.9990849842823062,0.0006265727539016552
914,5,severe,4,128,predicted_utility,helpful,16,0.2295867854730178,0.7332031165855163,0.9627899020585341,0.0006265727539016552
914,5,severe,4,128,uncertainty_penalized,helpful,16,0.22575057002799426,0.7332031165855164,0.9589536866135107,0.0006265727539016552
914,5,severe,4,128,random_score,helpful,128,0.2003930832437827,0.7332031165855162,0.9335961998292989,0.0006265727539016552
914,5,severe,4,128,oracle_real_utility,helpful,32,0.2655978940100996,0.7332031165855164,0.998801010595616,0.0006265727539016552
914,6,severe,4,128,predicted_utility,saturating,4,0.019245792182174815,0.7217226138366443,0.7409684060188191,0.0006265727539016552
914,6,severe,4,128,uncertainty_penalized,saturating,4,0.02014575649235173,0.7217226138366443,0.741868370328996,0.0006265727539016552
914,6,severe,4,128,random_score,helpful,8,0.17173435030506412,0.7217226138366442,0.8934569641417083,0.0006265727539016552
914,6,severe,4,128,oracle_real_utility,helpful,32,0.2750092535136245,0.7217226138366443,0.9967318673502688,0.0006265727539016552
914,7,severe,4,128,predicted_utility,helpful,8,0.08153631769956382,0.7930257458206055,0.8745620635201693,0.0006265727539016552
914,7,severe,4,128,uncertainty_penalized,helpful,16,0.08121329247473497,0.7930257458206055,0.8742390382953404,0.0006265727539016552
914,7,severe,4,128,random_score,helpful,4,0.16368994028270567,0.7930257458206051,0.9567156861033108,0.0006265727539016552
914,7,severe,4,128,oracle_real_utility,helpful,16,0.20530340915535172,0.7930257458206049,0.9983291549759566,0.0006265727539016552
914,0,severe,8,32,predicted_utility,harmful,2,-0.43189763322683905,0.5215890177670223,0.08969138454018319,0.001036235156220755
914,0,severe,8,32,uncertainty_penalized,harmful,2,-0.43189763322683905,0.5215890177670223,0.08969138454018319,0.001036235156220755
914,0,severe,8,32,random_score,harmful,2,-0.2622532277236971,0.5215890177670222,0.2593357900433251,0.001036235156220755
914,0,severe,8,32,oracle_real_utility,helpful,32,0.4783549982439175,0.5215890177670222,0.9999440160109396,0.001036235156220755
914,1,severe,8,32,predicted_utility,harmful,2,-0.35780077351657624,0.609036898720525,0.2512361252039488,0.001036235156220755
914,1,severe,8,32,uncertainty_penalized,harmful,2,-0.35780077351657635,0.6090368987205251,0.2512361252039488,0.001036235156220755
914,1,severe,8,32,random_score,harmful,8,-0.3692790181083512,0.6090368987205251,0.23975788061217393,0.001036235156220755
914,1,severe,8,32,oracle_real_utility,helpful,16,0.390877431166338,0.6090368987205252,0.9999143298868632,0.001036235156220755
914,2,severe,8,32,predicted_utility,harmful,2,-0.02368625855513451,0.6884200126368846,0.6647337540817501,0.001036235156220755
914,2,severe,8,32,uncertainty_penalized,harmful,2,-0.02368625855576989,0.6884200126368848,0.6647337540811149,0.001036235156220755
914,2,severe,8,32,random_score,helpful,64,0.2685500496586972,0.6884200126368848,0.956970062295582,0.001036235156220755
914,2,severe,8,32,oracle_real_utility,helpful,32,0.31133360478159244,0.6884200126368847,0.9997536174184771,0.001036235156220755
914,3,severe,8,32,predicted_utility,harmful,2,-0.3387106374283952,0.6061514325926756,0.2674407951642804,0.001036235156220755
914,3,severe,8,32,uncertainty_penalized,harmful,2,-0.3387106374283952,0.6061514325926756,0.2674407951642804,0.001036235156220755
914,3,severe,8,32,random_score,helpful,128,0.3527327105512885,0.6061514325926755,0.958884143143964,0.001036235156220755
914,3,severe,8,32,oracle_real_utility,helpful,16,0.3937102007284746,0.6061514325926755,0.9998616333211501,0.001036235156220755
914,4,severe,8,32,predicted_utility,harmful,2,-0.0860686470478551,0.725097027185752,0.6390283801378969,0.001036235156220755
914,4,severe,8,32,uncertainty_penalized,harmful,2,-0.0860686470478551,0.725097027185752,0.6390283801378969,0.001036235156220755
914,4,severe,8,32,random_score,helpful,32,0.08175631169389208,0.725097027185752,0.806853338879644,0.001036235156220755
914,4,severe,8,32,oracle_real_utility,helpful,16,0.27472218090637734,0.7250970271857519,0.9998192080921292,0.001036235156220755
914,5,severe,8,32,predicted_utility,unstable,2,0.05021359665795544,0.6382900935041305,0.6885036901620859,0.001036235156220755
914,5,severe,8,32,uncertainty_penalized,harmful,2,-0.10389231404401023,0.6382900935041305,0.5343977794601202,0.001036235156220755
914,5,severe,8,32,random_score,unstable,2,0.18058268720951265,0.6382900935041306,0.8188727807136432,0.001036235156220755
914,5,severe,8,32,oracle_real_utility,helpful,32,0.3615145035751879,0.6382900935041306,0.9998045970793185,0.001036235156220755
914,6,severe,8,32,predicted_utility,harmful,2,-0.349669438417027,0.48427216225503883,0.1346027238380118,0.001036235156220755
914,6,severe,8,32,uncertainty_penalized,harmful,2,-0.349669438417027,0.48427216225503883,0.1346027238380118,0.001036235156220755
914,6,severe,8,32,random_score,harmful,2,-0.38489168436919885,0.48427216225503883,0.09938047788583995,0.001036235156220755
914,6,severe,8,32,oracle_real_utility,helpful,32,0.5155951724403434,0.4842721622550387,0.999867334695382,0.001036235156220755
914,7,severe,8,32,predicted_utility,harmful,2,-0.3628445945214539,0.501807169645542,0.13896257512408802,0.001036235156220755
914,7,severe,8,32,uncertainty_penalized,harmful,2,-0.44256679732216464,0.5018071696455421,0.059240372323377435,0.001036235156220755
914,7,severe,8,32,random_score,harmful,2,-0.13603284375668895,0.5018071696455417,0.3657743258888528,0.001036235156220755
914,7,severe,8,32,oracle_real_utility,helpful,32,0.49810762375964857,0.501807169645542,0.9999147934051905,0.001036235156220755
914,0,severe,8,64,predicted_utility,harmful,2,-0.3729680212797567,0.5234593506845159,0.15049132940475918,0.0010354878906468912
914,0,severe,8,64,uncertainty_penalized,harmful,2,-0.3730002378193984,0.5234593506845159,0.1504591128651175,0.0010354878906468912
914,0,severe,8,64,random_score,harmful,2,-0.2185887061849751,0.5234593506845157,0.30487064449954054,0.0010354878906468912
914,0,severe,8,64,oracle_real_utility,helpful,32,0.47481826124401405,0.5234593506845154,0.9982776119285295,0.0010354878906468912
914,1,severe,8,64,predicted_utility,harmful,2,-0.4193004479292168,0.6487280586113315,0.22942761068211476,0.0010354878906468912
914,1,severe,8,64,uncertainty_penalized,harmful,2,-0.40226078835858314,0.6487280586113315,0.2464672702527484,0.0010354878906468912
914,1,severe,8,64,random_score,helpful,128,0.2631075602872006,0.6487280586113314,0.911835618898532,0.0010354878906468912
914,1,severe,8,64,oracle_real_utility,helpful,16,0.35116969368448403,0.6487280586113313,0.9998977522958153,0.0010354878906468912
914,2,severe,8,64,predicted_utility,harmful,2,-0.08364895970610131,0.7429136887722229,0.6592647290661215,0.0010354878906468912
914,2,severe,8,64,uncertainty_penalized,harmful,2,-0.08364895970614328,0.7429136887722229,0.6592647290660796,0.0010354878906468912
914,2,severe,8,64,random_score,helpful,64,0.22710232331158375,0.7429136887722229,0.9700160120838066,0.0010354878906468912
914,2,severe,8,64,oracle_real_utility,helpful,32,0.2567844910975827,0.7429136887722225,0.9996981798698052,0.0010354878906468912
914,3,severe,8,64,predicted_utility,harmful,2,-0.3759521756633878,0.6443834571285447,0.26843128146515693,0.0010354878906468912
914,3,severe,8,64,uncertainty_penalized,harmful,2,-0.3759521756633878,0.6443834571285447,0.26843128146515693,0.0010354878906468912
914,3,severe,8,64,random_score,helpful,128,0.3379295614642974,0.6443834571285445,0.9823130185928419,0.0010354878906468912
914,3,severe,8,64,oracle_real_utility,helpful,16,0.3552966811019458,0.6443834571285445,0.9996801382304903,0.0010354878906468912
914,4,severe,8,64,predicted_utility,harmful,16,-0.04230219596899709,0.6703483081344703,0.6280461121654732,0.0010354878906468912
914,4,severe,8,64,uncertainty_penalized,harmful,16,-0.04230184101433354,0.6703483081344703,0.6280464671201368,0.0010354878906468912
914,4,severe,8,64,random_score,saturating,2,0.02183268887602907,0.6703483081344702,0.6921809970104993,0.0010354878906468912
914,4,severe,8,64,oracle_real_utility,helpful,32,0.32692205405149166,0.6703483081344703,0.997270362185962,0.0010354878906468912
914,5,severe,8,64,predicted_utility,saturating,16,0.027422794881848733,0.6056991120030238,0.6331219068848726,0.0010354878906468912
914,5,severe,8,64,uncertainty_penalized,saturating,16,0.027426642254293476,0.605699112003024,0.6331257542573174,0.0010354878906468912
914,5,severe,8,64,random_score,unstable,2,0.15906929738914888,0.6056991120030241,0.7647684093921729,0.0010354878906468912
914,5,severe,8,64,oracle_real_utility,helpful,32,0.3937518064341685,0.6056991120030241,0.9994509184371926,0.0010354878906468912
914,6,severe,8,64,predicted_utility,harmful,2,-0.40160308743059614,0.5264998903220779,0.12489680289148172,0.0010354878906468912
914,6,severe,8,64,uncertainty_penalized,harmful,2,-0.4013189436068253,0.5264998903220779,0.1251809467152526,0.0010354878906468912
914,6,severe,8,64,random_score,harmful,2,-0.3954775619289992,0.526499890322078,0.13102232839307884,0.0010354878906468912
914,6,severe,8,64,oracle_real_utility,helpful,32,0.4728611922135798,0.526499890322078,0.9993610825356578,0.0010354878906468912
914,7,severe,8,64,predicted_utility,harmful,2,-0.28387506439985355,0.5282920099288946,0.24441694552904103,0.0010354878906468912
914,7,severe,8,64,uncertainty_penalized,harmful,2,-0.3381163515611225,0.5282920099288946,0.1901756583677721,0.0010354878906468912
914,7,severe,8,64,random_score,harmful,2,-0.07343697534693094,0.5282920099288946,0.45485503458196364,0.0010354878906468912
914,7,severe,8,64,oracle_real_utility,helpful,32,0.4716785823440224,0.5282920099288948,0.9999705922729172,0.0010354878906468912
914,0,severe,8,128,predicted_utility,harmful,2,-0.2977914804300019,0.5338167574322437,0.23602527700224177,0.0008894848632792218
914,0,severe,8,128,uncertainty_penalized,harmful,2,-0.2977497944357775,0.5338167574322437,0.23606696299646618,0.0008894848632792218
914,0,severe,8,128,random_score,harmful,2,-0.18153183264954226,0.5338167574322435,0.3522849247827013,0.0008894848632792218
914,0,severe,8,128,oracle_real_utility,helpful,32,0.46206001187135515,0.5338167574322438,0.9958767693035989,0.0008894848632792218
914,1,severe,8,128,predicted_utility,harmful,2,-0.4318340709160707,0.7140830271417044,0.2822489562256337,0.0008894848632792218
914,1,severe,8,128,uncertainty_penalized,harmful,2,-0.43067869065850806,0.7140830271417044,0.2834043364831963,0.0008894848632792218
914,1,severe,8,128,random_score,helpful,128,0.20885467831958127,0.7140830271417045,0.9229377054612857,0.0008894848632792218
914,1,severe,8,128,oracle_real_utility,helpful,16,0.28515628522252634,0.7140830271417042,0.9992393123642306,0.0008894848632792218
914,2,severe,8,128,predicted_utility,harmful,2,-0.031940511303465646,0.7399885753537453,0.7080480640502796,0.0008894848632792218
914,2,severe,8,128,uncertainty_penalized,harmful,2,-0.03194065317386152,0.7399885753537454,0.7080479221798839,0.0008894848632792218
914,2,severe,8,128,random_score,harmful,2,-0.31834273293810295,0.7399885753537455,0.42164584241564257,0.0008894848632792218
914,2,severe,8,128,oracle_real_utility,helpful,32,0.2587929984631404,0.7399885753537457,0.9987815738168861,0.0008894848632792218
914,3,severe,8,128,predicted_utility,harmful,2,-0.3644199382821709,0.6408785989859116,0.2764586607037407,0.0008894848632792218
914,3,severe,8,128,uncertainty_penalized,harmful,2,-0.3645255516363149,0.6408785989859116,0.2763530473495967,0.0008894848632792218
914,3,severe,8,128,random_score,helpful,128,0.2695475791021884,0.6408785989859116,0.9104261780881,0.0008894848632792218
914,3,severe,8,128,oracle_real_utility,helpful,16,0.3586868354668852,0.6408785989859113,0.9995654344527964,0.0008894848632792218
914,4,severe,8,128,predicted_utility,saturating,16,-0.007272222135444761,0.6508913441344956,0.6436191219990508,0.0008894848632792218
914,4,severe,8,128,uncertainty_penalized,saturating,32,-0.006684751856599225,0.6508913441344955,0.6442065922778962,0.0008894848632792218
914,4,severe,8,128,random_score,unstable,2,0.1180490716804592,0.6508913441344948,0.768940415814954,0.0008894848632792218
914,4,severe,8,128,oracle_real_utility,helpful,32,0.342275934931479,0.6508913441344949,0.9931672790659739,0.0008894848632792218
914,5,severe,8,128,predicted_utility,saturating,16,0.0025705355744440883,0.664038596136572,0.6666091317110161,0.0008894848632792218
914,5,severe,8,128,uncertainty_penalized,saturating,16,0.01242183752558268,0.664038596136572,0.6764604336621547,0.0008894848632792218
914,5,severe,8,128,random_score,unstable,2,0.1382036344335984,0.6640385961365717,0.8022422305701701,0.0008894848632792218
914,5,severe,8,128,oracle_real_utility,helpful,32,0.3324009855787692,0.6640385961365718,0.996439581715341,0.0008894848632792218
914,6,severe,8,128,predicted_utility,harmful,2,-0.3308844402585465,0.5551237259226645,0.22423928566411794,0.0008894848632792218
914,6,severe,8,128,uncertainty_penalized,harmful,2,-0.330243589370209,0.5551237259226646,0.2248801365524556,0.0008894848632792218
914,6,severe,8,128,random_score,helpful,2,0.23828416415672637,0.5551237259226645,0.7934078900793908,0.0008894848632792218
914,6,severe,8,128,oracle_real_utility,helpful,32,0.4430494414168893,0.5551237259226646,0.9981731673395539,0.0008894848632792218
914,7,severe,8,128,predicted_utility,harmful,2,-0.32678946441267026,0.5637643654253218,0.23697490101265156,0.0008894848632792218
914,7,severe,8,128,uncertainty_penalized,harmful,2,-0.3378163515499242,0.5637643654253218,0.22594801387539767,0.0008894848632792218
914,7,severe,8,128,random_score,harmful,2,-0.12517681930905544,0.5637643654253215,0.43858754611626605,0.0008894848632792218
914,7,severe,8,128,oracle_real_utility,helpful,32,0.43553169949402704,0.5637643654253215,0.9992960649193485,0.0008894848632792218
914,0,severe,12,32,predicted_utility,harmful,2,-0.2955260348825961,0.5090481979242806,0.2135221630416845,0.0014632964844167873
914,0,severe,12,32,uncertainty_penalized,harmful,2,-0.2955666988033554,0.5090481979242806,0.21348149912092515,0.0014632964844167873
914,0,severe,12,32,random_score,harmful,4,-0.17046533343791892,0.5090481979242807,0.33858286448636177,0.0014632964844167873
914,0,severe,12,32,oracle_real_utility,helpful,32,0.49094601635858715,0.5090481979242807,0.9999942142828678,0.0014632964844167873
914,1,severe,12,32,predicted_utility,harmful,4,-0.07485696039790274,0.3418667399843411,0.26700977958643834,0.0014632964844167873
914,1,severe,12,32,uncertainty_penalized,harmful,4,-0.07485696039790418,0.34186673998434103,0.26700977958643685,0.0014632964844167873
914,1,severe,12,32,random_score,harmful,2,-0.047631587926576624,0.34186673998434103,0.2942351520577644,0.0014632964844167873
914,1,severe,12,32,oracle_real_utility,helpful,128,0.6577292568651496,0.3418667399843411,0.9995959968494906,0.0014632964844167873
914,2,severe,12,32,predicted_utility,harmful,2,-0.3004994378690629,0.6028283846429496,0.3023289467738867,0.0014632964844167873
914,2,severe,12,32,uncertainty_penalized,harmful,2,-0.30049943564262815,0.6028283846429497,0.3023289490003216,0.0014632964844167873
914,2,severe,12,32,random_score,helpful,128,0.3442755855522416,0.6028283846429499,0.9471039701951914,0.0014632964844167873
914,2,severe,12,32,oracle_real_utility,helpful,32,0.3970467531115792,0.6028283846429497,0.999875137754529,0.0014632964844167873
914,3,severe,12,32,predicted_utility,harmful,2,-0.17773702221491625,0.367774146204929,0.19003712399001274,0.0014632964844167873
914,3,severe,12,32,uncertainty_penalized,harmful,2,-0.17773702221491625,0.367774146204929,0.19003712399001274,0.0014632964844167873
914,3,severe,12,32,random_score,helpful,128,0.519467601710278,0.36777414620492904,0.887241747915207,0.0014632964844167873
914,3,severe,12,32,oracle_real_utility,helpful,64,0.6321513704808459,0.367774146204929,0.9999255166857749,0.0014632964844167873
914,4,severe,12,32,predicted_utility,harmful,2,-0.35655197357685636,0.5874268868187861,0.2308749132419297,0.0014632964844167873
914,4,severe,12,32,uncertainty_penalized,harmful,2,-0.35655197362510893,0.587426886818786,0.23087491319367706,0.0014632964844167873
914,4,severe,12,32,random_score,unstable,2,0.3504661804046466,0.5874268868187862,0.9378930672234328,0.0014632964844167873
914,4,severe,12,32,oracle_real_utility,helpful,16,0.41249320322187555,0.5874268868187862,0.9999200900406617,0.0014632964844167873
914,5,severe,12,32,predicted_utility,harmful,2,-0.2186351786559696,0.41039068436220344,0.19175550570623384,0.0014632964844167873
914,5,severe,12,32,uncertainty_penalized,harmful,2,-0.2186351786561878,0.41039068436220344,0.19175550570601563,0.0014632964844167873
914,5,severe,12,32,random_score,unstable,2,0.06323837457186893,0.4103906843622034,0.4736290589340723,0.0014632964844167873
914,5,severe,12,32,oracle_real_utility,helpful,64,0.5895817821779568,0.41039068436220344,0.9999724665401601,0.0014632964844167873
914,6,severe,12,32,predicted_utility,harmful,8,-0.050917269503914564,0.3661234503538382,0.31520618084992363,0.0014632964844167873
914,6,severe,12,32,uncertainty_penalized,harmful,8,-0.05088476555162008,0.3661234503538382,0.3152386848022181,0.0014632964844167873
914,6,severe,12,32,random_score,harmful,2,-0.3253978511168856,0.3661234503538381,0.04072559923695254,0.0014632964844167873
914,6,severe,12,32,oracle_real_utility,helpful,32,0.6336207373070334,0.3661234503538381,0.9997441876608715,0.0014632964844167873
914,7,severe,12,32,predicted_utility,harmful,2,-0.3498749279676262,0.5209885000506453,0.17111357208301917,0.0014632964844167873
914,7,severe,12,32,uncertainty_penalized,harmful,2,-0.3498749279676203,0.5209885000506453,0.17111357208302502,0.0014632964844167873
914,7,severe,12,32,random_score,harmful,2,-0.18179686062683076,0.5209885000506453,0.3391916394238146,0.0014632964844167873
914,7,severe,12,32,oracle_real_utility,helpful,32,0.478998769348445,0.5209885000506452,0.9999872693990902,0.0014632964844167873
914,0,severe,12,64,predicted_utility,harmful,2,-0.302027460111962,0.5080303515429253,0.2060028914309633,0.0012828017577817263
914,0,severe,12,64,uncertainty_penalized,harmful,2,-0.3250185132971162,0.5080303515429253,0.1830118382458091,0.0012828017577817263
914,0,severe,12,64,random_score,harmful,4,-0.1273222253901844,0.5080303515429253,0.3807081261527409,0.0012828017577817263
914,0,severe,12,64,oracle_real_utility,helpful,32,0.4914057112543808,0.5080303515429253,0.9994360627973061,0.0012828017577817263
914,1,severe,12,64,predicted_utility,harmful,4,-0.09990999993830713,0.356467138307777,0.25655713836946986,0.0012828017577817263
914,1,severe,12,64,uncertainty_penalized,harmful,4,-0.0998808712938758,0.356467138307777,0.2565862670139012,0.0012828017577817263
914,1,severe,12,64,random_score,unstable,2,0.07537826995333663,0.356467138307777,0.4318454082611136,0.0012828017577817263
914,1,severe,12,64,oracle_real_utility,helpful,64,0.6430613806801453,0.35646713830777693,0.9995285189879223,0.0012828017577817263
914,2,severe,12,64,predicted_utility,harmful,2,-0.30828981944234507,0.6113215925859197,0.3030317731435746,0.0012828017577817263
914,2,severe,12,64,uncertainty_penalized,harmful,2,-0.30995690111061425,0.6113215925859197,0.3013646914753054,0.0012828017577817263
914,2,severe,12,64,random_score,harmful,16,-0.05615770436005252,0.6113215925859201,0.5551638882258676,0.0012828017577817263
914,2,severe,12,64,oracle_real_utility,helpful,32,0.3878567615849221,0.6113215925859201,0.9991783541708422,0.0012828017577817263
914,3,severe,12,64,predicted_utility,harmful,4,-0.1975877909485752,0.4816390705948534,0.2840512796462782,0.0012828017577817263
914,3,severe,12,64,uncertainty_penalized,harmful,4,-0.19758779149123856,0.4816390705948534,0.28405127910361483,0.0012828017577817263
914,3,severe,12,64,random_score,harmful,8,-0.427450807344892,0.4816390705948535,0.05418826324996152,0.0012828017577817263
914,3,severe,12,64,oracle_real_utility,helpful,64,0.5179031929548703,0.4816390705948534,0.9995422635497238,0.0012828017577817263
914,4,severe,12,64,predicted_utility,harmful,2,-0.326656374936732,0.5653994418846997,0.2387430669479677,0.0012828017577817263
914,4,severe,12,64,uncertainty_penalized,harmful,2,-0.3266563796691862,0.5653994418846997,0.2387430622155135,0.0012828017577817263
914,4,severe,12,64,random_score,unstable,2,0.298256305195715,0.5653994418846996,0.8636557470804146,0.0012828017577817263
914,4,severe,12,64,oracle_real_utility,helpful,32,0.43346624241766507,0.5653994418846996,0.9988656843023647,0.0012828017577817263
914,5,severe,12,64,predicted_utility,harmful,2,-0.1947219512632854,0.40741491518396566,0.21269296392068027,0.0012828017577817263
914,5,severe,12,64,uncertainty_penalized,harmful,2,-0.19472200867869308,0.40741491518396566,0.2126929065052726,0.0012828017577817263
914,5,severe,12,64,random_score,saturating,4,0.01927144582284962,0.40741491518396555,0.4266863610068152,0.0012828017577817263
914,5,severe,12,64,oracle_real_utility,helpful,64,0.5922054444917292,0.40741491518396566,0.9996203596756948,0.0012828017577817263
914,6,severe,12,64,predicted_utility,unstable,8,0.038146078962281005,0.3498865445755485,0.3880326235378295,0.0012828017577817263
914,6,severe,12,64,uncertainty_penalized,unstable,8,0.03817550312675283,0.3498865445755485,0.38806204770230135,0.0012828017577817263
914,6,severe,12,64,random_score,harmful,2,-0.18714805924389719,0.3498865445755486,0.1627384853316514,0.0012828017577817263
914,6,severe,12,64,oracle_real_utility,helpful,64,0.6483001638524515,0.3498865445755485,0.9981867084280001,0.0012828017577817263
914,7,severe,12,64,predicted_utility,harmful,2,-0.3383858218524109,0.5147580419780158,0.17637222012560488,0.0012828017577817263
914,7,severe,12,64,uncertainty_penalized,harmful,2,-0.33833157584202495,0.5147580419780158,0.17642646613599083,0.0012828017577817263
914,7,severe,12,64,random_score,harmful,2,-0.21096312118955085,0.5147580419780156,0.3037949207884647,0.0012828017577817263
914,7,severe,12,64,oracle_real_utility,helpful,32,0.4851299375711412,0.5147580419780157,0.9998879795491569,0.0012828017577817263
914,0,severe,12,128,predicted_utility,harmful,2,-0.33750718749985853,0.5062429875719994,0.16873580007214084,0.001220118457041508
914,0,severe,12,128,uncertainty_penalized,harmful,2,-0.3391260642263848,0.5062429875719994,0.16711692334561457,0.001220118457041508
914,0,severe,12,128,random_score,harmful,32,-0.18454809570975633,0.5062429875719994,0.32169489186224304,0.001220118457041508
914,0,severe,12,128,oracle_real_utility,helpful,32,0.4921249645166672,0.5062429875719994,0.9983679520886666,0.001220118457041508
914,1,severe,12,128,predicted_utility,harmful,4,-0.12622662087177539,0.3765457826940898,0.2503191618223144,0.001220118457041508
914,1,severe,12,128,uncertainty_penalized,harmful,4,-0.12625567148495914,0.3765457826940898,0.25029011120913064,0.001220118457041508
914,1,severe,12,128,random_score,saturating,2,-0.005781387184255693,0.3765457826940897,0.37076439550983403,0.001220118457041508
914,1,severe,12,128,oracle_real_utility,helpful,64,0.6227111904704233,0.3765457826940898,0.9992569731645131,0.001220118457041508
914,2,severe,12,128,predicted_utility,harmful,2,-0.30750655377510916,0.6069937004346344,0.29948714665952525,0.001220118457041508
914,2,severe,12,128,uncertainty_penalized,harmful,2,-0.3076991110995593,0.6069937004346343,0.299294589335075,0.001220118457041508
914,2,severe,12,128,random_score,helpful,32,0.21340352365614923,0.6069937004346341,0.8203972240907833,0.001220118457041508
914,2,severe,12,128,oracle_real_utility,helpful,32,0.3910169535075302,0.606993700434634,0.9980106539421641,0.001220118457041508
914,3,severe,12,128,predicted_utility,harmful,4,-0.19605652849317967,0.5046169637939781,0.30856043530079846,0.001220118457041508
914,3,severe,12,128,uncertainty_penalized,harmful,4,-0.20533285627799192,0.5046169637939781,0.2992841075159862,0.001220118457041508
914,3,severe,12,128,random_score,harmful,2,-0.3543613598021727,0.5046169637939782,0.15025560399180554,0.001220118457041508
914,3,severe,12,128,oracle_real_utility,helpful,32,0.49401391731872857,0.5046169637939781,0.9986308811127067,0.001220118457041508
914,4,severe,12,128,predicted_utility,harmful,2,-0.33076590172271414,0.5693875368497967,0.2386216351270826,0.001220118457041508
914,4,severe,12,128,uncertainty_penalized,harmful,2,-0.3309458546119063,0.5693875368497967,0.23844168223789045,0.001220118457041508
914,4,severe,12,128,random_score,helpful,2,0.3154120273952241,0.5693875368497968,0.8847995642450209,0.001220118457041508
914,4,severe,12,128,oracle_real_utility,helpful,32,0.428947594497896,0.569387536849797,0.998335131347693,0.001220118457041508
914,5,severe,12,128,predicted_utility,harmful,2,-0.1645763780095122,0.4884031682879455,0.3238267902784333,0.001220118457041508
914,5,severe,12,128,uncertainty_penalized,harmful,2,-0.16464347151193626,0.4884031682879455,0.32375969677600924,0.001220118457041508
914,5,severe,12,128,random_score,helpful,16,0.07506703523613145,0.4884031682879454,0.5634702035240768,0.001220118457041508
914,5,severe,12,128,oracle_real_utility,helpful,64,0.5109108333749508,0.48840316828794567,0.9993140016628965,0.001220118457041508
914,6,severe,12,128,predicted_utility,harmful,8,-0.0414133390403042,0.3666052892857804,0.3251919502454762,0.001220118457041508
914,6,severe,12,128,uncertainty_penalized,harmful,8,-0.041159742484396966,0.3666052892857804,0.32544554680138343,0.001220118457041508
914,6,severe,12,128,random_score,helpful,64,0.05277998339977169,0.36660528928578034,0.41938527268555204,0.001220118457041508
914,6,severe,12,128,oracle_real_utility,helpful,64,0.6285637098197965,0.3666052892857805,0.995168999105577,0.001220118457041508
914,7,severe,12,128,predicted_utility,harmful,2,-0.3662185619791977,0.545533486256804,0.17931492427760626,0.001220118457041508
914,7,severe,12,128,uncertainty_penalized,harmful,2,-0.3662180915910369,0.5455334862568041,0.17931539466576715,0.001220118457041508
914,7,severe,12,128,random_score,harmful,2,-0.24167168987297638,0.545533486256804,0.3038617963838276,0.001220118457041508
914,7,severe,12,128,oracle_real_utility,helpful,32,0.454149700589242,0.545533486256804,0.999683186846046,0.001220118457041508
915,0,mild,4,32,predicted_utility,harmful,8,-0.04117104791706494,0.5554032509313254,0.5142322030142604,0.0007396886719561735
915,0,mild,4,32,uncertainty_penalized,harmful,8,-0.04117104791705306,0.5554032509313253,0.5142322030142722,0.0007396886719561735
915,0,mild,4,32,random_score,harmful,2,-0.3026723863354573,0.5554032509313254,0.2527308645958681,0.0007396886719561735
915,0,mild,4,32,oracle_real_utility,helpful,32,0.4444356793593265,0.5554032509313254,0.9998389302906519,0.0007396886719561735
915,1,mild,4,32,predicted_utility,harmful,4,-0.07258598005237205,0.5788821463147512,0.5062961662623792,0.0007396886719561735
915,1,mild,4,32,uncertainty_penalized,harmful,4,-0.07258595964086934,0.5788821463147511,0.5062961866738818,0.0007396886719561735
915,1,mild,4,32,random_score,unstable,128,0.41267092902633473,0.5788821463147511,0.9915530753410858,0.0007396886719561735
915,1,mild,4,32,oracle_real_utility,helpful,32,0.42111183316793965,0.578882146314751,0.9999939794826906,0.0007396886719561735
915,2,mild,4,32,predicted_utility,harmful,4,-0.055166454403696774,0.48901797046070966,0.4338515160570129,0.0007396886719561735
915,2,mild,4,32,uncertainty_penalized,harmful,4,-0.05516645440369672,0.4890179704607096,0.4338515160570129,0.0007396886719561735
915,2,mild,4,32,random_score,harmful,4,-0.22993052560382082,0.4890179704607096,0.2590874448568888,0.0007396886719561735
915,2,mild,4,32,oracle_real_utility,helpful,32,0.5107758765521546,0.4890179704607096,0.9997938470128642,0.0007396886719561735
915,3,mild,4,32,predicted_utility,helpful,64,0.36930441330967057,0.5961227347659024,0.965427148075573,0.0007396886719561735
915,3,mild,4,32,uncertainty_penalized,helpful,64,0.36930441330967057,0.5961227347659024,0.965427148075573,0.0007396886719561735
915,3,mild,4,32,random_score,harmful,16,-0.13738245520290265,0.5961227347659026,0.45874027956299995,0.0007396886719561735
915,3,mild,4,32,oracle_real_utility,helpful,32,0.4037008088173957,0.5961227347659025,0.9998235435832982,0.0007396886719561735
915,4,mild,4,32,predicted_utility,helpful,32,0.4421878767243864,0.5083197181981934,0.9505075949225799,0.0007396886719561735
915,4,mild,4,32,uncertainty_penalized,helpful,32,0.44021793981901836,0.5083197181981933,0.9485376580172117,0.0007396886719561735
915,4,mild,4,32,random_score,harmful,16,-0.0688624726248902,0.5083197181981933,0.4394572455733031,0.0007396886719561735
915,4,mild,4,32,oracle_real_utility,helpful,64,0.49132357682532735,0.5083197181981934,0.9996432950235208,0.0007396886719561735
915,5,mild,4,32,predicted_utility,harmful,4,-0.1716349249102852,0.5956251616719521,0.4239902367616669,0.0007396886719561735
915,5,mild,4,32,uncertainty_penalized,harmful,4,-0.19696700098493286,0.5956251616719521,0.39865816068701926,0.0007396886719561735
915,5,mild,4,32,random_score,harmful,2,-0.24485049705005069,0.595625161671952,0.3507746646219013,0.0007396886719561735
915,5,mild,4,32,oracle_real_utility,helpful,32,0.4040888475227542,0.595625161671952,0.9997140091947062,0.0007396886719561735
915,6,mild,4,32,predicted_utility,harmful,4,-0.19108567884066524,0.6242527536540416,0.4331670748133764,0.0007396886719561735
915,6,mild,4,32,uncertainty_penalized,harmful,2,-0.19108568045498336,0.6242527536540416,0.4331670731990583,0.0007396886719561735
915,6,mild,4,32,random_score,helpful,128,0.3668419907308832,0.6242527536540415,0.9910947443849247,0.0007396886719561735
915,6,mild,4,32,oracle_real_utility,helpful,32,0.37563734282629757,0.6242527536540415,0.9998900964803391,0.0007396886719561735
915,7,mild,4,32,predicted_utility,helpful,32,0.25761425971071616,0.6265227763710788,0.884137036081795,0.0007396886719561735
915,7,mild,4,32,uncertainty_penalized,helpful,32,0.25761436060780185,0.626522776371079,0.8841371369788809,0.0007396886719561735
915,7,mild,4,32,random_score,helpful,64,0.10253095321262806,0.6265227763710789,0.729053729583707,0.0007396886719561735
915,7,mild,4,32,oracle_real_utility,helpful,64,0.37236959552375404,0.6265227763710789,0.9988923718948329,0.0007396886719561735
915,0,mild,4,64,predicted_utility,unstable,8,0.008227623525514649,0.5063384436205766,0.5145660671460912,0.0006279232421775305
915,0,mild,4,64,uncertainty_penalized,unstable,8,0.008258493112349163,0.5063384436205766,0.5145969367329257,0.0006279232421775305
915,0,mild,4,64,random_score,helpful,128,0.375353836447894,0.5063384436205767,0.8816922800684707,0.0006279232421775305
915,0,mild,4,64,oracle_real_utility,helpful,32,0.49329302075352455,0.5063384436205769,0.9996314643741014,0.0006279232421775305
915,1,mild,4,64,predicted_utility,harmful,4,-0.07140887247522909,0.5734497986343611,0.502040926159132,0.0006279232421775305
915,1,mild,4,64,uncertainty_penalized,harmful,4,-0.07139941875151978,0.5734497986343612,0.5020503798828414,0.0006279232421775305
915,1,mild,4,64,random_score,harmful,16,-0.23922366901470277,0.573449798634361,0.3342261296196582,0.0006279232421775305
915,1,mild,4,64,oracle_real_utility,helpful,32,0.42559195828285945,0.5734497986343612,0.9990417569172206,0.0006279232421775305
915,2,mild,4,64,predicted_utility,harmful,4,-0.09637825822810653,0.5744909042947112,0.47811264606660464,0.0006279232421775305
915,2,mild,4,64,uncertainty_penalized,harmful,4,-0.09638922033017727,0.5744909042947112,0.4781016839645339,0.0006279232421775305
915,2,mild,4,64,random_score,helpful,128,0.3785292913574343,0.5744909042947111,0.9530201956521454,0.0006279232421775305
915,2,mild,4,64,oracle_real_utility,helpful,32,0.4253299945105594,0.5744909042947114,0.9998208988052708,0.0006279232421775305
915,3,mild,4,64,predicted_utility,helpful,64,0.36207020928827216,0.5803528127382032,0.9424230220264753,0.0006279232421775305
915,3,mild,4,64,uncertainty_penalized,helpful,64,0.36205616306387245,0.580352812738203,0.9424089758020755,0.0006279232421775305
915,3,mild,4,64,random_score,harmful,16,-0.18298535528814824,0.5803528127382029,0.3973674574500547,0.0006279232421775305
915,3,mild,4,64,oracle_real_utility,helpful,32,0.41941089264909714,0.580352812738203,0.9997637053873002,0.0006279232421775305
915,4,mild,4,64,predicted_utility,helpful,16,0.16494079276206774,0.40492573284070643,0.5698665256027742,0.0006279232421775305
915,4,mild,4,64,uncertainty_penalized,helpful,16,0.1657793357021472,0.40492573284070643,0.5707050685428536,0.0006279232421775305
915,4,mild,4,64,random_score,harmful,2,-0.15746706388789802,0.4049257328407063,0.2474586689528083,0.0006279232421775305
915,4,mild,4,64,oracle_real_utility,helpful,128,0.5867537326770957,0.40492573284070643,0.9916794655178022,0.0006279232421775305
915,5,mild,4,64,predicted_utility,harmful,4,-0.14796545933152977,0.556405587644349,0.40844012831281923,0.0006279232421775305
915,5,mild,4,64,uncertainty_penalized,harmful,4,-0.1509591600988212,0.5564055876443489,0.4054464275455277,0.0006279232421775305
915,5,mild,4,64,random_score,harmful,32,-0.2389800219741276,0.5564055876443492,0.3174255656702216,0.0006279232421775305
915,5,mild,4,64,oracle_real_utility,helpful,32,0.44134883549244797,0.556405587644349,0.997754423136797,0.0006279232421775305
915,6,mild,4,64,predicted_utility,harmful,4,-0.12049409252063525,0.5738144525851173,0.45332036006448206,0.0006279232421775305
915,6,mild,4,64,uncertainty_penalized,harmful,4,-0.12118845910992687,0.5738144525851175,0.45262599347519067,0.0006279232421775305
915,6,mild,4,64,random_score,helpful,128,0.3506086404943185,0.5738144525851177,0.9244230930794362,0.0006279232421775305
915,6,mild,4,64,oracle_real_utility,helpful,32,0.42594003788822055,0.5738144525851174,0.999754490473338,0.0006279232421775305
915,7,mild,4,64,predicted_utility,helpful,32,0.30036094597009166,0.5743970940473853,0.8747580400174769,0.0006279232421775305
915,7,mild,4,64,uncertainty_penalized,helpful,32,0.29714656453784527,0.5743970940473851,0.8715436585852304,0.0006279232421775305
915,7,mild,4,64,random_score,helpful,4,0.14469275415300442,0.5743970940473851,0.7190898482003896,0.0006279232421775305
915,7,mild,4,64,oracle_real_utility,helpful,64,0.42286085226313486,0.574397094047385,0.9972579463105199,0.0006279232421775305
915,0,mild,4,128,predicted_utility,harmful,8,-0.025986797602418954,0.5373336118049715,0.5113468142025526,0.0006422298828283601
915,0,mild,4,128,uncertainty_penalized,harmful,8,-0.02675701935251551,0.5373336118049716,0.5105765924524561,0.0006422298828283601
915,0,mild,4,128,random_score,helpful,2,0.20618601853547325,0.5373336118049715,0.7435196303404448,0.0006422298828283601
915,0,mild,4,128,oracle_real_utility,helpful,32,0.46213238630350095,0.5373336118049716,0.9994659981084726,0.0006422298828283601
915,1,mild,4,128,predicted_utility,harmful,4,-0.059909650981983975,0.5650087891476117,0.5050991381656277,0.0006422298828283601
915,1,mild,4,128,uncertainty_penalized,harmful,4,-0.06343203039858603,0.5650087891476117,0.5015767587490256,0.0006422298828283601
915,1,mild,4,128,random_score,harmful,16,-0.11872495984834702,0.5650087891476117,0.44628382929926463,0.0006422298828283601
915,1,mild,4,128,oracle_real_utility,helpful,32,0.4326935295835571,0.5650087891476117,0.9977023187311688,0.0006422298828283601
915,2,mild,4,128,predicted_utility,harmful,4,-0.09778180579047435,0.5742417470596972,0.47645994126922286,0.0006422298828283601
915,2,mild,4,128,uncertainty_penalized,harmful,4,-0.0971551570548112,0.5742417470596973,0.4770865900048861,0.0006422298828283601
915,2,mild,4,128,random_score,harmful,2,-0.1355627769492289,0.5742417470596973,0.4386789701104684,0.0006422298828283601
915,2,mild,4,128,oracle_real_utility,helpful,32,0.4228851009589478,0.5742417470596972,0.997126848018645,0.0006422298828283601
915,3,mild,4,128,predicted_utility,helpful,32,0.34080108142390175,0.6013988251335548,0.9421999065574566,0.0006422298828283601
915,3,mild,4,128,uncertainty_penalized,helpful,32,0.3316587534342017,0.6013988251335548,0.9330575785677565,0.0006422298828283601
915,3,mild,4,128,random_score,harmful,32,-0.14627415095392005,0.6013988251335547,0.45512467417963465,0.0006422298828283601
915,3,mild,4,128,oracle_real_utility,helpful,32,0.39786097984678115,0.6013988251335546,0.9992598049803357,0.0006422298828283601
915,4,mild,4,128,predicted_utility,helpful,16,0.13817690555278606,0.4267818456539436,0.5649587512067297,0.0006422298828283601
915,4,mild,4,128,uncertainty_penalized,helpful,16,0.13592972434428774,0.4267818456539436,0.5627115699982314,0.0006422298828283601
915,4,mild,4,128,random_score,saturating,4,0.0032601068839931413,0.4267818456539436,0.43004195253793676,0.0006422298828283601
915,4,mild,4,128,oracle_real_utility,helpful,128,0.5610475237686956,0.42678184565394367,0.9878293694226392,0.0006422298828283601
915,5,mild,4,128,predicted_utility,harmful,4,-0.13276098463106756,0.5561371798575884,0.4233761952265208,0.0006422298828283601
915,5,mild,4,128,uncertainty_penalized,harmful,2,-0.1329065339316044,0.5561371798575885,0.4232306459259841,0.0006422298828283601
915,5,mild,4,128,random_score,harmful,32,-0.1799056630457999,0.5561371798575886,0.3762315168117887,0.0006422298828283601
915,5,mild,4,128,oracle_real_utility,helpful,32,0.44035622250363615,0.5561371798575884,0.9964934023612245,0.0006422298828283601
915,6,mild,4,128,predicted_utility,harmful,4,-0.08146353966970732,0.5510947893389498,0.4696312496692425,0.0006422298828283601
915,6,mild,4,128,uncertainty_penalized,harmful,4,-0.08337846233412871,0.5510947893389501,0.46771632700482135,0.0006422298828283601
915,6,mild,4,128,random_score,helpful,2,0.19313725196892884,0.5510947893389497,0.7442320413078786,0.0006422298828283601
915,6,mild,4,128,oracle_real_utility,helpful,32,0.44768531849736704,0.5510947893389497,0.9987801078363168,0.0006422298828283601
915,7,mild,4,128,predicted_utility,helpful,32,0.3022466853807494,0.5816117432222346,0.883858428602984,0.0006422298828283601
915,7,mild,4,128,uncertainty_penalized,helpful,32,0.3014621986359046,0.5816117432222347,0.8830739418581394,0.0006422298828283601
915,7,mild,4,128,random_score,saturating,4,0.027737358879830643,0.5816117432222347,0.6093491021020654,0.0006422298828283601
915,7,mild,4,128,oracle_real_utility,helpful,64,0.4153770797585784,0.5816117432222347,0.9969888229808131,0.0006422298828283601
915,0,mild,8,32,predicted_utility,helpful,128,0.6040109688744264,0.3481876119377977,0.9521985808122241,0.0009636335937557305
915,0,mild,8,32,uncertainty_penalized,helpful,128,0.6040109688744264,0.3481876119377977,0.9521985808122241,0.0009636335937557305
915,0,mild,8,32,random_score,unstable,2,0.08357848485335123,0.34818761193779774,0.43176609679114897,0.0009636335937557305
915,0,mild,8,32,oracle_real_utility,helpful,128,0.6510395957013873,0.3481876119377977,0.9992272076391849,0.0009636335937557305
915,1,mild,8,32,predicted_utility,unstable,16,0.0682348041344994,0.38090090606793875,0.44913571020243814,0.0009636335937557305
915,1,mild,8,32,uncertainty_penalized,unstable,16,0.0683513230767655,0.38090090606793875,0.44925222914470425,0.0009636335937557305
915,1,mild,8,32,random_score,harmful,16,-0.25842537320961634,0.3809009060679388,0.12247553285832245,0.0009636335937557305
915,1,mild,8,32,oracle_real_utility,helpful,64,0.6189546738006317,0.3809009060679388,0.9998555798685705,0.0009636335937557305
915,2,mild,8,32,predicted_utility,unstable,32,0.16012267019847837,0.37702595071848966,0.537148620916968,0.0009636335937557305
915,2,mild,8,32,uncertainty_penalized,unstable,32,0.15982222523649348,0.37702595071848966,0.5368481759549831,0.0009636335937557305
915,2,mild,8,32,random_score,harmful,8,-0.09509980674175955,0.3770259507184897,0.28192614397673016,0.0009636335937557305
915,2,mild,8,32,oracle_real_utility,helpful,64,0.6226628059695176,0.3770259507184896,0.9996887566880072,0.0009636335937557305
915,3,mild,8,32,predicted_utility,unstable,32,0.22806465740583765,0.365089570083766,0.5931542274896037,0.0009636335937557305
915,3,mild,8,32,uncertainty_penalized,unstable,32,0.22806465740583765,0.365089570083766,0.5931542274896037,0.0009636335937557305
915,3,mild,8,32,random_score,harmful,2,-0.10053648714916563,0.365089570083766,0.2645530829346004,0.0009636335937557305
915,3,mild,8,32,oracle_real_utility,helpful,128,0.6279211625901202,0.365089570083766,0.9930107326738862,0.0009636335937557305
915,4,mild,8,32,predicted_utility,unstable,16,0.12075943940657963,0.3585020028186536,0.4792614422252332,0.0009636335937557305
915,4,mild,8,32,uncertainty_penalized,unstable,8,0.12075941265338214,0.35850200281865363,0.47926141547203577,0.0009636335937557305
915,4,mild,8,32,random_score,helpful,8,0.11932457775679955,0.3585020028186535,0.4778265805754531,0.0009636335937557305
915,4,mild,8,32,oracle_real_utility,helpful,64,0.6414889124442091,0.3585020028186536,0.9999909152628627,0.0009636335937557305
915,5,mild,8,32,predicted_utility,unstable,8,0.12035846340795531,0.3901271690701661,0.5104856324781214,0.0009636335937557305
915,5,mild,8,32,uncertainty_penalized,unstable,8,0.12035846317634757,0.3901271690701661,0.5104856322465137,0.0009636335937557305
915,5,mild,8,32,random_score,helpful,128,0.5500804939294675,0.3901271690701662,0.9402076629996337,0.0009636335937557305
915,5,mild,8,32,oracle_real_utility,helpful,64,0.6090351250906687,0.39012716907016615,0.9991622941608348,0.0009636335937557305
915,6,mild,8,32,predicted_utility,helpful,32,0.17899086337503584,0.34105212730519513,0.520042990680231,0.0009636335937557305
915,6,mild,8,32,uncertainty_penalized,helpful,32,0.1675594522879203,0.34105212730519513,0.5086115795931154,0.0009636335937557305
915,6,mild,8,32,random_score,harmful,2,-0.26111668845479075,0.3410521273051951,0.07993543885040433,0.0009636335937557305
915,6,mild,8,32,oracle_real_utility,helpful,128,0.6507012858424863,0.3410521273051951,0.9917534131476814,0.0009636335937557305
915,7,mild,8,32,predicted_utility,unstable,16,0.1342636736133906,0.36119249573442597,0.49545616934781656,0.0009636335937557305
915,7,mild,8,32,uncertainty_penalized,unstable,16,0.13426367360145663,0.361192495734426,0.49545616933588266,0.0009636335937557305
915,7,mild,8,32,random_score,helpful,128,0.5997371325123331,0.36119249573442597,0.960929628246759,0.0009636335937557305
915,7,mild,8,32,oracle_real_utility,helpful,64,0.638798197336917,0.36119249573442597,0.9999906930713429,0.0009636335937557305
915,0,mild,8,64,predicted_utility,unstable,16,0.11954563142011682,0.4206362963711006,0.5401819277912174,0.0009209806640342322
915,0,mild,8,64,uncertainty_penalized,unstable,16,0.11954563143045904,0.42063629637110067,0.5401819278015597,0.0009209806640342322
915,0,mild,8,64,random_score,unstable,2,0.13655341783668862,0.4206362963711008,0.5571897142077894,0.0009209806640342322
915,0,mild,8,64,oracle_real_utility,helpful,64,0.5764572178326557,0.4206362963711006,0.9970935142037562,0.0009209806640342322
915,1,mild,8,64,predicted_utility,unstable,16,0.09721866473070029,0.48267904474823586,0.5798977094789362,0.0009209806640342322
915,1,mild,8,64,uncertainty_penalized,unstable,16,0.09783026896194619,0.4826790447482359,0.5805093137101821,0.0009209806640342322
915,1,mild,8,64,random_score,harmful,2,-0.3635190036439438,0.4826790447482358,0.11916004110429203,0.0009209806640342322
915,1,mild,8,64,oracle_real_utility,helpful,32,0.514993264813193,0.4826790447482358,0.9976723095614287,0.0009209806640342322
915,2,mild,8,64,predicted_utility,unstable,16,0.13741085575376477,0.3986717256247756,0.5360825813785404,0.0009209806640342322
915,2,mild,8,64,uncertainty_penalized,unstable,16,0.13741085048888546,0.3986717256247756,0.5360825761136611,0.0009209806640342322
915,2,mild,8,64,random_score,helpful,16,0.060541192472786554,0.39867172562477565,0.4592129180975622,0.0009209806640342322
915,2,mild,8,64,oracle_real_utility,helpful,64,0.6005759078149449,0.3986717256247756,0.9992476334397205,0.0009209806640342322
915,3,mild,8,64,predicted_utility,unstable,32,0.2107680612295677,0.4265209937304686,0.6372890549600363,0.0009209806640342322
915,3,mild,8,64,uncertainty_penalized,unstable,32,0.21133001761146208,0.4265209937304686,0.6378510113419307,0.0009209806640342322
915,3,mild,8,64,random_score,helpful,2,0.08053669063275248,0.4265209937304685,0.507057684363221,0.0009209806640342322
915,3,mild,8,64,oracle_real_utility,helpful,64,0.5718051837433717,0.42652099373046864,0.9983261774738403,0.0009209806640342322
915,4,mild,8,64,predicted_utility,unstable,8,0.11090444443870928,0.3667667078749732,0.47767115231368246,0.0009209806640342322
915,4,mild,8,64,uncertainty_penalized,unstable,8,0.10978281584369293,0.3667667078749732,0.4765495237186661,0.0009209806640342322
915,4,mild,8,64,random_score,harmful,8,-0.03361727031802508,0.3667667078749732,0.3331494375569481,0.0009209806640342322
915,4,mild,8,64,oracle_real_utility,helpful,64,0.6331200677745514,0.3667667078749732,0.9998867756495247,0.0009209806640342322
915,5,mild,8,64,predicted_utility,unstable,8,0.09860597804199012,0.4131983670096918,0.5118043450516819,0.0009209806640342322
915,5,mild,8,64,uncertainty_penalized,unstable,8,0.04941554829632694,0.4131983670096918,0.46261391530601875,0.0009209806640342322
915,5,mild,8,64,random_score,helpful,128,0.48234910768944983,0.4131983670096918,0.8955474746991416,0.0009209806640342322
915,5,mild,8,64,oracle_real_utility,helpful,64,0.5850659556303557,0.4131983670096917,0.9982643226400474,0.0009209806640342322
915,6,mild,8,64,predicted_utility,helpful,8,0.1341037053365161,0.45129993862907397,0.5854036439655901,0.0009209806640342322
915,6,mild,8,64,uncertainty_penalized,helpful,8,0.10429118206588334,0.45129993862907397,0.5555911206949573,0.0009209806640342322
915,6,mild,8,64,random_score,harmful,2,-0.1948917261740215,0.4512999386290739,0.2564082124550524,0.0009209806640342322
915,6,mild,8,64,oracle_real_utility,helpful,128,0.5460920447627681,0.4512999386290739,0.997391983391842,0.0009209806640342322
915,7,mild,8,64,predicted_utility,unstable,16,0.058656878822529346,0.4247103747625184,0.48336725358504773,0.0009209806640342322
915,7,mild,8,64,uncertainty_penalized,unstable,16,0.038793500592075925,0.4247103747625184,0.4635038753545943,0.0009209806640342322
915,7,mild,8,64,random_score,helpful,2,0.4536237801327888,0.4247103747625183,0.8783341548953071,0.0009209806640342322
915,7,mild,8,64,oracle_real_utility,helpful,64,0.5730058421635756,0.4247103747625185,0.9977162169260941,0.0009209806640342322
915,0,mild,8,128,predicted_utility,unstable,16,0.14512440498791557,0.4131078450312611,0.5582322500191766,0.0008178281249797692
915,0,mild,8,128,uncertainty_penalized,unstable,16,0.1408837706778181,0.4131078450312611,0.5539916157090792,0.0008178281249797692
915,0,mild,8,128,random_score,helpful,2,0.10929238788778678,0.413107845031261,0.5224002329190478,0.0008178281249797692
915,0,mild,8,128,oracle_real_utility,helpful,64,0.5857240274754834,0.4131078450312613,0.9988318725067447,0.0008178281249797692
915,1,mild,8,128,predicted_utility,unstable,16,0.03823039790543792,0.4978213167191021,0.53605171462454,0.0008178281249797692
915,1,mild,8,128,uncertainty_penalized,unstable,16,0.03645895182503728,0.49782131671910207,0.5342802685441393,0.0008178281249797692
915,1,mild,8,128,random_score,harmful,2,-0.11189175355106701,0.4978213167191023,0.3859295631680353,0.0008178281249797692
915,1,mild,8,128,oracle_real_utility,helpful,64,0.49670300300024395,0.49782131671910235,0.9945243197193463,0.0008178281249797692
915,2,mild,8,128,predicted_utility,unstable,16,0.1254474391959225,0.47488171610809626,0.6003291553040188,0.0008178281249797692
915,2,mild,8,128,uncertainty_penalized,unstable,16,0.13266631548043373,0.47488171610809626,0.60754803158853,0.0008178281249797692
915,2,mild,8,128,random_score,harmful,2,-0.28109953348835637,0.4748817161080961,0.19378218261973973,0.0008178281249797692
915,2,mild,8,128,oracle_real_utility,helpful,64,0.5233038815599036,0.4748817161080962,0.9981855976679999,0.0008178281249797692
915,3,mild,8,128,predicted_utility,unstable,32,0.247201200759051,0.46232970785014554,0.7095309086091965,0.0008178281249797692
915,3,mild,8,128,uncertainty_penalized,unstable,32,0.19562325117935314,0.46232970785014565,0.6579529590294988,0.0008178281249797692
915,3,mild,8,128,random_score,saturating,2,0.036892402663766644,0.4623297078501455,0.49922211051391213,0.0008178281249797692
915,3,mild,8,128,oracle_real_utility,helpful,64,0.5346517567668885,0.4623297078501456,0.9969814646170341,0.0008178281249797692
915,4,mild,8,128,predicted_utility,unstable,8,0.04204571667200929,0.43173112489164944,0.47377684156365873,0.0008178281249797692
915,4,mild,8,128,uncertainty_penalized,unstable,8,0.04759557553912752,0.43173112489164944,0.47932670043077696,0.0008178281249797692
915,4,mild,8,128,random_score,harmful,8,-0.0881216806206872,0.4317311248916496,0.3436094442709624,0.0008178281249797692
915,4,mild,8,128,oracle_real_utility,helpful,32,0.5652608257112361,0.4317311248916495,0.9969919506028856,0.0008178281249797692
915,5,mild,8,128,predicted_utility,unstable,8,0.07264262206956934,0.4556967709383976,0.528339393007967,0.0008178281249797692
915,5,mild,8,128,uncertainty_penalized,unstable,8,0.06313886671943308,0.4556967709383976,0.5188356376578307,0.0008178281249797692
915,5,mild,8,128,random_score,helpful,4,0.21950346823689876,0.4556967709383976,0.6752002391752964,0.0008178281249797692
915,5,mild,8,128,oracle_real_utility,helpful,64,0.5398960343929657,0.45569677093839767,0.9955928053313634,0.0008178281249797692
915,6,mild,8,128,predicted_utility,helpful,8,0.11840658571893614,0.44227297086354556,0.5606795565824817,0.0008178281249797692
915,6,mild,8,128,uncertainty_penalized,helpful,8,0.11718563264305393,0.44227297086354556,0.5594586035065995,0.0008178281249797692
915,6,mild,8,128,random_score,harmful,2,-0.03641872684899489,0.44227297086354567,0.4058542440145508,0.0008178281249797692
915,6,mild,8,128,oracle_real_utility,helpful,128,0.5548497609453472,0.44227297086354567,0.9971227318088929,0.0008178281249797692
915,7,mild,8,128,predicted_utility,unstable,8,0.015064935675215385,0.49961923330995484,0.5146841689851702,0.0008178281249797692
915,7,mild,8,128,uncertainty_penalized,unstable,8,0.001635035415280317,0.49961923330995484,0.5012542687252352,0.0008178281249797692
915,7,mild,8,128,random_score,harmful,4,-0.1731723352219749,0.4996192333099549,0.32644689808798,0.0008178281249797692
915,7,mild,8,128,oracle_real_utility,helpful,32,0.4994119064763257,0.49961923330995484,0.9990311397862806,0.0008178281249797692
915,0,mild,12,32,predicted_utility,unstable,8,0.10324977770678145,0.6544488695776517,0.7576986472844331,0.0012732015625260829
915,0,mild,12,32,uncertainty_penalized,unstable,8,0.10324977607116193,0.6544488695776517,0.7576986456488136,0.0012732015625260829
915,0,mild,12,32,random_score,harmful,2,-0.6413143220482115,0.6544488695776517,0.013134547529440191,0.0012732015625260829
915,0,mild,12,32,oracle_real_utility,helpful,32,0.34542342926025504,0.6544488695776516,0.9998722988379066,0.0012732015625260829
915,1,mild,12,32,predicted_utility,helpful,16,0.22905473510996072,0.4923963372459644,0.7214510723559251,0.0012732015625260829
915,1,mild,12,32,uncertainty_penalized,helpful,16,0.22905473519894642,0.4923963372459644,0.7214510724449108,0.0012732015625260829
915,1,mild,12,32,random_score,harmful,2,-0.26828605947102796,0.4923963372459643,0.22411027777493636,0.0012732015625260829
915,1,mild,12,32,oracle_real_utility,helpful,128,0.503963771520629,0.4923963372459643,0.9963601087665933,0.0012732015625260829
915,2,mild,12,32,predicted_utility,helpful,16,0.2638490917244769,0.6479664953252631,0.91181558704974,0.0012732015625260829
915,2,mild,12,32,uncertainty_penalized,helpful,16,0.2638490917244769,0.6479664953252631,0.91181558704974,0.0012732015625260829
915,2,mild,12,32,random_score,helpful,32,0.15524322925214995,0.6479664953252628,0.8032097245774128,0.0012732015625260829
915,2,mild,12,32,oracle_real_utility,helpful,32,0.3512513551583375,0.647966495325263,0.9992178504836005,0.0012732015625260829
915,3,mild,12,32,predicted_utility,helpful,16,0.24189100895731674,0.6147538650955744,0.8566448740528911,0.0012732015625260829
915,3,mild,12,32,uncertainty_penalized,unstable,16,0.24193450912226366,0.6147538650955744,0.8566883742178381,0.0012732015625260829
915,3,mild,12,32,random_score,unstable,2,0.3751335142568858,0.6147538650955744,0.9898873793524602,0.0012732015625260829
915,3,mild,12,32,oracle_real_utility,helpful,64,0.38514978407573686,0.6147538650955745,0.9999036491713114,0.0012732015625260829
915,4,mild,12,32,predicted_utility,helpful,8,0.12385248275826688,0.6393654505324574,0.7632179332907243,0.0012732015625260829
915,4,mild,12,32,uncertainty_penalized,helpful,8,0.12385248275827199,0.6393654505324574,0.7632179332907294,0.0012732015625260829
915,4,mild,12,32,random_score,unstable,2,0.3429712126112665,0.6393654505324575,0.982336663143724,0.0012732015625260829
915,4,mild,12,32,oracle_real_utility,helpful,64,0.36055361612424064,0.6393654505324574,0.999919066656698,0.0012732015625260829
915,5,mild,12,32,predicted_utility,helpful,16,0.24095221117611088,0.6669444761630321,0.907896687339143,0.0012732015625260829
915,5,mild,12,32,uncertainty_penalized,helpful,16,0.24095221117611088,0.6669444761630321,0.907896687339143,0.0012732015625260829
915,5,mild,12,32,random_score,unstable,2,0.23615095080165505,0.666944476163032,0.903095426964687,0.0012732015625260829
915,5,mild,12,32,oracle_real_utility,helpful,32,0.33232428330839114,0.6669444761630321,0.9992687594714232,0.0012732015625260829
915,6,mild,12,32,predicted_utility,unstable,16,0.152543029687765,0.5767783250412498,0.7293213547290148,0.0012732015625260829
915,6,mild,12,32,uncertainty_penalized,unstable,16,0.17813799081311799,0.5767783250412498,0.7549163158543678,0.0012732015625260829
915,6,mild,12,32,random_score,harmful,2,-0.27446097200090147,0.5767783250412499,0.30231735304034846,0.0012732015625260829
915,6,mild,12,32,oracle_real_utility,helpful,64,0.4231081776772534,0.5767783250412499,0.9998865027185033,0.0012732015625260829
915,7,mild,12,32,predicted_utility,helpful,32,0.18443960782396218,0.6184414006496356,0.8028810084735978,0.0012732015625260829
915,7,mild,12,32,uncertainty_penalized,helpful,32,0.18443960782396218,0.6184414006496356,0.8028810084735978,0.0012732015625260829
915,7,mild,12,32,random_score,harmful,4,-0.5316066226694632,0.6184414006496357,0.08683477798017249,0.0012732015625260829
915,7,mild,12,32,oracle_real_utility,helpful,64,0.381419064349357,0.6184414006496356,0.9998604649989926,0.0012732015625260829
915,0,mild,12,64,predicted_utility,helpful,16,0.11928173900330619,0.6834223881847449,0.8027041271880511,0.0011572998046744942
915,0,mild,12,64,uncertainty_penalized,helpful,16,0.11928687655253567,0.6834223881847449,0.8027092647372805,0.0011572998046744942
915,0,mild,12,64,random_score,harmful,2,-0.08437210303586229,0.6834223881847451,0.5990502851488828,0.0011572998046744942
915,0,mild,12,64,oracle_real_utility,helpful,64,0.31623080524194225,0.6834223881847452,0.9996531934266875,0.0011572998046744942
915,1,mild,12,64,predicted_utility,helpful,16,0.14570363610918136,0.589186783911229,0.7348904200204104,0.0011572998046744942
915,1,mild,12,64,uncertainty_penalized,helpful,16,0.15009243079104762,0.589186783911229,0.7392792147022766,0.0011572998046744942
915,1,mild,12,64,random_score,helpful,32,0.08884267487982289,0.5891867839112288,0.6780294587910517,0.0011572998046744942
915,1,mild,12,64,oracle_real_utility,helpful,64,0.4063240219266816,0.5891867839112289,0.9955108058379105,0.0011572998046744942
915,2,mild,12,64,predicted_utility,helpful,16,0.19822181243028447,0.5637382606263773,0.7619600730566618,0.0011572998046744942
915,2,mild,12,64,uncertainty_penalized,helpful,16,0.19822181243028447,0.5637382606263773,0.7619600730566618,0.0011572998046744942
915,2,mild,12,64,random_score,helpful,128,0.22690419718122368,0.5637382606263773,0.790642457807601,0.0011572998046744942
915,2,mild,12,64,oracle_real_utility,helpful,64,0.4134876821674389,0.5637382606263773,0.9772259427938162,0.0011572998046744942
915,3,mild,12,64,predicted_utility,helpful,16,0.21919218823854925,0.6144981823311083,0.8336903705696576,0.0011572998046744942
915,3,mild,12,64,uncertainty_penalized,helpful,16,0.2191967248836879,0.6144981823311083,0.8336949072147962,0.0011572998046744942
915,3,mild,12,64,random_score,unstable,2,0.06439898865562454,0.6144981823311084,0.678897170986733,0.0011572998046744942
915,3,mild,12,64,oracle_real_utility,helpful,64,0.3846579068361503,0.6144981823311082,0.9991560891672585,0.0011572998046744942
915,4,mild,12,64,predicted_utility,helpful,16,0.1652127854367923,0.6002901813266438,0.7655029667634361,0.0011572998046744942
915,4,mild,12,64,uncertainty_penalized,helpful,16,0.16517880772816262,0.6002901813266439,0.7654689890548065,0.0011572998046744942
915,4,mild,12,64,random_score,harmful,2,-0.2796272536096267,0.6002901813266437,0.320662927717017,0.0011572998046744942
915,4,mild,12,64,oracle_real_utility,helpful,64,0.39866321254246717,0.6002901813266436,0.9989533938691108,0.0011572998046744942
915,5,mild,12,64,predicted_utility,unstable,16,0.19729401663382773,0.5440172432441126,0.7413112598779403,0.0011572998046744942
915,5,mild,12,64,uncertainty_penalized,unstable,16,0.1972940733234071,0.5440172432441126,0.7413113165675197,0.0011572998046744942
915,5,mild,12,64,random_score,helpful,2,0.05889345690835501,0.5440172432441128,0.6029107001524678,0.0011572998046744942
915,5,mild,12,64,oracle_real_utility,helpful,64,0.4528914122054881,0.5440172432441126,0.9969086554496007,0.0011572998046744942
915,6,mild,12,64,predicted_utility,unstable,16,0.14249030339876367,0.6224554050685531,0.7649457084673168,0.0011572998046744942
915,6,mild,12,64,uncertainty_penalized,unstable,16,0.1599490282111644,0.6224554050685531,0.7824044332797175,0.0011572998046744942
915,6,mild,12,64,random_score,harmful,2,-0.18521112411577506,0.6224554050685535,0.4372442809527784,0.0011572998046744942
915,6,mild,12,64,oracle_real_utility,helpful,64,0.3765405305274728,0.6224554050685532,0.9989959355960261,0.0011572998046744942
915,7,mild,12,64,predicted_utility,helpful,16,0.16628365392601896,0.6315776681132688,0.7978613220392877,0.0011572998046744942
915,7,mild,12,64,uncertainty_penalized,unstable,16,0.1658444023365686,0.6315776681132688,0.7974220704498374,0.0011572998046744942
915,7,mild,12,64,random_score,harmful,4,-0.42838088649180506,0.631577668113269,0.20319678162146393,0.0011572998046744942
915,7,mild,12,64,oracle_real_utility,helpful,32,0.3681890481448731,0.6315776681132689,0.999766716258142,0.0011572998046744942
915,0,mild,12,128,predicted_utility,helpful,16,0.1320676291146775,0.6772489357162329,0.8093165648309104,0.0011439160156214712
915,0,mild,12,128,uncertainty_penalized,unstable,16,0.1320739011265235,0.677248935716233,0.8093228368427565,0.0011439160156214712
915,0,mild,12,128,random_score,saturating,2,0.0196345396771217,0.6772489357162329,0.6968834753933546,0.0011439160156214712
915,0,mild,12,128,oracle_real_utility,helpful,64,0.3217049217514637,0.6772489357162328,0.9989538574676965,0.0011439160156214712
915,1,mild,12,128,predicted_utility,helpful,16,0.12359522227736652,0.6164214501421073,0.7400166724194738,0.0011439160156214712
915,1,mild,12,128,uncertainty_penalized,helpful,16,0.12961994140489996,0.6164214501421073,0.7460413915470072,0.0011439160156214712
915,1,mild,12,128,random_score,harmful,16,-0.09188229868389097,0.6164214501421073,0.5245391514582163,0.0011439160156214712
915,1,mild,12,128,oracle_real_utility,helpful,64,0.37566729585050695,0.6164214501421075,0.9920887459926144,0.0011439160156214712
915,2,mild,12,128,predicted_utility,helpful,32,0.21642872667743318,0.5824013517086992,0.7988300783861324,0.0011439160156214712
915,2,mild,12,128,uncertainty_penalized,helpful,32,0.2164286078318045,0.5824013517086992,0.7988299595405037,0.0011439160156214712
915,2,mild,12,128,random_score,helpful,32,0.1113952498625913,0.5824013517086991,0.6937966015712904,0.0011439160156214712
915,2,mild,12,128,oracle_real_utility,helpful,64,0.3925497532654064,0.5824013517086991,0.9749511049741055,0.0011439160156214712
915,3,mild,12,128,predicted_utility,helpful,32,0.22674527438337333,0.6228106674931538,0.8495559418765272,0.0011439160156214712
915,3,mild,12,128,uncertainty_penalized,helpful,32,0.22673256557761756,0.6228106674931538,0.8495432330707714,0.0011439160156214712
915,3,mild,12,128,random_score,helpful,64,0.12084531674058863,0.6228106674931541,0.7436559842337427,0.0011439160156214712
915,3,mild,12,128,oracle_real_utility,helpful,64,0.37421918980413493,0.622810667493154,0.9970298572972889,0.0011439160156214712
915,4,mild,12,128,predicted_utility,helpful,16,0.20855249103051932,0.5888423258449559,0.7973948168754752,0.0011439160156214712
915,4,mild,12,128,uncertainty_penalized,helpful,16,0.20855543329464887,0.5888423258449559,0.7973977591396048,0.0011439160156214712
915,4,mild,12,128,random_score,saturating,2,0.004094819514840808,0.5888423258449557,0.5929371453597965,0.0011439160156214712
915,4,mild,12,128,oracle_real_utility,helpful,64,0.40778414415396536,0.588842325844956,0.9966264699989213,0.0011439160156214712
915,5,mild,12,128,predicted_utility,unstable,16,0.16800030437003022,0.5784395335245682,0.7464398378945984,0.0011439160156214712
915,5,mild,12,128,uncertainty_penalized,unstable,16,0.17366481805019673,0.5784395335245682,0.752104351574765,0.0011439160156214712
915,5,mild,12,128,random_score,helpful,2,0.06764437562684822,0.5784395335245679,0.6460839091514161,0.0011439160156214712
915,5,mild,12,128,oracle_real_utility,helpful,64,0.4162629799797607,0.5784395335245682,0.9947025135043289,0.0011439160156214712
915,6,mild,12,128,predicted_utility,helpful,16,0.19726060671761014,0.6025088432834702,0.7997694500010804,0.0011439160156214712
915,6,mild,12,128,uncertainty_penalized,helpful,16,0.2006803143456537,0.6025088432834702,0.8031891576291239,0.0011439160156214712
915,6,mild,12,128,random_score,harmful,2,-0.2064054008930264,0.6025088432834704,0.39610344239044404,0.0011439160156214712
915,6,mild,12,128,oracle_real_utility,helpful,64,0.395240992251903,0.6025088432834703,0.9977498355353733,0.0011439160156214712
915,7,mild,12,128,predicted_utility,unstable,16,0.16215707358772624,0.629509194348804,0.7916662679365303,0.0011439160156214712
915,7,mild,12,128,uncertainty_penalized,unstable,16,0.1621172789636658,0.629509194348804,0.7916264733124698,0.0011439160156214712
915,7,mild,12,128,random_score,harmful,8,-0.05778663078484314,0.6295091943488038,0.5717225635639607,0.0011439160156214712
915,7,mild,12,128,oracle_real_utility,helpful,64,0.3693384927900384,0.6295091943488041,0.9988476871388425,0.0011439160156214712
915,0,severe,4,32,predicted_utility,helpful,16,0.1773280185111622,0.7296557157730197,0.9069837342841819,0.0005746890624322987
915,0,severe,4,32,uncertainty_penalized,helpful,16,0.17732801851113866,0.7296557157730197,0.9069837342841583,0.0005746890624322987
915,0,severe,4,32,random_score,harmful,2,-0.2594370268055556,0.7296557157730197,0.4702186889674641,0.0005746890624322987
915,0,severe,4,32,oracle_real_utility,helpful,32,0.26983232921951084,0.7296557157730197,0.9994880449925305,0.0005746890624322987
915,1,severe,4,32,predicted_utility,helpful,8,0.10290027584602324,0.7856685680709896,0.8885688439170129,0.0005746890624322987
915,1,severe,4,32,uncertainty_penalized,helpful,8,0.10290026813851239,0.7856685680709897,0.8885688362095021,0.0005746890624322987
915,1,severe,4,32,random_score,helpful,64,0.17397009912126027,0.78566856807099,0.9596386671922502,0.0005746890624322987
915,1,severe,4,32,oracle_real_utility,helpful,32,0.21424638090868398,0.78566856807099,0.9999149489796739,0.0005746890624322987
915,2,severe,4,32,predicted_utility,helpful,16,0.15561733246439835,0.6349549085120855,0.7905722409764838,0.0005746890624322987
915,2,severe,4,32,uncertainty_penalized,helpful,32,0.15561733246439835,0.6349549085120855,0.7905722409764838,0.0005746890624322987
915,2,severe,4,32,random_score,harmful,2,-0.1805804844366773,0.6349549085120854,0.45437442407540807,0.0005746890624322987
915,2,severe,4,32,oracle_real_utility,helpful,32,0.3646709245161185,0.6349549085120856,0.9996258330282041,0.0005746890624322987
915,3,severe,4,32,predicted_utility,harmful,2,-0.056554047059574064,0.4161696617910727,0.3596156147314986,0.0005746890624322987
915,3,severe,4,32,uncertainty_penalized,harmful,2,-0.056554047059574064,0.4161696617910727,0.3596156147314986,0.0005746890624322987
915,3,severe,4,32,random_score,saturating,2,0.03297143480884379,0.41616966179107273,0.4491410965999165,0.0005746890624322987
915,3,severe,4,32,oracle_real_utility,helpful,128,0.5835286349782656,0.41616966179107273,0.9996982967693383,0.0005746890624322987
915,4,severe,4,32,predicted_utility,helpful,32,0.41315018465912723,0.5717775957077665,0.9849277803668938,0.0005746890624322987
915,4,severe,4,32,uncertainty_penalized,helpful,32,0.4127422884563089,0.5717775957077664,0.9845198841640753,0.0005746890624322987
915,4,severe,4,32,random_score,unstable,32,-0.012640952851954435,0.5717775957077664,0.559136642855812,0.0005746890624322987
915,4,severe,4,32,oracle_real_utility,helpful,32,0.4279643250422345,0.5717775957077665,0.999741920750001,0.0005746890624322987
915,5,severe,4,32,predicted_utility,helpful,4,0.07692667040969048,0.7166393456875013,0.7935660160971918,0.0005746890624322987
915,5,severe,4,32,uncertainty_penalized,saturating,8,0.042317708876757676,0.7166393456875013,0.758957054564259,0.0005746890624322987
915,5,severe,4,32,random_score,harmful,2,-0.05580428368726764,0.7166393456875014,0.6608350620002338,0.0005746890624322987
915,5,severe,4,32,oracle_real_utility,helpful,32,0.28331513450961443,0.7166393456875012,0.9999544801971156,0.0005746890624322987
915,6,severe,4,32,predicted_utility,saturating,8,0.011789171211130212,0.7596348142514338,0.771423985462564,0.0005746890624322987
915,6,severe,4,32,uncertainty_penalized,saturating,8,0.011789170679704308,0.7596348142514339,0.7714239849311382,0.0005746890624322987
915,6,severe,4,32,random_score,helpful,16,0.18823615717841435,0.759634814251434,0.9478709714298483,0.0005746890624322987
915,6,severe,4,32,oracle_real_utility,helpful,32,0.24026517255705893,0.759634814251434,0.9998999868084929,0.0005746890624322987
915,7,severe,4,32,predicted_utility,helpful,16,0.2480168255721068,0.7074597566887353,0.9554765822608421,0.0005746890624322987
915,7,severe,4,32,uncertainty_penalized,helpful,16,0.24801701202105864,0.7074597566887353,0.9554767687097939,0.0005746890624322987
915,7,severe,4,32,random_score,helpful,64,0.11425868039249198,0.7074597566887352,0.8217184370812272,0.0005746890624322987
915,7,severe,4,32,oracle_real_utility,helpful,32,0.29226958774880973,0.7074597566887353,0.999729344437545,0.0005746890624322987
915,0,severe,4,64,predicted_utility,helpful,16,0.2099223421112295,0.6940260715888062,0.9039484137000358,0.000639468554652467
915,0,severe,4,64,uncertainty_penalized,helpful,16,0.2100725297711703,0.6940260715888061,0.9040986013599764,0.000639468554652467
915,0,severe,4,64,random_score,helpful,16,0.206744502145499,0.6940260715888061,0.9007705737343051,0.000639468554652467
915,0,severe,4,64,oracle_real_utility,helpful,32,0.30364901909938236,0.6940260715888064,0.9976750906881887,0.000639468554652467
915,1,severe,4,64,predicted_utility,helpful,8,0.09630363407015763,0.7882203139752556,0.8845239480454132,0.000639468554652467
915,1,severe,4,64,uncertainty_penalized,helpful,8,0.09629647271332498,0.7882203139752556,0.8845167866885806,0.000639468554652467
915,1,severe,4,64,random_score,harmful,8,-0.2735631708598266,0.7882203139752553,0.5146571431154287,0.000639468554652467
915,1,severe,4,64,oracle_real_utility,helpful,16,0.21167431765390787,0.7882203139752554,0.9998946316291633,0.000639468554652467
915,2,severe,4,64,predicted_utility,helpful,8,0.13055635462117188,0.6688520216444651,0.799408376265637,0.000639468554652467
915,2,severe,4,64,uncertainty_penalized,helpful,16,0.13055491424532772,0.6688520216444651,0.7994069358897928,0.000639468554652467
915,2,severe,4,64,random_score,helpful,2,0.25852696367139494,0.6688520216444651,0.92737898531586,0.000639468554652467
915,2,severe,4,64,oracle_real_utility,helpful,32,0.32825549021021583,0.6688520216444649,0.9971075118546807,0.000639468554652467
915,3,severe,4,64,predicted_utility,harmful,2,-0.06349953631707411,0.40359027859799396,0.34009074228091984,0.000639468554652467
915,3,severe,4,64,uncertainty_penalized,harmful,2,-0.0635018281600549,0.403590278597994,0.3400884504379391,0.000639468554652467
915,3,severe,4,64,random_score,harmful,2,-0.16534183892490945,0.4035902785979941,0.23824843967308468,0.000639468554652467
915,3,severe,4,64,oracle_real_utility,helpful,128,0.5953930133601586,0.4035902785979942,0.9989832919581528,0.000639468554652467
915,4,severe,4,64,predicted_utility,helpful,32,0.29213253547111595,0.7003610787927639,0.9924936142638798,0.000639468554652467
915,4,severe,4,64,uncertainty_penalized,helpful,32,0.29425695087635195,0.7003610787927639,0.9946180296691158,0.000639468554652467
915,4,severe,4,64,random_score,harmful,2,-0.2291696217950171,0.7003610787927641,0.471191456997747,0.000639468554652467
915,4,severe,4,64,oracle_real_utility,helpful,32,0.298960285229259,0.7003610787927638,0.9993213640220228,0.000639468554652467
915,5,severe,4,64,predicted_utility,helpful,8,0.07939136221196919,0.6906124769983902,0.7700038392103594,0.000639468554652467
915,5,severe,4,64,uncertainty_penalized,helpful,16,0.07530135640969193,0.69061247699839,0.765913833408082,0.000639468554652467
915,5,severe,4,64,random_score,harmful,2,-0.1911586520135301,0.6906124769983903,0.49945382498486024,0.000639468554652467
915,5,severe,4,64,oracle_real_utility,helpful,32,0.308830093993823,0.6906124769983902,0.9994425709922132,0.000639468554652467
915,6,severe,4,64,predicted_utility,helpful,8,0.06744112170307892,0.7268872792930664,0.7943284009961453,0.000639468554652467
915,6,severe,4,64,uncertainty_penalized,helpful,16,0.06678413021912111,0.7268872792930664,0.7936714095121875,0.000639468554652467
915,6,severe,4,64,random_score,helpful,32,0.20216520320216602,0.7268872792930661,0.9290524824952321,0.000639468554652467
915,6,severe,4,64,oracle_real_utility,helpful,32,0.272674308746492,0.7268872792930662,0.9995615880395582,0.000639468554652467
915,7,severe,4,64,predicted_utility,helpful,32,0.3009542854440793,0.6564940856590215,0.9574483711031008,0.000639468554652467
915,7,severe,4,64,uncertainty_penalized,helpful,32,0.2992547588151938,0.6564940856590213,0.9557488444742152,0.000639468554652467
915,7,severe,4,64,random_score,helpful,4,0.17087759759277,0.6564940856590219,0.8273716832517919,0.000639468554652467
915,7,severe,4,64,oracle_real_utility,helpful,32,0.3426238075569792,0.6564940856590216,0.9991178932160008,0.000639468554652467
915,0,severe,4,128,predicted_utility,helpful,16,0.17190558815090595,0.7288962974401215,0.9008018855910275,0.0005604811523483022
915,0,severe,4,128,uncertainty_penalized,helpful,16,0.17350992460513015,0.7288962974401212,0.9024062220452513,0.0005604811523483022
915,0,severe,4,128,random_score,helpful,8,0.11646657997852528,0.7288962974401215,0.8453628774186468,0.0005604811523483022
915,0,severe,4,128,oracle_real_utility,helpful,32,0.26997427330349943,0.7288962974401217,0.9988705707436212,0.0005604811523483022
915,1,severe,4,128,predicted_utility,helpful,8,0.10709841792482355,0.7694270718914806,0.8765254898163042,0.0005604811523483022
915,1,severe,4,128,uncertainty_penalized,helpful,8,0.10736478144239237,0.7694270718914805,0.8767918533338729,0.0005604811523483022
915,1,severe,4,128,random_score,harmful,8,-0.204430885419154,0.7694270718914809,0.5649961864723269,0.0005604811523483022
915,1,severe,4,128,oracle_real_utility,helpful,32,0.22795568564189517,0.7694270718914809,0.997382757533376,0.0005604811523483022
915,2,severe,4,128,predicted_utility,helpful,8,0.09844091170315039,0.7317036472029188,0.8301445589060692,0.0005604811523483022
915,2,severe,4,128,uncertainty_penalized,helpful,16,0.09953285181052163,0.7317036472029188,0.8312364990134404,0.0005604811523483022
915,2,severe,4,128,random_score,saturating,2,-0.0053056971011926635,0.7317036472029188,0.7263979501017261,0.0005604811523483022
915,2,severe,4,128,oracle_real_utility,helpful,32,0.26490890211365925,0.731703647202919,0.9966125493165783,0.0005604811523483022
915,3,severe,4,128,predicted_utility,harmful,2,-0.054697020450950595,0.39950718597533263,0.34481016552438204,0.0005604811523483022
915,3,severe,4,128,uncertainty_penalized,harmful,2,-0.055542503854265346,0.39950718597533263,0.3439646821210673,0.0005604811523483022
915,3,severe,4,128,random_score,harmful,2,-0.10880123011984238,0.39950718597533247,0.2907059558554901,0.0005604811523483022
915,3,severe,4,128,oracle_real_utility,helpful,128,0.5945072419223205,0.3995071859753326,0.9940144278976532,0.0005604811523483022
915,4,severe,4,128,predicted_utility,helpful,16,0.23112637758403953,0.7325364902573804,0.96366286784142,0.0005604811523483022
915,4,severe,4,128,uncertainty_penalized,helpful,16,0.22910571643586586,0.7325364902573803,0.9616422066932462,0.0005604811523483022
915,4,severe,4,128,random_score,saturating,2,0.035309746787106966,0.7325364902573802,0.7678462370444872,0.0005604811523483022
915,4,severe,4,128,oracle_real_utility,helpful,32,0.2632323178403063,0.7325364902573801,0.9957688080976864,0.0005604811523483022
915,5,severe,4,128,predicted_utility,helpful,8,0.07930706801438792,0.7020264808181949,0.7813335488325828,0.0005604811523483022
915,5,severe,4,128,uncertainty_penalized,helpful,16,0.07728737220014192,0.7020264808181949,0.7793138530183368,0.0005604811523483022
915,5,severe,4,128,random_score,harmful,2,-0.08533116772704963,0.7020264808181949,0.6166953130911452,0.0005604811523483022
915,5,severe,4,128,oracle_real_utility,helpful,32,0.2953628527157657,0.7020264808181947,0.9973893335339604,0.0005604811523483022
915,6,severe,4,128,predicted_utility,helpful,16,0.12070746085376238,0.7124974132507691,0.8332048741045315,0.0005604811523483022
915,6,severe,4,128,uncertainty_penalized,helpful,32,0.11659009736053949,0.712497413250769,0.8290875106113085,0.0005604811523483022
915,6,severe,4,128,random_score,helpful,8,0.09476343144821553,0.7124974132507687,0.8072608446989842,0.0005604811523483022
915,6,severe,4,128,oracle_real_utility,helpful,32,0.28579246185899143,0.712497413250769,0.9982898751097604,0.0005604811523483022
915,7,severe,4,128,predicted_utility,helpful,32,0.30624640336115905,0.6567326222109294,0.9629790255720885,0.0005604811523483022
915,7,severe,4,128,uncertainty_penalized,helpful,32,0.3058371989071863,0.6567326222109294,0.9625698211181157,0.0005604811523483022
915,7,severe,4,128,random_score,helpful,64,0.06488289425208116,0.6567326222109293,0.7216155164630105,0.0005604811523483022
915,7,severe,4,128,oracle_real_utility,helpful,32,0.341344511889878,0.6567326222109294,0.9980771341008075,0.0005604811523483022
915,0,severe,8,32,predicted_utility,harmful,2,-0.10322794895273224,0.45309021049359954,0.3498622615408673,0.001028448437523366
915,0,severe,8,32,uncertainty_penalized,harmful,2,-0.1032279489527323,0.4530902104935996,0.3498622615408673,0.001028448437523366
915,0,severe,8,32,random_score,saturating,4,0.02608784898009231,0.45309021049359965,0.47917805947369196,0.001028448437523366
915,0,severe,8,32,oracle_real_utility,helpful,32,0.5468564955843289,0.4530902104935997,0.9999467060779287,0.001028448437523366
915,1,severe,8,32,predicted_utility,harmful,2,-0.18263316971533208,0.3620954124742322,0.17946224275890013,0.001028448437523366
915,1,severe,8,32,uncertainty_penalized,harmful,2,-0.18261916886454935,0.3620954124742322,0.17947624360968287,0.001028448437523366
915,1,severe,8,32,random_score,helpful,2,0.08703672676038776,0.36209541247423227,0.44913213923462003,0.001028448437523366
915,1,severe,8,32,oracle_real_utility,helpful,64,0.6377624950797007,0.36209541247423216,0.9998579075539329,0.001028448437523366
915,2,severe,8,32,predicted_utility,harmful,2,-0.3708389357670192,0.5489992625768603,0.17816032680984106,0.001028448437523366
915,2,severe,8,32,uncertainty_penalized,harmful,2,-0.37068447449569863,0.5489992625768603,0.1783147880811616,0.001028448437523366
915,2,severe,8,32,random_score,harmful,2,-0.5459206925420602,0.54899926257686,0.0030785700347998775,0.001028448437523366
915,2,severe,8,32,oracle_real_utility,helpful,32,0.4509265013742567,0.5489992625768602,0.9999257639511169,0.001028448437523366
915,3,severe,8,32,predicted_utility,harmful,4,-0.3342889959566236,0.5903656243390125,0.2560766283823889,0.001028448437523366
915,3,severe,8,32,uncertainty_penalized,harmful,4,-0.3342889959566236,0.5903656243390125,0.2560766283823889,0.001028448437523366
915,3,severe,8,32,random_score,harmful,2,-0.5866528194437126,0.5903656243390125,0.003712804895299886,0.001028448437523366
915,3,severe,8,32,oracle_real_utility,helpful,32,0.4095733381515526,0.5903656243390124,0.999938962490565,0.001028448437523366
915,4,severe,8,32,predicted_utility,saturating,16,0.02763447419788545,0.6670898429395958,0.6947243171374813,0.001028448437523366
915,4,severe,8,32,uncertainty_penalized,saturating,64,0.027634463252223407,0.6670898429395958,0.6947243061918192,0.001028448437523366
915,4,severe,8,32,random_score,unstable,32,0.03345583823776277,0.6670898429395958,0.7005456811773586,0.001028448437523366
915,4,severe,8,32,oracle_real_utility,helpful,32,0.3325062919021634,0.6670898429395958,0.9995961348417592,0.001028448437523366
915,5,severe,8,32,predicted_utility,harmful,2,-0.24605347922779586,0.5257426711214067,0.27968919189361086,0.001028448437523366
915,5,severe,8,32,uncertainty_penalized,harmful,2,-0.24605347927338106,0.5257426711214067,0.27968919184802565,0.001028448437523366
915,5,severe,8,32,random_score,harmful,8,-0.14645180157847448,0.5257426711214066,0.3792908695429321,0.001028448437523366
915,5,severe,8,32,oracle_real_utility,helpful,32,0.4741821078211583,0.5257426711214066,0.9999247789425649,0.001028448437523366
915,6,severe,8,32,predicted_utility,harmful,2,-0.18521106473775464,0.4233773532466455,0.23816628850889085,0.001028448437523366
915,6,severe,8,32,uncertainty_penalized,harmful,2,-0.19012850927597466,0.4233773532466455,0.23324884397067083,0.001028448437523366
915,6,severe,8,32,random_score,unstable,2,0.528339824430129,0.42337735324664544,0.9517171776767744,0.001028448437523366
915,6,severe,8,32,oracle_real_utility,helpful,32,0.5765829858883391,0.4233773532466455,0.9999603391349846,0.001028448437523366
915,7,severe,8,32,predicted_utility,saturating,32,-0.0018842027102814463,0.6514237964582897,0.6495395937480083,0.001028448437523366
915,7,severe,8,32,uncertainty_penalized,saturating,32,-0.0018842027239859283,0.6514237964582896,0.6495395937343037,0.001028448437523366
915,7,severe,8,32,random_score,saturating,2,0.03837447668883409,0.6514237964582897,0.6897982731471238,0.001028448437523366
915,7,severe,8,32,oracle_real_utility,helpful,32,0.34833255126441687,0.6514237964582895,0.9997563477227064,0.001028448437523366
915,0,severe,8,64,predicted_utility,harmful,2,-0.15148874513779448,0.4590325031499686,0.3075437580121741,0.000887385156261189
915,0,severe,8,64,uncertainty_penalized,harmful,2,-0.15148874513658944,0.4590325031499686,0.30754375801337913,0.000887385156261189
915,0,severe,8,64,random_score,saturating,2,-0.01883538372279453,0.45903250314996863,0.4401971194271741,0.000887385156261189
915,0,severe,8,64,oracle_real_utility,helpful,64,0.5404313505916595,0.4590325031499686,0.999463853741628,0.000887385156261189
915,1,severe,8,64,predicted_utility,harmful,2,-0.09552735672642804,0.46423633183997703,0.368708975113549,0.000887385156261189
915,1,severe,8,64,uncertainty_penalized,harmful,2,-0.09545343416219548,0.46423633183997703,0.36878289767778155,0.000887385156261189
915,1,severe,8,64,random_score,harmful,4,-0.3597146761214336,0.46423633183997687,0.1045216557185433,0.000887385156261189
915,1,severe,8,64,oracle_real_utility,helpful,128,0.5347730752181592,0.4642363318399768,0.999009407058136,0.000887385156261189
915,2,severe,8,64,predicted_utility,harmful,2,-0.27102622981020574,0.5458891859512223,0.2748629561410165,0.000887385156261189
915,2,severe,8,64,uncertainty_penalized,harmful,2,-0.2710262274596631,0.5458891859512223,0.2748629584915592,0.000887385156261189
915,2,severe,8,64,random_score,harmful,2,-0.17411818919004207,0.5458891859512224,0.3717709967611803,0.000887385156261189
915,2,severe,8,64,oracle_real_utility,helpful,32,0.451630500370682,0.5458891859512225,0.9975196863219045,0.000887385156261189
915,3,severe,8,64,predicted_utility,harmful,4,-0.3110490358205448,0.5734982795450411,0.2624492437244963,0.000887385156261189
915,3,severe,8,64,uncertainty_penalized,harmful,4,-0.3110071593737461,0.573498279545041,0.26249112017129483,0.000887385156261189
915,3,severe,8,64,random_score,harmful,2,-0.3293954355431685,0.5734982795450411,0.24410284400187254,0.000887385156261189
915,3,severe,8,64,oracle_real_utility,helpful,32,0.42591422662887135,0.573498279545041,0.9994125061739123,0.000887385156261189
915,4,severe,8,64,predicted_utility,saturating,2,0.016137384361434304,0.6762613155714482,0.6923986999328825,0.000887385156261189
915,4,severe,8,64,uncertainty_penalized,saturating,2,0.014999511923867948,0.6762613155714483,0.6912608274953163,0.000887385156261189
915,4,severe,8,64,random_score,harmful,8,-0.12969983050672995,0.6762613155714483,0.5465614850647184,0.000887385156261189
915,4,severe,8,64,oracle_real_utility,helpful,32,0.32286089176936006,0.6762613155714482,0.9991222073408083,0.000887385156261189
915,5,severe,8,64,predicted_utility,harmful,2,-0.2975436887741092,0.5709796922231525,0.2734360034490433,0.000887385156261189
915,5,severe,8,64,uncertainty_penalized,harmful,2,-0.331857994923466,0.5709796922231525,0.23912169729968646,0.000887385156261189
915,5,severe,8,64,random_score,harmful,4,-0.219353814052901,0.5709796922231525,0.3516258781702515,0.000887385156261189
915,5,severe,8,64,oracle_real_utility,helpful,32,0.42850823433174945,0.5709796922231526,0.999487926554902,0.000887385156261189
915,6,severe,8,64,predicted_utility,harmful,2,-0.2000229178570263,0.5503858370457853,0.35036291918875895,0.000887385156261189
915,6,severe,8,64,uncertainty_penalized,harmful,2,-0.21632723784591712,0.5503858370457853,0.33405859919986813,0.000887385156261189
915,6,severe,8,64,random_score,unstable,2,0.3272826658244873,0.5503858370457851,0.8776685028702724,0.000887385156261189
915,6,severe,8,64,oracle_real_utility,helpful,32,0.4493522789286395,0.550385837045785,0.9997381159744245,0.000887385156261189
915,7,severe,8,64,predicted_utility,harmful,16,-0.05170986155061508,0.6226992205693221,0.5709893590187071,0.000887385156261189
915,7,severe,8,64,uncertainty_penalized,harmful,16,-0.041442791221763864,0.622699220569322,0.5812564293475582,0.000887385156261189
915,7,severe,8,64,random_score,unstable,2,0.08618224560214682,0.6226992205693219,0.7088814661714687,0.000887385156261189
915,7,severe,8,64,oracle_real_utility,helpful,32,0.37563785786877746,0.6226992205693219,0.9983370784380994,0.000887385156261189
915,0,severe,8,128,predicted_utility,harmful,2,-0.19935148348419407,0.5096340158800265,0.3102825323958325,0.0008311315429807564
915,0,severe,8,128,uncertainty_penalized,harmful,2,-0.1997976765749917,0.5096340158800265,0.30983633930503485,0.0008311315429807564
915,0,severe,8,128,random_score,harmful,2,-0.10724960555545648,0.5096340158800265,0.40238441032457006,0.0008311315429807564
915,0,severe,8,128,oracle_real_utility,helpful,32,0.4885156230105471,0.5096340158800267,0.9981496388905737,0.0008311315429807564
915,1,severe,8,128,predicted_utility,harmful,2,-0.09805345900304308,0.462783722543106,0.36473026354006294,0.0008311315429807564
915,1,severe,8,128,uncertainty_penalized,harmful,2,-0.09912816537596575,0.462783722543106,0.36365555716714026,0.0008311315429807564
915,1,severe,8,128,random_score,helpful,4,0.07316061083935127,0.4627837225431059,0.5359443333824572,0.0008311315429807564
915,1,severe,8,128,oracle_real_utility,helpful,128,0.5343083083347628,0.4627837225431059,0.9970920308778687,0.0008311315429807564
915,2,severe,8,128,predicted_utility,harmful,2,-0.25848819816145896,0.6191836059170948,0.3606954077556358,0.0008311315429807564
915,2,severe,8,128,uncertainty_penalized,harmful,2,-0.25782206248758904,0.6191836059170946,0.3613615434295056,0.0008311315429807564
915,2,severe,8,128,random_score,harmful,2,-0.4734141830811742,0.6191836059170949,0.14576942283592068,0.0008311315429807564
915,2,severe,8,128,oracle_real_utility,helpful,32,0.37708665909483685,0.6191836059170945,0.9962702650119314,0.0008311315429807564
915,3,severe,8,128,predicted_utility,harmful,4,-0.28085986881345293,0.5459168604017787,0.26505699158832574,0.0008311315429807564
915,3,severe,8,128,uncertainty_penalized,harmful,4,-0.2798381786741642,0.5459168604017787,0.26607868172761445,0.0008311315429807564
915,3,severe,8,128,random_score,harmful,2,-0.2653857855911427,0.5459168604017788,0.2805310748106361,0.0008311315429807564
915,3,severe,8,128,oracle_real_utility,helpful,32,0.4514672049392022,0.5459168604017788,0.997384065340981,0.0008311315429807564
915,4,severe,8,128,predicted_utility,harmful,2,-0.04400121198576723,0.7120440055860999,0.6680427936003327,0.0008311315429807564
915,4,severe,8,128,uncertainty_penalized,harmful,2,-0.03798031490725795,0.7120440055860997,0.6740636906788418,0.0008311315429807564
915,4,severe,8,128,random_score,helpful,8,0.10006231840435731,0.7120440055860998,0.8121063239904571,0.0008311315429807564
915,4,severe,8,128,oracle_real_utility,helpful,32,0.28611074762952915,0.7120440055861003,0.9981547532156294,0.0008311315429807564
915,5,severe,8,128,predicted_utility,harmful,2,-0.22145390965960365,0.5530130589862855,0.33155914932668185,0.0008311315429807564
915,5,severe,8,128,uncertainty_penalized,harmful,2,-0.22787595228865304,0.5530130589862855,0.32513710669763246,0.0008311315429807564
915,5,severe,8,128,random_score,harmful,4,-0.23719518570090758,0.5530130589862856,0.315817873285378,0.0008311315429807564
915,5,severe,8,128,oracle_real_utility,helpful,32,0.44581722706215754,0.5530130589862858,0.9988302860484434,0.0008311315429807564
915,6,severe,8,128,predicted_utility,harmful,2,-0.20849321401857468,0.5484884857280996,0.3399952717095249,0.0008311315429807564
915,6,severe,8,128,uncertainty_penalized,harmful,2,-0.20917799070220622,0.5484884857280996,0.3393104950258934,0.0008311315429807564
915,6,severe,8,128,random_score,helpful,2,0.27295414243710325,0.5484884857280995,0.8214426281652027,0.0008311315429807564
915,6,severe,8,128,oracle_real_utility,helpful,32,0.4500025256389788,0.5484884857280994,0.9984910113670782,0.0008311315429807564
915,7,severe,8,128,predicted_utility,harmful,2,-0.08104532300241307,0.6985391317643581,0.617493808761945,0.0008311315429807564
915,7,severe,8,128,uncertainty_penalized,harmful,2,-0.06741930108465599,0.6985391317643582,0.6311198306797022,0.0008311315429807564
915,7,severe,8,128,random_score,harmful,2,-0.41984233022034023,0.6985391317643583,0.2786968015440181,0.0008311315429807564
915,7,severe,8,128,oracle_real_utility,helpful,32,0.3002501864253334,0.698539131764358,0.9987893181896914,0.0008311315429807564
915,0,severe,12,32,predicted_utility,harmful,2,-0.35836186900393235,0.43933958255148303,0.08097771354755068,0.0013761769530447054
915,0,severe,12,32,uncertainty_penalized,harmful,2,-0.358361870887348,0.439339582551483,0.08097771166413496,0.0013761769530447054
915,0,severe,12,32,random_score,harmful,4,-0.12631106230434308,0.43933958255148314,0.31302852024714006,0.0013761769530447054
915,0,severe,12,32,oracle_real_utility,helpful,32,0.5605805667189536,0.4393395825514831,0.9999201492704367,0.0013761769530447054
915,1,severe,12,32,predicted_utility,harmful,2,-0.3776850364145621,0.5166048104978455,0.1389197740832834,0.0013761769530447054
915,1,severe,12,32,uncertainty_penalized,harmful,2,-0.3776850363744635,0.5166048104978455,0.13891977412338194,0.0013761769530447054
915,1,severe,12,32,random_score,harmful,8,-0.0964776445086788,0.5166048104978455,0.42012716598916666,0.0013761769530447054
915,1,severe,12,32,oracle_real_utility,helpful,32,0.483275492692695,0.5166048104978453,0.9998803031905403,0.0013761769530447054
915,2,severe,12,32,predicted_utility,harmful,4,-0.37310649507524163,0.5025533881668535,0.12944689309161184,0.0013761769530447054
915,2,severe,12,32,uncertainty_penalized,harmful,4,-0.37310649507524163,0.5025533881668535,0.12944689309161184,0.0013761769530447054
915,2,severe,12,32,random_score,helpful,128,0.45851876892622934,0.5025533881668535,0.9610721570930828,0.0013761769530447054
915,2,severe,12,32,oracle_real_utility,helpful,32,0.4973428413241454,0.5025533881668535,0.9998962294909989,0.0013761769530447054
915,3,severe,12,32,predicted_utility,harmful,8,-0.056958696212003224,0.2670022200500052,0.21004352383800196,0.0013761769530447054
915,3,severe,12,32,uncertainty_penalized,harmful,8,-0.05693925261770119,0.2670022200500052,0.210062967432304,0.0013761769530447054
915,3,severe,12,32,random_score,unstable,2,0.0716616737808129,0.26700222005000507,0.33866389383081796,0.0013761769530447054
915,3,severe,12,32,oracle_real_utility,helpful,128,0.7323985084706215,0.26700222005000507,0.9994007285206266,0.0013761769530447054
915,4,severe,12,32,predicted_utility,harmful,2,-0.22121021887355047,0.3720712567385246,0.15086103786497412,0.0013761769530447054
915,4,severe,12,32,uncertainty_penalized,harmful,2,-0.22121021887354553,0.3720712567385246,0.15086103786497906,0.0013761769530447054
915,4,severe,12,32,random_score,harmful,16,-0.06286217420486034,0.3720712567385245,0.30920908253366414,0.0013761769530447054
915,4,severe,12,32,oracle_real_utility,helpful,64,0.6276164483760074,0.37207125673852454,0.9996877051145319,0.0013761769530447054
915,5,severe,12,32,predicted_utility,harmful,2,-0.44321960941848015,0.4723767493820091,0.029157139963528908,0.0013761769530447054
915,5,severe,12,32,uncertainty_penalized,harmful,2,-0.44321960941848015,0.4723767493820091,0.029157139963528908,0.0013761769530447054
915,5,severe,12,32,random_score,harmful,2,-0.42924247406694865,0.47237674938200913,0.0431342753150605,0.0013761769530447054
915,5,severe,12,32,oracle_real_utility,helpful,32,0.5273965661512017,0.4723767493820091,0.9997733155332107,0.0013761769530447054
915,6,severe,12,32,predicted_utility,harmful,2,-0.318581322258774,0.47460841484867017,0.15602709258989617,0.0013761769530447054
915,6,severe,12,32,uncertainty_penalized,harmful,2,-0.2790427611193668,0.47460841484867017,0.19556565372930335,0.0013761769530447054
915,6,severe,12,32,random_score,harmful,4,-0.09896055671590659,0.4746084148486701,0.3756478581327635,0.0013761769530447054
915,6,severe,12,32,oracle_real_utility,helpful,32,0.525233477104482,0.47460841484867006,0.9998418919531521,0.0013761769530447054
915,7,severe,12,32,predicted_utility,harmful,2,-0.24792692957249401,0.5322323567963851,0.2843054272238911,0.0013761769530447054
915,7,severe,12,32,uncertainty_penalized,harmful,2,-0.24792692957249401,0.5322323567963851,0.2843054272238911,0.0013761769530447054
915,7,severe,12,32,random_score,helpful,128,0.45580139223456806,0.5322323567963854,0.9880337490309534,0.0013761769530447054
915,7,severe,12,32,oracle_real_utility,helpful,32,0.46769514138852597,0.5322323567963855,0.9999274981849114,0.0013761769530447054
915,0,severe,12,64,predicted_utility,harmful,2,-0.2824611135874444,0.4998119734660975,0.2173508598786531,0.001145764648470049
915,0,severe,12,64,uncertainty_penalized,harmful,2,-0.282450841579096,0.4998119734660975,0.2173611318870015,0.001145764648470049
915,0,severe,12,64,random_score,helpful,128,0.37709964029475807,0.4998119734660975,0.8769116137608556,0.001145764648470049
915,0,severe,12,64,oracle_real_utility,helpful,32,0.4985386565489263,0.49981197346609746,0.9983506300150238,0.001145764648470049
915,1,severe,12,64,predicted_utility,harmful,2,-0.34846171960232686,0.536500641087343,0.1880389214850161,0.001145764648470049
915,1,severe,12,64,uncertainty_penalized,harmful,2,-0.34185921281330633,0.536500641087343,0.19464142827403666,0.001145764648470049
915,1,severe,12,64,random_score,harmful,2,-0.3136215291756278,0.5365006410873431,0.22287911191171528,0.001145764648470049
915,1,severe,12,64,oracle_real_utility,helpful,32,0.4626017846651479,0.5365006410873431,0.999102425752491,0.001145764648470049
915,2,severe,12,64,predicted_utility,harmful,2,-0.37878579832462644,0.5152606887724869,0.1364748904478604,0.001145764648470049
915,2,severe,12,64,uncertainty_penalized,harmful,2,-0.37878579832462644,0.5152606887724869,0.1364748904478604,0.001145764648470049
915,2,severe,12,64,random_score,harmful,32,-0.16953577344112436,0.5152606887724871,0.34572491533136274,0.001145764648470049
915,2,severe,12,64,oracle_real_utility,helpful,32,0.48395863651092674,0.515260688772487,0.9992193252834137,0.001145764648470049
915,3,severe,12,64,predicted_utility,harmful,8,-0.0636861233852189,0.27049166910546346,0.20680554572024457,0.001145764648470049
915,3,severe,12,64,uncertainty_penalized,harmful,8,-0.06368402579692026,0.2704916691054635,0.20680764330854326,0.001145764648470049
915,3,severe,12,64,random_score,harmful,2,-0.02456242085528096,0.2704916691054635,0.24592924825018256,0.001145764648470049
915,3,severe,12,64,oracle_real_utility,helpful,128,0.7262156269158591,0.27049166910546346,0.9967072960213226,0.001145764648470049
915,4,severe,12,64,predicted_utility,harmful,2,-0.27060584947198796,0.4473097701607247,0.17670392068873672,0.001145764648470049
915,4,severe,12,64,uncertainty_penalized,harmful,2,-0.270596235341093,0.4473097701607247,0.1767135348196317,0.001145764648470049
915,4,severe,12,64,random_score,helpful,128,0.45331614734573283,0.44730977016072476,0.9006259175064576,0.001145764648470049
915,4,severe,12,64,oracle_real_utility,helpful,32,0.5503395069213209,0.4473097701607246,0.9976492770820455,0.001145764648470049
915,5,severe,12,64,predicted_utility,harmful,4,-0.46162614488787906,0.49569143011593814,0.03406528522805907,0.001145764648470049
915,5,severe,12,64,uncertainty_penalized,harmful,4,-0.4616260466091804,0.49569143011593814,0.034065383506757724,0.001145764648470049
915,5,severe,12,64,random_score,helpful,128,0.431909591209506,0.4956914301159381,0.9276010213254441,0.001145764648470049
915,5,severe,12,64,oracle_real_utility,helpful,32,0.5031156563692181,0.49569143011593814,0.9988070864851563,0.001145764648470049
915,6,severe,12,64,predicted_utility,harmful,2,-0.3332413813389027,0.4899538326565665,0.1567124513176638,0.001145764648470049
915,6,severe,12,64,uncertainty_penalized,harmful,2,-0.30322221196538723,0.4899538326565665,0.1867316206911793,0.001145764648470049
915,6,severe,12,64,random_score,harmful,4,-0.11887818526295152,0.4899538326565665,0.371075647393615,0.001145764648470049
915,6,severe,12,64,oracle_real_utility,helpful,32,0.5072069022281605,0.4899538326565667,0.9971607348847271,0.001145764648470049
915,7,severe,12,64,predicted_utility,harmful,2,-0.22410818281627737,0.5040213708140954,0.279913187997818,0.001145764648470049
915,7,severe,12,64,uncertainty_penalized,harmful,2,-0.22439625202485614,0.5040213708140954,0.27962511878923924,0.001145764648470049
915,7,severe,12,64,random_score,helpful,128,0.4125946838158615,0.5040213708140954,0.9166160546299569,0.001145764648470049
915,7,severe,12,64,oracle_real_utility,helpful,32,0.49546308186762467,0.5040213708140954,0.99948445268172,0.001145764648470049
915,0,severe,12,128,predicted_utility,harmful,2,-0.28353728680025525,0.5710462151470242,0.287508928346769,0.001119507324233382
915,0,severe,12,128,uncertainty_penalized,harmful,2,-0.2835257685623713,0.5710462151470241,0.2875204465846528,0.001119507324233382
915,0,severe,12,128,random_score,helpful,4,0.18257114685058717,0.571046215147024,0.7536173619976112,0.001119507324233382
915,0,severe,12,128,oracle_real_utility,helpful,32,0.42596962349947276,0.5710462151470241,0.9970158386464969,0.001119507324233382
915,1,severe,12,128,predicted_utility,harmful,2,-0.331667612616466,0.5241652135609776,0.19249760094451157,0.001119507324233382
915,1,severe,12,128,uncertainty_penalized,harmful,2,-0.32246947267395387,0.5241652135609776,0.2016957408870237,0.001119507324233382
915,1,severe,12,128,random_score,harmful,2,-0.09155280399071342,0.5241652135609771,0.4326124095702637,0.001119507324233382
915,1,severe,12,128,oracle_real_utility,helpful,32,0.473380829464101,0.5241652135609772,0.9975460430250782,0.001119507324233382
915,2,severe,12,128,predicted_utility,harmful,4,-0.37253855862828683,0.520160682948668,0.1476221243203812,0.001119507324233382
915,2,severe,12,128,uncertainty_penalized,harmful,4,-0.3725387743515305,0.5201606829486679,0.14762190859713742,0.001119507324233382
915,2,severe,12,128,random_score,helpful,128,0.33775080579972283,0.5201606829486685,0.8579114887483913,0.001119507324233382
915,2,severe,12,128,oracle_real_utility,helpful,32,0.4781637355990974,0.5201606829486679,0.9983244185477653,0.001119507324233382
915,3,severe,12,128,predicted_utility,harmful,8,-0.07106913065808199,0.28449796828718676,0.21342883762910478,0.001119507324233382
915,3,severe,12,128,uncertainty_penalized,harmful,8,-0.07128908444443363,0.28449796828718676,0.21320888384275313,0.001119507324233382
915,3,severe,12,128,random_score,harmful,8,-0.02049866887901991,0.28449796828718704,0.26399929940816713,0.001119507324233382
915,3,severe,12,128,oracle_real_utility,helpful,64,0.7112273299517393,0.2844979682871869,0.9957252982389262,0.001119507324233382
915,4,severe,12,128,predicted_utility,harmful,2,-0.27797598220395336,0.4820737691792455,0.2040977869752921,0.001119507324233382
915,4,severe,12,128,uncertainty_penalized,harmful,2,-0.27797066671987214,0.4820737691792455,0.20410310245937338,0.001119507324233382
915,4,severe,12,128,random_score,harmful,8,-0.17324572993817827,0.4820737691792455,0.3088280392410672,0.001119507324233382
915,4,severe,12,128,oracle_real_utility,helpful,32,0.5114024546713472,0.48207376917924555,0.9934762238505928,0.001119507324233382
915,5,severe,12,128,predicted_utility,harmful,2,-0.3719081212848029,0.5623223587785723,0.19041423749376943,0.001119507324233382
915,5,severe,12,128,uncertainty_penalized,harmful,2,-0.37002411694606324,0.5623223587785724,0.19229824183250915,0.001119507324233382
915,5,severe,12,128,random_score,helpful,16,0.23192698767457554,0.5623223587785722,0.7942493464531477,0.001119507324233382
915,5,severe,12,128,oracle_real_utility,helpful,32,0.4359951525964617,0.5623223587785722,0.9983175113750339,0.001119507324233382
915,6,severe,12,128,predicted_utility,harmful,2,-0.24065097613651132,0.5013646612807295,0.2607136851442182,0.001119507324233382
915,6,severe,12,128,uncertainty_penalized,harmful,2,-0.2351074985588969,0.5013646612807295,0.26625716272183264,0.001119507324233382
915,6,severe,12,128,random_score,harmful,2,-0.10410645836809246,0.5013646612807293,0.39725820291263686,0.001119507324233382
915,6,severe,12,128,oracle_real_utility,helpful,32,0.4949890124702362,0.5013646612807292,0.9963536737509654,0.001119507324233382
915,7,severe,12,128,predicted_utility,harmful,2,-0.23398491830573398,0.505684901316315,0.27169998301058107,0.001119507324233382
915,7,severe,12,128,uncertainty_penalized,harmful,2,-0.23401102002981028,0.505684901316315,0.27167388128650477,0.001119507324233382
915,7,severe,12,128,random_score,harmful,16,-0.10628965671503532,0.505684901316315,0.39939524460127973,0.001119507324233382
915,7,severe,12,128,oracle_real_utility,helpful,32,0.492660522758284,0.5056849013163149,0.9983454240745989,0.001119507324233382
