state_id,mismatch,scorer,N,success,real_utility,imagined_utility,gap_imagined_minus_real,normalized_real_utility,normalized_imagined_utility,normalized_gap_imagined_minus_real,p,kappa,tie_rate,seed,seed_id,backend
0,mild,predicted_utility,1,0.012499999999999956,-2.626856736331788,-11.61391223090621,-8.987055494574422,0.5556308211164253,0.7042242221524921,0.14859340103606689,0.0125,0.759493670886076,0.0,701,0,analytic_nominal_wam
0,mild,predicted_utility,2,0.018906249999999902,-1.2342987117608855,-4.591962923075968,-3.3576642113150825,0.6618875674193886,0.8410011739581277,0.1791136065387391,0.0125,0.759493670886076,0.0,701,0,analytic_nominal_wam
0,mild,predicted_utility,4,0.021626977539062398,-0.5342256715564572,-0.6790629491992638,-0.14483727764280663,0.7153054373494173,0.9172185471810315,0.20191310983161415,0.0125,0.759493670886076,0.0,701,0,analytic_nominal_wam
0,mild,predicted_utility,8,0.014153547881413042,-0.3399167277518982,1.3591328152935647,1.6990495430454629,0.730131847295674,0.9569195178986095,0.22678767060293548,0.0125,0.759493670886076,0.0,701,0,analytic_nominal_wam
0,mild,predicted_utility,16,0.0030342287907378675,-0.3834784500088745,2.595367036432604,2.9788454864414784,0.7268079449600381,0.9809994907199258,0.25419154575988767,0.0125,0.759493670886076,0.0,701,0,analytic_nominal_wam
0,mild,predicted_utility,32,7.002824156592937e-05,-0.4492134807266167,3.292273441226275,3.7414869219528915,0.7217921464374992,0.9945741734131217,0.2727820269756225,0.0125,0.759493670886076,0.0,701,0,analytic_nominal_wam
0,mild,predicted_utility,64,1.8972968085312328e-08,-0.5077071397335833,3.5052769029570934,4.012984042690677,0.7173288883356685,0.9987231586795209,0.28139427034385234,0.0125,0.759493670886076,0.0,701,0,analytic_nominal_wam
1,mild,predicted_utility,1,0.03749999999999987,-5.8298047325717475,-16.462400497301896,-10.632595764730148,0.5782972211199574,0.6555756953978651,0.07727847427790768,0.0375,0.935064935064935,0.0,701,0,analytic_nominal_wam
1,mild,predicted_utility,2,0.06890624999999984,-2.8310215677598127,-7.653676802032133,-4.82265523427232,0.7225880203527609,0.8108573794139808,0.08826935906121991,0.0375,0.935064935064935,0.0,701,0,analytic_nominal_wam
1,mild,predicted_utility,4,0.11663283691406212,-0.9985952136440961,-2.747072722063808,-1.748477508419712,0.8107578708018149,0.8973518331731519,0.08659396237133699,0.0375,0.935064935064935,0.0,701,0,analytic_nominal_wam
1,mild,predicted_utility,8,0.16874878316936487,-0.07574423592466777,-0.5432661227694411,-0.4675218868447733,0.8551621834278201,0.936200911861819,0.08103872843399884,0.0375,0.935064935064935,0.0,701,0,analytic_nominal_wam
1,mild,predicted_utility,16,0.1829518135903518,0.25983398971275823,0.586258995129022,0.3264250054162638,0.8713090162333814,0.9561123733304039,0.08480335709702247,0.0375,0.935064935064935,0.0,701,0,analytic_nominal_wam
1,mild,predicted_utility,32,0.11920379136100205,0.2316056246556487,1.5361518238659437,1.3045461992102951,0.8699507675267327,0.9728572461614485,0.1029064786347158,0.0375,0.935064935064935,0.0,701,0,analytic_nominal_wam
1,mild,predicted_utility,64,0.031002713513158787,0.12676002997064678,2.4125833959485345,2.2858233659778877,0.8649059697465351,0.9883071314281369,0.12340116168160176,0.0375,0.935064935064935,0.0,701,0,analytic_nominal_wam
2,mild,predicted_utility,1,0.07499999999999996,-2.1380328425176796,-10.874344370447107,-8.736311527929427,0.5911360530465255,0.7020938984661158,0.1109578454195903,0.075,0.8783783783783784,0.0,701,0,analytic_nominal_wam
2,mild,predicted_utility,2,0.12750000000000006,-0.5338315011805107,-4.152359042604526,-3.6185275414240152,0.6972917696944649,0.8387832570717446,0.14149148737727968,0.075,0.8783783783783784,0.0,701,0,analytic_nominal_wam
2,mild,predicted_utility,4,0.1853132812499999,0.15572358732253055,-0.9049438421338429,-1.0606674294563736,0.7429220859783662,0.9048183760476698,0.16189629006930362,0.075,0.8783783783783784,0.0,701,0,analytic_nominal_wam
2,mild,predicted_utility,8,0.20025674910861946,0.37249470764650805,0.4918687989966891,0.11937409135018107,0.7572666031119747,0.9332221012414057,0.175955498129431,0.075,0.8783783783783784,0.0,701,0,analytic_nominal_wam
2,mild,predicted_utility,16,0.12729614204013104,0.259437900104328,1.2464109731929662,0.9869730730886382,0.7497852314678365,0.9485654679406139,0.19878023647277743,0.075,0.8783783783783784,0.0,701,0,analytic_nominal_wam
2,mild,predicted_utility,32,0.033557707058697234,0.07466994690400654,1.8629523073346572,1.7882823604306506,0.7375584778926252,0.9611026329904421,0.2235441550978169,0.075,0.8783783783783784,0.0,701,0,analytic_nominal_wam
2,mild,predicted_utility,64,0.0020275469278128906,0.08069047731579088,2.5365936038741945,2.4559031265584035,0.7379568778340757,0.9748009069769767,0.23684402914290104,0.075,0.8783783783783784,0.0,701,0,analytic_nominal_wam
3,mild,predicted_utility,1,0.0625,-2.865797004737332,-8.38371953569784,-5.517922530960507,0.6582355799597519,0.7583839875182887,0.10014840755853682,0.0625,0.8346666666666667,0.0,701,0,analytic_nominal_wam
3,mild,predicted_utility,2,0.10171874999999997,-0.8488600071194166,-2.5655767662167746,-1.716716759097358,0.7621138879838747,0.8738735460693943,0.11175965808551958,0.0625,0.8346666666666667,0.0,701,0,analytic_nominal_wam
3,mild,predicted_utility,4,0.1359812255859375,0.051018732701909084,0.34270203623769935,0.29168330353579025,0.8084603435399583,0.9316025926649568,0.12314224912499849,0.0625,0.8346666666666667,0.0,701,0,analytic_nominal_wam
3,mild,predicted_utility,8,0.1264102125539966,0.239523788121792,1.930283785535984,1.690759997414192,0.8181689195808249,0.9631159333742985,0.14494701379347352,0.0625,0.8346666666666667,0.0,701,0,analytic_nominal_wam
3,mild,predicted_utility,16,0.06436441887914529,-0.0021244552218941393,2.9623182091567912,2.9644426643786854,0.8057233098839479,0.9836017146134107,0.1778784047294628,0.0625,0.8346666666666667,0.0,701,0,analytic_nominal_wam
3,mild,predicted_utility,32,0.014101519377437805,-0.2949129038623458,3.5257893868345795,3.8207022906969255,0.790643826147124,0.9947865617621657,0.2041427356150417,0.0625,0.8346666666666667,0.0,701,0,analytic_nominal_wam
3,mild,predicted_utility,64,0.0007016083284821218,-0.45147002202758213,3.70281949800817,4.154289520035753,0.7825806647477622,0.9983005919604165,0.21571992721265432,0.0625,0.8346666666666667,0.0,701,0,analytic_nominal_wam
4,mild,predicted_utility,1,0.0625,-3.4975063489812563,-11.846158887939685,-8.34865253895843,0.5657502058721512,0.6848361359526031,0.11908593008045187,0.0625,0.848,0.0,701,0,analytic_nominal_wam
4,mild,predicted_utility,2,0.10328124999999999,-1.3885649301714473,-4.500526335580083,-3.1119614054086355,0.6974451798753999,0.8358554091222905,0.13841022924689061,0.0625,0.848,0.0,701,0,analytic_nominal_wam
4,mild,predicted_utility,4,0.14159768066406248,-0.27481094575772586,-0.7411644103607876,-0.46635346460306176,0.7669946707788298,0.9131443425778638,0.14614967179903404,0.0625,0.848,0.0,701,0,analytic_nominal_wam
4,mild,predicted_utility,8,0.13541300805501988,0.06213678881614121,0.9833132767984667,0.9211764879823254,0.7880357119141504,0.9485979764284269,0.16056226451427646,0.0625,0.848,0.0,701,0,analytic_nominal_wam
4,mild,predicted_utility,16,0.06678319582548717,-0.1095180791765544,2.1207113395753985,2.2302294187519527,0.7773165505490203,0.9719818072313993,0.194665256682379,0.0625,0.848,0.0,701,0,analytic_nominal_wam
4,mild,predicted_utility,32,0.010960878095398674,-0.3879065799660499,2.9489456602118738,3.3368522401779237,0.7599322998309673,0.9890095232551924,0.2290772234242251,0.0625,0.848,0.0,701,0,analytic_nominal_wam
4,mild,predicted_utility,64,0.00029892700312052656,-0.5113602650692419,3.3424415793250475,3.8538018443942894,0.7522231099477105,0.997099428008272,0.24487631806056154,0.0625,0.848,0.0,701,0,analytic_nominal_wam
5,mild,predicted_utility,1,0.10000000000000009,-1.8694706336562246,-8.635728259510547,-6.7662576258543226,0.6710191006132359,0.7515162396922829,0.08049713907904699,0.1,0.859375,0.0,701,0,analytic_nominal_wam
5,mild,predicted_utility,2,0.1646875000000002,-0.021546882763979106,-2.9114866974508313,-2.8899398146868522,0.7733253603566587,0.8642903479560208,0.09096498759936211,0.1,0.859375,0.0,701,0,analytic_nominal_wam
5,mild,predicted_utility,4,0.22546870117187506,0.8229733483238115,-0.3282509007680434,-1.151224249091855,0.8200803772119407,0.9151830488051169,0.0951026715931762,0.1,0.859375,0.0,701,0,analytic_nominal_wam
5,mild,predicted_utility,8,0.2193094283935537,1.0390677831695856,0.7434113493285561,-0.29565643384102946,0.8320439733125727,0.9362960212931384,0.10425204798056564,0.1,0.859375,0.0,701,0,analytic_nominal_wam
5,mild,predicted_utility,16,0.1185971831248096,0.847219319030571,1.3841288017344793,0.5369094827039083,0.8214227023894052,0.9489188881936211,0.12749618580421596,0.1,0.859375,0.0,701,0,analytic_nominal_wam
5,mild,predicted_utility,32,0.025109042687847524,0.6122687748029333,1.9767517059120987,1.3644829311091655,0.8084151790037648,0.9605942374657873,0.1521790584620225,0.1,0.859375,0.0,701,0,analytic_nominal_wam
5,mild,predicted_utility,64,0.001013872683527105,0.5734976738545541,2.673450698605769,2.099953024751215,0.8062687017358319,0.9743200047621979,0.16805130302636606,0.1,0.859375,0.0,701,0,analytic_nominal_wam
6,mild,predicted_utility,1,0.03749999999999998,-5.8545360841936125,-14.000159153388735,-8.145623069195121,0.6089004809416552,0.6972196242586438,0.08831914331698865,0.0375,0.9264069264069265,0.0,701,0,analytic_nominal_wam
6,mild,predicted_utility,2,0.06828124999999985,-2.7594702572521745,-6.183925356524495,-3.42445509927232,0.7433591703257523,0.8367463381087236,0.09338716778297129,0.0375,0.9264069264069265,0.0,701,0,analytic_nominal_wam
6,mild,predicted_utility,4,0.11394211425781231,-0.970612433585651,-2.2545293779935736,-1.2839169444079226,0.8210723731826944,0.9068895455086983,0.08581717232600383,0.0375,0.9264069264069265,0.0,701,0,analytic_nominal_wam
6,mild,predicted_utility,8,0.16302490816699794,-0.12699144731771786,-0.6707108023545836,-0.5437193550368657,0.8577217300923665,0.9351621134662073,0.07744038337384074,0.0375,0.9264069264069265,0.0,701,0,analytic_nominal_wam
6,mild,predicted_utility,16,0.18583923165493937,0.14037215920633678,0.1387498093882764,-0.0016223498180603646,0.8693367851937163,0.9496117041620317,0.0802749189683154,0.0375,0.9264069264069265,0.0,701,0,analytic_nominal_wam
6,mild,predicted_utility,32,0.16799282845339347,0.04940503457434786,0.8185140170139349,0.769108982439587,0.8653849079029048,0.9617460988779319,0.09636119097502716,0.0375,0.9264069264069265,0.0,701,0,analytic_nominal_wam
6,mild,predicted_utility,64,0.11201995248332883,-0.24093021482376964,1.5830568477727893,1.8239870625965589,0.8527718976152839,0.9753938672975789,0.122621969682295,0.0375,0.9264069264069265,0.0,701,0,analytic_nominal_wam
7,mild,predicted_utility,1,0.050000000000000044,-5.508400348662171,-10.697342367103884,-5.188942018441713,0.6715313892792192,0.7317692297483428,0.060237840469123616,0.05,0.9276315789473685,0.0,701,0,analytic_nominal_wam
7,mild,predicted_utility,2,0.09062500000000007,-1.8983779353386065,-3.633687688198843,-1.7353097528602364,0.7995079238263524,0.8649196376684765,0.06541171384212408,0.05,0.9276315789473685,0.0,701,0,analytic_nominal_wam
7,mild,predicted_utility,4,0.14976367187500017,-0.1493052761408968,-0.35254060314765306,-0.20323532700675626,0.8615131503781688,0.9267695004774901,0.06525635009932129,0.05,0.9276315789473685,0.0,701,0,analytic_nominal_wam
7,mild,predicted_utility,8,0.20964132223072057,0.6115568969261664,1.2060775928102625,0.5945206958840961,0.88848597575946,0.9561495675981705,0.06766359183871051,0.05,0.9276315789473685,0.0,701,0,analytic_nominal_wam
7,mild,predicted_utility,16,0.22685498105126556,0.8303084893932268,2.272987795861724,1.4426793064684973,0.8962407948506875,0.9762609030481751,0.08002010819748762,0.05,0.9276315789473685,0.0,701,0,analytic_nominal_wam
7,mild,predicted_utility,32,0.18518419536239777,0.7544361771336922,3.068709960424639,2.314273783290947,0.8935510953199544,0.9912603241154389,0.09770922879548449,0.05,0.9276315789473685,0.0,701,0,analytic_nominal_wam
7,mild,predicted_utility,64,0.11362135024916442,0.5700183665471295,3.439756930724344,2.869738564177214,0.8870134205895889,0.9982545866748019,0.11124116608521306,0.05,0.9276315789473685,0.0,701,0,analytic_nominal_wam
8,mild,predicted_utility,1,0.11249999999999993,-4.89647579440449,-13.332544838960343,-8.436069044555854,0.6222704131915098,0.6866217643624268,0.06435135117091706,0.1125,0.9014084507042254,0.0,701,0,analytic_nominal_wam
8,mild,predicted_utility,2,0.19265624999999986,-1.6221747722574242,-5.085833691480171,-3.4636589192227465,0.7680834908791784,0.8395464359828874,0.07146294510370899,0.1125,0.9014084507042254,0.0,701,0,analytic_nominal_wam
8,mild,predicted_utility,4,0.2837164306640624,0.19814803170046275,-0.6231489249596006,-0.8212969566600634,0.8491471648159434,0.922301196063737,0.07315403124779352,0.1125,0.9014084507042254,0.0,701,0,analytic_nominal_wam
8,mild,predicted_utility,8,0.31291551302875564,0.8067342468633417,1.4991899140573413,0.6924556671939995,0.8762490801471732,0.9616572453080693,0.08540816516089611,0.1125,0.9014084507042254,0.0,701,0,analytic_nominal_wam
8,mild,predicted_utility,16,0.20291314133073432,0.4881581722397186,2.6881531913517867,2.199995019112068,0.862062065085233,0.9837050429691522,0.1216429778839192,0.1125,0.9014084507042254,0.0,701,0,analytic_nominal_wam
8,mild,predicted_utility,32,0.05259673727077747,-0.11864175561671074,3.3478050153062786,3.4664467709229894,0.8350396977393674,0.9959374392248282,0.16089774148546088,0.1125,0.9014084507042254,0.0,701,0,analytic_nominal_wam
8,mild,predicted_utility,64,0.002849759628495376,-0.3702374746184148,3.5429318239507985,3.9131692985692133,0.8238354908345837,0.9995558153996054,0.17572032456502162,0.1125,0.9014084507042254,0.0,701,0,analytic_nominal_wam
9,mild,predicted_utility,1,0.08750000000000002,-3.8613035998725276,-11.388133900683306,-7.5268303008107775,0.63288132343478,0.7169619476392053,0.0840806242044253,0.0875,0.8610567514677103,0.0,701,0,analytic_nominal_wam
9,mild,predicted_utility,2,0.14515625,-1.3178760343581373,-4.195766704550508,-2.8778906701923703,0.7610942548128402,0.8542343607315391,0.09314010591869892,0.0875,0.8610567514677103,0.0,701,0,analytic_nominal_wam
9,mild,predicted_utility,4,0.20124328613281245,-0.03021325140876074,-0.7660242525547205,-0.7358110011459598,0.8260047017494259,0.9196938971862166,0.09368919543679077,0.0875,0.8610567514677103,0.0,701,0,analytic_nominal_wam
9,mild,predicted_utility,8,0.19913865606029343,0.35034532026487114,0.7662403165674416,0.4158949963025705,0.8451884719880158,0.9489384628714027,0.10374999088338688,0.0875,0.8610567514677103,0.0,701,0,analytic_nominal_wam
9,mild,predicted_utility,16,0.10843416328305967,0.13930185032848344,1.788743073042031,1.6494412227135475,0.8345498745710418,0.9684537930745521,0.13390391850351036,0.0875,0.8610567514677103,0.0,701,0,analytic_nominal_wam
9,mild,predicted_utility,32,0.02205310624264417,-0.1761141083477648,2.6437308112463773,2.819844919594142,0.8186499113821455,0.9847719574267243,0.1661220460445788,0.0875,0.8610567514677103,0.0,701,0,analytic_nominal_wam
9,mild,predicted_utility,64,0.0008431699122719502,-0.3599504734718807,3.176744458567917,3.536694932039798,0.8093828107239502,0.9949449738458964,0.18556216312194618,0.0875,0.8610567514677103,0.0,701,0,analytic_nominal_wam
10,mild,predicted_utility,1,0.07499999999999996,-2.1201739630093996,-8.818883358312412,-6.698709395303013,0.6482489441945505,0.7685944351086104,0.12034549091405988,0.075,0.831081081081081,0.0,701,0,analytic_nominal_wam
10,mild,predicted_utility,2,0.12093749999999986,-0.41992263024286514,-2.627893753017711,-2.207971122774846,0.7488109265329218,0.8828791014419428,0.134068174909021,0.075,0.831081081081081,0.0,701,0,analytic_nominal_wam
10,mild,predicted_utility,4,0.16079926757812477,0.31277463836116703,0.09190806019215295,-0.2208665781690141,0.7921465724840657,0.9330862028154695,0.14093963033140378,0.075,0.831081081081081,0.0,701,0,analytic_nominal_wam
10,mild,predicted_utility,8,0.1557827718685731,0.49862294411370567,1.410264533212651,0.9116415890989454,0.8031386379984585,0.9574228499806788,0.1542842119822203,0.075,0.831081081081081,0.0,701,0,analytic_nominal_wam
10,mild,predicted_utility,16,0.1023230688708349,0.4282861504299517,2.4082423847093475,1.9799562342793957,0.7989785428008536,0.975845359633871,0.17686681683301742,0.075,0.831081081081081,0.0,701,0,analytic_nominal_wam
10,mild,predicted_utility,32,0.047180302518747746,0.34855561912633476,3.178717630261013,2.830162011134678,0.7942628515814046,0.9900682079941169,0.19580535641271224,0.075,0.831081081081081,0.0,701,0,analytic_nominal_wam
10,mild,predicted_utility,64,0.009286475920328755,0.3311852781879495,3.561695259009952,3.2305099808220024,0.7932354764604482,0.9971379130501989,0.2039024365897507,0.075,0.831081081081081,0.0,701,0,analytic_nominal_wam
11,mild,predicted_utility,1,0.08749999999999991,-2.656483069882482,-10.7724173593564,-8.115934289473918,0.633680809489046,0.7334979871284496,0.09981717763940356,0.0875,0.812133072407045,0.0,701,0,analytic_nominal_wam
11,mild,predicted_utility,2,0.13734374999999993,-0.5245085851379341,-2.961276038478729,-2.436767453340795,0.7540332254194162,0.8763407346814808,0.12230750926206457,0.0875,0.812133072407045,0.0,701,0,analytic_nominal_wam
11,mild,predicted_utility,4,0.1747547607421875,0.3060036268476054,0.47059594260205523,0.16459231575444982,0.8009165966264181,0.939099556073892,0.13818295944747383,0.0875,0.812133072407045,0.0,701,0,analytic_nominal_wam
11,mild,predicted_utility,8,0.16085236032011202,0.3626852850605025,1.8006649497071596,1.4379796646466572,0.8041163415359729,0.9634225971770167,0.15930625564104384,0.0875,0.812133072407045,0.0,701,0,analytic_nominal_wam
11,mild,predicted_utility,16,0.10406678440268977,0.1890739086631746,2.7599085550050293,2.5708346463418548,0.7943157793191511,0.9809643348725302,0.18664855555337911,0.0875,0.812133072407045,0.0,701,0,analytic_nominal_wam
11,mild,predicted_utility,32,0.04813925798390193,0.01686409228338623,3.4628086142672796,3.4459445219838933,0.7845943367800692,0.9938183048105529,0.2092239680304837,0.0875,0.812133072407045,0.0,701,0,analytic_nominal_wam
11,mild,predicted_utility,64,0.009314132031534021,-0.14075662054481597,3.7439836763754326,3.8847402969202487,0.7756964659447085,0.9989601677938242,0.2232637018491157,0.0875,0.812133072407045,0.0,701,0,analytic_nominal_wam
0,mild,predicted_utility,1,0.012500000000000067,-2.626856736331787,-4.155110485102565,-1.5282537487707777,0.5556308211164257,0.7090114793100174,0.1533806581935917,0.0125,0.9240506329113924,0.0,701,0,learned_wam_lite
0,mild,predicted_utility,2,0.022968750000000093,-1.1917475855216764,-1.8420785188460265,-0.6503309333243501,0.6651343579630703,0.8472868140559516,0.18215245609288133,0.0125,0.9240506329113924,0.0,701,0,learned_wam_lite
0,mild,predicted_utility,4,0.038777709960937656,-0.36930838939838123,-0.5261358982896832,-0.15682750889130198,0.7278891670770489,0.9259551632263967,0.19806599614934783,0.0125,0.9240506329113924,0.0,701,0,learned_wam_lite
0,mild,predicted_utility,8,0.05527415770870181,0.04211615992826191,0.09714020917126301,0.0550240492430011,0.759282210088009,0.963215224330432,0.20393301424242305,0.0125,0.9240506329113924,0.0,701,0,learned_wam_lite
0,mild,predicted_utility,16,0.0561944450056471,0.2084992085374528,0.3808672159821721,0.1723680074447193,0.7719777826050882,0.9801767049392516,0.20819892233416337,0.0125,0.9240506329113924,0.0,701,0,learned_wam_lite
0,mild,predicted_utility,32,0.02912646439220533,0.19293516744704034,0.5333330661607649,0.3403978987137246,0.7707901952037644,0.989291264002129,0.21850106879836462,0.0125,0.9240506329113924,0.0,701,0,learned_wam_lite
0,mild,predicted_utility,64,0.003958417643603995,0.10417879742407385,0.6282869792602541,0.5241081818361802,0.7640177929584732,0.9949677026812355,0.2309499097227623,0.0125,0.9240506329113924,0.0,701,0,learned_wam_lite
1,mild,predicted_utility,1,0.03749999999999987,-5.829804732571746,-6.289158025153255,-0.45935329258150936,0.5782972211199572,0.6519348600253053,0.07363763890534814,0.0375,0.9653679653679653,0.0,701,0,learned_wam_lite
1,mild,predicted_utility,2,0.07109374999999973,-2.83212172213168,-3.1934893670786995,-0.36136764494701934,0.7225350848302935,0.8139804043424816,0.09144531951218815,0.0375,0.9653679653679653,0.0,701,0,learned_wam_lite
1,mild,predicted_utility,4,0.12787145996093707,-0.9856298000438745,-1.3236369009459021,-0.3380071009020277,0.811381720472812,0.9118595038633469,0.10047778339053492,0.0375,0.9653679653679653,0.0,701,0,learned_wam_lite
1,mild,predicted_utility,8,0.20755417727628578,-0.020726118460041534,-0.46706856051032675,-0.4463424420502852,0.857809459907963,0.9566973396597259,0.09888787975176294,0.0375,0.9653679653679653,0.0,701,0,learned_wam_lite
1,mild,predicted_utility,16,0.2772766776286186,0.3828112517569122,-0.1211984880138247,-0.5040097397707369,0.8772262454735709,0.9748022179109973,0.09757597243742644,0.0375,0.9653679653679653,0.0,701,0,learned_wam_lite
1,mild,predicted_utility,32,0.2616559051419343,0.28882824568460125,0.06971209346576401,-0.21911615221883723,0.8727041168916847,0.9847956030270292,0.11209148613534448,0.0375,0.9653679653679653,0.0,701,0,learned_wam_lite
1,mild,predicted_utility,64,0.14192101932787693,-0.2388769756734035,0.21499321426022755,0.45387018993363104,0.8473128151655243,0.9924004732177527,0.14508765805222845,0.0375,0.9653679653679653,0.0,701,0,learned_wam_lite
2,mild,predicted_utility,1,0.07500000000000007,-2.1380328425176782,-3.251154541372601,-1.1131216988549228,0.5911360530465254,0.70278026572204,0.11164421267551461,0.075,0.9752252252252253,0.0,701,0,learned_wam_lite
2,mild,predicted_utility,2,0.14093750000000005,-0.37771977871568296,-1.2736193193723928,-0.8958995406567098,0.7076222384133009,0.8389991467480037,0.13137690833470284,0.075,0.9752252252252253,0.0,701,0,learned_wam_lite
2,mild,predicted_utility,4,0.25129956054687513,0.6810186617505888,-0.19269974034368648,-0.8737184020942752,0.7776827320647625,0.9134563062950367,0.13577357423027425,0.075,0.9752252252252253,0.0,701,0,learned_wam_lite
2,mild,predicted_utility,8,0.41285316056806454,1.5227495254555725,0.3833524205317194,-1.1393971049238532,0.8333830614179413,0.9531366011864055,0.11975353976846426,0.075,0.9752252252252253,0.0,701,0,learned_wam_lite
2,mild,predicted_utility,16,0.6102593874740427,2.3760444660208146,0.6824779176515866,-1.693566548369228,0.8898486269262335,0.9737413115605599,0.08389268463432642,0.075,0.9752252252252253,0.0,701,0,learned_wam_lite
2,mild,predicted_utility,32,0.8030373631369827,3.177153056360777,0.8438002050682121,-2.333352851292565,0.9428608357612375,0.9848537009794521,0.04199286521821466,0.075,0.9752252252252253,0.0,701,0,learned_wam_lite
2,mild,predicted_utility,64,0.9387886419453707,3.6910535835083778,0.9492878083433435,-2.7417657751650344,0.976867464068651,0.9921200207498353,0.015252556681184304,0.075,0.9752252252252253,0.0,701,0,learned_wam_lite
3,mild,predicted_utility,1,0.0625,-2.8657970047373316,-2.500868815436635,0.36492818930069637,0.6582355799597521,0.7715941349922372,0.11335855503248504,0.0625,0.92,0.0,701,0,learned_wam_lite
3,mild,predicted_utility,2,0.11171875000000009,-0.7855923687333922,-0.7092662443792437,0.07632612435414854,0.7653723612212562,0.8972907461891519,0.13191838496789576,0.0625,0.92,0.0,701,0,learned_wam_lite
3,mild,predicted_utility,4,0.17944997558593756,0.32301935138008586,0.15047655987917805,-0.17254279150090782,0.8224691916513142,0.9576092335266844,0.1351400418753702,0.0625,0.92,0.0,701,0,learned_wam_lite
3,mild,predicted_utility,8,0.23640807737791,0.9201092848905728,0.5072766614862653,-0.4128326234043075,0.8532211150403735,0.9826418855061113,0.12942077046573786,0.0625,0.92,0.0,701,0,learned_wam_lite
3,mild,predicted_utility,16,0.22121221812236316,1.0879138844200582,0.6467256301633485,-0.4411882542567097,0.8618635554826756,0.9924254519514693,0.13056189646879368,0.0625,0.92,0.0,701,0,learned_wam_lite
3,mild,predicted_utility,32,0.12046572886345462,0.8554727665971886,0.7063966427539529,-0.14907612384323576,0.8498921403798774,0.9966118960828263,0.14671975570294893,0.0625,0.92,0.0,701,0,learned_wam_lite
3,mild,predicted_utility,64,0.027144124349266302,0.5736330693439843,0.7359148749083122,0.16228180556432792,0.8353765501957164,0.9986828585888339,0.16330630839311744,0.0625,0.92,0.0,701,0,learned_wam_lite
4,mild,predicted_utility,1,0.06249999999999989,-3.497506348981256,-4.676674900308108,-1.1791685513268524,0.5657502058721511,0.6881168598249016,0.12236665395275048,0.0625,0.9466666666666667,0.0,701,0,learned_wam_lite
4,mild,predicted_utility,2,0.1148437499999998,-1.334529095327221,-1.9696872454605747,-0.6351581501333536,0.7008195020834913,0.8491612865969933,0.148341784513502,0.0625,0.9466666666666667,0.0,701,0,learned_wam_lite
4,mild,predicted_utility,4,0.19587224121093721,-0.043569769580870936,-0.5190250684961815,-0.4754552989153105,0.7814347592580433,0.9354642508202801,0.15402949156223678,0.0625,0.9466666666666667,0.0,701,0,learned_wam_lite
4,mild,predicted_utility,8,0.29482660845334907,0.678691215551361,0.08649581071872166,-0.5921954048326393,0.8265370749564233,0.9714879699226083,0.14495089496618507,0.0625,0.9466666666666667,0.0,701,0,learned_wam_lite
4,mild,predicted_utility,16,0.3665859081848669,1.0111265246108707,0.3313506034033338,-0.6797759212075369,0.8472963331292092,0.986054899941546,0.1387585668123369,0.0625,0.9466666666666667,0.0,701,0,learned_wam_lite
4,mild,predicted_utility,32,0.33786562414990934,0.8887310412590399,0.43511888550484734,-0.45361215575419256,0.839653223721632,0.9922282947400917,0.15257507101845968,0.0625,0.9466666666666667,0.0,701,0,learned_wam_lite
4,mild,predicted_utility,64,0.183430259861064,0.3409966770928769,0.4980975760964113,0.1571008990035344,0.8054493988992917,0.9959750303807263,0.19052563148143464,0.0625,0.9466666666666667,0.0,701,0,learned_wam_lite
5,mild,predicted_utility,1,0.10000000000000009,-1.8694706336562252,-2.2636564722799415,-0.39418583862371626,0.6710191006132361,0.7621874767346728,0.09116837612143669,0.1,0.9131944444444444,0.0,701,0,learned_wam_lite
5,mild,predicted_utility,2,0.1743750000000001,0.08219040543522432,-0.4640304507986902,-0.5462208562339146,0.7790685485950594,0.8838339958813192,0.1047654472862598,0.1,0.9131944444444444,0.0,701,0,learned_wam_lite
5,mild,predicted_utility,4,0.27035947265625015,1.1524166075908602,0.42289396466908985,-0.7295226429217703,0.8383192832474418,0.9437860451404346,0.10546676189299287,0.1,0.9131944444444444,0.0,701,0,learned_wam_lite
5,mild,predicted_utility,8,0.3445366314470316,1.701371328094851,0.8101329560847398,-0.8912383720101112,0.8687109615816494,0.9699616365251372,0.10125067494348783,0.1,0.9131944444444444,0.0,701,0,learned_wam_lite
5,mild,predicted_utility,16,0.32209583930042596,1.8058486618338054,0.9965861932622571,-0.8092624685715484,0.874495120823954,0.9825650257935368,0.1080699049695828,0.1,0.9131944444444444,0.0,701,0,learned_wam_lite
5,mild,predicted_utility,32,0.19079654333134577,1.5047047128885562,1.092194810641078,-0.4125099022474783,0.8578229442549388,0.9890277326924869,0.13120478843754813,0.1,0.9131944444444444,0.0,701,0,learned_wam_lite
5,mild,predicted_utility,64,0.061148543482358195,1.1822334359559767,1.1565961232243407,-0.025637312731636053,0.8399700267837884,0.9933809679817726,0.15341094119798415,0.1,0.9131944444444444,0.0,701,0,learned_wam_lite
6,mild,predicted_utility,1,0.03750000000000009,-5.8545360841936125,-5.690468180761443,0.16406790343216926,0.6089004809416552,0.7093164455005728,0.10041596455891766,0.0375,0.9653679653679653,0.0,701,0,learned_wam_lite
6,mild,predicted_utility,2,0.07109375000000018,-2.7580677307137207,-2.516342807882214,0.24172492283150682,0.7434201001704575,0.8566908532829733,0.11327075311251589,0.0375,0.9653679653679653,0.0,701,0,learned_wam_lite
6,mild,predicted_utility,4,0.12818054199218798,-0.9317286815687043,-0.7518737718651609,0.17985490970354334,0.8227615968137477,0.9386150209466839,0.1158534241329362,0.0375,0.9653679653679653,0.0,701,0,learned_wam_lite
6,mild,predicted_utility,8,0.2109717720159745,0.049728137503024364,0.005102900251072191,-0.04462523725195217,0.8653989444367801,0.9737613921995082,0.10836244776272808,0.0375,0.9653679653679653,0.0,701,0,learned_wam_lite
6,mild,predicted_utility,16,0.2989262390766688,0.6132323454105848,0.31066233381397834,-0.30257001159660646,0.8898792112531237,0.9879484942429322,0.09806928298980844,0.0375,0.9653679653679653,0.0,701,0,learned_wam_lite
6,mild,predicted_utility,32,0.3435130692902114,0.8680649096361569,0.44851334142112315,-0.41955156821503375,0.9009498813176826,0.9943489063948573,0.09339902507717468,0.0375,0.9653679653679653,0.0,701,0,learned_wam_lite
6,mild,predicted_utility,64,0.30001066645342545,0.7469214095454307,0.5253765841577756,-0.2215448253876552,0.8956870542372977,0.9979176611061036,0.10223060686880592,0.0375,0.9653679653679653,0.0,701,0,learned_wam_lite
7,mild,predicted_utility,1,0.050000000000000044,-5.508400348662171,-3.782096389027939,1.7263039596342322,0.6715313892792191,0.7229069838776724,0.05137559459845331,0.05,0.944078947368421,0.0,701,0,learned_wam_lite
7,mild,predicted_utility,2,0.0921875000000002,-1.886931671984712,-1.494681979842514,0.39224969214219807,0.7999136977938877,0.8655363958322209,0.0656226980383332,0.05,0.944078947368421,0.0,701,0,learned_wam_lite
7,mild,predicted_utility,4,0.15982885742187497,-0.07331830864707292,-0.3592269297958069,-0.28590862114873394,0.8642069144763402,0.9363365470591498,0.07212963258280958,0.05,0.944078947368421,0.0,701,0,learned_wam_lite
7,mild,predicted_utility,8,0.25542922478534574,0.8890389979310913,0.16051338378568486,-0.7285256141454064,0.8983228115515055,0.9687444286382465,0.070421617086741,0.05,0.944078947368421,0.0,701,0,learned_wam_lite
7,mild,predicted_utility,16,0.3750109924747491,1.5371888824527171,0.3947642490125333,-1.1424246334401837,0.9212999475886849,0.9833509044141197,0.06205095682543471,0.05,0.944078947368421,0.0,701,0,learned_wam_lite
7,mild,predicted_utility,32,0.4992151753721666,1.9889630559125488,0.5163596689445518,-1.472603386967997,0.9373154972162718,0.9909328638402851,0.053617366624013285,0.05,0.944078947368421,0.0,701,0,learned_wam_lite
7,mild,predicted_utility,64,0.6234816774092947,2.3120585967931295,0.5947030698130265,-1.717355526980103,0.9487693451195209,0.9958178873635779,0.04704854224405697,0.05,0.944078947368421,0.0,701,0,learned_wam_lite
8,mild,predicted_utility,1,0.11250000000000016,-4.896475794404488,-4.730050174432942,0.16642561997154548,0.6222704131915101,0.6825520521102113,0.0602816389187012,0.1125,0.9561815336463224,0.0,701,0,learned_wam_lite
8,mild,predicted_utility,2,0.20359375000000024,-1.5830322772761394,-1.9676650101278066,-0.3846327328516672,0.7698266072337808,0.8477040408450754,0.07787743361129462,0.1125,0.9561815336463224,0.0,701,0,learned_wam_lite
8,mild,predicted_utility,4,0.33749841308593787,0.4069746919953885,-0.4224348036673705,-0.829409495662759,0.8584467551208305,0.9400871903593903,0.0816404352385598,0.1125,0.9561815336463224,0.0,701,0,learned_wam_lite
8,mild,predicted_utility,8,0.48589204652362816,1.4796866650953409,0.2401004780737232,-1.2395861870216176,0.906217388673499,0.9796975317413386,0.07348014306783957,0.1125,0.9561815336463224,0.0,701,0,learned_wam_lite
8,mild,predicted_utility,16,0.5902471820537205,2.0007027614211994,0.4718631316883561,-1.5288396297328433,0.9294195805355872,0.9935536962087416,0.06413411567315441,0.1125,0.9561815336463224,0.0,701,0,learned_wam_lite
8,mild,predicted_utility,32,0.6484200318746974,2.24181372937358,0.5420840899201468,-1.699729639453433,0.9401568744079557,0.9977519271624489,0.05759505275449317,0.1125,0.9561815336463224,0.0,701,0,learned_wam_lite
8,mild,predicted_utility,64,0.7196223875111718,2.4942782457533967,0.5666296084124159,-1.927648637340981,0.9513997711029366,0.9992194057913918,0.04781963468845518,0.1125,0.9561815336463224,0.0,701,0,learned_wam_lite
9,mild,predicted_utility,1,0.0874999999999998,-3.861303599872526,-4.064941337721445,-0.20363773784891892,0.6328813234347799,0.6638595119282228,0.030978188493442915,0.0875,0.9334637964774951,0.0,701,0,learned_wam_lite
9,mild,predicted_utility,2,0.15671874999999957,-1.2715667560209498,-1.3868405957905128,-0.11527383976956296,0.7634286827344833,0.806712171229503,0.04328348849501973,0.0875,0.9334637964774951,0.0,701,0,learned_wam_lite
9,mild,predicted_utility,4,0.2550921630859369,0.17714657061640085,-0.014192912970563576,-0.19133948358696443,0.8364576082887563,0.8799306161910585,0.04347300790230224,0.0875,0.9334637964774951,0.0,701,0,learned_wam_lite
9,mild,predicted_utility,8,0.3557408679894054,0.9199835554138036,0.6056650481493234,-0.3143185072644802,0.8739036549732638,0.9129944799765564,0.03909082500329253,0.0875,0.9334637964774951,0.0,701,0,learned_wam_lite
9,mild,predicted_utility,16,0.4014955738344853,1.1683428511016496,0.9789419346816107,-0.18940091642003887,0.8864233247947589,0.9329054545944838,0.04648212979972488,0.0875,0.9334637964774951,0.0,701,0,learned_wam_lite
9,mild,predicted_utility,32,0.34446290502451116,0.989942589738655,1.3411202170017094,0.35117762726305435,0.877430255450818,0.952224418201989,0.07479416275117101,0.0875,0.9334637964774951,0.0,701,0,learned_wam_lite
9,mild,predicted_utility,64,0.1835631675701218,0.4828162156809314,1.740947840228532,1.2581316245476006,0.851866264606865,0.9735516365346648,0.12168537192779982,0.0875,0.9334637964774951,0.0,701,0,learned_wam_lite
10,mild,predicted_utility,1,0.07499999999999996,-2.1201739630093996,-3.218196058216657,-1.0980220952072575,0.6482489441945506,0.7546547060549104,0.10640576186035977,0.075,0.9121621621621622,0.0,701,0,learned_wam_lite
10,mild,predicted_utility,2,0.1321874999999999,-0.32107301569517105,-1.171774820054242,-0.8507018043590708,0.7546574228718631,0.8901871961701567,0.13552977329829363,0.075,0.9121621621621622,0.0,701,0,learned_wam_lite
10,mild,predicted_utility,4,0.20717153320312492,0.6259195689251106,-0.2170865233923714,-0.843006092317482,0.8106676430868941,0.9534152743964427,0.1427476313095486,0.075,0.9121621621621622,0.0,701,0,learned_wam_lite
10,mild,predicted_utility,8,0.2630749819708261,1.119984975398758,0.1640170832097745,-0.9559678921889836,0.8398893209190533,0.9786553959469165,0.1387660750278632,0.075,0.9121621621621622,0.0,701,0,learned_wam_lite
10,mild,predicted_utility,16,0.23653812097036853,1.2356664206666963,0.33516456955775203,-0.9005018511089442,0.8467313419965978,0.9899903276653418,0.14325898566874395,0.075,0.9121621621621622,0.0,701,0,learned_wam_lite
10,mild,predicted_utility,32,0.12492887078377765,0.9959232417192564,0.42200616694262183,-0.5739170747766346,0.8325516446410139,0.9957417622769792,0.16319011763596525,0.075,0.9121621621621622,0.0,701,0,learned_wam_lite
10,mild,predicted_utility,64,0.027374252589784674,0.7278693754412602,0.460733214069026,-0.26713616137223417,0.8166975014053084,0.9983066169774539,0.18160911557214554,0.075,0.9121621621621622,0.0,701,0,learned_wam_lite
11,mild,predicted_utility,1,0.08750000000000002,-2.6564830698824813,-3.1358673576499894,-0.4793842877675081,0.6336808094890458,0.7286889140308749,0.09500810454182906,0.0875,0.9256360078277887,0.0,701,0,learned_wam_lite
11,mild,predicted_utility,2,0.15546875000000016,-0.3664365778342567,-0.8163332429903709,-0.4498966651561142,0.7629565723478573,0.8761270102904537,0.1131704379425964,0.0875,0.9256360078277887,0.0,701,0,learned_wam_lite
11,mild,predicted_utility,4,0.2593593505859378,0.8611681792603402,0.2937171537208354,-0.5674510255395048,0.8322562752200768,0.9466858851131712,0.11442960989309436,0.0875,0.9256360078277887,0.0,701,0,learned_wam_lite
11,mild,predicted_utility,8,0.4024416526677127,1.607503816115383,0.7064438063700738,-0.9010600097453092,0.8743877817803903,0.9729203050156876,0.09853252323529726,0.0875,0.9256360078277887,0.0,701,0,learned_wam_lite
11,mild,predicted_utility,16,0.5617631064216523,2.2175314021749433,0.8948696447187333,-1.3226617574562098,0.9088245418315957,0.9848973424374107,0.076072800605815,0.0875,0.9256360078277887,0.0,701,0,learned_wam_lite
11,mild,predicted_utility,32,0.698822893246245,2.6894977924316255,0.9981144737374609,-1.6913833186941645,0.9354675883182113,0.9914599624665629,0.055992374148351565,0.0875,0.9256360078277887,0.0,701,0,learned_wam_lite
11,mild,predicted_utility,64,0.8368892458873239,3.1638465149008006,1.0646829847901609,-2.0991635301106397,0.9622451202029282,0.9956913011989466,0.03344618099601837,0.0875,0.9256360078277887,0.0,701,0,learned_wam_lite
0,mild,predicted_utility,1,0.012499999999999956,-2.626856736331788,-2.626856736331788,0.0,0.5556308211164255,0.5556308211164255,0.0,0.0125,1.0,0.0,701,0,oracle_true_dynamics
0,mild,predicted_utility,2,0.024843749999999942,-1.1645214843342415,-1.1645214843342415,0.0,0.6672117988133957,0.6672117988133957,0.0,0.0125,1.0,0.0,701,0,oracle_true_dynamics
0,mild,predicted_utility,4,0.049070288085937275,-0.2601069071831704,-0.2601069071831704,0.0,0.7362215984636868,0.7362215984636868,0.0,0.0125,1.0,0.0,701,0,oracle_true_dynamics
0,mild,predicted_utility,8,0.09573268299903781,0.33558644439698837,0.33558644439698837,0.0,0.781674955678528,0.781674955678528,0.0,0.0125,1.0,0.0,701,0,oracle_true_dynamics
0,mild,predicted_utility,16,0.18230061940388131,0.8308403676121202,0.8308403676121202,0.0,0.819464454964084,0.819464454964084,0.0,0.0125,1.0,0.0,701,0,oracle_true_dynamics
0,mild,predicted_utility,32,0.33136772297272377,1.3599569554905417,1.3599569554905417,0.0,0.8598377866679541,0.8598377866679541,0.0,0.0125,1.0,0.0,701,0,oracle_true_dynamics
0,mild,predicted_utility,64,0.5529308781173198,2.0004595731637873,2.0004595731637873,0.0,0.9087102379063583,0.9087102379063583,0.0,0.0125,1.0,0.0,701,0,oracle_true_dynamics
1,mild,predicted_utility,1,0.03749999999999998,-5.829804732571745,-5.829804732571745,0.0,0.5782972211199574,0.5782972211199574,0.0,0.0375,1.0,0.0,701,0,oracle_true_dynamics
1,mild,predicted_utility,2,0.0735937499999999,-2.806742619912602,-2.806742619912602,0.0,0.723756237124988,0.723756237124988,0.0,0.0375,1.0,0.0,701,0,oracle_true_dynamics
1,mild,predicted_utility,4,0.14177145996093743,-0.8807459628421351,-0.8807459628421351,0.0,0.8164283583471417,0.8164283583471417,0.0,0.0375,1.0,0.0,701,0,oracle_true_dynamics
1,mild,predicted_utility,8,0.2634437730624192,0.31469030602565135,0.31469030602565135,0.0,0.8739485074165497,0.8739485074165497,0.0,0.0375,1.0,0.0,701,0,oracle_true_dynamics
1,mild,predicted_utility,16,0.45748492455947487,1.2401563129238466,1.2401563129238466,0.0,0.9184786459624311,0.9184786459624311,0.0,0.0375,1.0,0.0,701,0,oracle_true_dynamics
1,mild,predicted_utility,32,0.7056773929197614,2.0727483275330654,2.0727483275330654,0.0,0.9585400177323198,0.9585400177323198,0.0,0.0375,1.0,0.0,701,0,oracle_true_dynamics
1,mild,predicted_utility,64,0.9133742029614915,2.679377874035169,2.679377874035169,0.0,0.9877288777773279,0.9877288777773279,0.0,0.0375,1.0,0.0,701,0,oracle_true_dynamics
2,mild,predicted_utility,1,0.07499999999999996,-2.1380328425176787,-2.1380328425176787,0.0,0.5911360530465256,0.5911360530465256,0.0,0.075,1.0,0.0,701,0,oracle_true_dynamics
2,mild,predicted_utility,2,0.14437499999999992,-0.29987465318409373,-0.29987465318409373,0.0,0.7127735276407907,0.7127735276407907,0.0,0.075,1.0,0.0,701,0,oracle_true_dynamics
2,mild,predicted_utility,4,0.2679058593749999,0.9212302683800688,0.9212302683800688,0.0,0.7935783896682214,0.7935783896682214,0.0,0.075,1.0,0.0,701,0,oracle_true_dynamics
2,mild,predicted_utility,8,0.4640381692625425,1.9798384346093507,1.9798384346093507,0.0,0.8636302626094069,0.8636302626094069,0.0,0.075,1.0,0.0,701,0,oracle_true_dynamics
2,mild,predicted_utility,16,0.712744915992553,2.9769008204191376,2.9769008204191376,0.0,0.9296094320446578,0.9296094320446578,0.0,0.075,1.0,0.0,701,0,oracle_true_dynamics
2,mild,predicted_utility,32,0.9174845167118745,3.6894758791672526,3.6894758791672526,0.0,0.976763061752885,0.976763061752885,0.0,0.075,1.0,0.0,701,0,oracle_true_dynamics
2,mild,predicted_utility,64,0.9931911950177271,3.962897957500237,3.962897957500237,0.0,0.9948563745590027,0.9948563745590027,0.0,0.075,1.0,0.0,701,0,oracle_true_dynamics
3,mild,predicted_utility,1,0.0625,-2.865797004737331,-2.865797004737331,0.0,0.6582355799597521,0.6582355799597521,0.0,0.0625,1.0,0.0,701,0,oracle_true_dynamics
3,mild,predicted_utility,2,0.12109375,-0.7380788663106607,-0.7380788663106607,0.0,0.7678194491797808,0.7678194491797808,0.0,0.0625,1.0,0.0,701,0,oracle_true_dynamics
3,mild,predicted_utility,4,0.2275238037109375,0.5207090109417754,0.5207090109417754,0.0,0.832650802367656,0.832650802367656,0.0,0.0625,1.0,0.0,701,0,oracle_true_dynamics
3,mild,predicted_utility,8,0.4032805261667818,1.5104016474350714,1.5104016474350714,0.0,0.8836229431257844,0.8836229431257844,0.0,0.0625,1.0,0.0,701,0,oracle_true_dynamics
3,mild,predicted_utility,16,0.6439258695482072,2.458619357215328,2.458619357215328,0.0,0.9324590006956606,0.9324590006956606,0.0,0.0625,1.0,0.0,701,0,oracle_true_dynamics
3,mild,predicted_utility,32,0.8732112136229996,3.234511027144074,3.234511027144074,0.0,0.9724197500782139,0.9724197500782139,0.0,0.0625,1.0,0.0,701,0,oracle_true_dynamics
3,mild,predicted_utility,64,0.9839246036490474,3.624691975024078,3.624691975024078,0.0,0.9925152397920187,0.9925152397920187,0.0,0.0625,1.0,0.0,701,0,oracle_true_dynamics
4,mild,predicted_utility,1,0.0625,-3.4975063489812555,-3.4975063489812555,0.0,0.5657502058721512,0.5657502058721512,0.0,0.0625,1.0,0.0,701,0,oracle_true_dynamics
4,mild,predicted_utility,2,0.12109375,-1.2976949737413035,-1.2976949737413035,0.0,0.7031196459572966,0.7031196459572966,0.0,0.0625,1.0,0.0,701,0,oracle_true_dynamics
4,mild,predicted_utility,4,0.2275238037109375,0.1190354172308884,0.1190354172308884,0.0,0.791588804154204,0.791588804154204,0.0,0.0625,1.0,0.0,701,0,oracle_true_dynamics
4,mild,predicted_utility,8,0.4032805261667818,1.1698508370954532,1.1698508370954532,0.0,0.8572080329137094,0.8572080329137094,0.0,0.0625,1.0,0.0,701,0,oracle_true_dynamics
4,mild,predicted_utility,16,0.6439258695482072,2.1434086428556167,2.1434086428556167,0.0,0.9180028320374337,0.9180028320374337,0.0,0.0625,1.0,0.0,701,0,oracle_true_dynamics
4,mild,predicted_utility,32,0.8732112136229996,2.9487935318863467,2.9487935318863467,0.0,0.9682959037546032,0.9682959037546032,0.0,0.0625,1.0,0.0,701,0,oracle_true_dynamics
4,mild,predicted_utility,64,0.9839246036490474,3.3566955784073658,3.3566955784073658,0.0,0.9937677584649033,0.9937677584649033,0.0,0.0625,1.0,0.0,701,0,oracle_true_dynamics
5,mild,predicted_utility,1,0.09999999999999998,-1.869470633656226,-1.869470633656226,0.0,0.671019100613236,0.671019100613236,0.0,0.1,1.0,0.0,701,0,oracle_true_dynamics
5,mild,predicted_utility,2,0.18999999999999995,0.17305914144330725,0.17305914144330725,0.0,0.7840992975662284,0.7840992975662284,0.0,0.1,1.0,0.0,701,0,oracle_true_dynamics
5,mild,predicted_utility,4,0.3439,1.4694765981971887,1.4694765981971887,0.0,0.8558726166777614,0.8558726166777614,0.0,0.1,1.0,0.0,701,0,oracle_true_dynamics
5,mild,predicted_utility,8,0.5695327899999999,2.4724714946013844,2.4724714946013844,0.0,0.9114012370244123,0.9114012370244123,0.0,0.1,1.0,0.0,701,0,oracle_true_dynamics
5,mild,predicted_utility,16,0.8146979811148158,3.3078340402492357,3.3078340402492357,0.0,0.9576492586398667,0.9576492586398667,0.0,0.1,1.0,0.0,701,0,oracle_true_dynamics
5,mild,predicted_utility,32,0.9656631617970749,3.814407532912915,3.814407532912915,0.0,0.9856945929208726,0.9856945929208726,0.0,0.1,1.0,0.0,701,0,oracle_true_dynamics
5,mild,predicted_utility,64,0.9988209815422262,3.98437723355115,3.98437723355115,0.0,0.9951045939198916,0.9951045939198916,0.0,0.1,1.0,0.0,701,0,oracle_true_dynamics
6,mild,predicted_utility,1,0.03749999999999998,-5.8545360841936125,-5.8545360841936125,0.0,0.608900480941655,0.608900480941655,0.0,0.0375,1.0,0.0,701,0,oracle_true_dynamics
6,mild,predicted_utility,2,0.0735937499999999,-2.7323282942363067,-2.7323282942363067,0.0,0.7445382963859021,0.7445382963859021,0.0,0.0375,1.0,0.0,701,0,oracle_true_dynamics
6,mild,predicted_utility,4,0.14177145996093743,-0.8375772853881813,-0.8375772853881813,0.0,0.8268518081507474,0.8268518081507474,0.0,0.0375,1.0,0.0,701,0,oracle_true_dynamics
6,mild,predicted_utility,8,0.2634437730624192,0.3163543274338892,0.3163543274338892,0.0,0.8769819640099071,0.8769819640099071,0.0,0.0375,1.0,0.0,701,0,oracle_true_dynamics
6,mild,predicted_utility,16,0.45748492455947487,1.2524163132967383,1.2524163132967383,0.0,0.9176472276388139,0.9176472276388139,0.0,0.0375,1.0,0.0,701,0,oracle_true_dynamics
6,mild,predicted_utility,32,0.7056773929197614,2.1554420075765073,2.1554420075765073,0.0,0.956877298377894,0.956877298377894,0.0,0.0375,1.0,0.0,701,0,oracle_true_dynamics
6,mild,predicted_utility,64,0.9133742029614915,2.8510934353834894,2.8510934353834894,0.0,0.9870984259664907,0.9870984259664907,0.0,0.0375,1.0,0.0,701,0,oracle_true_dynamics
7,mild,predicted_utility,1,0.050000000000000044,-5.508400348662171,-5.508400348662171,0.0,0.671531389279219,0.671531389279219,0.0,0.05,1.0,0.0,701,0,oracle_true_dynamics
7,mild,predicted_utility,2,0.09750000000000003,-1.8480949143873182,-1.8480949143873182,0.0,0.8012904741906265,0.8012904741906265,0.0,0.05,1.0,0.0,701,0,oracle_true_dynamics
7,mild,predicted_utility,4,0.18549375000000012,0.06212043565149339,0.06212043565149339,0.0,0.8690082644831365,0.8690082644831365,0.0,0.05,1.0,0.0,701,0,oracle_true_dynamics
7,mild,predicted_utility,8,0.33657956871093775,1.2223920144619578,1.2223920144619578,0.0,0.9101402904898639,0.9101402904898639,0.0,0.05,1.0,0.0,701,0,oracle_true_dynamics
7,mild,predicted_utility,16,0.5598733313482347,2.1924059628416916,2.1924059628416916,0.0,0.9445276181468498,0.9445276181468498,0.0,0.05,1.0,0.0,701,0,oracle_true_dynamics
7,mild,predicted_utility,32,0.8062885155414992,3.045245982292447,3.045245982292447,0.0,0.974761089775613,0.974761089775613,0.0,0.05,1.0,0.0,701,0,oracle_true_dynamics
7,mild,predicted_utility,64,0.9624758607888839,3.5762741616396845,3.5762741616396845,0.0,0.9935862211346084,0.9935862211346084,0.0,0.05,1.0,0.0,701,0,oracle_true_dynamics
8,mild,predicted_utility,1,0.11250000000000004,-4.8964757944044885,-4.8964757944044885,0.0,0.6222704131915102,0.6222704131915102,0.0,0.1125,1.0,0.0,701,0,oracle_true_dynamics
8,mild,predicted_utility,2,0.21234375000000005,-1.5419205611594606,-1.5419205611594606,0.0,0.7716574180894252,0.7716574180894252,0.0,0.1125,1.0,0.0,701,0,oracle_true_dynamics
8,mild,predicted_utility,4,0.37959763183593764,0.5784504533732338,0.5784504533732338,0.0,0.8660830134691675,0.8660830134691675,0.0,0.1125,1.0,0.0,701,0,oracle_true_dynamics
8,mild,predicted_utility,8,0.6151009015764232,1.972770715667449,1.972770715667449,0.0,0.9281756944267907,0.9281756944267907,0.0,0.1125,1.0,0.0,701,0,oracle_true_dynamics
8,mild,predicted_utility,16,0.8518526840327177,2.956652403359315,2.956652403359315,0.0,0.9719904860395715,0.9719904860395715,0.0,0.1125,1.0,0.0,701,0,oracle_true_dynamics
8,mild,predicted_utility,32,0.9780523727716902,3.436172475401939,3.436172475401939,0.0,0.9933447528112008,0.9933447528112008,0.0,0.1125,1.0,0.0,701,0,oracle_true_dynamics
8,mild,predicted_utility,64,0.9995183016590472,3.543766680775241,3.543766680775241,0.0,0.9981362005494276,0.9981362005494276,0.0,0.1125,1.0,0.0,701,0,oracle_true_dynamics
9,mild,predicted_utility,1,0.08750000000000002,-3.8613035998725245,-3.8613035998725245,0.0,0.6328813234347799,0.6328813234347799,0.0,0.0875,1.0,0.0,701,0,oracle_true_dynamics
9,mild,predicted_utility,2,0.16734375,-1.2238184572305972,-1.2238184572305972,0.0,0.7658356509687013,0.7658356509687013,0.0,0.0875,1.0,0.0,701,0,oracle_true_dynamics
9,mild,predicted_utility,4,0.30668356933593754,0.3866294151931702,0.3866294151931702,0.0,0.847017535349691,0.847017535349691,0.0,0.0875,1.0,0.0,701,0,oracle_true_dynamics
9,mild,predicted_utility,8,0.5193123269712443,1.5438520584420596,1.5438520584420596,0.0,0.9053525590632524,0.9053525590632524,0.0,0.0875,1.0,0.0,701,0,oracle_true_dynamics
9,mild,predicted_utility,16,0.7689393609982,2.5109269483506784,2.5109269483506784,0.0,0.9541023281459126,0.9541023281459126,0.0,0.0875,1.0,0.0,701,0,oracle_true_dynamics
9,mild,predicted_utility,32,0.9466109811040798,3.1337586323358733,3.1337586323358733,0.0,0.9854989666983951,0.9854989666983951,0.0,0.0875,1.0,0.0,701,0,oracle_true_dynamics
9,mild,predicted_utility,64,0.9971496126613311,3.3491384828911084,3.3491384828911084,0.0,0.9963561589274456,0.9963561589274456,0.0,0.0875,1.0,0.0,701,0,oracle_true_dynamics
10,mild,predicted_utility,1,0.07499999999999996,-2.1201739630093996,-2.1201739630093996,0.0,0.6482489441945505,0.6482489441945505,0.0,0.075,1.0,0.0,701,0,oracle_true_dynamics
10,mild,predicted_utility,2,0.14437499999999992,-0.24096884899557952,-0.24096884899557952,0.0,0.7593952128924519,0.7593952128924519,0.0,0.075,1.0,0.0,701,0,oracle_true_dynamics
10,mild,predicted_utility,4,0.2679058593749999,0.9216714189170945,0.9216714189170945,0.0,0.8281599936248825,0.8281599936248825,0.0,0.075,1.0,0.0,701,0,oracle_true_dynamics
10,mild,predicted_utility,8,0.4640381692625425,1.864970673674758,1.864970673674758,0.0,0.8839517705043566,0.8839517705043566,0.0,0.075,1.0,0.0,701,0,oracle_true_dynamics
10,mild,predicted_utility,16,0.712744915992553,2.757318859169365,2.757318859169365,0.0,0.9367300278949116,0.9367300278949116,0.0,0.075,1.0,0.0,701,0,oracle_true_dynamics
10,mild,predicted_utility,32,0.9174845167118745,3.4391134839437014,3.4391134839437014,0.0,0.9770550184969732,0.9770550184969732,0.0,0.075,1.0,0.0,701,0,oracle_true_dynamics
10,mild,predicted_utility,64,0.9931911950177271,3.7297972019211447,3.7297972019211447,0.0,0.9942476125270192,0.9942476125270192,0.0,0.075,1.0,0.0,701,0,oracle_true_dynamics
11,mild,predicted_utility,1,0.08750000000000002,-2.6564830698824826,-2.6564830698824826,0.0,0.6336808094890458,0.6336808094890458,0.0,0.0875,1.0,0.0,701,0,oracle_true_dynamics
11,mild,predicted_utility,2,0.16734375,-0.2852740641650242,-0.2852740641650242,0.0,0.7675382897525311,0.7675382897525311,0.0,0.0875,1.0,0.0,701,0,oracle_true_dynamics
11,mild,predicted_utility,4,0.30668356933593754,1.1261615155915055,1.1261615155915055,0.0,0.8472154543571229,0.8472154543571229,0.0,0.0875,1.0,0.0,701,0,oracle_true_dynamics
11,mild,predicted_utility,8,0.5193123269712443,2.1312065475691746,2.1312065475691746,0.0,0.9039514043334763,0.9039514043334763,0.0,0.0875,1.0,0.0,701,0,oracle_true_dynamics
11,mild,predicted_utility,16,0.7689393609982,3.002854745039532,3.002854745039532,0.0,0.9531569493142266,0.9531569493142266,0.0,0.0875,1.0,0.0,701,0,oracle_true_dynamics
11,mild,predicted_utility,32,0.9466109811040798,3.579487229503063,3.579487229503063,0.0,0.9857085174055461,0.9857085174055461,0.0,0.0875,1.0,0.0,701,0,oracle_true_dynamics
11,mild,predicted_utility,64,0.9971496126613311,3.774183843547413,3.774183843547413,0.0,0.9966993655800297,0.9966993655800297,0.0,0.0875,1.0,0.0,701,0,oracle_true_dynamics
0,mild,predicted_utility,1,0.07499999999999996,-3.8232132224564,-13.087988875936773,-9.264775653480374,0.5832588285425027,0.6957976540206277,0.11253882547812499,0.075,0.8445945945945946,0.0,702,1,analytic_nominal_wam
0,mild,predicted_utility,2,0.12281249999999999,-1.3778022564645183,-4.516584368211708,-3.13878211174719,0.7220227909995958,0.8536662795543665,0.1316434885547707,0.075,0.8445945945945946,0.0,702,1,analytic_nominal_wam
0,mild,predicted_utility,4,0.1659956542968749,-0.2216812107863739,-0.2908765801111206,-0.06919536932474671,0.7876264623699274,0.9314956107699702,0.14386914840004283,0.075,0.8445945945945946,0.0,702,1,analytic_nominal_wam
0,mild,predicted_utility,8,0.15618361083396787,-0.044757462145050164,1.4080094666080056,1.4527669287530558,0.7976659366160385,0.96278579254733,0.16511985593129153,0.075,0.8445945945945946,0.0,702,1,analytic_nominal_wam
0,mild,predicted_utility,16,0.07604352493798978,-0.32805779173569716,2.44996022134941,2.778018013085107,0.7815901616865458,0.9819765020018442,0.20038634031529834,0.075,0.8445945945945946,0.0,702,1,analytic_nominal_wam
0,mild,predicted_utility,32,0.011372447237001315,-0.5656974871039114,3.1385022915126743,3.704199778616586,0.7681053829622406,0.9946581097991268,0.2265527268368862,0.075,0.8445945945945946,0.0,702,1,analytic_nominal_wam
0,mild,predicted_utility,64,0.0001840129262086896,-0.5472285759131874,3.3906906400189536,3.937919215932141,0.7691533946603699,0.9993029294338119,0.23014953477344202,0.075,0.8445945945945946,0.0,702,1,analytic_nominal_wam
1,mild,predicted_utility,1,0.025000000000000022,-6.6167435567794435,-13.918830182113162,-7.302086625333718,0.6243600046771309,0.682037418418255,0.05767741374112412,0.025,0.8717948717948718,0.0,702,1,analytic_nominal_wam
1,mild,predicted_utility,2,0.04312500000000008,-2.6536976469238187,-5.250649927265107,-2.596952280341288,0.7723684232886284,0.8401876681227192,0.06781924483409074,0.025,0.8717948717948718,0.0,702,1,analytic_nominal_wam
1,mild,predicted_utility,4,0.0641753906250001,-0.6604050378514242,-0.8846869913969533,-0.22428195354552904,0.8468121954803919,0.9198443097946319,0.07303211431424006,0.025,0.8717948717948718,0.0,702,1,analytic_nominal_wam
1,mild,predicted_utility,8,0.07111839076675419,-0.006408697659112542,0.8433079103440038,0.8497166080031163,0.8712370864080615,0.9513714374227786,0.08013435101471711,0.025,0.8717948717948718,0.0,702,1,analytic_nominal_wam
1,mild,predicted_utility,16,0.04381600078518488,0.069948663459271,1.8991936360873538,1.8292449726280828,0.8740888152362272,0.9706359873370808,0.09654717210085362,0.025,0.8717948717948718,0.0,702,1,analytic_nominal_wam
1,mild,predicted_utility,32,0.008426613230447737,-0.04569866796816874,2.758876389472337,2.8045750574405055,0.8697697185034218,0.9863208298434898,0.11655111134006801,0.025,0.8717948717948718,0.0,702,1,analytic_nominal_wam
1,mild,predicted_utility,64,0.00016392341988849535,-0.11082238237113828,3.28494127339982,3.395763655770958,0.8673375342183698,0.9959188412262537,0.12858130700788395,0.025,0.8717948717948718,0.0,702,1,analytic_nominal_wam
2,mild,predicted_utility,1,0.025000000000000133,-5.089917254862124,-11.709585496869307,-6.619668242007183,0.6028583633429088,0.6985362641486461,0.09567790080573735,0.025,0.8974358974358975,0.0,702,1,analytic_nominal_wam
2,mild,predicted_utility,2,0.044375000000000275,-2.5350204048590403,-5.173106213208254,-2.638085808349214,0.7251344159076858,0.8329675139838432,0.10783309807615737,0.025,0.8974358974358975,0.0,702,1,analytic_nominal_wam
2,mild,predicted_utility,4,0.07016796875000042,-1.0374426941113413,-1.5272390414409818,-0.4897963473296405,0.7968077168783307,0.9079495432023732,0.11114182632404246,0.025,0.8974358974358975,0.0,702,1,analytic_nominal_wam
2,mild,predicted_utility,8,0.08903132860956242,-0.28538949837881505,0.3788573601791233,0.6642468585579384,0.8328005970185947,0.9471509099406832,0.11435031292208853,0.025,0.8974358974358975,0.0,702,1,analytic_nominal_wam
2,mild,predicted_utility,16,0.07573101003809475,-0.05257581274288796,1.630740604431763,1.6833164171746509,0.8439429405784075,0.972897527021425,0.1289545864430175,0.025,0.8974358974358975,0.0,702,1,analytic_nominal_wam
2,mild,predicted_utility,32,0.03240936411543387,-0.17564926912532905,2.476894522670343,2.6525437917956722,0.8380527080933151,0.9902997895920562,0.1522470814987411,0.025,0.8974358974358975,0.0,702,1,analytic_nominal_wam
2,mild,predicted_utility,64,0.004005393796018509,-0.34385279368196564,2.853279256299733,3.1971320499816986,0.8300025736973832,0.9980406341606551,0.16803806046327197,0.025,0.8974358974358975,0.0,702,1,analytic_nominal_wam
3,mild,predicted_utility,1,0.07500000000000007,-4.65203806671778,-13.418971206313083,-8.766933139595302,0.6038585277259377,0.7389613584527077,0.13510283072676998,0.075,0.9121621621621622,0.0,702,1,analytic_nominal_wam
3,mild,predicted_utility,2,0.13218750000000012,-2.04232159369477,-5.716170279475289,-3.673848685780519,0.7409246367683026,0.8881109172362267,0.14718628046792415,0.075,0.9121621621621622,0.0,702,1,analytic_nominal_wam
3,mild,predicted_utility,4,0.20627622070312518,-0.549692271944748,-2.1204087005920353,-1.5707164286472874,0.8193197020904106,0.9577357534581508,0.13841605136774016,0.075,0.9121621621621622,0.0,702,1,analytic_nominal_wam
3,mild,predicted_utility,8,0.25587464653007636,0.11359929023744886,-0.7856632124266472,-0.899262502664096,0.8541567407222865,0.9835804692360889,0.12942372851380235,0.075,0.9121621621621622,0.0,702,1,analytic_nominal_wam
3,mild,predicted_utility,16,0.2114372008901594,0.0786539243779451,-0.2532409275237707,-0.3318948519017158,0.852321359225125,0.993889777451896,0.14156841822677102,0.075,0.9121621621621622,0.0,702,1,analytic_nominal_wam
3,mild,predicted_utility,32,0.09114497864567017,-0.37159764469889633,-0.046607304974272366,0.324990339724624,0.8286734912281488,0.9978908303060232,0.1692173390778744,0.075,0.9121621621621622,0.0,702,1,analytic_nominal_wam
3,mild,predicted_utility,64,0.013683590196599716,-0.7258630419877775,0.028706727409578643,0.7545697693973562,0.8100669567341978,0.9993491381095031,0.18928218137530528,0.075,0.9121621621621622,0.0,702,1,analytic_nominal_wam
4,mild,predicted_utility,1,0.04999999999999993,-3.8146292658684913,-11.963936199260088,-8.149306933391596,0.6170382762029772,0.7006805532001389,0.08364227699716165,0.05,0.8651315789473685,0.0,702,1,analytic_nominal_wam
4,mild,predicted_utility,2,0.08468749999999992,-1.2518025446860377,-4.338812645501822,-3.087010100815784,0.7434066095147421,0.8446608080449814,0.10125419853023931,0.05,0.8651315789473685,0.0,702,1,analytic_nominal_wam
4,mild,predicted_utility,4,0.12225708007812502,-0.03818008531698476,-0.4122363660418625,-0.37405628072487773,0.8032481298924573,0.9188037972567045,0.11555566736424716,0.05,0.8651315789473685,0.0,702,1,analytic_nominal_wam
4,mild,predicted_utility,8,0.13080639834383112,0.2703602650007867,1.246790349117713,0.9764300841169263,0.8184616944720771,0.9501301210282512,0.13166842655617417,0.05,0.8651315789473685,0.0,702,1,analytic_nominal_wam
4,mild,predicted_utility,16,0.08320124423743341,0.21037933015987567,2.276171508235012,2.0657921780751365,0.8155041434587063,0.9695672567778928,0.15406311331918654,0.05,0.8651315789473685,0.0,702,1,analytic_nominal_wam
4,mild,predicted_utility,32,0.023663728881275416,0.14766992902736004,3.1327659495040816,2.9850960204767216,0.812412056725492,0.9857417731753101,0.1733297164498181,0.05,0.8651315789473685,0.0,702,1,analytic_nominal_wam
4,mild,predicted_utility,64,0.0017222156675835228,0.20276455344551378,3.665274958002535,3.4625104045570216,0.8151286726420561,0.9957967948690887,0.18066812222703255,0.05,0.8651315789473685,0.0,702,1,analytic_nominal_wam
5,mild,predicted_utility,1,0.012500000000000067,-7.0100811219381205,-15.779024105269709,-8.768942983331588,0.6072978688921429,0.6798019190494426,0.07250405015729977,0.0125,0.9620253164556962,0.0,702,1,analytic_nominal_wam
5,mild,predicted_utility,2,0.02390625000000013,-3.4597406215071254,-7.245634962282022,-3.7858943407748966,0.7465918436435517,0.8237154646434248,0.07712362099987313,0.0125,0.9620253164556962,0.0,702,1,analytic_nominal_wam
5,mild,predicted_utility,4,0.043722290039062695,-1.4445501350466448,-2.624050628364757,-1.1795004933181124,0.8256557792593693,0.9016573675158831,0.07600158825651382,0.0125,0.9620253164556962,0.0,702,1,analytic_nominal_wam
5,mild,predicted_utility,8,0.07313579564851858,-0.6070615615567456,-0.8186559105647434,-0.21159434900799778,0.85851378603256,0.9321049131137253,0.07359112708116533,0.0125,0.9620253164556962,0.0,702,1,analytic_nominal_wam
5,mild,predicted_utility,16,0.10238840678875977,-0.24425436074325702,0.05610764982213623,0.30036201056539324,0.8727481551201469,0.946857589151609,0.07410943403146208,0.0125,0.9620253164556962,0.0,702,1,analytic_nominal_wam
5,mild,predicted_utility,32,0.10061112262173774,-0.08648206276346262,0.8522291525406696,0.9387112153041322,0.8789381897065764,0.9602839858926956,0.08134579618611915,0.0125,0.9620253164556962,0.0,702,1,analytic_nominal_wam
5,mild,predicted_utility,64,0.049101657827392516,-0.08485659319291486,1.7533140745920546,1.8381706677849694,0.8790019633410466,0.9754805653338494,0.09647860199280278,0.0125,0.9620253164556962,0.0,702,1,analytic_nominal_wam
6,mild,predicted_utility,1,0.012499999999999956,-4.091609600008184,-13.330353779530284,-9.2387441795221,0.5890227434785156,0.6937588168865291,0.1047360734080135,0.0125,0.8481012658227848,0.0,702,1,analytic_nominal_wam
6,mild,predicted_utility,2,0.02109374999999991,-1.7057577631028438,-5.00939546066118,-3.303637697558336,0.7182325650354688,0.8461339860643046,0.12790142102883573,0.0125,0.8481012658227848,0.0,702,1,analytic_nominal_wam
6,mild,predicted_utility,4,0.030035522460937325,-0.5923798354639286,-1.0119897695952553,-0.41960993413132675,0.7785294204941352,0.9193353344074555,0.1408059139133203,0.0125,0.8481012658227848,0.0,702,1,analytic_nominal_wam
6,mild,predicted_utility,8,0.030455328283747946,-0.2356713724865092,0.7267069044440606,0.9623782769305698,0.7978475676381553,0.9511747199328938,0.15332715229473848,0.0125,0.8481012658227848,0.0,702,1,analytic_nominal_wam
6,mild,predicted_utility,16,0.0156700497676801,-0.2250983096138836,1.8451742151646262,2.0702725247785096,0.7984201696522242,0.9716563326462263,0.17323616299400213,0.0125,0.8481012658227848,0.0,702,1,analytic_nominal_wam
6,mild,predicted_utility,32,0.002081485973525286,-0.3381828224110992,2.7130057125385036,3.0511885349496026,0.7922958875432665,0.9875482487167924,0.19525236117352585,0.0125,0.8481012658227848,0.0,702,1,analytic_nominal_wam
6,mild,predicted_utility,64,1.8618812189349816e-05,-0.45665541213410255,3.22343947309806,3.680094885232162,0.7858798050603932,0.996895420958112,0.21101561589771878,0.0125,0.8481012658227848,0.0,702,1,analytic_nominal_wam
7,mild,predicted_utility,1,0.025000000000000022,-3.9316272733313933,-10.140388888305429,-6.208761614974035,0.6581360757808375,0.7399960686863671,0.08185999290552959,0.025,0.8717948717948718,0.0,702,1,analytic_nominal_wam
7,mild,predicted_utility,2,0.04312500000000008,-1.2891259609181915,-2.7081593180600936,-1.419033357141902,0.7842477695747789,0.881547169835442,0.09729940026066308,0.025,0.8717948717948718,0.0,702,1,analytic_nominal_wam
7,mild,predicted_utility,4,0.0641753906250001,-0.2520502674824216,0.4236066730599572,0.6756569405423788,0.8337415471851568,0.9411934604127707,0.10745191322761394,0.025,0.8717948717948718,0.0,702,1,analytic_nominal_wam
7,mild,predicted_utility,8,0.07111839076675419,0.020740510614512372,1.811322378311096,1.7905818676965837,0.8467603135015886,0.9676233068408969,0.12086299333930828,0.025,0.8717948717948718,0.0,702,1,analytic_nominal_wam
7,mild,predicted_utility,16,0.04381600078518488,-0.014129764891062694,2.7911244341514694,2.805254199042532,0.8450961517899513,0.9862842024175866,0.1411880506276353,0.025,0.8717948717948718,0.0,702,1,analytic_nominal_wam
7,mild,predicted_utility,32,0.008426613230447737,-0.14140337216049068,3.3226442608010545,3.4640476329615453,0.8390220998632354,0.9964073042450684,0.157385204381833,0.025,0.8717948717948718,0.0,702,1,analytic_nominal_wam
7,mild,predicted_utility,64,0.00016392341988849535,-0.13290592244318541,3.4605666631508187,3.593472585594004,0.8394276352443323,0.9990341159899443,0.159606480745612,0.025,0.8717948717948718,0.0,702,1,analytic_nominal_wam
8,mild,predicted_utility,1,0.07500000000000018,-3.0111915462755485,-12.122931149235015,-9.111739602959467,0.5756785259928986,0.6741446699989104,0.09846614400601184,0.075,0.8153153153153153,0.0,702,1,analytic_nominal_wam
8,mild,predicted_utility,2,0.11875000000000041,-0.860314167923948,-4.285887494873308,-3.4255733269493605,0.7072645762601978,0.8325948734434614,0.1253302971832636,0.075,0.8153153153153153,0.0,702,1,analytic_nominal_wam
8,mild,predicted_utility,4,0.1525785156250005,0.1465825145950752,0.015189802325817847,-0.13139271226925736,0.7688643488987786,0.9195545233865428,0.15069017448776412,0.075,0.8153153153153153,0.0,702,1,analytic_nominal_wam
8,mild,predicted_utility,8,0.13863671360078833,0.36476429669389987,1.892209085709685,1.5274447890157852,0.7822122408965397,0.9575043039974998,0.17529206310096002,0.075,0.8153153153153153,0.0,702,1,analytic_nominal_wam
8,mild,predicted_utility,16,0.07810963495102277,0.3345467180711771,2.9600313695472824,2.625484651476105,0.7803635944513142,0.9790936514069052,0.19873005695559098,0.075,0.8153153153153153,0.0,702,1,analytic_nominal_wam
8,mild,predicted_utility,32,0.022794638307709513,0.2980101584758416,3.604108537066643,3.3060983785908014,0.7781283663458466,0.9921156738337721,0.2139873074879255,0.075,0.8153153153153153,0.0,702,1,analytic_nominal_wam
8,mild,predicted_utility,64,0.001718799229523606,0.29827865434183554,3.8439025901317567,3.545623935789921,0.7781447923452433,0.9969638561546418,0.21881906380939853,0.075,0.8153153153153153,0.0,702,1,analytic_nominal_wam
9,mild,predicted_utility,1,0.03750000000000009,-4.095942210414419,-13.408633046222072,-9.312690835807652,0.5629866422880213,0.66211202736962,0.09912538508159874,0.0375,0.9567099567099567,0.0,702,1,analytic_nominal_wam
9,mild,predicted_utility,2,0.07046875000000019,-1.751233578347179,-5.549185141428594,-3.7979515630814147,0.6989608133489387,0.8203246938172338,0.12136388046829516,0.0375,0.9567099567099567,0.0,702,1,analytic_nominal_wam
9,mild,predicted_utility,4,0.12453005371093773,-0.5016317918581203,-1.7242589266826174,-1.222627134824497,0.771427628521741,0.8973214221791912,0.12589379365745024,0.0375,0.9567099567099567,0.0,702,1,analytic_nominal_wam
9,mild,predicted_utility,8,0.19511091081306442,0.08434747157918407,-0.16675683355434684,-0.2511043051335309,0.8054096949990267,0.9286743317138767,0.12326463671485,0.0375,0.9567099567099567,0.0,702,1,analytic_nominal_wam
9,mild,predicted_utility,16,0.24263538999437942,0.3345665054290591,0.8135858533535152,0.4790193479244561,0.8199203788622933,0.9484088769907164,0.1284884981284231,0.0375,0.9567099567099567,0.0,702,1,analytic_nominal_wam
9,mild,predicted_utility,32,0.1966602850954436,0.1749512110164776,1.7272751527331809,1.5523239417167032,0.810663980412794,0.9668016727838337,0.1561376923710397,0.0375,0.9567099567099567,0.0,702,1,analytic_nominal_wam
9,mild,predicted_utility,64,0.0745088183311599,-0.3009511028884071,2.5831396683284904,2.8840907712168975,0.7830654883212047,0.9840304411108867,0.20096495278968196,0.0375,0.9567099567099567,0.0,702,1,analytic_nominal_wam
10,mild,predicted_utility,1,0.07499999999999996,-3.9460762050893514,-13.768368873441354,-9.822292668352002,0.601623605269081,0.6944496677562281,0.09282606248714709,0.075,0.8581081081081081,0.0,702,1,analytic_nominal_wam
10,mild,predicted_utility,2,0.12468749999999995,-1.5005023776014303,-5.502593935408551,-4.002091557807121,0.73160316231886,0.8399423583952641,0.10833919607640408,0.075,0.8581081081081081,0.0,702,1,analytic_nominal_wam
10,mild,predicted_utility,4,0.17286752929687488,-0.14902915584861315,-0.7220857964754578,-0.5730566406268447,0.803432476467397,0.9240880068032422,0.1206555303358452,0.075,0.8581081081081081,0.0,702,1,analytic_nominal_wam
10,mild,predicted_utility,8,0.16826227214666237,0.17387714009837113,1.6329015978171744,1.4590244577188032,0.8205945906689897,0.9655400733046068,0.14494548263561713,0.075,0.8581081081081081,0.0,702,1,analytic_nominal_wam
10,mild,predicted_utility,16,0.0836615377233705,-0.18504113462958188,2.8431104607173525,3.0281515953469342,0.8015184794341346,0.9868419530458982,0.1853234736117636,0.075,0.8581081081081081,0.0,702,1,analytic_nominal_wam
10,mild,predicted_utility,32,0.012150379365229513,-0.5405689579015316,3.42030981581515,3.960878773716682,0.7826225669622431,0.9970017127584316,0.21437914579618855,0.075,0.8581081081081081,0.0,702,1,analytic_nominal_wam
10,mild,predicted_utility,64,0.00018681147077086543,-0.6010348386466033,3.5621797946908043,4.163214633337407,0.7794088719563793,0.9994988827276439,0.22009001077126455,0.075,0.8581081081081081,0.0,702,1,analytic_nominal_wam
11,mild,predicted_utility,1,0.04999999999999982,-3.4373931945100566,-11.024030247308337,-7.586637052798281,0.6686468183013203,0.7411193523419406,0.07247253404062026,0.05,0.8618421052631579,0.0,702,1,analytic_nominal_wam
11,mild,predicted_utility,2,0.08437499999999964,-0.8952127790189002,-3.471652191839097,-2.5764394128201964,0.7812915505387376,0.8725123243288191,0.09122077379008153,0.05,0.8618421052631579,0.0,702,1,analytic_nominal_wam
11,mild,predicted_utility,4,0.12088476562499945,0.17474707229011852,-0.01751246317529742,-0.19225953546541594,0.8287017737554108,0.9326059373966157,0.10390416364120492,0.05,0.8618421052631579,0.0,702,1,analytic_nominal_wam
11,mild,predicted_utility,8,0.1268782577493663,0.43975705382035934,1.323821192257687,0.8840641384373277,0.8404444408878493,0.9559418739875724,0.11549743309972305,0.05,0.8618421052631579,0.0,702,1,analytic_nominal_wam
11,mild,predicted_utility,16,0.07497114469087046,0.36086692536812875,2.2048422378710626,1.843975312502934,0.8369487970139821,0.9712694930124567,0.13432069599847463,0.05,0.8618421052631579,0.0,702,1,analytic_nominal_wam
11,mild,predicted_utility,32,0.015424789847345695,0.18115291257240831,2.9898806108569955,2.8087276982845872,0.8289856183476187,0.9849272474565246,0.15594162910890585,0.05,0.8618421052631579,0.0,702,1,analytic_nominal_wam
11,mild,predicted_utility,64,0.0004230921869527098,0.010221723114474862,3.5845189053578976,3.5742971822434226,0.8214116090640204,0.9952725045659858,0.17386089550196537,0.05,0.8618421052631579,0.0,702,1,analytic_nominal_wam
0,mild,predicted_utility,1,0.07500000000000007,-3.823213222456401,-4.604941132723594,-0.7817279102671932,0.5832588285425025,0.7074939196418418,0.12423509109933928,0.075,0.9324324324324325,0.0,702,1,learned_wam_lite
0,mild,predicted_utility,2,0.13500000000000012,-1.3089739132802525,-1.8130389605836494,-0.504065047303397,0.7259284304861396,0.8712037116127576,0.14527528112661792,0.075,0.9324324324324325,0.0,702,1,learned_wam_lite
0,mild,predicted_utility,4,0.22338515625000027,0.07940829318060225,-0.3916138923501688,-0.471022185530771,0.8047116775774055,0.9545523348363241,0.1498406572589186,0.075,0.9324324324324325,0.0,702,1,learned_wam_lite
0,mild,predicted_utility,8,0.3279411643046951,0.7772638551061029,0.08962022660441468,-0.6876436285016881,0.8443112395087988,0.9827706364263743,0.13845939691757547,0.075,0.9324324324324325,0.0,702,1,learned_wam_lite
0,mild,predicted_utility,16,0.4214027579972841,1.2172266778352547,0.24978383326960957,-0.9674428445656451,0.8692767710553304,0.9921622085918035,0.12288543753647307,0.075,0.9324324324324325,0.0,702,1,learned_wam_lite
0,mild,predicted_utility,32,0.4617117255507256,1.3839292939480667,0.31703009858354925,-1.0668991953645175,0.8787362508260015,0.9961053525225695,0.117369101696568,0.075,0.9324324324324325,0.0,702,1,learned_wam_lite
0,mild,predicted_utility,64,0.3835707682844648,1.0926889613647097,0.35240528026374934,-0.7402836811009603,0.8622099232930764,0.9981796600293258,0.13596973673624935,0.075,0.9324324324324325,0.0,702,1,learned_wam_lite
1,mild,predicted_utility,1,0.025000000000000022,-6.616743556779446,-4.648991477118181,1.967752079661265,0.6243600046771306,0.6831554043389614,0.05879539966183078,0.025,0.9551282051282052,0.0,702,1,learned_wam_lite
1,mild,predicted_utility,2,0.04718749999999994,-2.6466242010878234,-1.8544621319596546,0.7921620691281688,0.7726325962394684,0.8514443639980976,0.07881176775862919,0.025,0.9551282051282052,0.0,702,1,learned_wam_lite
1,mild,predicted_utility,4,0.08423706054687496,-0.5766403959113449,-0.3660979339268519,0.21054246198449295,0.8499405650403504,0.94107493556994,0.09113437052958961,0.025,0.9551282051282052,0.0,702,1,learned_wam_lite
1,mild,predicted_utility,8,0.13536973443338285,0.3162986771279007,0.21065752472787852,-0.1056411524000222,0.8832892829515615,0.975807645134393,0.09251836218283149,0.025,0.9551282051282052,0.0,702,1,learned_wam_lite
1,mild,predicted_utility,16,0.18059953798994735,0.775114928631093,0.4308846301811592,-0.3442302984499338,0.9004247563634042,0.9890699107569333,0.08864515439352905,0.025,0.9551282051282052,0.0,702,1,learned_wam_lite
1,mild,predicted_utility,32,0.17958636836376424,0.9139057486871741,0.5173949141419656,-0.3965108345452085,0.9056081961371418,0.9942796344310837,0.08867143829394186,0.025,0.9551282051282052,0.0,702,1,learned_wam_lite
1,mild,predicted_utility,64,0.11516410274263783,0.7843585808925955,0.5629246823253136,-0.2214338985672819,0.9007699803109788,0.9970214762136264,0.09625149590264759,0.025,0.9551282051282052,0.0,702,1,learned_wam_lite
2,mild,predicted_utility,1,0.025000000000000022,-5.089917254862124,-4.656606256786397,0.4333109980757275,0.6028583633429088,0.6627756624411865,0.0599172990982777,0.025,0.9743589743589743,0.0,702,1,learned_wam_lite
2,mild,predicted_utility,2,0.048125000000000084,-2.538565268015992,-2.150034916650733,0.38853035136525893,0.7249647605755286,0.8113403298547004,0.08637556927917178,0.025,0.9743589743589743,0.0,702,1,learned_wam_lite
2,mild,predicted_utility,4,0.08927187500000022,-1.022045092221011,-0.663619633349289,0.35842545887172195,0.7975446382057461,0.8994402728589523,0.10189563465320628,0.025,0.9743589743589743,0.0,702,1,learned_wam_lite
2,mild,predicted_utility,8,0.15431647079454436,-0.18275729890756057,0.0682528884392821,0.25101018734684266,0.8377125214343966,0.9428184109743923,0.10510588953999578,0.025,0.9743589743589743,0.0,702,1,learned_wam_lite
2,mild,predicted_utility,16,0.23483175037126586,0.2347308303638866,0.42994593922464586,0.19521510886075927,0.8576932891275831,0.9642559846573336,0.1065626955297505,0.025,0.9743589743589743,0.0,702,1,learned_wam_lite
2,mild,predicted_utility,32,0.2907724640569792,0.28835415216971244,0.6510380062147088,0.3626838540449963,0.860259673800146,0.9773601277049307,0.11710045390478474,0.025,0.9743589743589743,0.0,702,1,learned_wam_lite
2,mild,predicted_utility,64,0.27068638260530126,0.04128496147566618,0.8331175890646635,0.7918326275889973,0.8484350690814053,0.9881519979524501,0.1397169288710448,0.025,0.9743589743589743,0.0,702,1,learned_wam_lite
3,mild,predicted_utility,1,0.07499999999999984,-4.652038066717782,-5.5281730088243135,-0.8761349421065319,0.6038585277259376,0.7003929384429991,0.09653441071706148,0.075,0.9527027027027027,0.0,702,1,learned_wam_lite
3,mild,predicted_utility,2,0.13781249999999978,-2.033590795621273,-2.5452141253243785,-0.5116233297031054,0.7413831909956061,0.8608960829552756,0.11951289195966952,0.075,0.9527027027027027,0.0,702,1,learned_wam_lite
3,mild,predicted_utility,4,0.23492065429687453,-0.4866737905035782,-0.9616520180949485,-0.4749782275913703,0.8226295244937976,0.9461023186653015,0.12347279417150392,0.075,0.9527027027027027,0.0,702,1,learned_wam_lite
3,mild,predicted_utility,8,0.3533597198836498,0.3661066442696581,-0.32874383946611563,-0.6948504837357737,0.8674187946195385,0.9801570129553804,0.11273821833584186,0.075,0.9527027027027027,0.0,702,1,learned_wam_lite
3,mild,predicted_utility,16,0.44710651926568107,0.7504277840916254,-0.10248184333454043,-0.8529096274261658,0.8876039004740086,0.9923314220843901,0.10472752161038146,0.075,0.9527027027027027,0.0,702,1,learned_wam_lite
3,mild,predicted_utility,32,0.49156208801041673,0.8464906590344965,-0.021772862190071303,-0.8682635212245678,0.8926492625384135,0.9966741052288758,0.1040248426904623,0.075,0.9527027027027027,0.0,702,1,learned_wam_lite
3,mild,predicted_utility,64,0.5892788040642412,1.1716963599312256,0.01479819335909276,-1.1568981665721327,0.9097295394654605,0.9986418726849551,0.08891233321949454,0.075,0.9527027027027027,0.0,702,1,learned_wam_lite
4,mild,predicted_utility,1,0.050000000000000044,-3.814629265868491,-3.378780922533749,0.435848343334742,0.6170382762029775,0.6832612022750847,0.06622292607210722,0.05,0.9506578947368421,0.0,702,1,learned_wam_lite
4,mild,predicted_utility,2,0.09281250000000008,-1.186501719194437,-1.1795297291153606,0.00697199007907634,0.7466264746788797,0.8414161982575024,0.0947897235786227,0.05,0.9506578947368421,0.0,702,1,learned_wam_lite
4,mild,predicted_utility,4,0.16095395507812515,0.2389088391193297,0.0275654028749212,-0.2113434362444085,0.8169108817557634,0.9282221649072612,0.11131128315149774,0.05,0.9506578947368421,0.0,702,1,learned_wam_lite
4,mild,predicted_utility,8,0.24774618636982093,0.9573043067993389,0.5403095864056159,-0.416994720393723,0.8523336581608585,0.965095194477048,0.11276153631618946,0.05,0.9506578947368421,0.0,702,1,learned_wam_lite
4,mild,predicted_utility,16,0.31514911124985345,1.387083215158539,0.7501463426895877,-0.6369368724689514,0.8735252759526551,0.9801852084992623,0.10665993254660722,0.05,0.9506578947368421,0.0,702,1,learned_wam_lite
4,mild,predicted_utility,32,0.2986272294054001,1.4878485174680962,0.8665962173428234,-0.6212523001252728,0.8784938300898772,0.9885594813031382,0.11006565121326095,0.05,0.9506578947368421,0.0,702,1,learned_wam_lite
4,mild,predicted_utility,64,0.1696209104475206,1.1665546111411627,0.9474338130303506,-0.2191207981108121,0.8626514108150276,0.9943727643239455,0.1317213535089179,0.05,0.9506578947368421,0.0,702,1,learned_wam_lite
5,mild,predicted_utility,1,0.012499999999999956,-7.010081121938119,-5.611466271379465,1.398614850558654,0.6072978688921428,0.664615909228719,0.05731804033657628,0.0125,1.0,0.0,702,1,learned_wam_lite
5,mild,predicted_utility,2,0.024843749999999942,-3.4549791922442377,-2.7655914746914094,0.6893877175528282,0.7467786534460044,0.8261800599594662,0.07940140651346184,0.0125,1.0,0.0,702,1,learned_wam_lite
5,mild,predicted_utility,4,0.049070288085937275,-1.412877706729164,-1.1235643077895237,0.28931339893964036,0.8268984145586695,0.9194001569946757,0.09250174243600617,0.0125,1.0,0.0,702,1,learned_wam_lite
5,mild,predicted_utility,8,0.09573268299903781,-0.4661777661370157,-0.4209588083928418,0.04521895774417395,0.8640412175112296,0.9592880188714118,0.09524680136018215,0.0125,1.0,0.0,702,1,learned_wam_lite
5,mild,predicted_utility,16,0.18230061940388131,0.17832943839125692,-0.10460423227188706,-0.282933670663144,0.8893277978445143,0.9772478948576109,0.08792009701309655,0.0125,1.0,0.0,702,1,learned_wam_lite
5,mild,predicted_utility,32,0.33136772297272377,0.8550548804751282,0.064659086516132,-0.7903957939589963,0.9158784277437658,0.9868572017679781,0.07097877402421227,0.0125,1.0,0.0,702,1,learned_wam_lite
5,mild,predicted_utility,64,0.5529308781173198,1.6360714556933647,0.1669091857768238,-1.469162269916541,0.9465208134799153,0.9926620778181872,0.046141264338271815,0.0125,1.0,0.0,702,1,learned_wam_lite
6,mild,predicted_utility,1,0.012500000000000067,-4.091609600008185,-4.901030543922303,-0.8094209439141178,0.5890227434785154,0.6921706301311764,0.10314788665266106,0.0125,0.9240506329113924,0.0,702,1,learned_wam_lite
6,mild,predicted_utility,2,0.022968750000000093,-1.6786239296929941,-2.038911519007046,-0.3602875893140518,0.7197020434493466,0.8595636887165786,0.139861645267232,0.0125,0.9240506329113924,0.0,702,1,learned_wam_lite
6,mild,predicted_utility,4,0.038777709960937656,-0.4831045421338299,-0.5823255750616241,-0.09922103292779416,0.7844474079120295,0.9447531494367699,0.16030574152474042,0.0125,0.9240506329113924,0.0,702,1,learned_wam_lite
6,mild,predicted_utility,8,0.05527415770870181,0.01856042704497287,-0.007079298034610736,-0.025639725079583606,0.8116159186075826,0.9783968354306706,0.16678091682308793,0.0125,0.9240506329113924,0.0,702,1,learned_wam_lite
6,mild,predicted_utility,16,0.0561944450056471,0.17996675876140975,0.20266495458990205,0.022698195828492307,0.820357150144531,0.9906638766200446,0.1703067264755136,0.0125,0.9240506329113924,0.0,702,1,learned_wam_lite
6,mild,predicted_utility,32,0.02912646439220533,0.1507791653231341,0.273082198270404,0.12230303294726988,0.8187764468998868,0.9947822789975214,0.17600583209763454,0.0125,0.9240506329113924,0.0,702,1,learned_wam_lite
6,mild,predicted_utility,64,0.003958417643603995,0.12328772467882063,0.3133392184605711,0.19005149378175049,0.8172876016643826,0.9971367393398428,0.17984913767546018,0.0125,0.9240506329113924,0.0,702,1,learned_wam_lite
7,mild,predicted_utility,1,0.025000000000000022,-3.931627273331394,-3.64648355535413,0.285143717977264,0.6581360757808375,0.7439876766690554,0.08585160088821786,0.025,0.8910256410256411,0.0,702,1,learned_wam_lite
7,mild,predicted_utility,2,0.044062500000000004,-1.2642490969080733,-1.1155789546648145,0.1486701422432588,0.7854350020812908,0.8936490362489203,0.10821403416762954,0.025,0.8910256410256411,0.0,702,1,learned_wam_lite
7,mild,predicted_utility,4,0.06910239257812506,-0.17346010049763594,-0.012886330786019425,0.16057376971161652,0.8374922129000395,0.9588551594838465,0.12136294658380697,0.025,0.8910256410256411,0.0,702,1,learned_wam_lite
7,mild,predicted_utility,8,0.08819191543686022,0.16318342760348345,0.3567687467449175,0.19358531914143404,0.853558311082912,0.9807141744241223,0.12715586334121032,0.025,0.8910256410256411,0.0,702,1,learned_wam_lite
7,mild,predicted_utility,16,0.08134652615329396,0.20473201966474391,0.492301634387187,0.2875696147224431,0.8555411912029655,0.9887287144533289,0.13318752325036343,0.025,0.8910256410256411,0.0,702,1,learned_wam_lite
7,mild,predicted_utility,32,0.04558411083239048,0.10424757902250681,0.5673376973226135,0.4630901183001067,0.8507456352084231,0.9931658628126062,0.14242022760418316,0.025,0.8910256410256411,0.0,702,1,learned_wam_lite
7,mild,predicted_utility,64,0.009273869848791545,0.015883974111244092,0.6258329863939827,0.6099490122827386,0.8465285383870325,0.9966248965861644,0.15009635819913192,0.025,0.8910256410256411,0.0,702,1,learned_wam_lite
8,mild,predicted_utility,1,0.07499999999999996,-3.0111915462755494,-3.4672928110989227,-0.4561012648233733,0.5756785259928983,0.6701011300661184,0.09442260407322012,0.075,0.9481981981981982,0.0,702,1,learned_wam_lite
8,mild,predicted_utility,2,0.1371874999999999,-0.7623522591428508,-1.313428235613875,-0.5510759764710241,0.7132576750685684,0.833605064134016,0.12034738906544762,0.075,0.9481981981981982,0.0,702,1,learned_wam_lite
8,mild,predicted_utility,4,0.23429536132812495,0.5287994827306148,-0.12993870625655504,-0.6587381889871698,0.792247560646834,0.9234459929373088,0.1311984322904748,0.075,0.9481981981981982,0.0,702,1,learned_wam_lite
8,mild,predicted_utility,8,0.36546849034773,1.2890056373727639,0.3497120069734543,-0.9392936303993096,0.83875533755921,0.9598571858619701,0.12110184830276016,0.075,0.9481981981981982,0.0,702,1,learned_wam_lite
8,mild,predicted_utility,16,0.52489876480038,2.0024715056351057,0.5735474020724417,-1.428924103562664,0.8824036443153676,0.9768489540998059,0.09444530978443832,0.075,0.9481981981981982,0.0,702,1,learned_wam_lite
8,mild,predicted_utility,32,0.7023752008083151,2.6933857185640093,0.7093219095392778,-1.9840638090247316,0.9246722893194497,0.9871558537859014,0.06248356446645176,0.075,0.9481981981981982,0.0,702,1,learned_wam_lite
8,mild,predicted_utility,64,0.8605555326936929,3.217253996664869,0.792598679760603,-2.424655316904266,0.9567214234399883,0.9934775509355881,0.036756127495599755,0.075,0.9481981981981982,0.0,702,1,learned_wam_lite
9,mild,predicted_utility,1,0.03749999999999987,-4.09594221041442,-5.002234606156095,-0.9062923957416746,0.5629866422880212,0.680839753940548,0.11785311165252677,0.0375,0.9567099567099567,0.0,702,1,learned_wam_lite
9,mild,predicted_utility,2,0.07046874999999986,-1.7390000802563106,-2.1150515336318048,-0.37605145337549417,0.6996702574731815,0.8470398108229595,0.14736955334977808,0.0375,0.9567099567099567,0.0,702,1,learned_wam_lite
9,mild,predicted_utility,4,0.125321069335937,-0.4409205480409554,-0.6215097332376037,-0.18058918519664835,0.7749483905214262,0.933015215203794,0.15806682468236788,0.0375,0.9567099567099567,0.0,702,1,learned_wam_lite
9,mild,predicted_utility,8,0.20372382307264197,0.2595989373431168,-0.03426384205081042,-0.2938627793939272,0.8155728651509835,0.9668198954293102,0.15124703027832676,0.0375,0.9567099567099567,0.0,702,1,learned_wam_lite
9,mild,predicted_utility,16,0.2964333865498873,0.7778432618952901,0.24113060891029758,-0.5367126529849925,0.8456268520192274,0.9826729162683455,0.13704606424911814,0.0375,0.9567099567099567,0.0,702,1,learned_wam_lite
9,mild,predicted_utility,32,0.4062982112448509,1.2638987789138156,0.4005532198382893,-0.8633455590755263,0.8738141479212813,0.9918500437102187,0.11803589578893736,0.0375,0.9567099567099567,0.0,702,1,learned_wam_lite
9,mild,predicted_utility,64,0.5746670002617988,1.8548421541453213,0.48653744341380156,-1.3683047107315196,0.908084092805734,0.9967997065789282,0.08871561377319426,0.0375,0.9567099567099567,0.0,702,1,learned_wam_lite
10,mild,predicted_utility,1,0.07499999999999996,-3.9460762050893528,-4.72910442364151,-0.7830282185521571,0.6016236052690805,0.6884201584779869,0.08679655320890634,0.075,0.9324324324324325,0.0,702,1,learned_wam_lite
10,mild,predicted_utility,2,0.1349999999999999,-1.449459056548429,-2.0715972884520117,-0.6221382319035826,0.7343160586486486,0.847129164470692,0.1128131058220434,0.075,0.9324324324324325,0.0,702,1,learned_wam_lite
10,mild,predicted_utility,4,0.22405429687499978,0.10309389260211721,-0.5135560344887968,-0.616649927090914,0.8168325389767871,0.9401769593148996,0.12334442033811255,0.075,0.9324324324324325,0.0,702,1,learned_wam_lite
10,mild,predicted_utility,8,0.33423599402040466,0.9627133229771112,0.14275571122955538,-0.8199576117475558,0.8625203655047219,0.9793725586060636,0.11685219310134176,0.075,0.9324324324324325,0.0,702,1,learned_wam_lite
10,mild,predicted_utility,16,0.45594434875286405,1.5280234349352613,0.34440269001651647,-1.1836207449187448,0.8925659757096521,0.9914151195237517,0.0988491438140996,0.075,0.9324324324324325,0.0,702,1,learned_wam_lite
10,mild,predicted_utility,32,0.590935391038034,2.0763724240963333,0.41631580608514906,-1.6600566180111842,0.9217101209072899,0.9957098433338827,0.0739997224265928,0.075,0.9324324324324325,0.0,702,1,learned_wam_lite
10,mild,predicted_utility,64,0.7134021634366027,2.5568018534498895,0.4590570218941327,-2.0977448315557568,0.9472444162612754,0.9982623918430251,0.0510179755817497,0.075,0.9324324324324325,0.0,702,1,learned_wam_lite
11,mild,predicted_utility,1,0.050000000000000044,-3.4373931945100544,-3.4022620528246463,0.035131141685408096,0.6686468183013201,0.7461156071770471,0.07746878887572695,0.05,0.9111842105263158,0.0,702,1,learned_wam_lite
11,mild,predicted_utility,2,0.08906250000000016,-0.8243265473674821,-1.2233160422097744,-0.3989894948422923,0.7844325394846975,0.8843714294855127,0.09993889000081524,0.05,0.9111842105263158,0.0,702,1,learned_wam_lite
11,mild,predicted_utility,4,0.14223354492187512,0.3973466971610087,-0.12117839156805296,-0.5185250887290617,0.8385652260056661,0.9543029222550802,0.1157376962494141,0.05,0.9111842105263158,0.0,702,1,learned_wam_lite
11,mild,predicted_utility,8,0.1861876143491544,0.873736297578738,0.33033737913013766,-0.5433989184486003,0.8596741837541967,0.9829519497477365,0.12327776599353979,0.05,0.9111842105263158,0.0,702,1,learned_wam_lite
11,mild,predicted_utility,16,0.1754535980057474,1.0583594735339097,0.5043177124175683,-0.5540417611163414,0.8678548888267256,0.9939911374683018,0.12613624864157624,0.05,0.9111842105263158,0.0,702,1,learned_wam_lite
11,mild,predicted_utility,32,0.10141354817045967,1.0810350003627678,0.5664683013604981,-0.5145666990022697,0.8688596478251092,0.9979346407673284,0.12907499294221925,0.05,0.9111842105263158,0.0,702,1,learned_wam_lite
11,mild,predicted_utility,64,0.025472755468371248,1.0543006973983755,0.5866762234048569,-0.4676244739935186,0.8676750433097776,0.9992168491679853,0.13154180585820763,0.05,0.9111842105263158,0.0,702,1,learned_wam_lite
0,mild,predicted_utility,1,0.07499999999999996,-3.8232132224564,-3.8232132224564,0.0,0.5832588285425024,0.5832588285425024,0.0,0.075,1.0,0.0,702,1,oracle_true_dynamics
0,mild,predicted_utility,2,0.14437499999999992,-1.2520765585414557,-1.2520765585414557,0.0,0.7291570503405042,0.7291570503405042,0.0,0.075,1.0,0.0,702,1,oracle_true_dynamics
0,mild,predicted_utility,4,0.2679058593749999,0.3063192682760948,0.3063192682760948,0.0,0.8175876589429679,0.8175876589429679,0.0,0.075,1.0,0.0,702,1,oracle_true_dynamics
0,mild,predicted_utility,8,0.4640381692625425,1.365628804324907,1.365628804324907,0.0,0.8776977961489225,0.8776977961489225,0.0,0.075,1.0,0.0,702,1,oracle_true_dynamics
0,mild,predicted_utility,16,0.712744915992553,2.3388552178545385,2.3388552178545385,0.0,0.9329231776440529,0.9329231776440529,0.0,0.075,1.0,0.0,702,1,oracle_true_dynamics
0,mild,predicted_utility,32,0.9174845167118745,3.082208190107231,3.082208190107231,0.0,0.9751044736996229,0.9751044736996229,0.0,0.075,1.0,0.0,702,1,oracle_true_dynamics
0,mild,predicted_utility,64,0.9931911950177271,3.407320384557595,3.407320384557595,0.0,0.9935528478062445,0.9935528478062445,0.0,0.075,1.0,0.0,702,1,oracle_true_dynamics
1,mild,predicted_utility,1,0.025000000000000022,-6.616743556779444,-6.616743556779444,0.0,0.6243600046771307,0.6243600046771307,0.0,0.025,1.0,0.0,702,1,oracle_true_dynamics
1,mild,predicted_utility,2,0.04937500000000006,-2.615569518778394,-2.615569518778394,0.0,0.7737923997147877,0.7737923997147877,0.0,0.025,1.0,0.0,702,1,oracle_true_dynamics
1,mild,predicted_utility,4,0.09631210937500012,-0.4886461580816528,-0.4886461580816528,0.0,0.8532268978975366,0.8532268978975366,0.0,0.025,1.0,0.0,702,1,oracle_true_dynamics
1,mild,predicted_utility,8,0.18334819633773813,0.5183496727907452,0.5183496727907452,0.0,0.8908353091715873,0.8908353091715873,0.0,0.025,1.0,0.0,702,1,oracle_true_dynamics
1,mild,predicted_utility,16,0.3330798315751746,1.2792028692173067,1.2792028692173067,0.0,0.9192509977505524,0.9192509977505524,0.0,0.025,1.0,0.0,702,1,oracle_true_dynamics
1,mild,predicted_utility,32,0.5552174889482024,2.0620679536973414,2.0620679536973414,0.0,0.948488767328717,0.948488767328717,0.0,0.025,1.0,0.0,702,1,oracle_true_dynamics
1,mild,predicted_utility,64,0.8021685178624576,2.831894640055189,2.831894640055189,0.0,0.9772395900656924,0.9772395900656924,0.0,0.025,1.0,0.0,702,1,oracle_true_dynamics
2,mild,predicted_utility,1,0.025000000000000022,-5.089917254862127,-5.089917254862127,0.0,0.6028583633429088,0.6028583633429088,0.0,0.025,1.0,0.0,702,1,oracle_true_dynamics
2,mild,predicted_utility,2,0.04937500000000006,-2.5093075605564827,-2.5093075605564827,0.0,0.7263650194451731,0.7263650194451731,0.0,0.025,1.0,0.0,702,1,oracle_true_dynamics
2,mild,predicted_utility,4,0.09631210937500012,-0.9175261630437469,-0.9175261630437469,0.0,0.8025468605373747,0.8025468605373747,0.0,0.025,1.0,0.0,702,1,oracle_true_dynamics
2,mild,predicted_utility,8,0.18334819633773813,0.10219290328745256,0.10219290328745256,0.0,0.8513500919304028,0.8513500919304028,0.0,0.025,1.0,0.0,702,1,oracle_true_dynamics
2,mild,predicted_utility,16,0.3330798315751746,0.9296964369392878,0.9296964369392878,0.0,0.8909539865370396,0.8909539865370396,0.0,0.025,1.0,0.0,702,1,oracle_true_dynamics
2,mild,predicted_utility,32,0.5552174889482024,1.7393483294373324,1.7393483294373324,0.0,0.9297035107560476,0.9297035107560476,0.0,0.025,1.0,0.0,702,1,oracle_true_dynamics
2,mild,predicted_utility,64,0.8021685178624576,2.5242023181549915,2.5242023181549915,0.0,0.9672662200215898,0.9672662200215898,0.0,0.025,1.0,0.0,702,1,oracle_true_dynamics
3,mild,predicted_utility,1,0.07499999999999996,-4.652038066717779,-4.652038066717779,0.0,0.6038585277259376,0.6038585277259376,0.0,0.075,1.0,0.0,702,1,oracle_true_dynamics
3,mild,predicted_utility,2,0.14437499999999992,-1.9948768941386728,-1.9948768941386728,0.0,0.7434165014708713,0.7434165014708713,0.0,0.075,1.0,0.0,702,1,oracle_true_dynamics
3,mild,predicted_utility,4,0.2679058593749999,-0.31646276817845165,-0.31646276817845165,0.0,0.8315692552221718,0.8315692552221718,0.0,0.075,1.0,0.0,702,1,oracle_true_dynamics
3,mild,predicted_utility,8,0.4640381692625425,0.8774705069191016,0.8774705069191016,0.0,0.8942763692575385,0.8942763692575385,0.0,0.075,1.0,0.0,702,1,oracle_true_dynamics
3,mild,predicted_utility,16,0.712744915992553,1.8730676730376445,1.8730676730376445,0.0,0.9465665820619202,0.9465665820619202,0.0,0.075,1.0,0.0,702,1,oracle_true_dynamics
3,mild,predicted_utility,32,0.9174845167118745,2.5707419922643755,2.5707419922643755,0.0,0.9832094531568086,0.9832094531568086,0.0,0.075,1.0,0.0,702,1,oracle_true_dynamics
3,mild,predicted_utility,64,0.9931911950177271,2.8366310596504105,2.8366310596504105,0.0,0.9971743341238553,0.9971743341238553,0.0,0.075,1.0,0.0,702,1,oracle_true_dynamics
4,mild,predicted_utility,1,0.050000000000000044,-3.8146292658684904,-3.8146292658684904,0.0,0.6170382762029772,0.6170382762029772,0.0,0.05,1.0,0.0,702,1,oracle_true_dynamics
4,mild,predicted_utility,2,0.09750000000000003,-1.1398768044735856,-1.1398768044735856,0.0,0.7489254645853679,0.7489254645853679,0.0,0.05,1.0,0.0,702,1,oracle_true_dynamics
4,mild,predicted_utility,4,0.18549375000000012,0.4067560293477241,0.4067560293477241,0.0,0.8251871220122402,0.8251871220122402,0.0,0.05,1.0,0.0,702,1,oracle_true_dynamics
4,mild,predicted_utility,8,0.33657956871093775,1.3939014762171142,1.3939014762171142,0.0,0.8738614720282365,0.8738614720282365,0.0,0.05,1.0,0.0,702,1,oracle_true_dynamics
4,mild,predicted_utility,16,0.5598733313482347,2.3267216787805762,2.3267216787805762,0.0,0.9198571428643435,0.9198571428643435,0.0,0.05,1.0,0.0,702,1,oracle_true_dynamics
4,mild,predicted_utility,32,0.8062885155414992,3.2068782856531657,3.2068782856531657,0.0,0.9632560673973726,0.9632560673973726,0.0,0.05,1.0,0.0,702,1,oracle_true_dynamics
4,mild,predicted_utility,64,0.9624758607888839,3.763944000234981,3.763944000234981,0.0,0.9907239665397507,0.9907239665397507,0.0,0.05,1.0,0.0,702,1,oracle_true_dynamics
5,mild,predicted_utility,1,0.012499999999999956,-7.010081121938118,-7.010081121938118,0.0,0.6072978688921427,0.6072978688921427,0.0,0.0125,1.0,0.0,702,1,oracle_true_dynamics
5,mild,predicted_utility,2,0.024843749999999942,-3.4406232621634025,-3.4406232621634025,0.0,0.7473418936653494,0.7473418936653494,0.0,0.0125,1.0,0.0,702,1,oracle_true_dynamics
5,mild,predicted_utility,4,0.049070288085937275,-1.3743383063023256,-1.3743383063023256,0.0,0.8284104684783821,0.8284104684783821,0.0,0.0125,1.0,0.0,702,1,oracle_true_dynamics
5,mild,predicted_utility,8,0.09573268299903781,-0.4005705423497356,-0.4005705423497356,0.0,0.8666152497688753,0.8666152497688753,0.0,0.0125,1.0,0.0,702,1,oracle_true_dynamics
5,mild,predicted_utility,16,0.18230061940388131,0.2517118679542108,0.2517118679542108,0.0,0.8922068823406347,0.8922068823406347,0.0,0.0125,1.0,0.0,702,1,oracle_true_dynamics
5,mild,predicted_utility,32,0.33136772297272377,0.9184268130826096,0.9184268130826096,0.0,0.9183647606404283,0.9183647606404283,0.0,0.0125,1.0,0.0,702,1,oracle_true_dynamics
5,mild,predicted_utility,64,0.5529308781173198,1.6711055802132568,1.6711055802132568,0.0,0.9478953414880653,0.9478953414880653,0.0,0.0125,1.0,0.0,702,1,oracle_true_dynamics
6,mild,predicted_utility,1,0.012499999999999956,-4.0916096000081845,-4.0916096000081845,0.0,0.5890227434785154,0.5890227434785154,0.0,0.0125,1.0,0.0,702,1,oracle_true_dynamics
6,mild,predicted_utility,2,0.024843749999999942,-1.6618134134529987,-1.6618134134529987,0.0,0.7206124452480046,0.7206124452480046,0.0,0.0125,1.0,0.0,702,1,oracle_true_dynamics
6,mild,predicted_utility,4,0.049070288085937275,-0.4114528482867751,-0.4114528482867751,0.0,0.7883278259803368,0.7883278259803368,0.0,0.0125,1.0,0.0,702,1,oracle_true_dynamics
6,mild,predicted_utility,8,0.09573268299903781,0.2545443834626639,0.2545443834626639,0.0,0.8243960269225163,0.8243960269225163,0.0,0.0125,1.0,0.0,702,1,oracle_true_dynamics
6,mild,predicted_utility,16,0.18230061940388131,0.7927359411423931,0.7927359411423931,0.0,0.8535426964916777,0.8535426964916777,0.0,0.0125,1.0,0.0,702,1,oracle_true_dynamics
6,mild,predicted_utility,32,0.33136772297272377,1.3877681584916834,1.3877681584916834,0.0,0.8857676676466617,0.8857676676466617,0.0,0.0125,1.0,0.0,702,1,oracle_true_dynamics
6,mild,predicted_utility,64,0.5529308781173198,2.1205704271120056,2.1205704271120056,0.0,0.9254538077918006,0.9254538077918006,0.0,0.0125,1.0,0.0,702,1,oracle_true_dynamics
7,mild,predicted_utility,1,0.025000000000000022,-3.9316272733313964,-3.9316272733313964,0.0,0.6581360757808375,0.6581360757808375,0.0,0.025,1.0,0.0,702,1,oracle_true_dynamics
7,mild,predicted_utility,2,0.04937500000000006,-1.2237014905748471,-1.2237014905748471,0.0,0.7873701107943696,0.7873701107943696,0.0,0.025,1.0,0.0,702,1,oracle_true_dynamics
7,mild,predicted_utility,4,0.09631210937500012,-0.016702377239740746,-0.016702377239740746,0.0,0.8449733755024834,0.8449733755024834,0.0,0.025,1.0,0.0,702,1,oracle_true_dynamics
7,mild,predicted_utility,8,0.18334819633773813,0.6047298535733663,0.6047298535733663,0.0,0.8746308333201369,0.8746308333201369,0.0,0.025,1.0,0.0,702,1,oracle_true_dynamics
7,mild,predicted_utility,16,0.3330798315751746,1.2054037391362022,1.2054037391362022,0.0,0.9032976123186074,0.9032976123186074,0.0,0.025,1.0,0.0,702,1,oracle_true_dynamics
7,mild,predicted_utility,32,0.5552174889482024,1.9280720587551707,1.9280720587551707,0.0,0.937786498061162,0.937786498061162,0.0,0.025,1.0,0.0,702,1,oracle_true_dynamics
7,mild,predicted_utility,64,0.8021685178624576,2.661877256976693,2.661877256976693,0.0,0.9728068842489759,0.9728068842489759,0.0,0.025,1.0,0.0,702,1,oracle_true_dynamics
8,mild,predicted_utility,1,0.07499999999999996,-3.01119154627555,-3.01119154627555,0.0,0.5756785259928984,0.5756785259928984,0.0,0.075,1.0,0.0,702,1,oracle_true_dynamics
8,mild,predicted_utility,2,0.14437499999999992,-0.676484265955369,-0.676484265955369,0.0,0.7185108941416979,0.7185108941416979,0.0,0.075,1.0,0.0,702,1,oracle_true_dynamics
8,mild,predicted_utility,4,0.2679058593749999,0.8111297349005222,0.8111297349005222,0.0,0.8095199180243058,0.8095199180243058,0.0,0.075,1.0,0.0,702,1,oracle_true_dynamics
8,mild,predicted_utility,8,0.4640381692625425,1.8493491528728736,1.8493491528728736,0.0,0.873035948225198,0.873035948225198,0.0,0.075,1.0,0.0,702,1,oracle_true_dynamics
8,mild,predicted_utility,16,0.712744915992553,2.799668963189532,2.799668963189532,0.0,0.9311744695509344,0.9311744695509344,0.0,0.075,1.0,0.0,702,1,oracle_true_dynamics
8,mild,predicted_utility,32,0.9174845167118745,3.5218054377816084,3.5218054377816084,0.0,0.9753532253470215,0.9753532253470215,0.0,0.075,1.0,0.0,702,1,oracle_true_dynamics
8,mild,predicted_utility,64,0.9931911950177271,3.8228671002540437,3.8228671002540437,0.0,0.9937715301050618,0.9937715301050618,0.0,0.075,1.0,0.0,702,1,oracle_true_dynamics
9,mild,predicted_utility,1,0.03749999999999998,-4.095942210414417,-4.095942210414417,0.0,0.5629866422880212,0.5629866422880212,0.0,0.0375,1.0,0.0,702,1,oracle_true_dynamics
9,mild,predicted_utility,2,0.0735937499999999,-1.7185625374173872,-1.7185625374173872,0.0,0.7008554699588769,0.7008554699588769,0.0,0.0375,1.0,0.0,702,1,oracle_true_dynamics
9,mild,predicted_utility,4,0.14177145996093743,-0.35596107315874276,-0.35596107315874276,0.0,0.7798753541589911,0.7798753541589911,0.0,0.0375,1.0,0.0,702,1,oracle_true_dynamics
9,mild,predicted_utility,8,0.2634437730624192,0.5247023883962005,0.5247023883962005,0.0,0.8309467250452722,0.8309467250452722,0.0,0.0375,1.0,0.0,702,1,oracle_true_dynamics
9,mild,predicted_utility,16,0.45748492455947487,1.39557761699575,1.39557761699575,0.0,0.8814504574437442,0.8814504574437442,0.0,0.0375,1.0,0.0,702,1,oracle_true_dynamics
9,mild,predicted_utility,32,0.7056773929197614,2.3067836688424945,2.3067836688424945,0.0,0.9342930519866378,0.9342930519866378,0.0,0.0375,1.0,0.0,702,1,oracle_true_dynamics
9,mild,predicted_utility,64,0.9133742029614915,3.0295044552622836,3.0295044552622836,0.0,0.9762050228379086,0.9762050228379086,0.0,0.0375,1.0,0.0,702,1,oracle_true_dynamics
10,mild,predicted_utility,1,0.07499999999999996,-3.9460762050893505,-3.9460762050893505,0.0,0.6016236052690805,0.6016236052690805,0.0,0.075,1.0,0.0,702,1,oracle_true_dynamics
10,mild,predicted_utility,2,0.14437499999999992,-1.4035803022186664,-1.4035803022186664,0.0,0.7367544639418159,0.7367544639418159,0.0,0.075,1.0,0.0,702,1,oracle_true_dynamics
10,mild,predicted_utility,4,0.2679058593749999,0.2971223431236366,0.2971223431236366,0.0,0.8271449375518682,0.8271449375518682,0.0,0.075,1.0,0.0,702,1,oracle_true_dynamics
10,mild,predicted_utility,8,0.4640381692625425,1.4911671984092754,1.4911671984092754,0.0,0.8906071073065297,0.8906071073065297,0.0,0.075,1.0,0.0,702,1,oracle_true_dynamics
10,mild,predicted_utility,16,0.712744915992553,2.4832682809424513,2.4832682809424513,0.0,0.9433361878220535,0.9433361878220535,0.0,0.075,1.0,0.0,702,1,oracle_true_dynamics
10,mild,predicted_utility,32,0.9174845167118745,3.2025065632842904,3.2025065632842904,0.0,0.9815629108517424,0.9815629108517424,0.0,0.075,1.0,0.0,702,1,oracle_true_dynamics
10,mild,predicted_utility,64,0.9931911950177271,3.496671676144488,3.496671676144488,0.0,0.9971974628081404,0.9971974628081404,0.0,0.075,1.0,0.0,702,1,oracle_true_dynamics
11,mild,predicted_utility,1,0.050000000000000044,-3.437393194510056,-3.437393194510056,0.0,0.6686468183013202,0.6686468183013202,0.0,0.05,1.0,0.0,702,1,oracle_true_dynamics
11,mild,predicted_utility,2,0.09750000000000003,-0.7248714344479503,-0.7248714344479503,0.0,0.7888394236287948,0.7888394236287948,0.0,0.05,1.0,0.0,702,1,oracle_true_dynamics
11,mild,predicted_utility,4,0.18549375000000012,0.7594795260652024,0.7594795260652024,0.0,0.8546114339371397,0.8546114339371397,0.0,0.05,1.0,0.0,702,1,oracle_true_dynamics
11,mild,predicted_utility,8,0.33657956871093775,1.7312565536872597,1.7312565536872597,0.0,0.897671148504963,0.897671148504963,0.0,0.05,1.0,0.0,702,1,oracle_true_dynamics
11,mild,predicted_utility,16,0.5598733313482347,2.6256557874885433,2.6256557874885433,0.0,0.9373022311735908,0.9373022311735908,0.0,0.05,1.0,0.0,702,1,oracle_true_dynamics
11,mild,predicted_utility,32,0.8062885155414992,3.426368367817528,3.426368367817528,0.0,0.9727820317655026,0.9727820317655026,0.0,0.05,1.0,0.0,702,1,oracle_true_dynamics
11,mild,predicted_utility,64,0.9624758607888839,3.9089575533054752,3.9089575533054752,0.0,0.9941656948795387,0.9941656948795387,0.0,0.05,1.0,0.0,702,1,oracle_true_dynamics
0,mild,predicted_utility,1,0.025000000000000022,-4.872900538796175,-12.385793883257026,-7.512893344460851,0.6175751172229016,0.7123120110970922,0.0947368938741906,0.025,0.8653846153846154,0.0,703,2,analytic_nominal_wam
0,mild,predicted_utility,2,0.04281250000000003,-2.074165335642573,-4.606593597209871,-2.532428261567298,0.7521865105855721,0.8587268983859839,0.10654038780041186,0.025,0.8653846153846154,0.0,703,2,analytic_nominal_wam
0,mild,predicted_utility,4,0.06314174804687506,-0.7435818538365512,-1.0680897177512771,-0.32450786391472597,0.8161838820658889,0.925326243772615,0.10914236170672609,0.025,0.8653846153846154,0.0,703,2,analytic_nominal_wam
0,mild,predicted_utility,8,0.07024192717197317,-0.34251244588817964,0.35598669833627117,0.6984991442244508,0.8354742071306673,0.952129254401639,0.11665504727097165,0.025,0.8653846153846154,0.0,703,2,analytic_nominal_wam
0,mild,predicted_utility,16,0.04713595301312045,-0.35164717695247477,1.3886006798765098,1.7402478568289845,0.835034851926512,0.9715644217917013,0.13652956986518938,0.025,0.8653846153846154,0.0,703,2,analytic_nominal_wam
0,mild,predicted_utility,32,0.013208929756732626,-0.4719715017361631,2.2657980257509474,2.7377695274871106,0.8292475859514016,0.9880744415628445,0.15882685561144294,0.025,0.8653846153846154,0.0,703,2,analytic_nominal_wam
0,mild,predicted_utility,64,0.0007001253104002406,-0.5269560891870148,2.7723436313234813,3.299299720510496,0.8266029799444128,0.997608303016394,0.17100532307198124,0.025,0.8653846153846154,0.0,703,2,analytic_nominal_wam
1,mild,predicted_utility,1,0.04999999999999993,-4.164496994590958,-10.833821529473644,-6.669324534882686,0.6491500921175716,0.7306357076656629,0.0814856155480913,0.05,0.9243421052631579,0.0,703,2,analytic_nominal_wam
1,mild,predicted_utility,2,0.0903124999999999,-1.487845108556767,-3.9180214233707558,-2.4301763148139885,0.7672152850203908,0.8577364849927402,0.09052119997234942,0.05,0.9243421052631579,0.0,703,2,analytic_nominal_wam
1,mild,predicted_utility,4,0.14751684570312484,-0.04639655217817223,-0.4297721674370735,-0.3833756152589013,0.8307965459069087,0.9218446409743632,0.09104809506745459,0.05,0.9243421052631579,0.0,703,2,analytic_nominal_wam
1,mild,predicted_utility,8,0.19783640031869976,0.6728015312110396,1.2379307815812712,0.5651292503702317,0.8625198569933178,0.9524942170058971,0.0899743600125793,0.05,0.9243421052631579,0.0,703,2,analytic_nominal_wam
1,mild,predicted_utility,16,0.18181259842489692,0.8611255926159626,2.4014324859213794,1.540306893305417,0.8708266961284427,0.9738774219531464,0.10305072582470376,0.05,0.9243421052631579,0.0,703,2,analytic_nominal_wam
1,mild,predicted_utility,32,0.0837224849471119,0.5961260857955886,3.2723302184855037,2.6762041326899153,0.8591377581476969,0.9898830579002594,0.13074529975256255,0.05,0.9243421052631579,0.0,703,2,analytic_nominal_wam
1,mild,predicted_utility,64,0.011922659650711473,0.402646953467973,3.697420619448396,3.294773665980423,0.8506035325354246,0.9976955046985676,0.14709197216314296,0.05,0.9243421052631579,0.0,703,2,analytic_nominal_wam
2,mild,predicted_utility,1,0.0625,-5.24626423921387,-11.032009249298433,-5.785745010084563,0.6533766421342422,0.7218024352173391,0.06842579308309693,0.0625,0.8666666666666667,0.0,703,2,analytic_nominal_wam
2,mild,predicted_utility,2,0.10546875,-1.9857638142818592,-4.190426446193525,-2.204662631911666,0.7868017964545413,0.8551820939902642,0.06838029753572294,0.0625,0.8666666666666667,0.0,703,2,analytic_nominal_wam
2,mild,predicted_utility,4,0.15157067871093755,-0.3970313199680516,-1.1651504349160082,-0.7681191149479567,0.8518153988471601,0.9141611772946404,0.06234577844748035,0.0625,0.8666666666666667,0.0,703,2,analytic_nominal_wam
2,mild,predicted_utility,8,0.16247712770133915,0.1116096202943798,0.03354778139585202,-0.07806183889852779,0.8726298405289312,0.9375303249998806,0.06490048447094943,0.0625,0.8666666666666667,0.0,703,2,analytic_nominal_wam
2,mild,predicted_utility,16,0.10708881020502319,0.04259494381246848,0.8546325100991818,0.8120375662867134,0.8698056440376343,0.9535377320707134,0.08373208803307908,0.0625,0.8666666666666667,0.0,703,2,analytic_nominal_wam
2,mild,predicted_utility,32,0.03308367182886684,-0.23068496516413434,1.719541523359394,1.9502264885235283,0.858622571111459,0.9703995127986934,0.1117769416872344,0.0625,0.8666666666666667,0.0,703,2,analytic_nominal_wam
2,mild,predicted_utility,64,0.0023729582364090908,-0.45124008244042046,2.5644055970378923,3.015645679478313,0.8495970852278514,0.9868705086339847,0.13727342340613335,0.0625,0.8666666666666667,0.0,703,2,analytic_nominal_wam
3,mild,predicted_utility,1,0.050000000000000155,-2.919787308889845,-10.708855669676579,-7.789068360786734,0.6280959216131022,0.7287765597143839,0.1006806381012817,0.05,0.9210526315789473,0.0,703,2,analytic_nominal_wam
3,mild,predicted_utility,2,0.0900000000000003,-0.8688212605081993,-3.556662789014023,-2.6878415285058237,0.7387480562767655,0.863008549431964,0.12426049315519849,0.05,0.9210526315789473,0.0,703,2,analytic_nominal_wam
3,mild,predicted_utility,4,0.14624765625000047,-0.003040206687889099,-0.35248060760145955,-0.3494404009135704,0.785458006366952,0.9231444765252476,0.1376864701582956,0.05,0.9210526315789473,0.0,703,2,analytic_nominal_wam
3,mild,predicted_utility,8,0.19535708328174645,0.42649831482884615,1.0863258406221592,0.659827525793313,0.8086321366084567,0.9501479222636475,0.14151578565519085,0.05,0.9210526315789473,0.0,703,2,analytic_nominal_wam
3,mild,predicted_utility,16,0.18170475940034242,0.6252997613711119,2.1526566008571635,1.5273568394860515,0.8193577185611582,0.9701607633645077,0.1508030448033495,0.05,0.9210526315789473,0.0,703,2,analytic_nominal_wam
3,mild,predicted_utility,32,0.08907187817892417,0.4775716267430418,3.0553769446458245,2.577805317902783,0.8113876044486524,0.9871029725480589,0.17571536809940647,0.05,0.9210526315789473,0.0,703,2,analytic_nominal_wam
3,mild,predicted_utility,64,0.013969305281519245,0.23872937102381986,3.582821609641159,3.344092238617339,0.7985017717143317,0.9970020270100364,0.1985002552957047,0.05,0.9210526315789473,0.0,703,2,analytic_nominal_wam
4,mild,predicted_utility,1,0.025000000000000022,-3.9490262796716324,-11.58758356368784,-7.6385572840162075,0.6070091472442392,0.69685607561918,0.0898469283749408,0.025,0.9038461538461539,0.0,703,2,analytic_nominal_wam
4,mild,predicted_utility,2,0.0446875000000001,-1.6435558505818324,-4.593861873147257,-2.9503060225654245,0.725686191467618,0.8345225874091529,0.10883639594153482,0.025,0.9038461538461539,0.0,703,2,analytic_nominal_wam
4,mild,predicted_utility,4,0.07177231445312515,-0.3948426149695373,-0.6792683823562471,-0.28442576738670977,0.7899653051856745,0.9115786177744784,0.12161331258880381,0.025,0.9038461538461539,0.0,703,2,analytic_nominal_wam
4,mild,predicted_utility,8,0.09451481399662132,0.11008896048205331,1.2131876937516006,1.1030987332695472,0.8159573049760629,0.9488302898085382,0.13287298483247534,0.025,0.9038461538461539,0.0,703,2,analytic_nominal_wam
4,mild,predicted_utility,16,0.08835561147679342,0.21483806060621113,2.4107707841745483,2.1959327235683372,0.8213493991148291,0.9724038739361673,0.15105447482133827,0.025,0.9038461538461539,0.0,703,2,analytic_nominal_wam
4,mild,predicted_utility,32,0.04755620281210346,0.069583216332214,3.269123913791381,3.1995406974591667,0.8138722198979302,0.9892999539443528,0.17542773404642253,0.025,0.9038461538461539,0.0,703,2,analytic_nominal_wam
4,mild,predicted_utility,64,0.009313567521094234,-0.09030221160750479,3.6862042146687286,3.7765064262762333,0.8056419126413903,0.9975098874674093,0.19186797482601903,0.025,0.9038461538461539,0.0,703,2,analytic_nominal_wam
5,mild,predicted_utility,1,0.050000000000000155,-2.613135635979023,-10.599028061706079,-7.985892425727056,0.6272794572878525,0.7419894049809375,0.11470994769308496,0.05,0.8486842105263158,0.0,703,2,analytic_nominal_wam
5,mild,predicted_utility,2,0.08312500000000023,-0.8127998935318621,-3.6569252779970425,-2.8441253844651806,0.7332511013505376,0.8690633985602165,0.1358122972096789,0.05,0.8486842105263158,0.0,703,2,analytic_nominal_wam
5,mild,predicted_utility,4,0.11563046875000038,0.02214265864318691,-0.3488555940402017,-0.37099825268338865,0.7823976204501445,0.9296170433096742,0.1472194228595297,0.05,0.8486842105263158,0.0,703,2,analytic_nominal_wam
5,mild,predicted_utility,8,0.11501712141813322,0.2535682756196349,1.0103509418632628,0.7567826662436279,0.7960198313139247,0.9544970844150332,0.1584772531011085,0.05,0.8486842105263158,0.0,703,2,analytic_nominal_wam
5,mild,predicted_utility,16,0.06387641970213706,0.17288130996901988,1.874919270731847,1.702037960762827,0.7912704225215388,0.9703228584916302,0.17905243597009146,0.05,0.8486842105263158,0.0,703,2,analytic_nominal_wam
5,mild,predicted_utility,32,0.014522580097270192,0.0200282177541945,2.648089633718559,2.6280614159643645,0.7822731598998168,0.9844756085736982,0.20220244867388137,0.05,0.8486842105263158,0.0,703,2,analytic_nominal_wam
5,mild,predicted_utility,64,0.0007060626420466367,-0.1470834580196349,3.2383486314562866,3.3854320894759216,0.7724366063024575,0.9952801976766791,0.2228435913742216,0.05,0.8486842105263158,0.0,703,2,analytic_nominal_wam
6,mild,predicted_utility,1,0.050000000000000044,-3.5191758778640088,-8.586134251629883,-5.066958373765874,0.6658348803934914,0.780731221112969,0.11489634071947763,0.05,0.9276315789473685,0.0,703,2,analytic_nominal_wam
6,mild,predicted_utility,2,0.09062500000000007,-1.4396374219453822,-3.2887244867387753,-1.849087064793393,0.7692978112061862,0.8812737237599269,0.11197591255374062,0.05,0.9276315789473685,0.0,703,2,analytic_nominal_wam
6,mild,predicted_utility,4,0.15077734375000024,-0.3544040568475715,-1.2207942281087094,-0.8663901712611379,0.8232912462634585,0.9205221286841611,0.09723088242070255,0.05,0.9276315789473685,0.0,703,2,analytic_nominal_wam
6,mild,predicted_utility,8,0.21911196300153746,0.26886502847958643,-0.262073690413247,-0.5309387188928334,0.8543006493689229,0.9387182219593658,0.08441757259044291,0.05,0.9276315789473685,0.0,703,2,analytic_nominal_wam
6,mild,predicted_utility,16,0.27163866583295126,0.6323517295459703,0.41153118587209925,-0.22082054367387105,0.8723851427317316,0.9515029456380552,0.07911780290632353,0.05,0.9276315789473685,0.0,703,2,analytic_nominal_wam
6,mild,predicted_utility,32,0.29722698530771396,0.8380698123398124,1.0109422749015853,0.1728724625617729,0.8826202002784878,0.9628795039335417,0.08025930365505396,0.05,0.9276315789473685,0.0,703,2,analytic_nominal_wam
6,mild,predicted_utility,64,0.27081060835288706,0.8638536032909228,1.692641445691357,0.8287878424004342,0.8839030169398826,0.9758178537545826,0.09191483681470003,0.05,0.9276315789473685,0.0,703,2,analytic_nominal_wam
7,mild,predicted_utility,1,0.07500000000000029,-3.028347951312555,-9.994731837335225,-6.96638388602267,0.644487616356532,0.8045148595960891,0.1600272432395572,0.075,0.9369369369369369,0.0,703,2,analytic_nominal_wam
7,mild,predicted_utility,2,0.13562500000000044,-1.046550849383178,-3.9058195198160623,-2.8592686704328845,0.7542434729153358,0.9199016714094647,0.16565819849412888,0.075,0.9369369369369369,0.0,703,2,analytic_nominal_wam
7,mild,predicted_utility,4,0.22419531250000085,0.07293170068142568,-1.4067092882978476,-1.4796409889792732,0.8162426382513603,0.9672605997283018,0.15101796147694146,0.075,0.9369369369369369,0.0,703,2,analytic_nominal_wam
7,mild,predicted_utility,8,0.31948317889719147,0.7214040992875779,-0.5030888664574085,-1.2244929657449863,0.8521563266377594,0.9843844921623628,0.13222816552460337,0.075,0.9369369369369369,0.0,703,2,analytic_nominal_wam
7,mild,predicted_utility,16,0.37471429636023035,1.0142970827326225,-0.11310931050665493,-1.1274063932392775,0.8683773213333202,0.9917747279363421,0.1233974066030219,0.075,0.9369369369369369,0.0,703,2,analytic_nominal_wam
7,mild,predicted_utility,32,0.369368857681078,0.9950952953306906,0.10722973490318011,-0.8878655604275105,0.8673138882393332,0.9959502224486695,0.1286363342093363,0.075,0.9369369369369369,0.0,703,2,analytic_nominal_wam
7,mild,predicted_utility,64,0.30302093262525653,0.7059076065014006,0.23491633442112317,-0.47099127208027747,0.8512981001130822,0.9983699238438227,0.14707182373074057,0.075,0.9369369369369369,0.0,703,2,analytic_nominal_wam
8,mild,predicted_utility,1,0.025000000000000022,-3.3211016212484705,-11.174741724733408,-7.853640103484938,0.6218666920430383,0.7297156977938204,0.10784900575078205,0.025,0.8782051282051282,0.0,703,2,analytic_nominal_wam
8,mild,predicted_utility,2,0.04343750000000002,-1.305721628042858,-3.88292046688717,-2.5771988388443123,0.7276710637421183,0.8604889923000826,0.13281792855796426,0.025,0.8782051282051282,0.0,703,2,analytic_nominal_wam
8,mild,predicted_utility,4,0.06573315429687498,-0.4111118110310739,-0.19997691925856584,0.21113489177250808,0.774636712862316,0.9265397969170664,0.1519030840547505,0.025,0.8782051282051282,0.0,703,2,analytic_nominal_wam
8,mild,predicted_utility,8,0.07602343986017127,-0.10999343376411676,1.5424701770773983,1.6524636108415152,0.7904449677924952,0.957789266594554,0.1673442988020588,0.025,0.8782051282051282,0.0,703,2,analytic_nominal_wam
8,mild,predicted_utility,16,0.052824752685582003,-0.0857987100110199,2.6845163670316348,2.7703150770426546,0.7917151538386795,0.978271000506769,0.18655584666808944,0.025,0.8782051282051282,0.0,703,2,analytic_nominal_wam
8,mild,predicted_utility,32,0.014470696948140672,-0.244543122960944,3.439400947299828,3.6839440702607718,0.7833813145976782,0.9918092840223479,0.20842796942466968,0.025,0.8782051282051282,0.0,703,2,analytic_nominal_wam
8,mild,predicted_utility,64,0.000715938929010366,-0.39264923003792096,3.7682228738647976,4.160872103902719,0.7756059701678909,0.9977064563641037,0.2221004861962128,0.025,0.8782051282051282,0.0,703,2,analytic_nominal_wam
9,mild,predicted_utility,1,0.03750000000000009,-4.009298327792193,-11.865404491374592,-7.8561061635824,0.5612401015367133,0.678541042641682,0.11730094110496869,0.0375,0.9004329004329005,0.0,703,2,analytic_nominal_wam
9,mild,predicted_utility,2,0.06640625000000022,-1.8690309829163436,-5.082159349004549,-3.2131283660882053,0.6961828758836577,0.8267107280103384,0.13052785212668072,0.0375,0.9004329004329005,0.0,703,2,analytic_nominal_wam
9,mild,predicted_utility,4,0.10607619628906301,-0.6086087070402881,-1.670114723454827,-1.061506016414539,0.7756518633270326,0.9012416594481005,0.1255897961210679,0.0375,0.9004329004329005,0.0,703,2,analytic_nominal_wam
9,mild,predicted_utility,8,0.14604649983511078,-0.011201030892829839,-0.19023004664899595,-0.17902901575616612,0.8133181153625584,0.9335674920462133,0.12024937668365487,0.0375,0.9004329004329005,0.0,703,2,analytic_nominal_wam
9,mild,predicted_utility,16,0.1802970272989595,0.24112633445698176,0.7336592432628882,0.4925329088059065,0.8292272282149686,0.9537484500579836,0.12452122184301495,0.0375,0.9004329004329005,0.0,703,2,analytic_nominal_wam
9,mild,predicted_utility,32,0.2279523844808245,0.4369690335694746,1.5600501530103033,1.1230811194408288,0.8415750114099538,0.9717997040697189,0.1302246926597651,0.0375,0.9004329004329005,0.0,703,2,analytic_nominal_wam
9,mild,predicted_utility,64,0.24928742109113158,0.5594053072505841,2.2982380961314353,1.7388327888808512,0.8492945565830308,0.9879242982690342,0.1386297416860034,0.0375,0.9004329004329005,0.0,703,2,analytic_nominal_wam
10,mild,predicted_utility,1,0.06250000000000022,-4.370484365409944,-12.915301502179968,-8.544817136770025,0.6123181729170957,0.6892955049846903,0.0769773320675946,0.0625,0.88,0.0,703,2,analytic_nominal_wam
10,mild,predicted_utility,2,0.10703125000000036,-1.6876194344245232,-5.2736769953623845,-3.5860575609378613,0.7435474693139769,0.8342700046394942,0.09072253532551733,0.0625,0.88,0.0,703,2,analytic_nominal_wam
10,mild,predicted_utility,4,0.15823742675781294,-0.25365681817575575,-1.2717199578125555,-1.0180631396367998,0.8136881249304485,0.910193876408015,0.09650575147756646,0.0625,0.88,0.0,703,2,analytic_nominal_wam
10,mild,predicted_utility,8,0.17859165859191792,0.2374534830074775,0.32188625807011884,0.08443277506264132,0.8377102285157616,0.9404272729309998,0.10271704441523821,0.0625,0.88,0.0,703,2,analytic_nominal_wam
10,mild,predicted_utility,16,0.12781610548231281,0.18460222844946036,1.2036712453643166,1.0190690169148562,0.835125069319248,0.9571562207119387,0.12203115139269072,0.0625,0.88,0.0,703,2,analytic_nominal_wam
10,mild,predicted_utility,32,0.04522160078006614,-0.15088721655261872,2.022945799386349,2.1738330159389676,0.8187149834786491,0.9726992401894452,0.15398425671079607,0.0625,0.88,0.0,703,2,analytic_nominal_wam
10,mild,predicted_utility,64,0.004682033657145252,-0.46963223960547934,2.7952272699858565,3.2648595095913358,0.803123932053682,0.9873507216503508,0.18422678959666872,0.0625,0.88,0.0,703,2,analytic_nominal_wam
11,mild,predicted_utility,1,0.050000000000000044,-3.981047207031596,-10.548476114386315,-6.567428907354719,0.5464302658685192,0.6494583603170034,0.10302809444848426,0.05,0.9046052631578947,0.0,703,2,analytic_nominal_wam
11,mild,predicted_utility,2,0.08843750000000017,-1.5994802788146398,-4.115055963141828,-2.515575684327189,0.6874712322898769,0.8093025056517682,0.12183127336189126,0.05,0.9046052631578947,0.0,703,2,analytic_nominal_wam
11,mild,predicted_utility,4,0.13852504882812522,-0.2628143549453313,-0.6215742812654531,-0.3587599263201218,0.7666311548817522,0.896101219330396,0.12947006444864384,0.05,0.9046052631578947,0.0,703,2,analytic_nominal_wam
11,mild,predicted_utility,8,0.17083592812379966,0.25152699667115536,0.9974682405965507,0.7459412439253954,0.7970914373298161,0.9363277958765603,0.1392363585467442,0.05,0.9046052631578947,0.0,703,2,analytic_nominal_wam
11,mild,predicted_utility,16,0.13253011701299877,0.21588257722981807,2.1730019587727853,1.9571193815429673,0.7949805063683677,0.9655349948588514,0.1705544884904837,0.05,0.9046052631578947,0.0,703,2,analytic_nominal_wam
11,mild,predicted_utility,32,0.04273208158146552,-0.12836139711468794,3.051655707776115,3.1800171048908026,0.774593717212445,0.9873659423568871,0.21277222514444216,0.05,0.9046052631578947,0.0,703,2,analytic_nominal_wam
11,mild,predicted_utility,64,0.0027030444344462662,-0.32106109667241667,3.4590458188084057,3.7801069154808222,0.7631816709950097,0.997487918317558,0.23430624732254834,0.05,0.9046052631578947,0.0,703,2,analytic_nominal_wam
0,mild,predicted_utility,1,0.025000000000000022,-4.872900538796174,-4.826711914926468,0.046188623869706014,0.6175751172229017,0.6771845350056491,0.05960941778274742,0.025,0.8910256410256411,0.0,703,2,learned_wam_lite
0,mild,predicted_utility,2,0.044062500000000004,-2.0941134630793505,-1.7726080277186878,0.3215054353606628,0.7512270610362842,0.8321826679927651,0.08095560695648085,0.025,0.8910256410256411,0.0,703,2,learned_wam_lite
0,mild,predicted_utility,4,0.068482763671875,-0.8210201407789002,-0.26312052421110665,0.5578996165677935,0.812459315449804,0.9087903255747617,0.0963310101249577,0.025,0.8910256410256411,0.0,703,2,learned_wam_lite
0,mild,predicted_utility,8,0.0829293314423169,-0.5232378045818924,0.33328918251670014,0.8565269870985925,0.8267818191111374,0.9390585791942281,0.11227676008309073,0.025,0.8910256410256411,0.0,703,2,learned_wam_lite
0,mild,predicted_utility,16,0.06143413867063914,-0.7234234622911221,0.6993687623106939,1.422792224601816,0.8171534447350628,0.9576374008349856,0.1404839560999228,0.025,0.8910256410256411,0.0,703,2,learned_wam_lite
0,mild,predicted_utility,32,0.017532924481834584,-1.1621803592805064,1.0049770567920864,2.167157416072593,0.7960504560762315,0.9731472580040224,0.17709680192779087,0.025,0.8910256410256411,0.0,703,2,learned_wam_lite
0,mild,predicted_utility,64,0.0008142673842949973,-1.5571157239484823,1.2517832563482283,2.8088989802967106,0.7770551614637768,0.9856728634037201,0.20861770193994322,0.025,0.8910256410256411,0.0,703,2,learned_wam_lite
1,mild,predicted_utility,1,0.04999999999999993,-4.164496994590959,-3.369663002412023,0.7948339921789356,0.6491500921175712,0.7199094400896304,0.07075934797205918,0.05,0.9177631578947368,0.0,703,2,learned_wam_lite
1,mild,predicted_utility,2,0.08968749999999992,-1.4784292707140667,-1.2378575130336613,0.2405717576804054,0.7676306108672224,0.8558878961934988,0.08825728532627641,0.05,0.9177631578947368,0.0,703,2,learned_wam_lite
1,mild,predicted_utility,4,0.14671635742187467,-0.02737355935369544,-0.053710082442225256,-0.026336523088529816,0.831635636462214,0.9314194304790864,0.09978379401687243,0.05,0.9177631578947368,0.0,703,2,learned_wam_lite
1,mild,predicted_utility,8,0.20794650548023053,0.6141864033607272,0.5003006299163278,-0.11388577344439932,0.8599343857884968,0.9667573267866374,0.1068229409981406,0.05,0.9177631578947368,0.0,703,2,learned_wam_lite
1,mild,predicted_utility,16,0.24480728821244177,0.6925126549491879,0.7383355419495822,0.045822887000394275,0.8633893005091586,0.9819405224385729,0.11855122192941425,0.05,0.9177631578947368,0.0,703,2,learned_wam_lite
1,mild,predicted_utility,32,0.22570402393989059,0.2779928718613136,0.8540951240008695,0.5761022521395559,0.8451051304952476,0.9893243148741356,0.14421918437888803,0.05,0.9177631578947368,0.0,703,2,learned_wam_lite
1,mild,predicted_utility,64,0.13294220584793198,-0.5394442849847708,0.9350941354959871,1.474538420480758,0.809048564412626,0.9944908840493831,0.18544231963675717,0.05,0.9177631578947368,0.0,703,2,learned_wam_lite
2,mild,predicted_utility,1,0.0625,-5.246264239213868,-4.588824630383697,0.6574396088301713,0.6533766421342423,0.741750754159975,0.08837411202573275,0.0625,0.976,0.0,703,2,learned_wam_lite
2,mild,predicted_utility,2,0.11828125,-1.943640944602815,-1.8999632846157533,0.043677659987061634,0.7885255350390742,0.8884991660555887,0.09997363101651446,0.0625,0.976,0.0,703,2,learned_wam_lite
2,mild,predicted_utility,4,0.21320158691406255,-0.18890722703402485,-0.6185977230746429,-0.42969049604061804,0.8603321863332634,0.9584315043332197,0.0980993179999563,0.0625,0.976,0.0,703,2,learned_wam_lite
2,mild,predicted_utility,8,0.354602854947911,0.7687343277759695,-0.17718000525708885,-0.9459143330330584,0.8995204873857678,0.982522500759743,0.08300201337397517,0.0625,0.976,0.0,703,2,learned_wam_lite
2,mild,predicted_utility,16,0.5285667205610174,1.5085159379273725,-0.017819800832108573,-1.5263357387594811,0.9297935935454852,0.9912198093641953,0.061426215818710106,0.0625,0.976,0.0,703,2,learned_wam_lite
2,mild,predicted_utility,32,0.7052456281660344,2.1866820237366325,0.06620704390097645,-2.120474979835656,0.9575452889484326,0.9958056932888487,0.03826040434041611,0.0625,0.976,0.0,703,2,learned_wam_lite
2,mild,predicted_utility,64,0.8606537143260038,2.7508950590097796,0.11358039655239122,-2.6373146624573884,0.9806338341070837,0.998391161029202,0.01775732692211829,0.0625,0.976,0.0,703,2,learned_wam_lite
3,mild,predicted_utility,1,0.050000000000000044,-2.9197873088898456,-3.1925011991411774,-0.27271389025133175,0.628095921613102,0.721152090948831,0.09305616933572902,0.05,0.9736842105263158,0.0,703,2,learned_wam_lite
3,mild,predicted_utility,2,0.09499999999999997,-0.783266909477588,-1.1429337371866213,-0.35966682770903324,0.7433638184824694,0.8620070899948193,0.11864327151234999,0.05,0.9736842105263158,0.0,703,2,learned_wam_lite
3,mild,predicted_utility,4,0.1718609375000002,0.2978066567479227,-0.13242496681407354,-0.4302316235619963,0.801689063761738,0.9314535534701178,0.12976448970837984,0.05,0.9736842105263158,0.0,703,2,learned_wam_lite
3,mild,predicted_utility,8,0.2837428908678439,1.0543238932375447,0.37926481700341064,-0.6750590762341341,0.8425040968499187,0.9666190531910785,0.12411495634115988,0.05,0.9736842105263158,0.0,703,2,learned_wam_lite
3,mild,predicted_utility,16,0.4001977966055864,1.6433437578823877,0.6606911499870547,-0.982652607895333,0.8742824412226513,0.9859598685581046,0.11167742733545327,0.05,0.9736842105263158,0.0,703,2,learned_wam_lite
3,mild,predicted_utility,32,0.44770943742811786,1.8054905280353981,0.7887959630075068,-1.0166945650278914,0.8830304584121148,0.9947637765292892,0.11173331811717435,0.05,0.9736842105263158,0.0,703,2,learned_wam_lite
3,mild,predicted_utility,64,0.37366833385645537,1.4487489963198104,0.8378690047044779,-0.6108799916153325,0.8637838150858331,0.9981362848119972,0.1343524697261641,0.05,0.9736842105263158,0.0,703,2,learned_wam_lite
4,mild,predicted_utility,1,0.02499999999999991,-3.949026279671634,-4.3922777173436245,-0.44325143767199027,0.6070091472442389,0.6823743941241006,0.07536524687986168,0.025,0.9487179487179487,0.0,703,2,learned_wam_lite
4,mild,predicted_utility,2,0.04687499999999989,-1.6235268180370146,-1.9526554217818897,-0.32912860374487507,0.726717211580078,0.8349614029390946,0.10824419135901664,0.025,0.9487179487179487,0.0,703,2,learned_wam_lite
4,mild,predicted_utility,4,0.08241210937499976,-0.2612170231694947,-0.5241768477322277,-0.26295982456273304,0.7968438537314868,0.9243060827147632,0.12746222898327642,0.025,0.9487179487179487,0.0,703,2,learned_wam_lite
4,mild,predicted_utility,8,0.12745860055160474,0.394151274747377,0.13859669015809767,-0.2555545845892793,0.8305797765579562,0.9657594797641332,0.135179703206177,0.025,0.9487179487179487,0.0,703,2,learned_wam_lite
4,mild,predicted_utility,16,0.15287158464431833,0.6998236974031063,0.43024319742139255,-0.2695804999817138,0.846314656157216,0.9840006100635263,0.13768595390631033,0.025,0.9487179487179487,0.0,703,2,learned_wam_lite
4,mild,predicted_utility,32,0.11119600117037542,0.7063211811596568,0.5672217066223896,-0.13909947453726723,0.8466491224584911,0.9925679776551989,0.14591885519670778,0.025,0.9487179487179487,0.0,703,2,learned_wam_lite
4,mild,predicted_utility,64,0.030715334228843108,0.5761991641586772,0.6371469005447179,0.060947736386040674,0.8399509249144188,0.9969414727658261,0.1569905478514073,0.025,0.9487179487179487,0.0,703,2,learned_wam_lite
5,mild,predicted_utility,1,0.04999999999999982,-2.613135635979022,-3.5758563062001874,-0.9627206702211653,0.6272794572878526,0.7467178580593613,0.11943840077150869,0.05,0.9276315789473685,0.0,703,2,learned_wam_lite
5,mild,predicted_utility,2,0.09062499999999973,-0.7360234877563351,-1.3370326511856407,-0.6010091634293057,0.7377703261559051,0.8782169772348374,0.14044665107893228,0.05,0.9276315789473685,0.0,703,2,learned_wam_lite
5,mild,predicted_utility,4,0.14966406249999953,0.2960100853409159,-0.20490782693774554,-0.5009179122786614,0.798518047756068,0.9447132449742998,0.1461951972182317,0.05,0.9276315789473685,0.0,703,2,learned_wam_lite
5,mild,predicted_utility,8,0.2081343918641083,0.8495548037864465,0.25902114802532117,-0.5905336557611254,0.8311008835532143,0.971962488759527,0.14086160520631263,0.05,0.9276315789473685,0.0,703,2,learned_wam_lite
5,mild,predicted_utility,16,0.2143002545286142,1.0656333050533284,0.46326873732766094,-0.6023645677256675,0.8438197300916535,0.9839591362073126,0.14013940611565912,0.05,0.9276315789473685,0.0,703,2,learned_wam_lite
5,mild,predicted_utility,32,0.13232966783689568,0.8556792062329003,0.5632770822189737,-0.2924021240139266,0.831461379087936,0.9898332072776038,0.15837182818966777,0.05,0.9276315789473685,0.0,703,2,learned_wam_lite
5,mild,predicted_utility,64,0.032405321921927514,0.4691259745041564,0.6310629121824548,0.16193693767829842,0.8087080223010747,0.9938146628571047,0.18510664055603,0.05,0.9276315789473685,0.0,703,2,learned_wam_lite
6,mild,predicted_utility,1,0.04999999999999993,-3.519175877864009,-3.4238691571289737,0.09530672073503554,0.6658348803934914,0.7870503932093467,0.1212155128158553,0.05,0.9605263157894737,0.0,703,2,learned_wam_lite
6,mild,predicted_utility,2,0.09374999999999989,-1.4377568137243308,-1.261160555842141,0.1765962578821898,0.7693913767941208,0.9024606830265308,0.13306930623240998,0.05,0.9605263157894737,0.0,703,2,learned_wam_lite
6,mild,predicted_utility,4,0.16544648437499976,-0.3250764162213145,-0.3118795875784387,0.013196828642875802,0.8247503794881306,0.9531178966705989,0.1283675171824683,0.05,0.9605263157894737,0.0,703,2,learned_wam_lite
6,mild,predicted_utility,8,0.2619849468322559,0.3824079999193156,0.09109278358432284,-0.2913152163349928,0.8599497339361746,0.974622022615509,0.11467228867933443,0.05,0.9605263157894737,0.0,703,2,learned_wam_lite
6,mild,predicted_utility,16,0.35307273097048997,0.854943937088938,0.30438010962628825,-0.5505638274626498,0.8834597357996871,0.9860038389629306,0.10254410316324358,0.05,0.9605263157894737,0.0,703,2,learned_wam_lite
6,mild,predicted_utility,32,0.42381967114679897,1.1669518534453984,0.4291299519708143,-0.7378219014745842,0.8989830137516408,0.9926609611711944,0.0936779474195536,0.05,0.9605263157894737,0.0,703,2,learned_wam_lite
6,mild,predicted_utility,64,0.5678272560104985,1.7112587086583408,0.5025122852633346,-1.2087464233950063,0.9260638221596271,0.9965769193117002,0.0705130971520731,0.05,0.9605263157894737,0.0,703,2,learned_wam_lite
7,mild,predicted_utility,1,0.07500000000000018,-3.028347951312555,-3.6074723124785053,-0.5791243611659502,0.6444876163565321,0.7726794376693961,0.128191821312864,0.075,0.9346846846846847,0.0,703,2,learned_wam_lite
7,mild,predicted_utility,2,0.13531250000000028,-1.049052980767908,-1.2640717019115857,-0.2150187211436776,0.7541048999135453,0.9000434599563231,0.14593856004277772,0.075,0.9346846846846847,0.0,703,2,learned_wam_lite
7,mild,predicted_utility,4,0.22538706054687524,0.07496796083666804,-0.17876550780491676,-0.2537334686415848,0.8163554103798986,0.9590299438170152,0.14267453343711667,0.075,0.9346846846846847,0.0,703,2,learned_wam_lite
7,mild,predicted_utility,8,0.3378408207053748,0.7922408663393865,0.24572635142974059,-0.546514514909646,0.856079407379001,0.9821011124325694,0.12602170505356836,0.075,0.9346846846846847,0.0,703,2,learned_wam_lite
7,mild,predicted_utility,16,0.46265611661994543,1.3557530701552025,0.43210972962071337,-0.9236433405344892,0.8872878315667905,0.9922310648729612,0.10494323330617072,0.075,0.9346846846846847,0.0,703,2,learned_wam_lite
7,mild,predicted_utility,32,0.5962551373698283,1.8585570148649633,0.5246483132285383,-1.333908701636425,0.9151341118843059,0.9972605447544128,0.0821264328701069,0.075,0.9346846846846847,0.0,703,2,learned_wam_lite
7,mild,predicted_utility,64,0.7139428728598018,2.28222364235128,0.5613791686665633,-1.7208444736847164,0.9385976105188889,0.9992568698682374,0.06065925934934846,0.075,0.9346846846846847,0.0,703,2,learned_wam_lite
8,mild,predicted_utility,1,0.02499999999999991,-3.321101621248472,-3.105198193037198,0.21590342821127395,0.6218666920430383,0.7177939048419478,0.09592721279890948,0.025,0.9935897435897436,0.0,703,2,learned_wam_lite
8,mild,predicted_utility,2,0.04906249999999979,-1.2429718601488702,-0.9757547210246464,0.26721713912422373,0.7309653307233671,0.8552611157696198,0.12429578504625272,0.025,0.9935897435897436,0.0,703,2,learned_wam_lite
8,mild,predicted_utility,4,0.09452963867187458,-0.1830218186633378,0.14750330186354862,0.33052512052688643,0.7866110891162605,0.927773558381039,0.1411624692647785,0.025,0.9935897435897436,0.0,703,2,learned_wam_lite
8,mild,predicted_utility,8,0.17582825972371885,0.45609332966818494,0.6591865160221714,0.20309318635398643,0.8201636583292875,0.9608055055791557,0.14064184724986817,0.025,0.9935897435897436,0.0,703,2,learned_wam_lite
8,mild,predicted_utility,16,0.30670571238818156,1.107298152322366,0.9328436992339783,-0.1744544530883877,0.8543509169805681,0.9784715719579434,0.12412065497737534,0.025,0.9935897435897436,0.0,703,2,learned_wam_lite
8,mild,predicted_utility,32,0.48182762694428266,1.7702780298178553,1.0912756160786952,-0.6790024137391601,0.8891563480278273,0.9886992178273049,0.09954286979947757,0.025,0.9935897435897436,0.0,703,2,learned_wam_lite
8,mild,predicted_utility,64,0.6641365632163536,2.3409599286368317,1.1868412538435034,-1.1541186747933283,0.919116276154602,0.9948685018945811,0.07575222573997908,0.025,0.9935897435897436,0.0,703,2,learned_wam_lite
9,mild,predicted_utility,1,0.03750000000000009,-4.009298327792194,-5.068664434051028,-1.0593661062588344,0.5612401015367132,0.6839510031298495,0.12271090159313625,0.0375,0.8744588744588745,0.0,703,2,learned_wam_lite
9,mild,predicted_utility,2,0.06453125000000026,-1.880114570412815,-2.1593449262469178,-0.2792303558341027,0.6954840612939421,0.8508572621476368,0.15537320085369466,0.0375,0.8744588744588745,0.0,703,2,learned_wam_lite
9,mild,predicted_utility,4,0.09677854003906278,-0.6537952075037421,-0.601288202173208,0.052507005330534096,0.7728028773112592,0.9402422260387057,0.16743934872744648,0.0375,0.8744588744588745,0.0,703,2,learned_wam_lite
9,mild,predicted_utility,8,0.11437460267856664,-0.14137296748998981,-0.013908169098757937,0.12746479839123187,0.8051108405524321,0.9739399356505994,0.16882909509816735,0.0375,0.8744588744588745,0.0,703,2,learned_wam_lite
9,mild,predicted_utility,16,0.09462503955892894,-0.08175128293349884,0.1944119050851542,0.276163188018653,0.8088699576293493,0.9858911579783899,0.17702120034904056,0.0375,0.8744588744588745,0.0,703,2,learned_wam_lite
9,mild,predicted_utility,32,0.047869834508308035,-0.2246603884258107,0.3051286770377585,0.5297890654635692,0.7998596107580843,0.9922429258634794,0.19238331510539508,0.0375,0.8744588744588745,0.0,703,2,learned_wam_lite
9,mild,predicted_utility,64,0.009313966125513301,-0.3463510640170696,0.38198802779674695,0.7283390918138166,0.7921870751677276,0.9966523098006191,0.20446523463289157,0.0375,0.8744588744588745,0.0,703,2,learned_wam_lite
10,mild,predicted_utility,1,0.0625,-4.3704843654099435,-4.4659114792616315,-0.095427113851688,0.6123181729170957,0.6796833950507127,0.06736522213361706,0.0625,0.9306666666666666,0.0,703,2,learned_wam_lite
10,mild,predicted_utility,2,0.11296874999999995,-1.6500106813194686,-1.924880657544984,-0.27486997622551534,0.7453870588331286,0.8395529279336585,0.09416586910052993,0.0625,0.9306666666666666,0.0,703,2,learned_wam_lite
10,mild,predicted_utility,4,0.19062106933593748,-0.07482958689095365,-0.48917377352209634,-0.4143441866311427,0.8224352562030941,0.9298807535326046,0.10744549732951048,0.0625,0.9306666666666666,0.0,703,2,learned_wam_lite
10,mild,predicted_utility,8,0.30107508872632915,0.7790554724495895,0.11428928876439257,-0.6647661836851969,0.8642020757872282,0.9678477695386035,0.10364569375137533,0.0625,0.9306666666666666,0.0,703,2,learned_wam_lite
10,mild,predicted_utility,16,0.4686957828660301,1.4969574145153093,0.3672695598368447,-1.1296878546784646,0.8993174353609342,0.9837640809108644,0.0844466455499302,0.0625,0.9306666666666666,0.0,703,2,learned_wam_lite
10,mild,predicted_utility,32,0.7061828247919406,2.337778010941338,0.48956573783625223,-1.8482122731050858,0.94044522155346,0.9914583728033675,0.05101315124990746,0.0625,0.9306666666666666,0.0,703,2,learned_wam_lite
10,mild,predicted_utility,64,0.9133747483888842,3.025219829644748,0.5588050420285611,-2.466414787616187,0.9740706587271106,0.9958145793962834,0.021743920669172745,0.0625,0.9306666666666666,0.0,703,2,learned_wam_lite
11,mild,predicted_utility,1,0.050000000000000044,-3.981047207031594,-3.8593809417317932,0.12166626529980062,0.5464302658685194,0.6211805704627072,0.07475030459418786,0.05,0.9506578947368421,0.0,703,2,learned_wam_lite
11,mild,predicted_utility,2,0.09281249999999996,-1.5692610598180003,-1.5354116225660313,0.033849437251969094,0.6892608724638676,0.7931229268124232,0.10386205434855567,0.05,0.9506578947368421,0.0,703,2,learned_wam_lite
11,mild,predicted_utility,4,0.160744482421875,-0.15868774721255874,-0.18587133125650962,-0.02718358404395088,0.772797732528933,0.892970689759628,0.12017295723069499,0.05,0.9506578947368421,0.0,703,2,learned_wam_lite
11,mild,predicted_utility,8,0.245866749947795,0.48362605388701885,0.4021955159007265,-0.08143053798629235,0.8108367891598904,0.9364796976271071,0.1256429084672167,0.05,0.9506578947368421,0.0,703,2,learned_wam_lite
11,mild,predicted_utility,16,0.30726738053144437,0.6584305311290652,0.6990745329254867,0.04064400179642147,0.8211890459505308,0.958444737060738,0.1372556911102072,0.05,0.9506578947368421,0.0,703,2,learned_wam_lite
11,mild,predicted_utility,32,0.28534120449272116,0.3274647729444876,0.905132020406206,0.5776672474617184,0.8015886182515795,0.9736902093863603,0.17210159113478085,0.05,0.9506578947368421,0.0,703,2,learned_wam_lite
11,mild,predicted_utility,64,0.16438270783750433,-0.47359210404920343,1.0761638425599311,1.5497559466091346,0.7541484918578808,0.9863442553194854,0.23219576346160464,0.05,0.9506578947368421,0.0,703,2,learned_wam_lite
0,mild,predicted_utility,1,0.025000000000000022,-4.8729005387961735,-4.8729005387961735,0.0,0.6175751172229017,0.6175751172229017,0.0,0.025,1.0,0.0,703,2,oracle_true_dynamics
0,mild,predicted_utility,2,0.04937500000000006,-2.0314774915031233,-2.0314774915031233,0.0,0.7542396773777658,0.7542396773777658,0.0,0.025,1.0,0.0,703,2,oracle_true_dynamics
0,mild,predicted_utility,4,0.09631210937500012,-0.5577070646159542,-0.5577070646159542,0.0,0.8251239433978019,0.8251239433978019,0.0,0.025,1.0,0.0,703,2,oracle_true_dynamics
0,mild,predicted_utility,8,0.18334819633773813,0.22514186562046273,0.22514186562046273,0.0,0.8627768035800933,0.8627768035800933,0.0,0.025,1.0,0.0,703,2,oracle_true_dynamics
0,mild,predicted_utility,16,0.3330798315751746,0.9251442940058097,0.9251442940058097,0.0,0.8964449770235933,0.8964449770235933,0.0,0.025,1.0,0.0,703,2,oracle_true_dynamics
0,mild,predicted_utility,32,0.5552174889482024,1.7047656345446565,1.7047656345446565,0.0,0.9339425991019358,0.9339425991019358,0.0,0.025,1.0,0.0,703,2,oracle_true_dynamics
0,mild,predicted_utility,64,0.8021685178624576,2.4736324165488575,2.4736324165488575,0.0,0.9709229567717992,0.9709229567717992,0.0,0.025,1.0,0.0,703,2,oracle_true_dynamics
1,mild,predicted_utility,1,0.050000000000000044,-4.164496994590958,-4.164496994590958,0.0,0.6491500921175715,0.6491500921175715,0.0,0.05,1.0,0.0,703,2,oracle_true_dynamics
1,mild,predicted_utility,2,0.09750000000000003,-1.4146974944225916,-1.4146974944225916,0.0,0.770441773761117,0.770441773761117,0.0,0.05,1.0,0.0,703,2,oracle_true_dynamics
1,mild,predicted_utility,4,0.18549375000000012,0.2054521776078324,0.2054521776078324,0.0,0.8419054125547007,0.8419054125547007,0.0,0.05,1.0,0.0,703,2,oracle_true_dynamics
1,mild,predicted_utility,8,0.33657956871093775,1.2905490346591457,1.2905490346591457,0.0,0.8897682558383008,0.8897682558383008,0.0,0.05,1.0,0.0,703,2,oracle_true_dynamics
1,mild,predicted_utility,16,0.5598733313482347,2.2464743712939774,2.2464743712939774,0.0,0.9319334360992663,0.9319334360992663,0.0,0.05,1.0,0.0,703,2,oracle_true_dynamics
1,mild,predicted_utility,32,0.8062885155414992,3.087789149100905,3.087789149100905,0.0,0.9690432268987483,0.9690432268987483,0.0,0.05,1.0,0.0,703,2,oracle_true_dynamics
1,mild,predicted_utility,64,0.9624758607888839,3.601325955017255,3.601325955017255,0.0,0.9916949666970993,0.9916949666970993,0.0,0.05,1.0,0.0,703,2,oracle_true_dynamics
2,mild,predicted_utility,1,0.0625,-5.24626423921387,-5.24626423921387,0.0,0.6533766421342424,0.6533766421342424,0.0,0.0625,1.0,0.0,703,2,oracle_true_dynamics
2,mild,predicted_utility,2,0.12109375,-1.9215656481438466,-1.9215656481438466,0.0,0.7894288932518753,0.7894288932518753,0.0,0.0625,1.0,0.0,703,2,oracle_true_dynamics
2,mild,predicted_utility,4,0.2275238037109375,-0.1038674263445537,-0.1038674263445537,0.0,0.8638121578258591,0.8638121578258591,0.0,0.0625,1.0,0.0,703,2,oracle_true_dynamics
2,mild,predicted_utility,8,0.4032805261667818,0.9889105421037503,0.9889105421037503,0.0,0.908530467924248,0.908530467924248,0.0,0.0625,1.0,0.0,703,2,oracle_true_dynamics
2,mild,predicted_utility,16,0.6439258695482072,1.924161571061728,1.924161571061728,0.0,0.9468025110476709,0.9468025110476709,0.0,0.0625,1.0,0.0,703,2,oracle_true_dynamics
2,mild,predicted_utility,32,0.8732112136229996,2.714006642513997,2.714006642513997,0.0,0.9791242981395539,0.9791242981395539,0.0,0.0625,1.0,0.0,703,2,oracle_true_dynamics
2,mild,predicted_utility,64,0.9839246036490474,3.1190151797072785,3.1190151797072785,0.0,0.9956979278078215,0.9956979278078215,0.0,0.0625,1.0,0.0,703,2,oracle_true_dynamics
3,mild,predicted_utility,1,0.050000000000000044,-2.9197873088898447,-2.9197873088898447,0.0,0.6280959216131021,0.6280959216131021,0.0,0.05,1.0,0.0,703,2,oracle_true_dynamics
3,mild,predicted_utility,2,0.09750000000000003,-0.7347920998999443,-0.7347920998999443,0.0,0.7459790939334762,0.7459790939334762,0.0,0.05,1.0,0.0,703,2,oracle_true_dynamics
3,mild,predicted_utility,4,0.18549375000000012,0.43556344294191485,0.43556344294191485,0.0,0.8091212113922652,0.8091212113922652,0.0,0.05,1.0,0.0,703,2,oracle_true_dynamics
3,mild,predicted_utility,8,0.33657956871093775,1.3495838999982843,1.3495838999982843,0.0,0.8584337364725071,0.8584337364725071,0.0,0.05,1.0,0.0,703,2,oracle_true_dynamics
3,mild,predicted_utility,16,0.5598733313482347,2.3033248960757957,2.3033248960757957,0.0,0.9098892333665188,0.9098892333665188,0.0,0.05,1.0,0.0,703,2,oracle_true_dynamics
3,mild,predicted_utility,32,0.8062885155414992,3.183476695272271,3.183476695272271,0.0,0.9573745028013796,0.9573745028013796,0.0,0.05,1.0,0.0,703,2,oracle_true_dynamics
3,mild,predicted_utility,64,0.9624758607888839,3.73941128597406,3.73941128597406,0.0,0.9873678560521868,0.9873678560521868,0.0,0.05,1.0,0.0,703,2,oracle_true_dynamics
4,mild,predicted_utility,1,0.025000000000000022,-3.9490262796716338,-3.9490262796716338,0.0,0.607009147244239,0.607009147244239,0.0,0.025,1.0,0.0,703,2,oracle_true_dynamics
4,mild,predicted_utility,2,0.04937500000000006,-1.5848475294317548,-1.5848475294317548,0.0,0.7287082775189057,0.7287082775189057,0.0,0.025,1.0,0.0,703,2,oracle_true_dynamics
4,mild,predicted_utility,4,0.09631210937500012,-0.1920152797644141,-0.1920152797644141,0.0,0.8004061021380566,0.8004061021380566,0.0,0.025,1.0,0.0,703,2,oracle_true_dynamics
4,mild,predicted_utility,8,0.18334819633773813,0.6255575523210595,0.6255575523210595,0.0,0.8424917111855549,0.8424917111855549,0.0,0.025,1.0,0.0,703,2,oracle_true_dynamics
4,mild,predicted_utility,16,0.3330798315751746,1.364755954861023,1.364755954861023,0.0,0.8805428960548923,0.8805428960548923,0.0,0.025,1.0,0.0,703,2,oracle_true_dynamics
4,mild,predicted_utility,32,0.5552174889482024,2.2156765500184448,2.2156765500184448,0.0,0.9243451239333692,0.9243451239333692,0.0,0.025,1.0,0.0,703,2,oracle_true_dynamics
4,mild,predicted_utility,64,0.8021685178624576,3.0435815783005102,3.0435815783005102,0.0,0.9669625960182222,0.9669625960182222,0.0,0.025,1.0,0.0,703,2,oracle_true_dynamics
5,mild,predicted_utility,1,0.050000000000000044,-2.6131356359790234,-2.6131356359790234,0.0,0.6272794572878528,0.6272794572878528,0.0,0.05,1.0,0.0,703,2,oracle_true_dynamics
5,mild,predicted_utility,2,0.09750000000000003,-0.6831722531813924,-0.6831722531813924,0.0,0.7408812637919241,0.7408812637919241,0.0,0.05,1.0,0.0,703,2,oracle_true_dynamics
5,mild,predicted_utility,4,0.18549375000000012,0.49117354525614326,0.49117354525614326,0.0,0.8100057898591418,0.8100057898591418,0.0,0.05,1.0,0.0,703,2,oracle_true_dynamics
5,mild,predicted_utility,8,0.33657956871093775,1.3623539891143088,1.3623539891143088,0.0,0.861285349406974,0.861285349406974,0.0,0.05,1.0,0.0,703,2,oracle_true_dynamics
5,mild,predicted_utility,16,0.5598733313482347,2.2289513989088525,2.2289513989088525,0.0,0.9122951416869202,0.9122951416869202,0.0,0.05,1.0,0.0,703,2,oracle_true_dynamics
5,mild,predicted_utility,32,0.8062885155414992,3.0359478019108432,3.0359478019108432,0.0,0.9597966901828414,0.9597966901828414,0.0,0.05,1.0,0.0,703,2,oracle_true_dynamics
5,mild,predicted_utility,64,0.9624758607888839,3.538456351527295,3.538456351527295,0.0,0.9893754270277961,0.9893754270277961,0.0,0.05,1.0,0.0,703,2,oracle_true_dynamics
6,mild,predicted_utility,1,0.050000000000000044,-3.5191758778640083,-3.5191758778640083,0.0,0.6658348803934914,0.6658348803934914,0.0,0.05,1.0,0.0,703,2,oracle_true_dynamics
6,mild,predicted_utility,2,0.09750000000000003,-1.4037746069799188,-1.4037746069799188,0.0,0.7710820878724629,0.7710820878724629,0.0,0.05,1.0,0.0,703,2,oracle_true_dynamics
6,mild,predicted_utility,4,0.18549375000000012,-0.19601976473989993,-0.19601976473989993,0.0,0.8311713135973973,0.8311713135973973,0.0,0.05,1.0,0.0,703,2,oracle_true_dynamics
6,mild,predicted_utility,8,0.33657956871093775,0.7374876662074195,0.7374876662074195,0.0,0.8776159534963858,0.8776159534963858,0.0,0.05,1.0,0.0,703,2,oracle_true_dynamics
6,mild,predicted_utility,16,0.5598733313482347,1.6587254174142032,1.6587254174142032,0.0,0.9234501420606197,0.9234501420606197,0.0,0.05,1.0,0.0,703,2,oracle_true_dynamics
6,mild,predicted_utility,32,0.8062885155414992,2.502931658169465,2.502931658169465,0.0,0.9654517947015289,0.9654517947015289,0.0,0.05,1.0,0.0,703,2,oracle_true_dynamics
6,mild,predicted_utility,64,0.9624758607888839,3.0241001228936497,3.0241001228936497,0.0,0.9913814026171937,0.9913814026171937,0.0,0.05,1.0,0.0,703,2,oracle_true_dynamics
7,mild,predicted_utility,1,0.07499999999999996,-3.028347951312555,-3.028347951312555,0.0,0.6444876163565318,0.6444876163565318,0.0,0.075,1.0,0.0,703,2,oracle_true_dynamics
7,mild,predicted_utility,2,0.14437499999999992,-1.0023339397406323,-1.0023339397406323,0.0,0.7566922931237595,0.7566922931237595,0.0,0.075,1.0,0.0,703,2,oracle_true_dynamics
7,mild,predicted_utility,4,0.2679058593749999,0.26725220430890795,0.26725220430890795,0.0,0.8270044933887044,0.8270044933887044,0.0,0.075,1.0,0.0,703,2,oracle_true_dynamics
7,mild,predicted_utility,8,0.4640381692625425,1.2939527271437652,1.2939527271437652,0.0,0.8838652059224978,0.8838652059224978,0.0,0.075,1.0,0.0,703,2,oracle_true_dynamics
7,mild,predicted_utility,16,0.712744915992553,2.258569867111031,2.258569867111031,0.0,0.9372876175030471,0.9372876175030471,0.0,0.075,1.0,0.0,703,2,oracle_true_dynamics
7,mild,predicted_utility,32,0.9174845167118745,2.9875141743628766,2.9875141743628766,0.0,0.977657999893959,0.977657999893959,0.0,0.075,1.0,0.0,703,2,oracle_true_dynamics
7,mild,predicted_utility,64,0.9931911950177271,3.303195354780102,3.303195354780102,0.0,0.9951410501630583,0.9951410501630583,0.0,0.075,1.0,0.0,703,2,oracle_true_dynamics
8,mild,predicted_utility,1,0.025000000000000022,-3.3211016212484723,-3.3211016212484723,0.0,0.6218666920430383,0.6218666920430383,0.0,0.025,1.0,0.0,703,2,oracle_true_dynamics
8,mild,predicted_utility,2,0.04937500000000006,-1.202861192821732,-1.202861192821732,0.0,0.7330710794999185,0.7330710794999185,0.0,0.025,1.0,0.0,703,2,oracle_true_dynamics
8,mild,predicted_utility,4,0.09631210937500012,-0.07690768281551455,-0.07690768281551455,0.0,0.7921819191878203,0.7921819191878203,0.0,0.025,1.0,0.0,703,2,oracle_true_dynamics
8,mild,predicted_utility,8,0.18334819633773813,0.6472493748646803,0.6472493748646803,0.0,0.8301990587632903,0.8301990587632903,0.0,0.025,1.0,0.0,703,2,oracle_true_dynamics
8,mild,predicted_utility,16,0.3330798315751746,1.4191479937513631,1.4191479937513631,0.0,0.8707225573898648,0.8707225573898648,0.0,0.025,1.0,0.0,703,2,oracle_true_dynamics
8,mild,predicted_utility,32,0.5552174889482024,2.2921454944085586,2.2921454944085586,0.0,0.9165535929083752,0.9165535929083752,0.0,0.025,1.0,0.0,703,2,oracle_true_dynamics
8,mild,predicted_utility,64,0.8021685178624576,3.1308040071477627,3.1308040071477627,0.0,0.9605818840046458,0.9605818840046458,0.0,0.025,1.0,0.0,703,2,oracle_true_dynamics
9,mild,predicted_utility,1,0.03749999999999998,-4.009298327792193,-4.009298327792193,0.0,0.5612401015367133,0.5612401015367133,0.0,0.0375,1.0,0.0,703,2,oracle_true_dynamics
9,mild,predicted_utility,2,0.0735937499999999,-1.8405344349967012,-1.8405344349967012,0.0,0.6979795688270852,0.6979795688270852,0.0,0.0375,1.0,0.0,703,2,oracle_true_dynamics
9,mild,predicted_utility,4,0.14177145996093743,-0.47226488805598643,-0.47226488805598643,0.0,0.7842482722022364,0.7842482722022364,0.0,0.0375,1.0,0.0,703,2,oracle_true_dynamics
9,mild,predicted_utility,8,0.2634437730624192,0.4154086778775312,0.4154086778775312,0.0,0.8402156418807484,0.8402156418807484,0.0,0.0375,1.0,0.0,703,2,oracle_true_dynamics
9,mild,predicted_utility,16,0.45748492455947487,1.1888750199047053,1.1888750199047053,0.0,0.8889823038153039,0.8889823038153039,0.0,0.0375,1.0,0.0,703,2,oracle_true_dynamics
9,mild,predicted_utility,32,0.7056773929197614,1.9772593262974438,1.9772593262974438,0.0,0.9386895358631762,0.9386895358631762,0.0,0.0375,1.0,0.0,703,2,oracle_true_dynamics
9,mild,predicted_utility,64,0.9133742029614915,2.6087181427329265,2.6087181427329265,0.0,0.9785026950835187,0.9785026950835187,0.0,0.0375,1.0,0.0,703,2,oracle_true_dynamics
10,mild,predicted_utility,1,0.0625,-4.370484365409944,-4.370484365409944,0.0,0.6123181729170956,0.6123181729170956,0.0,0.0625,1.0,0.0,703,2,oracle_true_dynamics
10,mild,predicted_utility,2,0.12109375,-1.6065368318796125,-1.6065368318796125,0.0,0.747513532889935,0.747513532889935,0.0,0.0625,1.0,0.0,703,2,oracle_true_dynamics
10,mild,predicted_utility,4,0.2275238037109375,0.08992290843437398,0.08992290843437398,0.0,0.8304939377235355,0.8304939377235355,0.0,0.0625,1.0,0.0,703,2,oracle_true_dynamics
10,mild,predicted_utility,8,0.4032805261667818,1.188073336006481,1.188073336006481,0.0,0.8842087208584773,0.8842087208584773,0.0,0.0625,1.0,0.0,703,2,oracle_true_dynamics
10,mild,predicted_utility,16,0.6439258695482072,2.1454515541444077,2.1454515541444077,0.0,0.9310377909696563,0.9310377909696563,0.0,0.0625,1.0,0.0,703,2,oracle_true_dynamics
10,mild,predicted_utility,32,0.8732112136229996,2.92610180604941,2.92610180604941,0.0,0.9692224129781575,0.9692224129781575,0.0,0.0625,1.0,0.0,703,2,oracle_true_dynamics
10,mild,predicted_utility,64,0.9839246036490474,3.3420692130949172,3.3420692130949172,0.0,0.9895689870900966,0.9895689870900966,0.0,0.0625,1.0,0.0,703,2,oracle_true_dynamics
11,mild,predicted_utility,1,0.050000000000000044,-3.981047207031595,-3.981047207031595,0.0,0.5464302658685194,0.5464302658685194,0.0,0.05,1.0,0.0,703,2,oracle_true_dynamics
11,mild,predicted_utility,2,0.09750000000000003,-1.524856506116328,-1.524856506116328,0.0,0.6918905953968619,0.6918905953968619,0.0,0.05,1.0,0.0,703,2,oracle_true_dynamics
11,mild,predicted_utility,4,0.18549375000000012,0.028958207663455665,0.028958207663455665,0.0,0.7839104862824404,0.7839104862824404,0.0,0.05,1.0,0.0,703,2,oracle_true_dynamics
11,mild,predicted_utility,8,0.33657956871093775,1.0592915040854174,1.0592915040854174,0.0,0.8449288024765835,0.8449288024765835,0.0,0.05,1.0,0.0,703,2,oracle_true_dynamics
11,mild,predicted_utility,16,0.5598733313482347,2.0344358357967183,2.0344358357967183,0.0,0.9026787222102446,0.9026787222102446,0.0,0.05,1.0,0.0,703,2,oracle_true_dynamics
11,mild,predicted_utility,32,0.8062885155414992,2.938897624272739,2.938897624272739,0.0,0.9562426860134179,0.9562426860134179,0.0,0.05,1.0,0.0,703,2,oracle_true_dynamics
11,mild,predicted_utility,64,0.9624758607888839,3.4969901728807935,3.4969901728807935,0.0,0.9892939983555701,0.9892939983555701,0.0,0.05,1.0,0.0,703,2,oracle_true_dynamics
0,mild,predicted_utility,1,0.0874999999999998,-4.992187353323463,-13.43923679258351,-8.447049439260045,0.6337324249860737,0.7215075935928602,0.08777516860678647,0.0875,0.8806262230919765,0.0,704,3,analytic_nominal_wam
0,mild,predicted_utility,2,0.1482812499999997,-1.9531328110800343,-5.423131408840503,-3.469998597760469,0.7669909459320676,0.857216211480269,0.09022526554820143,0.0875,0.8806262230919765,0.0,704,3,analytic_nominal_wam
0,mild,predicted_utility,4,0.21517033691406207,-0.23494812150740405,-1.1956871798732682,-0.9607390583658642,0.8423310713763054,0.9287847084055636,0.08645363702925823,0.0875,0.8806262230919765,0.0,704,3,analytic_nominal_wam
0,mild,predicted_utility,8,0.2368039306543923,0.3557016747764828,0.5631931622531208,0.20749148747663798,0.8682302835015804,0.9585616647743495,0.09033138127276907,0.0875,0.8806262230919765,0.0,704,3,analytic_nominal_wam
0,mild,predicted_utility,16,0.17218687125892343,0.2662457127556899,1.5869488043612743,1.3207030916055844,0.8643077579190379,0.9758933310379562,0.11158557311891826,0.0875,0.8806262230919765,0.0,704,3,analytic_nominal_wam
0,mild,predicted_utility,32,0.08181532260990745,-0.008841590939520347,2.3943999983309054,2.4032415892704257,0.8522455435981379,0.9895630721777602,0.13731752857962232,0.0875,0.8806262230919765,0.0,704,3,analytic_nominal_wam
0,mild,predicted_utility,64,0.021805734566330587,-0.207073169237872,2.8727591893562305,3.0798323585941025,0.8435533511541917,0.9976614518222495,0.1541081006680578,0.0875,0.8806262230919765,0.0,704,3,analytic_nominal_wam
1,mild,predicted_utility,1,0.04999999999999993,-4.511033415959905,-12.291342179827312,-7.780308763867407,0.6534140174295123,0.7282903443853819,0.07487632695586954,0.05,0.8980263157894737,0.0,704,3,analytic_nominal_wam
1,mild,predicted_utility,2,0.08781249999999985,-1.6920048837849917,-4.638780652138576,-2.946775768353584,0.776698014597886,0.8608960264525384,0.08419801185465237,0.05,0.8980263157894737,0.0,704,3,analytic_nominal_wam
1,mild,predicted_utility,4,0.13581909179687468,-0.30064116241033856,-0.9309035921895122,-0.6302624297791737,0.8375462391292605,0.9251471356761207,0.08760089654686021,0.05,0.8980263157894737,0.0,704,3,analytic_nominal_wam
1,mild,predicted_utility,8,0.16438088847610346,0.11492614374604933,0.5622694601946698,0.4473433164486205,0.8557201589781408,0.9510212472842772,0.09530108830613637,0.05,0.8980263157894737,0.0,704,3,analytic_nominal_wam
1,mild,predicted_utility,16,0.1262241594720979,-0.007644448641271145,1.5489877564749683,1.5566322051162396,0.8503598043764276,0.9681193721687315,0.1177595677923039,0.05,0.8980263157894737,0.0,704,3,analytic_nominal_wam
1,mild,predicted_utility,32,0.04435945406357644,-0.39395303429612816,2.4522243649992355,2.846177399295364,0.8334654501560225,0.9837709035034377,0.15030545334741519,0.05,0.8980263157894737,0.0,704,3,analytic_nominal_wam
1,mild,predicted_utility,64,0.004381363007583008,-0.6814811768338389,3.109362643429014,3.790843820262853,0.8208910408139862,0.9951579755718325,0.17426693475784627,0.05,0.8980263157894737,0.0,704,3,analytic_nominal_wam
2,mild,predicted_utility,1,0.0625,-3.5180679836011888,-12.264509266664097,-8.746441283062909,0.6315692126011851,0.7157466409938434,0.0841774283926583,0.0625,0.912,0.0,704,3,analytic_nominal_wam
2,mild,predicted_utility,2,0.11078124999999994,-1.2300501034589755,-5.058709415330555,-3.8286593118715797,0.7478241134357864,0.844812860471704,0.09698874703591764,0.0625,0.912,0.0,704,3,analytic_nominal_wam
2,mild,predicted_utility,4,0.17451242675781242,0.03240669295169803,-1.2608381336409138,-1.2932448265926118,0.8119699363108978,0.9128381870841973,0.10086825077329953,0.0625,0.912,0.0,704,3,analytic_nominal_wam
2,mild,predicted_utility,8,0.21887928046352226,0.577216249842053,0.5091340481391629,-0.06808220170289014,0.8396518795158585,0.9445409297077046,0.10488905019184613,0.0625,0.912,0.0,704,3,analytic_nominal_wam
2,mild,predicted_utility,16,0.1790572535605821,0.5908588148171302,1.6482440447808906,1.0573852299637605,0.840345062489677,0.9649440249739127,0.12459896248423574,0.0625,0.912,0.0,704,3,analytic_nominal_wam
2,mild,predicted_utility,32,0.06779305554056016,0.25649496215346757,2.6005587537502577,2.34406379159679,0.8233559310360044,0.9820013484877054,0.15864541745170102,0.0625,0.912,0.0,704,3,analytic_nominal_wam
2,mild,predicted_utility,64,0.006462672720983397,0.0719480945570877,3.268399415574004,3.1964513210169163,0.8139790472371681,0.9939633334461457,0.17998428620897766,0.0625,0.912,0.0,704,3,analytic_nominal_wam
3,mild,predicted_utility,1,0.06250000000000011,-3.4270447894505685,-11.006030331373616,-7.578985541923047,0.6362837988329143,0.7302039593538454,0.0939201605209311,0.0625,0.8346666666666667,0.0,704,3,analytic_nominal_wam
3,mild,predicted_utility,2,0.10171875000000019,-0.9214163927451057,-3.2642013378577865,-2.342784945112681,0.7635150498938995,0.8718861457388805,0.10837109584498095,0.0625,0.8346666666666667,0.0,704,3,analytic_nominal_wam
3,mild,predicted_utility,4,0.13655075683593776,0.17886488850990429,0.35156165276748486,0.17269676425758057,0.8193853314237245,0.938057745032917,0.11867241360919245,0.0625,0.8346666666666667,0.0,704,3,analytic_nominal_wam
3,mild,predicted_utility,8,0.13093480360689141,0.4675384065601051,2.024871006976392,1.5573326004162868,0.8340436474365838,0.9686807577604538,0.13463711032387005,0.0625,0.8346666666666667,0.0,704,3,analytic_nominal_wam
3,mild,predicted_utility,16,0.07920992712150776,0.3508029176687554,3.0238196449148322,2.6730167272460768,0.8281160317077747,0.9869623843926117,0.15884635268483704,0.0625,0.8346666666666667,0.0,704,3,analytic_nominal_wam
3,mild,predicted_utility,32,0.030257195032996086,0.16300045506919927,3.536281545485653,3.3732810904164534,0.8185797643585169,0.9963408817183361,0.17776111735981925,0.0625,0.8346666666666667,0.0,704,3,analytic_nominal_wam
3,mild,predicted_utility,64,0.0039600817308143455,0.07511582194595362,3.679460412821966,3.6043445908760123,0.8141171425922531,0.9989611791939497,0.18484403660169657,0.0625,0.8346666666666667,0.0,704,3,analytic_nominal_wam
4,mild,predicted_utility,1,0.04999999999999993,-3.8786129639519826,-12.699256470589292,-8.82064350663731,0.6086187971670682,0.7240034949587635,0.11538469779169525,0.05,0.9177631578947368,0.0,704,3,analytic_nominal_wam
4,mild,predicted_utility,2,0.08968749999999981,-1.683946433377493,-5.136022883220163,-3.4520764498426706,0.7294598513324256,0.8556443659406828,0.1261845146082572,0.05,0.9177631578947368,0.0,704,3,analytic_nominal_wam
4,mild,predicted_utility,4,0.14541323242187465,-0.49972904601331974,-1.5934014350300656,-1.093672389016746,0.7946643256598179,0.9173049992679146,0.12264067360809672,0.05,0.9177631578947368,0.0,704,3,analytic_nominal_wam
4,mild,predicted_utility,8,0.19740919920261243,0.10491461049625042,-0.21847022729066762,-0.32338483778691807,0.8279567533836264,0.9412361842083489,0.11327943082472247,0.05,0.9177631578947368,0.0,704,3,analytic_nominal_wam
4,mild,predicted_utility,16,0.20731007461591572,0.35148934702881657,0.5187835302517884,0.1672941832229718,0.8415334634113412,0.9540683578621766,0.11253489445083542,0.05,0.9177631578947368,0.0,704,3,analytic_nominal_wam
4,mild,predicted_utility,32,0.1729383911103262,0.28216947805583015,1.160723097621392,0.8785536195655619,0.8377166256710274,0.9652415528706473,0.12752492719961983,0.05,0.9177631578947368,0.0,704,3,analytic_nominal_wam
4,mild,predicted_utility,64,0.11220900331235989,-0.0033986681599424973,1.8703058412696407,1.8737045094295832,0.821992890267942,0.9775921023186497,0.1555992120507077,0.05,0.9177631578947368,0.0,704,3,analytic_nominal_wam
5,mild,predicted_utility,1,0.07499999999999996,-3.7917422052758996,-10.918536068919575,-7.126793863643676,0.617659267707402,0.7011526437107257,0.08349337600332374,0.075,0.9256756756756757,0.0,704,3,analytic_nominal_wam
5,mild,predicted_utility,2,0.13406249999999986,-0.9921737882111257,-3.3796073186555082,-2.3874335304443823,0.7562742273001207,0.853529284575186,0.09725505727506523,0.075,0.9256756756756757,0.0,704,3,analytic_nominal_wam
5,mild,predicted_utility,4,0.2159535644531249,0.46621820948869036,0.11143016214866477,-0.35478804734002556,0.8284835530659311,0.92409004752685,0.09560649446091884,0.075,0.9256756756756757,0.0,704,3,analytic_nominal_wam
5,mild,predicted_utility,8,0.28962634595705106,1.1200376708009756,1.4794148281656423,0.3593771573646667,0.8608560993692491,0.9517397196575829,0.09088362028833374,0.075,0.9256756756756757,0.0,704,3,analytic_nominal_wam
5,mild,predicted_utility,16,0.2953262400393949,1.293772831519159,2.438240576686592,1.1444677451674332,0.869458243948389,0.9711194818988506,0.10166123795046156,0.075,0.9256756756756757,0.0,704,3,analytic_nominal_wam
5,mild,predicted_utility,32,0.22352280872739205,1.0983202537689378,3.2500023629602772,2.1516821091913396,0.8597808054539423,0.9875267909837369,0.12774598552979455,0.075,0.9256756756756757,0.0,704,3,analytic_nominal_wam
5,mild,predicted_utility,64,0.12231484724860893,0.7213560307941466,3.728212807653856,3.0068567768597094,0.8411161855014369,0.997192368627796,0.15607618312635918,0.075,0.9256756756756757,0.0,704,3,analytic_nominal_wam
6,mild,predicted_utility,1,0.04999999999999993,-3.5187584867409094,-12.51944285633528,-9.00068436959437,0.5717693066477153,0.6640536982531325,0.09228439160541724,0.05,0.8519736842105263,0.0,704,3,analytic_nominal_wam
6,mild,predicted_utility,2,0.08343749999999983,-1.1853408270722519,-4.681651210483763,-3.4963103834115117,0.7039084451719344,0.8226673062084854,0.11875886103655098,0.05,0.8519736842105263,0.0,704,3,analytic_nominal_wam
6,mild,predicted_utility,4,0.1170206542968748,0.022505305806110012,-0.1775229187206356,-0.20002822452674562,0.7723075792948068,0.9138174759668847,0.14150989667207792,0.05,0.8519736842105263,0.0,704,3,analytic_nominal_wam
6,mild,predicted_utility,8,0.11846878243768577,0.37314059960134216,1.7882719321778882,1.415131332576546,0.7921637098363349,0.9535993211459542,0.16143561130961936,0.05,0.8519736842105263,0.0,704,3,analytic_nominal_wam
6,mild,predicted_utility,16,0.06774743300522022,0.37119210823616033,2.874099952570082,2.502907844333922,0.7920533686938694,0.9755732530537492,0.18351988435987976,0.05,0.8519736842105263,0.0,704,3,analytic_nominal_wam
6,mild,predicted_utility,32,0.015482215906232496,0.2623008015474296,3.5940178255417994,3.33171702399437,0.7858869614932534,0.9901422511112602,0.20425528961800676,0.05,0.8519736842105263,0.0,704,3,analytic_nominal_wam
6,mild,predicted_utility,64,0.0007188909455632876,0.16434682246749555,3.906358141181074,3.7420113187135784,0.7803399243578271,0.99646309078294,0.21612316642511298,0.05,0.8519736842105263,0.0,704,3,analytic_nominal_wam
7,mild,predicted_utility,1,0.012499999999999956,-4.349462744922459,-10.964190550349691,-6.614727805427233,0.6270376370460554,0.7159821193591674,0.08894448231311203,0.0125,0.9493670886075949,0.0,704,3,analytic_nominal_wam
7,mild,predicted_utility,2,0.02359374999999997,-2.2651665164565413,-5.237540333307461,-2.9723738168509195,0.7349768204392784,0.83272159816195,0.09774477772267165,0.0125,0.9493670886075949,0.0,704,3,analytic_nominal_wam
7,mild,predicted_utility,4,0.042030053710937376,-1.0199097981586969,-2.161521802317863,-1.141612004159166,0.7994647715530816,0.8954271566447759,0.0959623850916943,0.0125,0.9493670886075949,0.0,704,3,analytic_nominal_wam
7,mild,predicted_utility,8,0.06670095745584403,-0.3082785231182046,-0.5929639489003897,-0.28468542578218514,0.8363179297826508,0.9274026779949421,0.09108474821229129,0.0125,0.9493670886075949,0.0,704,3,analytic_nominal_wam
7,mild,predicted_utility,16,0.08405253819997255,0.011138352157381654,0.2867026698126968,0.2755643176553152,0.8528595308316715,0.9453349453234348,0.09247541449176322,0.0125,0.9493670886075949,0.0,704,3,analytic_nominal_wam
7,mild,predicted_utility,32,0.0669226980815005,-0.023566914250666676,0.9450905149048561,0.9686574291555228,0.8510622536191679,0.9587563786174423,0.10769412499827447,0.0125,0.9493670886075949,0.0,704,3,analytic_nominal_wam
7,mild,predicted_utility,64,0.021448742860163388,-0.23489180042059038,1.6506884343923676,1.885580234812958,0.8401183986467697,0.9731402034091448,0.13302180476237502,0.0125,0.9493670886075949,0.0,704,3,analytic_nominal_wam
8,mild,predicted_utility,1,0.03749999999999998,-4.3087370427463965,-12.081600442229911,-7.772863399483515,0.6428602847150653,0.7310690408818387,0.08820875616677337,0.0375,0.9177489177489178,0.0,704,3,analytic_nominal_wam
8,mild,predicted_utility,2,0.06765624999999997,-1.8615826908986401,-4.899331585824113,-3.037748894925473,0.7587107574054395,0.8580481439868125,0.09933738658137303,0.0375,0.9177489177489178,0.0,704,3,analytic_nominal_wam
8,mild,predicted_utility,4,0.1120113525390623,-0.5447005202287346,-1.4427450742113,-0.8980445539825653,0.8210531355371833,0.919158952259867,0.0981058167226837,0.0375,0.9177489177489178,0.0,704,3,analytic_nominal_wam
8,mild,predicted_utility,8,0.16445713795789746,0.11628160820504632,0.011169159123622985,-0.10511244908142334,0.8523446198528841,0.9448634655594165,0.09251884570653235,0.0375,0.9177489177489178,0.0,704,3,analytic_nominal_wam
8,mild,predicted_utility,16,0.22490832805886296,0.5143012815463063,0.9162579601111316,0.4019566785648253,0.871187226679804,0.960865005807697,0.08967777912789299,0.0375,0.9177489177489178,0.0,704,3,analytic_nominal_wam
8,mild,predicted_utility,32,0.34068632090686596,0.9168972411510756,1.734044378460533,0.8171471373094574,0.8902464789857448,0.9753230813837486,0.08507660239800374,0.0375,0.9177489177489178,0.0,704,3,analytic_nominal_wam
8,mild,predicted_utility,64,0.5532255358817473,1.5287838111703513,2.5056072971035115,0.9768234859331602,0.9192137357164453,0.9889639474327772,0.06975021171633189,0.0375,0.9177489177489178,0.0,704,3,analytic_nominal_wam
9,mild,predicted_utility,1,0.012499999999999956,-4.117597630470628,-10.214339757490176,-6.0967421270195485,0.5713531386162656,0.676221300686696,0.10486816207043037,0.0125,0.9113924050632911,0.0,704,3,analytic_nominal_wam
9,mild,predicted_utility,2,0.022656249999999933,-1.8540974891631476,-3.739604983589172,-1.8855074944260242,0.7083071011282318,0.8295078056445602,0.12120070451632836,0.0125,0.9113924050632911,0.0,704,3,analytic_nominal_wam
9,mild,predicted_utility,4,0.03721643066406244,-0.6885377048261521,-0.29193318981960725,0.3966045150065448,0.7788297523516319,0.9111299226830838,0.13230017033145192,0.0125,0.9113924050632911,0.0,704,3,analytic_nominal_wam
9,mild,predicted_utility,8,0.0502204630287556,-0.26929985971867826,1.4382149030934799,1.707514762812158,0.804195902357384,0.9520904196738162,0.14789451731643222,0.0125,0.9113924050632911,0.0,704,3,analytic_nominal_wam
9,mild,predicted_utility,16,0.04575862011661577,-0.21527207771044282,2.605194686422581,2.8204667641330237,0.807464874466874,0.9797181540273622,0.1722532795604882,0.0125,0.9113924050632911,0.0,704,3,analytic_nominal_wam
9,mild,predicted_utility,32,0.019052180692994962,-0.34915172179212517,3.223598131478565,3.57274985327069,0.7993644341699775,0.9943585842622246,0.19499415009224708,0.0125,0.9113924050632911,0.0,704,3,analytic_nominal_wam
9,mild,predicted_utility,64,0.0016713688808950545,-0.42609012985622685,3.3932867966768607,3.8193769265330877,0.7947092456584121,0.998375888959254,0.20366664330084194,0.0125,0.9113924050632911,0.0,704,3,analytic_nominal_wam
10,mild,predicted_utility,1,0.08749999999999991,-2.8743774343681943,-12.204933225074619,-9.330555790706425,0.5982101565674963,0.7026649186011805,0.1044547620336842,0.0875,0.8140900195694716,0.0,704,3,analytic_nominal_wam
10,mild,predicted_utility,2,0.13765624999999987,-0.7493237833774189,-3.936929149431498,-3.187605366054079,0.7242952461655068,0.8555262401490824,0.13123099398357563,0.0875,0.8140900195694716,0.0,704,3,analytic_nominal_wam
10,mild,predicted_utility,4,0.17430773925781226,0.1834456142300193,0.21625713290655324,0.03281151867653395,0.7796389373785654,0.9323115849486894,0.152672647570124,0.0875,0.8140900195694716,0.0,704,3,analytic_nominal_wam
10,mild,predicted_utility,8,0.15303538414857681,0.32994373641360314,1.8265934695427073,1.4966497331291042,0.7883310609175855,0.9620839626958134,0.1737529017782279,0.0875,0.8140900195694716,0.0,704,3,analytic_nominal_wam
10,mild,predicted_utility,16,0.07931606656338393,0.2507352758437714,2.839585262796406,2.5888499869526345,0.7836314121142663,0.980812456636704,0.19718104452243768,0.0875,0.8140900195694716,0.0,704,3,analytic_nominal_wam
10,mild,predicted_utility,32,0.0184873620403117,0.2147566725553954,3.5436565619988762,3.328899889443481,0.7814967058130344,0.9938295364875828,0.21233283067454833,0.0875,0.8140900195694716,0.0,704,3,analytic_nominal_wam
10,mild,predicted_utility,64,0.0008170992303607145,0.3014187024474635,3.8227091617874414,3.521290459339978,0.7866385947242118,0.9989887440538586,0.2123501493296468,0.0875,0.8140900195694716,0.0,704,3,analytic_nominal_wam
11,mild,predicted_utility,1,0.03749999999999987,-5.484487592841923,-13.719613840093853,-8.23512624725193,0.6520635971408302,0.7222723994248521,0.07020880228402193,0.0375,0.8787878787878788,0.0,704,3,analytic_nominal_wam
11,mild,predicted_utility,2,0.06484374999999976,-2.2031511930037864,-5.178713240478867,-2.975562047475081,0.7833926162887136,0.8627970684616637,0.07940445217295011,0.0375,0.8787878787878788,0.0,704,3,analytic_nominal_wam
11,mild,predicted_utility,4,0.09744567871093718,-0.5725934083371724,-1.1168111397570402,-0.5442177314198677,0.8486524764282518,0.9296281293909517,0.08097565296269993,0.0375,0.8787878787878788,0.0,704,3,analytic_nominal_wam
11,mild,predicted_utility,8,0.11225549849019903,0.02911640693666759,0.5001239537102926,0.471007546773625,0.872734725311806,0.956231795621858,0.08349707031005205,0.0375,0.8787878787878788,0.0,704,3,analytic_nominal_wam
11,mild,predicted_utility,16,0.08001930596457155,0.18657514687318436,1.5948216056436808,1.4082464587704964,0.87903670089503,0.9742430139283029,0.09520631303327287,0.0375,0.8787878787878788,0.0,704,3,analytic_nominal_wam
11,mild,predicted_utility,32,0.025015612982331396,0.13214641841891786,2.48803850730792,2.3558920888890023,0.8768582983631477,0.9889392404000303,0.11208094203688268,0.0375,0.8787878787878788,0.0,704,3,analytic_nominal_wam
11,mild,predicted_utility,64,0.00179112134194826,0.1391243844912694,3.0035658127778664,2.864441428286597,0.8771375776957921,0.9974212854883281,0.12028370779253594,0.0375,0.8787878787878788,0.0,704,3,analytic_nominal_wam
0,mild,predicted_utility,1,0.08750000000000002,-4.992187353323463,-5.361131844505041,-0.368944491181578,0.6337324249860739,0.6661300591461385,0.03239763416006469,0.0875,0.9530332681017613,0.0,704,3,learned_wam_lite
0,mild,predicted_utility,2,0.15984375000000017,-1.9300771594494581,-2.2960323236278843,-0.3659551641784262,0.7680019057529691,0.81797709768293,0.049975191929960916,0.0875,0.9530332681017613,0.0,704,3,learned_wam_lite
0,mild,predicted_utility,4,0.26924685058593745,-0.10348720097825864,-0.5350768264663597,-0.43158962548810104,0.848095458816019,0.9052159868014594,0.05712052798544043,0.0875,0.9530332681017613,0.0,704,3,learned_wam_lite
0,mild,predicted_utility,8,0.3963462756144709,0.7816564790342293,0.20360407033291106,-0.5780524087013182,0.8869078381213555,0.9418107224172775,0.05490288429592194,0.0875,0.9530332681017613,0.0,704,3,learned_wam_lite
0,mild,predicted_utility,16,0.49022285314442193,1.1369680012839933,0.5828825672773219,-0.5540854340066714,0.9024877782875891,0.9606004276615668,0.058112649373977754,0.0875,0.9530332681017613,0.0,704,3,learned_wam_lite
0,mild,predicted_utility,32,0.5414001839555478,1.2049306956497887,0.8813524523733725,-0.32357824327641627,0.9054678525194931,0.9753868213285762,0.0699189688090831,0.0875,0.9530332681017613,0.0,704,3,learned_wam_lite
0,mild,predicted_utility,64,0.6277926706973992,1.4186242391952897,1.1445210953036058,-0.2741031438916839,0.9148380316830301,0.9884243683290946,0.07358633664606451,0.0875,0.9530332681017613,0.0,704,3,learned_wam_lite
1,mild,predicted_utility,1,0.04999999999999982,-4.511033415959902,-4.447786772485392,0.06324664347451048,0.6534140174295123,0.7199647536618162,0.0665507362323039,0.05,0.9506578947368421,0.0,704,3,learned_wam_lite
1,mild,predicted_utility,2,0.09281249999999974,-1.6654938106462587,-1.7936112851668646,-0.12811747452060596,0.7778574179272466,0.871335927415616,0.09347850948836944,0.05,0.9506578947368421,0.0,704,3,learned_wam_lite
1,mild,predicted_utility,4,0.16110190429687443,-0.16093399402461184,-0.4415614627774019,-0.28062746875279004,0.8436560240977651,0.9484451349893304,0.10478911089156528,0.05,0.9506578947368421,0.0,704,3,learned_wam_lite
1,mild,predicted_utility,8,0.250015323349531,0.5517660868543577,0.03222316061349777,-0.51954292624086,0.874824390699998,0.9754657049900116,0.10064131429001366,0.05,0.9506578947368421,0.0,704,3,learned_wam_lite
1,mild,predicted_utility,16,0.3363912134732069,0.9852060787788542,0.20609093656008315,-0.7791151422187711,0.8937799330533963,0.9853816165221413,0.09160168346874498,0.05,0.9506578947368421,0.0,704,3,learned_wam_lite
1,mild,predicted_utility,32,0.4224863152544384,1.3379211799658113,0.29840294975321446,-1.0395182302125967,0.9092051503009944,0.9906462939541288,0.08144114365313448,0.05,0.9506578947368421,0.0,704,3,learned_wam_lite
1,mild,predicted_utility,64,0.5761679371258522,1.8981978461838742,0.3673572161760358,-1.5308406300078383,0.9337076149419757,0.9945788478842006,0.06087123294222485,0.05,0.9506578947368421,0.0,704,3,learned_wam_lite
2,mild,predicted_utility,1,0.0625,-3.518067983601188,-3.9116091692177286,-0.3935411856165407,0.631569212601185,0.7418686139456404,0.11029940134445537,0.0625,0.952,0.0,704,3,learned_wam_lite
2,mild,predicted_utility,2,0.11546875000000001,-1.186632945386291,-1.5861217891653008,-0.39948884377900984,0.7500301527548261,0.8712098846039052,0.12117973184907915,0.0625,0.952,0.0,704,3,learned_wam_lite
2,mild,predicted_utility,4,0.19869421386718766,0.2077442404772923,-0.2848257952485597,-0.492570035725852,0.8208788916897356,0.9435866598121653,0.12270776812242967,0.0625,0.952,0.0,704,3,learned_wam_lite
2,mild,predicted_utility,8,0.3035160866777628,1.0310261360794668,0.2974570016808067,-0.7335691343986601,0.8627101011233805,0.9759726437066869,0.11326254258330637,0.0625,0.952,0.0,704,3,learned_wam_lite
2,mild,predicted_utility,16,0.39362014557842046,1.5293989786419053,0.547828307833047,-0.9815706708088583,0.8880325804158733,0.9898980440988276,0.10186546368295435,0.0625,0.952,0.0,704,3,learned_wam_lite
2,mild,predicted_utility,32,0.4298736629497677,1.7256082418271619,0.6523321187368116,-1.0732761230903503,0.8980020341655153,0.9957104410212393,0.09770840685572402,0.0625,0.952,0.0,704,3,learned_wam_lite
2,mild,predicted_utility,64,0.3700442716495816,1.543230420150482,0.6952211415468224,-0.8480092786036597,0.8887353602651633,0.998095885360831,0.10936052509566774,0.0625,0.952,0.0,704,3,learned_wam_lite
3,mild,predicted_utility,1,0.0625,-3.427044789450569,-3.502314146165275,-0.07526935671470625,0.6362837988329142,0.7365051892242914,0.10022139039137723,0.0625,0.8826666666666667,0.0,704,3,learned_wam_lite
3,mild,predicted_utility,2,0.10734374999999996,-0.8732964512497586,-1.110615224325784,-0.23731877307602545,0.7659584929700894,0.8810587867635773,0.11510029379348785,0.0625,0.8826666666666667,0.0,704,3,learned_wam_lite
3,mild,predicted_utility,4,0.16280192871093735,0.3857483429334817,0.04177855731862945,-0.34396978561485225,0.8298904968204528,0.9507091367292333,0.1208186399087805,0.0625,0.8826666666666667,0.0,704,3,learned_wam_lite
3,mild,predicted_utility,8,0.20668784634817058,0.9572923263005086,0.4964333464511022,-0.46085897984940644,0.8589124603868696,0.9781883419115546,0.11927588152468493,0.0625,0.8826666666666667,0.0,704,3,learned_wam_lite
3,mild,predicted_utility,16,0.2175938105428727,1.1975837242229463,0.6663912272409398,-0.5311924969820065,0.8711140203696122,0.9884605475282333,0.11734652715862115,0.0625,0.8826666666666667,0.0,704,3,learned_wam_lite
3,mild,predicted_utility,32,0.1877805558816337,1.2416223850188588,0.7592451878111948,-0.48237719720766403,0.8733502234376656,0.99407261429953,0.12072239086186443,0.0625,0.8826666666666667,0.0,704,3,learned_wam_lite
3,mild,predicted_utility,64,0.11545155421904446,1.0993572365868873,0.8169965106717889,-0.2823607259150984,0.866126258047915,0.9975630877056604,0.1314368296577454,0.0625,0.8826666666666667,0.0,704,3,learned_wam_lite
4,mild,predicted_utility,1,0.050000000000000044,-3.8786129639519817,-4.784103287895504,-0.9054903239435221,0.6086187971670683,0.6579295030928443,0.04931070592577591,0.05,0.8848684210526315,0.0,704,3,learned_wam_lite
4,mild,predicted_utility,2,0.08656250000000004,-1.6846119672348248,-2.0527270037850665,-0.3681150365502417,0.7294232062149181,0.7982311505298282,0.06880794431491011,0.05,0.8848684210526315,0.0,704,3,learned_wam_lite
4,mild,predicted_utility,4,0.13818051757812524,-0.49165044752249987,-0.5618914894811387,-0.07024104195863878,0.7951091432866464,0.8748103754177403,0.07970123213109392,0.05,0.8848684210526315,0.0,704,3,learned_wam_lite
4,mild,predicted_utility,8,0.20317827997009397,0.15860441265503863,0.1850991626171824,0.026494749962143765,0.8309129803094087,0.9131807822046448,0.08226780189523608,0.05,0.8848684210526315,0.0,704,3,learned_wam_lite
4,mild,predicted_utility,16,0.2656280352781677,0.5099634634410675,0.6628223432467497,0.15285887980568225,0.8502592443071599,0.9377198212418801,0.0874605769347202,0.05,0.8848684210526315,0.0,704,3,learned_wam_lite
4,mild,predicted_utility,32,0.28717572686645343,0.4878415954636558,1.0425812180838565,0.5547396226202007,0.8490411868896637,0.9572267621487107,0.10818557525904704,0.05,0.8848684210526315,0.0,704,3,learned_wam_lite
4,mild,predicted_utility,64,0.26017559999546874,0.16148024067685252,1.371980408390689,1.2105001677138365,0.8310713269579373,0.9741468948061225,0.1430755678481852,0.05,0.8848684210526315,0.0,704,3,learned_wam_lite
5,mild,predicted_utility,1,0.07499999999999984,-3.7917422052759036,-3.691239571846712,0.10050263342919141,0.6176592677074021,0.6831654466025839,0.06550617889518184,0.075,0.9864864864864865,0.0,704,3,learned_wam_lite
5,mild,predicted_utility,2,0.14249999999999974,-0.936787802323166,-1.4204298478983597,-0.48364204557519364,0.7590165522060118,0.8457227959126717,0.08670624370665991,0.075,0.9864864864864865,0.0,704,3,learned_wam_lite
5,mild,predicted_utility,4,0.25840429687499955,0.7321481341739176,-0.20348083271081682,-0.9356289668847344,0.8416505346406787,0.9328388603138951,0.09118832567321633,0.075,0.9864864864864865,0.0,704,3,learned_wam_lite
5,mild,predicted_utility,8,0.43219255623178404,1.7573796621759514,0.2964005146875235,-1.460979147488428,0.8924127971240446,0.9686231825077161,0.07621038538367142,0.075,0.9864864864864865,0.0,704,3,learned_wam_lite
5,mild,predicted_utility,16,0.6404367381498266,2.592539156310043,0.50623309013792,-2.0863060661721233,0.9337640278449025,0.9836441800419423,0.049880152197039784,0.075,0.9864864864864865,0.0,704,3,learned_wam_lite
5,mild,predicted_utility,32,0.8248811842807635,3.2492776865859128,0.6204551452115742,-2.6288225413743387,0.9662811059353233,0.9918208380462245,0.025539732110901103,0.075,0.9864864864864865,0.0,704,3,learned_wam_lite
5,mild,predicted_utility,64,0.9443769164746503,3.666821047247905,0.6901652938839544,-2.9766557533639504,0.9869549196966074,0.9968110830978842,0.009856163401276818,0.075,0.9864864864864865,0.0,704,3,learned_wam_lite
6,mild,predicted_utility,1,0.050000000000000044,-3.518758486740908,-3.9718843460543036,-0.45312585931339555,0.5717693066477154,0.6848641316209524,0.11309482497323697,0.05,0.9375,0.0,704,3,learned_wam_lite
6,mild,predicted_utility,2,0.09156249999999999,-1.118653480389313,-1.7045808879674686,-0.5859274075781558,0.7076848837810433,0.8452205412615642,0.13753565748052088,0.05,0.9375,0.0,704,3,learned_wam_lite
6,mild,predicted_utility,4,0.154914794921875,0.2875013260116077,-0.3632307864189292,-0.650732112430537,0.7873140423157787,0.9400883392125681,0.15277429689678934,0.05,0.9375,0.0,704,3,learned_wam_lite
6,mild,predicted_utility,8,0.22925481223337088,0.9959568039231776,0.17889300300501537,-0.8170638009181623,0.8274331766448177,0.9784303724074284,0.15099719576261061,0.05,0.9375,0.0,704,3,learned_wam_lite
6,mild,predicted_utility,16,0.279618252458642,1.4332352843478848,0.35810302239123537,-1.0751322619566495,0.8521958253112828,0.9911051095176728,0.13890928420639004,0.05,0.9375,0.0,704,3,learned_wam_lite
6,mild,predicted_utility,32,0.2655417235414373,1.6123083612618738,0.4255521694455743,-1.1867561918162997,0.8623365568765251,0.9958754912750764,0.13353893439855125,0.05,0.9375,0.0,704,3,learned_wam_lite
6,mild,predicted_utility,64,0.1610232818554367,1.4097715553713814,0.45868568471395466,-0.9510858706574268,0.8508670975026653,0.9982188792006137,0.14735178169794838,0.05,0.9375,0.0,704,3,learned_wam_lite
7,mild,predicted_utility,1,0.012499999999999956,-4.349462744922458,-4.805708421489059,-0.456245676566601,0.6270376370460555,0.7070248131442367,0.07998717609818118,0.0125,0.9367088607594937,0.0,704,3,learned_wam_lite
7,mild,predicted_utility,2,0.02328124999999992,-2.2771827200271493,-2.4289327733328463,-0.15175005330569702,0.7343545388349728,0.8377328764929465,0.10337833765797366,0.0125,0.9367088607594937,0.0,704,3,learned_wam_lite
7,mild,predicted_utility,4,0.04038205566406239,-1.0707803572133388,-1.0324329564173633,0.03834740079597543,0.7968303443885912,0.9145317896244617,0.11770144523587045,0.0125,0.9367088607594937,0.0,704,3,learned_wam_lite
7,mild,predicted_utility,8,0.060757643095760705,-0.4519909339744984,-0.3222972158442104,0.12969371813028802,0.8288755134603235,0.9535848939580678,0.12470938049774427,0.0125,0.9367088607594937,0.0,704,3,learned_wam_lite
7,mild,predicted_utility,16,0.06881904644434578,-0.26922474507475536,0.03296968481679883,0.3021944298915542,0.8383404028135275,0.9731223915730917,0.13478198875956415,0.0125,0.9367088607594937,0.0,704,3,learned_wam_lite
7,mild,predicted_utility,32,0.04427330308887492,-0.42841928837277155,0.24495170269302288,0.6733709910657945,0.8300962152697576,0.9847801006390892,0.15468388536933153,0.0125,0.9367088607594937,0.0,704,3,learned_wam_lite
7,mild,predicted_utility,64,0.00926659136867972,-0.716411956425258,0.37979221670841173,1.0962041731336698,0.815181975639002,0.99219550076807,0.17701352512906798,0.0125,0.9367088607594937,0.0,704,3,learned_wam_lite
8,mild,predicted_utility,1,0.03750000000000009,-4.308737042746395,-4.643792731100635,-0.33505568835423993,0.6428602847150652,0.7255581375437372,0.08269785282867204,0.0375,0.935064935064935,0.0,704,3,learned_wam_lite
8,mild,predicted_utility,2,0.06890625000000017,-1.8571425451419277,-1.9847313199216974,-0.1275887747797697,0.758920957871275,0.8666438105548867,0.1077228526836117,0.0375,0.935064935064935,0.0,704,3,learned_wam_lite
8,mild,predicted_utility,4,0.11716018066406286,-0.5307217786098662,-0.5965627593995859,-0.06584098078971967,0.8217149016505219,0.9402978806680506,0.11858297901752879,0.0375,0.935064935064935,0.0,704,3,learned_wam_lite
8,mild,predicted_utility,8,0.17447380753288377,0.13308013069113028,-0.004441467360372327,-0.1375215980515026,0.8531398769109619,0.9717149177625589,0.11857504085159698,0.0375,0.935064935064935,0.0,704,3,learned_wam_lite
8,mild,predicted_utility,16,0.21801414403522867,0.4545049478725319,0.2548316553766092,-0.1996732924959227,0.8683564148366412,0.9854715473993415,0.11711513256270034,0.0375,0.935064935064935,0.0,704,3,learned_wam_lite
8,mild,predicted_utility,32,0.24424676714072074,0.5742321786824929,0.36842386432166274,-0.20580831436083014,0.8740244088774627,0.9914985737705492,0.11747416489308649,0.0375,0.935064935064935,0.0,704,3,learned_wam_lite
8,mild,predicted_utility,64,0.25022233914627456,0.5423638757180234,0.4416080057505922,-0.10075586996743113,0.8725157349519761,0.9953816107714382,0.12286587581946207,0.0375,0.935064935064935,0.0,704,3,learned_wam_lite
9,mild,predicted_utility,1,0.012500000000000067,-4.117597630470628,-4.341215710327184,-0.22361807985655613,0.5713531386162657,0.6901900846971634,0.11883694608089768,0.0125,0.7341772151898734,0.0,704,3,learned_wam_lite
9,mild,predicted_utility,2,0.018281250000000027,-1.8688919305513148,-1.9151519299848152,-0.046259999433500454,0.7074119576580441,0.8604953780759617,0.15308342041791756,0.0125,0.7341772151898734,0.0,704,3,learned_wam_lite
9,mild,predicted_utility,4,0.019552368164062583,-0.741905357790455,-0.6603379019734441,0.08156745581701086,0.7756007216084738,0.948581055339628,0.17298033373115418,0.0125,0.7341772151898734,0.0,704,3,learned_wam_lite
9,mild,predicted_utility,8,0.011186215809765518,-0.3695739137583163,-0.20820701540088365,0.16136689835743262,0.7981287814470515,0.9803198265571308,0.18219104511007933,0.0125,0.7341772151898734,0.0,704,3,learned_wam_lite
9,mild,predicted_utility,16,0.0018328536938700731,-0.2529704284997395,-0.04266147163066782,0.21030895686907167,0.8051839209884359,0.9919408245819067,0.18675690359347075,0.0125,0.7341772151898734,0.0,704,3,learned_wam_lite
9,mild,predicted_utility,32,2.4717614184246492e-05,-0.16719076854793982,0.024761512287462185,0.191952280835402,0.8103740529079957,0.9966737962167377,0.186299743308742,0.0125,0.7341772151898734,0.0,704,3,learned_wam_lite
9,mild,predicted_utility,64,2.289195376947279e-09,-0.06356780192659543,0.0541301530018133,0.11769795492840873,0.8166438010856303,0.9987354217244926,0.1820916206388623,0.0125,0.7341772151898734,0.0,704,3,learned_wam_lite
10,mild,predicted_utility,1,0.08750000000000002,-2.874377434368194,-3.66504752425192,-0.7906700898837262,0.598210156567496,0.708500853333431,0.11029069676593506,0.0875,0.9863013698630136,0.0,704,3,learned_wam_lite
10,mild,predicted_utility,2,0.16515625,-0.5801150756368582,-1.2940386234293844,-0.7139235477925262,0.7343348491968397,0.8728205043823396,0.13848565518549993,0.0875,0.9863013698630136,0.0,704,3,learned_wam_lite
10,mild,predicted_utility,4,0.2957086181640626,0.7996820977085428,-0.08596261125434343,-0.8856447089628863,0.8162018882465244,0.9565446222851842,0.14034273403865982,0.0875,0.9863013698630136,0.0,704,3,learned_wam_lite
10,mild,predicted_utility,8,0.4833643720661553,1.7237143930888765,0.3126950027579857,-1.4110193903308907,0.8710271839279605,0.9841730634942286,0.11314587956626809,0.0875,0.9863013698630136,0.0,704,3,learned_wam_lite
10,mild,predicted_utility,16,0.691906625416531,2.5573536087103506,0.4453605611959122,-2.111993047514438,0.9204892175782841,0.9933672754017276,0.07287805782344359,0.0875,0.9863013698630136,0.0,704,3,learned_wam_lite
10,mild,predicted_utility,32,0.8624749508173261,3.1900434286147403,0.499695657314538,-2.6903477713002024,0.9580283886920116,0.9971328977200683,0.03910450902805673,0.0875,0.9863013698630136,0.0,704,3,learned_wam_lite
10,mild,predicted_utility,64,0.9683930265976988,3.5369700295559054,0.524175462177231,-3.0127945673786742,0.9786124673778396,0.9988294383747185,0.020216970996878914,0.0875,0.9863013698630136,0.0,704,3,learned_wam_lite
11,mild,predicted_utility,1,0.03750000000000009,-5.484487592841922,-5.202004577439843,0.28248301540207876,0.6520635971408302,0.7028455153850671,0.050781918244236945,0.0375,0.974025974025974,0.0,704,3,learned_wam_lite
11,mild,predicted_utility,2,0.07171875000000016,-2.1766773529800094,-2.1079890701311252,0.06868828284888417,0.7844521795336076,0.8577666126371511,0.07331443310354357,0.0375,0.974025974025974,0.0,704,3,learned_wam_lite
11,mild,predicted_utility,4,0.13134616699218793,-0.4419722007586848,-0.5405532959987661,-0.0985810952400813,0.8538803326980452,0.9362500169469039,0.08236968424885871,0.0375,0.974025974025974,0.0,704,3,learned_wam_lite
11,mild,predicted_utility,8,0.2215089520829796,0.41849150880703856,0.04749747765672407,-0.3709940311503145,0.8883186959805143,0.9656944301631417,0.07737573418262744,0.0375,0.974025974025974,0.0,704,3,learned_wam_lite
11,mild,predicted_utility,16,0.32198666540439885,0.9835115077326604,0.3298756207915894,-0.653635886941071,0.9109325073110139,0.9798334451975269,0.06890093788651297,0.0375,0.974025974025974,0.0,704,3,learned_wam_lite
11,mild,predicted_utility,32,0.3687341916860914,1.2067678326668987,0.48080257379072144,-0.7259652588761772,0.919867901491757,0.9873905402115327,0.06752263871977571,0.0375,0.974025974025974,0.0,704,3,learned_wam_lite
11,mild,predicted_utility,64,0.3076058889412101,1.0358788639330574,0.5810933288155364,-0.45478553511752096,0.9130284074831222,0.992412219571569,0.0793838120884468,0.0375,0.974025974025974,0.0,704,3,learned_wam_lite
0,mild,predicted_utility,1,0.08750000000000002,-4.992187353323465,-4.992187353323465,0.0,0.6337324249860739,0.6337324249860739,0.0,0.0875,1.0,0.0,704,3,oracle_true_dynamics
0,mild,predicted_utility,2,0.16734375,-1.8785025023192115,-1.8785025023192115,0.0,0.7702633862338031,0.7702633862338031,0.0,0.0875,1.0,0.0,704,3,oracle_true_dynamics
0,mild,predicted_utility,4,0.30668356933593754,0.1073654031969623,0.1073654031969623,0.0,0.8573410665467899,0.8573410665467899,0.0,0.0875,1.0,0.0,704,3,oracle_true_dynamics
0,mild,predicted_utility,8,0.5193123269712443,1.377929063840828,1.377929063840828,0.0,0.9130536020842872,0.9130536020842872,0.0,0.0875,1.0,0.0,704,3,oracle_true_dynamics
0,mild,predicted_utility,16,0.7689393609982,2.372411841823215,2.372411841823215,0.0,0.9566603561777388,0.9566603561777388,0.0,0.0875,1.0,0.0,704,3,oracle_true_dynamics
0,mild,predicted_utility,32,0.9466109811040798,3.015668951994698,3.015668951994698,0.0,0.9848663294164316,0.9848663294164316,0.0,0.0875,1.0,0.0,704,3,oracle_true_dynamics
0,mild,predicted_utility,64,0.9971496126613311,3.2498002719597285,3.2498002719597285,0.0,0.9951326780363683,0.9951326780363683,0.0,0.0875,1.0,0.0,704,3,oracle_true_dynamics
1,mild,predicted_utility,1,0.050000000000000044,-4.511033415959904,-4.511033415959904,0.0,0.6534140174295123,0.6534140174295123,0.0,0.05,1.0,0.0,704,3,oracle_true_dynamics
1,mild,predicted_utility,2,0.09750000000000003,-1.6349765024460796,-1.6349765024460796,0.0,0.7791920251136574,0.7791920251136574,0.0,0.05,1.0,0.0,704,3,oracle_true_dynamics
1,mild,predicted_utility,4,0.18549375000000012,-0.04012252968688762,-0.04012252968688762,0.0,0.8489394471129371,0.8489394471129371,0.0,0.05,1.0,0.0,704,3,oracle_true_dynamics
1,mild,predicted_utility,8,0.33657956871093775,0.9033543926477091,0.9033543926477091,0.0,0.8902003300355319,0.8902003300355319,0.0,0.05,1.0,0.0,704,3,oracle_true_dynamics
1,mild,predicted_utility,16,0.5598733313482347,1.7743381725111935,1.7743381725111935,0.0,0.9282908852125474,0.9282908852125474,0.0,0.05,1.0,0.0,704,3,oracle_true_dynamics
1,mild,predicted_utility,32,0.8062885155414992,2.606608813798746,2.606608813798746,0.0,0.964688406632685,0.964688406632685,0.0,0.05,1.0,0.0,704,3,oracle_true_dynamics
1,mild,predicted_utility,64,0.9624758607888839,3.1518842775911837,3.1518842775911837,0.0,0.9885348267617875,0.9885348267617875,0.0,0.05,1.0,0.0,704,3,oracle_true_dynamics
2,mild,predicted_utility,1,0.0625,-3.518067983601187,-3.518067983601187,0.0,0.631569212601185,0.631569212601185,0.0,0.0625,1.0,0.0,704,3,oracle_true_dynamics
2,mild,predicted_utility,2,0.12109375,-1.1540972466733763,-1.1540972466733763,0.0,0.7516833017359955,0.7516833017359955,0.0,0.0625,1.0,0.0,704,3,oracle_true_dynamics
2,mild,predicted_utility,4,0.2275238037109375,0.34288506801314944,0.34288506801314944,0.0,0.8277454392111694,0.8277454392111694,0.0,0.0625,1.0,0.0,704,3,oracle_true_dynamics
2,mild,predicted_utility,8,0.4032805261667818,1.4338044621062298,1.4338044621062298,0.0,0.8831753932685876,0.8831753932685876,0.0,0.0625,1.0,0.0,704,3,oracle_true_dynamics
2,mild,predicted_utility,16,0.6439258695482072,2.4462463371868908,2.4462463371868908,0.0,0.9346178801520311,0.9346178801520311,0.0,0.0625,1.0,0.0,704,3,oracle_true_dynamics
2,mild,predicted_utility,32,0.8732112136229996,3.264491955054218,3.264491955054218,0.0,0.9761931947459889,0.9761931947459889,0.0,0.0625,1.0,0.0,704,3,oracle_true_dynamics
2,mild,predicted_utility,64,0.9839246036490474,3.6514653844907627,3.6514653844907627,0.0,0.9958554351747981,0.9958554351747981,0.0,0.0625,1.0,0.0,704,3,oracle_true_dynamics
3,mild,predicted_utility,1,0.0625,-3.427044789450568,-3.427044789450568,0.0,0.6362837988329141,0.6362837988329141,0.0,0.0625,1.0,0.0,704,3,oracle_true_dynamics
3,mild,predicted_utility,2,0.12109375,-0.8058738763526117,-0.8058738763526117,0.0,0.7693820886497984,0.7693820886497984,0.0,0.0625,1.0,0.0,704,3,oracle_true_dynamics
3,mild,predicted_utility,4,0.2275238037109375,0.6359411731372853,0.6359411731372853,0.0,0.8425948335190525,0.8425948335190525,0.0,0.0625,1.0,0.0,704,3,oracle_true_dynamics
3,mild,predicted_utility,8,0.4032805261667818,1.620536479138832,1.620536479138832,0.0,0.8925907917130382,0.8925907917130382,0.0,0.0625,1.0,0.0,704,3,oracle_true_dynamics
3,mild,predicted_utility,16,0.6439258695482072,2.4983814539882143,2.4983814539882143,0.0,0.9371661623204838,0.9371661623204838,0.0,0.0625,1.0,0.0,704,3,oracle_true_dynamics
3,mild,predicted_utility,32,0.8732112136229996,3.2157625201989752,3.2157625201989752,0.0,0.9735934676070418,0.9735934676070418,0.0,0.0625,1.0,0.0,704,3,oracle_true_dynamics
3,mild,predicted_utility,64,0.9839246036490474,3.586178666967699,3.586178666967699,0.0,0.9924025255777054,0.9924025255777054,0.0,0.0625,1.0,0.0,704,3,oracle_true_dynamics
4,mild,predicted_utility,1,0.050000000000000044,-3.8786129639519813,-3.8786129639519813,0.0,0.6086187971670682,0.6086187971670682,0.0,0.05,1.0,0.0,704,3,oracle_true_dynamics
4,mild,predicted_utility,2,0.09750000000000003,-1.6350037711636105,-1.6350037711636105,0.0,0.7321546948602196,0.7321546948602196,0.0,0.05,1.0,0.0,704,3,oracle_true_dynamics
4,mild,predicted_utility,4,0.18549375000000012,-0.2941871537551384,-0.2941871537551384,0.0,0.8059817165206151,0.8059817165206151,0.0,0.05,1.0,0.0,704,3,oracle_true_dynamics
4,mild,predicted_utility,8,0.33657956871093775,0.6820800971027784,0.6820800971027784,0.0,0.8597361990797056,0.8597361990797056,0.0,0.05,1.0,0.0,704,3,oracle_true_dynamics
4,mild,predicted_utility,16,0.5598733313482347,1.6258337729824746,1.6258337729824746,0.0,0.9117004439783966,0.9117004439783966,0.0,0.05,1.0,0.0,704,3,oracle_true_dynamics
4,mild,predicted_utility,32,0.8062885155414992,2.4782984707038387,2.4782984707038387,0.0,0.9586382048073444,0.9586382048073444,0.0,0.05,1.0,0.0,704,3,oracle_true_dynamics
4,mild,predicted_utility,64,0.9624758607888839,3.0026575252567165,3.0026575252567165,0.0,0.9875100630284352,0.9875100630284352,0.0,0.05,1.0,0.0,704,3,oracle_true_dynamics
5,mild,predicted_utility,1,0.07499999999999996,-3.7917422052758996,-3.7917422052758996,0.0,0.6176592677074022,0.6176592677074022,0.0,0.075,1.0,0.0,704,3,oracle_true_dynamics
5,mild,predicted_utility,2,0.14437499999999992,-0.8699615798170774,-0.8699615798170774,0.0,0.7623253172556359,0.7623253172556359,0.0,0.075,1.0,0.0,704,3,oracle_true_dynamics
5,mild,predicted_utility,4,0.2679058593749999,0.8624092988802889,0.8624092988802889,0.0,0.8481001523646872,0.8481001523646872,0.0,0.075,1.0,0.0,704,3,oracle_true_dynamics
5,mild,predicted_utility,8,0.4640381692625425,2.0041386344318175,2.0041386344318175,0.0,0.9046305678203755,0.9046305678203755,0.0,0.075,1.0,0.0,704,3,oracle_true_dynamics
5,mild,predicted_utility,16,0.712744915992553,2.9494103951648976,2.9494103951648976,0.0,0.9514337843874249,0.9514337843874249,0.0,0.075,1.0,0.0,704,3,oracle_true_dynamics
5,mild,predicted_utility,32,0.9174845167118745,3.620285228216763,3.620285228216763,0.0,0.9846507928764532,0.9846507928764532,0.0,0.075,1.0,0.0,704,3,oracle_true_dynamics
5,mild,predicted_utility,64,0.9931911950177271,3.880725422564769,3.880725422564769,0.0,0.9975459615731049,0.9975459615731049,0.0,0.075,1.0,0.0,704,3,oracle_true_dynamics
6,mild,predicted_utility,1,0.050000000000000044,-3.5187584867409094,-3.5187584867409094,0.0,0.5717693066477154,0.5717693066477154,0.0,0.05,1.0,0.0,704,3,oracle_true_dynamics
6,mild,predicted_utility,2,0.09750000000000003,-1.0442543792436547,-1.0442543792436547,0.0,0.7118980314323553,0.7118980314323553,0.0,0.05,1.0,0.0,704,3,oracle_true_dynamics
6,mild,predicted_utility,4,0.18549375000000012,0.55654898341041,0.55654898341041,0.0,0.8025499455512439,0.8025499455512439,0.0,0.05,1.0,0.0,704,3,oracle_true_dynamics
6,mild,predicted_utility,8,0.33657956871093775,1.6166846505563988,1.6166846505563988,0.0,0.8625843818190148,0.8625843818190148,0.0,0.05,1.0,0.0,704,3,oracle_true_dynamics
6,mild,predicted_utility,16,0.5598733313482347,2.531568122571947,2.531568122571947,0.0,0.9143933296690737,0.9143933296690737,0.0,0.05,1.0,0.0,704,3,oracle_true_dynamics
6,mild,predicted_utility,32,0.8062885155414992,3.3441979410724176,3.3441979410724176,0.0,0.96041175406507,0.96041175406507,0.0,0.05,1.0,0.0,704,3,oracle_true_dynamics
6,mild,predicted_utility,64,0.9624758607888839,3.855489091658308,3.855489091658308,0.0,0.98936566717768,0.98936566717768,0.0,0.05,1.0,0.0,704,3,oracle_true_dynamics
7,mild,predicted_utility,1,0.012499999999999956,-4.349462744922458,-4.349462744922458,0.0,0.6270376370460555,0.6270376370460555,0.0,0.0125,1.0,0.0,704,3,oracle_true_dynamics
7,mild,predicted_utility,2,0.024843749999999942,-2.2520689073578923,-2.2520689073578923,0.0,0.7356551046539712,0.7356551046539712,0.0,0.0125,1.0,0.0,704,3,oracle_true_dynamics
7,mild,predicted_utility,4,0.049070288085937275,-0.9655932488618474,-0.9655932488618474,0.0,0.802277655775472,0.802277655775472,0.0,0.0125,1.0,0.0,704,3,oracle_true_dynamics
7,mild,predicted_utility,8,0.09573268299903781,-0.14691259517628802,-0.14691259517628802,0.0,0.844674566546495,0.844674566546495,0.0,0.0125,1.0,0.0,704,3,oracle_true_dynamics
7,mild,predicted_utility,16,0.18230061940388131,0.44630610965734807,0.44630610965734807,0.0,0.8753955080800585,0.8753955080800585,0.0,0.0125,1.0,0.0,704,3,oracle_true_dynamics
7,mild,predicted_utility,32,0.33136772297272377,1.0010192652712973,1.0010192652712973,0.0,0.9041223676390363,0.9041223676390363,0.0,0.0125,1.0,0.0,704,3,oracle_true_dynamics
7,mild,predicted_utility,64,0.5529308781173198,1.648070835504291,1.648070835504291,0.0,0.9376311449185775,0.9376311449185775,0.0,0.0125,1.0,0.0,704,3,oracle_true_dynamics
8,mild,predicted_utility,1,0.03749999999999998,-4.308737042746394,-4.308737042746394,0.0,0.6428602847150652,0.6428602847150652,0.0,0.0375,1.0,0.0,704,3,oracle_true_dynamics
8,mild,predicted_utility,2,0.0735937499999999,-1.8278893496006232,-1.8278893496006232,0.0,0.7603058302756677,0.7603058302756677,0.0,0.0375,1.0,0.0,704,3,oracle_true_dynamics
8,mild,predicted_utility,4,0.14177145996093743,-0.40370254953984275,-0.40370254953984275,0.0,0.8277281054018172,0.8277281054018172,0.0,0.0375,1.0,0.0,704,3,oracle_true_dynamics
8,mild,predicted_utility,8,0.2634437730624192,0.5254418331341485,0.5254418331341485,0.0,0.871714630342147,0.871714630342147,0.0,0.0375,1.0,0.0,704,3,oracle_true_dynamics
8,mild,predicted_utility,16,0.45748492455947487,1.3741560682523644,1.3741560682523644,0.0,0.9118935202610661,0.9118935202610661,0.0,0.0375,1.0,0.0,704,3,oracle_true_dynamics
8,mild,predicted_utility,32,0.7056773929197614,2.2042263613267066,2.2042263613267066,0.0,0.9511897893118066,0.9511897893118066,0.0,0.0375,1.0,0.0,704,3,oracle_true_dynamics
8,mild,predicted_utility,64,0.9133742029614915,2.8563166644525286,2.8563166644525286,0.0,0.9820603266757023,0.9820603266757023,0.0,0.0375,1.0,0.0,704,3,oracle_true_dynamics
9,mild,predicted_utility,1,0.012499999999999956,-4.1175976304706285,-4.1175976304706285,0.0,0.5713531386162657,0.5713531386162657,0.0,0.0125,1.0,0.0,704,3,oracle_true_dynamics
9,mild,predicted_utility,2,0.024843749999999942,-1.8281642454577705,-1.8281642454577705,0.0,0.709876202194949,0.709876202194949,0.0,0.0125,1.0,0.0,704,3,oracle_true_dynamics
9,mild,predicted_utility,4,0.049070288085937275,-0.5808286450704069,-0.5808286450704069,0.0,0.7853467311946141,0.7853467311946141,0.0,0.0125,1.0,0.0,704,3,oracle_true_dynamics
9,mild,predicted_utility,8,0.09573268299903781,0.04188445627149856,0.04188445627149856,0.0,0.8230242312665278,0.8230242312665278,0.0,0.0125,1.0,0.0,704,3,oracle_true_dynamics
9,mild,predicted_utility,16,0.18230061940388131,0.5325887850105172,0.5325887850105172,0.0,0.8527144888530653,0.8527144888530653,0.0,0.0125,1.0,0.0,704,3,oracle_true_dynamics
9,mild,predicted_utility,32,0.33136772297272377,1.0921977605969129,1.0921977605969129,0.0,0.8865738490824615,0.8865738490824615,0.0,0.0125,1.0,0.0,704,3,oracle_true_dynamics
9,mild,predicted_utility,64,0.5529308781173198,1.7645245046231761,1.7645245046231761,0.0,0.9272532420353499,0.9272532420353499,0.0,0.0125,1.0,0.0,704,3,oracle_true_dynamics
10,mild,predicted_utility,1,0.08750000000000002,-2.874377434368193,-2.874377434368193,0.0,0.5982101565674961,0.5982101565674961,0.0,0.0875,1.0,0.0,704,3,oracle_true_dynamics
10,mild,predicted_utility,2,0.16734375,-0.5132420094808106,-0.5132420094808106,0.0,0.7383026062151379,0.7383026062151379,0.0,0.0875,1.0,0.0,704,3,oracle_true_dynamics
10,mild,predicted_utility,4,0.30668356933593754,1.003594348014908,1.003594348014908,0.0,0.8283005448324525,0.8283005448324525,0.0,0.0875,1.0,0.0,704,3,oracle_true_dynamics
10,mild,predicted_utility,8,0.5193123269712443,2.0733141350612674,2.0733141350612674,0.0,0.8917698671865592,0.8917698671865592,0.0,0.0875,1.0,0.0,704,3,oracle_true_dynamics
10,mild,predicted_utility,16,0.7689393609982,2.995464528071523,2.995464528071523,0.0,0.9464835045911159,0.9464835045911159,0.0,0.0875,1.0,0.0,704,3,oracle_true_dynamics
10,mild,predicted_utility,32,0.9466109811040798,3.619635801110011,3.619635801110011,0.0,0.9835172476445535,0.9835172476445535,0.0,0.0875,1.0,0.0,704,3,oracle_true_dynamics
10,mild,predicted_utility,64,0.9971496126613311,3.840208289068659,3.840208289068659,0.0,0.9966044004767448,0.9966044004767448,0.0,0.0875,1.0,0.0,704,3,oracle_true_dynamics
11,mild,predicted_utility,1,0.03749999999999998,-5.484487592841922,-5.484487592841922,0.0,0.6520635971408301,0.6520635971408301,0.0,0.0375,1.0,0.0,704,3,oracle_true_dynamics
11,mild,predicted_utility,2,0.0735937499999999,-2.162725474294573,-2.162725474294573,0.0,0.7850105759671823,0.7850105759671823,0.0,0.0375,1.0,0.0,704,3,oracle_true_dynamics
11,mild,predicted_utility,4,0.14177145996093743,-0.39008753651574524,-0.39008753651574524,0.0,0.8559569140763452,0.8559569140763452,0.0,0.0375,1.0,0.0,704,3,oracle_true_dynamics
11,mild,predicted_utility,8,0.2634437730624192,0.5815565643153875,0.5815565643153875,0.0,0.8948450532897689,0.8948450532897689,0.0,0.0375,1.0,0.0,704,3,oracle_true_dynamics
11,mild,predicted_utility,16,0.45748492455947487,1.4468607659121266,1.4468607659121266,0.0,0.9294771477211256,0.9294771477211256,0.0,0.0375,1.0,0.0,704,3,oracle_true_dynamics
11,mild,predicted_utility,32,0.7056773929197614,2.2901825348604437,2.2901825348604437,0.0,0.9632294386314705,0.9632294386314705,0.0,0.0375,1.0,0.0,704,3,oracle_true_dynamics
11,mild,predicted_utility,64,0.9133742029614915,2.925765953230031,2.925765953230031,0.0,0.9886674116857584,0.9886674116857584,0.0,0.0375,1.0,0.0,704,3,oracle_true_dynamics
0,mild,predicted_utility,1,0.04999999999999993,-3.7064543007439807,-12.981783052344436,-9.275328751600455,0.6057585876109469,0.6953608190519117,0.0896022314409648,0.05,0.8388157894736842,0.0,705,4,analytic_nominal_wam
0,mild,predicted_utility,2,0.08218749999999975,-1.5003414913400532,-5.233297435428183,-3.7329559440881295,0.7201095292933318,0.8344474236665024,0.11433789437317055,0.05,0.8388157894736842,0.0,705,4,analytic_nominal_wam
0,mild,predicted_utility,4,0.11155512695312486,-0.4499881112680049,-0.9400536412612204,-0.49006552999321545,0.7745532085097936,0.9115118633048367,0.1369586547950431,0.05,0.8388157894736842,0.0,705,4,analytic_nominal_wam
0,mild,predicted_utility,8,0.10472196800762282,-0.15868899308917475,1.144912316631836,1.3036013097210108,0.7896523132940125,0.9489373487683772,0.15928503547436468,0.05,0.8388157894736842,0.0,705,4,analytic_nominal_wam
0,mild,predicted_utility,16,0.04967315467925655,-0.2192521474130153,2.3331087354126625,2.5523608828256776,0.7865131022352372,0.9702656719626085,0.1837525697273713,0.05,0.8388157894736842,0.0,705,4,analytic_nominal_wam
0,mild,predicted_utility,32,0.007155251109644011,-0.2200870875579445,3.223308717894269,3.4433958054522136,0.7864698242163553,0.9862449095985443,0.19977508538218902,0.05,0.8388157894736842,0.0,705,4,analytic_nominal_wam
0,mild,predicted_utility,64,0.00012543801125423267,-0.09900054916814423,3.7611248466780705,3.8601253958462145,0.7927461848951527,0.9958987984947427,0.20315261359959003,0.05,0.8388157894736842,0.0,705,4,analytic_nominal_wam
1,mild,predicted_utility,1,0.07499999999999996,-5.167773279990625,-14.261369142474791,-9.093595862484166,0.597010244168264,0.6849328726957662,0.08792262852750221,0.075,0.9617117117117117,0.0,705,4,analytic_nominal_wam
1,mild,predicted_utility,2,0.13906249999999987,-2.3748857319603762,-6.637880589011292,-4.262994857050916,0.7320519146384697,0.8247679339923546,0.09271601935388485,0.075,0.9617117117117117,0.0,705,4,analytic_nominal_wam
1,mild,predicted_utility,4,0.23977856445312484,-0.5916812140431128,-2.6484622470290855,-2.0567810329859726,0.8182734014503538,0.8979444796743669,0.07967107822401309,0.075,0.9617117117117117,0.0,705,4,analytic_nominal_wam
1,mild,predicted_utility,8,0.36077381882417786,0.4871630731918836,-0.9409755215734551,-1.4281385947653387,0.8704376695134209,0.9292643287490695,0.05882665923564856,0.075,0.9617117117117117,0.0,705,4,analytic_nominal_wam
1,mild,predicted_utility,16,0.42764584028570213,0.9764857078475107,-0.042267450909318494,-1.0187531587568293,0.8940973925944244,0.9457490256522955,0.051651633057871016,0.075,0.9617117117117117,0.0,705,4,analytic_nominal_wam
1,mild,predicted_utility,32,0.3515307649579985,0.7855120141080537,0.6991140048446799,-0.08639800926337382,0.8848634344865765,0.9593479338925939,0.07448449940601742,0.075,0.9617117117117117,0.0,705,4,analytic_nominal_wam
1,mild,predicted_utility,64,0.1754911001039208,0.22509432045960884,1.50687151376658,1.2817771933069713,0.8577661238323322,0.9741643555322061,0.11639823169987396,0.075,0.9617117117117117,0.0,705,4,analytic_nominal_wam
2,mild,predicted_utility,1,0.03750000000000009,-4.636817515176048,-12.177279555637003,-7.540462040460955,0.6378709779842247,0.7246136791513951,0.08674270116717042,0.0375,0.9004329004329005,0.0,705,4,analytic_nominal_wam
2,mild,predicted_utility,2,0.06640625000000011,-1.8559995300717747,-4.659284990818315,-2.8032854607465403,0.7616609813805146,0.857407926174107,0.09574694479359236,0.0375,0.9004329004329005,0.0,705,4,analytic_nominal_wam
2,mild,predicted_utility,4,0.10451086425781264,-0.4222914279922794,-0.9081066441381332,-0.4858152161458538,0.8254834723800667,0.9236669397581786,0.0981834673781119,0.0375,0.9004329004329005,0.0,705,4,analytic_nominal_wam
2,mild,predicted_utility,8,0.13129759756887308,0.1917374010806157,0.7869976381924776,0.5952602371118618,0.8528173832090069,0.9536084480761613,0.10079106486715439,0.0375,0.9004329004329005,0.0,705,4,analytic_nominal_wam
2,mild,predicted_utility,16,0.10901919769122911,0.3324268633158197,1.8648680271611144,1.5324411638452946,0.8590802702807998,0.9726474332013947,0.11356716292059488,0.0375,0.9004329004329005,0.0,705,4,analytic_nominal_wam
2,mild,predicted_utility,32,0.043597161340346,0.1327672169033926,2.7127885382072776,2.580021321303885,0.8501922853641711,0.9876246940691277,0.13743240870495654,0.0375,0.9004329004329005,0.0,705,4,analytic_nominal_wam
2,mild,predicted_utility,64,0.0046743565726143615,-0.09891087347057347,3.227110593527267,3.3260214669978403,0.8398789776439739,0.9967094319569421,0.15683045431296816,0.0375,0.9004329004329005,0.0,705,4,analytic_nominal_wam
3,mild,predicted_utility,1,0.1000000000000002,-2.0940421585730835,-11.09003396504558,-8.995991806472496,0.6072556269512772,0.7323990327371311,0.12514340578585392,0.1,0.8697916666666666,0.0,705,4,analytic_nominal_wam
3,mild,predicted_utility,2,0.1665625000000004,-0.3101412938538318,-3.7626937604135953,-3.4525524665597636,0.7305902088907164,0.8656901352915907,0.13509992640087432,0.1,0.8697916666666666,0.0,705,4,analytic_nominal_wam
3,mild,predicted_utility,4,0.23255854492187544,0.5231199888731983,-0.5296352765892094,-1.0527552654624077,0.7881998743065315,0.9245024625340984,0.1363025882275669,0.1,0.8697916666666666,0.0,705,4,analytic_nominal_wam
3,mild,predicted_utility,8,0.23246522188424992,0.6216596945408075,0.8831478752819544,0.2614881807411469,0.7950126707142862,0.95020229613323,0.15518962541894388,0.1,0.8697916666666666,0.0,705,4,analytic_nominal_wam
3,mild,predicted_utility,16,0.1272422850711561,0.1607890199006538,1.9273384807699778,1.766549460869324,0.7631491893353273,0.9691970900414647,0.20604790070613743,0.1,0.8697916666666666,0.0,705,4,analytic_nominal_wam
3,mild,predicted_utility,32,0.025147048386920137,-0.40932011802272955,2.845863362495608,3.2551834805183373,0.7237332253788882,0.9859059080831765,0.2621726827042883,0.1,0.8697916666666666,0.0,705,4,analytic_nominal_wam
3,mild,predicted_utility,64,0.0008886580932473386,-0.7629774551582287,3.423349800448665,4.186327255606894,0.6992822142896107,0.9964109210722487,0.29712870678263803,0.1,0.8697916666666666,0.0,705,4,analytic_nominal_wam
4,mild,predicted_utility,1,0.050000000000000155,-3.271360189783186,-11.554374311285981,-8.283014121502795,0.6384831338573814,0.720148063233112,0.08166492937573055,0.05,0.8256578947368421,0.0,705,4,analytic_nominal_wam
4,mild,predicted_utility,2,0.08093750000000022,-0.7725534516130356,-3.356810804366727,-2.584257352753691,0.7618126891816174,0.8661666156129414,0.10435392643132402,0.05,0.8256578947368421,0.0,705,4,analytic_nominal_wam
4,mild,predicted_utility,4,0.10710708007812542,0.2403940732216649,0.5504064067424616,0.31001233352079666,0.8118070988717928,0.9357636611885158,0.12395656231672303,0.05,0.8256578947368421,0.0,705,4,analytic_nominal_wam
4,mild,predicted_utility,8,0.0970514746472755,0.41151934065490836,2.1497653915358046,1.7382460508808961,0.8202530514198227,0.964252136269932,0.14399908485010926,0.05,0.8256578947368421,0.0,705,4,analytic_nominal_wam
4,mild,predicted_utility,16,0.04387814853048446,0.34582878127785244,3.19312386207106,2.8472950807932076,0.8170108689199849,0.9828368893312774,0.16582602041129257,0.05,0.8256578947368421,0.0,705,4,analytic_nominal_wam
4,mild,predicted_utility,32,0.005438143863045581,0.3592805816361261,3.854731349702506,3.49545076806638,0.8176747876341273,0.9946217285101454,0.17694694087601814,0.05,0.8256578947368421,0.0,705,4,analytic_nominal_wam
4,mild,predicted_utility,64,5.706211530094023e-05,0.46811290809556944,4.078860168415389,3.6107472603198194,0.8230462484286399,0.998614008121939,0.17556775969329907,0.05,0.8256578947368421,0.0,705,4,analytic_nominal_wam
5,mild,predicted_utility,1,0.11249999999999993,-3.886181681650525,-11.99748597896119,-8.111304297310665,0.6481463703442997,0.7432311528868099,0.09508478254251018,0.1125,0.8779342723004695,0.0,705,4,analytic_nominal_wam
5,mild,predicted_utility,2,0.18796875000000002,-1.3415173221167034,-4.646450449982334,-3.30493312786563,0.775113470977506,0.8691954573529932,0.09408198637548715,0.1125,0.8779342723004695,0.0,705,4,analytic_nominal_wam
5,mild,predicted_utility,4,0.2658894287109374,0.04009370431798347,-1.4190740273045046,-1.459167731622488,0.8440495354026848,0.9244984449022379,0.08044890949955308,0.1125,0.8779342723004695,0.0,705,4,analytic_nominal_wam
5,mild,predicted_utility,8,0.28146838116294765,0.5616560349368364,-0.07845126646037137,-0.6401073013972077,0.8700731076942799,0.9474708020559414,0.07739769436166144,0.1125,0.8779342723004695,0.0,705,4,analytic_nominal_wam
5,mild,predicted_utility,16,0.19801450532779527,0.4492689250014398,0.7879095806288489,0.3386406556274091,0.8644655054800309,0.9623164032083393,0.09785089772830846,0.1125,0.8779342723004695,0.0,705,4,analytic_nominal_wam
5,mild,predicted_utility,32,0.09328971389415729,0.16373488370826597,1.6051670543503977,1.4414321706421318,0.8502186641552606,0.9763205892636645,0.1261019251084039,0.1125,0.8779342723004695,0.0,705,4,analytic_nominal_wam
5,mild,predicted_utility,64,0.023190175986451882,-0.003838016209173449,2.3870520393306762,2.39089005553985,0.8418575436925549,0.9897186469818366,0.1478611032892817,0.1125,0.8779342723004695,0.0,705,4,analytic_nominal_wam
6,mild,predicted_utility,1,0.050000000000000044,-5.141614572212056,-14.572867839988577,-9.43125326777652,0.6566696886864729,0.7316531852810707,0.0749834965945978,0.05,0.944078947368421,0.0,705,4,analytic_nominal_wam
6,mild,predicted_utility,2,0.09218749999999998,-2.1772433566009495,-5.94402296155227,-3.7667796049513207,0.77798621929726,0.861192304158004,0.08320608486074399,0.05,0.944078947368421,0.0,705,4,analytic_nominal_wam
6,mild,predicted_utility,4,0.15715112304687506,-0.5139076982949772,-1.4207635691608442,-0.906855870865867,0.8460580283352828,0.9290969941132577,0.08303896577797498,0.05,0.944078947368421,0.0,705,4,analytic_nominal_wam
6,mild,predicted_utility,8,0.23115830903856177,0.24677449155990155,0.4693845098420555,0.22261001828215393,0.8771888542199162,0.9574725322241405,0.08028367800422431,0.05,0.944078947368421,0.0,705,4,analytic_nominal_wam
6,mild,predicted_utility,16,0.26351286102446503,0.5176884603352061,1.607303006674312,1.0896145463391058,0.8882759753647773,0.974555347074803,0.08627937171002564,0.05,0.944078947368421,0.0,705,4,analytic_nominal_wam
6,mild,predicted_utility,32,0.21102776003137458,0.3551089046311819,2.5359489642248,2.180840059593618,0.8816224268677515,0.9884964922436469,0.10687406537589539,0.05,0.944078947368421,0.0,705,4,analytic_nominal_wam
6,mild,predicted_utility,64,0.1175327917403539,-0.052419911660412655,3.0973726421710817,3.149792553831494,0.8649443597430764,0.9969247731528974,0.13198041340982103,0.05,0.944078947368421,0.0,705,4,analytic_nominal_wam
7,mild,predicted_utility,1,0.050000000000000044,-5.751147779856981,-14.132836243889162,-8.38168846403218,0.5968517220083841,0.6852176358337723,0.08836591382538816,0.05,0.9703947368421053,0.0,705,4,analytic_nominal_wam
7,mild,predicted_utility,2,0.09468750000000015,-2.642821486839606,-6.207155157394226,-3.56433367055462,0.7379619467452531,0.8308354798688083,0.09287353312355529,0.05,0.9703947368421053,0.0,705,4,analytic_nominal_wam
7,mild,predicted_utility,4,0.170520263671875,-0.80765203848675,-2.28391806859569,-1.4762660301089399,0.8212740410607843,0.9029167710883853,0.08164273002760103,0.05,0.9703947368421053,0.0,705,4,analytic_nominal_wam
7,mild,predicted_utility,8,0.28113754767982374,0.1770235875179009,-0.774806649107979,-0.95183023662588,0.8659758470425338,0.9306435429476394,0.06466769590510557,0.05,0.9703947368421053,0.0,705,4,analytic_nominal_wam
7,mild,predicted_utility,16,0.40589626731051553,0.7791500944881935,0.00430144565865187,-0.7748486488295416,0.8933108816267324,0.9449580276956416,0.05164714606890919,0.05,0.9703947368421053,0.0,705,4,analytic_nominal_wam
7,mild,predicted_utility,32,0.5112907546505774,1.1986255425488939,0.708694208869219,-0.4899313336796749,0.9123540158306335,0.957899774204643,0.04554575837400954,0.05,0.9703947368421053,0.0,705,4,analytic_nominal_wam
7,mild,predicted_utility,64,0.6241785989216967,1.6045092088697643,1.5283572274257549,-0.07615198144400948,0.9307801172023669,0.972959371013406,0.04217925381103915,0.05,0.9703947368421053,0.0,705,4,analytic_nominal_wam
8,mild,predicted_utility,1,0.0625,-4.039498024423567,-13.224049098969699,-9.184551074546132,0.6071476556010895,0.6912758275855372,0.08412817198444766,0.0625,0.856,0.0,705,4,analytic_nominal_wam
8,mild,predicted_utility,2,0.10421875000000014,-1.3544534823107781,-4.695235662236995,-3.340782179926217,0.7467658417900518,0.8476104794648723,0.10084463767482055,0.0625,0.856,0.0,705,4,analytic_nominal_wam
8,mild,predicted_utility,4,0.14580778808593747,-0.0931632229318083,-0.5828730209334294,-0.4897097980016211,0.8123509952243152,0.9229908107030789,0.11063981547876367,0.0625,0.856,0.0,705,4,analytic_nominal_wam
8,mild,predicted_utility,8,0.1460508788135331,0.18038790519581138,1.0775220299255377,0.8971341247297263,0.8265752331243205,0.9534261443146964,0.12685091119037595,0.0625,0.856,0.0,705,4,analytic_nominal_wam
8,mild,predicted_utility,16,0.07914790865753378,-0.031232262910339384,2.181575879508157,2.2128081424184964,0.8155713098863339,0.9736636457574128,0.15809233587107896,0.0625,0.856,0.0,705,4,analytic_nominal_wam
8,mild,predicted_utility,32,0.014308263755174614,-0.31913067461056643,3.0295753034508817,3.348705978061448,0.8006010353088253,0.9892076244971741,0.18860658918834883,0.0625,0.856,0.0,705,4,analytic_nominal_wam
8,mild,predicted_utility,64,0.0003558326616216268,-0.4468543134853788,3.457901336051999,3.9047556495373774,0.7939596025454332,0.9970589160858907,0.20309931354045752,0.0625,0.856,0.0,705,4,analytic_nominal_wam
9,mild,predicted_utility,1,0.050000000000000155,-5.311010835087603,-16.641423451475088,-11.330412616387484,0.5576598064425257,0.6486236885677364,0.09096388212521078,0.05,0.9342105263157895,0.0,705,4,analytic_nominal_wam
9,mild,predicted_utility,2,0.09125000000000028,-2.509481371149804,-7.730822233396159,-5.221340862246356,0.702832553058151,0.8086995300518152,0.10586697699366421,0.05,0.9342105263157895,0.0,705,4,analytic_nominal_wam
9,mild,predicted_utility,4,0.15241835937500037,-0.7494594494321779,-2.7373437516599304,-1.9878843022277524,0.7940353120397825,0.8984056284770002,0.10437031643721773,0.05,0.9342105263157895,0.0,705,4,analytic_nominal_wam
9,mild,predicted_utility,8,0.21526824755140384,0.1371688694800377,-0.6800869425002953,-0.817255811980333,0.8399795970956898,0.935363529163535,0.09538393206784523,0.05,0.9342105263157895,0.0,705,4,analytic_nominal_wam
9,mild,predicted_utility,16,0.22581778365834224,0.4301802423980494,0.2521457332630454,-0.17803450913500402,0.8551631838984262,0.9521107638763846,0.09694757997795844,0.05,0.9342105263157895,0.0,705,4,analytic_nominal_wam
9,mild,predicted_utility,32,0.15013458817918507,0.24739077848506555,0.9362181269483243,0.6888273484632588,0.8456911976601138,0.9643998857184691,0.11870868805835533,0.05,0.9342105263157895,0.0,705,4,analytic_nominal_wam
9,mild,predicted_utility,64,0.05404477487213321,-0.10021301277563041,1.646207663705993,1.7464206764816235,0.8276786806543529,0.9771545999919329,0.14947591933757998,0.05,0.9342105263157895,0.0,705,4,analytic_nominal_wam
10,mild,predicted_utility,1,0.0625,-4.579741308311613,-11.053234711580295,-6.473493403268682,0.6273241565753096,0.7209425717782999,0.0936184152029903,0.0625,0.9893333333333333,0.0,705,4,analytic_nominal_wam
10,mild,predicted_utility,2,0.11984374999999992,-2.0259369551418644,-4.751190719060257,-2.7252537639183925,0.7524592926628989,0.8476385025757486,0.09517920991284967,0.0625,0.9893333333333333,0.0,705,4,analytic_nominal_wam
10,mild,predicted_utility,4,0.22093122558593747,-0.4919762701895781,-1.8847008472972941,-1.3927245771077161,0.8276225990556797,0.9052662504708001,0.07764365141512042,0.0625,0.9893333333333333,0.0,705,4,analytic_nominal_wam
10,mild,predicted_utility,8,0.3794755738668817,0.6131594582127127,-0.5616686460733844,-1.174828104286097,0.8817736970429754,0.9318644139250722,0.050090716882096875,0.0625,0.9893333333333333,0.0,705,4,analytic_nominal_wam
10,mild,predicted_utility,16,0.5824984160094677,1.5166511767247624,0.24756124625724563,-1.2690899304675167,0.9260443393925697,0.948133125244707,0.02208878585213736,0.0625,0.9893333333333333,0.0,705,4,analytic_nominal_wam
10,mild,predicted_utility,32,0.7790771604008416,2.2046197375562158,0.9114582497538544,-1.2931614878023614,0.959754454804024,0.9614800725068136,0.0017256177027895614,0.0625,0.9893333333333333,0.0,705,4,analytic_nominal_wam
10,mild,predicted_utility,64,0.9265992119737751,2.6532581254111056,1.603644621024583,-1.0496135043865227,0.9817375114342852,0.9753957475953312,-0.006341763838954018,0.0625,0.9893333333333333,0.0,705,4,analytic_nominal_wam
11,mild,predicted_utility,1,0.050000000000000044,-5.674372913357772,-15.407251579365683,-9.732878666007911,0.6125961539655043,0.6998278567622279,0.08723170279672365,0.05,0.9243421052631579,0.0,705,4,analytic_nominal_wam
11,mild,predicted_utility,2,0.09031250000000013,-2.5631595609464815,-6.788406345911206,-4.225246784964725,0.7473289472563823,0.8419361489159579,0.09460720165957559,0.05,0.9243421052631579,0.0,705,4,analytic_nominal_wam
11,mild,predicted_utility,4,0.14776645507812525,-0.7377587066472946,-2.2843833857581446,-1.54662467911085,0.8263789281214596,0.9161988828845549,0.08981995476309523,0.05,0.9243421052631579,0.0,705,4,analytic_nominal_wam
11,mild,predicted_utility,8,0.20000943473407873,0.10960040775391323,-0.40981594263487164,-0.5194163503887849,0.8630742773218856,0.9471069187818952,0.08403264146000966,0.05,0.9243421052631579,0.0,705,4,analytic_nominal_wam
11,mild,predicted_utility,16,0.19030867659905631,0.31273885686964314,0.6426424009548963,0.3299035440852532,0.8718712987967795,0.9644599462141493,0.09258864741736983,0.05,0.9243421052631579,0.0,705,4,analytic_nominal_wam
11,mild,predicted_utility,32,0.09573484789730374,0.0892337743826786,1.5157642009991,1.4265304266164214,0.8621922891413222,0.978856056654195,0.11666376751287277,0.05,0.9243421052631579,0.0,705,4,analytic_nominal_wam
11,mild,predicted_utility,64,0.014943354045593283,-0.07934518182465436,2.255524590394492,2.3348697722191463,0.8548918853801107,0.9910532922109845,0.13616140683087374,0.05,0.9243421052631579,0.0,705,4,analytic_nominal_wam
0,mild,predicted_utility,1,0.050000000000000044,-3.7064543007439794,-3.837974520032123,-0.13152021928814372,0.605758587610947,0.6963546768501137,0.09059608923916662,0.05,0.9901315789473685,0.0,705,4,learned_wam_lite
0,mild,predicted_utility,2,0.0965625,-1.393648537607453,-1.5882017133714192,-0.19455317576396625,0.725639817535253,0.8421120245941508,0.11647220705889783,0.05,0.9901315789473685,0.0,705,4,learned_wam_lite
0,mild,predicted_utility,4,0.18054916992187509,-0.022775936849725564,-0.25175592321220025,-0.22897998636247469,0.7966971869295142,0.928697120298292,0.1319999333687778,0.05,0.9901315789473685,0.0,705,4,learned_wam_lite
0,mild,predicted_utility,8,0.318717930771121,0.9070169622788621,0.4159409847048795,-0.4910759775739826,0.8448917729596259,0.9719555907121739,0.12706381775254794,0.05,0.9901315789473685,0.0,705,4,learned_wam_lite
0,mild,predicted_utility,16,0.513679369565122,1.7885658807781253,0.6948932150079805,-1.0936726657701448,0.8905856960173119,0.9900282321432942,0.0994425361259823,0.05,0.9901315789473685,0.0,705,4,learned_wam_lite
0,mild,predicted_utility,32,0.7348038573119667,2.7129083146286757,0.7993848159311308,-1.913523498697545,0.9384977643835515,0.9967979906571295,0.058300226273578004,0.05,0.9901315789473685,0.0,705,4,learned_wam_lite
0,mild,predicted_utility,64,0.9173326206050955,3.482606649916529,0.8343430877322064,-2.6482635621843227,0.97839406029206,0.9990628526753539,0.020668792383293888,0.05,0.9901315789473685,0.0,705,4,learned_wam_lite
1,mild,predicted_utility,1,0.07499999999999996,-5.167773279990625,-5.827859326351429,-0.6600860463608038,0.5970102441682639,0.6432593586266698,0.04624911445840596,0.075,0.9617117117117117,0.0,705,4,learned_wam_lite
1,mild,predicted_utility,2,0.13906249999999987,-2.375985084541547,-2.7960392784618793,-0.42005419392033216,0.7319987587535857,0.794286119213583,0.06228736045999739,0.075,0.9617117117117117,0.0,705,4,learned_wam_lite
1,mild,predicted_utility,4,0.23977856445312484,-0.5928059263055171,-1.0112535518342678,-0.4184476255287507,0.8182190193744194,0.8831932450906483,0.0649742257162289,0.075,0.9617117117117117,0.0,705,4,learned_wam_lite
1,mild,predicted_utility,8,0.36077381882417786,0.469022476013035,-0.14061320857637358,-0.6096356845894085,0.8695605355421351,0.9265632303145566,0.05700269477242148,0.075,0.9617117117117117,0.0,705,4,learned_wam_lite
1,mild,predicted_utility,16,0.42764584028570213,0.8847209306277177,0.3072243670692164,-0.5774965635585013,0.8896603830145626,0.9488717635554825,0.0592113805409199,0.075,0.9617117117117117,0.0,705,4,learned_wam_lite
1,mild,predicted_utility,32,0.3515307649579985,0.5230911115433503,0.6026365155011845,0.07954540395783416,0.8721748616603522,0.9635873928180956,0.09141253115774339,0.075,0.9617117117117117,0.0,705,4,learned_wam_lite
1,mild,predicted_utility,64,0.1754911001039208,-0.27606332810388456,0.8890377971276603,1.1651011252315449,0.8335341542785757,0.9778541557224758,0.14432000144390011,0.075,0.9617117117117117,0.0,705,4,learned_wam_lite
2,mild,predicted_utility,1,0.03749999999999998,-4.636817515176049,-4.540234623760353,0.09658289141569654,0.6378709779842245,0.7208054924891802,0.0829345145049557,0.0375,0.9913419913419913,0.0,705,4,learned_wam_lite
2,mild,predicted_utility,2,0.07296875000000003,-1.8316026489917896,-1.8910733480433028,-0.059470699051513254,0.7627470251302056,0.8597905228357905,0.09704349770558485,0.0375,0.9913419913419913,0.0,705,4,learned_wam_lite
2,mild,predicted_utility,4,0.1383421630859375,-0.30323461733989177,-0.5119835391089387,-0.2087489217690469,0.8307833672577452,0.9321427954974703,0.1013594282397251,0.0375,0.9913419913419913,0.0,705,4,learned_wam_lite
2,mild,predicted_utility,8,0.25004915379358217,0.5798257228430115,0.08883465028378883,-0.49099107255922264,0.8700933987290326,0.9636639924328823,0.09357059370384968,0.0375,0.9913419913419913,0.0,705,4,learned_wam_lite
2,mild,predicted_utility,16,0.41713236977514717,1.3301605428296335,0.3961780284925565,-0.933982514337077,0.9034950634233925,0.9797883896671025,0.07629332624370999,0.0375,0.9913419913419913,0.0,705,4,learned_wam_lite
2,mild,predicted_utility,32,0.622140187029703,2.0549011497437113,0.582363536517835,-1.4725376132258763,0.9357573843202991,0.9895563863233227,0.053799002003023566,0.0375,0.9913419913419913,0.0,705,4,learned_wam_lite
2,mild,predicted_utility,64,0.8236172607226211,2.672719250973706,0.6953233517091255,-1.9773958992645806,0.9632599771757905,0.9954826858982927,0.032222708722502214,0.0375,0.9913419913419913,0.0,705,4,learned_wam_lite
3,mild,predicted_utility,1,0.09999999999999998,-2.094042158573085,-3.9561076892939644,-1.8620655307208795,0.607255626951277,0.7333701078444022,0.12611448089312516,0.1,0.9184027777777778,0.0,705,4,learned_wam_lite
3,mild,predicted_utility,2,0.17531249999999987,-0.26500035479688794,-1.4287161466310294,-1.1637157918341414,0.7337111440037885,0.8749285573756999,0.1412174133719114,0.1,0.9184027777777778,0.0,705,4,learned_wam_lite
3,mild,predicted_utility,4,0.2758401855468747,0.7315270995431215,-0.2414908505289841,-0.9730179500721056,0.8026086367977847,0.9414246935396543,0.1388160567418696,0.1,0.9184027777777778,0.0,705,4,learned_wam_lite
3,mild,predicted_utility,8,0.36776456897273835,1.23365013722131,0.20500858372325817,-1.0286415534980518,0.8373242065690608,0.9664329942174168,0.12910878764835598,0.1,0.9184027777777778,0.0,705,4,learned_wam_lite
3,mild,predicted_utility,16,0.39018210492589755,1.3625895003836666,0.3927713976385263,-0.9698181027451402,0.8462387616128297,0.9769495336490057,0.13071077203617598,0.1,0.9184027777777778,0.0,705,4,learned_wam_lite
3,mild,predicted_utility,32,0.29838209701662505,1.044538615150398,0.5184775481020745,-0.5260610670483234,0.8242494943045888,0.9839902977948802,0.1597408034902914,0.1,0.9184027777777778,0.0,705,4,learned_wam_lite
3,mild,predicted_utility,64,0.14440671110138523,0.4469602709361813,0.6345931159091716,0.18763284497299026,0.7829343760055001,0.9904938962550937,0.20755952024959357,0.1,0.9184027777777778,0.0,705,4,learned_wam_lite
4,mild,predicted_utility,1,0.04999999999999982,-3.2713601897831865,-3.3494052602831164,-0.07804507049992981,0.638483133857381,0.7061870604253652,0.06770392656798419,0.05,0.8782894736842105,0.0,705,4,learned_wam_lite
4,mild,predicted_utility,2,0.08593749999999972,-0.6935050602932251,-1.1872369696466194,-0.4937319093533943,0.7657141525487713,0.8563380252844129,0.09062387273564165,0.05,0.8782894736842105,0.0,705,4,learned_wam_lite
4,mild,predicted_utility,4,0.13277221679687443,0.5025797890171675,-0.1227102501202106,-0.6252900391373781,0.8247473744231165,0.9302636834985909,0.10551630907547438,0.05,0.8782894736842105,0.0,705,4,learned_wam_lite
4,mild,predicted_utility,8,0.18212277924653825,0.9452536492865373,0.27935283806524,-0.6659008112212974,0.8465957108737632,0.9581848036476066,0.11158909277384343,0.05,0.8782894736842105,0.0,705,4,learned_wam_lite
4,mild,predicted_utility,16,0.23749263731245177,1.2094577440611531,0.4702078129075674,-0.7392499311535857,0.859635604285951,0.9714386556927168,0.11180305140676583,0.05,0.8782894736842105,0.0,705,4,learned_wam_lite
4,mild,predicted_utility,32,0.34452406616598985,1.5783173373433272,0.6021462449607101,-0.9761710923826171,0.8778408095632033,0.9806010705521713,0.10276026098896796,0.05,0.8782894736842105,0.0,705,4,learned_wam_lite
4,mild,predicted_utility,64,0.5533352047525861,2.2812956887109364,0.7155727560589917,-1.5657229326519446,0.9125365730059656,0.9884779320137687,0.07594135900780308,0.05,0.8782894736842105,0.0,705,4,learned_wam_lite
5,mild,predicted_utility,1,0.11249999999999982,-3.886181681650524,-4.842870438994263,-0.9566887573437386,0.6481463703442994,0.7143705914301984,0.06622422108589898,0.1125,0.9342723004694836,0.0,705,4,learned_wam_lite
5,mild,predicted_utility,2,0.19921874999999967,-1.31138585805817,-1.9177316474855153,-0.6063457894273452,0.7766168930752035,0.8572579797650385,0.08064108668983494,0.1125,0.9342723004694836,0.0,705,4,learned_wam_lite
5,mild,predicted_utility,4,0.31560388183593696,0.17941867346023663,-0.47089886639342915,-0.6503175398536658,0.8510012134546554,0.9279329706569585,0.07693175720230305,0.1125,0.9342723004694836,0.0,705,4,learned_wam_lite
5,mild,predicted_utility,8,0.41180404909044166,0.9327624654232711,0.12770493669426602,-0.8050575287290052,0.8885896194411702,0.9571736119279961,0.0685839924868259,0.1125,0.9342723004694836,0.0,705,4,learned_wam_lite
5,mild,predicted_utility,16,0.39939020999354596,1.0191830466370475,0.41002117673392136,-0.6091618699031262,0.892901610761613,0.9709642157587878,0.07806260499717477,0.1125,0.9342723004694836,0.0,705,4,learned_wam_lite
5,mild,predicted_utility,32,0.2574952263207415,0.5878737296651972,0.5966234935949244,0.00874976392972715,0.8713812506218432,0.9800793790429706,0.10869812842112736,0.1125,0.9342723004694836,0.0,705,4,learned_wam_lite
5,mild,predicted_utility,64,0.08420222569809258,0.09295641946615185,0.7666676282799941,0.6737112088138423,0.846687142853277,0.9883857070631447,0.1416985642098677,0.1125,0.9342723004694836,0.0,705,4,learned_wam_lite
6,mild,predicted_utility,1,0.04999999999999993,-5.14161457221206,-5.686081246319184,-0.5444666741071247,0.6566696886864729,0.7087693937983699,0.05209970511189699,0.05,0.9407894736842105,0.0,705,4,learned_wam_lite
6,mild,predicted_utility,2,0.09187499999999993,-2.168374087791939,-2.627030172139916,-0.458656084347977,0.7783491930420113,0.8554918774678709,0.07714268442585959,0.05,0.9407894736842105,0.0,705,4,learned_wam_lite
6,mild,predicted_utility,4,0.15575390624999985,-0.46832758652458545,-0.9091904195948725,-0.440862833070287,0.8479233888527895,0.9378853089365596,0.08996192008377013,0.05,0.9407894736842105,0.0,705,4,learned_wam_lite
6,mild,predicted_utility,8,0.2274184359990118,0.3532302763305465,-0.22587678396862382,-0.5791070602991704,0.8815455442335727,0.9706593526884179,0.08911380845484518,0.05,0.9407894736842105,0.0,705,4,learned_wam_lite
6,mild,predicted_utility,16,0.25647900085808534,0.7066200779857469,0.04675793338482993,-0.659862144600917,0.89600797878437,0.9837358401005684,0.08772786131619836,0.05,0.9407894736842105,0.0,705,4,learned_wam_lite
6,mild,predicted_utility,32,0.19172971490345242,0.6544407239809331,0.19302100334025518,-0.46141972064067793,0.8938725450829361,0.9907511139134594,0.09687856883052326,0.05,0.9407894736842105,0.0,705,4,learned_wam_lite
6,mild,predicted_utility,64,0.07233871683592494,0.3923124848367794,0.29513756095580224,-0.09717492388097715,0.883144978852157,0.9956489709919498,0.11250399213979279,0.05,0.9407894736842105,0.0,705,4,learned_wam_lite
7,mild,predicted_utility,1,0.050000000000000155,-5.751147779856977,-6.092949996814563,-0.3418022169575865,0.596851722008384,0.6677076867844579,0.07085596477607392,0.05,0.9638157894736842,0.0,705,4,learned_wam_lite
7,mild,predicted_utility,2,0.09406250000000027,-2.6373428534329593,-2.768050829155878,-0.1307079757229186,0.7382106629733401,0.8306373384712836,0.09242667549794348,0.05,0.9638157894736842,0.0,705,4,learned_wam_lite
7,mild,predicted_utility,4,0.1678137207031256,-0.7695658230706369,-0.882081357340338,-0.11251553426970107,0.8230030598027411,0.9230552836901377,0.10005222388739654,0.05,0.9638157894736842,0.0,705,4,learned_wam_lite
7,mild,predicted_utility,8,0.27460405661276055,0.2840239862710212,-0.07888751386372682,-0.36291150013474804,0.8708333970201232,0.9624140992679339,0.09158070224781067,0.05,0.9638157894736842,0.0,705,4,learned_wam_lite
7,mild,predicted_utility,16,0.397109276976801,0.9515043824932904,0.2586866168420843,-0.692817765651206,0.9011353344100188,0.9789562055878411,0.07782087117782233,0.05,0.9638157894736842,0.0,705,4,learned_wam_lite
7,mild,predicted_utility,32,0.47820369229200393,1.2863497052158466,0.431819658365176,-0.8545300468506706,0.9163364729930605,0.9874402241184547,0.07110375112539413,0.05,0.9638157894736842,0.0,705,4,learned_wam_lite
7,mild,predicted_utility,64,0.4095919588239787,1.0736319621200703,0.5463918423635765,-0.5272401197564938,0.9066796204929884,0.9930545916798635,0.0863749711868751,0.05,0.9638157894736842,0.0,705,4,learned_wam_lite
8,mild,predicted_utility,1,0.06250000000000011,-4.039498024423566,-4.635899759406731,-0.5964017349831643,0.6071476556010895,0.7060228482721067,0.09887519267101719,0.0625,0.9626666666666667,0.0,705,4,learned_wam_lite
8,mild,predicted_utility,2,0.1167187500000002,-1.2854913402513402,-1.767354213151514,-0.48186287290017393,0.7503517671030334,0.8713465329262577,0.12099476582322433,0.0625,0.9626666666666667,0.0,705,4,learned_wam_lite
8,mild,predicted_utility,4,0.20489919433593795,0.2045513430875756,-0.3412009130456765,-0.5457522561332522,0.8278316947277035,0.9535404234025558,0.1257087286748524,0.0625,0.9626666666666667,0.0,705,4,learned_wam_lite
8,mild,predicted_utility,8,0.3234433761287878,0.9921332007255814,0.13331265465980205,-0.8588205460657794,0.8687847399059512,0.9808881960512656,0.11210345614531447,0.0625,0.9626666666666667,0.0,705,4,learned_wam_lite
8,mild,predicted_utility,16,0.43496785339366084,1.5244480484217706,0.2829221278463138,-1.2415259205754567,0.8964642932061414,0.9895106805011463,0.09304638729500492,0.0625,0.9626666666666667,0.0,705,4,learned_wam_lite
8,mild,predicted_utility,32,0.473641732143972,1.7657894965913987,0.3474844217633643,-1.4183050748280344,0.9090136772916458,0.9932316171737487,0.08421793988210291,0.0625,0.9626666666666667,0.0,705,4,learned_wam_lite
8,mild,predicted_utility,64,0.3858974615003536,1.561792005284371,0.3936421105387535,-1.1681498947456175,0.8984061215223944,0.9958918361106343,0.09748571458823985,0.0625,0.9626666666666667,0.0,705,4,learned_wam_lite
9,mild,predicted_utility,1,0.04999999999999993,-5.311010835087603,-6.340671448099085,-1.0296606130114823,0.5576598064425254,0.6277294411408265,0.07006963469830108,0.05,0.9638157894736842,0.0,705,4,learned_wam_lite
9,mild,predicted_utility,2,0.09406249999999994,-2.4973945752198743,-3.22146248793095,-0.7240679127110758,0.7034588799933186,0.8021694293025646,0.09871054930924605,0.05,0.9638157894736842,0.0,705,4,learned_wam_lite
9,mild,predicted_utility,4,0.16774926757812492,-0.6851031970243039,-1.2795292613009976,-0.5944260642766938,0.7973701953755473,0.9107709412211363,0.11340074584558901,0.05,0.9638157894736842,0.0,705,4,learned_wam_lite
9,mild,predicted_utility,8,0.27485884198425387,0.35875703553915617,-0.39176357747822455,-0.7505206130173807,0.8514620973150899,0.9604187324893734,0.10895663517428344,0.05,0.9638157894736842,0.0,705,4,learned_wam_lite
9,mild,predicted_utility,16,0.4089186806378239,1.0492394189422585,-0.028095148457725816,-1.0773345673999843,0.8872422757421397,0.9807566826758571,0.09351440693371749,0.05,0.9638157894736842,0.0,705,4,learned_wam_lite
9,mild,predicted_utility,32,0.5822774598318241,1.662846183724053,0.13412433824501857,-1.5287218454790343,0.9190388284937543,0.9898287152653328,0.07078988677157849,0.05,0.9638157894736842,0.0,705,4,learned_wam_lite
9,mild,predicted_utility,64,0.8041272660276684,2.3323580885959236,0.22419860840838327,-2.1081594801875405,0.9537323355131282,0.9948660676266596,0.04113373211353144,0.05,0.9638157894736842,0.0,705,4,learned_wam_lite
10,mild,predicted_utility,1,0.0625,-4.579741308311612,-4.508738484065471,0.07100282424614068,0.6273241565753098,0.714867622323398,0.08754346574808813,0.0625,0.896,0.0,705,4,learned_wam_lite
10,mild,predicted_utility,2,0.1089062500000002,-2.0728836040031284,-1.9206100979873055,0.1522735060158229,0.7501589303478222,0.8514040803666809,0.1012451500188587,0.0625,0.896,0.0,705,4,learned_wam_lite
10,mild,predicted_utility,4,0.16757463378906257,-0.7076053203486649,-0.6308145075638925,0.0767908127847724,0.8170568834390531,0.9194471196778453,0.10239023623879218,0.0625,0.896,0.0,705,4,learned_wam_lite
10,mild,predicted_utility,8,0.20784315541883494,-0.006588448657186507,-0.004575103031383004,0.0020133456258035025,0.8514063595568809,0.9524843177712404,0.1010779582143595,0.0625,0.896,0.0,705,4,learned_wam_lite
10,mild,predicted_utility,16,0.18330776711122346,0.18184894363662252,0.3612890673910021,0.17944012375437957,0.8606396975372977,0.9717854460394993,0.1111457485022016,0.0625,0.896,0.0,705,4,learned_wam_lite
10,mild,predicted_utility,32,0.09738193777402755,-0.008462310309770155,0.6013935026810286,0.6098558129907988,0.8513145412730667,0.9844521318698184,0.13313759059675168,0.0625,0.896,0.0,705,4,learned_wam_lite
10,mild,predicted_utility,64,0.023454520396911496,-0.22375547601768525,0.7623450827249425,0.9861005587426277,0.8407652838265636,0.9929431166192134,0.15217783279264985,0.0625,0.896,0.0,705,4,learned_wam_lite
11,mild,predicted_utility,1,0.04999999999999993,-5.6743729133577725,-5.994276392625017,-0.3199034792672446,0.612596153965504,0.6907956032321675,0.07819944926666345,0.05,0.9802631578947368,0.0,705,4,learned_wam_lite
11,mild,predicted_utility,2,0.09562499999999985,-2.559799173754084,-2.700044932842216,-0.14024575908813208,0.7474744706588902,0.8467345150909378,0.09926004443204761,0.05,0.9802631578947368,0.0,705,4,learned_wam_lite
11,mild,predicted_utility,4,0.17511328124999992,-0.7012442222832935,-0.8105633541062295,-0.10931913182293596,0.8279602078077676,0.9361768341757987,0.10821662636803109,0.05,0.9802631578947368,0.0,705,4,learned_wam_lite
11,mild,predicted_utility,8,0.2951696906149861,0.29285121445846674,-0.02102217196132844,-0.3138733864197952,0.8710100535813233,0.9735513156943136,0.1025412621129903,0.05,0.9802631578947368,0.0,705,4,learned_wam_lite
11,mild,predicted_utility,16,0.4280558897999119,0.8404659008856035,0.29585708347002004,-0.5446088174155834,0.894724806634904,0.9885514172007936,0.0938266105658897,0.05,0.9802631578947368,0.0,705,4,learned_wam_lite
11,mild,predicted_utility,32,0.48550567111741305,0.8808592872068575,0.4430592128101828,-0.4378000743966747,0.896474064288778,0.995519518912175,0.09904545462339709,0.05,0.9802631578947368,0.0,705,4,learned_wam_lite
11,mild,predicted_utility,64,0.3911586590730148,0.27151011619224397,0.5075027218772431,0.23599260568499913,0.8700858656663175,0.9985700788995235,0.12848421323320602,0.05,0.9802631578947368,0.0,705,4,learned_wam_lite
0,mild,predicted_utility,1,0.050000000000000044,-3.7064543007439794,-3.7064543007439794,0.0,0.605758587610947,0.605758587610947,0.0,0.05,1.0,0.0,705,4,oracle_true_dynamics
0,mild,predicted_utility,2,0.09750000000000003,-1.3436083395725678,-1.3436083395725678,0.0,0.7282335850628566,0.7282335850628566,0.0,0.05,1.0,0.0,705,4,oracle_true_dynamics
0,mild,predicted_utility,4,0.18549375000000012,0.1324619565793709,0.1324619565793709,0.0,0.8047437379593334,0.8047437379593334,0.0,0.05,1.0,0.0,705,4,oracle_true_dynamics
0,mild,predicted_utility,8,0.33657956871093775,1.2330971300549625,1.2330971300549625,0.0,0.8617937074800195,0.8617937074800195,0.0,0.05,1.0,0.0,705,4,oracle_true_dynamics
0,mild,predicted_utility,16,0.5598733313482347,2.262223656026964,2.262223656026964,0.0,0.9151371207694861,0.9151371207694861,0.0,0.05,1.0,0.0,705,4,oracle_true_dynamics
0,mild,predicted_utility,32,0.8062885155414992,3.1805290318444044,3.1805290318444044,0.0,0.9627362662116873,0.9627362662116873,0.0,0.05,1.0,0.0,705,4,oracle_true_dynamics
0,mild,predicted_utility,64,0.9624758607888839,3.7307600102288925,3.7307600102288925,0.0,0.9912567617425058,0.9912567617425058,0.0,0.05,1.0,0.0,705,4,oracle_true_dynamics
1,mild,predicted_utility,1,0.07499999999999996,-5.167773279990625,-5.167773279990625,0.0,0.5970102441682641,0.5970102441682641,0.0,0.075,1.0,0.0,705,4,oracle_true_dynamics
1,mild,predicted_utility,2,0.14437499999999992,-2.347217461123369,-2.347217461123369,0.0,0.7333897305900954,0.7333897305900954,0.0,0.075,1.0,0.0,705,4,oracle_true_dynamics
1,mild,predicted_utility,4,0.2679058593749999,-0.4602338020325444,-0.4602338020325444,0.0,0.8246291453861996,0.8246291453861996,0.0,0.075,1.0,0.0,705,4,oracle_true_dynamics
1,mild,predicted_utility,8,0.4640381692625425,0.916390750687776,0.916390750687776,0.0,0.8911916818337423,0.8911916818337423,0.0,0.075,1.0,0.0,705,4,oracle_true_dynamics
1,mild,predicted_utility,16,0.712744915992553,2.0543081446796805,2.0543081446796805,0.0,0.9462122521571509,0.9462122521571509,0.0,0.075,1.0,0.0,705,4,oracle_true_dynamics
1,mild,predicted_utility,32,0.9174845167118745,2.8133256675118394,2.8133256675118394,0.0,0.9829122597430998,0.9829122597430998,0.0,0.075,1.0,0.0,705,4,oracle_true_dynamics
1,mild,predicted_utility,64,0.9931911950177271,3.092916168284078,3.092916168284078,0.0,0.9964310168081714,0.9964310168081714,0.0,0.075,1.0,0.0,705,4,oracle_true_dynamics
2,mild,predicted_utility,1,0.03749999999999998,-4.636817515176049,-4.636817515176049,0.0,0.6378709779842248,0.6378709779842248,0.0,0.0375,1.0,0.0,705,4,oracle_true_dynamics
2,mild,predicted_utility,2,0.0735937499999999,-1.819686295379146,-1.819686295379146,0.0,0.7632774897136778,0.7632774897136778,0.0,0.0375,1.0,0.0,705,4,oracle_true_dynamics
2,mild,predicted_utility,4,0.14177145996093743,-0.26052744984121645,-0.26052744984121645,0.0,0.8326845058572601,0.8326845058572601,0.0,0.0375,1.0,0.0,705,4,oracle_true_dynamics
2,mild,predicted_utility,8,0.2634437730624192,0.697200611356021,0.697200611356021,0.0,0.8753184216990706,0.8753184216990706,0.0,0.0375,1.0,0.0,705,4,oracle_true_dynamics
2,mild,predicted_utility,16,0.45748492455947487,1.5856360296083132,1.5856360296083132,0.0,0.9148677284253474,0.9148677284253474,0.0,0.0375,1.0,0.0,705,4,oracle_true_dynamics
2,mild,predicted_utility,32,0.7056773929197614,2.482312454984045,2.482312454984045,0.0,0.9547838891871143,0.9547838891871143,0.0,0.0375,1.0,0.0,705,4,oracle_true_dynamics
2,mild,predicted_utility,64,0.9133742029614915,3.1770981608125,3.1770981608125,0.0,0.9857127472946591,0.9857127472946591,0.0,0.0375,1.0,0.0,705,4,oracle_true_dynamics
3,mild,predicted_utility,1,0.09999999999999998,-2.094042158573085,-2.094042158573085,0.0,0.6072556269512771,0.6072556269512771,0.0,0.1,1.0,0.0,705,4,oracle_true_dynamics
3,mild,predicted_utility,2,0.18999999999999995,-0.19373759418353614,-0.19373759418353614,0.0,0.7386380785447847,0.7386380785447847,0.0,0.1,1.0,0.0,705,4,oracle_true_dynamics
3,mild,predicted_utility,4,0.3439,1.0194081391079575,1.0194081391079575,0.0,0.8225120341026615,0.8225120341026615,0.0,0.1,1.0,0.0,705,4,oracle_true_dynamics
3,mild,predicted_utility,8,0.5695327899999999,1.9848058441536058,1.9848058441536058,0.0,0.8892572914832266,0.8892572914832266,0.0,0.1,1.0,0.0,705,4,oracle_true_dynamics
3,mild,predicted_utility,16,0.8146979811148158,2.822940715129943,2.822940715129943,0.0,0.947203904977918,0.947203904977918,0.0,0.1,1.0,0.0,705,4,oracle_true_dynamics
3,mild,predicted_utility,32,0.9656631617970749,3.3341874674100547,3.3341874674100547,0.0,0.9825502662625665,0.9825502662625665,0.0,0.1,1.0,0.0,705,4,oracle_true_dynamics
3,mild,predicted_utility,64,0.9988209815422262,3.4981927514098725,3.4981927514098725,0.0,0.9938891940797017,0.9938891940797017,0.0,0.1,1.0,0.0,705,4,oracle_true_dynamics
4,mild,predicted_utility,1,0.050000000000000044,-3.2713601897831865,-3.2713601897831865,0.0,0.6384831338573814,0.6384831338573814,0.0,0.05,1.0,0.0,705,4,oracle_true_dynamics
4,mild,predicted_utility,2,0.09750000000000003,-0.6081079672839255,-0.6081079672839255,0.0,0.7699289584983231,0.7699289584983231,0.0,0.05,1.0,0.0,705,4,oracle_true_dynamics
4,mild,predicted_utility,4,0.18549375000000012,0.8202954070963846,0.8202954070963846,0.0,0.8404283493855773,0.8404283493855773,0.0,0.05,1.0,0.0,705,4,oracle_true_dynamics
4,mild,predicted_utility,8,0.33657956871093775,1.7024466521071773,1.7024466521071773,0.0,0.8839672590235318,0.8839672590235318,0.0,0.05,1.0,0.0,705,4,oracle_true_dynamics
4,mild,predicted_utility,16,0.5598733313482347,2.5588071395052,2.5588071395052,0.0,0.9262332560271196,0.9262332560271196,0.0,0.05,1.0,0.0,705,4,oracle_true_dynamics
4,mild,predicted_utility,32,0.8062885155414992,3.384261287640408,3.384261287640408,0.0,0.9669738589216876,0.9669738589216876,0.0,0.05,1.0,0.0,705,4,oracle_true_dynamics
4,mild,predicted_utility,64,0.9624758607888839,3.8985802846351607,3.8985802846351607,0.0,0.9923582682980685,0.9923582682980685,0.0,0.05,1.0,0.0,705,4,oracle_true_dynamics
5,mild,predicted_utility,1,0.11250000000000004,-3.886181681650522,-3.886181681650522,0.0,0.6481463703442994,0.6481463703442994,0.0,0.1125,1.0,0.0,705,4,oracle_true_dynamics
5,mild,predicted_utility,2,0.21234375000000005,-1.2589253448438524,-1.2589253448438524,0.0,0.779234432490803,0.779234432490803,0.0,0.1125,1.0,0.0,705,4,oracle_true_dynamics
5,mild,predicted_utility,4,0.37959763183593764,0.4165074431508834,0.4165074431508834,0.0,0.8628308575362152,0.8628308575362152,0.0,0.1125,1.0,0.0,705,4,oracle_true_dynamics
5,mild,predicted_utility,8,0.6151009015764232,1.6491543544112235,1.6491543544112235,0.0,0.9243342946558653,0.9243342946558653,0.0,0.1125,1.0,0.0,705,4,oracle_true_dynamics
5,mild,predicted_utility,16,0.8518526840327177,2.569637100535927,2.569637100535927,0.0,0.9702621691987207,0.9702621691987207,0.0,0.1125,1.0,0.0,705,4,oracle_true_dynamics
5,mild,predicted_utility,32,0.9780523727716902,3.0327837254994554,3.0327837254994554,0.0,0.9933710652381368,0.9933710652381368,0.0,0.1125,1.0,0.0,705,4,oracle_true_dynamics
5,mild,predicted_utility,64,0.9995183016590472,3.144800686906879,3.144800686906879,0.0,0.9989601987355886,0.9989601987355886,0.0,0.1125,1.0,0.0,705,4,oracle_true_dynamics
6,mild,predicted_utility,1,0.050000000000000044,-5.14161457221206,-5.14161457221206,0.0,0.656669688686473,0.656669688686473,0.0,0.05,1.0,0.0,705,4,oracle_true_dynamics
6,mild,predicted_utility,2,0.09750000000000003,-2.1375959450660855,-2.1375959450660855,0.0,0.7796087847808871,0.7796087847808871,0.0,0.05,1.0,0.0,705,4,oracle_true_dynamics
6,mild,predicted_utility,4,0.18549375000000012,-0.3430501552844472,-0.3430501552844472,0.0,0.853050352453653,0.853050352453653,0.0,0.05,1.0,0.0,705,4,oracle_true_dynamics
6,mild,predicted_utility,8,0.33657956871093775,0.7539804052836168,0.7539804052836168,0.0,0.8979461944053122,0.8979461944053122,0.0,0.05,1.0,0.0,705,4,oracle_true_dynamics
6,mild,predicted_utility,16,0.5598733313482347,1.7122135766638085,1.7122135766638085,0.0,0.9371617701253224,0.9371617701253224,0.0,0.05,1.0,0.0,705,4,oracle_true_dynamics
6,mild,predicted_utility,32,0.8062885155414992,2.5666738931110835,2.5666738931110835,0.0,0.9721304544082081,0.9721304544082081,0.0,0.05,1.0,0.0,705,4,oracle_true_dynamics
6,mild,predicted_utility,64,0.9624758607888839,3.0798479752681063,3.0798479752681063,0.0,0.9931320411591544,0.9931320411591544,0.0,0.05,1.0,0.0,705,4,oracle_true_dynamics
7,mild,predicted_utility,1,0.050000000000000044,-5.7511477798569794,-5.7511477798569794,0.0,0.5968517220083841,0.5968517220083841,0.0,0.05,1.0,0.0,705,4,oracle_true_dynamics
7,mild,predicted_utility,2,0.09750000000000003,-2.6159216675038084,-2.6159216675038084,0.0,0.7391831311364746,0.7391831311364746,0.0,0.05,1.0,0.0,705,4,oracle_true_dynamics
7,mild,predicted_utility,4,0.18549375000000012,-0.6921147566391067,-0.6921147566391067,0.0,0.8265191441388082,0.8265191441388082,0.0,0.05,1.0,0.0,705,4,oracle_true_dynamics
7,mild,predicted_utility,8,0.33657956871093775,0.5152205804555818,0.5152205804555818,0.0,0.8813291430545951,0.8813291430545951,0.0,0.05,1.0,0.0,705,4,oracle_true_dynamics
7,mild,predicted_utility,16,0.5598733313482347,1.5194529625152917,1.5194529625152917,0.0,0.9269187767551569,0.9269187767551569,0.0,0.05,1.0,0.0,705,4,oracle_true_dynamics
7,mild,predicted_utility,32,0.8062885155414992,2.402358499818978,2.402358499818978,0.0,0.9670004757293685,0.9670004757293685,0.0,0.05,1.0,0.0,705,4,oracle_true_dynamics
7,mild,predicted_utility,64,0.9624758607888839,2.946255841626674,2.946255841626674,0.0,0.9916920521281145,0.9916920521281145,0.0,0.05,1.0,0.0,705,4,oracle_true_dynamics
8,mild,predicted_utility,1,0.0625,-4.039498024423566,-4.039498024423566,0.0,0.6071476556010893,0.6071476556010893,0.0,0.0625,1.0,0.0,705,4,oracle_true_dynamics
8,mild,predicted_utility,2,0.12109375,-1.2574619900657198,-1.2574619900657198,0.0,0.7518092501993444,0.7518092501993444,0.0,0.0625,1.0,0.0,705,4,oracle_true_dynamics
8,mild,predicted_utility,4,0.2275238037109375,0.32417678776229863,0.32417678776229863,0.0,0.8340520338489275,0.8340520338489275,0.0,0.0625,1.0,0.0,705,4,oracle_true_dynamics
8,mild,predicted_utility,8,0.4032805261667818,1.3358737504947817,1.3358737504947817,0.0,0.886658719769469,0.886658719769469,0.0,0.0625,1.0,0.0,705,4,oracle_true_dynamics
8,mild,predicted_utility,16,0.6439258695482072,2.268822265962372,2.268822265962372,0.0,0.9351706075591497,0.9351706075591497,0.0,0.0625,1.0,0.0,705,4,oracle_true_dynamics
8,mild,predicted_utility,32,0.8732112136229996,3.038954304979576,3.038954304979576,0.0,0.9752162890095519,0.9752162890095519,0.0,0.0625,1.0,0.0,705,4,oracle_true_dynamics
8,mild,predicted_utility,64,0.9839246036490474,3.414867023711528,3.414867023711528,0.0,0.9947631721735155,0.9947631721735155,0.0,0.0625,1.0,0.0,705,4,oracle_true_dynamics
9,mild,predicted_utility,1,0.050000000000000044,-5.311010835087603,-5.311010835087603,0.0,0.5576598064425254,0.5576598064425254,0.0,0.05,1.0,0.0,705,4,oracle_true_dynamics
9,mild,predicted_utility,2,0.09750000000000003,-2.4793468421979585,-2.4793468421979585,0.0,0.7043940973475186,0.7043940973475186,0.0,0.05,1.0,0.0,705,4,oracle_true_dynamics
9,mild,predicted_utility,4,0.18549375000000012,-0.6062742859307635,-0.6062742859307635,0.0,0.8014550389167188,0.8014550389167188,0.0,0.05,1.0,0.0,705,4,oracle_true_dynamics
9,mild,predicted_utility,8,0.33657956871093775,0.6069722816319455,0.6069722816319455,0.0,0.8643243889636362,0.8643243889636362,0.0,0.05,1.0,0.0,705,4,oracle_true_dynamics
9,mild,predicted_utility,16,0.5598733313482347,1.6167976161493534,1.6167976161493534,0.0,0.9166526329821291,0.9166526329821291,0.0,0.05,1.0,0.0,705,4,oracle_true_dynamics
9,mild,predicted_utility,32,0.8062885155414992,2.4978621371366008,2.4978621371366008,0.0,0.9623086070147973,0.9623086070147973,0.0,0.05,1.0,0.0,705,4,oracle_true_dynamics
9,mild,predicted_utility,64,0.9624758607888839,3.0429133427548325,3.0429133427548325,0.0,0.9905526721171993,0.9905526721171993,0.0,0.05,1.0,0.0,705,4,oracle_true_dynamics
10,mild,predicted_utility,1,0.0625,-4.579741308311614,-4.579741308311614,0.0,0.6273241565753099,0.6273241565753099,0.0,0.0625,1.0,0.0,705,4,oracle_true_dynamics
10,mild,predicted_utility,2,0.12109375,-2.013356950428752,-2.013356950428752,0.0,0.7530757066022847,0.7530757066022847,0.0,0.0625,1.0,0.0,705,4,oracle_true_dynamics
10,mild,predicted_utility,4,0.2275238037109375,-0.45457132592933763,-0.45457132592933763,0.0,0.8294554226173376,0.8294554226173376,0.0,0.0625,1.0,0.0,705,4,oracle_true_dynamics
10,mild,predicted_utility,8,0.4032805261667818,0.7156274019445802,0.7156274019445802,0.0,0.886794575039204,0.886794575039204,0.0,0.0625,1.0,0.0,705,4,oracle_true_dynamics
10,mild,predicted_utility,16,0.6439258695482072,1.7424638622237154,1.7424638622237154,0.0,0.9371090480477738,0.9371090480477738,0.0,0.0625,1.0,0.0,705,4,oracle_true_dynamics
10,mild,predicted_utility,32,0.8732112136229996,2.5322448541673825,2.5322448541673825,0.0,0.975807921664931,0.975807921664931,0.0,0.0625,1.0,0.0,705,4,oracle_true_dynamics
10,mild,predicted_utility,64,0.9839246036490474,2.9093824268883344,2.9093824268883344,0.0,0.9942874741128715,0.9942874741128715,0.0,0.0625,1.0,0.0,705,4,oracle_true_dynamics
11,mild,predicted_utility,1,0.050000000000000044,-5.6743729133577725,-5.6743729133577725,0.0,0.6125961539655042,0.6125961539655042,0.0,0.05,1.0,0.0,705,4,oracle_true_dynamics
11,mild,predicted_utility,2,0.09750000000000003,-2.533202854145697,-2.533202854145697,0.0,0.7486262388040476,0.7486262388040476,0.0,0.05,1.0,0.0,705,4,oracle_true_dynamics
11,mild,predicted_utility,4,0.18549375000000012,-0.589414947190317,-0.589414947190317,0.0,0.832803035636754,0.832803035636754,0.0,0.05,1.0,0.0,705,4,oracle_true_dynamics
11,mild,predicted_utility,8,0.33657956871093775,0.617330490404526,0.617330490404526,0.0,0.8850618058275429,0.8850618058275429,0.0,0.05,1.0,0.0,705,4,oracle_true_dynamics
11,mild,predicted_utility,16,0.5598733313482347,1.6206613135398595,1.6206613135398595,0.0,0.9285115950524091,0.9285115950524091,0.0,0.05,1.0,0.0,705,4,oracle_true_dynamics
11,mild,predicted_utility,32,0.8062885155414992,2.5041266241575713,2.5041266241575713,0.0,0.9667705427979454,0.9667705427979454,0.0,0.05,1.0,0.0,705,4,oracle_true_dynamics
11,mild,predicted_utility,64,0.9624758607888839,3.054499451183922,3.054499451183922,0.0,0.9906047386364231,0.9906047386364231,0.0,0.05,1.0,0.0,705,4,oracle_true_dynamics
