task_key,seed,state_id,scorer,N,real_utility,normalized_real_utility,success
libero_spatial/0,1000754,0,random,1,-0.05387626937125217,0.48409993809003055,0.0
libero_spatial/0,1000754,0,random,2,-0.05410307251908003,0.4713936816588828,0.0
libero_spatial/0,1000754,0,random,4,-0.05228120244990159,0.5734608200778978,0.0
libero_spatial/0,1000754,0,random,8,-0.048841254473135184,0.7661779914276391,0.0
libero_spatial/0,1000754,0,learned_wam,1,-0.05387626937125217,0.48409993809003055,0.0
libero_spatial/0,1000754,0,learned_wam,2,-0.05108877648891677,0.6402644344921496,0.0
libero_spatial/0,1000754,0,learned_wam,4,-0.048616693673264905,0.7787586241695671,0.0
libero_spatial/0,1000754,0,learned_wam,8,-0.0466238632592249,0.8904035219899515,0.0
libero_spatial/0,1000754,0,learned_physics_score,1,-0.05387626937125217,0.48409993809003055,0.0
libero_spatial/0,1000754,0,learned_physics_score,2,-0.05108877648891677,0.6402644344921496,0.0
libero_spatial/0,1000754,0,learned_physics_score,4,-0.048616693673264905,0.7787586241695671,0.0
libero_spatial/0,1000754,0,learned_physics_score,8,-0.0466238632592249,0.8904035219899515,0.0
libero_spatial/0,1000754,0,learned_energy_regularized,1,-0.05387626937125217,0.48409993809003055,0.0
libero_spatial/0,1000754,0,learned_energy_regularized,2,-0.051141328385291576,0.637320304846347,0.0
libero_spatial/0,1000754,0,learned_energy_regularized,4,-0.048661855459212,0.7762285127552053,0.0
libero_spatial/0,1000754,0,learned_energy_regularized,8,-0.04662914262549317,0.8901077545711962,0.0
libero_spatial/0,1000754,0,predicted_progress,1,-0.053876269371252165,0.48409993809003055,0.0
libero_spatial/0,1000754,0,predicted_progress,2,-0.05170003219679631,0.6060198843450109,0.0
libero_spatial/0,1000754,0,predicted_progress,4,-0.04980849216212832,0.7119901628021492,0.0
libero_spatial/0,1000754,0,predicted_progress,8,-0.04954534922284655,0.7267322935731821,0.0
libero_spatial/0,1000754,0,predicted_success,1,-0.05387626937125217,0.48409993809003055,0.0
libero_spatial/0,1000754,0,predicted_success,2,-0.05387626937125217,0.48409993809003055,0.0
libero_spatial/0,1000754,0,predicted_success,4,-0.05387626937125217,0.48409993809003055,0.0
libero_spatial/0,1000754,0,predicted_success,8,-0.05387626937125217,0.48409993809003055,0.0
libero_spatial/0,1000754,0,low_energy,1,-0.05387626937125217,0.48409993809003055,0.0
libero_spatial/0,1000754,0,low_energy,2,-0.05166409793978842,0.6080330393147625,0.0
libero_spatial/0,1000754,0,low_energy,4,-0.04923408893871665,0.7441701158647327,0.0
libero_spatial/0,1000754,0,low_energy,8,-0.04690775440079567,0.8744990088565299,0.0
libero_spatial/0,1000754,0,distance_progress,1,-0.05387626937125217,0.4840999380900306,0.0
libero_spatial/0,1000754,0,distance_progress,2,-0.0522188844582088,0.5769520784237636,0.0
libero_spatial/0,1000754,0,distance_progress,4,-0.05110921364802435,0.639119477789247,0.0
libero_spatial/0,1000754,0,distance_progress,8,-0.04909630305925582,0.7518893328764349,0.0
libero_spatial/0,1000754,0,benchmark_reward,1,-0.05387626937125217,0.48409993809003055,0.0
libero_spatial/0,1000754,0,benchmark_reward,2,-0.05387626937125217,0.48409993809003055,0.0
libero_spatial/0,1000754,0,benchmark_reward,4,-0.05387626937125217,0.48409993809003055,0.0
libero_spatial/0,1000754,0,benchmark_reward,8,-0.05387626937125217,0.48409993809003055,0.0
libero_spatial/0,1000754,0,oracle_real_utility,1,-0.05387626937125217,0.48409993809003055,0.0
libero_spatial/0,1000754,0,oracle_real_utility,2,-0.05095161914168768,0.6479484390661585,0.0
libero_spatial/0,1000754,0,oracle_real_utility,4,-0.04854295172860916,0.7828898898398238,0.0
libero_spatial/0,1000754,0,oracle_real_utility,8,-0.046602615289732884,0.8915939029506763,0.0
libero_spatial/0,1010761,1,random,1,-0.07597249401618367,0.47189993133853714,0.0
libero_spatial/0,1010761,1,random,2,-0.08036278256218253,0.3104816773209361,0.0
libero_spatial/0,1010761,1,random,4,-0.08434818525778934,0.16394990886389843,0.0
libero_spatial/0,1010761,1,random,8,-0.08696814397799871,0.06762157923740836,0.0
libero_spatial/0,1010761,1,learned_wam,1,-0.07597249401618365,0.47189993133853714,0.0
libero_spatial/0,1010761,1,learned_wam,2,-0.07125031103830189,0.6455209868693842,0.0
libero_spatial/0,1010761,1,learned_wam,4,-0.06709029026017067,0.7984729588519233,0.0
libero_spatial/0,1010761,1,learned_wam,8,-0.06376730205249961,0.9206496561198474,0.0
libero_spatial/0,1010761,1,learned_physics_score,1,-0.07597249401618365,0.47189993133853714,0.0
libero_spatial/0,1010761,1,learned_physics_score,2,-0.07125031103830189,0.6455209868693842,0.0
libero_spatial/0,1010761,1,learned_physics_score,4,-0.06709029026017067,0.7984729588519233,0.0
libero_spatial/0,1010761,1,learned_physics_score,8,-0.06376730205249961,0.9206496561198474,0.0
libero_spatial/0,1010761,1,learned_energy_regularized,1,-0.07597249401618367,0.47189993133853714,0.0
libero_spatial/0,1010761,1,learned_energy_regularized,2,-0.07147012968876171,0.6374388887598949,0.0
libero_spatial/0,1010761,1,learned_energy_regularized,4,-0.06669462202705806,0.8130205391966081,0.0
libero_spatial/0,1010761,1,learned_energy_regularized,8,-0.0632317666782512,0.9403397480511908,0.0
libero_spatial/0,1010761,1,predicted_progress,1,-0.07597249401618367,0.47189993133853714,0.0
libero_spatial/0,1010761,1,predicted_progress,2,-0.07133639997071241,0.6423557449919203,0.0
libero_spatial/0,1010761,1,predicted_progress,4,-0.06664319311645747,0.8149114319860444,0.0
libero_spatial/0,1010761,1,predicted_progress,8,-0.06334610867473053,0.9361357224526001,0.0
libero_spatial/0,1010761,1,predicted_success,1,-0.07597249401618367,0.47189993133853714,0.0
libero_spatial/0,1010761,1,predicted_success,2,-0.07597249401618367,0.47189993133853714,0.0
libero_spatial/0,1010761,1,predicted_success,4,-0.07597249401618367,0.47189993133853714,0.0
libero_spatial/0,1010761,1,predicted_success,8,-0.07597249401618367,0.47189993133853714,0.0
libero_spatial/0,1010761,1,low_energy,1,-0.07597249401618367,0.47189993133853714,0.0
libero_spatial/0,1010761,1,low_energy,2,-0.07147012968876171,0.6374388887598949,0.0
libero_spatial/0,1010761,1,low_energy,4,-0.06669462202705806,0.8130205391966081,0.0
libero_spatial/0,1010761,1,low_energy,8,-0.0632317666782512,0.9403397480511908,0.0
libero_spatial/0,1010761,1,distance_progress,1,-0.07597249401618367,0.47189993133853714,0.0
libero_spatial/0,1010761,1,distance_progress,2,-0.07202411938324935,0.6170702846713471,0.0
libero_spatial/0,1010761,1,distance_progress,4,-0.06925251978498706,0.7189740122509636,0.0
libero_spatial/0,1010761,1,distance_progress,8,-0.06983217824158594,0.6976616417745403,0.0
libero_spatial/0,1010761,1,benchmark_reward,1,-0.07597249401618367,0.47189993133853714,0.0
libero_spatial/0,1010761,1,benchmark_reward,2,-0.07597249401618367,0.47189993133853714,0.0
libero_spatial/0,1010761,1,benchmark_reward,4,-0.07597249401618367,0.47189993133853714,0.0
libero_spatial/0,1010761,1,benchmark_reward,8,-0.07597249401618367,0.47189993133853714,0.0
libero_spatial/0,1010761,1,oracle_real_utility,1,-0.07597249401618367,0.47189993133853714,0.0
libero_spatial/0,1010761,1,oracle_real_utility,2,-0.07050884708957166,0.6727824788572188,0.0
libero_spatial/0,1010761,1,oracle_real_utility,4,-0.06591850303141472,0.8415561973598545,0.0
libero_spatial/0,1010761,1,oracle_real_utility,8,-0.063075073764236,0.9461008948032228,0.0
libero_spatial/1,1100757,0,random,1,-0.0332032533463945,0.7244563548438592,0.0
libero_spatial/1,1100757,0,random,2,-0.03130734504426859,0.7978798437517307,0.0
libero_spatial/1,1100757,0,random,4,-0.031216486183730522,0.8013985659027005,0.0
libero_spatial/1,1100757,0,random,8,-0.0323632102713358,0.7569889901693889,0.0
libero_spatial/1,1100757,0,learned_wam,1,-0.0332032533463945,0.7244563548438593,0.0
libero_spatial/1,1100757,0,learned_wam,2,-0.029480332564002114,0.8686351806153164,0.0
libero_spatial/1,1100757,0,learned_wam,4,-0.027425474018756096,0.9482143899235603,0.0
libero_spatial/1,1100757,0,learned_wam,8,-0.02639404961986831,0.9881587151982202,0.0
libero_spatial/1,1100757,0,learned_physics_score,1,-0.0332032533463945,0.7244563548438593,0.0
libero_spatial/1,1100757,0,learned_physics_score,2,-0.029480332564002114,0.8686351806153164,0.0
libero_spatial/1,1100757,0,learned_physics_score,4,-0.027425474018756096,0.9482143899235603,0.0
libero_spatial/1,1100757,0,learned_physics_score,8,-0.02639404961986831,0.9881587151982202,0.0
libero_spatial/1,1100757,0,learned_energy_regularized,1,-0.0332032533463945,0.7244563548438593,0.0
libero_spatial/1,1100757,0,learned_energy_regularized,2,-0.029609852427127284,0.8636192206013978,0.0
libero_spatial/1,1100757,0,learned_energy_regularized,4,-0.02753678015112929,0.9439037992865991,0.0
libero_spatial/1,1100757,0,learned_energy_regularized,8,-0.02640706119211639,0.987654811591933,0.0
libero_spatial/1,1100757,0,predicted_progress,1,-0.0332032533463945,0.7244563548438592,0.0
libero_spatial/1,1100757,0,predicted_progress,2,-0.03233936452192864,0.7579124726580373,0.0
libero_spatial/1,1100757,0,predicted_progress,4,-0.031440761908505865,0.7927129632436045,0.0
libero_spatial/1,1100757,0,predicted_progress,8,-0.0312399437342369,0.8004901173255834,0.0
libero_spatial/1,1100757,0,predicted_success,1,-0.0332032533463945,0.7244563548438592,0.0
libero_spatial/1,1100757,0,predicted_success,2,-0.0332032533463945,0.7244563548438592,0.0
libero_spatial/1,1100757,0,predicted_success,4,-0.0332032533463945,0.7244563548438592,0.0
libero_spatial/1,1100757,0,predicted_success,8,-0.0332032533463945,0.7244563548438592,0.0
libero_spatial/1,1100757,0,low_energy,1,-0.0332032533463945,0.7244563548438593,0.0
libero_spatial/1,1100757,0,low_energy,2,-0.029609852427127284,0.8636192206013978,0.0
libero_spatial/1,1100757,0,low_energy,4,-0.02753678015112929,0.9439037992865991,0.0
libero_spatial/1,1100757,0,low_energy,8,-0.02640706119211639,0.987654811591933,0.0
libero_spatial/1,1100757,0,distance_progress,1,-0.0332032533463945,0.7244563548438592,0.0
libero_spatial/1,1100757,0,distance_progress,2,-0.03078108130270496,0.818260639567638,0.0
libero_spatial/1,1100757,0,distance_progress,4,-0.02966871896585688,0.8613394760332608,0.0
libero_spatial/1,1100757,0,distance_progress,8,-0.029654789403888736,0.8618789309412395,0.0
libero_spatial/1,1100757,0,benchmark_reward,1,-0.0332032533463945,0.7244563548438592,0.0
libero_spatial/1,1100757,0,benchmark_reward,2,-0.0332032533463945,0.7244563548438592,0.0
libero_spatial/1,1100757,0,benchmark_reward,4,-0.0332032533463945,0.7244563548438592,0.0
libero_spatial/1,1100757,0,benchmark_reward,8,-0.0332032533463945,0.7244563548438592,0.0
libero_spatial/1,1100757,0,oracle_real_utility,1,-0.0332032533463945,0.7244563548438592,0.0
libero_spatial/1,1100757,0,oracle_real_utility,2,-0.029136042090867183,0.8819686354596054,0.0
libero_spatial/1,1100757,0,oracle_real_utility,4,-0.02702350332318474,0.963781646459374,0.0
libero_spatial/1,1100757,0,oracle_real_utility,8,-0.02621687086415115,0.9950203774371174,0.0
libero_spatial/1,1110764,1,random,1,-0.03508611350741409,0.41072318007142766,0.0
libero_spatial/1,1110764,1,random,2,-0.0342863723608641,0.4793616829692935,0.0
libero_spatial/1,1110764,1,random,4,-0.03361792725749947,0.5367315849210479,0.0
libero_spatial/1,1110764,1,random,8,-0.03216987812485106,0.6610117035773231,0.0
libero_spatial/1,1110764,1,learned_wam,1,-0.0350861135074141,0.41072318007142766,0.0
libero_spatial/1,1110764,1,learned_wam,2,-0.033667141473359405,0.5325077305995704,0.0
libero_spatial/1,1110764,1,learned_wam,4,-0.031765259299790155,0.6957384780046256,0.0
libero_spatial/1,1110764,1,learned_wam,8,-0.030088475955429635,0.839649916021134,0.0
libero_spatial/1,1110764,1,learned_physics_score,1,-0.0350861135074141,0.41072318007142766,0.0
libero_spatial/1,1110764,1,learned_physics_score,2,-0.033667141473359405,0.5325077305995704,0.0
libero_spatial/1,1110764,1,learned_physics_score,4,-0.031765259299790155,0.6957384780046256,0.0
libero_spatial/1,1110764,1,learned_physics_score,8,-0.030088475955429635,0.839649916021134,0.0
libero_spatial/1,1110764,1,learned_energy_regularized,1,-0.0350861135074141,0.4107231800714277,0.0
libero_spatial/1,1110764,1,learned_energy_regularized,2,-0.03337165386850465,0.5578682199399028,0.0
libero_spatial/1,1110764,1,learned_energy_regularized,4,-0.031166196474284376,0.7471535835820537,0.0
libero_spatial/1,1110764,1,learned_energy_regularized,8,-0.029311260689254992,0.9063551149842319,0.0
libero_spatial/1,1110764,1,predicted_progress,1,-0.0350861135074141,0.4107231800714277,0.0
libero_spatial/1,1110764,1,predicted_progress,2,-0.036025509918833874,0.33009863851115484,0.0
libero_spatial/1,1110764,1,predicted_progress,4,-0.03692274899485662,0.25309228816224877,0.0
libero_spatial/1,1110764,1,predicted_progress,8,-0.03733815919529493,0.21743933424135745,0.0
libero_spatial/1,1110764,1,predicted_success,1,-0.0350861135074141,0.41072318007142766,0.0
libero_spatial/1,1110764,1,predicted_success,2,-0.0350861135074141,0.41072318007142766,0.0
libero_spatial/1,1110764,1,predicted_success,4,-0.0350861135074141,0.41072318007142766,0.0
libero_spatial/1,1110764,1,predicted_success,8,-0.0350861135074141,0.41072318007142766,0.0
libero_spatial/1,1110764,1,low_energy,1,-0.0350861135074141,0.4107231800714277,0.0
libero_spatial/1,1110764,1,low_energy,2,-0.03327145886454559,0.5664675462334954,0.0
libero_spatial/1,1110764,1,low_energy,4,-0.03108009139275706,0.7545436296156098,0.0
libero_spatial/1,1110764,1,low_energy,8,-0.02930119509389801,0.9072190037550668,0.0
libero_spatial/1,1110764,1,distance_progress,1,-0.035086113507414106,0.4107231800714277,0.0
libero_spatial/1,1110764,1,distance_progress,2,-0.034469934805630736,0.46360727111815053,0.0
libero_spatial/1,1110764,1,distance_progress,4,-0.035189400157591026,0.40185851046168847,0.0
libero_spatial/1,1110764,1,distance_progress,8,-0.03665123986769841,0.27639480309678655,0.0
libero_spatial/1,1110764,1,benchmark_reward,1,-0.0350861135074141,0.41072318007142766,0.0
libero_spatial/1,1110764,1,benchmark_reward,2,-0.0350861135074141,0.41072318007142766,0.0
libero_spatial/1,1110764,1,benchmark_reward,4,-0.0350861135074141,0.41072318007142766,0.0
libero_spatial/1,1110764,1,benchmark_reward,8,-0.0350861135074141,0.41072318007142766,0.0
libero_spatial/1,1110764,1,oracle_real_utility,1,-0.03508611350741409,0.4107231800714277,0.0
libero_spatial/1,1110764,1,oracle_real_utility,2,-0.033106531404953336,0.5806225937285451,0.0
libero_spatial/1,1110764,1,oracle_real_utility,4,-0.031034487243195203,0.7584576467514789,0.0
libero_spatial/1,1110764,1,oracle_real_utility,8,-0.029299736724354163,0.9073441696322925,0.0
libero_spatial/2,1200760,0,random,1,-0.03143149129717185,0.5814272006978374,0.0
libero_spatial/2,1200760,0,random,2,-0.03040058864880818,0.6303992579550659,0.0
libero_spatial/2,1200760,0,random,4,-0.028352283532563426,0.7277020591383119,0.0
libero_spatial/2,1200760,0,random,8,-0.026766080355002594,0.8030531438953508,0.0
libero_spatial/2,1200760,0,learned_wam,1,-0.03143149129717185,0.5814272006978375,0.0
libero_spatial/2,1200760,0,learned_wam,2,-0.028314523603891764,0.7294958089088385,0.0
libero_spatial/2,1200760,0,learned_wam,4,-0.0259967964158674,0.8395972513085901,0.0
libero_spatial/2,1200760,0,learned_wam,8,-0.024283621146948153,0.9209800254185898,0.0
libero_spatial/2,1200760,0,learned_physics_score,1,-0.03143149129717185,0.5814272006978375,0.0
libero_spatial/2,1200760,0,learned_physics_score,2,-0.028314523603891764,0.7294958089088385,0.0
libero_spatial/2,1200760,0,learned_physics_score,4,-0.0259967964158674,0.8395972513085901,0.0
libero_spatial/2,1200760,0,learned_physics_score,8,-0.024283621146948153,0.9209800254185898,0.0
libero_spatial/2,1200760,0,learned_energy_regularized,1,-0.03143149129717185,0.5814272006978375,0.0
libero_spatial/2,1200760,0,learned_energy_regularized,2,-0.02843441618717931,0.7238004249045443,0.0
libero_spatial/2,1200760,0,learned_energy_regularized,4,-0.026683543276655973,0.8069739898967174,0.0
libero_spatial/2,1200760,0,learned_energy_regularized,8,-0.026265220323339073,0.8268460269453809,0.0
libero_spatial/2,1200760,0,predicted_progress,1,-0.03143149129717184,0.5814272006978375,0.0
libero_spatial/2,1200760,0,predicted_progress,2,-0.03333744137590684,0.4908868412047435,0.0
libero_spatial/2,1200760,0,predicted_progress,4,-0.034171332089058745,0.4512736499731892,0.0
libero_spatial/2,1200760,0,predicted_progress,8,-0.033954243920458135,0.4615862185163493,0.0
libero_spatial/2,1200760,0,predicted_success,1,-0.03143149129717185,0.5814272006978375,0.0
libero_spatial/2,1200760,0,predicted_success,2,-0.03143149129717185,0.5814272006978375,0.0
libero_spatial/2,1200760,0,predicted_success,4,-0.03143149129717185,0.5814272006978375,0.0
libero_spatial/2,1200760,0,predicted_success,8,-0.03143149129717185,0.5814272006978375,0.0
libero_spatial/2,1200760,0,low_energy,1,-0.03143149129717185,0.5814272006978375,0.0
libero_spatial/2,1200760,0,low_energy,2,-0.02843441618717931,0.7238004249045443,0.0
libero_spatial/2,1200760,0,low_energy,4,-0.026683543276655973,0.8069739898967174,0.0
libero_spatial/2,1200760,0,low_energy,8,-0.026265220323339073,0.8268460269453809,0.0
libero_spatial/2,1200760,0,distance_progress,1,-0.03143149129717185,0.5814272006978375,0.0
libero_spatial/2,1200760,0,distance_progress,2,-0.03167799458435447,0.5697172947109204,0.0
libero_spatial/2,1200760,0,distance_progress,4,-0.03178758894134173,0.5645111182266827,0.0
libero_spatial/2,1200760,0,distance_progress,8,-0.032887348410532896,0.5122680826889472,0.0
libero_spatial/2,1200760,0,benchmark_reward,1,-0.03143149129717185,0.5814272006978375,0.0
libero_spatial/2,1200760,0,benchmark_reward,2,-0.03143149129717185,0.5814272006978375,0.0
libero_spatial/2,1200760,0,benchmark_reward,4,-0.03143149129717185,0.5814272006978375,0.0
libero_spatial/2,1200760,0,benchmark_reward,8,-0.03143149129717185,0.5814272006978375,0.0
libero_spatial/2,1200760,0,oracle_real_utility,1,-0.03143149129717185,0.5814272006978375,0.0
libero_spatial/2,1200760,0,oracle_real_utility,2,-0.028271174509115773,0.7315550667396223,0.0
libero_spatial/2,1200760,0,oracle_real_utility,4,-0.025975183627829343,0.840623946404357,0.0
libero_spatial/2,1200760,0,oracle_real_utility,8,-0.02428223322439707,0.9210459573693399,0.0
libero_spatial/2,1210767,1,random,1,-0.039299225047748514,0.4839309697933456,0.0
libero_spatial/2,1210767,1,random,2,-0.039811893170849516,0.45336466713894835,0.0
libero_spatial/2,1210767,1,random,4,-0.039941550015397176,0.4456342657875124,0.0
libero_spatial/2,1210767,1,random,8,-0.04014373644840798,0.4335795047724541,0.0
libero_spatial/2,1210767,1,learned_wam,1,-0.03929922504774852,0.48393096979334554,0.0
libero_spatial/2,1210767,1,learned_wam,2,-0.03706000270393155,0.617437901056388,0.0
libero_spatial/2,1210767,1,learned_wam,4,-0.03491867095393433,0.7451083986055211,0.0
libero_spatial/2,1210767,1,learned_wam,8,-0.03303415280533629,0.8574671536990259,0.0
libero_spatial/2,1210767,1,learned_physics_score,1,-0.03929922504774852,0.48393096979334554,0.0
libero_spatial/2,1210767,1,learned_physics_score,2,-0.03706000270393155,0.617437901056388,0.0
libero_spatial/2,1210767,1,learned_physics_score,4,-0.03491867095393433,0.7451083986055211,0.0
libero_spatial/2,1210767,1,learned_physics_score,8,-0.03303415280533629,0.8574671536990259,0.0
libero_spatial/2,1210767,1,learned_energy_regularized,1,-0.039299225047748514,0.4839309697933456,0.0
libero_spatial/2,1210767,1,learned_energy_regularized,2,-0.03659886890207538,0.644931624025646,0.0
libero_spatial/2,1210767,1,learned_energy_regularized,4,-0.0339774049429782,0.8012285677222467,0.0
libero_spatial/2,1210767,1,learned_energy_regularized,8,-0.03191388867206217,0.9242595501979529,0.0
libero_spatial/2,1210767,1,predicted_progress,1,-0.03929922504774852,0.4839309697933456,0.0
libero_spatial/2,1210767,1,predicted_progress,2,-0.04116436237885902,0.3727277379444509,0.0
libero_spatial/2,1210767,1,predicted_progress,4,-0.04249354124030576,0.29347942596620813,0.0
libero_spatial/2,1210767,1,predicted_progress,8,-0.043238201095604514,0.24908131052660776,0.0
libero_spatial/2,1210767,1,predicted_success,1,-0.039299225047748514,0.4839309697933456,0.0
libero_spatial/2,1210767,1,predicted_success,2,-0.039299225047748514,0.4839309697933456,0.0
libero_spatial/2,1210767,1,predicted_success,4,-0.039299225047748514,0.4839309697933456,0.0
libero_spatial/2,1210767,1,predicted_success,8,-0.039299225047748514,0.4839309697933456,0.0
libero_spatial/2,1210767,1,low_energy,1,-0.03929922504774852,0.4839309697933456,0.0
libero_spatial/2,1210767,1,low_energy,2,-0.03654760583507031,0.6479880309884813,0.0
libero_spatial/2,1210767,1,low_energy,4,-0.03395738030742934,0.8024224766921042,0.0
libero_spatial/2,1210767,1,low_energy,8,-0.03191329712399054,0.9242948194814863,0.0
libero_spatial/2,1210767,1,distance_progress,1,-0.039299225047748514,0.4839309697933456,0.0
libero_spatial/2,1210767,1,distance_progress,2,-0.038720090726726025,0.5184601205953254,0.0
libero_spatial/2,1210767,1,distance_progress,4,-0.0373934272480092,0.5975584604057078,0.0
libero_spatial/2,1210767,1,distance_progress,8,-0.035401578066355514,0.7163165071515659,0.0
libero_spatial/2,1210767,1,benchmark_reward,1,-0.039299225047748514,0.4839309697933456,0.0
libero_spatial/2,1210767,1,benchmark_reward,2,-0.039299225047748514,0.4839309697933456,0.0
libero_spatial/2,1210767,1,benchmark_reward,4,-0.039299225047748514,0.4839309697933456,0.0
libero_spatial/2,1210767,1,benchmark_reward,8,-0.039299225047748514,0.4839309697933456,0.0
libero_spatial/2,1210767,1,oracle_real_utility,1,-0.039299225047748514,0.4839309697933456,0.0
libero_spatial/2,1210767,1,oracle_real_utility,2,-0.036482351116264355,0.651878648319213,0.0
libero_spatial/2,1210767,1,oracle_real_utility,4,-0.0339045813268463,0.805570457905726,0.0
libero_spatial/2,1210767,1,oracle_real_utility,8,-0.03190736370450348,0.9246485818623418,0.0
libero_spatial/3,1300763,0,random,1,-0.03150764070700732,0.595945880304741,0.0
libero_spatial/3,1300763,0,random,2,-0.032247596150752816,0.5602027095177493,0.0
libero_spatial/3,1300763,0,random,4,-0.03214822972894012,0.5650025539075221,0.0
libero_spatial/3,1300763,0,random,8,-0.031034850765191677,0.6187837576114464,0.0
libero_spatial/3,1300763,0,learned_wam,1,-0.03150764070700732,0.595945880304741,0.0
libero_spatial/3,1300763,0,learned_wam,2,-0.029170191907142092,0.708855153917933,0.0
libero_spatial/3,1300763,0,learned_wam,4,-0.027499890226677252,0.7895382257640642,0.0
libero_spatial/3,1300763,0,learned_wam,8,-0.02564433863553834,0.8791697001815475,0.0
libero_spatial/3,1300763,0,learned_physics_score,1,-0.03150764070700732,0.595945880304741,0.0
libero_spatial/3,1300763,0,learned_physics_score,2,-0.029170191907142092,0.708855153917933,0.0
libero_spatial/3,1300763,0,learned_physics_score,4,-0.027499890226677252,0.7895382257640642,0.0
libero_spatial/3,1300763,0,learned_physics_score,8,-0.02564433863553834,0.8791697001815475,0.0
libero_spatial/3,1300763,0,learned_energy_regularized,1,-0.03150764070700732,0.595945880304741,0.0
libero_spatial/3,1300763,0,learned_energy_regularized,2,-0.02871337223641397,0.7309215954147921,0.0
libero_spatial/3,1300763,0,learned_energy_regularized,4,-0.026695686320872065,0.8283848857835654,0.0
libero_spatial/3,1300763,0,learned_energy_regularized,8,-0.02498680454688537,0.9109315493951002,0.0
libero_spatial/3,1300763,0,predicted_progress,1,-0.03150764070700732,0.595945880304741,0.0
libero_spatial/3,1300763,0,predicted_progress,2,-0.032972547374445424,0.5251843099374692,0.0
libero_spatial/3,1300763,0,predicted_progress,4,-0.03518522764360659,0.41830191664456184,0.0
libero_spatial/3,1300763,0,predicted_progress,8,-0.0387035692500331,0.24835021754099545,0.0
libero_spatial/3,1300763,0,predicted_success,1,-0.03150764070700732,0.595945880304741,0.0
libero_spatial/3,1300763,0,predicted_success,2,-0.03150764070700732,0.595945880304741,0.0
libero_spatial/3,1300763,0,predicted_success,4,-0.03150764070700732,0.595945880304741,0.0
libero_spatial/3,1300763,0,predicted_success,8,-0.03150764070700732,0.595945880304741,0.0
libero_spatial/3,1300763,0,low_energy,1,-0.03150764070700732,0.595945880304741,0.0
libero_spatial/3,1300763,0,low_energy,2,-0.028679730536947768,0.7325466405708878,0.0
libero_spatial/3,1300763,0,low_energy,4,-0.02661631293619398,0.8322189766987288,0.0
libero_spatial/3,1300763,0,low_energy,8,-0.02492495437789642,0.9139191903024851,0.0
libero_spatial/3,1300763,0,distance_progress,1,-0.03150764070700732,0.595945880304741,0.0
libero_spatial/3,1300763,0,distance_progress,2,-0.03160369789836653,0.5913058866063476,0.0
libero_spatial/3,1300763,0,distance_progress,4,-0.031088441873337723,0.6161950664310256,0.0
libero_spatial/3,1300763,0,distance_progress,8,-0.030499044367173184,0.6446656127353134,0.0
libero_spatial/3,1300763,0,benchmark_reward,1,-0.03150764070700732,0.595945880304741,0.0
libero_spatial/3,1300763,0,benchmark_reward,2,-0.03150764070700732,0.595945880304741,0.0
libero_spatial/3,1300763,0,benchmark_reward,4,-0.03150764070700732,0.595945880304741,0.0
libero_spatial/3,1300763,0,benchmark_reward,8,-0.03150764070700732,0.595945880304741,0.0
libero_spatial/3,1300763,0,oracle_real_utility,1,-0.03150764070700732,0.595945880304741,0.0
libero_spatial/3,1300763,0,oracle_real_utility,2,-0.02854721003285311,0.7389479760170565,0.0
libero_spatial/3,1300763,0,oracle_real_utility,4,-0.026557871641668354,0.8350419536615968,0.0
libero_spatial/3,1300763,0,oracle_real_utility,8,-0.02492215884404092,0.9140542271413689,0.0
libero_spatial/3,1310770,1,random,1,-0.03047533264038572,0.597305448561765,0.0
libero_spatial/3,1310770,1,random,2,-0.02967127211469241,0.6516719283854664,0.0
libero_spatial/3,1310770,1,random,4,-0.0282431163126282,0.7482365539540161,0.0
libero_spatial/3,1310770,1,random,8,-0.026498244862367425,0.8662158794702866,0.0
libero_spatial/3,1310770,1,learned_wam,1,-0.030475332640385717,0.597305448561765,0.0
libero_spatial/3,1310770,1,learned_wam,2,-0.02850768820975026,0.7303475490256842,0.0
libero_spatial/3,1310770,1,learned_wam,4,-0.027049338899481284,0.828953705924485,0.0
libero_spatial/3,1310770,1,learned_wam,8,-0.02573504207663788,0.9178197668965229,0.0
libero_spatial/3,1310770,1,learned_physics_score,1,-0.030475332640385717,0.597305448561765,0.0
libero_spatial/3,1310770,1,learned_physics_score,2,-0.02850768820975026,0.7303475490256842,0.0
libero_spatial/3,1310770,1,learned_physics_score,4,-0.027049338899481284,0.828953705924485,0.0
libero_spatial/3,1310770,1,learned_physics_score,8,-0.02573504207663788,0.9178197668965229,0.0
libero_spatial/3,1310770,1,learned_energy_regularized,1,-0.03047533264038572,0.597305448561765,0.0
libero_spatial/3,1310770,1,learned_energy_regularized,2,-0.02859681532646782,0.7243212270785997,0.0
libero_spatial/3,1310770,1,learned_energy_regularized,4,-0.0275481037428289,0.7952297660889251,0.0
libero_spatial/3,1310770,1,learned_energy_regularized,8,-0.026435434964111767,0.8704627650679855,0.0
libero_spatial/3,1310770,1,predicted_progress,1,-0.03047533264038572,0.597305448561765,0.0
libero_spatial/3,1310770,1,predicted_progress,2,-0.030303813544987904,0.6089026967058452,0.0
libero_spatial/3,1310770,1,predicted_progress,4,-0.02905767956101791,0.6931599334837818,0.0
libero_spatial/3,1310770,1,predicted_progress,8,-0.02720584926069873,0.8183712719864531,0.0
libero_spatial/3,1310770,1,predicted_success,1,-0.03047533264038572,0.597305448561765,0.0
libero_spatial/3,1310770,1,predicted_success,2,-0.03047533264038572,0.597305448561765,0.0
libero_spatial/3,1310770,1,predicted_success,4,-0.03047533264038572,0.597305448561765,0.0
libero_spatial/3,1310770,1,predicted_success,8,-0.03047533264038572,0.597305448561765,0.0
libero_spatial/3,1310770,1,low_energy,1,-0.03047533264038572,0.597305448561765,0.0
libero_spatial/3,1310770,1,low_energy,2,-0.02861222935120409,0.7232790091882191,0.0
libero_spatial/3,1310770,1,low_energy,4,-0.027355693360890134,0.808239576685615,0.0
libero_spatial/3,1310770,1,low_energy,8,-0.026011828841116573,0.8991048548150933,0.0
libero_spatial/3,1310770,1,distance_progress,1,-0.03047533264038572,0.597305448561765,0.0
libero_spatial/3,1310770,1,distance_progress,2,-0.029668455292817128,0.6518623875421539,0.0
libero_spatial/3,1310770,1,distance_progress,4,-0.028938092910398595,0.7012457740645923,0.0
libero_spatial/3,1310770,1,distance_progress,8,-0.028539976716546046,0.7281643645549165,0.0
libero_spatial/3,1310770,1,benchmark_reward,1,-0.03047533264038572,0.597305448561765,0.0
libero_spatial/3,1310770,1,benchmark_reward,2,-0.03047533264038572,0.597305448561765,0.0
libero_spatial/3,1310770,1,benchmark_reward,4,-0.03047533264038572,0.597305448561765,0.0
libero_spatial/3,1310770,1,benchmark_reward,8,-0.03047533264038572,0.597305448561765,0.0
libero_spatial/3,1310770,1,oracle_real_utility,1,-0.03047533264038572,0.597305448561765,0.0
libero_spatial/3,1310770,1,oracle_real_utility,2,-0.028240936807013207,0.7483839210293257,0.0
libero_spatial/3,1310770,1,oracle_real_utility,4,-0.026712797153651806,0.8517089456730039,0.0
libero_spatial/3,1310770,1,oracle_real_utility,8,-0.025567332892297397,0.9291594082485647,0.0
libero_spatial/4,1400766,0,random,1,-0.024088106531678484,0.6745868862568998,0.0
libero_spatial/4,1400766,0,random,2,-0.023851333895231603,0.7147367213179134,0.0
libero_spatial/4,1400766,0,random,4,-0.023407475122671814,0.790002414077378,0.0
libero_spatial/4,1400766,0,random,8,-0.022816441431727997,0.8902247436632548,0.0
libero_spatial/4,1400766,0,learned_wam,1,-0.024088106531678484,0.6745868862568998,0.0
libero_spatial/4,1400766,0,learned_wam,2,-0.023654178997616182,0.7481685263588901,0.0
libero_spatial/4,1400766,0,learned_wam,4,-0.023499268432741,0.7744369065327211,0.0
libero_spatial/4,1400766,0,learned_wam,8,-0.023234290646352414,0.819369524498991,0.0
libero_spatial/4,1400766,0,learned_physics_score,1,-0.024088106531678484,0.6745868862568998,0.0
libero_spatial/4,1400766,0,learned_physics_score,2,-0.023654178997616182,0.7481685263588901,0.0
libero_spatial/4,1400766,0,learned_physics_score,4,-0.023499268432741,0.7744369065327211,0.0
libero_spatial/4,1400766,0,learned_physics_score,8,-0.023234290646352414,0.819369524498991,0.0
libero_spatial/4,1400766,0,learned_energy_regularized,1,-0.024088106531678484,0.6745868862568998,0.0
libero_spatial/4,1400766,0,learned_energy_regularized,2,-0.023444352387715764,0.7837490896593425,0.0
libero_spatial/4,1400766,0,learned_energy_regularized,4,-0.02305497369274581,0.8497765268409346,0.0
libero_spatial/4,1400766,0,learned_energy_regularized,8,-0.022813914355927258,0.8906532630990682,0.0
libero_spatial/4,1400766,0,predicted_progress,1,-0.024088106531678487,0.6745868862568998,0.0
libero_spatial/4,1400766,0,predicted_progress,2,-0.024023108111309092,0.6856087505070072,0.0
libero_spatial/4,1400766,0,predicted_progress,4,-0.024024994883781518,0.6852888081154271,0.0
libero_spatial/4,1400766,0,predicted_progress,8,-0.024070430395107888,0.6775842510642329,0.0
libero_spatial/4,1400766,0,predicted_success,1,-0.024088106531678484,0.6745868862568998,0.0
libero_spatial/4,1400766,0,predicted_success,2,-0.024088106531678484,0.6745868862568998,0.0
libero_spatial/4,1400766,0,predicted_success,4,-0.024088106531678484,0.6745868862568998,0.0
libero_spatial/4,1400766,0,predicted_success,8,-0.024088106531678484,0.6745868862568998,0.0
libero_spatial/4,1400766,0,low_energy,1,-0.024088106531678484,0.6745868862568998,0.0
libero_spatial/4,1400766,0,low_energy,2,-0.023325796701070958,0.8038527272070121,0.0
libero_spatial/4,1400766,0,low_energy,4,-0.022989549254890475,0.8608706314142921,0.0
libero_spatial/4,1400766,0,low_energy,8,-0.022808920485441208,0.8915000800258037,0.0
libero_spatial/4,1400766,0,distance_progress,1,-0.024088106531678484,0.6745868862568999,0.0
libero_spatial/4,1400766,0,distance_progress,2,-0.024335549323121448,0.632627699534322,0.0
libero_spatial/4,1400766,0,distance_progress,4,-0.02410031740789696,0.6725162725513665,0.0
libero_spatial/4,1400766,0,distance_progress,8,-0.023345847178387228,0.8004527424400923,0.0
libero_spatial/4,1400766,0,benchmark_reward,1,-0.024088106531678484,0.6745868862568998,0.0
libero_spatial/4,1400766,0,benchmark_reward,2,-0.024088106531678484,0.6745868862568998,0.0
libero_spatial/4,1400766,0,benchmark_reward,4,-0.024088106531678484,0.6745868862568998,0.0
libero_spatial/4,1400766,0,benchmark_reward,8,-0.024088106531678484,0.6745868862568998,0.0
libero_spatial/4,1400766,0,oracle_real_utility,1,-0.024088106531678484,0.6745868862568998,0.0
libero_spatial/4,1400766,0,oracle_real_utility,2,-0.023184599559322158,0.8277957048980714,0.0
libero_spatial/4,1400766,0,oracle_real_utility,4,-0.022659219176274017,0.9168851201287338,0.0
libero_spatial/4,1400766,0,oracle_real_utility,8,-0.022355732182986577,0.9683477929548955,0.0
libero_spatial/4,1410773,1,random,1,-0.03028269037485539,0.5911395476996442,0.0
libero_spatial/4,1410773,1,random,2,-0.030915490575838825,0.5563400128753393,0.0
libero_spatial/4,1410773,1,random,4,-0.030457417343560014,0.5815308003845638,0.0
libero_spatial/4,1410773,1,random,8,-0.028165490480183075,0.7075705654998306,0.0
libero_spatial/4,1410773,1,learned_wam,1,-0.030282690374855384,0.5911395476996442,0.0
libero_spatial/4,1410773,1,learned_wam,2,-0.029104160522632438,0.6559503530220482,0.0
libero_spatial/4,1410773,1,learned_wam,4,-0.026893556852614235,0.7775179177573007,0.0
libero_spatial/4,1410773,1,learned_wam,8,-0.024709646323759042,0.897617548547481,0.0
libero_spatial/4,1410773,1,learned_physics_score,1,-0.030282690374855384,0.5911395476996442,0.0
libero_spatial/4,1410773,1,learned_physics_score,2,-0.029104160522632438,0.6559503530220482,0.0
libero_spatial/4,1410773,1,learned_physics_score,4,-0.026893556852614235,0.7775179177573007,0.0
libero_spatial/4,1410773,1,learned_physics_score,8,-0.024709646323759042,0.897617548547481,0.0
libero_spatial/4,1410773,1,learned_energy_regularized,1,-0.03028269037485539,0.5911395476996442,0.0
libero_spatial/4,1410773,1,learned_energy_regularized,2,-0.028219919130877322,0.7045773747228194,0.0
libero_spatial/4,1410773,1,learned_energy_regularized,4,-0.026229440225001066,0.8140396345236792,0.0
libero_spatial/4,1410773,1,learned_energy_regularized,8,-0.024603612685663592,0.9034486485940925,0.0
libero_spatial/4,1410773,1,predicted_progress,1,-0.030282690374855387,0.5911395476996442,0.0
libero_spatial/4,1410773,1,predicted_progress,2,-0.03156684198920675,0.5205202925953347,0.0
libero_spatial/4,1410773,1,predicted_progress,4,-0.034230253090195464,0.3740515221741899,0.0
libero_spatial/4,1410773,1,predicted_progress,8,-0.03761186523743959,0.1880867745375267,0.0
libero_spatial/4,1410773,1,predicted_success,1,-0.030282690374855387,0.5911395476996442,0.0
libero_spatial/4,1410773,1,predicted_success,2,-0.030282690374855387,0.5911395476996442,0.0
libero_spatial/4,1410773,1,predicted_success,4,-0.030282690374855387,0.5911395476996442,0.0
libero_spatial/4,1410773,1,predicted_success,8,-0.030282690374855387,0.5911395476996442,0.0
libero_spatial/4,1410773,1,low_energy,1,-0.03028269037485539,0.5911395476996442,0.0
libero_spatial/4,1410773,1,low_energy,2,-0.027925243544009586,0.7207824475580361,0.0
libero_spatial/4,1410773,1,low_energy,4,-0.02619721008268741,0.8158120643650311,0.0
libero_spatial/4,1410773,1,low_energy,8,-0.02460346992519785,0.9034564994098657,0.0
libero_spatial/4,1410773,1,distance_progress,1,-0.030282690374855384,0.5911395476996442,0.0
libero_spatial/4,1410773,1,distance_progress,2,-0.029601565109232196,0.6285966192428131,0.0
libero_spatial/4,1410773,1,distance_progress,4,-0.029604838224607223,0.6284166210501763,0.0
libero_spatial/4,1410773,1,distance_progress,8,-0.030497225734624284,0.5793416204680787,0.0
libero_spatial/4,1410773,1,benchmark_reward,1,-0.030282690374855387,0.5911395476996442,0.0
libero_spatial/4,1410773,1,benchmark_reward,2,-0.030282690374855387,0.5911395476996442,0.0
libero_spatial/4,1410773,1,benchmark_reward,4,-0.030282690374855387,0.5911395476996442,0.0
libero_spatial/4,1410773,1,benchmark_reward,8,-0.030282690374855387,0.5911395476996442,0.0
libero_spatial/4,1410773,1,oracle_real_utility,1,-0.030282690374855384,0.5911395476996442,0.0
libero_spatial/4,1410773,1,oracle_real_utility,2,-0.02773335928422847,0.7313347245170374,0.0
libero_spatial/4,1410773,1,oracle_real_utility,4,-0.026032375843758636,0.8248767815205011,0.0
libero_spatial/4,1410773,1,oracle_real_utility,8,-0.02456911341581616,0.9053458643987069,0.0
libero_spatial/5,1500769,0,random,1,-0.03084320096653922,0.49209245071914587,0.0
libero_spatial/5,1500769,0,random,2,-0.02972362508517267,0.5558910153663996,0.0
libero_spatial/5,1500769,0,random,4,-0.02824463235085349,0.6401707994736705,0.0
libero_spatial/5,1500769,0,random,8,-0.026701315087130903,0.7281160900605367,0.0
libero_spatial/5,1500769,0,learned_wam,1,-0.03084320096653923,0.4920924507191459,0.0
libero_spatial/5,1500769,0,learned_wam,2,-0.027541447687410618,0.680241484235885,0.0
libero_spatial/5,1500769,0,learned_wam,4,-0.02511293712052759,0.818629146007155,0.0
libero_spatial/5,1500769,0,learned_wam,8,-0.02423796697847153,0.8684889546198986,0.0
libero_spatial/5,1500769,0,learned_physics_score,1,-0.03084320096653923,0.4920924507191459,0.0
libero_spatial/5,1500769,0,learned_physics_score,2,-0.027541447687410618,0.680241484235885,0.0
libero_spatial/5,1500769,0,learned_physics_score,4,-0.02511293712052759,0.818629146007155,0.0
libero_spatial/5,1500769,0,learned_physics_score,8,-0.02423796697847153,0.8684889546198986,0.0
libero_spatial/5,1500769,0,learned_energy_regularized,1,-0.03084320096653922,0.49209245071914587,0.0
libero_spatial/5,1500769,0,learned_energy_regularized,2,-0.027324923657349627,0.6925800157811238,0.0
libero_spatial/5,1500769,0,learned_energy_regularized,4,-0.024784767887466405,0.8373297328804075,0.0
libero_spatial/5,1500769,0,learned_energy_regularized,8,-0.024128065405794586,0.8747516499011747,0.0
libero_spatial/5,1500769,0,predicted_progress,1,-0.03084320096653923,0.49209245071914587,0.0
libero_spatial/5,1500769,0,predicted_progress,2,-0.02871575667079891,0.6133239765979905,0.0
libero_spatial/5,1500769,0,predicted_progress,4,-0.027084074403663165,0.7063047100491028,0.0
libero_spatial/5,1500769,0,predicted_progress,8,-0.025787850505058784,0.7801694882823448,0.0
libero_spatial/5,1500769,0,predicted_success,1,-0.03084320096653922,0.49209245071914587,0.0
libero_spatial/5,1500769,0,predicted_success,2,-0.03084320096653922,0.49209245071914587,0.0
libero_spatial/5,1500769,0,predicted_success,4,-0.03084320096653922,0.49209245071914587,0.0
libero_spatial/5,1500769,0,predicted_success,8,-0.03084320096653922,0.49209245071914587,0.0
libero_spatial/5,1500769,0,low_energy,1,-0.03084320096653922,0.49209245071914587,0.0
libero_spatial/5,1500769,0,low_energy,2,-0.02727552662198817,0.695394885238694,0.0
libero_spatial/5,1500769,0,low_energy,4,-0.024742317310202648,0.8397487613205069,0.0
libero_spatial/5,1500769,0,low_energy,8,-0.024123102977029312,0.8750344318346355,0.0
libero_spatial/5,1500769,0,distance_progress,1,-0.030843200966539225,0.49209245071914587,0.0
libero_spatial/5,1500769,0,distance_progress,2,-0.027388466271071336,0.6889590664405294,0.0
libero_spatial/5,1500769,0,distance_progress,4,-0.024396244690500238,0.8594695652143699,0.0
libero_spatial/5,1500769,0,distance_progress,8,-0.022702780483743707,0.9559709167267771,0.0
libero_spatial/5,1500769,0,benchmark_reward,1,-0.03084320096653922,0.49209245071914587,0.0
libero_spatial/5,1500769,0,benchmark_reward,2,-0.03084320096653922,0.49209245071914587,0.0
libero_spatial/5,1500769,0,benchmark_reward,4,-0.03084320096653922,0.49209245071914587,0.0
libero_spatial/5,1500769,0,benchmark_reward,8,-0.03084320096653922,0.49209245071914587,0.0
libero_spatial/5,1500769,0,oracle_real_utility,1,-0.030843200966539225,0.49209245071914587,0.0
libero_spatial/5,1500769,0,oracle_real_utility,2,-0.027094056679133376,0.7057358742448376,0.0
libero_spatial/5,1500769,0,oracle_real_utility,4,-0.024016437538783467,0.8811127173450813,0.0
libero_spatial/5,1500769,0,oracle_real_utility,8,-0.022440335874184175,0.970926213342197,0.0
libero_spatial/5,1510776,1,random,1,-0.03434644689325264,0.4102806457654804,0.0
libero_spatial/5,1510776,1,random,2,-0.0357805285920541,0.34367704294416423,0.0
libero_spatial/5,1510776,1,random,4,-0.03818269500669663,0.23211231275810051,0.0
libero_spatial/5,1510776,1,random,8,-0.04122559077392709,0.0907899450877909,0.0
libero_spatial/5,1510776,1,learned_wam,1,-0.034346446893252634,0.4102806457654804,0.0
libero_spatial/5,1510776,1,learned_wam,2,-0.030248364826675388,0.6006094328349947,0.0
libero_spatial/5,1510776,1,learned_wam,4,-0.026295483650327044,0.7841945996280698,0.0
libero_spatial/5,1510776,1,learned_wam,8,-0.023766231191223654,0.9016616354055634,0.0
libero_spatial/5,1510776,1,learned_physics_score,1,-0.034346446893252634,0.4102806457654804,0.0
libero_spatial/5,1510776,1,learned_physics_score,2,-0.030248364826675388,0.6006094328349947,0.0
libero_spatial/5,1510776,1,learned_physics_score,4,-0.026295483650327044,0.7841945996280698,0.0
libero_spatial/5,1510776,1,learned_physics_score,8,-0.023766231191223654,0.9016616354055634,0.0
libero_spatial/5,1510776,1,learned_energy_regularized,1,-0.034346446893252634,0.4102806457654804,0.0
libero_spatial/5,1510776,1,learned_energy_regularized,2,-0.03018829105423614,0.6033994619406348,0.0
libero_spatial/5,1510776,1,learned_energy_regularized,4,-0.026280465207217232,0.7848921069044799,0.0
libero_spatial/5,1510776,1,learned_energy_regularized,8,-0.023765870029933047,0.9016784089570103,0.0
libero_spatial/5,1510776,1,predicted_progress,1,-0.03434644689325264,0.4102806457654804,0.0
libero_spatial/5,1510776,1,predicted_progress,2,-0.034163949285943324,0.4187564516859024,0.0
libero_spatial/5,1510776,1,predicted_progress,4,-0.036268778887444494,0.32100104841836397,0.0
libero_spatial/5,1510776,1,predicted_progress,8,-0.038735013031788536,0.20646079624755626,0.0
libero_spatial/5,1510776,1,predicted_success,1,-0.03434644689325264,0.4102806457654804,0.0
libero_spatial/5,1510776,1,predicted_success,2,-0.03434644689325264,0.4102806457654804,0.0
libero_spatial/5,1510776,1,predicted_success,4,-0.03434644689325264,0.4102806457654804,0.0
libero_spatial/5,1510776,1,predicted_success,8,-0.03434644689325264,0.4102806457654804,0.0
libero_spatial/5,1510776,1,low_energy,1,-0.034346446893252634,0.4102806457654804,0.0
libero_spatial/5,1510776,1,low_energy,2,-0.03018829105423614,0.6033994619406348,0.0
libero_spatial/5,1510776,1,low_energy,4,-0.026280465207217232,0.7848921069044799,0.0
libero_spatial/5,1510776,1,low_energy,8,-0.023765870029933047,0.9016784089570103,0.0
libero_spatial/5,1510776,1,distance_progress,1,-0.03434644689325264,0.4102806457654804,0.0
libero_spatial/5,1510776,1,distance_progress,2,-0.033504598673311264,0.44937892344636027,0.0
libero_spatial/5,1510776,1,distance_progress,4,-0.034231007075153225,0.4156420612279917,0.0
libero_spatial/5,1510776,1,distance_progress,8,-0.03356694573774299,0.44648331497443283,0.0
libero_spatial/5,1510776,1,benchmark_reward,1,-0.03434644689325264,0.4102806457654804,0.0
libero_spatial/5,1510776,1,benchmark_reward,2,-0.03434644689325264,0.4102806457654804,0.0
libero_spatial/5,1510776,1,benchmark_reward,4,-0.03434644689325264,0.4102806457654804,0.0
libero_spatial/5,1510776,1,benchmark_reward,8,-0.03434644689325264,0.4102806457654804,0.0
libero_spatial/5,1510776,1,oracle_real_utility,1,-0.034346446893252634,0.4102806457654804,0.0
libero_spatial/5,1510776,1,oracle_real_utility,2,-0.030035677992480993,0.6104873285238146,0.0
libero_spatial/5,1510776,1,oracle_real_utility,4,-0.02620028332169779,0.7886160247684793,0.0
libero_spatial/5,1510776,1,oracle_real_utility,8,-0.023758743861262956,0.9020093723241164,0.0
libero_spatial/6,1600772,0,random,1,-0.0311289422813713,0.4055194372799461,0.0
libero_spatial/6,1600772,0,random,2,-0.03228042782349908,0.33482692225117766,0.0
libero_spatial/6,1600772,0,random,4,-0.03389155888938532,0.23591564380123892,0.0
libero_spatial/6,1600772,0,random,8,-0.03373022984745152,0.24582002844545064,0.0
libero_spatial/6,1600772,0,learned_wam,1,-0.031128942281371308,0.40551943727994605,0.0
libero_spatial/6,1600772,0,learned_wam,2,-0.02814649461891735,0.5886191971005919,0.0
libero_spatial/6,1600772,0,learned_wam,4,-0.025043244918272242,0.779135289639192,0.0
libero_spatial/6,1600772,0,learned_wam,8,-0.022897417514756886,0.9108728846174536,0.0
libero_spatial/6,1600772,0,learned_physics_score,1,-0.031128942281371308,0.40551943727994605,0.0
libero_spatial/6,1600772,0,learned_physics_score,2,-0.02814649461891735,0.5886191971005919,0.0
libero_spatial/6,1600772,0,learned_physics_score,4,-0.025043244918272242,0.779135289639192,0.0
libero_spatial/6,1600772,0,learned_physics_score,8,-0.022897417514756886,0.9108728846174536,0.0
libero_spatial/6,1600772,0,learned_energy_regularized,1,-0.031128942281371308,0.4055194372799461,0.0
libero_spatial/6,1600772,0,learned_energy_regularized,2,-0.027956955733491738,0.6002554530641072,0.0
libero_spatial/6,1600772,0,learned_energy_regularized,4,-0.024906332720133977,0.7875406644966361,0.0
libero_spatial/6,1600772,0,learned_energy_regularized,8,-0.022626907125784454,0.9274801793148189,0.0
libero_spatial/6,1600772,0,predicted_progress,1,-0.031128942281371308,0.40551943727994605,0.0
libero_spatial/6,1600772,0,predicted_progress,2,-0.0318543318145076,0.36098599886769167,0.0
libero_spatial/6,1600772,0,predicted_progress,4,-0.031970326920249634,0.3538647754949864,0.0
libero_spatial/6,1600772,0,predicted_progress,8,-0.03253823873159697,0.31899927975936426,0.0
libero_spatial/6,1600772,0,predicted_success,1,-0.031128942281371308,0.40551943727994605,0.0
libero_spatial/6,1600772,0,predicted_success,2,-0.031128942281371308,0.40551943727994605,0.0
libero_spatial/6,1600772,0,predicted_success,4,-0.031128942281371308,0.40551943727994605,0.0
libero_spatial/6,1600772,0,predicted_success,8,-0.031128942281371308,0.40551943727994605,0.0
libero_spatial/6,1600772,0,low_energy,1,-0.031128942281371308,0.4055194372799461,0.0
libero_spatial/6,1600772,0,low_energy,2,-0.02790609019891748,0.6033782126957152,0.0
libero_spatial/6,1600772,0,low_energy,4,-0.024786321849497847,0.7949084255024611,0.0
libero_spatial/6,1600772,0,low_energy,8,-0.02253339098483293,0.9332213640347173,0.0
libero_spatial/6,1600772,0,distance_progress,1,-0.031128942281371308,0.40551943727994605,0.0
libero_spatial/6,1600772,0,distance_progress,2,-0.030174873355205033,0.4640920631913931,0.0
libero_spatial/6,1600772,0,distance_progress,4,-0.030199014840010523,0.4626099583668071,0.0
libero_spatial/6,1600772,0,distance_progress,8,-0.03250305908275489,0.3211590444837047,0.0
libero_spatial/6,1600772,0,benchmark_reward,1,-0.031128942281371308,0.40551943727994605,0.0
libero_spatial/6,1600772,0,benchmark_reward,2,-0.031128942281371308,0.40551943727994605,0.0
libero_spatial/6,1600772,0,benchmark_reward,4,-0.031128942281371308,0.40551943727994605,0.0
libero_spatial/6,1600772,0,benchmark_reward,8,-0.031128942281371308,0.40551943727994605,0.0
libero_spatial/6,1600772,0,oracle_real_utility,1,-0.031128942281371308,0.4055194372799461,0.0
libero_spatial/6,1600772,0,oracle_real_utility,2,-0.027901689091689767,0.6036484074375992,0.0
libero_spatial/6,1600772,0,oracle_real_utility,4,-0.024785840478394813,0.7949379780523547,0.0
libero_spatial/6,1600772,0,oracle_real_utility,8,-0.022533388852643683,0.9332214949350326,0.0
libero_spatial/6,1610779,1,random,1,-0.0283315316291411,0.6345095720005708,0.0
libero_spatial/6,1610779,1,random,2,-0.027870077375366245,0.6566015483757187,0.0
libero_spatial/6,1610779,1,random,4,-0.025929468375104736,0.7495075901696115,0.0
libero_spatial/6,1610779,1,random,8,-0.023947546775149244,0.8443914596007391,0.0
libero_spatial/6,1610779,1,learned_wam,1,-0.0283315316291411,0.6345095720005707,0.0
libero_spatial/6,1610779,1,learned_wam,2,-0.02455013724616501,0.8155426314868592,0.0
libero_spatial/6,1610779,1,learned_wam,4,-0.02218963833002674,0.9285507701318043,0.0
libero_spatial/6,1610779,1,learned_wam,8,-0.02111239122551043,0.9801236343723885,0.0
libero_spatial/6,1610779,1,learned_physics_score,1,-0.0283315316291411,0.6345095720005707,0.0
libero_spatial/6,1610779,1,learned_physics_score,2,-0.02455013724616501,0.8155426314868592,0.0
libero_spatial/6,1610779,1,learned_physics_score,4,-0.02218963833002674,0.9285507701318043,0.0
libero_spatial/6,1610779,1,learned_physics_score,8,-0.02111239122551043,0.9801236343723885,0.0
libero_spatial/6,1610779,1,learned_energy_regularized,1,-0.0283315316291411,0.6345095720005708,0.0
libero_spatial/6,1610779,1,learned_energy_regularized,2,-0.02453555880348262,0.8162405698170214,0.0
libero_spatial/6,1610779,1,learned_energy_regularized,4,-0.02216754287783624,0.9296085829134564,0.0
libero_spatial/6,1610779,1,learned_energy_regularized,8,-0.02110499161366354,0.9804778884479972,0.0
libero_spatial/6,1610779,1,predicted_progress,1,-0.028331531629141104,0.6345095720005708,0.0
libero_spatial/6,1610779,1,predicted_progress,2,-0.028808034151425944,0.6116971645324383,0.0
libero_spatial/6,1610779,1,predicted_progress,4,-0.028792579357675187,0.6124370578926825,0.0
libero_spatial/6,1610779,1,predicted_progress,8,-0.026567501342926552,0.7189619637366993,0.0
libero_spatial/6,1610779,1,predicted_success,1,-0.028331531629141107,0.6345095720005708,0.0
libero_spatial/6,1610779,1,predicted_success,2,-0.028331531629141107,0.6345095720005708,0.0
libero_spatial/6,1610779,1,predicted_success,4,-0.028331531629141107,0.6345095720005708,0.0
libero_spatial/6,1610779,1,predicted_success,8,-0.028331531629141107,0.6345095720005708,0.0
libero_spatial/6,1610779,1,low_energy,1,-0.0283315316291411,0.6345095720005708,0.0
libero_spatial/6,1610779,1,low_energy,2,-0.02453555880348262,0.8162405698170214,0.0
libero_spatial/6,1610779,1,low_energy,4,-0.02216754287783624,0.9296085829134564,0.0
libero_spatial/6,1610779,1,low_energy,8,-0.02110499161366354,0.9804778884479972,0.0
libero_spatial/6,1610779,1,distance_progress,1,-0.0283315316291411,0.6345095720005708,0.0
libero_spatial/6,1610779,1,distance_progress,2,-0.028950981504125558,0.6048536052567433,0.0
libero_spatial/6,1610779,1,distance_progress,4,-0.03018457341103275,0.5457957830760345,0.0
libero_spatial/6,1610779,1,distance_progress,8,-0.03141360597727211,0.486956237887023,0.0
libero_spatial/6,1610779,1,benchmark_reward,1,-0.028331531629141107,0.6345095720005708,0.0
libero_spatial/6,1610779,1,benchmark_reward,2,-0.028331531629141107,0.6345095720005708,0.0
libero_spatial/6,1610779,1,benchmark_reward,4,-0.028331531629141107,0.6345095720005708,0.0
libero_spatial/6,1610779,1,benchmark_reward,8,-0.028331531629141107,0.6345095720005708,0.0
libero_spatial/6,1610779,1,oracle_real_utility,1,-0.0283315316291411,0.6345095720005708,0.0
libero_spatial/6,1610779,1,oracle_real_utility,2,-0.02453555880348262,0.8162405698170214,0.0
libero_spatial/6,1610779,1,oracle_real_utility,4,-0.02216754287783624,0.9296085829134564,0.0
libero_spatial/6,1610779,1,oracle_real_utility,8,-0.02110499161366354,0.9804778884479972,0.0
libero_spatial/7,1700775,0,random,1,-0.042172391793691866,0.4440231901512157,0.0
libero_spatial/7,1700775,0,random,2,-0.04369608883911161,0.38343793729239617,0.0
libero_spatial/7,1700775,0,random,4,-0.043916096273986446,0.37469000008743814,0.0
libero_spatial/7,1700775,0,random,8,-0.0433932929017456,0.3954777115277588,0.0
libero_spatial/7,1700775,0,learned_wam,1,-0.042172391793691866,0.4440231901512158,0.0
libero_spatial/7,1700775,0,learned_wam,2,-0.038540549369984536,0.5884325346761844,0.0
libero_spatial/7,1700775,0,learned_wam,4,-0.03530997493500207,0.7168866585527143,0.0
libero_spatial/7,1700775,0,learned_wam,8,-0.032049298940461296,0.8465376808565055,0.0
libero_spatial/7,1700775,0,learned_physics_score,1,-0.042172391793691866,0.4440231901512158,0.0
libero_spatial/7,1700775,0,learned_physics_score,2,-0.038540549369984536,0.5884325346761844,0.0
libero_spatial/7,1700775,0,learned_physics_score,4,-0.03530997493500207,0.7168866585527143,0.0
libero_spatial/7,1700775,0,learned_physics_score,8,-0.032049298940461296,0.8465376808565055,0.0
libero_spatial/7,1700775,0,learned_energy_regularized,1,-0.042172391793691866,0.4440231901512158,0.0
libero_spatial/7,1700775,0,learned_energy_regularized,2,-0.03852264865191427,0.589144303156606,0.0
libero_spatial/7,1700775,0,learned_energy_regularized,4,-0.035275292293740934,0.7182657099835312,0.0
libero_spatial/7,1700775,0,learned_energy_regularized,8,-0.03202830077758334,0.8473726099596076,0.0
libero_spatial/7,1700775,0,predicted_progress,1,-0.042172391793691866,0.4440231901512157,0.0
libero_spatial/7,1700775,0,predicted_progress,2,-0.04248150970231517,0.431732041649334,0.0
libero_spatial/7,1700775,0,predicted_progress,4,-0.042432196926047466,0.4336928166133139,0.0
libero_spatial/7,1700775,0,predicted_progress,8,-0.040662984117472836,0.5040402690092909,0.0
libero_spatial/7,1700775,0,predicted_success,1,-0.04217239179369186,0.4440231901512158,0.0
libero_spatial/7,1700775,0,predicted_success,2,-0.04217239179369186,0.4440231901512158,0.0
libero_spatial/7,1700775,0,predicted_success,4,-0.04217239179369186,0.4440231901512158,0.0
libero_spatial/7,1700775,0,predicted_success,8,-0.04217239179369186,0.4440231901512158,0.0
libero_spatial/7,1700775,0,low_energy,1,-0.042172391793691866,0.4440231901512158,0.0
libero_spatial/7,1700775,0,low_energy,2,-0.03852264865191427,0.589144303156606,0.0
libero_spatial/7,1700775,0,low_energy,4,-0.035275292293740934,0.7182657099835312,0.0
libero_spatial/7,1700775,0,low_energy,8,-0.03202830077758334,0.8473726099596076,0.0
libero_spatial/7,1700775,0,distance_progress,1,-0.042172391793691866,0.4440231901512157,0.0
libero_spatial/7,1700775,0,distance_progress,2,-0.0393314953720538,0.5569829340635915,0.0
libero_spatial/7,1700775,0,distance_progress,4,-0.0375005675508058,0.6297842992365479,0.0
libero_spatial/7,1700775,0,distance_progress,8,-0.037130473430457646,0.64449998430679,0.0
libero_spatial/7,1700775,0,benchmark_reward,1,-0.04217239179369186,0.4440231901512158,0.0
libero_spatial/7,1700775,0,benchmark_reward,2,-0.04217239179369186,0.4440231901512158,0.0
libero_spatial/7,1700775,0,benchmark_reward,4,-0.04217239179369186,0.4440231901512158,0.0
libero_spatial/7,1700775,0,benchmark_reward,8,-0.04217239179369186,0.4440231901512158,0.0
libero_spatial/7,1700775,0,oracle_real_utility,1,-0.042172391793691866,0.4440231901512158,0.0
libero_spatial/7,1700775,0,oracle_real_utility,2,-0.03841700298658605,0.5933449868598324,0.0
libero_spatial/7,1700775,0,oracle_real_utility,4,-0.03502603455210715,0.7281766980958309,0.0
libero_spatial/7,1700775,0,oracle_real_utility,8,-0.031834071521714025,0.8550955550258827,0.0
libero_spatial/7,1710782,1,random,1,-0.04067680961218419,0.5433121520055664,0.0
libero_spatial/7,1710782,1,random,2,-0.041281454175777846,0.5215526155578941,0.0
libero_spatial/7,1710782,1,random,4,-0.0410517406914596,0.52981938786597,0.0
libero_spatial/7,1710782,1,random,8,-0.041119046229686096,0.5273972420296373,0.0
libero_spatial/7,1710782,1,learned_wam,1,-0.040676809612184193,0.5433121520055664,0.0
libero_spatial/7,1710782,1,learned_wam,2,-0.037102018474146056,0.6719592990147816,0.0
libero_spatial/7,1710782,1,learned_wam,4,-0.03433373841542031,0.7715822749945804,0.0
libero_spatial/7,1710782,1,learned_wam,8,-0.03141541357095806,0.8766049604576033,0.0
libero_spatial/7,1710782,1,learned_physics_score,1,-0.040676809612184193,0.5433121520055664,0.0
libero_spatial/7,1710782,1,learned_physics_score,2,-0.037102018474146056,0.6719592990147816,0.0
libero_spatial/7,1710782,1,learned_physics_score,4,-0.03433373841542031,0.7715822749945804,0.0
libero_spatial/7,1710782,1,learned_physics_score,8,-0.03141541357095806,0.8766049604576033,0.0
libero_spatial/7,1710782,1,learned_energy_regularized,1,-0.04067680961218418,0.5433121520055664,0.0
libero_spatial/7,1710782,1,learned_energy_regularized,2,-0.036921080640724926,0.6784707664423391,0.0
libero_spatial/7,1710782,1,learned_energy_regularized,4,-0.033989538468884195,0.7839691080745395,0.0
libero_spatial/7,1710782,1,learned_energy_regularized,8,-0.03128006775074926,0.8814756935877743,0.0
libero_spatial/7,1710782,1,predicted_progress,1,-0.04067680961218419,0.5433121520055664,0.0
libero_spatial/7,1710782,1,predicted_progress,2,-0.03848160971658825,0.6223115096682719,0.0
libero_spatial/7,1710782,1,predicted_progress,4,-0.03701925408116295,0.6749377675798203,0.0
libero_spatial/7,1710782,1,predicted_progress,8,-0.038207436188978205,0.6321782797117496,0.0
libero_spatial/7,1710782,1,predicted_success,1,-0.04067680961218419,0.5433121520055664,0.0
libero_spatial/7,1710782,1,predicted_success,2,-0.04067680961218419,0.5433121520055664,0.0
libero_spatial/7,1710782,1,predicted_success,4,-0.04067680961218419,0.5433121520055664,0.0
libero_spatial/7,1710782,1,predicted_success,8,-0.04067680961218419,0.5433121520055664,0.0
libero_spatial/7,1710782,1,low_energy,1,-0.04067680961218419,0.5433121520055664,0.0
libero_spatial/7,1710782,1,low_energy,2,-0.03705070967139141,0.6738057652378311,0.0
libero_spatial/7,1710782,1,low_energy,4,-0.034429061900987726,0.7681518383655046,0.0
libero_spatial/7,1710782,1,low_energy,8,-0.031971420438156595,0.8565957642778571,0.0
libero_spatial/7,1710782,1,distance_progress,1,-0.04067680961218419,0.5433121520055664,0.0
libero_spatial/7,1710782,1,distance_progress,2,-0.037905778266972265,0.6430341394082383,0.0
libero_spatial/7,1710782,1,distance_progress,4,-0.03471592828269902,0.7578282865396857,0.0
libero_spatial/7,1710782,1,distance_progress,8,-0.03286776282514873,0.8243388053738882,0.0
libero_spatial/7,1710782,1,benchmark_reward,1,-0.04067680961218419,0.5433121520055664,0.0
libero_spatial/7,1710782,1,benchmark_reward,2,-0.04067680961218419,0.5433121520055664,0.0
libero_spatial/7,1710782,1,benchmark_reward,4,-0.04067680961218419,0.5433121520055664,0.0
libero_spatial/7,1710782,1,benchmark_reward,8,-0.04067680961218419,0.5433121520055664,0.0
libero_spatial/7,1710782,1,oracle_real_utility,1,-0.04067680961218419,0.5433121520055664,0.0
libero_spatial/7,1710782,1,oracle_real_utility,2,-0.0363571243037358,0.6987660427227979,0.0
libero_spatial/7,1710782,1,oracle_real_utility,4,-0.03291971543888801,0.8224691701199254,0.0
libero_spatial/7,1710782,1,oracle_real_utility,8,-0.030244890534654068,0.9187289456960009,0.0
libero_spatial/8,1800778,0,random,1,-0.04431815529762397,0.487663540270306,0.0
libero_spatial/8,1800778,0,random,2,-0.042787818495726035,0.5592188762961064,0.0
libero_spatial/8,1800778,0,random,4,-0.043583579951580576,0.5220107412637184,0.0
libero_spatial/8,1800778,0,random,8,-0.04550485570094981,0.4321759208020807,0.0
libero_spatial/8,1800778,0,learned_wam,1,-0.044318155297623965,0.487663540270306,0.0
libero_spatial/8,1800778,0,learned_wam,2,-0.04097987755351191,0.6437543991133657,0.0
libero_spatial/8,1800778,0,learned_wam,4,-0.0379945080560518,0.7833440092482078,0.0
libero_spatial/8,1800778,0,learned_wam,8,-0.03558674547410855,0.8959259326572416,0.0
libero_spatial/8,1800778,0,learned_physics_score,1,-0.044318155297623965,0.487663540270306,0.0
libero_spatial/8,1800778,0,learned_physics_score,2,-0.04097987755351191,0.6437543991133657,0.0
libero_spatial/8,1800778,0,learned_physics_score,4,-0.0379945080560518,0.7833440092482078,0.0
libero_spatial/8,1800778,0,learned_physics_score,8,-0.03558674547410855,0.8959259326572416,0.0
libero_spatial/8,1800778,0,learned_energy_regularized,1,-0.044318155297623965,0.487663540270306,0.0
libero_spatial/8,1800778,0,learned_energy_regularized,2,-0.04087250982234133,0.64877468881215,0.0
libero_spatial/8,1800778,0,learned_energy_regularized,4,-0.0379525675360633,0.7853050599117954,0.0
libero_spatial/8,1800778,0,learned_energy_regularized,8,-0.035585506508552245,0.8959838640855361,0.0
libero_spatial/8,1800778,0,predicted_progress,1,-0.044318155297623965,0.487663540270306,0.0
libero_spatial/8,1800778,0,predicted_progress,2,-0.04371183512170944,0.5160137987709053,0.0
libero_spatial/8,1800778,0,predicted_progress,4,-0.043223025180601685,0.5388695253961413,0.0
libero_spatial/8,1800778,0,predicted_progress,8,-0.043019381160790085,0.5483914922267057,0.0
libero_spatial/8,1800778,0,predicted_success,1,-0.04431815529762397,0.487663540270306,0.0
libero_spatial/8,1800778,0,predicted_success,2,-0.04431815529762397,0.487663540270306,0.0
libero_spatial/8,1800778,0,predicted_success,4,-0.04431815529762397,0.487663540270306,0.0
libero_spatial/8,1800778,0,predicted_success,8,-0.04431815529762397,0.487663540270306,0.0
libero_spatial/8,1800778,0,low_energy,1,-0.044318155297623965,0.487663540270306,0.0
libero_spatial/8,1800778,0,low_energy,2,-0.040824859095907925,0.6510027367409372,0.0
libero_spatial/8,1800778,0,low_energy,4,-0.03791161769303458,0.787219788600597,0.0
libero_spatial/8,1800778,0,low_energy,8,-0.035580719514073544,0.8962076938974128,0.0
libero_spatial/8,1800778,0,distance_progress,1,-0.04431815529762398,0.487663540270306,0.0
libero_spatial/8,1800778,0,distance_progress,2,-0.041526201328524,0.6182094463608796,0.0
libero_spatial/8,1800778,0,distance_progress,4,-0.039038193316482284,0.734543477611866,0.0
libero_spatial/8,1800778,0,distance_progress,8,-0.03638590392083703,0.858558961463323,0.0
libero_spatial/8,1800778,0,benchmark_reward,1,-0.04431815529762397,0.487663540270306,0.0
libero_spatial/8,1800778,0,benchmark_reward,2,-0.04431815529762397,0.487663540270306,0.0
libero_spatial/8,1800778,0,benchmark_reward,4,-0.04431815529762397,0.487663540270306,0.0
libero_spatial/8,1800778,0,benchmark_reward,8,-0.04431815529762397,0.487663540270306,0.0
libero_spatial/8,1800778,0,oracle_real_utility,1,-0.04431815529762398,0.487663540270306,0.0
libero_spatial/8,1800778,0,oracle_real_utility,2,-0.040784349873014575,0.6528968629572597,0.0
libero_spatial/8,1800778,0,oracle_real_utility,4,-0.03781604124527058,0.7916887426422329,0.0
libero_spatial/8,1800778,0,oracle_real_utility,8,-0.035506243422754755,0.8996900395703362,0.0
libero_spatial/8,1810785,1,random,1,-0.03501151621262881,0.518501586717168,0.0
libero_spatial/8,1810785,1,random,2,-0.03241269950383948,0.6215752079857001,0.0
libero_spatial/8,1810785,1,random,4,-0.03142727426759798,0.6606588983611279,0.0
libero_spatial/8,1810785,1,random,8,-0.030444512396614207,0.6996369550068098,0.0
libero_spatial/8,1810785,1,learned_wam,1,-0.03501151621262881,0.518501586717168,0.0
libero_spatial/8,1810785,1,learned_wam,2,-0.03051806015594407,0.6967199220876829,0.0
libero_spatial/8,1810785,1,learned_wam,4,-0.02735546739627108,0.8221538887212877,0.0
libero_spatial/8,1810785,1,learned_wam,8,-0.025254388879268633,0.9054863417505925,0.0
libero_spatial/8,1810785,1,learned_physics_score,1,-0.03501151621262881,0.518501586717168,0.0
libero_spatial/8,1810785,1,learned_physics_score,2,-0.03051806015594407,0.6967199220876829,0.0
libero_spatial/8,1810785,1,learned_physics_score,4,-0.02735546739627108,0.8221538887212877,0.0
libero_spatial/8,1810785,1,learned_physics_score,8,-0.025254388879268633,0.9054863417505925,0.0
libero_spatial/8,1810785,1,learned_energy_regularized,1,-0.03501151621262881,0.518501586717168,0.0
libero_spatial/8,1810785,1,learned_energy_regularized,2,-0.03051806015594407,0.6967199220876829,0.0
libero_spatial/8,1810785,1,learned_energy_regularized,4,-0.02735546739627108,0.8221538887212877,0.0
libero_spatial/8,1810785,1,learned_energy_regularized,8,-0.025254388879268633,0.9054863417505925,0.0
libero_spatial/8,1810785,1,predicted_progress,1,-0.0350115162126288,0.518501586717168,0.0
libero_spatial/8,1810785,1,predicted_progress,2,-0.03302656098038655,0.597228386937889,0.0
libero_spatial/8,1810785,1,predicted_progress,4,-0.030018065355035747,0.7165505913960497,0.0
libero_spatial/8,1810785,1,predicted_progress,8,-0.027926677993154563,0.7994986762437718,0.0
libero_spatial/8,1810785,1,predicted_success,1,-0.03501151621262881,0.518501586717168,0.0
libero_spatial/8,1810785,1,predicted_success,2,-0.03501151621262881,0.518501586717168,0.0
libero_spatial/8,1810785,1,predicted_success,4,-0.03501151621262881,0.518501586717168,0.0
libero_spatial/8,1810785,1,predicted_success,8,-0.03501151621262881,0.518501586717168,0.0
libero_spatial/8,1810785,1,low_energy,1,-0.03501151621262881,0.518501586717168,0.0
libero_spatial/8,1810785,1,low_energy,2,-0.030839940737290922,0.6839535746099122,0.0
libero_spatial/8,1810785,1,low_energy,4,-0.028569173211751207,0.7740161908478227,0.0
libero_spatial/8,1810785,1,low_energy,8,-0.02838015008757442,0.7815131789372478,0.0
libero_spatial/8,1810785,1,distance_progress,1,-0.03501151621262881,0.518501586717168,0.0
libero_spatial/8,1810785,1,distance_progress,2,-0.0314396911550573,0.6601664228621873,0.0
libero_spatial/8,1810785,1,distance_progress,4,-0.030310020806932063,0.7049711269519938,0.0
libero_spatial/8,1810785,1,distance_progress,8,-0.03135595078636792,0.6634877125160457,0.0
libero_spatial/8,1810785,1,benchmark_reward,1,-0.03501151621262881,0.518501586717168,0.0
libero_spatial/8,1810785,1,benchmark_reward,2,-0.03501151621262881,0.518501586717168,0.0
libero_spatial/8,1810785,1,benchmark_reward,4,-0.03501151621262881,0.518501586717168,0.0
libero_spatial/8,1810785,1,benchmark_reward,8,-0.03501151621262881,0.518501586717168,0.0
libero_spatial/8,1810785,1,oracle_real_utility,1,-0.0350115162126288,0.518501586717168,0.0
libero_spatial/8,1810785,1,oracle_real_utility,2,-0.030265446843050176,0.7067390084097591,0.0
libero_spatial/8,1810785,1,oracle_real_utility,4,-0.026982697247196583,0.8369386055641381,0.0
libero_spatial/8,1810785,1,oracle_real_utility,8,-0.024907172639746452,0.9192575457950153,0.0
libero_spatial/9,1900781,0,random,1,-0.019890871165391188,0.5012740744748582,0.0
libero_spatial/9,1900781,0,random,2,-0.019273792203501044,0.5455168253006949,0.0
libero_spatial/9,1900781,0,random,4,-0.01743759466901002,0.6771668004297522,0.0
libero_spatial/9,1900781,0,random,8,-0.016273798345619483,0.7606075818008711,0.0
libero_spatial/9,1900781,0,learned_wam,1,-0.019890871165391184,0.5012740744748582,0.0
libero_spatial/9,1900781,0,learned_wam,2,-0.017383538730518684,0.6810424525991332,0.0
libero_spatial/9,1900781,0,learned_wam,4,-0.015745608301174142,0.7984772580794202,0.0
libero_spatial/9,1900781,0,learned_wam,8,-0.014969198091470598,0.8541435918356903,0.0
libero_spatial/9,1900781,0,learned_physics_score,1,-0.019890871165391184,0.5012740744748582,0.0
libero_spatial/9,1900781,0,learned_physics_score,2,-0.017383538730518684,0.6810424525991332,0.0
libero_spatial/9,1900781,0,learned_physics_score,4,-0.015745608301174142,0.7984772580794202,0.0
libero_spatial/9,1900781,0,learned_physics_score,8,-0.014969198091470598,0.8541435918356903,0.0
libero_spatial/9,1900781,0,learned_energy_regularized,1,-0.019890871165391188,0.5012740744748581,0.0
libero_spatial/9,1900781,0,learned_energy_regularized,2,-0.017136571214594696,0.6987492987953353,0.0
libero_spatial/9,1900781,0,learned_energy_regularized,4,-0.01529850006613541,0.8305336065480295,0.0
libero_spatial/9,1900781,0,learned_energy_regularized,8,-0.014929743856693392,0.856972344695657,0.0
libero_spatial/9,1900781,0,predicted_progress,1,-0.019890871165391188,0.5012740744748581,0.0
libero_spatial/9,1900781,0,predicted_progress,2,-0.01933210168419153,0.5413362066371268,0.0
libero_spatial/9,1900781,0,predicted_progress,4,-0.019283012416146703,0.5448557631095717,0.0
libero_spatial/9,1900781,0,predicted_progress,8,-0.019855057917083356,0.5038417792889939,0.0
libero_spatial/9,1900781,0,predicted_success,1,-0.019890871165391188,0.5012740744748581,0.0
libero_spatial/9,1900781,0,predicted_success,2,-0.019890871165391188,0.5012740744748581,0.0
libero_spatial/9,1900781,0,predicted_success,4,-0.019890871165391188,0.5012740744748581,0.0
libero_spatial/9,1900781,0,predicted_success,8,-0.019890871165391188,0.5012740744748581,0.0
libero_spatial/9,1900781,0,low_energy,1,-0.019890871165391188,0.5012740744748582,0.0
libero_spatial/9,1900781,0,low_energy,2,-0.01717730260257336,0.6958289777984717,0.0
libero_spatial/9,1900781,0,low_energy,4,-0.015275541715648423,0.8321796529095142,0.0
libero_spatial/9,1900781,0,low_energy,8,-0.0148140110419899,0.8652700479063051,0.0
libero_spatial/9,1900781,0,distance_progress,1,-0.019890871165391184,0.5012740744748581,0.0
libero_spatial/9,1900781,0,distance_progress,2,-0.017799690075112472,0.6512056223362704,0.0
libero_spatial/9,1900781,0,distance_progress,4,-0.015536367397402853,0.8134792168883385,0.0
libero_spatial/9,1900781,0,distance_progress,8,-0.013758731819829517,0.9409304715491976,0.0
libero_spatial/9,1900781,0,benchmark_reward,1,-0.019890871165391188,0.5012740744748581,0.0
libero_spatial/9,1900781,0,benchmark_reward,2,-0.019890871165391188,0.5012740744748581,0.0
libero_spatial/9,1900781,0,benchmark_reward,4,-0.019890871165391188,0.5012740744748581,0.0
libero_spatial/9,1900781,0,benchmark_reward,8,-0.019890871165391188,0.5012740744748581,0.0
libero_spatial/9,1900781,0,oracle_real_utility,1,-0.019890871165391184,0.5012740744748581,0.0
libero_spatial/9,1900781,0,oracle_real_utility,2,-0.016977123678260028,0.7101812192715096,0.0
libero_spatial/9,1900781,0,oracle_real_utility,4,-0.014660709920796735,0.8762612884527267,0.0
libero_spatial/9,1900781,0,oracle_real_utility,8,-0.013451190083254565,0.9629803116185355,0.0
libero_spatial/9,1910788,1,random,1,-0.01882365595000224,0.36859845844476014,0.0
libero_spatial/9,1910788,1,random,2,-0.020690581026319377,0.2909990604205351,0.0
libero_spatial/9,1910788,1,random,4,-0.022162687247003657,0.2298104471216197,0.0
libero_spatial/9,1910788,1,random,8,-0.023975797917374288,0.1544478638252348,0.0
libero_spatial/9,1910788,1,learned_wam,1,-0.018823655950002238,0.36859845844476014,0.0
libero_spatial/9,1910788,1,learned_wam,2,-0.01563899259105901,0.500970112079253,0.0
libero_spatial/9,1910788,1,learned_wam,4,-0.012003035426524407,0.6520999516153658,0.0
libero_spatial/9,1910788,1,learned_wam,8,-0.008072386344242267,0.8154787644551765,0.0
libero_spatial/9,1910788,1,learned_physics_score,1,-0.018823655950002238,0.36859845844476014,0.0
libero_spatial/9,1910788,1,learned_physics_score,2,-0.01563899259105901,0.500970112079253,0.0
libero_spatial/9,1910788,1,learned_physics_score,4,-0.012003035426524407,0.6520999516153658,0.0
libero_spatial/9,1910788,1,learned_physics_score,8,-0.008072386344242267,0.8154787644551765,0.0
libero_spatial/9,1910788,1,learned_energy_regularized,1,-0.018823655950002238,0.36859845844476014,0.0
libero_spatial/9,1910788,1,learned_energy_regularized,2,-0.015686907121098076,0.4989785277704817,0.0
libero_spatial/9,1910788,1,learned_energy_regularized,4,-0.012235348913302191,0.6424437597544544,0.0
libero_spatial/9,1910788,1,learned_energy_regularized,8,-0.008348605022287452,0.8039976378629745,0.0
libero_spatial/9,1910788,1,predicted_progress,1,-0.018823655950002238,0.36859845844476014,0.0
libero_spatial/9,1910788,1,predicted_progress,2,-0.015935877590435927,0.48862998256558327,0.0
libero_spatial/9,1910788,1,predicted_progress,4,-0.012089737326564917,0.6484961566178866,0.0
libero_spatial/9,1910788,1,predicted_progress,8,-0.008078368914236574,0.8152300968272759,0.0
libero_spatial/9,1910788,1,predicted_success,1,-0.01882365595000224,0.36859845844476014,0.0
libero_spatial/9,1910788,1,predicted_success,2,-0.01882365595000224,0.36859845844476014,0.0
libero_spatial/9,1910788,1,predicted_success,4,-0.01882365595000224,0.36859845844476014,0.0
libero_spatial/9,1910788,1,predicted_success,8,-0.01882365595000224,0.36859845844476014,0.0
libero_spatial/9,1910788,1,low_energy,1,-0.018823655950002238,0.36859845844476014,0.0
libero_spatial/9,1910788,1,low_energy,2,-0.015686907121098076,0.4989785277704817,0.0
libero_spatial/9,1910788,1,low_energy,4,-0.012235348913302191,0.6424437597544544,0.0
libero_spatial/9,1910788,1,low_energy,8,-0.008348605022287452,0.8039976378629745,0.0
libero_spatial/9,1910788,1,distance_progress,1,-0.018823655950002238,0.36859845844476014,0.0
libero_spatial/9,1910788,1,distance_progress,2,-0.015904075356088763,0.48995185363179317,0.0
libero_spatial/9,1910788,1,distance_progress,4,-0.01220092970856937,0.643874406116015,0.0
libero_spatial/9,1910788,1,distance_progress,8,-0.0082287013497175,0.8089814762238994,0.0
libero_spatial/9,1910788,1,benchmark_reward,1,-0.01882365595000224,0.36859845844476014,0.0
libero_spatial/9,1910788,1,benchmark_reward,2,-0.01882365595000224,0.36859845844476014,0.0
libero_spatial/9,1910788,1,benchmark_reward,4,-0.01882365595000224,0.36859845844476014,0.0
libero_spatial/9,1910788,1,benchmark_reward,8,-0.01882365595000224,0.36859845844476014,0.0
libero_spatial/9,1910788,1,oracle_real_utility,1,-0.018823655950002238,0.36859845844476014,0.0
libero_spatial/9,1910788,1,oracle_real_utility,2,-0.014955078759273616,0.5293972312605333,0.0
libero_spatial/9,1910788,1,oracle_real_utility,4,-0.011223533757739875,0.6845002128919909,0.0
libero_spatial/9,1910788,1,oracle_real_utility,8,-0.007803479169952842,0.826655985819849,0.0
libero_object/0,2000784,0,random,1,-0.012091222141107923,0.34333252472610587,0.0
libero_object/0,2000784,0,random,2,-0.013105634803966721,0.2942310076745835,0.0
libero_object/0,2000784,0,random,4,-0.01451727019236436,0.2259023662530527,0.0
libero_object/0,2000784,0,random,8,-0.016233309192917184,0.14283940644213936,0.0
libero_object/0,2000784,0,learned_wam,1,-0.012091222141107921,0.34333252472610587,0.0
libero_object/0,2000784,0,learned_wam,2,-0.00885947520802379,0.49976164174228777,0.0
libero_object/0,2000784,0,learned_wam,4,-0.005020232385860104,0.6855959218134202,0.0
libero_object/0,2000784,0,learned_wam,8,-0.0012204575961560853,0.8695197956566305,0.0
libero_object/0,2000784,0,learned_physics_score,1,-0.012091222141107921,0.34333252472610587,0.0
libero_object/0,2000784,0,learned_physics_score,2,-0.00885947520802379,0.49976164174228777,0.0
libero_object/0,2000784,0,learned_physics_score,4,-0.005020232385860104,0.6855959218134202,0.0
libero_object/0,2000784,0,learned_physics_score,8,-0.0012204575961560853,0.8695197956566305,0.0
libero_object/0,2000784,0,learned_energy_regularized,1,-0.012091222141107921,0.34333252472610587,0.0
libero_object/0,2000784,0,learned_energy_regularized,2,-0.009101529318563981,0.488045281654091,0.0
libero_object/0,2000784,0,learned_energy_regularized,4,-0.005189160523156898,0.6774191431535554,0.0
libero_object/0,2000784,0,learned_energy_regularized,8,-0.0012373596461691923,0.8687016707186143,0.0
libero_object/0,2000784,0,predicted_progress,1,-0.012091222141107923,0.34333252472610587,0.0
libero_object/0,2000784,0,predicted_progress,2,-0.008969074497449511,0.4944566099977058,0.0
libero_object/0,2000784,0,predicted_progress,4,-0.00524402301056412,0.6747635854505167,0.0
libero_object/0,2000784,0,predicted_progress,8,-0.0025951738557826627,0.8029781836140222,0.0
libero_object/0,2000784,0,predicted_success,1,-0.012091222141107923,0.34333252472610587,0.0
libero_object/0,2000784,0,predicted_success,2,-0.012091222141107923,0.34333252472610587,0.0
libero_object/0,2000784,0,predicted_success,4,-0.012091222141107923,0.34333252472610587,0.0
libero_object/0,2000784,0,predicted_success,8,-0.012091222141107923,0.34333252472610587,0.0
libero_object/0,2000784,0,low_energy,1,-0.012091222141107921,0.34333252472610587,0.0
libero_object/0,2000784,0,low_energy,2,-0.00917681174292313,0.48440131960719257,0.0
libero_object/0,2000784,0,low_energy,4,-0.00521856772017219,0.6759957204789857,0.0
libero_object/0,2000784,0,low_energy,8,-0.0012382283646357084,0.8686596213671438,0.0
libero_object/0,2000784,0,distance_progress,1,-0.012091222141107923,0.3433325247261059,0.0
libero_object/0,2000784,0,distance_progress,2,-0.011436144871259234,0.37504081161291636,0.0
libero_object/0,2000784,0,distance_progress,4,-0.012193616168851947,0.3383762556619183,0.0
libero_object/0,2000784,0,distance_progress,8,-0.012697473332463158,0.31398760988056007,0.0
libero_object/0,2000784,0,benchmark_reward,1,-0.012091222141107923,0.34333252472610587,0.0
libero_object/0,2000784,0,benchmark_reward,2,-0.012091222141107923,0.34333252472610587,0.0
libero_object/0,2000784,0,benchmark_reward,4,-0.012091222141107923,0.34333252472610587,0.0
libero_object/0,2000784,0,benchmark_reward,8,-0.012091222141107923,0.34333252472610587,0.0
libero_object/0,2000784,0,oracle_real_utility,1,-0.012091222141107924,0.34333252472610587,0.0
libero_object/0,2000784,0,oracle_real_utility,2,-0.00835601521037099,0.5241310631470257,0.0
libero_object/0,2000784,0,oracle_real_utility,4,-0.004278021273025606,0.7215218254885256,0.0
libero_object/0,2000784,0,oracle_real_utility,8,-0.0008777424668434671,0.886108540436624,0.0
libero_object/0,2010791,1,random,1,-0.010602305656346954,0.5941455153646017,0.0
libero_object/0,2010791,1,random,2,-0.00854790267629327,0.6895941428216509,0.0
libero_object/0,2010791,1,random,4,-0.006097616567706189,0.8034357056564164,0.0
libero_object/0,2010791,1,random,8,-0.004715475716199377,0.8676506861200814,0.0
libero_object/0,2010791,1,learned_wam,1,-0.01060230565634695,0.5941455153646018,0.0
libero_object/0,2010791,1,learned_wam,2,-0.00676414710697116,0.7724683512723287,0.0
libero_object/0,2010791,1,learned_wam,4,-0.0042085193795836865,0.8912041403257198,0.0
libero_object/0,2010791,1,learned_wam,8,-0.0029414617979092172,0.9500722924137371,0.0
libero_object/0,2010791,1,learned_physics_score,1,-0.01060230565634695,0.5941455153646018,0.0
libero_object/0,2010791,1,learned_physics_score,2,-0.00676414710697116,0.7724683512723287,0.0
libero_object/0,2010791,1,learned_physics_score,4,-0.0042085193795836865,0.8912041403257198,0.0
libero_object/0,2010791,1,learned_physics_score,8,-0.0029414617979092172,0.9500722924137371,0.0
libero_object/0,2010791,1,learned_energy_regularized,1,-0.010602305656346952,0.5941455153646017,0.0
libero_object/0,2010791,1,learned_energy_regularized,2,-0.006709077805765024,0.7750268995543251,0.0
libero_object/0,2010791,1,learned_energy_regularized,4,-0.004054248469368997,0.8983716467884281,0.0
libero_object/0,2010791,1,learned_energy_regularized,8,-0.0028575417797181584,0.9539712599630823,0.0
libero_object/0,2010791,1,predicted_progress,1,-0.010602305656346952,0.5941455153646017,0.0
libero_object/0,2010791,1,predicted_progress,2,-0.009385366441375772,0.6506851421541924,0.0
libero_object/0,2010791,1,predicted_progress,4,-0.008966008491017398,0.6701687299232592,0.0
libero_object/0,2010791,1,predicted_progress,8,-0.00883530733828668,0.6762411732346854,0.0
libero_object/0,2010791,1,predicted_success,1,-0.010602305656346954,0.5941455153646018,0.0
libero_object/0,2010791,1,predicted_success,2,-0.010602305656346954,0.5941455153646018,0.0
libero_object/0,2010791,1,predicted_success,4,-0.010602305656346954,0.5941455153646018,0.0
libero_object/0,2010791,1,predicted_success,8,-0.010602305656346954,0.5941455153646018,0.0
libero_object/0,2010791,1,low_energy,1,-0.010602305656346952,0.5941455153646017,0.0
libero_object/0,2010791,1,low_energy,2,-0.006709077805765024,0.7750268995543251,0.0
libero_object/0,2010791,1,low_energy,4,-0.004054248469368997,0.8983716467884281,0.0
libero_object/0,2010791,1,low_energy,8,-0.0028575417797181584,0.9539712599630823,0.0
libero_object/0,2010791,1,distance_progress,1,-0.010602305656346952,0.5941455153646018,0.0
libero_object/0,2010791,1,distance_progress,2,-0.010932271935194245,0.5788151109946367,0.0
libero_object/0,2010791,1,distance_progress,4,-0.009952313878054524,0.6243444703402014,0.0
libero_object/0,2010791,1,distance_progress,8,-0.00898654523744228,0.6692145820380972,0.0
libero_object/0,2010791,1,benchmark_reward,1,-0.010602305656346954,0.5941455153646018,0.0
libero_object/0,2010791,1,benchmark_reward,2,-0.010602305656346954,0.5941455153646018,0.0
libero_object/0,2010791,1,benchmark_reward,4,-0.010602305656346954,0.5941455153646018,0.0
libero_object/0,2010791,1,benchmark_reward,8,-0.010602305656346954,0.5941455153646018,0.0
libero_object/0,2010791,1,oracle_real_utility,1,-0.010602305656346952,0.5941455153646018,0.0
libero_object/0,2010791,1,oracle_real_utility,2,-0.006614352563995386,0.7794278833925654,0.0
libero_object/0,2010791,1,oracle_real_utility,4,-0.00390492490153878,0.9053092971592485,0.0
libero_object/0,2010791,1,oracle_real_utility,8,-0.002504977772643305,0.9703515665011757,0.0
libero_object/1,2100787,0,random,1,-0.014236398757451465,0.545422891861846,0.0
libero_object/1,2100787,0,random,2,-0.014300086659586772,0.5418921880193229,0.0
libero_object/1,2100787,0,random,4,-0.013864494638097058,0.5660403601600652,0.0
libero_object/1,2100787,0,random,8,-0.011641158038073767,0.6892967842804104,0.0
libero_object/1,2100787,0,learned_wam,1,-0.014236398757451465,0.545422891861846,0.0
libero_object/1,2100787,0,learned_wam,2,-0.01076536927718284,0.7378484030281398,0.0
libero_object/1,2100787,0,learned_wam,4,-0.008123907255458942,0.8842846930815556,0.0
libero_object/1,2100787,0,learned_wam,8,-0.0066640712258808485,0.9652144851813904,0.0
libero_object/1,2100787,0,learned_physics_score,1,-0.014236398757451465,0.545422891861846,0.0
libero_object/1,2100787,0,learned_physics_score,2,-0.01076536927718284,0.7378484030281398,0.0
libero_object/1,2100787,0,learned_physics_score,4,-0.008123907255458942,0.8842846930815556,0.0
libero_object/1,2100787,0,learned_physics_score,8,-0.0066640712258808485,0.9652144851813904,0.0
libero_object/1,2100787,0,learned_energy_regularized,1,-0.014236398757451467,0.545422891861846,0.0
libero_object/1,2100787,0,learned_energy_regularized,2,-0.010985656306428358,0.7256362208940392,0.0
libero_object/1,2100787,0,learned_energy_regularized,4,-0.008230579878866487,0.8783710198605901,0.0
libero_object/1,2100787,0,learned_energy_regularized,8,-0.006675185756746674,0.9645983223699284,0.0
libero_object/1,2100787,0,predicted_progress,1,-0.014236398757451467,0.545422891861846,0.0
libero_object/1,2100787,0,predicted_progress,2,-0.01276598274047121,0.626939212971465,0.0
libero_object/1,2100787,0,predicted_progress,4,-0.012285999030262005,0.6535483533759288,0.0
libero_object/1,2100787,0,predicted_progress,8,-0.011305552463668392,0.7079019487056385,0.0
libero_object/1,2100787,0,predicted_success,1,-0.014236398757451467,0.545422891861846,0.0
libero_object/1,2100787,0,predicted_success,2,-0.014236398757451467,0.545422891861846,0.0
libero_object/1,2100787,0,predicted_success,4,-0.014236398757451467,0.545422891861846,0.0
libero_object/1,2100787,0,predicted_success,8,-0.014236398757451467,0.545422891861846,0.0
libero_object/1,2100787,0,low_energy,1,-0.014236398757451465,0.545422891861846,0.0
libero_object/1,2100787,0,low_energy,2,-0.011063919620036309,0.7212974913579788,0.0
libero_object/1,2100787,0,low_energy,4,-0.008349197713553538,0.8717951329074985,0.0
libero_object/1,2100787,0,low_energy,8,-0.006714910036984762,0.9623961039865986,0.0
libero_object/1,2100787,0,distance_progress,1,-0.014236398757451467,0.545422891861846,0.0
libero_object/1,2100787,0,distance_progress,2,-0.013351616427485911,0.5944730924096531,0.0
libero_object/1,2100787,0,distance_progress,4,-0.014560083789692849,0.5274785735724185,0.0
libero_object/1,2100787,0,distance_progress,8,-0.016799815616080977,0.40331323760563825,0.0
libero_object/1,2100787,0,benchmark_reward,1,-0.014236398757451467,0.545422891861846,0.0
libero_object/1,2100787,0,benchmark_reward,2,-0.014236398757451467,0.545422891861846,0.0
libero_object/1,2100787,0,benchmark_reward,4,-0.014236398757451467,0.545422891861846,0.0
libero_object/1,2100787,0,benchmark_reward,8,-0.014236398757451467,0.545422891861846,0.0
libero_object/1,2100787,0,oracle_real_utility,1,-0.014236398757451465,0.545422891861846,0.0
libero_object/1,2100787,0,oracle_real_utility,2,-0.01073352761801237,0.7396136278921438,0.0
libero_object/1,2100787,0,oracle_real_utility,4,-0.008075647240778697,0.8869601120160615,0.0
libero_object/1,2100787,0,oracle_real_utility,8,-0.006647909285709625,0.9661104642033393,0.0
libero_object/1,2110794,1,random,1,-0.01839947413287954,0.4772606025449043,0.0
libero_object/1,2110794,1,random,2,-0.018863447740641054,0.436862958484716,0.0
libero_object/1,2110794,1,random,4,-0.01880747322958727,0.44173659426090506,0.0
libero_object/1,2110794,1,random,8,-0.018871531001925786,0.43615915829702545,0.0
libero_object/1,2110794,1,learned_wam,1,-0.018399474132879543,0.4772606025449043,0.0
libero_object/1,2110794,1,learned_wam,2,-0.01639269613323982,0.651988436156794,0.0
libero_object/1,2110794,1,learned_wam,4,-0.014625099822197722,0.8058909974686089,0.0
libero_object/1,2110794,1,learned_wam,8,-0.013265318054919723,0.9242856193072411,0.0
libero_object/1,2110794,1,learned_physics_score,1,-0.018399474132879543,0.4772606025449043,0.0
libero_object/1,2110794,1,learned_physics_score,2,-0.01639269613323982,0.651988436156794,0.0
libero_object/1,2110794,1,learned_physics_score,4,-0.014625099822197722,0.8058909974686089,0.0
libero_object/1,2110794,1,learned_physics_score,8,-0.013265318054919723,0.9242856193072411,0.0
libero_object/1,2110794,1,learned_energy_regularized,1,-0.018399474132879543,0.4772606025449043,0.0
libero_object/1,2110794,1,learned_energy_regularized,2,-0.016620096956715874,0.6321889101231897,0.0
libero_object/1,2110794,1,learned_energy_regularized,4,-0.015034253728628995,0.7702664412409581,0.0
libero_object/1,2110794,1,learned_energy_regularized,8,-0.013921168676189716,0.8671814661582173,0.0
libero_object/1,2110794,1,predicted_progress,1,-0.018399474132879543,0.4772606025449043,0.0
libero_object/1,2110794,1,predicted_progress,2,-0.016961647135688127,0.6024505320603005,0.0
libero_object/1,2110794,1,predicted_progress,4,-0.01574669106692997,0.7082353482511511,0.0
libero_object/1,2110794,1,predicted_progress,8,-0.014316026160866732,0.8328016827963104,0.0
libero_object/1,2110794,1,predicted_success,1,-0.01839947413287954,0.4772606025449043,0.0
libero_object/1,2110794,1,predicted_success,2,-0.01839947413287954,0.4772606025449043,0.0
libero_object/1,2110794,1,predicted_success,4,-0.01839947413287954,0.4772606025449043,0.0
libero_object/1,2110794,1,predicted_success,8,-0.01839947413287954,0.4772606025449043,0.0
libero_object/1,2110794,1,low_energy,1,-0.018399474132879543,0.4772606025449043,0.0
libero_object/1,2110794,1,low_energy,2,-0.016912792695864067,0.6067042314900892,0.0
libero_object/1,2110794,1,low_energy,4,-0.015177966288390916,0.7577535552941678,0.0
libero_object/1,2110794,1,low_energy,8,-0.01393620003655718,0.8658727030395675,0.0
libero_object/1,2110794,1,distance_progress,1,-0.01839947413287954,0.4772606025449043,0.0
libero_object/1,2110794,1,distance_progress,2,-0.0170223633908633,0.5971640381214149,0.0
libero_object/1,2110794,1,distance_progress,4,-0.016450342216842447,0.6469692584969307,0.0
libero_object/1,2110794,1,distance_progress,8,-0.016444342105793208,0.6474916812089855,0.0
libero_object/1,2110794,1,benchmark_reward,1,-0.01839947413287954,0.4772606025449043,0.0
libero_object/1,2110794,1,benchmark_reward,2,-0.01839947413287954,0.4772606025449043,0.0
libero_object/1,2110794,1,benchmark_reward,4,-0.01839947413287954,0.4772606025449043,0.0
libero_object/1,2110794,1,benchmark_reward,8,-0.01839947413287954,0.4772606025449043,0.0
libero_object/1,2110794,1,oracle_real_utility,1,-0.018399474132879543,0.4772606025449043,0.0
libero_object/1,2110794,1,oracle_real_utility,2,-0.01638719672122114,0.6524672635848081,0.0
libero_object/1,2110794,1,oracle_real_utility,4,-0.014620373764994171,0.8063024897895585,0.0
libero_object/1,2110794,1,oracle_real_utility,8,-0.013264765583699663,0.9243337223357931,0.0
libero_object/2,2200790,0,random,1,-0.01987442758131713,0.6012981908486135,0.0
libero_object/2,2200790,0,random,2,-0.018174930364989232,0.6748108082976596,0.0
libero_object/2,2200790,0,random,4,-0.01654317419647457,0.7453932522308869,0.0
libero_object/2,2200790,0,random,8,-0.015246235825307423,0.8014929818559835,0.0
libero_object/2,2200790,0,learned_wam,1,-0.01987442758131713,0.6012981908486135,0.0
libero_object/2,2200790,0,learned_wam,2,-0.015388016911953302,0.7953601687604559,0.0
libero_object/2,2200790,0,learned_wam,4,-0.012527456745430146,0.9190951553148698,0.0
libero_object/2,2200790,0,learned_wam,8,-0.011410529917778767,0.967408393966195,0.0
libero_object/2,2200790,0,learned_physics_score,1,-0.01987442758131713,0.6012981908486135,0.0
libero_object/2,2200790,0,learned_physics_score,2,-0.015388016911953302,0.7953601687604559,0.0
libero_object/2,2200790,0,learned_physics_score,4,-0.012527456745430146,0.9190951553148698,0.0
libero_object/2,2200790,0,learned_physics_score,8,-0.011410529917778767,0.967408393966195,0.0
libero_object/2,2200790,0,learned_energy_regularized,1,-0.01987442758131713,0.6012981908486135,0.0
libero_object/2,2200790,0,learned_energy_regularized,2,-0.015388016911953302,0.7953601687604559,0.0
libero_object/2,2200790,0,learned_energy_regularized,4,-0.012527456745430146,0.9190951553148698,0.0
libero_object/2,2200790,0,learned_energy_regularized,8,-0.011410529917778767,0.967408393966195,0.0
libero_object/2,2200790,0,predicted_progress,1,-0.01987442758131713,0.6012981908486135,0.0
libero_object/2,2200790,0,predicted_progress,2,-0.016956167895600838,0.7275289994853982,0.0
libero_object/2,2200790,0,predicted_progress,4,-0.014936426678972626,0.8148939342305541,0.0
libero_object/2,2200790,0,predicted_progress,8,-0.013431627980740518,0.8799847681419976,0.0
libero_object/2,2200790,0,predicted_success,1,-0.01987442758131713,0.6012981908486135,0.0
libero_object/2,2200790,0,predicted_success,2,-0.01987442758131713,0.6012981908486135,0.0
libero_object/2,2200790,0,predicted_success,4,-0.01987442758131713,0.6012981908486135,0.0
libero_object/2,2200790,0,predicted_success,8,-0.01987442758131713,0.6012981908486135,0.0
libero_object/2,2200790,0,low_energy,1,-0.01987442758131713,0.6012981908486135,0.0
libero_object/2,2200790,0,low_energy,2,-0.01576237980464718,0.7791669112173887,0.0
libero_object/2,2200790,0,low_energy,4,-0.012850899977053932,0.9051044536388659,0.0
libero_object/2,2200790,0,low_energy,8,-0.011591903628456293,0.959562981758248,0.0
libero_object/2,2200790,0,distance_progress,1,-0.01987442758131713,0.6012981908486135,0.0
libero_object/2,2200790,0,distance_progress,2,-0.016470368289201887,0.7485425088215695,0.0
libero_object/2,2200790,0,distance_progress,4,-0.014553774727250623,0.831445739242539,0.0
libero_object/2,2200790,0,distance_progress,8,-0.012544065343112334,0.9183767419652947,0.0
libero_object/2,2200790,0,benchmark_reward,1,-0.01987442758131713,0.6012981908486135,0.0
libero_object/2,2200790,0,benchmark_reward,2,-0.01987442758131713,0.6012981908486135,0.0
libero_object/2,2200790,0,benchmark_reward,4,-0.01987442758131713,0.6012981908486135,0.0
libero_object/2,2200790,0,benchmark_reward,8,-0.01987442758131713,0.6012981908486135,0.0
libero_object/2,2200790,0,oracle_real_utility,1,-0.01987442758131713,0.6012981908486135,0.0
libero_object/2,2200790,0,oracle_real_utility,2,-0.015179201603625387,0.8043925812475928,0.0
libero_object/2,2200790,0,oracle_real_utility,4,-0.012272473065387288,0.9301246042287326,0.0
libero_object/2,2200790,0,oracle_real_utility,8,-0.01110896470259639,0.9804527509010899,0.0
libero_object/2,2210797,1,random,1,-0.0181403153464153,0.4528509653866826,0.0
libero_object/2,2210797,1,random,2,-0.016831019709029765,0.5284260688387958,0.0
libero_object/2,2210797,1,random,4,-0.016367447363868207,0.5551843707400241,0.0
libero_object/2,2210797,1,random,8,-0.018087007050245824,0.45592802444258007,0.0
libero_object/2,2210797,1,learned_wam,1,-0.018140315346415303,0.4528509653866827,0.0
libero_object/2,2210797,1,learned_wam,2,-0.01527834516149891,0.6180494787139132,0.0
libero_object/2,2210797,1,learned_wam,4,-0.012748202054677199,0.7640942844756815,0.0
libero_object/2,2210797,1,learned_wam,8,-0.010545572336087026,0.891234377282799,0.0
libero_object/2,2210797,1,learned_physics_score,1,-0.018140315346415303,0.4528509653866827,0.0
libero_object/2,2210797,1,learned_physics_score,2,-0.01527834516149891,0.6180494787139132,0.0
libero_object/2,2210797,1,learned_physics_score,4,-0.012748202054677199,0.7640942844756815,0.0
libero_object/2,2210797,1,learned_physics_score,8,-0.010545572336087026,0.891234377282799,0.0
libero_object/2,2210797,1,learned_energy_regularized,1,-0.018140315346415303,0.4528509653866827,0.0
libero_object/2,2210797,1,learned_energy_regularized,2,-0.01510002607640094,0.6283424048636375,0.0
libero_object/2,2210797,1,learned_energy_regularized,4,-0.012603972084185214,0.7724195202968236,0.0
libero_object/2,2210797,1,learned_energy_regularized,8,-0.010528859830481574,0.8921990557740509,0.0
libero_object/2,2210797,1,predicted_progress,1,-0.0181403153464153,0.4528509653866827,0.0
libero_object/2,2210797,1,predicted_progress,2,-0.01791115113605284,0.4660787715529421,0.0
libero_object/2,2210797,1,predicted_progress,4,-0.019438904348998417,0.3778938698234776,0.0
libero_object/2,2210797,1,predicted_progress,8,-0.021320105676607172,0.2693072520354738,0.0
libero_object/2,2210797,1,predicted_success,1,-0.018140315346415303,0.4528509653866827,0.0
libero_object/2,2210797,1,predicted_success,2,-0.018140315346415303,0.4528509653866827,0.0
libero_object/2,2210797,1,predicted_success,4,-0.018140315346415303,0.4528509653866827,0.0
libero_object/2,2210797,1,predicted_success,8,-0.018140315346415303,0.4528509653866827,0.0
libero_object/2,2210797,1,low_energy,1,-0.018140315346415303,0.4528509653866827,0.0
libero_object/2,2210797,1,low_energy,2,-0.01522952110053636,0.6208676989483937,0.0
libero_object/2,2210797,1,low_energy,4,-0.012651309008799544,0.7696871404792474,0.0
libero_object/2,2210797,1,low_energy,8,-0.010528922441881867,0.8921954417216404,0.0
libero_object/2,2210797,1,distance_progress,1,-0.018140315346415303,0.4528509653866827,0.0
libero_object/2,2210797,1,distance_progress,2,-0.017333645041630368,0.49941355216624683,0.0
libero_object/2,2210797,1,distance_progress,4,-0.01746306038562359,0.4919434455445607,0.0
libero_object/2,2210797,1,distance_progress,8,-0.019025414500491323,0.4017613121222412,0.0
libero_object/2,2210797,1,benchmark_reward,1,-0.018140315346415303,0.4528509653866827,0.0
libero_object/2,2210797,1,benchmark_reward,2,-0.018140315346415303,0.4528509653866827,0.0
libero_object/2,2210797,1,benchmark_reward,4,-0.018140315346415303,0.4528509653866827,0.0
libero_object/2,2210797,1,benchmark_reward,8,-0.018140315346415303,0.4528509653866827,0.0
libero_object/2,2210797,1,oracle_real_utility,1,-0.018140315346415303,0.4528509653866827,0.0
libero_object/2,2210797,1,oracle_real_utility,2,-0.01491673399069859,0.6389223823289022,0.0
libero_object/2,2210797,1,oracle_real_utility,4,-0.012248843668136914,0.7929182266357742,0.0
libero_object/2,2210797,1,oracle_real_utility,8,-0.010313851859588424,0.9046097361271347,0.0
libero_object/3,2300793,0,random,1,-0.024265734425038446,0.4929193383393949,0.0
libero_object/3,2300793,0,random,2,-0.022923692084220515,0.5617248727938311,0.0
libero_object/3,2300793,0,random,4,-0.020155810450685333,0.703632150462832,0.0
libero_object/3,2300793,0,random,8,-0.017589806400338217,0.8351893113112567,0.0
libero_object/3,2300793,0,learned_wam,1,-0.024265734425038446,0.49291933833939494,0.0
libero_object/3,2300793,0,learned_wam,2,-0.020582576275428324,0.681752177107868,0.0
libero_object/3,2300793,0,learned_wam,4,-0.01737610535561396,0.8461456084030178,0.0
libero_object/3,2300793,0,learned_wam,8,-0.015259403965509191,0.9546673487363694,0.0
libero_object/3,2300793,0,learned_physics_score,1,-0.024265734425038446,0.49291933833939494,0.0
libero_object/3,2300793,0,learned_physics_score,2,-0.020582576275428324,0.681752177107868,0.0
libero_object/3,2300793,0,learned_physics_score,4,-0.01737610535561396,0.8461456084030178,0.0
libero_object/3,2300793,0,learned_physics_score,8,-0.015259403965509191,0.9546673487363694,0.0
libero_object/3,2300793,0,learned_energy_regularized,1,-0.024265734425038446,0.49291933833939494,0.0
libero_object/3,2300793,0,learned_energy_regularized,2,-0.02050938874485527,0.6855044485551385,0.0
libero_object/3,2300793,0,learned_energy_regularized,4,-0.017366003850549892,0.8466635052186309,0.0
libero_object/3,2300793,0,learned_energy_regularized,8,-0.015436650195582312,0.9455800634702559,0.0
libero_object/3,2300793,0,predicted_progress,1,-0.024265734425038443,0.49291933833939494,0.0
libero_object/3,2300793,0,predicted_progress,2,-0.025158821069178213,0.4471314358305184,0.0
libero_object/3,2300793,0,predicted_progress,4,-0.025107088536491864,0.4497837251450245,0.0
libero_object/3,2300793,0,predicted_progress,8,-0.024442121722015257,0.48387608994824033,0.0
libero_object/3,2300793,0,predicted_success,1,-0.024265734425038446,0.49291933833939494,0.0
libero_object/3,2300793,0,predicted_success,2,-0.024265734425038446,0.49291933833939494,0.0
libero_object/3,2300793,0,predicted_success,4,-0.024265734425038446,0.49291933833939494,0.0
libero_object/3,2300793,0,predicted_success,8,-0.024265734425038446,0.49291933833939494,0.0
libero_object/3,2300793,0,low_energy,1,-0.024265734425038446,0.49291933833939494,0.0
libero_object/3,2300793,0,low_energy,2,-0.02050938874485527,0.6855044485551385,0.0
libero_object/3,2300793,0,low_energy,4,-0.017366003850549892,0.8466635052186309,0.0
libero_object/3,2300793,0,low_energy,8,-0.015436650195582312,0.9455800634702559,0.0
libero_object/3,2300793,0,distance_progress,1,-0.024265734425038446,0.49291933833939494,0.0
libero_object/3,2300793,0,distance_progress,2,-0.020950150204874323,0.6629069291616405,0.0
libero_object/3,2300793,0,distance_progress,4,-0.018027341689756712,0.8127571953373538,0.0
libero_object/3,2300793,0,distance_progress,8,-0.016311840616866618,0.9007096872873638,0.0
libero_object/3,2300793,0,benchmark_reward,1,-0.024265734425038446,0.49291933833939494,0.0
libero_object/3,2300793,0,benchmark_reward,2,-0.024265734425038446,0.49291933833939494,0.0
libero_object/3,2300793,0,benchmark_reward,4,-0.024265734425038446,0.49291933833939494,0.0
libero_object/3,2300793,0,benchmark_reward,8,-0.024265734425038446,0.49291933833939494,0.0
libero_object/3,2300793,0,oracle_real_utility,1,-0.024265734425038446,0.49291933833939494,0.0
libero_object/3,2300793,0,oracle_real_utility,2,-0.020495310337116032,0.6862262382776411,0.0
libero_object/3,2300793,0,oracle_real_utility,4,-0.017301111189876837,0.8499905047207915,0.0
libero_object/3,2300793,0,oracle_real_utility,8,-0.015250637224765728,0.9551168131563292,0.0
libero_object/3,2310800,1,random,1,-0.01838844757503412,0.7232409586041053,0.0
libero_object/3,2310800,1,random,2,-0.018205876058796287,0.7318054544877348,0.0
libero_object/3,2310800,1,random,4,-0.01782243209147118,0.7497929497303136,0.0
libero_object/3,2310800,1,random,8,-0.018928360221506114,0.6979134610102027,0.0
libero_object/3,2310800,1,learned_wam,1,-0.018388447575034123,0.7232409586041053,0.0
libero_object/3,2310800,1,learned_wam,2,-0.015375428088906688,0.8645827928506804,0.0
libero_object/3,2310800,1,learned_wam,4,-0.014028641227953421,0.9277610517842074,0.0
libero_object/3,2310800,1,learned_wam,8,-0.013383426920315506,0.9580282884030082,0.0
libero_object/3,2310800,1,learned_physics_score,1,-0.018388447575034123,0.7232409586041053,0.0
libero_object/3,2310800,1,learned_physics_score,2,-0.015375428088906688,0.8645827928506804,0.0
libero_object/3,2310800,1,learned_physics_score,4,-0.014028641227953421,0.9277610517842074,0.0
libero_object/3,2310800,1,learned_physics_score,8,-0.013383426920315506,0.9580282884030082,0.0
libero_object/3,2310800,1,learned_energy_regularized,1,-0.018388447575034123,0.7232409586041053,0.0
libero_object/3,2310800,1,learned_energy_regularized,2,-0.01582661076904498,0.8434176500812272,0.0
libero_object/3,2310800,1,learned_energy_regularized,4,-0.014394824877048885,0.9105832443148041,0.0
libero_object/3,2310800,1,learned_energy_regularized,8,-0.013434029050433074,0.955654524170639,0.0
libero_object/3,2310800,1,predicted_progress,1,-0.018388447575034123,0.7232409586041053,0.0
libero_object/3,2310800,1,predicted_progress,2,-0.01578882233450635,0.8451903192178151,0.0
libero_object/3,2310800,1,predicted_progress,4,-0.01535629053868655,0.8654805422557388,0.0
libero_object/3,2310800,1,predicted_progress,8,-0.015942445215867063,0.8379838142702899,0.0
libero_object/3,2310800,1,predicted_success,1,-0.01838844757503412,0.7232409586041053,0.0
libero_object/3,2310800,1,predicted_success,2,-0.01838844757503412,0.7232409586041053,0.0
libero_object/3,2310800,1,predicted_success,4,-0.01838844757503412,0.7232409586041053,0.0
libero_object/3,2310800,1,predicted_success,8,-0.01838844757503412,0.7232409586041053,0.0
libero_object/3,2310800,1,low_energy,1,-0.018388447575034123,0.7232409586041053,0.0
libero_object/3,2310800,1,low_energy,2,-0.01591497361721471,0.8392725169026782,0.0
libero_object/3,2310800,1,low_energy,4,-0.014528749818806135,0.9043007768410659,0.0
libero_object/3,2310800,1,low_energy,8,-0.013478879573385803,0.9535505699113839,0.0
libero_object/3,2310800,1,distance_progress,1,-0.018388447575034123,0.7232409586041053,0.0
libero_object/3,2310800,1,distance_progress,2,-0.016225235439811508,0.8247180225476217,0.0
libero_object/3,2310800,1,distance_progress,4,-0.015497829765349457,0.8588408859221219,0.0
libero_object/3,2310800,1,distance_progress,8,-0.01598649631654193,0.8359173611993312,0.0
libero_object/3,2310800,1,benchmark_reward,1,-0.01838844757503412,0.7232409586041053,0.0
libero_object/3,2310800,1,benchmark_reward,2,-0.01838844757503412,0.7232409586041053,0.0
libero_object/3,2310800,1,benchmark_reward,4,-0.01838844757503412,0.7232409586041053,0.0
libero_object/3,2310800,1,benchmark_reward,8,-0.01838844757503412,0.7232409586041053,0.0
libero_object/3,2310800,1,oracle_real_utility,1,-0.018388447575034123,0.7232409586041053,0.0
libero_object/3,2310800,1,oracle_real_utility,2,-0.015287980058380425,0.8686850116025804,0.0
libero_object/3,2310800,1,oracle_real_utility,4,-0.013777761105356936,0.9395299291071246,0.0
libero_object/3,2310800,1,oracle_real_utility,8,-0.012965283927654815,0.977643527478669,0.0
libero_object/4,2400796,0,random,1,-0.014940846822105251,0.6772422976761655,0.0
libero_object/4,2400796,0,random,2,-0.014305324225002889,0.7162019474896449,0.0
libero_object/4,2400796,0,random,4,-0.013349361830362796,0.7748056231100642,0.0
libero_object/4,2400796,0,random,8,-0.012997947440080532,0.7963484945157985,0.0
libero_object/4,2400796,0,learned_wam,1,-0.014940846822105253,0.6772422976761655,0.0
libero_object/4,2400796,0,learned_wam,2,-0.012748014159039655,0.8116702362610698,0.0
libero_object/4,2400796,0,learned_wam,4,-0.011480181916510051,0.889392571259704,0.0
libero_object/4,2400796,0,learned_wam,8,-0.010549766072719156,0.9464301583105508,0.0
libero_object/4,2400796,0,learned_physics_score,1,-0.014940846822105253,0.6772422976761655,0.0
libero_object/4,2400796,0,learned_physics_score,2,-0.012748014159039655,0.8116702362610698,0.0
libero_object/4,2400796,0,learned_physics_score,4,-0.011480181916510051,0.889392571259704,0.0
libero_object/4,2400796,0,learned_physics_score,8,-0.010549766072719156,0.9464301583105508,0.0
libero_object/4,2400796,0,learned_energy_regularized,1,-0.014940846822105253,0.6772422976761656,0.0
libero_object/4,2400796,0,learned_energy_regularized,2,-0.012846851624825361,0.805611170740788,0.0
libero_object/4,2400796,0,learned_energy_regularized,4,-0.0120548511126428,0.8541634374067034,0.0
libero_object/4,2400796,0,learned_energy_regularized,8,-0.0119778920634359,0.8588812831933832,0.0
libero_object/4,2400796,0,predicted_progress,1,-0.014940846822105253,0.6772422976761656,0.0
libero_object/4,2400796,0,predicted_progress,2,-0.013351776809875187,0.7746575768304537,0.0
libero_object/4,2400796,0,predicted_progress,4,-0.012586612364339434,0.8215647033177227,0.0
libero_object/4,2400796,0,predicted_progress,8,-0.011618429328505937,0.8809175449057439,0.0
libero_object/4,2400796,0,predicted_success,1,-0.014940846822105253,0.6772422976761655,0.0
libero_object/4,2400796,0,predicted_success,2,-0.014940846822105253,0.6772422976761655,0.0
libero_object/4,2400796,0,predicted_success,4,-0.014940846822105253,0.6772422976761655,0.0
libero_object/4,2400796,0,predicted_success,8,-0.014940846822105253,0.6772422976761655,0.0
libero_object/4,2400796,0,low_energy,1,-0.014940846822105253,0.6772422976761656,0.0
libero_object/4,2400796,0,low_energy,2,-0.012846851624825361,0.805611170740788,0.0
libero_object/4,2400796,0,low_energy,4,-0.0120548511126428,0.8541634374067034,0.0
libero_object/4,2400796,0,low_energy,8,-0.0119778920634359,0.8588812831933832,0.0
libero_object/4,2400796,0,distance_progress,1,-0.014940846822105253,0.6772422976761656,0.0
libero_object/4,2400796,0,distance_progress,2,-0.013687117759648428,0.7541000608100112,0.0
libero_object/4,2400796,0,distance_progress,4,-0.01382980953158322,0.7453525804038204,0.0
libero_object/4,2400796,0,distance_progress,8,-0.014641237981858238,0.695609316489135,0.0
libero_object/4,2400796,0,benchmark_reward,1,-0.014940846822105253,0.6772422976761655,0.0
libero_object/4,2400796,0,benchmark_reward,2,-0.014940846822105253,0.6772422976761655,0.0
libero_object/4,2400796,0,benchmark_reward,4,-0.014940846822105253,0.6772422976761655,0.0
libero_object/4,2400796,0,benchmark_reward,8,-0.014940846822105253,0.6772422976761655,0.0
libero_object/4,2400796,0,oracle_real_utility,1,-0.014940846822105253,0.6772422976761655,0.0
libero_object/4,2400796,0,oracle_real_utility,2,-0.012659763650197895,0.8170802860940934,0.0
libero_object/4,2400796,0,oracle_real_utility,4,-0.011375805581327749,0.8957911879037976,0.0
libero_object/4,2400796,0,oracle_real_utility,8,-0.010483878781809026,0.9504692684739366,0.0
libero_object/4,2410803,1,random,1,-0.010492645468418525,0.5174560611483748,0.0
libero_object/4,2410803,1,random,2,-0.011162834243194595,0.46981418887311893,0.0
libero_object/4,2410803,1,random,4,-0.011289283464525608,0.4608252623516763,0.0
libero_object/4,2410803,1,random,8,-0.009634638641346881,0.5784494009432751,0.0
libero_object/4,2410803,1,learned_wam,1,-0.010492645468418525,0.5174560611483747,0.0
libero_object/4,2410803,1,learned_wam,2,-0.008028988662934783,0.692590631100161,0.0
libero_object/4,2410803,1,learned_wam,4,-0.005998539203335303,0.8369296851941699,0.0
libero_object/4,2410803,1,learned_wam,8,-0.004691149746819778,0.9298683971595272,0.0
libero_object/4,2410803,1,learned_physics_score,1,-0.010492645468418525,0.5174560611483747,0.0
libero_object/4,2410803,1,learned_physics_score,2,-0.008028988662934783,0.692590631100161,0.0
libero_object/4,2410803,1,learned_physics_score,4,-0.005998539203335303,0.8369296851941699,0.0
libero_object/4,2410803,1,learned_physics_score,8,-0.004691149746819778,0.9298683971595272,0.0
libero_object/4,2410803,1,learned_energy_regularized,1,-0.010492645468418525,0.5174560611483747,0.0
libero_object/4,2410803,1,learned_energy_regularized,2,-0.007951863869588856,0.6980732200245574,0.0
libero_object/4,2410803,1,learned_energy_regularized,4,-0.005941245118067598,0.8410025637549361,0.0
libero_object/4,2410803,1,learned_energy_regularized,8,-0.004685106222415942,0.9302980146472808,0.0
libero_object/4,2410803,1,predicted_progress,1,-0.010492645468418526,0.5174560611483747,0.0
libero_object/4,2410803,1,predicted_progress,2,-0.01008686448665642,0.5463019123957307,0.0
libero_object/4,2410803,1,predicted_progress,4,-0.011389868516993504,0.45367494828669275,0.0
libero_object/4,2410803,1,predicted_progress,8,-0.012973128805244344,0.3411253394745568,0.0
libero_object/4,2410803,1,predicted_success,1,-0.010492645468418525,0.5174560611483748,0.0
libero_object/4,2410803,1,predicted_success,2,-0.010492645468418525,0.5174560611483748,0.0
libero_object/4,2410803,1,predicted_success,4,-0.010492645468418525,0.5174560611483748,0.0
libero_object/4,2410803,1,predicted_success,8,-0.010492645468418525,0.5174560611483748,0.0
libero_object/4,2410803,1,low_energy,1,-0.010492645468418525,0.5174560611483748,0.0
libero_object/4,2410803,1,low_energy,2,-0.008202184782697207,0.6802785964513437,0.0
libero_object/4,2410803,1,low_energy,4,-0.006535582279460959,0.7987527735506736,0.0
libero_object/4,2410803,1,low_energy,8,-0.005694872576439466,0.8585165084853585,0.0
libero_object/4,2410803,1,distance_progress,1,-0.010492645468418525,0.5174560611483747,0.0
libero_object/4,2410803,1,distance_progress,2,-0.00873573251737658,0.6423501589945388,0.0
libero_object/4,2410803,1,distance_progress,4,-0.007554604569904495,0.7263132883874508,0.0
libero_object/4,2410803,1,distance_progress,8,-0.007239522923993214,0.7487115739090163,0.0
libero_object/4,2410803,1,benchmark_reward,1,-0.010492645468418525,0.5174560611483748,0.0
libero_object/4,2410803,1,benchmark_reward,2,-0.010492645468418525,0.5174560611483748,0.0
libero_object/4,2410803,1,benchmark_reward,4,-0.010492645468418525,0.5174560611483748,0.0
libero_object/4,2410803,1,benchmark_reward,8,-0.010492645468418525,0.5174560611483748,0.0
libero_object/4,2410803,1,oracle_real_utility,1,-0.010492645468418525,0.5174560611483747,0.0
libero_object/4,2410803,1,oracle_real_utility,2,-0.007884614980062031,0.7028537581745142,0.0
libero_object/4,2410803,1,oracle_real_utility,4,-0.005858944920522859,0.8468530578951354,0.0
libero_object/4,2410803,1,oracle_real_utility,8,-0.004632334549522207,0.9340494073807609,0.0
libero_object/5,2500799,0,random,1,-0.024619744654555548,0.48901475455314986,0.0
libero_object/5,2500799,0,random,2,-0.02666675020836016,0.3671143519555657,0.0
libero_object/5,2500799,0,random,4,-0.028421267834561816,0.26263178003433996,0.0
libero_object/5,2500799,0,random,8,-0.029741665010935045,0.1840013400292057,0.0
libero_object/5,2500799,0,learned_wam,1,-0.024619744654555548,0.4890147545531499,0.0
libero_object/5,2500799,0,learned_wam,2,-0.021650192922501466,0.6658533327382179,0.0
libero_object/5,2500799,0,learned_wam,4,-0.019615713588415008,0.7870077914746187,0.0
libero_object/5,2500799,0,learned_wam,8,-0.01816819867152928,0.8732081688045285,0.0
libero_object/5,2500799,0,learned_physics_score,1,-0.024619744654555548,0.4890147545531499,0.0
libero_object/5,2500799,0,learned_physics_score,2,-0.021650192922501466,0.6658533327382179,0.0
libero_object/5,2500799,0,learned_physics_score,4,-0.019615713588415008,0.7870077914746187,0.0
libero_object/5,2500799,0,learned_physics_score,8,-0.01816819867152928,0.8732081688045285,0.0
libero_object/5,2500799,0,learned_energy_regularized,1,-0.024619744654555548,0.48901475455314986,0.0
libero_object/5,2500799,0,learned_energy_regularized,2,-0.02149314494337832,0.6752056336377765,0.0
libero_object/5,2500799,0,learned_energy_regularized,4,-0.019159419474749195,0.814180378307805,0.0
libero_object/5,2500799,0,learned_energy_regularized,8,-0.017534731469509457,0.9109315188047562,0.0
libero_object/5,2500799,0,predicted_progress,1,-0.024619744654555548,0.4890147545531499,0.0
libero_object/5,2500799,0,predicted_progress,2,-0.02557191264054923,0.43231258263308303,0.0
libero_object/5,2500799,0,predicted_progress,4,-0.02676387307770082,0.3613306271131715,0.0
libero_object/5,2500799,0,predicted_progress,8,-0.026002588004802388,0.40666560761938847,0.0
libero_object/5,2500799,0,predicted_success,1,-0.024619744654555548,0.4890147545531499,0.0
libero_object/5,2500799,0,predicted_success,2,-0.024619744654555548,0.4890147545531499,0.0
libero_object/5,2500799,0,predicted_success,4,-0.024619744654555548,0.4890147545531499,0.0
libero_object/5,2500799,0,predicted_success,8,-0.024619744654555548,0.4890147545531499,0.0
libero_object/5,2500799,0,low_energy,1,-0.024619744654555548,0.48901475455314986,0.0
libero_object/5,2500799,0,low_energy,2,-0.021770697219243042,0.6586772299376005,0.0
libero_object/5,2500799,0,low_energy,4,-0.019657632954886643,0.7845114681793397,0.0
libero_object/5,2500799,0,low_energy,8,-0.018099476014932052,0.8773006440258133,0.0
libero_object/5,2500799,0,distance_progress,1,-0.024619744654555548,0.4890147545531499,0.0
libero_object/5,2500799,0,distance_progress,2,-0.025514471329311342,0.4357332470043238,0.0
libero_object/5,2500799,0,distance_progress,4,-0.026712969182646932,0.3643619844484365,0.0
libero_object/5,2500799,0,distance_progress,8,-0.02606648714307095,0.40286037579375944,0.0
libero_object/5,2500799,0,benchmark_reward,1,-0.024619744654555548,0.4890147545531499,0.0
libero_object/5,2500799,0,benchmark_reward,2,-0.024619744654555548,0.4890147545531499,0.0
libero_object/5,2500799,0,benchmark_reward,4,-0.024619744654555548,0.4890147545531499,0.0
libero_object/5,2500799,0,benchmark_reward,8,-0.024619744654555548,0.4890147545531499,0.0
libero_object/5,2500799,0,oracle_real_utility,1,-0.024619744654555548,0.48901475455314986,0.0
libero_object/5,2500799,0,oracle_real_utility,2,-0.021467274869540334,0.6767462119768135,0.0
libero_object/5,2500799,0,oracle_real_utility,4,-0.019098382269287693,0.8178151803264705,0.0
libero_object/5,2500799,0,oracle_real_utility,8,-0.017487169412181074,0.9137638677087069,0.0
libero_object/5,2510806,1,random,1,-0.030539408791645142,0.4028670399227594,0.0
libero_object/5,2510806,1,random,2,-0.03027900428443137,0.4127910189416257,0.0
libero_object/5,2510806,1,random,4,-0.031126118778810784,0.38050760511462295,0.0
libero_object/5,2510806,1,random,8,-0.0326150440945787,0.3237648714636658,0.0
libero_object/5,2510806,1,learned_wam,1,-0.030539408791645142,0.4028670399227594,0.0
libero_object/5,2510806,1,learned_wam,2,-0.026828224264968753,0.5442997584726099,0.0
libero_object/5,2510806,1,learned_wam,4,-0.023179413445374178,0.6833554238484127,0.0
libero_object/5,2510806,1,learned_wam,8,-0.019396946319279254,0.8275047122019462,0.0
libero_object/5,2510806,1,learned_physics_score,1,-0.030539408791645142,0.4028670399227594,0.0
libero_object/5,2510806,1,learned_physics_score,2,-0.026828224264968753,0.5442997584726099,0.0
libero_object/5,2510806,1,learned_physics_score,4,-0.023179413445374178,0.6833554238484127,0.0
libero_object/5,2510806,1,learned_physics_score,8,-0.019396946319279254,0.8275047122019462,0.0
libero_object/5,2510806,1,learned_energy_regularized,1,-0.030539408791645135,0.4028670399227594,0.0
libero_object/5,2510806,1,learned_energy_regularized,2,-0.02714561126879063,0.5322041845499841,0.0
libero_object/5,2510806,1,learned_energy_regularized,4,-0.02352834209593363,0.6700578022201101,0.0
libero_object/5,2510806,1,learned_energy_regularized,8,-0.01959233341951447,0.8200585373870855,0.0
libero_object/5,2510806,1,predicted_progress,1,-0.030539408791645142,0.4028670399227594,0.0
libero_object/5,2510806,1,predicted_progress,2,-0.028193452681229154,0.49227109620446374,0.0
libero_object/5,2510806,1,predicted_progress,4,-0.025733047636441478,0.586036785222824,0.0
libero_object/5,2510806,1,predicted_progress,8,-0.02179329363293952,0.7361802542763443,0.0
libero_object/5,2510806,1,predicted_success,1,-0.030539408791645135,0.4028670399227594,0.0
libero_object/5,2510806,1,predicted_success,2,-0.030539408791645135,0.4028670399227594,0.0
libero_object/5,2510806,1,predicted_success,4,-0.030539408791645135,0.4028670399227594,0.0
libero_object/5,2510806,1,predicted_success,8,-0.030539408791645135,0.4028670399227594,0.0
libero_object/5,2510806,1,low_energy,1,-0.030539408791645135,0.4028670399227594,0.0
libero_object/5,2510806,1,low_energy,2,-0.02714561126879063,0.5322041845499841,0.0
libero_object/5,2510806,1,low_energy,4,-0.02352834209593363,0.6700578022201101,0.0
libero_object/5,2510806,1,low_energy,8,-0.01959233341951447,0.8200585373870855,0.0
libero_object/5,2510806,1,distance_progress,1,-0.030539408791645142,0.40286703992275935,0.0
libero_object/5,2510806,1,distance_progress,2,-0.02796960300420526,0.5008019758037998,0.0
libero_object/5,2510806,1,distance_progress,4,-0.02544166435399444,0.5971413609937762,0.0
libero_object/5,2510806,1,distance_progress,8,-0.021656080788874918,0.7414094163987118,0.0
libero_object/5,2510806,1,benchmark_reward,1,-0.030539408791645135,0.4028670399227594,0.0
libero_object/5,2510806,1,benchmark_reward,2,-0.030539408791645135,0.4028670399227594,0.0
libero_object/5,2510806,1,benchmark_reward,4,-0.030539408791645135,0.4028670399227594,0.0
libero_object/5,2510806,1,benchmark_reward,8,-0.030539408791645135,0.4028670399227594,0.0
libero_object/5,2510806,1,oracle_real_utility,1,-0.030539408791645135,0.4028670399227594,0.0
libero_object/5,2510806,1,oracle_real_utility,2,-0.02676705293632957,0.5466309891739015,0.0
libero_object/5,2510806,1,oracle_real_utility,4,-0.023101345887044454,0.6863305674786355,0.0
libero_object/5,2510806,1,oracle_real_utility,8,-0.019374982793463072,0.8283417390710748,0.0
libero_object/6,2600802,0,random,1,-0.017868127161468163,0.5655684567453018,0.0
libero_object/6,2600802,0,random,2,-0.018831704718988814,0.5294307471992463,0.0
libero_object/6,2600802,0,random,4,-0.019098952099530712,0.519407985523666,0.0
libero_object/6,2600802,0,random,8,-0.0178613282724423,0.5658234401401876,0.0
libero_object/6,2600802,0,learned_wam,1,-0.017868127161468163,0.5655684567453018,0.0
libero_object/6,2600802,0,learned_wam,2,-0.014274037275763728,0.7003600730073057,0.0
libero_object/6,2600802,0,learned_wam,4,-0.011465558582350842,0.8056883742911027,0.0
libero_object/6,2600802,0,learned_wam,8,-0.008926972274549753,0.9008947164613781,0.0
libero_object/6,2600802,0,learned_physics_score,1,-0.017868127161468163,0.5655684567453018,0.0
libero_object/6,2600802,0,learned_physics_score,2,-0.014274037275763728,0.7003600730073057,0.0
libero_object/6,2600802,0,learned_physics_score,4,-0.011465558582350842,0.8056883742911027,0.0
libero_object/6,2600802,0,learned_physics_score,8,-0.008926972274549753,0.9008947164613781,0.0
libero_object/6,2600802,0,learned_energy_regularized,1,-0.017868127161468163,0.5655684567453018,0.0
libero_object/6,2600802,0,learned_energy_regularized,2,-0.013981734654622702,0.7113224985431649,0.0
libero_object/6,2600802,0,learned_energy_regularized,4,-0.011254034523037576,0.8136213060595988,0.0
libero_object/6,2600802,0,learned_energy_regularized,8,-0.008905133493441594,0.9017137512369048,0.0
libero_object/6,2600802,0,predicted_progress,1,-0.017868127161468166,0.5655684567453018,0.0
libero_object/6,2600802,0,predicted_progress,2,-0.015606228870937208,0.6503979785704563,0.0
libero_object/6,2600802,0,predicted_progress,4,-0.01581012279804462,0.6427512048795337,0.0
libero_object/6,2600802,0,predicted_progress,8,-0.017952083200348638,0.5624197958782859,0.0
libero_object/6,2600802,0,predicted_success,1,-0.017868127161468163,0.5655684567453018,0.0
libero_object/6,2600802,0,predicted_success,2,-0.017868127161468163,0.5655684567453018,0.0
libero_object/6,2600802,0,predicted_success,4,-0.017868127161468163,0.5655684567453018,0.0
libero_object/6,2600802,0,predicted_success,8,-0.017868127161468163,0.5655684567453018,0.0
libero_object/6,2600802,0,low_energy,1,-0.017868127161468163,0.5655684567453018,0.0
libero_object/6,2600802,0,low_energy,2,-0.013981734654622702,0.7113224985431649,0.0
libero_object/6,2600802,0,low_energy,4,-0.011254034523037576,0.8136213060595988,0.0
libero_object/6,2600802,0,low_energy,8,-0.008905133493441594,0.9017137512369048,0.0
libero_object/6,2600802,0,distance_progress,1,-0.017868127161468163,0.5655684567453018,0.0
libero_object/6,2600802,0,distance_progress,2,-0.014372360489474002,0.6966725901358293,0.0
libero_object/6,2600802,0,distance_progress,4,-0.011694564719745955,0.7970998001666256,0.0
libero_object/6,2600802,0,distance_progress,8,-0.009286523268360951,0.8874102291153076,0.0
libero_object/6,2600802,0,benchmark_reward,1,-0.017868127161468163,0.5655684567453018,0.0
libero_object/6,2600802,0,benchmark_reward,2,-0.017868127161468163,0.5655684567453018,0.0
libero_object/6,2600802,0,benchmark_reward,4,-0.017868127161468163,0.5655684567453018,0.0
libero_object/6,2600802,0,benchmark_reward,8,-0.017868127161468163,0.5655684567453018,0.0
libero_object/6,2600802,0,oracle_real_utility,1,-0.017868127161468163,0.5655684567453018,0.0
libero_object/6,2600802,0,oracle_real_utility,2,-0.013907299734455479,0.7141140823695963,0.0
libero_object/6,2600802,0,oracle_real_utility,4,-0.011089185646253495,0.8198037464679714,0.0
libero_object/6,2600802,0,oracle_real_utility,8,-0.008785275219912642,0.9062088782162275,0.0
libero_object/6,2610809,1,random,1,-0.016697298722387486,0.4493969195515283,0.0
libero_object/6,2610809,1,random,2,-0.014356998634515708,0.5326245792708676,0.0
libero_object/6,2610809,1,random,4,-0.010506290292234554,0.6695666087356619,0.0
libero_object/6,2610809,1,random,8,-0.006117898630362193,0.8256301707729718,0.0
libero_object/6,2610809,1,learned_wam,1,-0.016697298722387486,0.4493969195515282,0.0
libero_object/6,2610809,1,learned_wam,2,-0.01164232103539933,0.6291661572667191,0.0
libero_object/6,2610809,1,learned_wam,4,-0.007051966422066911,0.7924120904397397,0.0
libero_object/6,2610809,1,learned_wam,8,-0.003884861704225818,0.9050432504854145,0.0
libero_object/6,2610809,1,learned_physics_score,1,-0.016697298722387486,0.4493969195515282,0.0
libero_object/6,2610809,1,learned_physics_score,2,-0.01164232103539933,0.6291661572667191,0.0
libero_object/6,2610809,1,learned_physics_score,4,-0.007051966422066911,0.7924120904397397,0.0
libero_object/6,2610809,1,learned_physics_score,8,-0.003884861704225818,0.9050432504854145,0.0
libero_object/6,2610809,1,learned_energy_regularized,1,-0.016697298722387486,0.4493969195515282,0.0
libero_object/6,2610809,1,learned_energy_regularized,2,-0.011416380046969937,0.6372012549018917,0.0
libero_object/6,2610809,1,learned_energy_regularized,4,-0.006963708223461679,0.795550800453479,0.0
libero_object/6,2610809,1,learned_energy_regularized,8,-0.0038822544674017873,0.9051359711669726,0.0
libero_object/6,2610809,1,predicted_progress,1,-0.01669729872238749,0.4493969195515282,0.0
libero_object/6,2610809,1,predicted_progress,2,-0.014168749094804416,0.53931926287773,0.0
libero_object/6,2610809,1,predicted_progress,4,-0.013041228093044761,0.5794170839850217,0.0
libero_object/6,2610809,1,predicted_progress,8,-0.012417122945562714,0.6016120200587793,0.0
libero_object/6,2610809,1,predicted_success,1,-0.016697298722387486,0.4493969195515283,0.0
libero_object/6,2610809,1,predicted_success,2,-0.016697298722387486,0.4493969195515283,0.0
libero_object/6,2610809,1,predicted_success,4,-0.016697298722387486,0.4493969195515283,0.0
libero_object/6,2610809,1,predicted_success,8,-0.016697298722387486,0.4493969195515283,0.0
libero_object/6,2610809,1,low_energy,1,-0.016697298722387486,0.4493969195515283,0.0
libero_object/6,2610809,1,low_energy,2,-0.011510143226133106,0.6338667722814633,0.0
libero_object/6,2610809,1,low_energy,4,-0.006970853465544174,0.7952966955291848,0.0
libero_object/6,2610809,1,low_energy,8,-0.003878999522166502,0.9052517261831141,0.0
libero_object/6,2610809,1,distance_progress,1,-0.016697298722387486,0.4493969195515282,0.0
libero_object/6,2610809,1,distance_progress,2,-0.011387939124267294,0.6382126941822928,0.0
libero_object/6,2610809,1,distance_progress,4,-0.006910706889494642,0.7974356771028197,0.0
libero_object/6,2610809,1,distance_progress,8,-0.0038755902316963816,0.9053729701503309,0.0
libero_object/6,2610809,1,benchmark_reward,1,-0.016697298722387486,0.4493969195515283,0.0
libero_object/6,2610809,1,benchmark_reward,2,-0.016697298722387486,0.4493969195515283,0.0
libero_object/6,2610809,1,benchmark_reward,4,-0.016697298722387486,0.4493969195515283,0.0
libero_object/6,2610809,1,benchmark_reward,8,-0.016697298722387486,0.4493969195515283,0.0
libero_object/6,2610809,1,oracle_real_utility,1,-0.016697298722387486,0.4493969195515282,0.0
libero_object/6,2610809,1,oracle_real_utility,2,-0.011349859236241357,0.6395669222059542,0.0
libero_object/6,2610809,1,oracle_real_utility,4,-0.006906541901741805,0.7975837957929077,0.0
libero_object/6,2610809,1,oracle_real_utility,8,-0.003875571783264301,0.9053736262285133,0.0
libero_object/7,2700805,0,random,1,-0.016121510551176995,0.55314317189805,0.0
libero_object/7,2700805,0,random,2,-0.017354079537114975,0.5102400414274488,0.0
libero_object/7,2700805,0,random,4,-0.016058739743564348,0.5553280915086153,0.0
libero_object/7,2700805,0,random,8,-0.011872526386142078,0.7010413618409734,0.0
libero_object/7,2700805,0,learned_wam,1,-0.016121510551177,0.5531431718980501,0.0
libero_object/7,2700805,0,learned_wam,2,-0.011315994940703237,0.720413049338436,0.0
libero_object/7,2700805,0,learned_wam,4,-0.007696146047984159,0.8464123654821918,0.0
libero_object/7,2700805,0,learned_wam,8,-0.0053711021610732155,0.9273422463797738,0.0
libero_object/7,2700805,0,learned_physics_score,1,-0.016121510551177,0.5531431718980501,0.0
libero_object/7,2700805,0,learned_physics_score,2,-0.011315994940703237,0.720413049338436,0.0
libero_object/7,2700805,0,learned_physics_score,4,-0.007696146047984159,0.8464123654821918,0.0
libero_object/7,2700805,0,learned_physics_score,8,-0.0053711021610732155,0.9273422463797738,0.0
libero_object/7,2700805,0,learned_energy_regularized,1,-0.016121510551177,0.5531431718980501,0.0
libero_object/7,2700805,0,learned_energy_regularized,2,-0.01119648935718201,0.7245727870085144,0.0
libero_object/7,2700805,0,learned_energy_regularized,4,-0.007649464179421181,0.8480372630095662,0.0
libero_object/7,2700805,0,learned_energy_regularized,8,-0.005369723131264593,0.9273902475030189,0.0
libero_object/7,2700805,0,predicted_progress,1,-0.016121510551177,0.5531431718980501,0.0
libero_object/7,2700805,0,predicted_progress,2,-0.015849309273017285,0.562617925104065,0.0
libero_object/7,2700805,0,predicted_progress,4,-0.018861254706002303,0.45777844808010726,0.0
libero_object/7,2700805,0,predicted_progress,8,-0.02194570066282849,0.3504153805155538,0.0
libero_object/7,2700805,0,predicted_success,1,-0.016121510551177,0.5531431718980501,0.0
libero_object/7,2700805,0,predicted_success,2,-0.016121510551177,0.5531431718980501,0.0
libero_object/7,2700805,0,predicted_success,4,-0.016121510551177,0.5531431718980501,0.0
libero_object/7,2700805,0,predicted_success,8,-0.016121510551177,0.5531431718980501,0.0
libero_object/7,2700805,0,low_energy,1,-0.016121510551177,0.5531431718980501,0.0
libero_object/7,2700805,0,low_energy,2,-0.01119648935718201,0.7245727870085144,0.0
libero_object/7,2700805,0,low_energy,4,-0.007649464179421181,0.8480372630095662,0.0
libero_object/7,2700805,0,low_energy,8,-0.005369723131264593,0.9273902475030189,0.0
libero_object/7,2700805,0,distance_progress,1,-0.016121510551177,0.5531431718980501,0.0
libero_object/7,2700805,0,distance_progress,2,-0.01361598651192129,0.6403551867871088,0.0
libero_object/7,2700805,0,distance_progress,4,-0.0134532634957849,0.6460192322657128,0.0
libero_object/7,2700805,0,distance_progress,8,-0.015359350760133814,0.579672349029412,0.0
libero_object/7,2700805,0,benchmark_reward,1,-0.016121510551177,0.5531431718980501,0.0
libero_object/7,2700805,0,benchmark_reward,2,-0.016121510551177,0.5531431718980501,0.0
libero_object/7,2700805,0,benchmark_reward,4,-0.016121510551177,0.5531431718980501,0.0
libero_object/7,2700805,0,benchmark_reward,8,-0.016121510551177,0.5531431718980501,0.0
libero_object/7,2700805,0,oracle_real_utility,1,-0.016121510551177,0.5531431718980501,0.0
libero_object/7,2700805,0,oracle_real_utility,2,-0.01119648935718201,0.7245727870085144,0.0
libero_object/7,2700805,0,oracle_real_utility,4,-0.007649464179421181,0.8480372630095662,0.0
libero_object/7,2700805,0,oracle_real_utility,8,-0.005369723131264593,0.9273902475030189,0.0
libero_object/7,2710812,1,random,1,-0.015976755571522443,0.3948455440329683,0.0
libero_object/7,2710812,1,random,2,-0.016327455258577733,0.38057389056315133,0.0
libero_object/7,2710812,1,random,4,-0.015795936028850162,0.4022039590782108,0.0
libero_object/7,2710812,1,random,8,-0.015280406905725049,0.4231833134101701,0.0
libero_object/7,2710812,1,learned_wam,1,-0.01597675557152244,0.3948455440329683,0.0
libero_object/7,2710812,1,learned_wam,2,-0.012498907797210261,0.5363758621023194,0.0
libero_object/7,2710812,1,learned_wam,4,-0.008481741577417575,0.6998536362085064,0.0
libero_object/7,2710812,1,learned_wam,8,-0.0041742719847967895,0.8751452478829843,0.0
libero_object/7,2710812,1,learned_physics_score,1,-0.01597675557152244,0.3948455440329683,0.0
libero_object/7,2710812,1,learned_physics_score,2,-0.012498907797210261,0.5363758621023194,0.0
libero_object/7,2710812,1,learned_physics_score,4,-0.008481741577417575,0.6998536362085064,0.0
libero_object/7,2710812,1,learned_physics_score,8,-0.0041742719847967895,0.8751452478829843,0.0
libero_object/7,2710812,1,learned_energy_regularized,1,-0.01597675557152244,0.39484554403296823,0.0
libero_object/7,2710812,1,learned_energy_regularized,2,-0.011625932019293607,0.5719014364037474,0.0
libero_object/7,2710812,1,learned_energy_regularized,4,-0.00718933687670878,0.7524477864518463,0.0
libero_object/7,2710812,1,learned_energy_regularized,8,-0.0035739934220308214,0.8995734636737927,0.0
libero_object/7,2710812,1,predicted_progress,1,-0.015976755571522443,0.39484554403296823,0.0
libero_object/7,2710812,1,predicted_progress,2,-0.012999041345378555,0.5160230276073103,0.0
libero_object/7,2710812,1,predicted_progress,4,-0.009286863871103909,0.6670893458471525,0.0
libero_object/7,2710812,1,predicted_progress,8,-0.0056743058506992725,0.8141016703796636,0.0
libero_object/7,2710812,1,predicted_success,1,-0.015976755571522443,0.3948455440329683,0.0
libero_object/7,2710812,1,predicted_success,2,-0.015976755571522443,0.3948455440329683,0.0
libero_object/7,2710812,1,predicted_success,4,-0.015976755571522443,0.3948455440329683,0.0
libero_object/7,2710812,1,predicted_success,8,-0.015976755571522443,0.3948455440329683,0.0
libero_object/7,2710812,1,low_energy,1,-0.01597675557152244,0.39484554403296823,0.0
libero_object/7,2710812,1,low_energy,2,-0.011625932019293607,0.5719014364037474,0.0
libero_object/7,2710812,1,low_energy,4,-0.00718933687670878,0.7524477864518463,0.0
libero_object/7,2710812,1,low_energy,8,-0.0035739934220308214,0.8995734636737927,0.0
libero_object/7,2710812,1,distance_progress,1,-0.015976755571522443,0.3948455440329683,0.0
libero_object/7,2710812,1,distance_progress,2,-0.011714255448878488,0.5683071321405033,0.0
libero_object/7,2710812,1,distance_progress,4,-0.007611795363047586,0.7352559230286542,0.0
libero_object/7,2710812,1,distance_progress,8,-0.004869620771434567,0.8468481683877653,0.0
libero_object/7,2710812,1,benchmark_reward,1,-0.015976755571522443,0.3948455440329683,0.0
libero_object/7,2710812,1,benchmark_reward,2,-0.015976755571522443,0.3948455440329683,0.0
libero_object/7,2710812,1,benchmark_reward,4,-0.015976755571522443,0.3948455440329683,0.0
libero_object/7,2710812,1,benchmark_reward,8,-0.015976755571522443,0.3948455440329683,0.0
libero_object/7,2710812,1,oracle_real_utility,1,-0.015976755571522443,0.39484554403296823,0.0
libero_object/7,2710812,1,oracle_real_utility,2,-0.011392553432791193,0.5813987312026248,0.0
libero_object/7,2710812,1,oracle_real_utility,4,-0.006883317665340138,0.7649011769194327,0.0
libero_object/7,2710812,1,oracle_real_utility,8,-0.0033719188848445433,0.9077968464603918,0.0
libero_object/8,2800808,0,random,1,-0.028847746435852417,0.7225207073430926,0.0
libero_object/8,2800808,0,random,2,-0.02710465662986953,0.7827301128001112,0.0
libero_object/8,2800808,0,random,4,-0.02816788267928628,0.7460044041865495,0.0
libero_object/8,2800808,0,random,8,-0.029763701239412025,0.6908820080870168,0.0
libero_object/8,2800808,0,learned_wam,1,-0.028847746435852417,0.7225207073430926,0.0
libero_object/8,2800808,0,learned_wam,2,-0.025306343382423324,0.8448470336165705,0.0
libero_object/8,2800808,0,learned_wam,4,-0.023626889640818282,0.9028583368365939,0.0
libero_object/8,2800808,0,learned_wam,8,-0.022335078768943587,0.9474797695886662,0.0
libero_object/8,2800808,0,learned_physics_score,1,-0.028847746435852417,0.7225207073430926,0.0
libero_object/8,2800808,0,learned_physics_score,2,-0.025306343382423324,0.8448470336165705,0.0
libero_object/8,2800808,0,learned_physics_score,4,-0.023626889640818282,0.9028583368365939,0.0
libero_object/8,2800808,0,learned_physics_score,8,-0.022335078768943587,0.9474797695886662,0.0
libero_object/8,2800808,0,learned_energy_regularized,1,-0.028847746435852417,0.7225207073430926,0.0
libero_object/8,2800808,0,learned_energy_regularized,2,-0.025676051641260224,0.8320766563355402,0.0
libero_object/8,2800808,0,learned_energy_regularized,4,-0.02404717137089626,0.8883410623934831,0.0
libero_object/8,2800808,0,learned_energy_regularized,8,-0.02243513329507831,0.9440237092576504,0.0
libero_object/8,2800808,0,predicted_progress,1,-0.028847746435852417,0.7225207073430927,0.0
libero_object/8,2800808,0,predicted_progress,2,-0.02554486391020176,0.8366081126398421,0.0
libero_object/8,2800808,0,predicted_progress,4,-0.02469266544736351,0.8660445551012466,0.0
libero_object/8,2800808,0,predicted_progress,8,-0.025118616215413656,0.8513314620579433,0.0
libero_object/8,2800808,0,predicted_success,1,-0.028847746435852417,0.7225207073430926,0.0
libero_object/8,2800808,0,predicted_success,2,-0.028847746435852417,0.7225207073430926,0.0
libero_object/8,2800808,0,predicted_success,4,-0.028847746435852417,0.7225207073430926,0.0
libero_object/8,2800808,0,predicted_success,8,-0.028847746435852417,0.7225207073430926,0.0
libero_object/8,2800808,0,low_energy,1,-0.028847746435852417,0.7225207073430926,0.0
libero_object/8,2800808,0,low_energy,2,-0.025676051641260224,0.8320766563355402,0.0
libero_object/8,2800808,0,low_energy,4,-0.02404717137089626,0.8883410623934831,0.0
libero_object/8,2800808,0,low_energy,8,-0.02243513329507831,0.9440237092576504,0.0
libero_object/8,2800808,0,distance_progress,1,-0.028847746435852417,0.7225207073430927,0.0
libero_object/8,2800808,0,distance_progress,2,-0.02550140856632438,0.8381091370906804,0.0
libero_object/8,2800808,0,distance_progress,4,-0.024774841641595477,0.8632060439812546,0.0
libero_object/8,2800808,0,distance_progress,8,-0.024822861692550005,0.8615473464729198,0.0
libero_object/8,2800808,0,benchmark_reward,1,-0.028847746435852417,0.7225207073430926,0.0
libero_object/8,2800808,0,benchmark_reward,2,-0.028847746435852417,0.7225207073430926,0.0
libero_object/8,2800808,0,benchmark_reward,4,-0.028847746435852417,0.7225207073430926,0.0
libero_object/8,2800808,0,benchmark_reward,8,-0.028847746435852417,0.7225207073430926,0.0
libero_object/8,2800808,0,oracle_real_utility,1,-0.028847746435852417,0.7225207073430927,0.0
libero_object/8,2800808,0,oracle_real_utility,2,-0.025026448585221038,0.8545150950510529,0.0
libero_object/8,2800808,0,oracle_real_utility,4,-0.023324978719521685,0.9132868741442277,0.0
libero_object/8,2800808,0,oracle_real_utility,8,-0.02215555836895461,0.9536807217792205,0.0
libero_object/8,2810815,1,random,1,-0.030867149780395238,0.5578253398359074,0.0
libero_object/8,2810815,1,random,2,-0.03188071895319476,0.49823846516872883,0.0
libero_object/8,2810815,1,random,4,-0.03397052549380833,0.37538050563721853,0.0
libero_object/8,2810815,1,random,8,-0.03686964180698091,0.20494390887150837,0.0
libero_object/8,2810815,1,learned_wam,1,-0.030867149780395238,0.5578253398359074,0.0
libero_object/8,2810815,1,learned_wam,2,-0.02836242668218695,0.7050758929646028,0.0
libero_object/8,2810815,1,learned_wam,4,-0.026835662616991246,0.794833061434803,0.0
libero_object/8,2810815,1,learned_wam,8,-0.026374103035544445,0.821967758966242,0.0
libero_object/8,2810815,1,learned_physics_score,1,-0.030867149780395238,0.5578253398359074,0.0
libero_object/8,2810815,1,learned_physics_score,2,-0.02836242668218695,0.7050758929646028,0.0
libero_object/8,2810815,1,learned_physics_score,4,-0.026835662616991246,0.794833061434803,0.0
libero_object/8,2810815,1,learned_physics_score,8,-0.026374103035544445,0.821967758966242,0.0
libero_object/8,2810815,1,learned_energy_regularized,1,-0.030867149780395238,0.5578253398359074,0.0
libero_object/8,2810815,1,learned_energy_regularized,2,-0.028559619949886803,0.6934830674890724,0.0
libero_object/8,2810815,1,learned_energy_regularized,4,-0.027504271040286066,0.7555261375568327,0.0
libero_object/8,2810815,1,learned_energy_regularized,8,-0.02742579720360232,0.7601395480635982,0.0
libero_object/8,2810815,1,predicted_progress,1,-0.030867149780395235,0.5578253398359074,0.0
libero_object/8,2810815,1,predicted_progress,2,-0.028541169488245883,0.6945677545285496,0.0
libero_object/8,2810815,1,predicted_progress,4,-0.02719692270181834,0.7735948865035454,0.0
libero_object/8,2810815,1,predicted_progress,8,-0.0258784937309701,0.8511042109303354,0.0
libero_object/8,2810815,1,predicted_success,1,-0.030867149780395238,0.5578253398359074,0.0
libero_object/8,2810815,1,predicted_success,2,-0.030867149780395238,0.5578253398359074,0.0
libero_object/8,2810815,1,predicted_success,4,-0.030867149780395238,0.5578253398359074,0.0
libero_object/8,2810815,1,predicted_success,8,-0.030867149780395238,0.5578253398359074,0.0
libero_object/8,2810815,1,low_energy,1,-0.030867149780395238,0.5578253398359074,0.0
libero_object/8,2810815,1,low_energy,2,-0.028634119043495863,0.6891033287669088,0.0
libero_object/8,2810815,1,low_energy,4,-0.027533372248727105,0.7538153021184877,0.0
libero_object/8,2810815,1,low_energy,8,-0.027426656882855584,0.7600890082471823,0.0
libero_object/8,2810815,1,distance_progress,1,-0.030867149780395238,0.5578253398359074,0.0
libero_object/8,2810815,1,distance_progress,2,-0.029716503854739784,0.6254708409011737,0.0
libero_object/8,2810815,1,distance_progress,4,-0.027194353064530614,0.7737459533069893,0.0
libero_object/8,2810815,1,distance_progress,8,-0.024866463402665122,0.9106006182308164,0.0
libero_object/8,2810815,1,benchmark_reward,1,-0.030867149780395238,0.5578253398359074,0.0
libero_object/8,2810815,1,benchmark_reward,2,-0.030867149780395238,0.5578253398359074,0.0
libero_object/8,2810815,1,benchmark_reward,4,-0.030867149780395238,0.5578253398359074,0.0
libero_object/8,2810815,1,benchmark_reward,8,-0.030867149780395238,0.5578253398359074,0.0
libero_object/8,2810815,1,oracle_real_utility,1,-0.030867149780395235,0.5578253398359074,0.0
libero_object/8,2810815,1,oracle_real_utility,2,-0.027933570527770575,0.7302879836726054,0.0
libero_object/8,2810815,1,oracle_real_utility,4,-0.025785080696336105,0.856595884253077,0.0
libero_object/8,2810815,1,oracle_real_utility,8,-0.024417169816404287,0.9370142082765218,0.0
libero_object/9,2900811,0,random,1,-0.01728292645016049,0.5239105892959494,0.0
libero_object/9,2900811,0,random,2,-0.01700275980537507,0.5422443773841903,0.0
libero_object/9,2900811,0,random,4,-0.018352121929322757,0.4539436474607426,0.0
libero_object/9,2900811,0,random,8,-0.019417174123689356,0.38424783749239777,0.0
libero_object/9,2900811,0,learned_wam,1,-0.01728292645016049,0.5239105892959494,0.0
libero_object/9,2900811,0,learned_wam,2,-0.015066151105506367,0.6689738584772399,0.0
libero_object/9,2900811,0,learned_wam,4,-0.012781630584473824,0.8184702953137085,0.0
libero_object/9,2900811,0,learned_wam,8,-0.011303569463662969,0.9151929419055936,0.0
libero_object/9,2900811,0,learned_physics_score,1,-0.01728292645016049,0.5239105892959494,0.0
libero_object/9,2900811,0,learned_physics_score,2,-0.015066151105506367,0.6689738584772399,0.0
libero_object/9,2900811,0,learned_physics_score,4,-0.012781630584473824,0.8184702953137085,0.0
libero_object/9,2900811,0,learned_physics_score,8,-0.011303569463662969,0.9151929419055936,0.0
libero_object/9,2900811,0,learned_energy_regularized,1,-0.01728292645016049,0.5239105892959495,0.0
libero_object/9,2900811,0,learned_energy_regularized,2,-0.01484478916007552,0.6834595336061914,0.0
libero_object/9,2900811,0,learned_energy_regularized,4,-0.012846175265668357,0.8142465644404279,0.0
libero_object/9,2900811,0,learned_energy_regularized,8,-0.011346405353695414,0.9123898097517731,0.0
libero_object/9,2900811,0,predicted_progress,1,-0.01728292645016049,0.5239105892959494,0.0
libero_object/9,2900811,0,predicted_progress,2,-0.017223325072310502,0.5278108359941447,0.0
libero_object/9,2900811,0,predicted_progress,4,-0.018652646588011676,0.43427765398777407,0.0
libero_object/9,2900811,0,predicted_progress,8,-0.02137749510340965,0.25596665164798127,0.0
libero_object/9,2900811,0,predicted_success,1,-0.01728292645016049,0.5239105892959494,0.0
libero_object/9,2900811,0,predicted_success,2,-0.01728292645016049,0.5239105892959494,0.0
libero_object/9,2900811,0,predicted_success,4,-0.01728292645016049,0.5239105892959494,0.0
libero_object/9,2900811,0,predicted_success,8,-0.01728292645016049,0.5239105892959494,0.0
libero_object/9,2900811,0,low_energy,1,-0.01728292645016049,0.5239105892959495,0.0
libero_object/9,2900811,0,low_energy,2,-0.015347516946898277,0.6505615963205515,0.0
libero_object/9,2900811,0,low_energy,4,-0.013957074114230928,0.7415506013195632,0.0
libero_object/9,2900811,0,low_energy,8,-0.012570815992086452,0.8322657635990186,0.0
libero_object/9,2900811,0,distance_progress,1,-0.017282926450160486,0.5239105892959494,0.0
libero_object/9,2900811,0,distance_progress,2,-0.016136782836492305,0.5989129299485184,0.0
libero_object/9,2900811,0,distance_progress,4,-0.015619701062748544,0.6327501758896645,0.0
libero_object/9,2900811,0,distance_progress,8,-0.015654836334429243,0.6304509634837406,0.0
libero_object/9,2900811,0,benchmark_reward,1,-0.01728292645016049,0.5239105892959494,0.0
libero_object/9,2900811,0,benchmark_reward,2,-0.01728292645016049,0.5239105892959494,0.0
libero_object/9,2900811,0,benchmark_reward,4,-0.01728292645016049,0.5239105892959494,0.0
libero_object/9,2900811,0,benchmark_reward,8,-0.01728292645016049,0.5239105892959494,0.0
libero_object/9,2900811,0,oracle_real_utility,1,-0.01728292645016049,0.5239105892959494,0.0
libero_object/9,2900811,0,oracle_real_utility,2,-0.014690870266208956,0.6935318117857989,0.0
libero_object/9,2900811,0,oracle_real_utility,4,-0.012687810374649472,0.8246097836408482,0.0
libero_object/9,2900811,0,oracle_real_utility,8,-0.011301313289183549,0.9153405834095544,0.0
libero_object/9,2910818,1,random,1,-0.01783339859761628,0.6070001828182796,0.0
libero_object/9,2910818,1,random,2,-0.015363235283195081,0.6976740629763846,0.0
libero_object/9,2910818,1,random,4,-0.012071247424336825,0.8185151874693993,0.0
libero_object/9,2910818,1,random,8,-0.009752342008468147,0.9036367462541574,0.0
libero_object/9,2910818,1,learned_wam,1,-0.01783339859761628,0.6070001828182797,0.0
libero_object/9,2910818,1,learned_wam,2,-0.013268002072608212,0.7745851416612979,0.0
libero_object/9,2910818,1,learned_wam,4,-0.010209086446514776,0.8868707331745626,0.0
libero_object/9,2910818,1,learned_wam,8,-0.008334622539234358,0.9556778904573041,0.0
libero_object/9,2910818,1,learned_physics_score,1,-0.01783339859761628,0.6070001828182797,0.0
libero_object/9,2910818,1,learned_physics_score,2,-0.013268002072608212,0.7745851416612979,0.0
libero_object/9,2910818,1,learned_physics_score,4,-0.010209086446514776,0.8868707331745626,0.0
libero_object/9,2910818,1,learned_physics_score,8,-0.008334622539234358,0.9556778904573041,0.0
libero_object/9,2910818,1,learned_energy_regularized,1,-0.01783339859761628,0.6070001828182797,0.0
libero_object/9,2910818,1,learned_energy_regularized,2,-0.013268002072608212,0.7745851416612979,0.0
libero_object/9,2910818,1,learned_energy_regularized,4,-0.010209086446514776,0.8868707331745626,0.0
libero_object/9,2910818,1,learned_energy_regularized,8,-0.008334622539234358,0.9556778904573041,0.0
libero_object/9,2910818,1,predicted_progress,1,-0.017833398597616283,0.6070001828182796,0.0
libero_object/9,2910818,1,predicted_progress,2,-0.016438782286045957,0.658193264491706,0.0
libero_object/9,2910818,1,predicted_progress,4,-0.01760179386178972,0.6155018474401218,0.0
libero_object/9,2910818,1,predicted_progress,8,-0.02002634578225215,0.526502254178562,0.0
libero_object/9,2910818,1,predicted_success,1,-0.01783339859761628,0.6070001828182797,0.0
libero_object/9,2910818,1,predicted_success,2,-0.01783339859761628,0.6070001828182797,0.0
libero_object/9,2910818,1,predicted_success,4,-0.01783339859761628,0.6070001828182797,0.0
libero_object/9,2910818,1,predicted_success,8,-0.01783339859761628,0.6070001828182797,0.0
libero_object/9,2910818,1,low_energy,1,-0.01783339859761628,0.6070001828182797,0.0
libero_object/9,2910818,1,low_energy,2,-0.013268002072608212,0.7745851416612979,0.0
libero_object/9,2910818,1,low_energy,4,-0.010209086446514776,0.8868707331745626,0.0
libero_object/9,2910818,1,low_energy,8,-0.008334622539234358,0.9556778904573041,0.0
libero_object/9,2910818,1,distance_progress,1,-0.01783339859761628,0.6070001828182797,0.0
libero_object/9,2910818,1,distance_progress,2,-0.015588821884841895,0.6893933098927406,0.0
libero_object/9,2910818,1,distance_progress,4,-0.014451389666172886,0.73114576896354,0.0
libero_object/9,2910818,1,distance_progress,8,-0.012885288987959997,0.7886336380379281,0.0
libero_object/9,2910818,1,benchmark_reward,1,-0.01783339859761628,0.6070001828182797,0.0
libero_object/9,2910818,1,benchmark_reward,2,-0.01783339859761628,0.6070001828182797,0.0
libero_object/9,2910818,1,benchmark_reward,4,-0.01783339859761628,0.6070001828182797,0.0
libero_object/9,2910818,1,benchmark_reward,8,-0.01783339859761628,0.6070001828182797,0.0
libero_object/9,2910818,1,oracle_real_utility,1,-0.01783339859761628,0.6070001828182797,0.0
libero_object/9,2910818,1,oracle_real_utility,2,-0.013268002072608212,0.7745851416612979,0.0
libero_object/9,2910818,1,oracle_real_utility,4,-0.010209086446514776,0.8868707331745626,0.0
libero_object/9,2910818,1,oracle_real_utility,8,-0.008334622539234358,0.9556778904573041,0.0
libero_goal/0,3000814,0,random,1,-0.029820586153964008,0.5439756112594551,0.0
libero_goal/0,3000814,0,random,2,-0.031547765543020426,0.4486083705947158,0.0
libero_goal/0,3000814,0,random,4,-0.0333984942826177,0.34641927881152473,0.0
libero_goal/0,3000814,0,random,8,-0.03640668809073175,0.18032006255042896,0.0
libero_goal/0,3000814,0,learned_wam,1,-0.029820586153964,0.543975611259455,0.0
libero_goal/0,3000814,0,learned_wam,2,-0.027128137168016143,0.6926407887432484,0.0
libero_goal/0,3000814,0,learned_wam,4,-0.026304640449155363,0.738110651498572,0.0
libero_goal/0,3000814,0,learned_wam,8,-0.026112041634156796,0.7487451100024718,0.0
libero_goal/0,3000814,0,learned_physics_score,1,-0.029820586153964,0.543975611259455,0.0
libero_goal/0,3000814,0,learned_physics_score,2,-0.027128137168016143,0.6926407887432484,0.0
libero_goal/0,3000814,0,learned_physics_score,4,-0.026304640449155363,0.738110651498572,0.0
libero_goal/0,3000814,0,learned_physics_score,8,-0.026112041634156796,0.7487451100024718,0.0
libero_goal/0,3000814,0,learned_energy_regularized,1,-0.029820586153964,0.5439756112594551,0.0
libero_goal/0,3000814,0,learned_energy_regularized,2,-0.027765747694364334,0.6574347430354898,0.0
libero_goal/0,3000814,0,learned_energy_regularized,4,-0.027178536086086398,0.6898579824063374,0.0
libero_goal/0,3000814,0,learned_energy_regularized,8,-0.026515504829080314,0.7264676489272468,0.0
libero_goal/0,3000814,0,predicted_progress,1,-0.029820586153964008,0.5439756112594551,0.0
libero_goal/0,3000814,0,predicted_progress,2,-0.027095378366828602,0.6944495854997033,0.0
libero_goal/0,3000814,0,predicted_progress,4,-0.02448736634879733,0.8384525254120407,0.0
libero_goal/0,3000814,0,predicted_progress,8,-0.022903724267421044,0.9258942679770265,0.0
libero_goal/0,3000814,0,predicted_success,1,-0.029820586153964004,0.5439756112594551,0.0
libero_goal/0,3000814,0,predicted_success,2,-0.029820586153964004,0.5439756112594551,0.0
libero_goal/0,3000814,0,predicted_success,4,-0.029820586153964004,0.5439756112594551,0.0
libero_goal/0,3000814,0,predicted_success,8,-0.029820586153964004,0.5439756112594551,0.0
libero_goal/0,3000814,0,low_energy,1,-0.029820586153964004,0.5439756112594551,0.0
libero_goal/0,3000814,0,low_energy,2,-0.02901339655993935,0.5885450663856407,0.0
libero_goal/0,3000814,0,low_energy,4,-0.027747434061657195,0.6584459411941139,0.0
libero_goal/0,3000814,0,low_energy,8,-0.02578004297585055,0.7670766140417595,0.0
libero_goal/0,3000814,0,distance_progress,1,-0.029820586153964004,0.5439756112594551,0.0
libero_goal/0,3000814,0,distance_progress,2,-0.026249964599159223,0.7411296111840391,0.0
libero_goal/0,3000814,0,distance_progress,4,-0.02352565647563116,0.8915539099613314,0.0
libero_goal/0,3000814,0,distance_progress,8,-0.022345086455237813,0.9567397881450309,0.0
libero_goal/0,3000814,0,benchmark_reward,1,-0.029820586153964004,0.5439756112594551,0.0
libero_goal/0,3000814,0,benchmark_reward,2,-0.029820586153964004,0.5439756112594551,0.0
libero_goal/0,3000814,0,benchmark_reward,4,-0.029820586153964004,0.5439756112594551,0.0
libero_goal/0,3000814,0,benchmark_reward,8,-0.029820586153964004,0.5439756112594551,0.0
libero_goal/0,3000814,0,oracle_real_utility,1,-0.029820586153964004,0.5439756112594551,0.0
libero_goal/0,3000814,0,oracle_real_utility,2,-0.02604657616658022,0.7523598248613702,0.0
libero_goal/0,3000814,0,oracle_real_utility,4,-0.023359051831739253,0.9007530847955001,0.0
libero_goal/0,3000814,0,oracle_real_utility,8,-0.022070015114187748,0.9719280163905204,0.0
libero_goal/0,3010821,1,random,1,-0.021346935637987695,0.3819679449633493,0.0
libero_goal/0,3010821,1,random,2,-0.021656151376888224,0.3668030625692698,0.0
libero_goal/0,3010821,1,random,4,-0.022138328876140118,0.34315560822161595,0.0
libero_goal/0,3010821,1,random,8,-0.023610532364464663,0.2709542615502642,0.0
libero_goal/0,3010821,1,learned_wam,1,-0.021346935637987695,0.3819679449633493,0.0
libero_goal/0,3010821,1,learned_wam,2,-0.019784222900903828,0.45860814108619413,0.0
libero_goal/0,3010821,1,learned_wam,4,-0.017630541137573716,0.5642312596612847,0.0
libero_goal/0,3010821,1,learned_wam,8,-0.014175827506449681,0.7336609468677066,0.0
libero_goal/0,3010821,1,learned_physics_score,1,-0.021346935637987695,0.3819679449633493,0.0
libero_goal/0,3010821,1,learned_physics_score,2,-0.019784222900903828,0.45860814108619413,0.0
libero_goal/0,3010821,1,learned_physics_score,4,-0.017630541137573716,0.5642312596612847,0.0
libero_goal/0,3010821,1,learned_physics_score,8,-0.014175827506449681,0.7336609468677066,0.0
libero_goal/0,3010821,1,learned_energy_regularized,1,-0.021346935637987695,0.3819679449633493,0.0
libero_goal/0,3010821,1,learned_energy_regularized,2,-0.020019146492222292,0.44708677206854075,0.0
libero_goal/0,3010821,1,learned_energy_regularized,4,-0.017905607883760888,0.5507411479635989,0.0
libero_goal/0,3010821,1,learned_energy_regularized,8,-0.014397963806643646,0.7227667055853083,0.0
libero_goal/0,3010821,1,predicted_progress,1,-0.02134693563798769,0.3819679449633493,0.0
libero_goal/0,3010821,1,predicted_progress,2,-0.0195338172928737,0.47088879539602024,0.0
libero_goal/0,3010821,1,predicted_progress,4,-0.0183317870844688,0.5298400208718201,0.0
libero_goal/0,3010821,1,predicted_progress,8,-0.017201947743625004,0.5852507861485907,0.0
libero_goal/0,3010821,1,predicted_success,1,-0.021346935637987695,0.3819679449633493,0.0
libero_goal/0,3010821,1,predicted_success,2,-0.021346935637987695,0.3819679449633493,0.0
libero_goal/0,3010821,1,predicted_success,4,-0.021346935637987695,0.3819679449633493,0.0
libero_goal/0,3010821,1,predicted_success,8,-0.021346935637987695,0.3819679449633493,0.0
libero_goal/0,3010821,1,low_energy,1,-0.021346935637987695,0.3819679449633493,0.0
libero_goal/0,3010821,1,low_energy,2,-0.020019146492222292,0.44708677206854075,0.0
libero_goal/0,3010821,1,low_energy,4,-0.017905607883760888,0.5507411479635989,0.0
libero_goal/0,3010821,1,low_energy,8,-0.014397963806643646,0.7227667055853083,0.0
libero_goal/0,3010821,1,distance_progress,1,-0.02134693563798769,0.3819679449633493,0.0
libero_goal/0,3010821,1,distance_progress,2,-0.019396294555276757,0.47763332964768834,0.0
libero_goal/0,3010821,1,distance_progress,4,-0.018010121380390234,0.5456154875084954,0.0
libero_goal/0,3010821,1,distance_progress,8,-0.016882547674719875,0.6009151391302006,0.0
libero_goal/0,3010821,1,benchmark_reward,1,-0.021346935637987695,0.3819679449633493,0.0
libero_goal/0,3010821,1,benchmark_reward,2,-0.021346935637987695,0.3819679449633493,0.0
libero_goal/0,3010821,1,benchmark_reward,4,-0.021346935637987695,0.3819679449633493,0.0
libero_goal/0,3010821,1,benchmark_reward,8,-0.021346935637987695,0.3819679449633493,0.0
libero_goal/0,3010821,1,oracle_real_utility,1,-0.021346935637987695,0.3819679449633493,0.0
libero_goal/0,3010821,1,oracle_real_utility,2,-0.018104915607263447,0.5409664896687303,0.0
libero_goal/0,3010821,1,oracle_real_utility,4,-0.014654909369155929,0.7101653119724404,0.0
libero_goal/0,3010821,1,oracle_real_utility,8,-0.011470329498581872,0.8663468161336628,0.0
libero_goal/1,3100817,0,random,1,-0.04066388971722175,0.3500549793104799,0.0
libero_goal/1,3100817,0,random,2,-0.042094026795040596,0.2712947743331208,0.0
libero_goal/1,3100817,0,random,4,-0.04415524595962247,0.15777975089681992,0.0
libero_goal/1,3100817,0,random,8,-0.04601591318146534,0.05530948139614981,0.0
libero_goal/1,3100817,0,learned_wam,1,-0.04066388971722175,0.3500549793104799,0.0
libero_goal/1,3100817,0,learned_wam,2,-0.03757374168014899,0.5202349547722881,0.0
libero_goal/1,3100817,0,learned_wam,4,-0.03422020449048635,0.7049202416259465,0.0
libero_goal/1,3100817,0,learned_wam,8,-0.031378400777569135,0.8614234512875947,0.0
libero_goal/1,3100817,0,learned_physics_score,1,-0.04066388971722175,0.3500549793104799,0.0
libero_goal/1,3100817,0,learned_physics_score,2,-0.03757374168014899,0.5202349547722881,0.0
libero_goal/1,3100817,0,learned_physics_score,4,-0.03422020449048635,0.7049202416259465,0.0
libero_goal/1,3100817,0,learned_physics_score,8,-0.031378400777569135,0.8614234512875947,0.0
libero_goal/1,3100817,0,learned_energy_regularized,1,-0.04066388971722175,0.3500549793104799,0.0
libero_goal/1,3100817,0,learned_energy_regularized,2,-0.037476561991345005,0.5255868139251961,0.0
libero_goal/1,3100817,0,learned_energy_regularized,4,-0.034182243674547294,0.7070108116075512,0.0
libero_goal/1,3100817,0,learned_energy_regularized,8,-0.03137727937651234,0.8614852088480864,0.0
libero_goal/1,3100817,0,predicted_progress,1,-0.04066388971722175,0.3500549793104799,0.0
libero_goal/1,3100817,0,predicted_progress,2,-0.03828587227822584,0.48101664993627724,0.0
libero_goal/1,3100817,0,predicted_progress,4,-0.0347833356989477,0.6739075994845325,0.0
libero_goal/1,3100817,0,predicted_progress,8,-0.03149200788761393,0.8551669046860203,0.0
libero_goal/1,3100817,0,predicted_success,1,-0.04066388971722174,0.3500549793104799,0.0
libero_goal/1,3100817,0,predicted_success,2,-0.04066388971722174,0.3500549793104799,0.0
libero_goal/1,3100817,0,predicted_success,4,-0.04066388971722174,0.3500549793104799,0.0
libero_goal/1,3100817,0,predicted_success,8,-0.04066388971722174,0.3500549793104799,0.0
libero_goal/1,3100817,0,low_energy,1,-0.04066388971722175,0.3500549793104799,0.0
libero_goal/1,3100817,0,low_energy,2,-0.03756382673904937,0.5207809882997424,0.0
libero_goal/1,3100817,0,low_energy,4,-0.03437495881167037,0.69639764456401,0.0
libero_goal/1,3100817,0,low_energy,8,-0.03152695267830949,0.8532424326051545,0.0
libero_goal/1,3100817,0,distance_progress,1,-0.04066388971722175,0.3500549793104799,0.0
libero_goal/1,3100817,0,distance_progress,2,-0.03828899242437975,0.48084481791090505,0.0
libero_goal/1,3100817,0,distance_progress,4,-0.034784115735486176,0.6738646414781895,0.0
libero_goal/1,3100817,0,distance_progress,8,-0.031492026645816816,0.8551658716382604,0.0
libero_goal/1,3100817,0,benchmark_reward,1,-0.04066388971722174,0.3500549793104799,0.0
libero_goal/1,3100817,0,benchmark_reward,2,-0.04066388971722174,0.3500549793104799,0.0
libero_goal/1,3100817,0,benchmark_reward,4,-0.04066388971722174,0.3500549793104799,0.0
libero_goal/1,3100817,0,benchmark_reward,8,-0.04066388971722174,0.3500549793104799,0.0
libero_goal/1,3100817,0,oracle_real_utility,1,-0.04066388971722175,0.3500549793104799,0.0
libero_goal/1,3100817,0,oracle_real_utility,2,-0.037476561991345005,0.5255868139251961,0.0
libero_goal/1,3100817,0,oracle_real_utility,4,-0.034182243674547294,0.7070108116075512,0.0
libero_goal/1,3100817,0,oracle_real_utility,8,-0.03137727937651234,0.8614852088480864,0.0
libero_goal/1,3110824,1,random,1,-0.04381127518202968,0.47084123293638175,0.0
libero_goal/1,3110824,1,random,2,-0.042323067874908686,0.5456181779438107,0.0
libero_goal/1,3110824,1,random,4,-0.042611177265947736,0.531141740429518,0.0
libero_goal/1,3110824,1,random,8,-0.04511197965656573,0.40548561581375236,0.0
libero_goal/1,3110824,1,learned_wam,1,-0.04381127518202968,0.47084123293638175,0.0
libero_goal/1,3110824,1,learned_wam,2,-0.040097973874251076,0.6574209697506959,0.0
libero_goal/1,3110824,1,learned_wam,4,-0.03688190188045387,0.8190167618620388,0.0
libero_goal/1,3110824,1,learned_wam,8,-0.03457264883769168,0.9350482360797815,0.0
libero_goal/1,3110824,1,learned_physics_score,1,-0.04381127518202968,0.47084123293638175,0.0
libero_goal/1,3110824,1,learned_physics_score,2,-0.040097973874251076,0.6574209697506959,0.0
libero_goal/1,3110824,1,learned_physics_score,4,-0.03688190188045387,0.8190167618620388,0.0
libero_goal/1,3110824,1,learned_physics_score,8,-0.03457264883769168,0.9350482360797815,0.0
libero_goal/1,3110824,1,learned_energy_regularized,1,-0.04381127518202968,0.47084123293638175,0.0
libero_goal/1,3110824,1,learned_energy_regularized,2,-0.040088931683713296,0.6578753065768593,0.0
libero_goal/1,3110824,1,learned_energy_regularized,4,-0.03694065270462012,0.816064748975931,0.0
libero_goal/1,3110824,1,learned_energy_regularized,8,-0.034613007797957826,0.9330203467273116,0.0
libero_goal/1,3110824,1,predicted_progress,1,-0.04381127518202968,0.47084123293638175,0.0
libero_goal/1,3110824,1,predicted_progress,2,-0.04127912834783497,0.598072300587576,0.0
libero_goal/1,3110824,1,predicted_progress,4,-0.03938422699344234,0.6932841260462452,0.0
libero_goal/1,3110824,1,predicted_progress,8,-0.03942256614716114,0.6913577245459004,0.0
libero_goal/1,3110824,1,predicted_success,1,-0.04381127518202968,0.47084123293638175,0.0
libero_goal/1,3110824,1,predicted_success,2,-0.04381127518202968,0.47084123293638175,0.0
libero_goal/1,3110824,1,predicted_success,4,-0.04381127518202968,0.47084123293638175,0.0
libero_goal/1,3110824,1,predicted_success,8,-0.04381127518202968,0.47084123293638175,0.0
libero_goal/1,3110824,1,low_energy,1,-0.04381127518202968,0.4708412329363818,0.0
libero_goal/1,3110824,1,low_energy,2,-0.040126749401738784,0.6559751053027711,0.0
libero_goal/1,3110824,1,low_energy,4,-0.03702987888308652,0.8115814615948791,0.0
libero_goal/1,3110824,1,low_energy,8,-0.034682535565215916,0.9295268320779277,0.0
libero_goal/1,3110824,1,distance_progress,1,-0.04381127518202969,0.47084123293638175,0.0
libero_goal/1,3110824,1,distance_progress,2,-0.04099834714755725,0.6121805234620527,0.0
libero_goal/1,3110824,1,distance_progress,4,-0.038989509881400805,0.7131172095416625,0.0
libero_goal/1,3110824,1,distance_progress,8,-0.03914043165274343,0.7055339454748144,0.0
libero_goal/1,3110824,1,benchmark_reward,1,-0.04381127518202968,0.47084123293638175,0.0
libero_goal/1,3110824,1,benchmark_reward,2,-0.04381127518202968,0.47084123293638175,0.0
libero_goal/1,3110824,1,benchmark_reward,4,-0.04381127518202968,0.47084123293638175,0.0
libero_goal/1,3110824,1,benchmark_reward,8,-0.04381127518202968,0.47084123293638175,0.0
libero_goal/1,3110824,1,oracle_real_utility,1,-0.04381127518202968,0.47084123293638175,0.0
libero_goal/1,3110824,1,oracle_real_utility,2,-0.03992401734334743,0.6661616457860995,0.0
libero_goal/1,3110824,1,oracle_real_utility,4,-0.036637085519953275,0.8313178837813278,0.0
libero_goal/1,3110824,1,oracle_real_utility,8,-0.03444472383241419,0.9414759972115391,0.0
libero_goal/2,3200820,0,random,1,-0.0448841474867651,0.7121772142392166,0.0
libero_goal/2,3200820,0,random,2,-0.044999744971950424,0.7060987066587309,0.0
libero_goal/2,3200820,0,random,4,-0.04532868975082156,0.6888016752507915,0.0
libero_goal/2,3200820,0,random,8,-0.046987174537491544,0.6015929238516442,0.0
libero_goal/2,3200820,0,learned_wam,1,-0.0448841474867651,0.7121772142392168,0.0
libero_goal/2,3200820,0,learned_wam,2,-0.04238188248561731,0.8437547892485351,0.0
libero_goal/2,3200820,0,learned_wam,4,-0.04193279023261233,0.8673695820777367,0.0
libero_goal/2,3200820,0,learned_wam,8,-0.04209027461020084,0.8590885197220539,0.0
libero_goal/2,3200820,0,learned_physics_score,1,-0.0448841474867651,0.7121772142392168,0.0
libero_goal/2,3200820,0,learned_physics_score,2,-0.04238188248561731,0.8437547892485351,0.0
libero_goal/2,3200820,0,learned_physics_score,4,-0.04193279023261233,0.8673695820777367,0.0
libero_goal/2,3200820,0,learned_physics_score,8,-0.04209027461020084,0.8590885197220539,0.0
libero_goal/2,3200820,0,learned_energy_regularized,1,-0.0448841474867651,0.7121772142392168,0.0
libero_goal/2,3200820,0,learned_energy_regularized,2,-0.04249345880559907,0.8378877281639063,0.0
libero_goal/2,3200820,0,learned_energy_regularized,4,-0.041827067046666055,0.872928865535999,0.0
libero_goal/2,3200820,0,learned_energy_regularized,8,-0.041708447552547705,0.8791662805890674,0.0
libero_goal/2,3200820,0,predicted_progress,1,-0.04488414748676509,0.7121772142392166,0.0
libero_goal/2,3200820,0,predicted_progress,2,-0.04538151568866317,0.6860239083893263,0.0
libero_goal/2,3200820,0,predicted_progress,4,-0.04560172943703157,0.6744443231013035,0.0
libero_goal/2,3200820,0,predicted_progress,8,-0.04506537078468577,0.7026478789910889,0.0
libero_goal/2,3200820,0,predicted_success,1,-0.04488414748676509,0.7121772142392166,0.0
libero_goal/2,3200820,0,predicted_success,2,-0.04488414748676509,0.7121772142392166,0.0
libero_goal/2,3200820,0,predicted_success,4,-0.04488414748676509,0.7121772142392166,0.0
libero_goal/2,3200820,0,predicted_success,8,-0.04488414748676509,0.7121772142392166,0.0
libero_goal/2,3200820,0,low_energy,1,-0.0448841474867651,0.7121772142392168,0.0
libero_goal/2,3200820,0,low_energy,2,-0.04249345880559907,0.8378877281639063,0.0
libero_goal/2,3200820,0,low_energy,4,-0.041827067046666055,0.872928865535999,0.0
libero_goal/2,3200820,0,low_energy,8,-0.041708447552547705,0.8791662805890674,0.0
libero_goal/2,3200820,0,distance_progress,1,-0.04488414748676509,0.7121772142392168,0.0
libero_goal/2,3200820,0,distance_progress,2,-0.04372022138889428,0.7733803935098584,0.0
libero_goal/2,3200820,0,distance_progress,4,-0.04287130063545999,0.8180195240818529,0.0
libero_goal/2,3200820,0,distance_progress,8,-0.04318636448039146,0.8014523992288978,0.0
libero_goal/2,3200820,0,benchmark_reward,1,-0.04488414748676509,0.7121772142392166,0.0
libero_goal/2,3200820,0,benchmark_reward,2,-0.04488414748676509,0.7121772142392166,0.0
libero_goal/2,3200820,0,benchmark_reward,4,-0.04488414748676509,0.7121772142392166,0.0
libero_goal/2,3200820,0,benchmark_reward,8,-0.04488414748676509,0.7121772142392166,0.0
libero_goal/2,3200820,0,oracle_real_utility,1,-0.04488414748676509,0.7121772142392166,0.0
libero_goal/2,3200820,0,oracle_real_utility,2,-0.04184217151275636,0.8721346215134593,0.0
libero_goal/2,3200820,0,oracle_real_utility,4,-0.04039907131424221,0.9480177212366547,0.0
libero_goal/2,3200820,0,oracle_real_utility,8,-0.03977812281811323,0.9806692978238094,0.0
libero_goal/2,3210827,1,random,1,-0.03871632255042672,0.4329032792632442,0.0
libero_goal/2,3210827,1,random,2,-0.04063942558274142,0.3516312531824749,0.0
libero_goal/2,3210827,1,random,4,-0.04335789311290468,0.23674642366544646,0.0
libero_goal/2,3210827,1,random,8,-0.04631952822838613,0.11158511805540762,0.0
libero_goal/2,3210827,1,learned_wam,1,-0.03871632255042672,0.4329032792632442,0.0
libero_goal/2,3210827,1,learned_wam,2,-0.034687475096408155,0.6031659172272296,0.0
libero_goal/2,3210827,1,learned_wam,4,-0.030485391897650767,0.7807496501757041,0.0
libero_goal/2,3210827,1,learned_wam,8,-0.02724596019347684,0.9176508840277517,0.0
libero_goal/2,3210827,1,learned_physics_score,1,-0.03871632255042672,0.4329032792632442,0.0
libero_goal/2,3210827,1,learned_physics_score,2,-0.034687475096408155,0.6031659172272296,0.0
libero_goal/2,3210827,1,learned_physics_score,4,-0.030485391897650767,0.7807496501757041,0.0
libero_goal/2,3210827,1,learned_physics_score,8,-0.02724596019347684,0.9176508840277517,0.0
libero_goal/2,3210827,1,learned_energy_regularized,1,-0.03871632255042672,0.4329032792632442,0.0
libero_goal/2,3210827,1,learned_energy_regularized,2,-0.03462112506405686,0.605969927968778,0.0
libero_goal/2,3210827,1,learned_energy_regularized,4,-0.030550746678664427,0.7779876996313009,0.0
libero_goal/2,3210827,1,learned_energy_regularized,8,-0.027287237571216132,0.915906465728886,0.0
libero_goal/2,3210827,1,predicted_progress,1,-0.03871632255042672,0.4329032792632441,0.0
libero_goal/2,3210827,1,predicted_progress,2,-0.038386786409483134,0.44682976650354994,0.0
libero_goal/2,3210827,1,predicted_progress,4,-0.03516911027681123,0.5828115907634932,0.0
libero_goal/2,3210827,1,predicted_progress,8,-0.031606482838920896,0.7333713606681711,0.0
libero_goal/2,3210827,1,predicted_success,1,-0.03871632255042673,0.4329032792632442,0.0
libero_goal/2,3210827,1,predicted_success,2,-0.03871632255042673,0.4329032792632442,0.0
libero_goal/2,3210827,1,predicted_success,4,-0.03871632255042673,0.4329032792632442,0.0
libero_goal/2,3210827,1,predicted_success,8,-0.03871632255042673,0.4329032792632442,0.0
libero_goal/2,3210827,1,low_energy,1,-0.03871632255042672,0.4329032792632442,0.0
libero_goal/2,3210827,1,low_energy,2,-0.034744415098081294,0.6007595826610319,0.0
libero_goal/2,3210827,1,low_energy,4,-0.030598906848205223,0.7759524084954625,0.0
libero_goal/2,3210827,1,low_energy,8,-0.027288660271537042,0.9158463411616408,0.0
libero_goal/2,3210827,1,distance_progress,1,-0.03871632255042672,0.4329032792632441,0.0
libero_goal/2,3210827,1,distance_progress,2,-0.0356819854449432,0.5611370349335696,0.0
libero_goal/2,3210827,1,distance_progress,4,-0.033167059446722935,0.6674200202360001,0.0
libero_goal/2,3210827,1,distance_progress,8,-0.031195699175429286,0.750731439692466,0.0
libero_goal/2,3210827,1,benchmark_reward,1,-0.03871632255042673,0.4329032792632442,0.0
libero_goal/2,3210827,1,benchmark_reward,2,-0.03871632255042673,0.4329032792632442,0.0
libero_goal/2,3210827,1,benchmark_reward,4,-0.03871632255042673,0.4329032792632442,0.0
libero_goal/2,3210827,1,benchmark_reward,8,-0.03871632255042673,0.4329032792632442,0.0
libero_goal/2,3210827,1,oracle_real_utility,1,-0.03871632255042672,0.4329032792632442,0.0
libero_goal/2,3210827,1,oracle_real_utility,2,-0.03443085134697415,0.6140110626544315,0.0
libero_goal/2,3210827,1,oracle_real_utility,4,-0.030319783302164754,0.787748415122447,0.0
libero_goal/2,3210827,1,oracle_real_utility,8,-0.027226281214601595,0.9184825349884735,0.0
libero_goal/3,3300823,0,random,1,-0.036056632039147454,0.5456821472678769,0.0
libero_goal/3,3300823,0,random,2,-0.03758193979454949,0.46226129482651984,0.0
libero_goal/3,3300823,0,random,4,-0.039390778370183746,0.3633338125700315,0.0
libero_goal/3,3300823,0,random,8,-0.040183843834754235,0.3199601413473132,0.0
libero_goal/3,3300823,0,learned_wam,1,-0.03605663203914744,0.5456821472678769,0.0
libero_goal/3,3300823,0,learned_wam,2,-0.03356810031752356,0.6817828369877058,0.0
libero_goal/3,3300823,0,learned_wam,4,-0.03177348321412285,0.7799325304127324,0.0
libero_goal/3,3300823,0,learned_wam,8,-0.030083475549507667,0.8723610121504818,0.0
libero_goal/3,3300823,0,learned_physics_score,1,-0.03605663203914744,0.5456821472678769,0.0
libero_goal/3,3300823,0,learned_physics_score,2,-0.03356810031752356,0.6817828369877058,0.0
libero_goal/3,3300823,0,learned_physics_score,4,-0.03177348321412285,0.7799325304127324,0.0
libero_goal/3,3300823,0,learned_physics_score,8,-0.030083475549507667,0.8723610121504818,0.0
libero_goal/3,3300823,0,learned_energy_regularized,1,-0.03605663203914745,0.5456821472678769,0.0
libero_goal/3,3300823,0,learned_energy_regularized,2,-0.03364155036427868,0.677765768635126,0.0
libero_goal/3,3300823,0,learned_energy_regularized,4,-0.03181200044003281,0.7778259785987095,0.0
libero_goal/3,3300823,0,learned_energy_regularized,8,-0.0300886554957205,0.8720777148767711,0.0
libero_goal/3,3300823,0,predicted_progress,1,-0.03605663203914745,0.5456821472678769,0.0
libero_goal/3,3300823,0,predicted_progress,2,-0.03571101520142538,0.5645843334783319,0.0
libero_goal/3,3300823,0,predicted_progress,4,-0.034966051628479065,0.6053272563887058,0.0
libero_goal/3,3300823,0,predicted_progress,8,-0.032933272788411336,0.7165022917628002,0.0
libero_goal/3,3300823,0,predicted_success,1,-0.03605663203914745,0.5456821472678769,0.0
libero_goal/3,3300823,0,predicted_success,2,-0.03605663203914745,0.5456821472678769,0.0
libero_goal/3,3300823,0,predicted_success,4,-0.03605663203914745,0.5456821472678769,0.0
libero_goal/3,3300823,0,predicted_success,8,-0.03605663203914745,0.5456821472678769,0.0
libero_goal/3,3300823,0,low_energy,1,-0.03605663203914745,0.5456821472678769,0.0
libero_goal/3,3300823,0,low_energy,2,-0.03364155036427868,0.677765768635126,0.0
libero_goal/3,3300823,0,low_energy,4,-0.03181200044003281,0.7778259785987095,0.0
libero_goal/3,3300823,0,low_energy,8,-0.0300886554957205,0.8720777148767711,0.0
libero_goal/3,3300823,0,distance_progress,1,-0.03605663203914745,0.5456821472678769,0.0
libero_goal/3,3300823,0,distance_progress,2,-0.035882363028814784,0.5552131218168335,0.0
libero_goal/3,3300823,0,distance_progress,4,-0.0354375351127322,0.5795412771139528,0.0
libero_goal/3,3300823,0,distance_progress,8,-0.035829862701489204,0.5580844256854715,0.0
libero_goal/3,3300823,0,benchmark_reward,1,-0.03605663203914745,0.5456821472678769,0.0
libero_goal/3,3300823,0,benchmark_reward,2,-0.03605663203914745,0.5456821472678769,0.0
libero_goal/3,3300823,0,benchmark_reward,4,-0.03605663203914745,0.5456821472678769,0.0
libero_goal/3,3300823,0,benchmark_reward,8,-0.03605663203914745,0.5456821472678769,0.0
libero_goal/3,3300823,0,oracle_real_utility,1,-0.03605663203914745,0.5456821472678768,0.0
libero_goal/3,3300823,0,oracle_real_utility,2,-0.03352240817214573,0.6842817934794652,0.0
libero_goal/3,3300823,0,oracle_real_utility,4,-0.03161855828370115,0.7884055547676039,0.0
libero_goal/3,3300823,0,oracle_real_utility,8,-0.029839784862799958,0.8856887387978942,0.0
libero_goal/3,3310830,1,random,1,-0.04461072224486061,0.42973121670631487,0.0
libero_goal/3,3310830,1,random,2,-0.04512564697059036,0.38281765681998065,0.0
libero_goal/3,3310830,1,random,4,-0.04620787482398027,0.2842184661543695,0.0
libero_goal/3,3310830,1,random,8,-0.047356747381489844,0.17954743593319106,0.0
libero_goal/3,3310830,1,learned_wam,1,-0.0446107222448606,0.42973121670631487,0.0
libero_goal/3,3310830,1,learned_wam,2,-0.042840591577885875,0.5910035870203767,0.0
libero_goal/3,3310830,1,learned_wam,4,-0.04143955102121836,0.7186490403732997,0.0
libero_goal/3,3310830,1,learned_wam,8,-0.040884141276357595,0.7692510934987382,0.0
libero_goal/3,3310830,1,learned_physics_score,1,-0.0446107222448606,0.42973121670631487,0.0
libero_goal/3,3310830,1,learned_physics_score,2,-0.042840591577885875,0.5910035870203767,0.0
libero_goal/3,3310830,1,learned_physics_score,4,-0.04143955102121836,0.7186490403732997,0.0
libero_goal/3,3310830,1,learned_physics_score,8,-0.040884141276357595,0.7692510934987382,0.0
libero_goal/3,3310830,1,learned_energy_regularized,1,-0.04461072224486061,0.429731216706315,0.0
libero_goal/3,3310830,1,learned_energy_regularized,2,-0.04291661164282906,0.5840775807692279,0.0
libero_goal/3,3310830,1,learned_energy_regularized,4,-0.04140338837854515,0.7219437322339267,0.0
libero_goal/3,3310830,1,learned_energy_regularized,8,-0.039895988732892185,0.8592793077372356,0.0
libero_goal/3,3310830,1,predicted_progress,1,-0.0446107222448606,0.42973121670631487,0.0
libero_goal/3,3310830,1,predicted_progress,2,-0.04261967186688282,0.6111310533748526,0.0
libero_goal/3,3310830,1,predicted_progress,4,-0.04111594698554508,0.7481318298926856,0.0
libero_goal/3,3310830,1,predicted_progress,8,-0.04079357475886442,0.777502392241659,0.0
libero_goal/3,3310830,1,predicted_success,1,-0.04461072224486061,0.4297312167063149,0.0
libero_goal/3,3310830,1,predicted_success,2,-0.04461072224486061,0.4297312167063149,0.0
libero_goal/3,3310830,1,predicted_success,4,-0.04461072224486061,0.4297312167063149,0.0
libero_goal/3,3310830,1,predicted_success,8,-0.04461072224486061,0.4297312167063149,0.0
libero_goal/3,3310830,1,low_energy,1,-0.04461072224486061,0.429731216706315,0.0
libero_goal/3,3310830,1,low_energy,2,-0.043119508349614276,0.5655921472118898,0.0
libero_goal/3,3310830,1,low_energy,4,-0.04171090369976649,0.6939267469985859,0.0
libero_goal/3,3310830,1,low_energy,8,-0.039998973455467254,0.8498966160378691,0.0
libero_goal/3,3310830,1,distance_progress,1,-0.04461072224486061,0.4297312167063149,0.0
libero_goal/3,3310830,1,distance_progress,2,-0.04300635697207208,0.5759010985232178,0.0
libero_goal/3,3310830,1,distance_progress,4,-0.04129089836477787,0.7321924282739297,0.0
libero_goal/3,3310830,1,distance_progress,8,-0.03983601738708511,0.864743153581882,0.0
libero_goal/3,3310830,1,benchmark_reward,1,-0.04461072224486061,0.4297312167063149,0.0
libero_goal/3,3310830,1,benchmark_reward,2,-0.04461072224486061,0.4297312167063149,0.0
libero_goal/3,3310830,1,benchmark_reward,4,-0.04461072224486061,0.4297312167063149,0.0
libero_goal/3,3310830,1,benchmark_reward,8,-0.04461072224486061,0.4297312167063149,0.0
libero_goal/3,3310830,1,oracle_real_utility,1,-0.04461072224486061,0.4297312167063149,0.0
libero_goal/3,3310830,1,oracle_real_utility,2,-0.04241854774958281,0.6294549905448303,0.0
libero_goal/3,3310830,1,oracle_real_utility,4,-0.04055745245971459,0.7990149300324316,0.0
libero_goal/3,3310830,1,oracle_real_utility,8,-0.039372997990723524,0.9069277430846657,0.0
libero_goal/4,3400826,0,random,1,-0.038798803297454366,0.44416520198756126,0.0
libero_goal/4,3400826,0,random,2,-0.041923426317843744,0.3193085249939202,0.0
libero_goal/4,3400826,0,random,4,-0.04434103621871739,0.22270335485970244,0.0
libero_goal/4,3400826,0,random,8,-0.046408984861997224,0.14007028389127135,0.0
libero_goal/4,3400826,0,learned_wam,1,-0.038798803297454366,0.44416520198756126,0.0
libero_goal/4,3400826,0,learned_wam,2,-0.03399231770172591,0.6362273533525189,0.0
libero_goal/4,3400826,0,learned_wam,4,-0.02998455455632007,0.796373388649474,0.0
libero_goal/4,3400826,0,learned_wam,8,-0.027309509905396254,0.9032653828979006,0.0
libero_goal/4,3400826,0,learned_physics_score,1,-0.038798803297454366,0.44416520198756126,0.0
libero_goal/4,3400826,0,learned_physics_score,2,-0.03399231770172591,0.6362273533525189,0.0
libero_goal/4,3400826,0,learned_physics_score,4,-0.02998455455632007,0.796373388649474,0.0
libero_goal/4,3400826,0,learned_physics_score,8,-0.027309509905396254,0.9032653828979006,0.0
libero_goal/4,3400826,0,learned_energy_regularized,1,-0.038798803297454366,0.44416520198756126,0.0
libero_goal/4,3400826,0,learned_energy_regularized,2,-0.033920828242229195,0.6390839975923476,0.0
libero_goal/4,3400826,0,learned_energy_regularized,4,-0.029724896861429026,0.8067490393210499,0.0
libero_goal/4,3400826,0,learned_energy_regularized,8,-0.02690017616733164,0.9196219321464445,0.0
libero_goal/4,3400826,0,predicted_progress,1,-0.03879880329745436,0.4441652019875612,0.0
libero_goal/4,3400826,0,predicted_progress,2,-0.03558076537346465,0.5727546410997398,0.0
libero_goal/4,3400826,0,predicted_progress,4,-0.03378731739736853,0.6444189517046164,0.0
libero_goal/4,3400826,0,predicted_progress,8,-0.03337337205468954,0.6609597758637664,0.0
libero_goal/4,3400826,0,predicted_success,1,-0.03879880329745436,0.4441652019875612,0.0
libero_goal/4,3400826,0,predicted_success,2,-0.03879880329745436,0.4441652019875612,0.0
libero_goal/4,3400826,0,predicted_success,4,-0.03879880329745436,0.4441652019875612,0.0
libero_goal/4,3400826,0,predicted_success,8,-0.03879880329745436,0.4441652019875612,0.0
libero_goal/4,3400826,0,low_energy,1,-0.038798803297454366,0.44416520198756126,0.0
libero_goal/4,3400826,0,low_energy,2,-0.033920828242229195,0.6390839975923476,0.0
libero_goal/4,3400826,0,low_energy,4,-0.029724896861429026,0.8067490393210499,0.0
libero_goal/4,3400826,0,low_energy,8,-0.02690017616733164,0.9196219321464445,0.0
libero_goal/4,3400826,0,distance_progress,1,-0.038798803297454366,0.44416520198756126,0.0
libero_goal/4,3400826,0,distance_progress,2,-0.03492539926639263,0.5989423872084124,0.0
libero_goal/4,3400826,0,distance_progress,4,-0.03152425630888547,0.7348485124861265,0.0
libero_goal/4,3400826,0,distance_progress,8,-0.028920278058241305,0.8389007674997984,0.0
libero_goal/4,3400826,0,benchmark_reward,1,-0.03879880329745436,0.4441652019875612,0.0
libero_goal/4,3400826,0,benchmark_reward,2,-0.03879880329745436,0.4441652019875612,0.0
libero_goal/4,3400826,0,benchmark_reward,4,-0.03879880329745436,0.4441652019875612,0.0
libero_goal/4,3400826,0,benchmark_reward,8,-0.03879880329745436,0.4441652019875612,0.0
libero_goal/4,3400826,0,oracle_real_utility,1,-0.038798803297454366,0.44416520198756126,0.0
libero_goal/4,3400826,0,oracle_real_utility,2,-0.0338543702697627,0.6417395888581595,0.0
libero_goal/4,3400826,0,oracle_real_utility,4,-0.029631570245317353,0.8104782735636219,0.0
libero_goal/4,3400826,0,oracle_real_utility,8,-0.026869111906646766,0.9208632276041905,0.0
libero_goal/4,3410833,1,random,1,-0.036978494509087925,0.5429287645318314,0.0
libero_goal/4,3410833,1,random,2,-0.03720090333286879,0.5257167655178647,0.0
libero_goal/4,3410833,1,random,4,-0.038602631592957404,0.417238401124081,0.0
libero_goal/4,3410833,1,random,8,-0.04089519265931461,0.23981936647069096,0.0
libero_goal/4,3410833,1,learned_wam,1,-0.03697849450908792,0.5429287645318314,0.0
libero_goal/4,3410833,1,learned_wam,2,-0.0349904808146269,0.6967791791292668,0.0
libero_goal/4,3410833,1,learned_wam,4,-0.03337232931479198,0.8220063241055279,0.0
libero_goal/4,3410833,1,learned_wam,8,-0.032036241500452575,0.9254048392905196,0.0
libero_goal/4,3410833,1,learned_physics_score,1,-0.03697849450908792,0.5429287645318314,0.0
libero_goal/4,3410833,1,learned_physics_score,2,-0.0349904808146269,0.6967791791292668,0.0
libero_goal/4,3410833,1,learned_physics_score,4,-0.03337232931479198,0.8220063241055279,0.0
libero_goal/4,3410833,1,learned_physics_score,8,-0.032036241500452575,0.9254048392905196,0.0
libero_goal/4,3410833,1,learned_energy_regularized,1,-0.03697849450908792,0.5429287645318315,0.0
libero_goal/4,3410833,1,learned_energy_regularized,2,-0.035111932261266326,0.6873801717325891,0.0
libero_goal/4,3410833,1,learned_energy_regularized,4,-0.03358267690765771,0.8057277318291611,0.0
libero_goal/4,3410833,1,learned_energy_regularized,8,-0.03256526737528761,0.8844640497965077,0.0
libero_goal/4,3410833,1,predicted_progress,1,-0.03697849450908791,0.5429287645318314,0.0
libero_goal/4,3410833,1,predicted_progress,2,-0.03744631846776322,0.5067243308293147,0.0
libero_goal/4,3410833,1,predicted_progress,4,-0.03821696797935628,0.4470845269395091,0.0
libero_goal/4,3410833,1,predicted_progress,8,-0.04009085736537832,0.3020660797565358,0.0
libero_goal/4,3410833,1,predicted_success,1,-0.03697849450908791,0.5429287645318315,0.0
libero_goal/4,3410833,1,predicted_success,2,-0.03697849450908791,0.5429287645318315,0.0
libero_goal/4,3410833,1,predicted_success,4,-0.03697849450908791,0.5429287645318315,0.0
libero_goal/4,3410833,1,predicted_success,8,-0.03697849450908791,0.5429287645318315,0.0
libero_goal/4,3410833,1,low_energy,1,-0.03697849450908792,0.5429287645318314,0.0
libero_goal/4,3410833,1,low_energy,2,-0.035034786368207727,0.6933504161351421,0.0
libero_goal/4,3410833,1,low_energy,4,-0.03340066081622258,0.8198137772164347,0.0
libero_goal/4,3410833,1,low_energy,8,-0.03242343486984982,0.8954403271862434,0.0
libero_goal/4,3410833,1,distance_progress,1,-0.03697849450908791,0.5429287645318314,0.0
libero_goal/4,3410833,1,distance_progress,2,-0.03725721008416258,0.5213592416963135,0.0
libero_goal/4,3410833,1,distance_progress,4,-0.03711805048879011,0.532128665218353,0.0
libero_goal/4,3410833,1,distance_progress,8,-0.03650896306187574,0.5792653390843081,0.0
libero_goal/4,3410833,1,benchmark_reward,1,-0.03697849450908791,0.5429287645318315,0.0
libero_goal/4,3410833,1,benchmark_reward,2,-0.03697849450908791,0.5429287645318315,0.0
libero_goal/4,3410833,1,benchmark_reward,4,-0.03697849450908791,0.5429287645318315,0.0
libero_goal/4,3410833,1,benchmark_reward,8,-0.03697849450908791,0.5429287645318315,0.0
libero_goal/4,3410833,1,oracle_real_utility,1,-0.03697849450908792,0.5429287645318314,0.0
libero_goal/4,3410833,1,oracle_real_utility,2,-0.03469220507121133,0.7198624440568173,0.0
libero_goal/4,3410833,1,oracle_real_utility,4,-0.03299978131406646,0.8508374456057282,0.0
libero_goal/4,3410833,1,oracle_real_utility,8,-0.03184746942508163,0.9400137235960732,0.0
libero_goal/5,3500829,0,random,1,-0.03907799486301831,0.5874294031835977,0.0
libero_goal/5,3500829,0,random,2,-0.038612299747485035,0.6084940489759594,0.0
libero_goal/5,3500829,0,random,4,-0.03965594273055438,0.5612872627358553,0.0
libero_goal/5,3500829,0,random,8,-0.04100074806147006,0.5004580914378478,0.0
libero_goal/5,3500829,0,learned_wam,1,-0.0390779948630183,0.5874294031835977,0.0
libero_goal/5,3500829,0,learned_wam,2,-0.03588327119544883,0.7319353690337334,0.0
libero_goal/5,3500829,0,learned_wam,4,-0.03352889750369445,0.8384300395283355,0.0
libero_goal/5,3500829,0,learned_wam,8,-0.03157351190409026,0.926877402769371,0.0
libero_goal/5,3500829,0,learned_physics_score,1,-0.0390779948630183,0.5874294031835977,0.0
libero_goal/5,3500829,0,learned_physics_score,2,-0.03588327119544883,0.7319353690337334,0.0
libero_goal/5,3500829,0,learned_physics_score,4,-0.03352889750369445,0.8384300395283355,0.0
libero_goal/5,3500829,0,learned_physics_score,8,-0.03157351190409026,0.926877402769371,0.0
libero_goal/5,3500829,0,learned_energy_regularized,1,-0.0390779948630183,0.5874294031835976,0.0
libero_goal/5,3500829,0,learned_energy_regularized,2,-0.03567351076511522,0.7414233989031713,0.0
libero_goal/5,3500829,0,learned_energy_regularized,4,-0.033391708493985824,0.8446354683587579,0.0
libero_goal/5,3500829,0,learned_energy_regularized,8,-0.03186955610324087,0.9134865253777327,0.0
libero_goal/5,3500829,0,predicted_progress,1,-0.0390779948630183,0.5874294031835976,0.0
libero_goal/5,3500829,0,predicted_progress,2,-0.03788993854975763,0.6411683937494699,0.0
libero_goal/5,3500829,0,predicted_progress,4,-0.038508261237026734,0.61319999133711,0.0
libero_goal/5,3500829,0,predicted_progress,8,-0.03993484089910565,0.5486719465413887,0.0
libero_goal/5,3500829,0,predicted_success,1,-0.0390779948630183,0.5874294031835977,0.0
libero_goal/5,3500829,0,predicted_success,2,-0.0390779948630183,0.5874294031835977,0.0
libero_goal/5,3500829,0,predicted_success,4,-0.0390779948630183,0.5874294031835977,0.0
libero_goal/5,3500829,0,predicted_success,8,-0.0390779948630183,0.5874294031835977,0.0
libero_goal/5,3500829,0,low_energy,1,-0.0390779948630183,0.5874294031835976,0.0
libero_goal/5,3500829,0,low_energy,2,-0.03567351076511522,0.7414233989031713,0.0
libero_goal/5,3500829,0,low_energy,4,-0.033391708493985824,0.8446354683587579,0.0
libero_goal/5,3500829,0,low_energy,8,-0.03186955610324087,0.9134865253777327,0.0
libero_goal/5,3500829,0,distance_progress,1,-0.03907799486301831,0.5874294031835976,0.0
libero_goal/5,3500829,0,distance_progress,2,-0.037336460721817684,0.6662036883243984,0.0
libero_goal/5,3500829,0,distance_progress,4,-0.03764786346866401,0.652118102407151,0.0
libero_goal/5,3500829,0,distance_progress,8,-0.03941310264326355,0.5722715746866258,0.0
libero_goal/5,3500829,0,benchmark_reward,1,-0.0390779948630183,0.5874294031835977,0.0
libero_goal/5,3500829,0,benchmark_reward,2,-0.0390779948630183,0.5874294031835977,0.0
libero_goal/5,3500829,0,benchmark_reward,4,-0.0390779948630183,0.5874294031835977,0.0
libero_goal/5,3500829,0,benchmark_reward,8,-0.0390779948630183,0.5874294031835977,0.0
libero_goal/5,3500829,0,oracle_real_utility,1,-0.0390779948630183,0.5874294031835977,0.0
libero_goal/5,3500829,0,oracle_real_utility,2,-0.03553796189579567,0.7475546397612638,0.0
libero_goal/5,3500829,0,oracle_real_utility,4,-0.033037565158451625,0.8606543263495939,0.0
libero_goal/5,3500829,0,oracle_real_utility,8,-0.0313872710132279,0.9353015804496054,0.0
libero_goal/5,3510836,1,random,1,-0.037517730982290096,0.6835972159001598,0.0
libero_goal/5,3510836,1,random,2,-0.038859418651197505,0.6111007962963049,0.0
libero_goal/5,3510836,1,random,4,-0.04004819824307777,0.5468665739011385,0.0
libero_goal/5,3510836,1,random,8,-0.04067846297021141,0.5128110055459507,0.0
libero_goal/5,3510836,1,learned_wam,1,-0.037517730982290096,0.6835972159001598,0.0
libero_goal/5,3510836,1,learned_wam,2,-0.034653164283677526,0.8383805042752858,0.0
libero_goal/5,3510836,1,learned_wam,4,-0.03330572046819095,0.9111879500794812,0.0
libero_goal/5,3510836,1,learned_wam,8,-0.03271655812104801,0.9430226026018886,0.0
libero_goal/5,3510836,1,learned_physics_score,1,-0.037517730982290096,0.6835972159001598,0.0
libero_goal/5,3510836,1,learned_physics_score,2,-0.034653164283677526,0.8383805042752858,0.0
libero_goal/5,3510836,1,learned_physics_score,4,-0.03330572046819095,0.9111879500794812,0.0
libero_goal/5,3510836,1,learned_physics_score,8,-0.03271655812104801,0.9430226026018886,0.0
libero_goal/5,3510836,1,learned_energy_regularized,1,-0.037517730982290096,0.6835972159001598,0.0
libero_goal/5,3510836,1,learned_energy_regularized,2,-0.034714911570753314,0.8350440666400711,0.0
libero_goal/5,3510836,1,learned_energy_regularized,4,-0.033382082102852526,0.9070618444020174,0.0
libero_goal/5,3510836,1,learned_energy_regularized,8,-0.032595149251586575,0.9495827794210387,0.0
libero_goal/5,3510836,1,predicted_progress,1,-0.037517730982290096,0.6835972159001598,0.0
libero_goal/5,3510836,1,predicted_progress,2,-0.036396687994726694,0.7441713753739051,0.0
libero_goal/5,3510836,1,predicted_progress,4,-0.03517729348733568,0.8100598365404625,0.0
libero_goal/5,3510836,1,predicted_progress,8,-0.03448768628162918,0.8473219017031042,0.0
libero_goal/5,3510836,1,predicted_success,1,-0.037517730982290096,0.6835972159001598,0.0
libero_goal/5,3510836,1,predicted_success,2,-0.037517730982290096,0.6835972159001598,0.0
libero_goal/5,3510836,1,predicted_success,4,-0.037517730982290096,0.6835972159001598,0.0
libero_goal/5,3510836,1,predicted_success,8,-0.037517730982290096,0.6835972159001598,0.0
libero_goal/5,3510836,1,low_energy,1,-0.037517730982290096,0.6835972159001598,0.0
libero_goal/5,3510836,1,low_energy,2,-0.03473550152651864,0.8339315140636553,0.0
libero_goal/5,3510836,1,low_energy,4,-0.03341328875455936,0.9053756319033871,0.0
libero_goal/5,3510836,1,low_energy,8,-0.03260560014019844,0.9490180786910576,0.0
libero_goal/5,3510836,1,distance_progress,1,-0.037517730982290096,0.6835972159001598,0.0
libero_goal/5,3510836,1,distance_progress,2,-0.03682033704576809,0.721280027349456,0.0
libero_goal/5,3510836,1,distance_progress,4,-0.035794118415366595,0.7767304709653418,0.0
libero_goal/5,3510836,1,distance_progress,8,-0.03582801771291988,0.7748987647071333,0.0
libero_goal/5,3510836,1,benchmark_reward,1,-0.037517730982290096,0.6835972159001598,0.0
libero_goal/5,3510836,1,benchmark_reward,2,-0.037517730982290096,0.6835972159001598,0.0
libero_goal/5,3510836,1,benchmark_reward,4,-0.037517730982290096,0.6835972159001598,0.0
libero_goal/5,3510836,1,benchmark_reward,8,-0.037517730982290096,0.6835972159001598,0.0
libero_goal/5,3510836,1,oracle_real_utility,1,-0.0375177309822901,0.6835972159001598,0.0
libero_goal/5,3510836,1,oracle_real_utility,2,-0.034422283977333004,0.8508558336346506,0.0
libero_goal/5,3510836,1,oracle_real_utility,4,-0.0327951371032389,0.9387766853165391,0.0
libero_goal/5,3510836,1,oracle_real_utility,8,-0.03204960576520695,0.979060541211109,0.0
libero_goal/6,3600832,0,random,1,-0.034568955913061215,0.4797757771236294,0.0
libero_goal/6,3600832,0,random,2,-0.03467641800386523,0.47634887401809145,0.0
libero_goal/6,3600832,0,random,4,-0.037815159586211254,0.3762562441841951,0.0
libero_goal/6,3600832,0,random,8,-0.04280599782590104,0.2171013372317267,0.0
libero_goal/6,3600832,0,learned_wam,1,-0.034568955913061215,0.4797757771236294,0.0
libero_goal/6,3600832,0,learned_wam,2,-0.029320880885887277,0.6471338144943932,0.0
libero_goal/6,3600832,0,learned_wam,4,-0.025227968475864476,0.7776543929017333,0.0
libero_goal/6,3600832,0,learned_wam,8,-0.022017591803927893,0.880031423766232,0.0
libero_goal/6,3600832,0,learned_physics_score,1,-0.034568955913061215,0.4797757771236294,0.0
libero_goal/6,3600832,0,learned_physics_score,2,-0.029320880885887277,0.6471338144943932,0.0
libero_goal/6,3600832,0,learned_physics_score,4,-0.025227968475864476,0.7776543929017333,0.0
libero_goal/6,3600832,0,learned_physics_score,8,-0.022017591803927893,0.880031423766232,0.0
libero_goal/6,3600832,0,learned_energy_regularized,1,-0.034568955913061215,0.4797757771236294,0.0
libero_goal/6,3600832,0,learned_energy_regularized,2,-0.029320880885887277,0.6471338144943932,0.0
libero_goal/6,3600832,0,learned_energy_regularized,4,-0.025227968475864476,0.7776543929017333,0.0
libero_goal/6,3600832,0,learned_energy_regularized,8,-0.022017591803927893,0.880031423766232,0.0
libero_goal/6,3600832,0,predicted_progress,1,-0.034568955913061215,0.4797757771236294,0.0
libero_goal/6,3600832,0,predicted_progress,2,-0.030915539230839204,0.5962810943053342,0.0
libero_goal/6,3600832,0,predicted_progress,4,-0.028483591128931195,0.6738344942120519,0.0
libero_goal/6,3600832,0,predicted_progress,8,-0.027433471403125756,0.7073221969230707,0.0
libero_goal/6,3600832,0,predicted_success,1,-0.034568955913061215,0.4797757771236294,0.0
libero_goal/6,3600832,0,predicted_success,2,-0.034568955913061215,0.4797757771236294,0.0
libero_goal/6,3600832,0,predicted_success,4,-0.034568955913061215,0.4797757771236294,0.0
libero_goal/6,3600832,0,predicted_success,8,-0.034568955913061215,0.4797757771236294,0.0
libero_goal/6,3600832,0,low_energy,1,-0.034568955913061215,0.4797757771236294,0.0
libero_goal/6,3600832,0,low_energy,2,-0.029320880885887277,0.6471338144943932,0.0
libero_goal/6,3600832,0,low_energy,4,-0.025227968475864476,0.7776543929017333,0.0
libero_goal/6,3600832,0,low_energy,8,-0.022017591803927893,0.880031423766232,0.0
libero_goal/6,3600832,0,distance_progress,1,-0.034568955913061215,0.4797757771236294,0.0
libero_goal/6,3600832,0,distance_progress,2,-0.03536123228336473,0.45451054792955864,0.0
libero_goal/6,3600832,0,distance_progress,4,-0.03360060864237519,0.5106558041575832,0.0
libero_goal/6,3600832,0,distance_progress,8,-0.030563348603518954,0.6075122470353352,0.0
libero_goal/6,3600832,0,benchmark_reward,1,-0.034568955913061215,0.4797757771236294,0.0
libero_goal/6,3600832,0,benchmark_reward,2,-0.034568955913061215,0.4797757771236294,0.0
libero_goal/6,3600832,0,benchmark_reward,4,-0.034568955913061215,0.4797757771236294,0.0
libero_goal/6,3600832,0,benchmark_reward,8,-0.034568955913061215,0.4797757771236294,0.0
libero_goal/6,3600832,0,oracle_real_utility,1,-0.034568955913061215,0.4797757771236294,0.0
libero_goal/6,3600832,0,oracle_real_utility,2,-0.029252160682807397,0.6493252615022236,0.0
libero_goal/6,3600832,0,oracle_real_utility,4,-0.024994964037296757,0.7850847679126578,0.0
libero_goal/6,3600832,0,oracle_real_utility,8,-0.021651085190137878,0.8917191049159301,0.0
libero_goal/6,3610839,1,random,1,-0.032183046244556694,0.5857389821887657,0.0
libero_goal/6,3610839,1,random,2,-0.031294052247194136,0.6625621517294902,0.0
libero_goal/6,3610839,1,random,4,-0.031085299298720115,0.6806017146515393,0.0
libero_goal/6,3610839,1,random,8,-0.030586571119456327,0.7236997328428736,0.0
libero_goal/6,3610839,1,learned_wam,1,-0.032183046244556694,0.5857389821887657,0.0
libero_goal/6,3610839,1,learned_wam,2,-0.03003281439637766,0.7715530892745246,0.0
libero_goal/6,3610839,1,learned_wam,4,-0.02851475363074414,0.9027375966135807,0.0
libero_goal/6,3610839,1,learned_wam,8,-0.027735143658801396,0.9701082529148418,0.0
libero_goal/6,3610839,1,learned_physics_score,1,-0.032183046244556694,0.5857389821887657,0.0
libero_goal/6,3610839,1,learned_physics_score,2,-0.03003281439637766,0.7715530892745246,0.0
libero_goal/6,3610839,1,learned_physics_score,4,-0.02851475363074414,0.9027375966135807,0.0
libero_goal/6,3610839,1,learned_physics_score,8,-0.027735143658801396,0.9701082529148418,0.0
libero_goal/6,3610839,1,learned_energy_regularized,1,-0.032183046244556694,0.5857389821887656,0.0
libero_goal/6,3610839,1,learned_energy_regularized,2,-0.030017399454858866,0.7728851845071943,0.0
libero_goal/6,3610839,1,learned_energy_regularized,4,-0.028716448766795022,0.8853079405322736,0.0
libero_goal/6,3610839,1,learned_energy_regularized,8,-0.02813540485381637,0.9355193425999977,0.0
libero_goal/6,3610839,1,predicted_progress,1,-0.032183046244556694,0.5857389821887656,0.0
libero_goal/6,3610839,1,predicted_progress,2,-0.03030593107846777,0.7479514797756338,0.0
libero_goal/6,3610839,1,predicted_progress,4,-0.02854058978799774,0.9005049431931277,0.0
libero_goal/6,3610839,1,predicted_progress,8,-0.02782364065502252,0.9624607100014926,0.0
libero_goal/6,3610839,1,predicted_success,1,-0.0321830462445567,0.5857389821887656,0.0
libero_goal/6,3610839,1,predicted_success,2,-0.0321830462445567,0.5857389821887656,0.0
libero_goal/6,3610839,1,predicted_success,4,-0.0321830462445567,0.5857389821887656,0.0
libero_goal/6,3610839,1,predicted_success,8,-0.0321830462445567,0.5857389821887656,0.0
libero_goal/6,3610839,1,low_energy,1,-0.032183046244556694,0.5857389821887656,0.0
libero_goal/6,3610839,1,low_energy,2,-0.030431380524701204,0.7371106595840771,0.0
libero_goal/6,3610839,1,low_energy,4,-0.02945112769307584,0.8218200386126717,0.0
libero_goal/6,3610839,1,low_energy,8,-0.02882805187828296,0.8756636630899661,0.0
libero_goal/6,3610839,1,distance_progress,1,-0.032183046244556694,0.5857389821887656,0.0
libero_goal/6,3610839,1,distance_progress,2,-0.03001875997550409,0.7727676139628464,0.0
libero_goal/6,3610839,1,distance_progress,4,-0.028711112907273212,0.8857690433540086,0.0
libero_goal/6,3610839,1,distance_progress,8,-0.028173539348120932,0.9322239179627103,0.0
libero_goal/6,3610839,1,benchmark_reward,1,-0.0321830462445567,0.5857389821887656,0.0
libero_goal/6,3610839,1,benchmark_reward,2,-0.0321830462445567,0.5857389821887656,0.0
libero_goal/6,3610839,1,benchmark_reward,4,-0.0321830462445567,0.5857389821887656,0.0
libero_goal/6,3610839,1,benchmark_reward,8,-0.0321830462445567,0.5857389821887656,0.0
libero_goal/6,3610839,1,oracle_real_utility,1,-0.032183046244556694,0.5857389821887656,0.0
libero_goal/6,3610839,1,oracle_real_utility,2,-0.029882956267485158,0.7845032064599272,0.0
libero_goal/6,3610839,1,oracle_real_utility,4,-0.0283299246030956,0.9187097536463806,0.0
libero_goal/6,3610839,1,oracle_real_utility,8,-0.02765330408947393,0.9771804886422332,0.0
libero_goal/7,3700835,0,random,1,-0.02099584354707221,0.4801273425687379,0.0
libero_goal/7,3700835,0,random,2,-0.022106910892099044,0.37803544369618,0.0
libero_goal/7,3700835,0,random,4,-0.021992113643472255,0.3885837413759853,0.0
libero_goal/7,3700835,0,random,8,-0.021177671742767322,0.46341981727769727,0.0
libero_goal/7,3700835,0,learned_wam,1,-0.020995843547072204,0.48012734256873796,0.0
libero_goal/7,3700835,0,learned_wam,2,-0.019312545555737498,0.6347994144939297,0.0
libero_goal/7,3700835,0,learned_wam,4,-0.01795205593850733,0.7598098101653754,0.0
libero_goal/7,3700835,0,learned_wam,8,-0.016989269802902322,0.848276693142404,0.0
libero_goal/7,3700835,0,learned_physics_score,1,-0.020995843547072204,0.48012734256873796,0.0
libero_goal/7,3700835,0,learned_physics_score,2,-0.019312545555737498,0.6347994144939297,0.0
libero_goal/7,3700835,0,learned_physics_score,4,-0.01795205593850733,0.7598098101653754,0.0
libero_goal/7,3700835,0,learned_physics_score,8,-0.016989269802902322,0.848276693142404,0.0
libero_goal/7,3700835,0,learned_energy_regularized,1,-0.020995843547072207,0.4801273425687379,0.0
libero_goal/7,3700835,0,learned_energy_regularized,2,-0.020313675192640584,0.5428092879669356,0.0
libero_goal/7,3700835,0,learned_energy_regularized,4,-0.020086480165333202,0.5636854048432287,0.0
libero_goal/7,3700835,0,learned_energy_regularized,8,-0.020073549063729733,0.5648735962909581,0.0
libero_goal/7,3700835,0,predicted_progress,1,-0.020995843547072207,0.48012734256873796,0.0
libero_goal/7,3700835,0,predicted_progress,2,-0.01935011149513126,0.6313476182524085,0.0
libero_goal/7,3700835,0,predicted_progress,4,-0.018093661799884614,0.7467981674920483,0.0
libero_goal/7,3700835,0,predicted_progress,8,-0.01757368431219263,0.7945769896553212,0.0
libero_goal/7,3700835,0,predicted_success,1,-0.020995843547072207,0.480127342568738,0.0
libero_goal/7,3700835,0,predicted_success,2,-0.020995843547072207,0.480127342568738,0.0
libero_goal/7,3700835,0,predicted_success,4,-0.020995843547072207,0.480127342568738,0.0
libero_goal/7,3700835,0,predicted_success,8,-0.020995843547072207,0.480127342568738,0.0
libero_goal/7,3700835,0,low_energy,1,-0.020995843547072207,0.4801273425687379,0.0
libero_goal/7,3700835,0,low_energy,2,-0.020313675192640584,0.5428092879669356,0.0
libero_goal/7,3700835,0,low_energy,4,-0.020086480165333202,0.5636854048432287,0.0
libero_goal/7,3700835,0,low_energy,8,-0.020073549063729733,0.5648735962909581,0.0
libero_goal/7,3700835,0,distance_progress,1,-0.020995843547072207,0.48012734256873796,0.0
libero_goal/7,3700835,0,distance_progress,2,-0.01970387623123622,0.5988414755556918,0.0
libero_goal/7,3700835,0,distance_progress,4,-0.018946812782128834,0.6684052562142925,0.0
libero_goal/7,3700835,0,distance_progress,8,-0.018471045312526923,0.7121217821394408,0.0
libero_goal/7,3700835,0,benchmark_reward,1,-0.020995843547072207,0.480127342568738,0.0
libero_goal/7,3700835,0,benchmark_reward,2,-0.020995843547072207,0.480127342568738,0.0
libero_goal/7,3700835,0,benchmark_reward,4,-0.020995843547072207,0.480127342568738,0.0
libero_goal/7,3700835,0,benchmark_reward,8,-0.020995843547072207,0.480127342568738,0.0
libero_goal/7,3700835,0,oracle_real_utility,1,-0.020995843547072207,0.48012734256873796,0.0
libero_goal/7,3700835,0,oracle_real_utility,2,-0.018918656669022878,0.6709924180679139,0.0
libero_goal/7,3700835,0,oracle_real_utility,4,-0.017270371357047048,0.8224473034414862,0.0
libero_goal/7,3700835,0,oracle_real_utility,8,-0.0161645669116,0.9240556137952373,0.0
libero_goal/7,3710842,1,random,1,-0.02691979484398907,0.5733150106831171,0.0
libero_goal/7,3710842,1,random,2,-0.026791316413054943,0.5815295062942046,0.0
libero_goal/7,3710842,1,random,4,-0.025704774876252695,0.6509994602812887,0.0
libero_goal/7,3710842,1,random,8,-0.02459167864441656,0.7221672356398172,0.0
libero_goal/7,3710842,1,learned_wam,1,-0.02691979484398907,0.5733150106831171,0.0
libero_goal/7,3710842,1,learned_wam,2,-0.025120507015462912,0.6883556588530011,0.0
libero_goal/7,3710842,1,learned_wam,4,-0.02292152444861515,0.8289514967138383,0.0
libero_goal/7,3710842,1,learned_wam,8,-0.02116034014739754,0.9415559285043096,0.0
libero_goal/7,3710842,1,learned_physics_score,1,-0.02691979484398907,0.5733150106831171,0.0
libero_goal/7,3710842,1,learned_physics_score,2,-0.025120507015462912,0.6883556588530011,0.0
libero_goal/7,3710842,1,learned_physics_score,4,-0.02292152444861515,0.8289514967138383,0.0
libero_goal/7,3710842,1,learned_physics_score,8,-0.02116034014739754,0.9415559285043096,0.0
libero_goal/7,3710842,1,learned_energy_regularized,1,-0.02691979484398907,0.5733150106831171,0.0
libero_goal/7,3710842,1,learned_energy_regularized,2,-0.025412185025199294,0.6697067096604417,0.0
libero_goal/7,3710842,1,learned_energy_regularized,4,-0.023363598932121858,0.8006866830938653,0.0
libero_goal/7,3710842,1,learned_energy_regularized,8,-0.021308387788928504,0.9320902408184789,0.0
libero_goal/7,3710842,1,predicted_progress,1,-0.02691979484398907,0.5733150106831171,0.0
libero_goal/7,3710842,1,predicted_progress,2,-0.025806035415033568,0.6445251887218988,0.0
libero_goal/7,3710842,1,predicted_progress,4,-0.026361540036476536,0.6090080187066312,0.0
libero_goal/7,3710842,1,predicted_progress,8,-0.027883925249450613,0.5116716287816,0.0
libero_goal/7,3710842,1,predicted_success,1,-0.026919794843989063,0.5733150106831172,0.0
libero_goal/7,3710842,1,predicted_success,2,-0.026919794843989063,0.5733150106831172,0.0
libero_goal/7,3710842,1,predicted_success,4,-0.026919794843989063,0.5733150106831172,0.0
libero_goal/7,3710842,1,predicted_success,8,-0.026919794843989063,0.5733150106831172,0.0
libero_goal/7,3710842,1,low_energy,1,-0.02691979484398907,0.5733150106831171,0.0
libero_goal/7,3710842,1,low_energy,2,-0.025412185025199294,0.6697067096604417,0.0
libero_goal/7,3710842,1,low_energy,4,-0.023363598932121858,0.8006866830938653,0.0
libero_goal/7,3710842,1,low_energy,8,-0.021308387788928504,0.9320902408184789,0.0
libero_goal/7,3710842,1,distance_progress,1,-0.026919794843989066,0.5733150106831171,0.0
libero_goal/7,3710842,1,distance_progress,2,-0.025911391902743337,0.6377890354267572,0.0
libero_goal/7,3710842,1,distance_progress,4,-0.026169299975525705,0.6212992268531994,0.0
libero_goal/7,3710842,1,distance_progress,8,-0.027233886223878685,0.5532330230465573,0.0
libero_goal/7,3710842,1,benchmark_reward,1,-0.026919794843989063,0.5733150106831172,0.0
libero_goal/7,3710842,1,benchmark_reward,2,-0.026919794843989063,0.5733150106831172,0.0
libero_goal/7,3710842,1,benchmark_reward,4,-0.026919794843989063,0.5733150106831172,0.0
libero_goal/7,3710842,1,benchmark_reward,8,-0.026919794843989063,0.5733150106831172,0.0
libero_goal/7,3710842,1,oracle_real_utility,1,-0.026919794843989066,0.5733150106831171,0.0
libero_goal/7,3710842,1,oracle_real_utility,2,-0.024012564887383125,0.7591938974762364,0.0
libero_goal/7,3710842,1,oracle_real_utility,4,-0.021864952883353446,0.8965052675883624,0.0
libero_goal/7,3710842,1,oracle_real_utility,8,-0.02067406367545837,0.9726468743967572,0.0
libero_goal/8,3800838,0,random,1,-0.03975431059006132,0.5145305550949575,0.0
libero_goal/8,3800838,0,random,2,-0.03913596034205537,0.5390167966353046,0.0
libero_goal/8,3800838,0,random,4,-0.03987199011531771,0.5098705274017958,0.0
libero_goal/8,3800838,0,random,8,-0.04134588774550216,0.45150520209494166,0.0
libero_goal/8,3800838,0,learned_wam,1,-0.039754310590061334,0.5145305550949575,0.0
libero_goal/8,3800838,0,learned_wam,2,-0.035123548618315736,0.6979055218256637,0.0
libero_goal/8,3800838,0,learned_wam,4,-0.03154296996200137,0.8396939566414612,0.0
libero_goal/8,3800838,0,learned_wam,8,-0.029317744281417753,0.9278113523605757,0.0
libero_goal/8,3800838,0,learned_physics_score,1,-0.039754310590061334,0.5145305550949575,0.0
libero_goal/8,3800838,0,learned_physics_score,2,-0.035123548618315736,0.6979055218256637,0.0
libero_goal/8,3800838,0,learned_physics_score,4,-0.03154296996200137,0.8396939566414612,0.0
libero_goal/8,3800838,0,learned_physics_score,8,-0.029317744281417753,0.9278113523605757,0.0
libero_goal/8,3800838,0,learned_energy_regularized,1,-0.039754310590061334,0.5145305550949575,0.0
libero_goal/8,3800838,0,learned_energy_regularized,2,-0.035123548618315736,0.6979055218256637,0.0
libero_goal/8,3800838,0,learned_energy_regularized,4,-0.03154296996200137,0.8396939566414612,0.0
libero_goal/8,3800838,0,learned_energy_regularized,8,-0.029317744281417753,0.9278113523605757,0.0
libero_goal/8,3800838,0,predicted_progress,1,-0.03975431059006132,0.5145305550949576,0.0
libero_goal/8,3800838,0,predicted_progress,2,-0.03644583043654557,0.6455440776603285,0.0
libero_goal/8,3800838,0,predicted_progress,4,-0.034806412804938444,0.7104638803813411,0.0
libero_goal/8,3800838,0,predicted_progress,8,-0.03358547567118875,0.7588121452344443,0.0
libero_goal/8,3800838,0,predicted_success,1,-0.03975431059006132,0.5145305550949575,0.0
libero_goal/8,3800838,0,predicted_success,2,-0.03975431059006132,0.5145305550949575,0.0
libero_goal/8,3800838,0,predicted_success,4,-0.03975431059006132,0.5145305550949575,0.0
libero_goal/8,3800838,0,predicted_success,8,-0.03975431059006132,0.5145305550949575,0.0
libero_goal/8,3800838,0,low_energy,1,-0.03975431059006132,0.5145305550949575,0.0
libero_goal/8,3800838,0,low_energy,2,-0.035204775486910485,0.6946889940885261,0.0
libero_goal/8,3800838,0,low_energy,4,-0.031818379813330445,0.8287879172827289,0.0
libero_goal/8,3800838,0,low_energy,8,-0.029750952904547462,0.9106565909328532,0.0
libero_goal/8,3800838,0,distance_progress,1,-0.03975431059006132,0.5145305550949576,0.0
libero_goal/8,3800838,0,distance_progress,2,-0.037228661262027,0.6145445191742085,0.0
libero_goal/8,3800838,0,distance_progress,4,-0.035901566484588046,0.6670965531906812,0.0
libero_goal/8,3800838,0,distance_progress,8,-0.0339757013127424,0.7433594801063346,0.0
libero_goal/8,3800838,0,benchmark_reward,1,-0.03975431059006132,0.5145305550949575,0.0
libero_goal/8,3800838,0,benchmark_reward,2,-0.03975431059006132,0.5145305550949575,0.0
libero_goal/8,3800838,0,benchmark_reward,4,-0.03975431059006132,0.5145305550949575,0.0
libero_goal/8,3800838,0,benchmark_reward,8,-0.03975431059006132,0.5145305550949575,0.0
libero_goal/8,3800838,0,oracle_real_utility,1,-0.039754310590061334,0.5145305550949575,0.0
libero_goal/8,3800838,0,oracle_real_utility,2,-0.03504398890629307,0.7010560313172496,0.0
libero_goal/8,3800838,0,oracle_real_utility,4,-0.03153426811849889,0.8400385436171034,0.0
libero_goal/8,3800838,0,oracle_real_utility,8,-0.029317705737398333,0.9278128786770484,0.0
libero_goal/8,3810845,1,random,1,-0.042996658340464476,0.5670696944912723,0.0
libero_goal/8,3810845,1,random,2,-0.04198373940389019,0.6280117655868172,0.0
libero_goal/8,3810845,1,random,4,-0.043132586058011076,0.5588916297642017,0.0
libero_goal/8,3810845,1,random,8,-0.04404916748769165,0.5037456860607856,0.0
libero_goal/8,3810845,1,learned_wam,1,-0.042996658340464476,0.5670696944912723,0.0
libero_goal/8,3810845,1,learned_wam,2,-0.039535721322851165,0.7752962979921575,0.0
libero_goal/8,3810845,1,learned_wam,4,-0.03750140197720567,0.8976907263287999,0.0
libero_goal/8,3810845,1,learned_wam,8,-0.03716150073841065,0.9181408183471855,0.0
libero_goal/8,3810845,1,learned_physics_score,1,-0.042996658340464476,0.5670696944912723,0.0
libero_goal/8,3810845,1,learned_physics_score,2,-0.039535721322851165,0.7752962979921575,0.0
libero_goal/8,3810845,1,learned_physics_score,4,-0.03750140197720567,0.8976907263287999,0.0
libero_goal/8,3810845,1,learned_physics_score,8,-0.03716150073841065,0.9181408183471855,0.0
libero_goal/8,3810845,1,learned_energy_regularized,1,-0.042996658340464476,0.5670696944912723,0.0
libero_goal/8,3810845,1,learned_energy_regularized,2,-0.0396544234657042,0.7681546066210707,0.0
libero_goal/8,3810845,1,learned_energy_regularized,4,-0.037829237176971245,0.8779665852052219,0.0
libero_goal/8,3810845,1,learned_energy_regularized,8,-0.03754163071038147,0.8952703724102772,0.0
libero_goal/8,3810845,1,predicted_progress,1,-0.04299665834046447,0.5670696944912723,0.0
libero_goal/8,3810845,1,predicted_progress,2,-0.04077826520084957,0.7005388868923021,0.0
libero_goal/8,3810845,1,predicted_progress,4,-0.03839464976431083,0.8439486466992041,0.0
libero_goal/8,3810845,1,predicted_progress,8,-0.03661735794234443,0.9508790639921414,0.0
libero_goal/8,3810845,1,predicted_success,1,-0.04299665834046447,0.5670696944912723,0.0
libero_goal/8,3810845,1,predicted_success,2,-0.04299665834046447,0.5670696944912723,0.0
libero_goal/8,3810845,1,predicted_success,4,-0.04299665834046447,0.5670696944912723,0.0
libero_goal/8,3810845,1,predicted_success,8,-0.04299665834046447,0.5670696944912723,0.0
libero_goal/8,3810845,1,low_energy,1,-0.042996658340464476,0.5670696944912723,0.0
libero_goal/8,3810845,1,low_energy,2,-0.0396544234657042,0.7681546066210707,0.0
libero_goal/8,3810845,1,low_energy,4,-0.037829237176971245,0.8779665852052219,0.0
libero_goal/8,3810845,1,low_energy,8,-0.03754163071038147,0.8952703724102772,0.0
libero_goal/8,3810845,1,distance_progress,1,-0.04299665834046448,0.5670696944912723,0.0
libero_goal/8,3810845,1,distance_progress,2,-0.039719225714524825,0.7642557919063074,0.0
libero_goal/8,3810845,1,distance_progress,4,-0.03766770121501911,0.8876853649834615,0.0
libero_goal/8,3810845,1,distance_progress,8,-0.03656502197536264,0.954027847281202,0.0
libero_goal/8,3810845,1,benchmark_reward,1,-0.04299665834046447,0.5670696944912723,0.0
libero_goal/8,3810845,1,benchmark_reward,2,-0.04299665834046447,0.5670696944912723,0.0
libero_goal/8,3810845,1,benchmark_reward,4,-0.04299665834046447,0.5670696944912723,0.0
libero_goal/8,3810845,1,benchmark_reward,8,-0.04299665834046447,0.5670696944912723,0.0
libero_goal/8,3810845,1,oracle_real_utility,1,-0.042996658340464476,0.5670696944912723,0.0
libero_goal/8,3810845,1,oracle_real_utility,2,-0.03938038881923448,0.7846418479044457,0.0
libero_goal/8,3810845,1,oracle_real_utility,4,-0.037068345573969055,0.9237454807237397,0.0
libero_goal/8,3810845,1,oracle_real_utility,8,-0.03620420440073476,0.9757363665827181,0.0
libero_goal/9,3900841,0,random,1,-0.0429465906084023,0.5915257934508711,0.0
libero_goal/9,3900841,0,random,2,-0.042064772840668764,0.6236356379214352,0.0
libero_goal/9,3900841,0,random,4,-0.04051178383591583,0.6801850035973835,0.0
libero_goal/9,3900841,0,random,8,-0.039148450052608745,0.7298284076489611,0.0
libero_goal/9,3900841,0,learned_wam,1,-0.0429465906084023,0.5915257934508712,0.0
libero_goal/9,3900841,0,learned_wam,2,-0.03779507765791035,0.7791090852386323,0.0
libero_goal/9,3900841,0,learned_wam,4,-0.03461458283035121,0.8949212155780344,0.0
libero_goal/9,3900841,0,learned_wam,8,-0.03281891974089611,0.960307131618409,0.0
libero_goal/9,3900841,0,learned_physics_score,1,-0.0429465906084023,0.5915257934508712,0.0
libero_goal/9,3900841,0,learned_physics_score,2,-0.03779507765791035,0.7791090852386323,0.0
libero_goal/9,3900841,0,learned_physics_score,4,-0.03461458283035121,0.8949212155780344,0.0
libero_goal/9,3900841,0,learned_physics_score,8,-0.03281891974089611,0.960307131618409,0.0
libero_goal/9,3900841,0,learned_energy_regularized,1,-0.0429465906084023,0.5915257934508712,0.0
libero_goal/9,3900841,0,learned_energy_regularized,2,-0.03786591048872337,0.7765298321729319,0.0
libero_goal/9,3900841,0,learned_energy_regularized,4,-0.03464472823757271,0.8938235235459582,0.0
libero_goal/9,3900841,0,learned_energy_regularized,8,-0.03283725091494645,0.9596396341271392,0.0
libero_goal/9,3900841,0,predicted_progress,1,-0.0429465906084023,0.5915257934508712,0.0
libero_goal/9,3900841,0,predicted_progress,2,-0.04031943654367419,0.6871889922492425,0.0
libero_goal/9,3900841,0,predicted_progress,4,-0.03818581206167671,0.764881178528969,0.0
libero_goal/9,3900841,0,predicted_progress,8,-0.03563808207775025,0.857652288989958,0.0
libero_goal/9,3900841,0,predicted_success,1,-0.04294659060840231,0.5915257934508712,0.0
libero_goal/9,3900841,0,predicted_success,2,-0.04294659060840231,0.5915257934508712,0.0
libero_goal/9,3900841,0,predicted_success,4,-0.04294659060840231,0.5915257934508712,0.0
libero_goal/9,3900841,0,predicted_success,8,-0.04294659060840231,0.5915257934508712,0.0
libero_goal/9,3900841,0,low_energy,1,-0.0429465906084023,0.5915257934508712,0.0
libero_goal/9,3900841,0,low_energy,2,-0.03793252809844702,0.7741040689761604,0.0
libero_goal/9,3900841,0,low_energy,4,-0.03488950727999948,0.8849103248448493,0.0
libero_goal/9,3900841,0,low_energy,8,-0.03346165426528297,0.9369030833341829,0.0
libero_goal/9,3900841,0,distance_progress,1,-0.0429465906084023,0.5915257934508712,0.0
libero_goal/9,3900841,0,distance_progress,2,-0.03967049031970312,0.7108192286585495,0.0
libero_goal/9,3900841,0,distance_progress,4,-0.03930003982808135,0.7243085323506171,0.0
libero_goal/9,3900841,0,distance_progress,8,-0.03973214201162706,0.7085742906322803,0.0
libero_goal/9,3900841,0,benchmark_reward,1,-0.04294659060840231,0.5915257934508712,0.0
libero_goal/9,3900841,0,benchmark_reward,2,-0.04294659060840231,0.5915257934508712,0.0
libero_goal/9,3900841,0,benchmark_reward,4,-0.04294659060840231,0.5915257934508712,0.0
libero_goal/9,3900841,0,benchmark_reward,8,-0.04294659060840231,0.5915257934508712,0.0
libero_goal/9,3900841,0,oracle_real_utility,1,-0.0429465906084023,0.5915257934508712,0.0
libero_goal/9,3900841,0,oracle_real_utility,2,-0.03779507765791035,0.7791090852386323,0.0
libero_goal/9,3900841,0,oracle_real_utility,4,-0.03461458283035121,0.8949212155780344,0.0
libero_goal/9,3900841,0,oracle_real_utility,8,-0.03281891974089611,0.960307131618409,0.0
libero_goal/9,3910848,1,random,1,-0.04544396504290439,0.5706991951621682,0.0
libero_goal/9,3910848,1,random,2,-0.04660953126768291,0.5172120684214055,0.0
libero_goal/9,3910848,1,random,4,-0.04464001561680664,0.6075919464556645,0.0
libero_goal/9,3910848,1,random,8,-0.04064250959168375,0.7910350720947403,0.0
libero_goal/9,3910848,1,learned_wam,1,-0.045443965042904384,0.5706991951621683,0.0
libero_goal/9,3910848,1,learned_wam,2,-0.04133570000425996,0.7592249847185462,0.0
libero_goal/9,3910848,1,learned_wam,4,-0.03835183716960887,0.8961526394679452,0.0
libero_goal/9,3910848,1,learned_wam,8,-0.037003759388634413,0.958015110766895,0.0
libero_goal/9,3910848,1,learned_physics_score,1,-0.045443965042904384,0.5706991951621683,0.0
libero_goal/9,3910848,1,learned_physics_score,2,-0.04133570000425996,0.7592249847185462,0.0
libero_goal/9,3910848,1,learned_physics_score,4,-0.03835183716960887,0.8961526394679452,0.0
libero_goal/9,3910848,1,learned_physics_score,8,-0.037003759388634413,0.958015110766895,0.0
libero_goal/9,3910848,1,learned_energy_regularized,1,-0.045443965042904384,0.5706991951621683,0.0
libero_goal/9,3910848,1,learned_energy_regularized,2,-0.041204393377030545,0.7652505661597523,0.0
libero_goal/9,3910848,1,learned_energy_regularized,4,-0.03820522142984478,0.9028807467931574,0.0
libero_goal/9,3910848,1,learned_energy_regularized,8,-0.0367039607723892,0.971772687336051,0.0
libero_goal/9,3910848,1,predicted_progress,1,-0.045443965042904384,0.5706991951621683,0.0
libero_goal/9,3910848,1,predicted_progress,2,-0.04396207851272351,0.6387020687614563,0.0
libero_goal/9,3910848,1,predicted_progress,4,-0.04378583525318218,0.6467897649900287,0.0
libero_goal/9,3910848,1,predicted_progress,8,-0.04492980817052301,0.5942935420238599,0.0
libero_goal/9,3910848,1,predicted_success,1,-0.04544396504290439,0.5706991951621683,0.0
libero_goal/9,3910848,1,predicted_success,2,-0.04544396504290439,0.5706991951621683,0.0
libero_goal/9,3910848,1,predicted_success,4,-0.04544396504290439,0.5706991951621683,0.0
libero_goal/9,3910848,1,predicted_success,8,-0.04544396504290439,0.5706991951621683,0.0
libero_goal/9,3910848,1,low_energy,1,-0.045443965042904384,0.5706991951621683,0.0
libero_goal/9,3910848,1,low_energy,2,-0.041204393377030545,0.7652505661597523,0.0
libero_goal/9,3910848,1,low_energy,4,-0.03820522142984478,0.9028807467931574,0.0
libero_goal/9,3910848,1,low_energy,8,-0.0367039607723892,0.971772687336051,0.0
libero_goal/9,3910848,1,distance_progress,1,-0.04544396504290439,0.5706991951621683,0.0
libero_goal/9,3910848,1,distance_progress,2,-0.0433101534414549,0.6686185146665792,0.0
libero_goal/9,3910848,1,distance_progress,4,-0.04326244217237735,0.6708079558513549,0.0
libero_goal/9,3910848,1,distance_progress,8,-0.0446866537084297,0.6054517527330265,0.0
libero_goal/9,3910848,1,benchmark_reward,1,-0.04544396504290439,0.5706991951621683,0.0
libero_goal/9,3910848,1,benchmark_reward,2,-0.04544396504290439,0.5706991951621683,0.0
libero_goal/9,3910848,1,benchmark_reward,4,-0.04544396504290439,0.5706991951621683,0.0
libero_goal/9,3910848,1,benchmark_reward,8,-0.04544396504290439,0.5706991951621683,0.0
libero_goal/9,3910848,1,oracle_real_utility,1,-0.045443965042904384,0.5706991951621683,0.0
libero_goal/9,3910848,1,oracle_real_utility,2,-0.041204393377030545,0.7652505661597523,0.0
libero_goal/9,3910848,1,oracle_real_utility,4,-0.03820522142984478,0.9028807467931574,0.0
libero_goal/9,3910848,1,oracle_real_utility,8,-0.0367039607723892,0.971772687336051,0.0
libero_10/0,4000844,0,random,1,-0.007878243414160092,0.48375926920587675,0.0
libero_10/0,4000844,0,random,2,-0.007368807690183103,0.5163879459553671,0.0
libero_10/0,4000844,0,random,4,-0.005239423924139645,0.6527721281156711,0.0
libero_10/0,4000844,0,random,8,-0.002598390653484076,0.8219267767142091,0.0
libero_10/0,4000844,0,learned_wam,1,-0.007878243414160092,0.48375926920587675,0.0
libero_10/0,4000844,0,learned_wam,2,-0.005879663809130246,0.6117656198040696,0.0
libero_10/0,4000844,0,learned_wam,4,-0.005263655567348997,0.6512201237779803,0.0
libero_10/0,4000844,0,learned_wam,8,-0.005998343145497388,0.604164367043589,0.0
libero_10/0,4000844,0,learned_physics_score,1,-0.007878243414160092,0.48375926920587675,0.0
libero_10/0,4000844,0,learned_physics_score,2,-0.005879663809130246,0.6117656198040696,0.0
libero_10/0,4000844,0,learned_physics_score,4,-0.005263655567348997,0.6512201237779803,0.0
libero_10/0,4000844,0,learned_physics_score,8,-0.005998343145497388,0.604164367043589,0.0
libero_10/0,4000844,0,learned_energy_regularized,1,-0.007878243414160092,0.48375926920587675,0.0
libero_10/0,4000844,0,learned_energy_regularized,2,-0.005774782945415141,0.6184830988466702,0.0
libero_10/0,4000844,0,learned_energy_regularized,4,-0.00476165989866942,0.6833722749367591,0.0
libero_10/0,4000844,0,learned_energy_regularized,8,-0.005019884393815854,0.6668333413983765,0.0
libero_10/0,4000844,0,predicted_progress,1,-0.007878243414160092,0.48375926920587675,0.0
libero_10/0,4000844,0,predicted_progress,2,-0.006174359940215272,0.5928907267647017,0.0
libero_10/0,4000844,0,predicted_progress,4,-0.005567526380644707,0.6317576046141725,0.0
libero_10/0,4000844,0,predicted_progress,8,-0.006058706852037145,0.6002981523762884,0.0
libero_10/0,4000844,0,predicted_success,1,-0.007878243414160092,0.48375926920587675,0.0
libero_10/0,4000844,0,predicted_success,2,-0.007878243414160092,0.48375926920587675,0.0
libero_10/0,4000844,0,predicted_success,4,-0.007878243414160092,0.48375926920587675,0.0
libero_10/0,4000844,0,predicted_success,8,-0.007878243414160092,0.48375926920587675,0.0
libero_10/0,4000844,0,low_energy,1,-0.007878243414160092,0.48375926920587675,0.0
libero_10/0,4000844,0,low_energy,2,-0.005774782945415141,0.6184830988466702,0.0
libero_10/0,4000844,0,low_energy,4,-0.00476165989866942,0.6833722749367591,0.0
libero_10/0,4000844,0,low_energy,8,-0.005019884393815854,0.6668333413983765,0.0
libero_10/0,4000844,0,distance_progress,1,-0.007878243414160092,0.48375926920587675,0.0
libero_10/0,4000844,0,distance_progress,2,-0.006062604929084279,0.6000484857551046,0.0
libero_10/0,4000844,0,distance_progress,4,-0.0034690038881554663,0.7661651634803402,0.0
libero_10/0,4000844,0,distance_progress,8,-0.0012720694342418723,0.9068758768495548,0.0
libero_10/0,4000844,0,benchmark_reward,1,-0.007878243414160092,0.48375926920587675,0.0
libero_10/0,4000844,0,benchmark_reward,2,-0.007878243414160092,0.48375926920587675,0.0
libero_10/0,4000844,0,benchmark_reward,4,-0.007878243414160092,0.48375926920587675,0.0
libero_10/0,4000844,0,benchmark_reward,8,-0.007878243414160092,0.48375926920587675,0.0
libero_10/0,4000844,0,oracle_real_utility,1,-0.007878243414160092,0.4837592692058768,0.0
libero_10/0,4000844,0,oracle_real_utility,2,-0.005114558930925489,0.6607695639238752,0.0
libero_10/0,4000844,0,oracle_real_utility,4,-0.002824519011081333,0.8074435578572071,0.0
libero_10/0,4000844,0,oracle_real_utility,8,-0.0011443590907264808,0.9150555535388918,0.0
libero_10/0,4010851,1,random,1,-0.013793789753390715,0.5513753687608478,0.0
libero_10/0,4010851,1,random,2,-0.013296434911877854,0.5691954446676173,0.0
libero_10/0,4010851,1,random,4,-0.01089042262412493,0.6554021486577875,0.0
libero_10/0,4010851,1,random,8,-0.00755083422706711,0.7750586067148024,0.0
libero_10/0,4010851,1,learned_wam,1,-0.013793789753390715,0.5513753687608478,0.0
libero_10/0,4010851,1,learned_wam,2,-0.008223622583531872,0.7509528001946044,0.0
libero_10/0,4010851,1,learned_wam,4,-0.0043866849933170285,0.8884291317794808,0.0
libero_10/0,4010851,1,learned_wam,8,-0.0025157503982156117,0.955464161336836,0.0
libero_10/0,4010851,1,learned_physics_score,1,-0.013793789753390715,0.5513753687608478,0.0
libero_10/0,4010851,1,learned_physics_score,2,-0.008223622583531872,0.7509528001946044,0.0
libero_10/0,4010851,1,learned_physics_score,4,-0.0043866849933170285,0.8884291317794808,0.0
libero_10/0,4010851,1,learned_physics_score,8,-0.0025157503982156117,0.955464161336836,0.0
libero_10/0,4010851,1,learned_energy_regularized,1,-0.013793789753390715,0.5513753687608478,0.0
libero_10/0,4010851,1,learned_energy_regularized,2,-0.008049583149668348,0.7571885812976602,0.0
libero_10/0,4010851,1,learned_energy_regularized,4,-0.003976060704045275,0.903141677819503,0.0
libero_10/0,4010851,1,learned_energy_regularized,8,-0.0021957793930048896,0.9669286271968168,0.0
libero_10/0,4010851,1,predicted_progress,1,-0.013793789753390712,0.5513753687608478,0.0
libero_10/0,4010851,1,predicted_progress,2,-0.010045887435325782,0.6856615930507693,0.0
libero_10/0,4010851,1,predicted_progress,4,-0.008262050292745864,0.7495759468135584,0.0
libero_10/0,4010851,1,predicted_progress,8,-0.008476506473901541,0.7418920456872612,0.0
libero_10/0,4010851,1,predicted_success,1,-0.013793789753390713,0.5513753687608478,0.0
libero_10/0,4010851,1,predicted_success,2,-0.013793789753390713,0.5513753687608478,0.0
libero_10/0,4010851,1,predicted_success,4,-0.013793789753390713,0.5513753687608478,0.0
libero_10/0,4010851,1,predicted_success,8,-0.013793789753390713,0.5513753687608478,0.0
libero_10/0,4010851,1,low_energy,1,-0.013793789753390715,0.5513753687608478,0.0
libero_10/0,4010851,1,low_energy,2,-0.008259824966460385,0.7496556795918781,0.0
libero_10/0,4010851,1,low_energy,4,-0.004156737265350931,0.8966680904160966,0.0
libero_10/0,4010851,1,low_energy,8,-0.00221690029695546,0.9661718714960502,0.0
libero_10/0,4010851,1,distance_progress,1,-0.013793789753390712,0.5513753687608478,0.0
libero_10/0,4010851,1,distance_progress,2,-0.009258656113042633,0.7138678569660859,0.0
libero_10/0,4010851,1,distance_progress,4,-0.006064468171746705,0.8283146599794818,0.0
libero_10/0,4010851,1,distance_progress,8,-0.004655629533608915,0.8787929289667478,0.0
libero_10/0,4010851,1,benchmark_reward,1,-0.013793789753390713,0.5513753687608478,0.0
libero_10/0,4010851,1,benchmark_reward,2,-0.013793789753390713,0.5513753687608478,0.0
libero_10/0,4010851,1,benchmark_reward,4,-0.013793789753390713,0.5513753687608478,0.0
libero_10/0,4010851,1,benchmark_reward,8,-0.013793789753390713,0.5513753687608478,0.0
libero_10/0,4010851,1,oracle_real_utility,1,-0.013793789753390715,0.5513753687608478,0.0
libero_10/0,4010851,1,oracle_real_utility,2,-0.008030196645868971,0.7578831939573478,0.0
libero_10/0,4010851,1,oracle_real_utility,4,-0.0038867010380950247,0.9063434080477506,0.0
libero_10/0,4010851,1,oracle_real_utility,8,-0.0019396324456893797,0.9761062960631037,0.0
libero_10/1,4100847,0,random,1,-0.023055240216811757,0.3799817585840442,0.0
libero_10/1,4100847,0,random,2,-0.022393484288388502,0.4109616665553515,0.0
libero_10/1,4100847,0,random,4,-0.021533573796084525,0.45121812179952725,0.0
libero_10/1,4100847,0,random,8,-0.01965421888931453,0.5391995656467835,0.0
libero_10/1,4100847,0,learned_wam,1,-0.023055240216811757,0.3799817585840442,0.0
libero_10/1,4100847,0,learned_wam,2,-0.01959563768435823,0.5419420274222582,0.0
libero_10/1,4100847,0,learned_wam,4,-0.015972609652242568,0.7115530126685002,0.0
libero_10/1,4100847,0,learned_wam,8,-0.012654056419563929,0.8669101002751459,0.0
libero_10/1,4100847,0,learned_physics_score,1,-0.023055240216811757,0.3799817585840442,0.0
libero_10/1,4100847,0,learned_physics_score,2,-0.01959563768435823,0.5419420274222582,0.0
libero_10/1,4100847,0,learned_physics_score,4,-0.015972609652242568,0.7115530126685002,0.0
libero_10/1,4100847,0,learned_physics_score,8,-0.012654056419563929,0.8669101002751459,0.0
libero_10/1,4100847,0,learned_energy_regularized,1,-0.023055240216811757,0.3799817585840442,0.0
libero_10/1,4100847,0,learned_energy_regularized,2,-0.019651781110607038,0.5393136895356204,0.0
libero_10/1,4100847,0,learned_energy_regularized,4,-0.01592359511538352,0.7138476137078403,0.0
libero_10/1,4100847,0,learned_energy_regularized,8,-0.012635725984451503,0.8677682341708407,0.0
libero_10/1,4100847,0,predicted_progress,1,-0.02305524021681176,0.3799817585840442,0.0
libero_10/1,4100847,0,predicted_progress,2,-0.02312741924124166,0.37660271891359504,0.0
libero_10/1,4100847,0,predicted_progress,4,-0.0236964136175098,0.34996541555769045,0.0
libero_10/1,4100847,0,predicted_progress,8,-0.0245120407428888,0.3117820730323748,0.0
libero_10/1,4100847,0,predicted_success,1,-0.023055240216811754,0.3799817585840442,0.0
libero_10/1,4100847,0,predicted_success,2,-0.023055240216811754,0.3799817585840442,0.0
libero_10/1,4100847,0,predicted_success,4,-0.023055240216811754,0.3799817585840442,0.0
libero_10/1,4100847,0,predicted_success,8,-0.023055240216811754,0.3799817585840442,0.0
libero_10/1,4100847,0,low_energy,1,-0.023055240216811757,0.3799817585840442,0.0
libero_10/1,4100847,0,low_energy,2,-0.019770765462587415,0.5337434723058925,0.0
libero_10/1,4100847,0,low_energy,4,-0.015970073377875857,0.7116717476024779,0.0
libero_10/1,4100847,0,low_energy,8,-0.012637098999530014,0.8677039568762243,0.0
libero_10/1,4100847,0,distance_progress,1,-0.023055240216811754,0.3799817585840442,0.0
libero_10/1,4100847,0,distance_progress,2,-0.0236937040302588,0.3500922640830618,0.0
libero_10/1,4100847,0,distance_progress,4,-0.02519363898029605,0.2798732532374483,0.0
libero_10/1,4100847,0,distance_progress,8,-0.026862428041457755,0.20174938714455895,0.0
libero_10/1,4100847,0,benchmark_reward,1,-0.023055240216811754,0.3799817585840442,0.0
libero_10/1,4100847,0,benchmark_reward,2,-0.023055240216811754,0.3799817585840442,0.0
libero_10/1,4100847,0,benchmark_reward,4,-0.023055240216811754,0.3799817585840442,0.0
libero_10/1,4100847,0,benchmark_reward,8,-0.023055240216811754,0.3799817585840442,0.0
libero_10/1,4100847,0,oracle_real_utility,1,-0.023055240216811757,0.3799817585840442,0.0
libero_10/1,4100847,0,oracle_real_utility,2,-0.019554030071769805,0.5438898754936253,0.0
libero_10/1,4100847,0,oracle_real_utility,4,-0.015909548114413245,0.7145052199016662,0.0
libero_10/1,4100847,0,oracle_real_utility,8,-0.012632937553184467,0.8678987737554923,0.0
libero_10/1,4110854,1,random,1,-0.024768405581827083,0.6173478555750086,0.0
libero_10/1,4110854,1,random,2,-0.022493777219675447,0.7452550920492762,0.0
libero_10/1,4110854,1,random,4,-0.021627062353370936,0.7939923298349291,0.0
libero_10/1,4110854,1,random,8,-0.020620003456489573,0.8506214137812289,0.0
libero_10/1,4110854,1,learned_wam,1,-0.024768405581827083,0.6173478555750086,0.0
libero_10/1,4110854,1,learned_wam,2,-0.021710814580968487,0.7892827622594888,0.0
libero_10/1,4110854,1,learned_wam,4,-0.01988702390548003,0.8918384276555726,0.0
libero_10/1,4110854,1,learned_wam,8,-0.019038793758024825,0.9395362300132851,0.0
libero_10/1,4110854,1,learned_physics_score,1,-0.024768405581827083,0.6173478555750086,0.0
libero_10/1,4110854,1,learned_physics_score,2,-0.021710814580968487,0.7892827622594888,0.0
libero_10/1,4110854,1,learned_physics_score,4,-0.01988702390548003,0.8918384276555726,0.0
libero_10/1,4110854,1,learned_physics_score,8,-0.019038793758024825,0.9395362300132851,0.0
libero_10/1,4110854,1,learned_energy_regularized,1,-0.024768405581827083,0.6173478555750086,0.0
libero_10/1,4110854,1,learned_energy_regularized,2,-0.021696927904827277,0.7900636398738674,0.0
libero_10/1,4110854,1,learned_energy_regularized,4,-0.020091881021856328,0.8803188721695971,0.0
libero_10/1,4110854,1,learned_energy_regularized,8,-0.01912106544077241,0.9349099166535163,0.0
libero_10/1,4110854,1,predicted_progress,1,-0.024768405581827087,0.6173478555750087,0.0
libero_10/1,4110854,1,predicted_progress,2,-0.02348336044773484,0.68960870248143,0.0
libero_10/1,4110854,1,predicted_progress,4,-0.02216257684351262,0.7638792002944372,0.0
libero_10/1,4110854,1,predicted_progress,8,-0.020533075800577685,0.8555095425084898,0.0
libero_10/1,4110854,1,predicted_success,1,-0.024768405581827087,0.6173478555750086,0.0
libero_10/1,4110854,1,predicted_success,2,-0.024768405581827087,0.6173478555750086,0.0
libero_10/1,4110854,1,predicted_success,4,-0.024768405581827087,0.6173478555750086,0.0
libero_10/1,4110854,1,predicted_success,8,-0.024768405581827087,0.6173478555750086,0.0
libero_10/1,4110854,1,low_energy,1,-0.024768405581827083,0.6173478555750086,0.0
libero_10/1,4110854,1,low_energy,2,-0.021762320157809933,0.7863864930902381,0.0
libero_10/1,4110854,1,low_energy,4,-0.020190991155283167,0.874745696575659,0.0
libero_10/1,4110854,1,low_energy,8,-0.0191542567287863,0.9330434992661667,0.0
libero_10/1,4110854,1,distance_progress,1,-0.024768405581827083,0.6173478555750086,0.0
libero_10/1,4110854,1,distance_progress,2,-0.02358699748680519,0.6837809692638048,0.0
libero_10/1,4110854,1,distance_progress,4,-0.021427693418580397,0.8052032730871069,0.0
libero_10/1,4110854,1,distance_progress,8,-0.019622133621674153,0.9067337770384694,0.0
libero_10/1,4110854,1,benchmark_reward,1,-0.024768405581827087,0.6173478555750086,0.0
libero_10/1,4110854,1,benchmark_reward,2,-0.024768405581827087,0.6173478555750086,0.0
libero_10/1,4110854,1,benchmark_reward,4,-0.024768405581827087,0.6173478555750086,0.0
libero_10/1,4110854,1,benchmark_reward,8,-0.024768405581827087,0.6173478555750086,0.0
libero_10/1,4110854,1,oracle_real_utility,1,-0.024768405581827083,0.6173478555750086,0.0
libero_10/1,4110854,1,oracle_real_utility,2,-0.021382785964538707,0.8077285156450316,0.0
libero_10/1,4110854,1,oracle_real_utility,4,-0.019368567003290538,0.9209923724025462,0.0
libero_10/1,4110854,1,oracle_real_utility,8,-0.018459750389482294,0.9720970818435888,0.0
libero_10/2,4200850,0,random,1,-0.02201065675854423,0.632283833607222,0.0
libero_10/2,4200850,0,random,2,-0.022335916659786906,0.6203712591259682,0.0
libero_10/2,4200850,0,random,4,-0.0231013056381729,0.5923390511061077,0.0
libero_10/2,4200850,0,random,8,-0.022870594663232442,0.6007887913357534,0.0
libero_10/2,4200850,0,learned_wam,1,-0.022010656758544227,0.632283833607222,0.0
libero_10/2,4200850,0,learned_wam,2,-0.01842888115945491,0.7634656006688025,0.0
libero_10/2,4200850,0,learned_wam,4,-0.01615320083186192,0.8468119070976102,0.0
libero_10/2,4200850,0,learned_wam,8,-0.014215586716779468,0.9177766106275027,0.0
libero_10/2,4200850,0,learned_physics_score,1,-0.022010656758544227,0.632283833607222,0.0
libero_10/2,4200850,0,learned_physics_score,2,-0.01842888115945491,0.7634656006688025,0.0
libero_10/2,4200850,0,learned_physics_score,4,-0.01615320083186192,0.8468119070976102,0.0
libero_10/2,4200850,0,learned_physics_score,8,-0.014215586716779468,0.9177766106275027,0.0
libero_10/2,4200850,0,learned_energy_regularized,1,-0.02201065675854423,0.632283833607222,0.0
libero_10/2,4200850,0,learned_energy_regularized,2,-0.01847222058920415,0.7618783033017114,0.0
libero_10/2,4200850,0,learned_energy_regularized,4,-0.016247378524339377,0.8433626692056229,0.0
libero_10/2,4200850,0,learned_energy_regularized,8,-0.014287771526067135,0.9151328573896487,0.0
libero_10/2,4200850,0,predicted_progress,1,-0.02201065675854423,0.632283833607222,0.0
libero_10/2,4200850,0,predicted_progress,2,-0.020162039066115495,0.6999890621468773,0.0
libero_10/2,4200850,0,predicted_progress,4,-0.019310826200299808,0.7311645517313294,0.0
libero_10/2,4200850,0,predicted_progress,8,-0.018778750423245817,0.750651713535199,0.0
libero_10/2,4200850,0,predicted_success,1,-0.02201065675854423,0.632283833607222,0.0
libero_10/2,4200850,0,predicted_success,2,-0.02201065675854423,0.632283833607222,0.0
libero_10/2,4200850,0,predicted_success,4,-0.02201065675854423,0.632283833607222,0.0
libero_10/2,4200850,0,predicted_success,8,-0.02201065675854423,0.632283833607222,0.0
libero_10/2,4200850,0,low_energy,1,-0.02201065675854423,0.632283833607222,0.0
libero_10/2,4200850,0,low_energy,2,-0.018716589785072082,0.7529283336448953,0.0
libero_10/2,4200850,0,low_energy,4,-0.016699897976845617,0.8267892408131237,0.0
libero_10/2,4200850,0,low_energy,8,-0.01468907243528811,0.9004352972163057,0.0
libero_10/2,4200850,0,distance_progress,1,-0.02201065675854423,0.632283833607222,0.0
libero_10/2,4200850,0,distance_progress,2,-0.019888505275606618,0.7100071788594735,0.0
libero_10/2,4200850,0,distance_progress,4,-0.019468220639151983,0.7254000139921298,0.0
libero_10/2,4200850,0,distance_progress,8,-0.01901532243660052,0.7419873140242199,0.0
libero_10/2,4200850,0,benchmark_reward,1,-0.02201065675854423,0.632283833607222,0.0
libero_10/2,4200850,0,benchmark_reward,2,-0.02201065675854423,0.632283833607222,0.0
libero_10/2,4200850,0,benchmark_reward,4,-0.02201065675854423,0.632283833607222,0.0
libero_10/2,4200850,0,benchmark_reward,8,-0.02201065675854423,0.632283833607222,0.0
libero_10/2,4200850,0,oracle_real_utility,1,-0.022010656758544227,0.632283833607222,0.0
libero_10/2,4200850,0,oracle_real_utility,2,-0.01842888115945491,0.7634656006688025,0.0
libero_10/2,4200850,0,oracle_real_utility,4,-0.01615320083186192,0.8468119070976102,0.0
libero_10/2,4200850,0,oracle_real_utility,8,-0.014215586716779468,0.9177766106275027,0.0
libero_10/2,4210857,1,random,1,-0.0238595639751675,0.4283873567713417,0.0
libero_10/2,4210857,1,random,2,-0.02186015572419059,0.5563174544225034,0.0
libero_10/2,4210857,1,random,4,-0.019292205232186416,0.7206251474836525,0.0
libero_10/2,4210857,1,random,8,-0.016583384101675366,0.8939463046692797,0.0
libero_10/2,4210857,1,learned_wam,1,-0.0238595639751675,0.42838735677134165,0.0
libero_10/2,4210857,1,learned_wam,2,-0.020683379376061697,0.6316122888097028,0.0
libero_10/2,4210857,1,learned_wam,4,-0.01776600825742004,0.81827730427623,0.0
libero_10/2,4210857,1,learned_wam,8,-0.015954582737246835,0.934179518629071,0.0
libero_10/2,4210857,1,learned_physics_score,1,-0.0238595639751675,0.42838735677134165,0.0
libero_10/2,4210857,1,learned_physics_score,2,-0.020683379376061697,0.6316122888097028,0.0
libero_10/2,4210857,1,learned_physics_score,4,-0.01776600825742004,0.81827730427623,0.0
libero_10/2,4210857,1,learned_physics_score,8,-0.015954582737246835,0.934179518629071,0.0
libero_10/2,4210857,1,learned_energy_regularized,1,-0.0238595639751675,0.42838735677134165,0.0
libero_10/2,4210857,1,learned_energy_regularized,2,-0.02062251060965492,0.6355069147454117,0.0
libero_10/2,4210857,1,learned_energy_regularized,4,-0.017743125144960327,0.8197414568874354,0.0
libero_10/2,4210857,1,learned_energy_regularized,8,-0.015953915474885772,0.9342222127306723,0.0
libero_10/2,4210857,1,predicted_progress,1,-0.0238595639751675,0.42838735677134165,0.0
libero_10/2,4210857,1,predicted_progress,2,-0.022976954179831654,0.48486024431195135,0.0
libero_10/2,4210857,1,predicted_progress,4,-0.022702435378340366,0.502425049831135,0.0
libero_10/2,4210857,1,predicted_progress,8,-0.023127160508847562,0.4752494455521489,0.0
libero_10/2,4210857,1,predicted_success,1,-0.023859563975167496,0.42838735677134165,0.0
libero_10/2,4210857,1,predicted_success,2,-0.023859563975167496,0.42838735677134165,0.0
libero_10/2,4210857,1,predicted_success,4,-0.023859563975167496,0.42838735677134165,0.0
libero_10/2,4210857,1,predicted_success,8,-0.023859563975167496,0.42838735677134165,0.0
libero_10/2,4210857,1,low_energy,1,-0.0238595639751675,0.42838735677134165,0.0
libero_10/2,4210857,1,low_energy,2,-0.02072376519322857,0.6290282434896158,0.0
libero_10/2,4210857,1,low_energy,4,-0.017830140802718934,0.8141738487769858,0.0
libero_10/2,4210857,1,low_energy,8,-0.015964087515666456,0.933571365076248,0.0
libero_10/2,4210857,1,distance_progress,1,-0.0238595639751675,0.42838735677134165,0.0
libero_10/2,4210857,1,distance_progress,2,-0.022106244472414754,0.5405717168645097,0.0
libero_10/2,4210857,1,distance_progress,4,-0.02162463619652881,0.5713869311828423,0.0
libero_10/2,4210857,1,distance_progress,8,-0.02266283454399643,0.5049588688259359,0.0
libero_10/2,4210857,1,benchmark_reward,1,-0.023859563975167496,0.42838735677134165,0.0
libero_10/2,4210857,1,benchmark_reward,2,-0.023859563975167496,0.42838735677134165,0.0
libero_10/2,4210857,1,benchmark_reward,4,-0.023859563975167496,0.42838735677134165,0.0
libero_10/2,4210857,1,benchmark_reward,8,-0.023859563975167496,0.42838735677134165,0.0
libero_10/2,4210857,1,oracle_real_utility,1,-0.0238595639751675,0.42838735677134165,0.0
libero_10/2,4210857,1,oracle_real_utility,2,-0.02062251060965492,0.6355069147454117,0.0
libero_10/2,4210857,1,oracle_real_utility,4,-0.017743125144960327,0.8197414568874354,0.0
libero_10/2,4210857,1,oracle_real_utility,8,-0.015953915474885772,0.9342222127306723,0.0
libero_10/3,4300853,0,random,1,-0.03638575952903385,0.36582546762225004,0.0
libero_10/3,4300853,0,random,2,-0.03512286300940415,0.4568863678191123,0.0
libero_10/3,4300853,0,random,4,-0.03349090743583953,0.5745581970626156,0.0
libero_10/3,4300853,0,random,8,-0.03091376157623313,0.7603827822655151,0.0
libero_10/3,4300853,0,learned_wam,1,-0.03638575952903385,0.36582546762225004,0.0
libero_10/3,4300853,0,learned_wam,2,-0.03421583192453492,0.5222876622331202,0.0
libero_10/3,4300853,0,learned_wam,4,-0.03210500022850475,0.674488758219145,0.0
libero_10/3,4300853,0,learned_wam,8,-0.030209671803825583,0.8111510340567503,0.0
libero_10/3,4300853,0,learned_physics_score,1,-0.03638575952903385,0.36582546762225004,0.0
libero_10/3,4300853,0,learned_physics_score,2,-0.03421583192453492,0.5222876622331202,0.0
libero_10/3,4300853,0,learned_physics_score,4,-0.03210500022850475,0.674488758219145,0.0
libero_10/3,4300853,0,learned_physics_score,8,-0.030209671803825583,0.8111510340567503,0.0
libero_10/3,4300853,0,learned_energy_regularized,1,-0.03638575952903385,0.36582546762225004,0.0
libero_10/3,4300853,0,learned_energy_regularized,2,-0.0342449961270327,0.5201847832626804,0.0
libero_10/3,4300853,0,learned_energy_regularized,4,-0.032149202222915445,0.6713015822795722,0.0
libero_10/3,4300853,0,learned_energy_regularized,8,-0.03022447474149246,0.8100836712059133,0.0
libero_10/3,4300853,0,predicted_progress,1,-0.036385759529033855,0.3658254676222501,0.0
libero_10/3,4300853,0,predicted_progress,2,-0.035525625623618884,0.42784525031980286,0.0
libero_10/3,4300853,0,predicted_progress,4,-0.0337179711740524,0.5581858117702789,0.0
libero_10/3,4300853,0,predicted_progress,8,-0.031037118062521442,0.7514881875683749,0.0
libero_10/3,4300853,0,predicted_success,1,-0.03638575952903385,0.36582546762225004,0.0
libero_10/3,4300853,0,predicted_success,2,-0.03638575952903385,0.36582546762225004,0.0
libero_10/3,4300853,0,predicted_success,4,-0.03638575952903385,0.36582546762225004,0.0
libero_10/3,4300853,0,predicted_success,8,-0.03638575952903385,0.36582546762225004,0.0
libero_10/3,4300853,0,low_energy,1,-0.03638575952903385,0.36582546762225004,0.0
libero_10/3,4300853,0,low_energy,2,-0.0342449961270327,0.5201847832626804,0.0
libero_10/3,4300853,0,low_energy,4,-0.032149202222915445,0.6713015822795722,0.0
libero_10/3,4300853,0,low_energy,8,-0.03022447474149246,0.8100836712059133,0.0
libero_10/3,4300853,0,distance_progress,1,-0.036385759529033855,0.36582546762225,0.0
libero_10/3,4300853,0,distance_progress,2,-0.035911529189411616,0.4000197511248498,0.0
libero_10/3,4300853,0,distance_progress,4,-0.035539213153171184,0.42686552422724333,0.0
libero_10/3,4300853,0,distance_progress,8,-0.034664625039484455,0.48992752471255696,0.0
libero_10/3,4300853,0,benchmark_reward,1,-0.03638575952903385,0.36582546762225004,0.0
libero_10/3,4300853,0,benchmark_reward,2,-0.03638575952903385,0.36582546762225004,0.0
libero_10/3,4300853,0,benchmark_reward,4,-0.03638575952903385,0.36582546762225004,0.0
libero_10/3,4300853,0,benchmark_reward,8,-0.03638575952903385,0.36582546762225004,0.0
libero_10/3,4300853,0,oracle_real_utility,1,-0.036385759529033855,0.3658254676222501,0.0
libero_10/3,4300853,0,oracle_real_utility,2,-0.03404686847676809,0.5344707377384077,0.0
libero_10/3,4300853,0,oracle_real_utility,4,-0.031710063441422805,0.7029655960229928,0.0
libero_10/3,4300853,0,oracle_real_utility,8,-0.02962421499909747,0.8533652795125476,0.0
libero_10/3,4310860,1,random,1,-0.036039307319799714,0.5080674543706016,0.0
libero_10/3,4310860,1,random,2,-0.03547466366968735,0.5433045462233056,0.0
libero_10/3,4310860,1,random,4,-0.03618625371984741,0.4988971328857599,0.0
libero_10/3,4310860,1,random,8,-0.03900499308396017,0.32299118253582215,0.0
libero_10/3,4310860,1,learned_wam,1,-0.036039307319799714,0.5080674543706016,0.0
libero_10/3,4310860,1,learned_wam,2,-0.03314557402859766,0.6886534677952143,0.0
libero_10/3,4310860,1,learned_wam,4,-0.031144581471571488,0.8135271974731744,0.0
libero_10/3,4310860,1,learned_wam,8,-0.030438104804411368,0.8576155055725558,0.0
libero_10/3,4310860,1,learned_physics_score,1,-0.036039307319799714,0.5080674543706016,0.0
libero_10/3,4310860,1,learned_physics_score,2,-0.03314557402859766,0.6886534677952143,0.0
libero_10/3,4310860,1,learned_physics_score,4,-0.031144581471571488,0.8135271974731744,0.0
libero_10/3,4310860,1,learned_physics_score,8,-0.030438104804411368,0.8576155055725558,0.0
libero_10/3,4310860,1,learned_energy_regularized,1,-0.03603930731979971,0.5080674543706016,0.0
libero_10/3,4310860,1,learned_energy_regularized,2,-0.03321142303612801,0.6845441016024056,0.0
libero_10/3,4310860,1,learned_energy_regularized,4,-0.03113564207373498,0.814085068588187,0.0
libero_10/3,4310860,1,learned_energy_regularized,8,-0.03041643341644587,0.8589679279156811,0.0
libero_10/3,4310860,1,predicted_progress,1,-0.036039307319799714,0.5080674543706016,0.0
libero_10/3,4310860,1,predicted_progress,2,-0.03504812471137674,0.5699230912999333,0.0
libero_10/3,4310860,1,predicted_progress,4,-0.03538436947886606,0.5489394359366708,0.0
libero_10/3,4310860,1,predicted_progress,8,-0.03529897017748635,0.5542688556977448,0.0
libero_10/3,4310860,1,predicted_success,1,-0.036039307319799714,0.5080674543706016,0.0
libero_10/3,4310860,1,predicted_success,2,-0.036039307319799714,0.5080674543706016,0.0
libero_10/3,4310860,1,predicted_success,4,-0.036039307319799714,0.5080674543706016,0.0
libero_10/3,4310860,1,predicted_success,8,-0.036039307319799714,0.5080674543706016,0.0
libero_10/3,4310860,1,low_energy,1,-0.03603930731979971,0.5080674543706016,0.0
libero_10/3,4310860,1,low_energy,2,-0.03321142303612801,0.6845441016024056,0.0
libero_10/3,4310860,1,low_energy,4,-0.03113564207373498,0.814085068588187,0.0
libero_10/3,4310860,1,low_energy,8,-0.03041643341644587,0.8589679279156811,0.0
libero_10/3,4310860,1,distance_progress,1,-0.03603930731979971,0.5080674543706016,0.0
libero_10/3,4310860,1,distance_progress,2,-0.03378284898334214,0.6488837544347785,0.0
libero_10/3,4310860,1,distance_progress,4,-0.03192010766436196,0.7651297919872592,0.0
libero_10/3,4310860,1,distance_progress,8,-0.030041342827488465,0.8823757915010535,0.0
libero_10/3,4310860,1,benchmark_reward,1,-0.036039307319799714,0.5080674543706016,0.0
libero_10/3,4310860,1,benchmark_reward,2,-0.036039307319799714,0.5080674543706016,0.0
libero_10/3,4310860,1,benchmark_reward,4,-0.036039307319799714,0.5080674543706016,0.0
libero_10/3,4310860,1,benchmark_reward,8,-0.036039307319799714,0.5080674543706016,0.0
libero_10/3,4310860,1,oracle_real_utility,1,-0.036039307319799714,0.5080674543706016,0.0
libero_10/3,4310860,1,oracle_real_utility,2,-0.03299082094812594,0.6983109721521404,0.0
libero_10/3,4310860,1,oracle_real_utility,4,-0.03072619051813359,0.8396372590203075,0.0
libero_10/3,4310860,1,oracle_real_utility,8,-0.029316733273780496,0.9275956985986952,0.0
libero_10/4,4400856,0,random,1,-0.041216725323406644,0.5804201781162298,0.0
libero_10/4,4400856,0,random,2,-0.041735961486657154,0.5599994552676985,0.0
libero_10/4,4400856,0,random,4,-0.04505684117753228,0.42939460032819426,0.0
libero_10/4,4400856,0,random,8,-0.04944403858896493,0.2568531851466849,0.0
libero_10/4,4400856,0,learned_wam,1,-0.04121672532340665,0.5804201781162298,0.0
libero_10/4,4400856,0,learned_wam,2,-0.03651886294800624,0.7651795464699913,0.0
libero_10/4,4400856,0,learned_wam,4,-0.03374927381635051,0.8741030307431001,0.0
libero_10/4,4400856,0,learned_wam,8,-0.03215679426494675,0.9367326891967633,0.0
libero_10/4,4400856,0,learned_physics_score,1,-0.04121672532340665,0.5804201781162298,0.0
libero_10/4,4400856,0,learned_physics_score,2,-0.03651886294800624,0.7651795464699913,0.0
libero_10/4,4400856,0,learned_physics_score,4,-0.03374927381635051,0.8741030307431001,0.0
libero_10/4,4400856,0,learned_physics_score,8,-0.03215679426494675,0.9367326891967633,0.0
libero_10/4,4400856,0,learned_energy_regularized,1,-0.04121672532340665,0.5804201781162298,0.0
libero_10/4,4400856,0,learned_energy_regularized,2,-0.03652377796045509,0.7649862469386437,0.0
libero_10/4,4400856,0,learned_energy_regularized,4,-0.0337567231320933,0.8738100611409014,0.0
libero_10/4,4400856,0,learned_energy_regularized,8,-0.032159288988501,0.93663457573339,0.0
libero_10/4,4400856,0,predicted_progress,1,-0.041216725323406644,0.5804201781162298,0.0
libero_10/4,4400856,0,predicted_progress,2,-0.04435979622951916,0.4568082565867197,0.0
libero_10/4,4400856,0,predicted_progress,4,-0.04642230012391618,0.37569329699331744,0.0
libero_10/4,4400856,0,predicted_progress,8,-0.046666089754682755,0.3661054430733124,0.0
libero_10/4,4400856,0,predicted_success,1,-0.041216725323406644,0.5804201781162298,0.0
libero_10/4,4400856,0,predicted_success,2,-0.041216725323406644,0.5804201781162298,0.0
libero_10/4,4400856,0,predicted_success,4,-0.041216725323406644,0.5804201781162298,0.0
libero_10/4,4400856,0,predicted_success,8,-0.041216725323406644,0.5804201781162298,0.0
libero_10/4,4400856,0,low_energy,1,-0.04121672532340665,0.5804201781162298,0.0
libero_10/4,4400856,0,low_energy,2,-0.03652377796045509,0.7649862469386437,0.0
libero_10/4,4400856,0,low_energy,4,-0.0337567231320933,0.8738100611409014,0.0
libero_10/4,4400856,0,low_energy,8,-0.032159288988501,0.93663457573339,0.0
libero_10/4,4400856,0,distance_progress,1,-0.041216725323406644,0.5804201781162298,0.0
libero_10/4,4400856,0,distance_progress,2,-0.03966334343481014,0.6415121883999073,0.0
libero_10/4,4400856,0,distance_progress,4,-0.038540943720692396,0.6856543632125873,0.0
libero_10/4,4400856,0,distance_progress,8,-0.038337877510785726,0.6936406305142453,0.0
libero_10/4,4400856,0,benchmark_reward,1,-0.041216725323406644,0.5804201781162298,0.0
libero_10/4,4400856,0,benchmark_reward,2,-0.041216725323406644,0.5804201781162298,0.0
libero_10/4,4400856,0,benchmark_reward,4,-0.041216725323406644,0.5804201781162298,0.0
libero_10/4,4400856,0,benchmark_reward,8,-0.041216725323406644,0.5804201781162298,0.0
libero_10/4,4400856,0,oracle_real_utility,1,-0.04121672532340665,0.5804201781162298,0.0
libero_10/4,4400856,0,oracle_real_utility,2,-0.036510195816389326,0.7655204108110512,0.0
libero_10/4,4400856,0,oracle_real_utility,4,-0.03373040772796587,0.8748450036436909,0.0
libero_10/4,4400856,0,oracle_real_utility,8,-0.032143356662646505,0.9372611684741005,0.0
libero_10/4,4410863,1,random,1,-0.03745539550614308,0.5022769411027572,0.0
libero_10/4,4410863,1,random,2,-0.03721835007837705,0.5157523299862745,0.0
libero_10/4,4410863,1,random,4,-0.03675715661880298,0.5419699258153285,0.0
libero_10/4,4410863,1,random,8,-0.036228014177773916,0.5720502367280449,0.0
libero_10/4,4410863,1,learned_wam,1,-0.03745539550614309,0.5022769411027572,0.0
libero_10/4,4410863,1,learned_wam,2,-0.03470870086397842,0.65841907299814,0.0
libero_10/4,4410863,1,learned_wam,4,-0.03251782938534722,0.7829641673565966,0.0
libero_10/4,4410863,1,learned_wam,8,-0.030618492732621135,0.89093629851056,0.0
libero_10/4,4410863,1,learned_physics_score,1,-0.03745539550614309,0.5022769411027572,0.0
libero_10/4,4410863,1,learned_physics_score,2,-0.03470870086397842,0.65841907299814,0.0
libero_10/4,4410863,1,learned_physics_score,4,-0.03251782938534722,0.7829641673565966,0.0
libero_10/4,4410863,1,learned_physics_score,8,-0.030618492732621135,0.89093629851056,0.0
libero_10/4,4410863,1,learned_energy_regularized,1,-0.03745539550614309,0.5022769411027572,0.0
libero_10/4,4410863,1,learned_energy_regularized,2,-0.03491887918680582,0.6464710060741068,0.0
libero_10/4,4410863,1,learned_energy_regularized,4,-0.032750144701633024,0.7697576724663499,0.0
libero_10/4,4410863,1,learned_energy_regularized,8,-0.03071569717395644,0.885410489974438,0.0
libero_10/4,4410863,1,predicted_progress,1,-0.03745539550614308,0.5022769411027572,0.0
libero_10/4,4410863,1,predicted_progress,2,-0.037422460237719384,0.5041492216785735,0.0
libero_10/4,4410863,1,predicted_progress,4,-0.038641177317397406,0.43486846506404425,0.0
libero_10/4,4410863,1,predicted_progress,8,-0.04059722049156331,0.3236727221499453,0.0
libero_10/4,4410863,1,predicted_success,1,-0.03745539550614309,0.5022769411027572,0.0
libero_10/4,4410863,1,predicted_success,2,-0.03745539550614309,0.5022769411027572,0.0
libero_10/4,4410863,1,predicted_success,4,-0.03745539550614309,0.5022769411027572,0.0
libero_10/4,4410863,1,predicted_success,8,-0.03745539550614309,0.5022769411027572,0.0
libero_10/4,4410863,1,low_energy,1,-0.03745539550614309,0.5022769411027572,0.0
libero_10/4,4410863,1,low_energy,2,-0.03501298189213479,0.6411215228073366,0.0
libero_10/4,4410863,1,low_energy,4,-0.03297216827201855,0.7571362353838139,0.0
libero_10/4,4410863,1,low_energy,8,-0.030888704730627575,0.8755754801710355,0.0
libero_10/4,4410863,1,distance_progress,1,-0.03745539550614308,0.5022769411027572,0.0
libero_10/4,4410863,1,distance_progress,2,-0.036859014635499496,0.5361795741564723,0.0
libero_10/4,4410863,1,distance_progress,4,-0.0374532813163169,0.5023971270533991,0.0
libero_10/4,4410863,1,distance_progress,8,-0.037284384421472944,0.5119984568942226,0.0
libero_10/4,4410863,1,benchmark_reward,1,-0.03745539550614309,0.5022769411027572,0.0
libero_10/4,4410863,1,benchmark_reward,2,-0.03745539550614309,0.5022769411027572,0.0
libero_10/4,4410863,1,benchmark_reward,4,-0.03745539550614309,0.5022769411027572,0.0
libero_10/4,4410863,1,benchmark_reward,8,-0.03745539550614309,0.5022769411027572,0.0
libero_10/4,4410863,1,oracle_real_utility,1,-0.03745539550614309,0.5022769411027572,0.0
libero_10/4,4410863,1,oracle_real_utility,2,-0.03449556634918923,0.6705351914078093,0.0
libero_10/4,4410863,1,oracle_real_utility,4,-0.03226556475011605,0.7973047268575113,0.0
libero_10/4,4410863,1,oracle_real_utility,8,-0.030533510140504774,0.8957673281064042,0.0
libero_10/5,4500859,0,random,1,-0.041162811422549364,0.41695789417332796,0.0
libero_10/5,4500859,0,random,2,-0.040504962863623546,0.4426400390817468,0.0
libero_10/5,4500859,0,random,4,-0.03902621362898025,0.5003698183934701,0.0
libero_10/5,4500859,0,random,8,-0.038459535916683954,0.5224926898752114,0.0
libero_10/5,4500859,0,learned_wam,1,-0.041162811422549364,0.4169578941733279,0.0
libero_10/5,4500859,0,learned_wam,2,-0.0372096856024115,0.5712863467882726,0.0
libero_10/5,4500859,0,learned_wam,4,-0.033108309767014704,0.7314024207681897,0.0
libero_10/5,4500859,0,learned_wam,8,-0.029504473185221015,0.8720947610706684,0.0
libero_10/5,4500859,0,learned_physics_score,1,-0.041162811422549364,0.4169578941733279,0.0
libero_10/5,4500859,0,learned_physics_score,2,-0.0372096856024115,0.5712863467882726,0.0
libero_10/5,4500859,0,learned_physics_score,4,-0.033108309767014704,0.7314024207681897,0.0
libero_10/5,4500859,0,learned_physics_score,8,-0.029504473185221015,0.8720947610706684,0.0
libero_10/5,4500859,0,learned_energy_regularized,1,-0.04116281142254937,0.41695789417332796,0.0
libero_10/5,4500859,0,learned_energy_regularized,2,-0.03730570110264939,0.5675379400203224,0.0
libero_10/5,4500859,0,learned_energy_regularized,4,-0.033835311593088724,0.7030205599392999,0.0
libero_10/5,4500859,0,learned_energy_regularized,8,-0.03084647091804848,0.8197037057531313,0.0
libero_10/5,4500859,0,predicted_progress,1,-0.041162811422549364,0.41695789417332796,0.0
libero_10/5,4500859,0,predicted_progress,2,-0.037740927312706556,0.5505468826668162,0.0
libero_10/5,4500859,0,predicted_progress,4,-0.0340694925987755,0.6938782270402699,0.0
libero_10/5,4500859,0,predicted_progress,8,-0.03235857464441473,0.7606717804107557,0.0
libero_10/5,4500859,0,predicted_success,1,-0.041162811422549364,0.41695789417332796,0.0
libero_10/5,4500859,0,predicted_success,2,-0.041162811422549364,0.41695789417332796,0.0
libero_10/5,4500859,0,predicted_success,4,-0.041162811422549364,0.41695789417332796,0.0
libero_10/5,4500859,0,predicted_success,8,-0.041162811422549364,0.41695789417332796,0.0
libero_10/5,4500859,0,low_energy,1,-0.04116281142254937,0.41695789417332796,0.0
libero_10/5,4500859,0,low_energy,2,-0.03730570110264939,0.5675379400203224,0.0
libero_10/5,4500859,0,low_energy,4,-0.033835311593088724,0.7030205599392999,0.0
libero_10/5,4500859,0,low_energy,8,-0.03084647091804848,0.8197037057531313,0.0
libero_10/5,4500859,0,distance_progress,1,-0.041162811422549364,0.4169578941733279,0.0
libero_10/5,4500859,0,distance_progress,2,-0.03803209892760054,0.5391796591539516,0.0
libero_10/5,4500859,0,distance_progress,4,-0.03405740261044874,0.6943502153542005,0.0
libero_10/5,4500859,0,distance_progress,8,-0.02998087758399974,0.8534961236815074,0.0
libero_10/5,4500859,0,benchmark_reward,1,-0.041162811422549364,0.41695789417332796,0.0
libero_10/5,4500859,0,benchmark_reward,2,-0.041162811422549364,0.41695789417332796,0.0
libero_10/5,4500859,0,benchmark_reward,4,-0.041162811422549364,0.41695789417332796,0.0
libero_10/5,4500859,0,benchmark_reward,8,-0.041162811422549364,0.41695789417332796,0.0
libero_10/5,4500859,0,oracle_real_utility,1,-0.041162811422549364,0.41695789417332796,0.0
libero_10/5,4500859,0,oracle_real_utility,2,-0.03685617324273899,0.5850873280701216,0.0
libero_10/5,4500859,0,oracle_real_utility,4,-0.032782175886659055,0.7441345571561074,0.0
libero_10/5,4500859,0,oracle_real_utility,8,-0.029350782565417916,0.8780947814633452,0.0
libero_10/5,4510866,1,random,1,-0.04291340642097528,0.44936064639044027,0.0
libero_10/5,4510866,1,random,2,-0.042538644229814085,0.4677750275918581,0.0
libero_10/5,4510866,1,random,4,-0.0429030338011793,0.4498703172683611,0.0
libero_10/5,4510866,1,random,8,-0.045341860264257225,0.33003570952399014,0.0
libero_10/5,4510866,1,learned_wam,1,-0.04291340642097528,0.4493606463904402,0.0
libero_10/5,4510866,1,learned_wam,2,-0.0392799232829532,0.627896115470574,0.0
libero_10/5,4510866,1,learned_wam,4,-0.036102037945924564,0.7840452505504013,0.0
libero_10/5,4510866,1,learned_wam,8,-0.03384384374556983,0.8950042795370717,0.0
libero_10/5,4510866,1,learned_physics_score,1,-0.04291340642097528,0.4493606463904402,0.0
libero_10/5,4510866,1,learned_physics_score,2,-0.0392799232829532,0.627896115470574,0.0
libero_10/5,4510866,1,learned_physics_score,4,-0.036102037945924564,0.7840452505504013,0.0
libero_10/5,4510866,1,learned_physics_score,8,-0.03384384374556983,0.8950042795370717,0.0
libero_10/5,4510866,1,learned_energy_regularized,1,-0.042913406420975284,0.4493606463904402,0.0
libero_10/5,4510866,1,learned_energy_regularized,2,-0.03911368807229372,0.6360642781358009,0.0
libero_10/5,4510866,1,learned_energy_regularized,4,-0.035936234419592455,0.792192201898291,0.0
libero_10/5,4510866,1,learned_energy_regularized,8,-0.033790531513491776,0.8976238387864767,0.0
libero_10/5,4510866,1,predicted_progress,1,-0.04291340642097528,0.4493606463904402,0.0
libero_10/5,4510866,1,predicted_progress,2,-0.04111314807334272,0.5378184584542021,0.0
libero_10/5,4510866,1,predicted_progress,4,-0.03862720823454671,0.6599680373472636,0.0
libero_10/5,4510866,1,predicted_progress,8,-0.035069134723299956,0.8347981656901289,0.0
libero_10/5,4510866,1,predicted_success,1,-0.042913406420975284,0.4493606463904402,0.0
libero_10/5,4510866,1,predicted_success,2,-0.042913406420975284,0.4493606463904402,0.0
libero_10/5,4510866,1,predicted_success,4,-0.042913406420975284,0.4493606463904402,0.0
libero_10/5,4510866,1,predicted_success,8,-0.042913406420975284,0.4493606463904402,0.0
libero_10/5,4510866,1,low_energy,1,-0.042913406420975284,0.4493606463904402,0.0
libero_10/5,4510866,1,low_energy,2,-0.03908575372020778,0.6374368653926192,0.0
libero_10/5,4510866,1,low_energy,4,-0.03584151950705105,0.7968461305659408,0.0
libero_10/5,4510866,1,low_energy,8,-0.033641548764131494,0.9049442814668203,0.0
libero_10/5,4510866,1,distance_progress,1,-0.042913406420975284,0.4493606463904402,0.0
libero_10/5,4510866,1,distance_progress,2,-0.04017792887688212,0.5837715540350259,0.0
libero_10/5,4510866,1,distance_progress,4,-0.037377019766744186,0.7213975186628698,0.0
libero_10/5,4510866,1,distance_progress,8,-0.03592345480747735,0.7928201431758373,0.0
libero_10/5,4510866,1,benchmark_reward,1,-0.042913406420975284,0.4493606463904402,0.0
libero_10/5,4510866,1,benchmark_reward,2,-0.042913406420975284,0.4493606463904402,0.0
libero_10/5,4510866,1,benchmark_reward,4,-0.042913406420975284,0.4493606463904402,0.0
libero_10/5,4510866,1,benchmark_reward,8,-0.042913406420975284,0.4493606463904402,0.0
libero_10/5,4510866,1,oracle_real_utility,1,-0.042913406420975284,0.4493606463904402,0.0
libero_10/5,4510866,1,oracle_real_utility,2,-0.03908575372020778,0.6374368653926192,0.0
libero_10/5,4510866,1,oracle_real_utility,4,-0.03584151950705105,0.7968461305659408,0.0
libero_10/5,4510866,1,oracle_real_utility,8,-0.033641548764131494,0.9049442814668203,0.0
libero_10/6,4600862,0,random,1,-0.03797249366495551,0.3887806520524172,0.0
libero_10/6,4600862,0,random,2,-0.04022462661124822,0.2638546253822519,0.0
libero_10/6,4600862,0,random,4,-0.041698136598089325,0.18211888761513412,0.0
libero_10/6,4600862,0,random,8,-0.04237528286430611,0.14455752044440295,0.0
libero_10/6,4600862,0,learned_wam,1,-0.03797249366495552,0.38878065205241724,0.0
libero_10/6,4600862,0,learned_wam,2,-0.0350287168271059,0.5520722305365316,0.0
libero_10/6,4600862,0,learned_wam,4,-0.03195254719936458,0.7227076495466569,0.0
libero_10/6,4600862,0,learned_wam,8,-0.029216830761692417,0.8744580980347114,0.0
libero_10/6,4600862,0,learned_physics_score,1,-0.03797249366495552,0.38878065205241724,0.0
libero_10/6,4600862,0,learned_physics_score,2,-0.0350287168271059,0.5520722305365316,0.0
libero_10/6,4600862,0,learned_physics_score,4,-0.03195254719936458,0.7227076495466569,0.0
libero_10/6,4600862,0,learned_physics_score,8,-0.029216830761692417,0.8744580980347114,0.0
libero_10/6,4600862,0,learned_energy_regularized,1,-0.03797249366495552,0.38878065205241724,0.0
libero_10/6,4600862,0,learned_energy_regularized,2,-0.03537950223151349,0.5326141311118664,0.0
libero_10/6,4600862,0,learned_energy_regularized,4,-0.032040243550466474,0.7178431246904905,0.0
libero_10/6,4600862,0,learned_energy_regularized,8,-0.029218939670526287,0.8743411166630484,0.0
libero_10/6,4600862,0,predicted_progress,1,-0.03797249366495552,0.3887806520524172,0.0
libero_10/6,4600862,0,predicted_progress,2,-0.03523384260395544,0.5406938843728968,0.0
libero_10/6,4600862,0,predicted_progress,4,-0.03260926063804562,0.6862796932440007,0.0
libero_10/6,4600862,0,predicted_progress,8,-0.03125643673362359,0.7613209626513253,0.0
libero_10/6,4600862,0,predicted_success,1,-0.0379724936649555,0.38878065205241724,0.0
libero_10/6,4600862,0,predicted_success,2,-0.0379724936649555,0.38878065205241724,0.0
libero_10/6,4600862,0,predicted_success,4,-0.0379724936649555,0.38878065205241724,0.0
libero_10/6,4600862,0,predicted_success,8,-0.0379724936649555,0.38878065205241724,0.0
libero_10/6,4600862,0,low_energy,1,-0.03797249366495552,0.38878065205241724,0.0
libero_10/6,4600862,0,low_energy,2,-0.03550375515809097,0.5257218095706289,0.0
libero_10/6,4600862,0,low_energy,4,-0.03246153862964324,0.6944738469647318,0.0
libero_10/6,4600862,0,low_energy,8,-0.029881619891661205,0.8375821823756352,0.0
libero_10/6,4600862,0,distance_progress,1,-0.03797249366495552,0.3887806520524172,0.0
libero_10/6,4600862,0,distance_progress,2,-0.03514077572131584,0.5458563131193359,0.0
libero_10/6,4600862,0,distance_progress,4,-0.03272972019649979,0.6795977901898782,0.0
libero_10/6,4600862,0,distance_progress,8,-0.031439550769370064,0.7511636098400707,0.0
libero_10/6,4600862,0,benchmark_reward,1,-0.0379724936649555,0.38878065205241724,0.0
libero_10/6,4600862,0,benchmark_reward,2,-0.0379724936649555,0.38878065205241724,0.0
libero_10/6,4600862,0,benchmark_reward,4,-0.0379724936649555,0.38878065205241724,0.0
libero_10/6,4600862,0,benchmark_reward,8,-0.0379724936649555,0.38878065205241724,0.0
libero_10/6,4600862,0,oracle_real_utility,1,-0.03797249366495552,0.3887806520524172,0.0
libero_10/6,4600862,0,oracle_real_utility,2,-0.0348529062576131,0.5618244593867462,0.0
libero_10/6,4600862,0,oracle_real_utility,4,-0.03174377214809188,0.7342884213062866,0.0
libero_10/6,4600862,0,oracle_real_utility,8,-0.02916338151568145,0.8774229327455829,0.0
libero_10/6,4610869,1,random,1,-0.03900629214558627,0.35850606182718814,0.0
libero_10/6,4610869,1,random,2,-0.03902432963822496,0.3574178295775887,0.0
libero_10/6,4610869,1,random,4,-0.037685563495231715,0.438187841278247,0.0
libero_10/6,4610869,1,random,8,-0.03530004395995509,0.5821102445933223,0.0
libero_10/6,4610869,1,learned_wam,1,-0.03900629214558627,0.35850606182718814,0.0
libero_10/6,4610869,1,learned_wam,2,-0.03617498071716668,0.5293238393744737,0.0
libero_10/6,4610869,1,learned_wam,4,-0.03298383637216666,0.7218509416119567,0.0
libero_10/6,4610869,1,learned_wam,8,-0.030299945884361475,0.8837745660163155,0.0
libero_10/6,4610869,1,learned_physics_score,1,-0.03900629214558627,0.35850606182718814,0.0
libero_10/6,4610869,1,learned_physics_score,2,-0.03617498071716668,0.5293238393744737,0.0
libero_10/6,4610869,1,learned_physics_score,4,-0.03298383637216666,0.7218509416119567,0.0
libero_10/6,4610869,1,learned_physics_score,8,-0.030299945884361475,0.8837745660163155,0.0
libero_10/6,4610869,1,learned_energy_regularized,1,-0.03900629214558627,0.35850606182718814,0.0
libero_10/6,4610869,1,learned_energy_regularized,2,-0.036536335522424114,0.5075226965822938,0.0
libero_10/6,4610869,1,learned_energy_regularized,4,-0.0333636471940737,0.6989363163131136,0.0
libero_10/6,4610869,1,learned_energy_regularized,8,-0.030394659882810482,0.8780603112878249,0.0
libero_10/6,4610869,1,predicted_progress,1,-0.03900629214558628,0.35850606182718814,0.0
libero_10/6,4610869,1,predicted_progress,2,-0.038278671311136714,0.402404649806665,0.0
libero_10/6,4610869,1,predicted_progress,4,-0.03797586542413385,0.4206734379473378,0.0
libero_10/6,4610869,1,predicted_progress,8,-0.03795617497728773,0.4218613957026752,0.0
libero_10/6,4610869,1,predicted_success,1,-0.03900629214558628,0.3585060618271882,0.0
libero_10/6,4610869,1,predicted_success,2,-0.03900629214558628,0.3585060618271882,0.0
libero_10/6,4610869,1,predicted_success,4,-0.03900629214558628,0.3585060618271882,0.0
libero_10/6,4610869,1,predicted_success,8,-0.03900629214558628,0.3585060618271882,0.0
libero_10/6,4610869,1,low_energy,1,-0.03900629214558626,0.35850606182718814,0.0
libero_10/6,4610869,1,low_energy,2,-0.0366853304149367,0.4985335842757387,0.0
libero_10/6,4610869,1,low_energy,4,-0.03346840374045295,0.6926161777877583,0.0
libero_10/6,4610869,1,low_energy,8,-0.030405210638506364,0.8774237664622276,0.0
libero_10/6,4610869,1,distance_progress,1,-0.03900629214558628,0.35850606182718814,0.0
libero_10/6,4610869,1,distance_progress,2,-0.03673113459601188,0.4957701410405301,0.0
libero_10/6,4610869,1,distance_progress,4,-0.03481860743835909,0.6111561191741448,0.0
libero_10/6,4610869,1,distance_progress,8,-0.03355841088591916,0.6871858954113346,0.0
libero_10/6,4610869,1,benchmark_reward,1,-0.03900629214558628,0.3585060618271882,0.0
libero_10/6,4610869,1,benchmark_reward,2,-0.03900629214558628,0.3585060618271882,0.0
libero_10/6,4610869,1,benchmark_reward,4,-0.03900629214558628,0.3585060618271882,0.0
libero_10/6,4610869,1,benchmark_reward,8,-0.03900629214558628,0.3585060618271882,0.0
libero_10/6,4610869,1,oracle_real_utility,1,-0.03900629214558627,0.35850606182718814,0.0
libero_10/6,4610869,1,oracle_real_utility,2,-0.03609940696754436,0.5338833307189518,0.0
libero_10/6,4610869,1,oracle_real_utility,4,-0.03297197230636143,0.7225667206439564,0.0
libero_10/6,4610869,1,oracle_real_utility,8,-0.030299767838766554,0.8837853078063288,0.0
libero_10/7,4700865,0,random,1,-0.013189663601694004,0.34752389074986506,0.0
libero_10/7,4700865,0,random,2,-0.013068786346670296,0.35481260955021443,0.0
libero_10/7,4700865,0,random,4,-0.013105933267193465,0.3525727054595795,0.0
libero_10/7,4700865,0,random,8,-0.012135961554070566,0.4110605579497712,0.0
libero_10/7,4700865,0,learned_wam,1,-0.013189663601694004,0.34752389074986506,0.0
libero_10/7,4700865,0,learned_wam,2,-0.010955289593291458,0.4822533221789734,0.0
libero_10/7,4700865,0,learned_wam,4,-0.008398401294587712,0.6364298859129855,0.0
libero_10/7,4700865,0,learned_wam,8,-0.005567561153178609,0.8071253385473556,0.0
libero_10/7,4700865,0,learned_physics_score,1,-0.013189663601694004,0.34752389074986506,0.0
libero_10/7,4700865,0,learned_physics_score,2,-0.010955289593291458,0.4822533221789734,0.0
libero_10/7,4700865,0,learned_physics_score,4,-0.008398401294587712,0.6364298859129855,0.0
libero_10/7,4700865,0,learned_physics_score,8,-0.005567561153178609,0.8071253385473556,0.0
libero_10/7,4700865,0,learned_energy_regularized,1,-0.013189663601694004,0.34752389074986506,0.0
libero_10/7,4700865,0,learned_energy_regularized,2,-0.011071317391880876,0.47525701839315393,0.0
libero_10/7,4700865,0,learned_energy_regularized,4,-0.00859387599863749,0.6246430518214859,0.0
libero_10/7,4700865,0,learned_energy_regularized,8,-0.005638625168969088,0.8028402840280517,0.0
libero_10/7,4700865,0,predicted_progress,1,-0.013189663601694004,0.3475238907498651,0.0
libero_10/7,4700865,0,predicted_progress,2,-0.013154976242375941,0.3496154869558382,0.0
libero_10/7,4700865,0,predicted_progress,4,-0.014032699651529569,0.2966900700728194,0.0
libero_10/7,4700865,0,predicted_progress,8,-0.014839746901784058,0.2480263205150851,0.0
libero_10/7,4700865,0,predicted_success,1,-0.013189663601694004,0.3475238907498651,0.0
libero_10/7,4700865,0,predicted_success,2,-0.013189663601694004,0.3475238907498651,0.0
libero_10/7,4700865,0,predicted_success,4,-0.013189663601694004,0.3475238907498651,0.0
libero_10/7,4700865,0,predicted_success,8,-0.013189663601694004,0.3475238907498651,0.0
libero_10/7,4700865,0,low_energy,1,-0.013189663601694004,0.34752389074986506,0.0
libero_10/7,4700865,0,low_energy,2,-0.010994150994703165,0.4799100374392439,0.0
libero_10/7,4700865,0,low_energy,4,-0.008474695551459393,0.6318294556309589,0.0
libero_10/7,4700865,0,low_energy,8,-0.005555109987381932,0.8078761253369025,0.0
libero_10/7,4700865,0,distance_progress,1,-0.013189663601694004,0.34752389074986506,0.0
libero_10/7,4700865,0,distance_progress,2,-0.013388962381395128,0.33550647058087335,0.0
libero_10/7,4700865,0,distance_progress,4,-0.013596656989418334,0.32298279444401035,0.0
libero_10/7,4700865,0,distance_progress,8,-0.012482331863239344,0.39017494316784945,0.0
libero_10/7,4700865,0,benchmark_reward,1,-0.013189663601694004,0.3475238907498651,0.0
libero_10/7,4700865,0,benchmark_reward,2,-0.013189663601694004,0.3475238907498651,0.0
libero_10/7,4700865,0,benchmark_reward,4,-0.013189663601694004,0.3475238907498651,0.0
libero_10/7,4700865,0,benchmark_reward,8,-0.013189663601694004,0.3475238907498651,0.0
libero_10/7,4700865,0,oracle_real_utility,1,-0.013189663601694004,0.34752389074986506,0.0
libero_10/7,4700865,0,oracle_real_utility,2,-0.010592434548391778,0.5041329420217896,0.0
libero_10/7,4700865,0,oracle_real_utility,4,-0.007790984238802012,0.6730562314838682,0.0
libero_10/7,4700865,0,oracle_real_utility,8,-0.005183841659298621,0.8302630536497959,0.0
libero_10/7,4710872,1,random,1,-0.01459939451384181,0.6126445489652997,0.0
libero_10/7,4710872,1,random,2,-0.013544839681230311,0.659078331808981,0.0
libero_10/7,4710872,1,random,4,-0.01284306028787826,0.6899788321408443,0.0
libero_10/7,4710872,1,random,8,-0.011894885333069097,0.7317285340889135,0.0
libero_10/7,4710872,1,learned_wam,1,-0.01459939451384181,0.6126445489652997,0.0
libero_10/7,4710872,1,learned_wam,2,-0.010810869808763852,0.7794595196177739,0.0
libero_10/7,4710872,1,learned_wam,4,-0.00856765889996497,0.8782317835064148,0.0
libero_10/7,4710872,1,learned_wam,8,-0.0077550571461959174,0.9140119745463315,0.0
libero_10/7,4710872,1,learned_physics_score,1,-0.01459939451384181,0.6126445489652997,0.0
libero_10/7,4710872,1,learned_physics_score,2,-0.010810869808763852,0.7794595196177739,0.0
libero_10/7,4710872,1,learned_physics_score,4,-0.00856765889996497,0.8782317835064148,0.0
libero_10/7,4710872,1,learned_physics_score,8,-0.0077550571461959174,0.9140119745463315,0.0
libero_10/7,4710872,1,learned_energy_regularized,1,-0.01459939451384181,0.6126445489652997,0.0
libero_10/7,4710872,1,learned_energy_regularized,2,-0.010718143284692245,0.7835424209041184,0.0
libero_10/7,4710872,1,learned_energy_regularized,4,-0.008427120261918941,0.8844199307685308,0.0
libero_10/7,4710872,1,learned_energy_regularized,8,-0.007707991742778728,0.9160843416287638,0.0
libero_10/7,4710872,1,predicted_progress,1,-0.01459939451384181,0.6126445489652997,0.0
libero_10/7,4710872,1,predicted_progress,2,-0.012628488943733265,0.6994267611535371,0.0
libero_10/7,4710872,1,predicted_progress,4,-0.01157129521825799,0.7459767387880393,0.0
libero_10/7,4710872,1,predicted_progress,8,-0.012467578933741983,0.7065118934105359,0.0
libero_10/7,4710872,1,predicted_success,1,-0.01459939451384181,0.6126445489652999,0.0
libero_10/7,4710872,1,predicted_success,2,-0.01459939451384181,0.6126445489652999,0.0
libero_10/7,4710872,1,predicted_success,4,-0.01459939451384181,0.6126445489652999,0.0
libero_10/7,4710872,1,predicted_success,8,-0.01459939451384181,0.6126445489652999,0.0
libero_10/7,4710872,1,low_energy,1,-0.01459939451384181,0.6126445489652997,0.0
libero_10/7,4710872,1,low_energy,2,-0.010718143284692245,0.7835424209041184,0.0
libero_10/7,4710872,1,low_energy,4,-0.008427120261918941,0.8844199307685308,0.0
libero_10/7,4710872,1,low_energy,8,-0.007707991742778728,0.9160843416287638,0.0
libero_10/7,4710872,1,distance_progress,1,-0.01459939451384181,0.6126445489652997,0.0
libero_10/7,4710872,1,distance_progress,2,-0.011432854378335529,0.7520725165502418,0.0
libero_10/7,4710872,1,distance_progress,4,-0.010305805853963464,0.8016983158132222,0.0
libero_10/7,4710872,1,distance_progress,8,-0.01006839297145901,0.8121519953086774,0.0
libero_10/7,4710872,1,benchmark_reward,1,-0.01459939451384181,0.6126445489652999,0.0
libero_10/7,4710872,1,benchmark_reward,2,-0.01459939451384181,0.6126445489652999,0.0
libero_10/7,4710872,1,benchmark_reward,4,-0.01459939451384181,0.6126445489652999,0.0
libero_10/7,4710872,1,benchmark_reward,8,-0.01459939451384181,0.6126445489652999,0.0
libero_10/7,4710872,1,oracle_real_utility,1,-0.01459939451384181,0.6126445489652999,0.0
libero_10/7,4710872,1,oracle_real_utility,2,-0.010645706988626765,0.7867319100966109,0.0
libero_10/7,4710872,1,oracle_real_utility,4,-0.00809323420974212,0.8991214825151758,0.0
libero_10/7,4710872,1,oracle_real_utility,8,-0.00675091684655056,0.958225922627966,0.0
libero_10/8,4800868,0,random,1,-0.025060121106986345,0.6648400687434269,0.0
libero_10/8,4800868,0,random,2,-0.025483012950706797,0.6460675796432834,0.0
libero_10/8,4800868,0,random,4,-0.024385152631317866,0.6948024303746032,0.0
libero_10/8,4800868,0,random,8,-0.02131772170252862,0.8309680115538046,0.0
libero_10/8,4800868,0,learned_wam,1,-0.02506012110698634,0.664840068743427,0.0
libero_10/8,4800868,0,learned_wam,2,-0.021542027698309898,0.8210108985864417,0.0
libero_10/8,4800868,0,learned_wam,4,-0.019731087364910357,0.901399910988927,0.0
libero_10/8,4800868,0,learned_wam,8,-0.01866107683687021,0.9488984883981206,0.0
libero_10/8,4800868,0,learned_physics_score,1,-0.02506012110698634,0.664840068743427,0.0
libero_10/8,4800868,0,learned_physics_score,2,-0.021542027698309898,0.8210108985864417,0.0
libero_10/8,4800868,0,learned_physics_score,4,-0.019731087364910357,0.901399910988927,0.0
libero_10/8,4800868,0,learned_physics_score,8,-0.01866107683687021,0.9488984883981206,0.0
libero_10/8,4800868,0,learned_energy_regularized,1,-0.025060121106986345,0.664840068743427,0.0
libero_10/8,4800868,0,learned_energy_regularized,2,-0.021364744596076873,0.8288806297097241,0.0
libero_10/8,4800868,0,learned_energy_regularized,4,-0.019693361547308996,0.9030745885932169,0.0
libero_10/8,4800868,0,learned_energy_regularized,8,-0.019708027412598084,0.9024235597299941,0.0
libero_10/8,4800868,0,predicted_progress,1,-0.02506012110698634,0.6648400687434272,0.0
libero_10/8,4800868,0,predicted_progress,2,-0.024366088108767968,0.6956487189637109,0.0
libero_10/8,4800868,0,predicted_progress,4,-0.021896528362159075,0.8052743457374785,0.0
libero_10/8,4800868,0,predicted_progress,8,-0.020391349621115853,0.8720903695733037,0.0
libero_10/8,4800868,0,predicted_success,1,-0.02506012110698634,0.664840068743427,0.0
libero_10/8,4800868,0,predicted_success,2,-0.02506012110698634,0.664840068743427,0.0
libero_10/8,4800868,0,predicted_success,4,-0.02506012110698634,0.664840068743427,0.0
libero_10/8,4800868,0,predicted_success,8,-0.02506012110698634,0.664840068743427,0.0
libero_10/8,4800868,0,low_energy,1,-0.025060121106986345,0.664840068743427,0.0
libero_10/8,4800868,0,low_energy,2,-0.021377310667982603,0.8283228122644725,0.0
libero_10/8,4800868,0,low_energy,4,-0.01973596838486436,0.9011832388179104,0.0
libero_10/8,4800868,0,low_energy,8,-0.01977504625504034,0.8994485425762389,0.0
libero_10/8,4800868,0,distance_progress,1,-0.02506012110698634,0.664840068743427,0.0
libero_10/8,4800868,0,distance_progress,2,-0.022801968429270514,0.7650811756797495,0.0
libero_10/8,4800868,0,distance_progress,4,-0.021910829814659565,0.8046394934338263,0.0
libero_10/8,4800868,0,distance_progress,8,-0.020819071645624986,0.8531034650911808,0.0
libero_10/8,4800868,0,benchmark_reward,1,-0.02506012110698634,0.664840068743427,0.0
libero_10/8,4800868,0,benchmark_reward,2,-0.02506012110698634,0.664840068743427,0.0
libero_10/8,4800868,0,benchmark_reward,4,-0.02506012110698634,0.664840068743427,0.0
libero_10/8,4800868,0,benchmark_reward,8,-0.02506012110698634,0.664840068743427,0.0
libero_10/8,4800868,0,oracle_real_utility,1,-0.025060121106986345,0.664840068743427,0.0
libero_10/8,4800868,0,oracle_real_utility,2,-0.02117944837505911,0.8371060692423277,0.0
libero_10/8,4800868,0,oracle_real_utility,4,-0.01894451921317038,0.9363162667293312,0.0
libero_10/8,4800868,0,oracle_real_utility,8,-0.01794027322217736,0.9808955065508527,0.0
libero_10/8,4810875,1,random,1,-0.02457189257563859,0.37058326796881214,0.0
libero_10/8,4810875,1,random,2,-0.026411579099218985,0.2504091866219107,0.0
libero_10/8,4810875,1,random,4,-0.02707077698647843,0.20734831754892985,0.0
libero_10/8,4810875,1,random,8,-0.027250441127048,0.19561209359599907,0.0
libero_10/8,4810875,1,learned_wam,1,-0.024571892575638587,0.37058326796881214,0.0
libero_10/8,4810875,1,learned_wam,2,-0.021504419970377626,0.5709601787463034,0.0
libero_10/8,4810875,1,learned_wam,4,-0.018552686166006336,0.7637766688244909,0.0
libero_10/8,4810875,1,learned_wam,8,-0.016572008738105513,0.8931607172977486,0.0
libero_10/8,4810875,1,learned_physics_score,1,-0.024571892575638587,0.37058326796881214,0.0
libero_10/8,4810875,1,learned_physics_score,2,-0.021504419970377626,0.5709601787463034,0.0
libero_10/8,4810875,1,learned_physics_score,4,-0.018552686166006336,0.7637766688244909,0.0
libero_10/8,4810875,1,learned_physics_score,8,-0.016572008738105513,0.8931607172977486,0.0
libero_10/8,4810875,1,learned_energy_regularized,1,-0.024571892575638587,0.37058326796881214,0.0
libero_10/8,4810875,1,learned_energy_regularized,2,-0.021438326998053807,0.5752775785482236,0.0
libero_10/8,4810875,1,learned_energy_regularized,4,-0.018328589681720884,0.7784153525278765,0.0
libero_10/8,4810875,1,learned_energy_regularized,8,-0.01621951397825209,0.9161867782065055,0.0
libero_10/8,4810875,1,predicted_progress,1,-0.024571892575638587,0.37058326796881214,0.0
libero_10/8,4810875,1,predicted_progress,2,-0.025838843443766864,0.2878220721142833,0.0
libero_10/8,4810875,1,predicted_progress,4,-0.027414520604833764,0.1848939085910841,0.0
libero_10/8,4810875,1,predicted_progress,8,-0.029032017609115203,0.07923394202646407,0.0
libero_10/8,4810875,1,predicted_success,1,-0.024571892575638587,0.37058326796881214,0.0
libero_10/8,4810875,1,predicted_success,2,-0.024571892575638587,0.37058326796881214,0.0
libero_10/8,4810875,1,predicted_success,4,-0.024571892575638587,0.37058326796881214,0.0
libero_10/8,4810875,1,predicted_success,8,-0.024571892575638587,0.37058326796881214,0.0
libero_10/8,4810875,1,low_energy,1,-0.024571892575638587,0.37058326796881214,0.0
libero_10/8,4810875,1,low_energy,2,-0.021438326998053807,0.5752775785482236,0.0
libero_10/8,4810875,1,low_energy,4,-0.018328589681720884,0.7784153525278765,0.0
libero_10/8,4810875,1,low_energy,8,-0.01621951397825209,0.9161867782065055,0.0
libero_10/8,4810875,1,distance_progress,1,-0.024571892575638587,0.37058326796881214,0.0
libero_10/8,4810875,1,distance_progress,2,-0.023851629612987778,0.41763309888038597,0.0
libero_10/8,4810875,1,distance_progress,4,-0.024437722576261197,0.3793476722370525,0.0
libero_10/8,4810875,1,distance_progress,8,-0.026192041241607664,0.264750086563908,0.0
libero_10/8,4810875,1,benchmark_reward,1,-0.024571892575638587,0.37058326796881214,0.0
libero_10/8,4810875,1,benchmark_reward,2,-0.024571892575638587,0.37058326796881214,0.0
libero_10/8,4810875,1,benchmark_reward,4,-0.024571892575638587,0.37058326796881214,0.0
libero_10/8,4810875,1,benchmark_reward,8,-0.024571892575638587,0.37058326796881214,0.0
libero_10/8,4810875,1,oracle_real_utility,1,-0.024571892575638587,0.37058326796881214,0.0
libero_10/8,4810875,1,oracle_real_utility,2,-0.02142681591051077,0.5760295188125333,0.0
libero_10/8,4810875,1,oracle_real_utility,4,-0.018313870370233434,0.7793768640209435,0.0
libero_10/8,4810875,1,oracle_real_utility,8,-0.01621465468011711,0.9165042027687214,0.0
libero_10/9,4900871,0,random,1,-0.04207234154187237,0.6572059450047855,0.0
libero_10/9,4900871,0,random,2,-0.04481157516938028,0.4977999463328916,0.0
libero_10/9,4900871,0,random,4,-0.04740925104538861,0.34663170968353346,0.0
libero_10/9,4900871,0,random,8,-0.04956392583268674,0.22124332264226887,0.0
libero_10/9,4900871,0,learned_wam,1,-0.042072341541872366,0.6572059450047855,0.0
libero_10/9,4900871,0,learned_wam,2,-0.038970749454181004,0.8376989045122558,0.0
libero_10/9,4900871,0,learned_wam,4,-0.03755229815969867,0.9202437604507054,0.0
libero_10/9,4900871,0,learned_wam,8,-0.03682658128928276,0.9624758728634519,0.0
libero_10/9,4900871,0,learned_physics_score,1,-0.042072341541872366,0.6572059450047855,0.0
libero_10/9,4900871,0,learned_physics_score,2,-0.038970749454181004,0.8376989045122558,0.0
libero_10/9,4900871,0,learned_physics_score,4,-0.03755229815969867,0.9202437604507054,0.0
libero_10/9,4900871,0,learned_physics_score,8,-0.03682658128928276,0.9624758728634519,0.0
libero_10/9,4900871,0,learned_energy_regularized,1,-0.042072341541872366,0.6572059450047855,0.0
libero_10/9,4900871,0,learned_energy_regularized,2,-0.03899906192768563,0.8360512983830986,0.0
libero_10/9,4900871,0,learned_energy_regularized,4,-0.03767383603974525,0.9131710277890097,0.0
libero_10/9,4900871,0,learned_energy_regularized,8,-0.037064136643565004,0.9486516600949819,0.0
libero_10/9,4900871,0,predicted_progress,1,-0.04207234154187237,0.6572059450047855,0.0
libero_10/9,4900871,0,predicted_progress,2,-0.03979430937208901,0.7897729481929678,0.0
libero_10/9,4900871,0,predicted_progress,4,-0.03887415487676442,0.8433200953901543,0.0
libero_10/9,4900871,0,predicted_progress,8,-0.03900157634645873,0.8359049751810241,0.0
libero_10/9,4900871,0,predicted_success,1,-0.04207234154187237,0.6572059450047855,0.0
libero_10/9,4900871,0,predicted_success,2,-0.04207234154187237,0.6572059450047855,0.0
libero_10/9,4900871,0,predicted_success,4,-0.04207234154187237,0.6572059450047855,0.0
libero_10/9,4900871,0,predicted_success,8,-0.04207234154187237,0.6572059450047855,0.0
libero_10/9,4900871,0,low_energy,1,-0.042072341541872366,0.6572059450047855,0.0
libero_10/9,4900871,0,low_energy,2,-0.03899906192768563,0.8360512983830986,0.0
libero_10/9,4900871,0,low_energy,4,-0.03767383603974525,0.9131710277890097,0.0
libero_10/9,4900871,0,low_energy,8,-0.037064136643565004,0.9486516600949819,0.0
libero_10/9,4900871,0,distance_progress,1,-0.04207234154187237,0.6572059450047855,0.0
libero_10/9,4900871,0,distance_progress,2,-0.04167089037959102,0.6805678528022124,0.0
libero_10/9,4900871,0,distance_progress,4,-0.03988615937561761,0.7844278613798312,0.0
libero_10/9,4900871,0,distance_progress,8,-0.038198552980154864,0.8826358346364085,0.0
libero_10/9,4900871,0,benchmark_reward,1,-0.04207234154187237,0.6572059450047855,0.0
libero_10/9,4900871,0,benchmark_reward,2,-0.04207234154187237,0.6572059450047855,0.0
libero_10/9,4900871,0,benchmark_reward,4,-0.04207234154187237,0.6572059450047855,0.0
libero_10/9,4900871,0,benchmark_reward,8,-0.04207234154187237,0.6572059450047855,0.0
libero_10/9,4900871,0,oracle_real_utility,1,-0.042072341541872366,0.6572059450047854,0.0
libero_10/9,4900871,0,oracle_real_utility,2,-0.03876291584336334,0.8497935005909831,0.0
libero_10/9,4900871,0,oracle_real_utility,4,-0.03712436477473266,0.9451467654045445,0.0
libero_10/9,4900871,0,oracle_real_utility,8,-0.036510478262458686,0.9808710612723877,0.0
libero_10/9,4910878,1,random,1,-0.03629897064958566,0.48309862215296456,0.0
libero_10/9,4910878,1,random,2,-0.037300069617414916,0.4086736837818013,0.0
libero_10/9,4910878,1,random,4,-0.03759164985028463,0.38699666526620635,0.0
libero_10/9,4910878,1,random,8,-0.036938133198154616,0.43558120897497676,0.0
libero_10/9,4910878,1,learned_wam,1,-0.03629897064958567,0.48309862215296456,0.0
libero_10/9,4910878,1,learned_wam,2,-0.033875796764508755,0.6632452139035429,0.0
libero_10/9,4910878,1,learned_wam,4,-0.031994103633237514,0.8031363733480196,0.0
libero_10/9,4910878,1,learned_wam,8,-0.030873522144046647,0.8864440291872189,0.0
libero_10/9,4910878,1,learned_physics_score,1,-0.03629897064958567,0.48309862215296456,0.0
libero_10/9,4910878,1,learned_physics_score,2,-0.033875796764508755,0.6632452139035429,0.0
libero_10/9,4910878,1,learned_physics_score,4,-0.031994103633237514,0.8031363733480196,0.0
libero_10/9,4910878,1,learned_physics_score,8,-0.030873522144046647,0.8864440291872189,0.0
libero_10/9,4910878,1,learned_energy_regularized,1,-0.03629897064958567,0.48309862215296456,0.0
libero_10/9,4910878,1,learned_energy_regularized,2,-0.03391432498563036,0.6603809012085216,0.0
libero_10/9,4910878,1,learned_energy_regularized,4,-0.03208029109838395,0.7967289181532562,0.0
libero_10/9,4910878,1,learned_energy_regularized,8,-0.030885619230217223,0.88554469263644,0.0
libero_10/9,4910878,1,predicted_progress,1,-0.03629897064958567,0.48309862215296456,0.0
libero_10/9,4910878,1,predicted_progress,2,-0.03679858840540666,0.44595542065037524,0.0
libero_10/9,4910878,1,predicted_progress,4,-0.03803399579518972,0.35411123560715746,0.0
libero_10/9,4910878,1,predicted_progress,8,-0.0396940308378554,0.23069885609760504,0.0
libero_10/9,4910878,1,predicted_success,1,-0.03629897064958567,0.4830986221529645,0.0
libero_10/9,4910878,1,predicted_success,2,-0.03629897064958567,0.4830986221529645,0.0
libero_10/9,4910878,1,predicted_success,4,-0.03629897064958567,0.4830986221529645,0.0
libero_10/9,4910878,1,predicted_success,8,-0.03629897064958567,0.4830986221529645,0.0
libero_10/9,4910878,1,low_energy,1,-0.03629897064958567,0.48309862215296456,0.0
libero_10/9,4910878,1,low_energy,2,-0.034108451210938175,0.6459489291267914,0.0
libero_10/9,4910878,1,low_energy,4,-0.03215612165514481,0.7910914290588303,0.0
libero_10/9,4910878,1,low_energy,8,-0.030887859341879348,0.8853781554830158,0.0
libero_10/9,4910878,1,distance_progress,1,-0.03629897064958567,0.48309862215296456,0.0
libero_10/9,4910878,1,distance_progress,2,-0.03614277435940162,0.49471076005773057,0.0
libero_10/9,4910878,1,distance_progress,4,-0.03677814559235833,0.4474752055569111,0.0
libero_10/9,4910878,1,distance_progress,8,-0.03750242168417951,0.39363017601464423,0.0
libero_10/9,4910878,1,benchmark_reward,1,-0.03629897064958567,0.4830986221529645,0.0
libero_10/9,4910878,1,benchmark_reward,2,-0.03629897064958567,0.4830986221529645,0.0
libero_10/9,4910878,1,benchmark_reward,4,-0.03629897064958567,0.4830986221529645,0.0
libero_10/9,4910878,1,benchmark_reward,8,-0.03629897064958567,0.4830986221529645,0.0
libero_10/9,4910878,1,oracle_real_utility,1,-0.03629897064958567,0.48309862215296456,0.0
libero_10/9,4910878,1,oracle_real_utility,2,-0.033626900466312434,0.6817489705243679,0.0
libero_10/9,4910878,1,oracle_real_utility,4,-0.03155589886801777,0.8357139343020058,0.0
libero_10/9,4910878,1,oracle_real_utility,8,-0.030313598094716412,0.928070595793611,0.0
