task_key,seed,state_id,scorer,N,utility_exact,utility_mc,utility_abs_error
libero_spatial/0,1000754,0,learned_wam,1,-0.05387626937125217,-0.053953468693937905,7.719932268573232e-05
libero_spatial/0,1000754,0,learned_wam,2,-0.05108877648891677,-0.05135585460157676,0.00026707811265998943
libero_spatial/0,1000754,0,learned_wam,4,-0.048616693673264905,-0.0484709934313539,0.00014570024191100373
libero_spatial/0,1000754,0,learned_wam,8,-0.0466238632592249,-0.04667048917674512,4.662591752022105e-05
libero_spatial/0,1000754,0,learned_physics_score,1,-0.05387626937125217,-0.053953468693937905,7.719932268573232e-05
libero_spatial/0,1000754,0,learned_physics_score,2,-0.05108877648891677,-0.05135585460157676,0.00026707811265998943
libero_spatial/0,1000754,0,learned_physics_score,4,-0.048616693673264905,-0.0484709934313539,0.00014570024191100373
libero_spatial/0,1000754,0,learned_physics_score,8,-0.0466238632592249,-0.04667048917674512,4.662591752022105e-05
libero_spatial/0,1000754,0,learned_energy_regularized,1,-0.05387626937125217,-0.053953468693937905,7.719932268573232e-05
libero_spatial/0,1000754,0,learned_energy_regularized,2,-0.051141328385291576,-0.051417515493323206,0.00027618710803162944
libero_spatial/0,1000754,0,learned_energy_regularized,4,-0.048661855459212,-0.048521443251873714,0.0001404122073382849
libero_spatial/0,1000754,0,learned_energy_regularized,8,-0.04662914262549317,-0.04667329194455178,4.4149319058613135e-05
libero_spatial/0,1000754,0,oracle_real_utility,1,-0.05387626937125217,-0.053953468693937905,7.719932268573232e-05
libero_spatial/0,1000754,0,oracle_real_utility,2,-0.05095161914168768,-0.051187608255642406,0.00023598911395472655
libero_spatial/0,1000754,0,oracle_real_utility,4,-0.04854295172860916,-0.04837775921468574,0.00016519251392341922
libero_spatial/0,1000754,0,oracle_real_utility,8,-0.046602615289732884,-0.046652666916467245,5.00516267343612e-05
libero_spatial/0,1010761,1,learned_wam,1,-0.07597249401618365,-0.07523697777762027,0.0007355162385633829
libero_spatial/0,1010761,1,learned_wam,2,-0.07125031103830189,-0.07076415880667385,0.0004861522316280398
libero_spatial/0,1010761,1,learned_wam,4,-0.06709029026017067,-0.06756429366698465,0.000474003406813972
libero_spatial/0,1010761,1,learned_wam,8,-0.06376730205249961,-0.06383351401819302,6.62119656934107e-05
libero_spatial/0,1010761,1,learned_physics_score,1,-0.07597249401618365,-0.07523697777762027,0.0007355162385633829
libero_spatial/0,1010761,1,learned_physics_score,2,-0.07125031103830189,-0.07076415880667385,0.0004861522316280398
libero_spatial/0,1010761,1,learned_physics_score,4,-0.06709029026017067,-0.06756429366698465,0.000474003406813972
libero_spatial/0,1010761,1,learned_physics_score,8,-0.06376730205249961,-0.06383351401819302,6.62119656934107e-05
libero_spatial/0,1010761,1,learned_energy_regularized,1,-0.07597249401618367,-0.07523697777762027,0.0007355162385633968
libero_spatial/0,1010761,1,learned_energy_regularized,2,-0.07147012968876171,-0.07116881497418921,0.00030131471457249537
libero_spatial/0,1010761,1,learned_energy_regularized,4,-0.06669462202705806,-0.06704395421626003,0.0003493321892019674
libero_spatial/0,1010761,1,learned_energy_regularized,8,-0.0632317666782512,-0.06339565578721693,0.00016388910896572573
libero_spatial/0,1010761,1,oracle_real_utility,1,-0.07597249401618367,-0.07523697777762027,0.0007355162385633968
libero_spatial/0,1010761,1,oracle_real_utility,2,-0.07050884708957166,-0.07011533136898052,0.0003935157205911394
libero_spatial/0,1010761,1,oracle_real_utility,4,-0.06591850303141472,-0.06633306900551171,0.00041456597409698925
libero_spatial/0,1010761,1,oracle_real_utility,8,-0.063075073764236,-0.06315461380541651,7.95400411805064e-05
libero_spatial/1,1100757,0,learned_wam,1,-0.0332032533463945,-0.03362483345437102,0.00042158010797652135
libero_spatial/1,1100757,0,learned_wam,2,-0.029480332564002114,-0.02943375653875741,4.6576025244705194e-05
libero_spatial/1,1100757,0,learned_wam,4,-0.027425474018756096,-0.027540169655166574,0.00011469563641047786
libero_spatial/1,1100757,0,learned_wam,8,-0.02639404961986831,-0.026359364086992555,3.4685532875753516e-05
libero_spatial/1,1100757,0,learned_physics_score,1,-0.0332032533463945,-0.03362483345437102,0.00042158010797652135
libero_spatial/1,1100757,0,learned_physics_score,2,-0.029480332564002114,-0.02943375653875741,4.6576025244705194e-05
libero_spatial/1,1100757,0,learned_physics_score,4,-0.027425474018756096,-0.027540169655166574,0.00011469563641047786
libero_spatial/1,1100757,0,learned_physics_score,8,-0.02639404961986831,-0.026359364086992555,3.4685532875753516e-05
libero_spatial/1,1100757,0,learned_energy_regularized,1,-0.0332032533463945,-0.03362483345437102,0.00042158010797652135
libero_spatial/1,1100757,0,learned_energy_regularized,2,-0.029609852427127284,-0.029523556977190855,8.629544993642851e-05
libero_spatial/1,1100757,0,learned_energy_regularized,4,-0.02753678015112929,-0.027692139627900108,0.00015535947677081802
libero_spatial/1,1100757,0,learned_energy_regularized,8,-0.02640706119211639,-0.02637317953905924,3.388165305715299e-05
libero_spatial/1,1100757,0,oracle_real_utility,1,-0.0332032533463945,-0.03362483345437102,0.00042158010797652135
libero_spatial/1,1100757,0,oracle_real_utility,2,-0.029136042090867183,-0.02906196898004357,7.407311082361159e-05
libero_spatial/1,1100757,0,oracle_real_utility,4,-0.02702350332318474,-0.027115454481602512,9.19511584177718e-05
libero_spatial/1,1100757,0,oracle_real_utility,8,-0.02621687086415115,-0.026200470409903316,1.640045424783354e-05
libero_spatial/1,1110764,1,learned_wam,1,-0.0350861135074141,-0.03499419347191761,9.192003549648997e-05
libero_spatial/1,1110764,1,learned_wam,2,-0.033667141473359405,-0.033823942801611585,0.00015680132825218046
libero_spatial/1,1110764,1,learned_wam,4,-0.031765259299790155,-0.03200070162716388,0.00023544232737372772
libero_spatial/1,1110764,1,learned_wam,8,-0.030088475955429635,-0.03004476082316747,4.371513226216622e-05
libero_spatial/1,1110764,1,learned_physics_score,1,-0.0350861135074141,-0.03499419347191761,9.192003549648997e-05
libero_spatial/1,1110764,1,learned_physics_score,2,-0.033667141473359405,-0.033823942801611585,0.00015680132825218046
libero_spatial/1,1110764,1,learned_physics_score,4,-0.031765259299790155,-0.03200070162716388,0.00023544232737372772
libero_spatial/1,1110764,1,learned_physics_score,8,-0.030088475955429635,-0.03004476082316747,4.371513226216622e-05
libero_spatial/1,1110764,1,learned_energy_regularized,1,-0.0350861135074141,-0.03499419347191761,9.192003549648997e-05
libero_spatial/1,1110764,1,learned_energy_regularized,2,-0.03337165386850465,-0.03355665861714672,0.0001850047486420675
libero_spatial/1,1110764,1,learned_energy_regularized,4,-0.031166196474284376,-0.03137287277201083,0.00020667629772645746
libero_spatial/1,1110764,1,learned_energy_regularized,8,-0.029311260689254992,-0.02923064549199081,8.061519726418331e-05
libero_spatial/1,1110764,1,oracle_real_utility,1,-0.03508611350741409,-0.03499419347191761,9.192003549648303e-05
libero_spatial/1,1110764,1,oracle_real_utility,2,-0.033106531404953336,-0.03331352972572209,0.00020699832076875174
libero_spatial/1,1110764,1,oracle_real_utility,4,-0.031034487243195203,-0.031248225050094357,0.0002137378068991537
libero_spatial/1,1110764,1,oracle_real_utility,8,-0.029299736724354163,-0.029220074578135767,7.966214621839621e-05
libero_spatial/2,1200760,0,learned_wam,1,-0.03143149129717185,-0.03143619780156799,4.706504396143063e-06
libero_spatial/2,1200760,0,learned_wam,2,-0.028314523603891764,-0.028318826404177266,4.3028002855022285e-06
libero_spatial/2,1200760,0,learned_wam,4,-0.0259967964158674,-0.025707671619758534,0.0002891247961088646
libero_spatial/2,1200760,0,learned_wam,8,-0.024283621146948153,-0.024296746004276993,1.312485732883964e-05
libero_spatial/2,1200760,0,learned_physics_score,1,-0.03143149129717185,-0.03143619780156799,4.706504396143063e-06
libero_spatial/2,1200760,0,learned_physics_score,2,-0.028314523603891764,-0.028318826404177266,4.3028002855022285e-06
libero_spatial/2,1200760,0,learned_physics_score,4,-0.0259967964158674,-0.025707671619758534,0.0002891247961088646
libero_spatial/2,1200760,0,learned_physics_score,8,-0.024283621146948153,-0.024296746004276993,1.312485732883964e-05
libero_spatial/2,1200760,0,learned_energy_regularized,1,-0.03143149129717185,-0.03143619780156799,4.706504396143063e-06
libero_spatial/2,1200760,0,learned_energy_regularized,2,-0.02843441618717931,-0.02846574595047779,3.132976329848006e-05
libero_spatial/2,1200760,0,learned_energy_regularized,4,-0.026683543276655973,-0.026472337447840874,0.00021120582881509892
libero_spatial/2,1200760,0,learned_energy_regularized,8,-0.026265220323339073,-0.026187370979633393,7.784934370567986e-05
libero_spatial/2,1200760,0,oracle_real_utility,1,-0.03143149129717185,-0.03143619780156799,4.706504396143063e-06
libero_spatial/2,1200760,0,oracle_real_utility,2,-0.028271174509115773,-0.028274549130392,3.3746212762253425e-06
libero_spatial/2,1200760,0,oracle_real_utility,4,-0.025975183627829343,-0.02568829338634845,0.0002868902414808923
libero_spatial/2,1200760,0,oracle_real_utility,8,-0.02428223322439707,-0.024296746004276993,1.4512779879922305e-05
libero_spatial/2,1210767,1,learned_wam,1,-0.03929922504774852,-0.03914307394191976,0.00015615110582876263
libero_spatial/2,1210767,1,learned_wam,2,-0.03706000270393155,-0.037099458441807974,3.9455737876427366e-05
libero_spatial/2,1210767,1,learned_wam,4,-0.03491867095393433,-0.03479791685810383,0.00012075409583050395
libero_spatial/2,1210767,1,learned_wam,8,-0.03303415280533629,-0.03298224156076772,5.191124456856849e-05
libero_spatial/2,1210767,1,learned_physics_score,1,-0.03929922504774852,-0.03914307394191976,0.00015615110582876263
libero_spatial/2,1210767,1,learned_physics_score,2,-0.03706000270393155,-0.037099458441807974,3.9455737876427366e-05
libero_spatial/2,1210767,1,learned_physics_score,4,-0.03491867095393433,-0.03479791685810383,0.00012075409583050395
libero_spatial/2,1210767,1,learned_physics_score,8,-0.03303415280533629,-0.03298224156076772,5.191124456856849e-05
libero_spatial/2,1210767,1,learned_energy_regularized,1,-0.039299225047748514,-0.03914307394191976,0.0001561511058287557
libero_spatial/2,1210767,1,learned_energy_regularized,2,-0.03659886890207538,-0.03663554392525145,3.6675023176072075e-05
libero_spatial/2,1210767,1,learned_energy_regularized,4,-0.0339774049429782,-0.033900698906776584,7.670603620161393e-05
libero_spatial/2,1210767,1,learned_energy_regularized,8,-0.03191388867206217,-0.031901492320469356,1.2396351592815213e-05
libero_spatial/2,1210767,1,oracle_real_utility,1,-0.039299225047748514,-0.03914307394191976,0.0001561511058287557
libero_spatial/2,1210767,1,oracle_real_utility,2,-0.036482351116264355,-0.03652567465968375,4.332354341939765e-05
libero_spatial/2,1210767,1,oracle_real_utility,4,-0.0339045813268463,-0.03382960777552718,7.497355131912131e-05
libero_spatial/2,1210767,1,oracle_real_utility,8,-0.03190736370450348,-0.0318983851795144,8.97852498907975e-06
libero_spatial/3,1300763,0,learned_wam,1,-0.03150764070700732,-0.03151795086916131,1.031016215399111e-05
libero_spatial/3,1300763,0,learned_wam,2,-0.029170191907142092,-0.02906586256820443,0.00010432933893766289
libero_spatial/3,1300763,0,learned_wam,4,-0.027499890226677252,-0.027625398137167176,0.00012550791048992344
libero_spatial/3,1300763,0,learned_wam,8,-0.02564433863553834,-0.025657938369414292,1.3599733875952619e-05
libero_spatial/3,1300763,0,learned_physics_score,1,-0.03150764070700732,-0.03151795086916131,1.031016215399111e-05
libero_spatial/3,1300763,0,learned_physics_score,2,-0.029170191907142092,-0.02906586256820443,0.00010432933893766289
libero_spatial/3,1300763,0,learned_physics_score,4,-0.027499890226677252,-0.027625398137167176,0.00012550791048992344
libero_spatial/3,1300763,0,learned_physics_score,8,-0.02564433863553834,-0.025657938369414292,1.3599733875952619e-05
libero_spatial/3,1300763,0,learned_energy_regularized,1,-0.03150764070700732,-0.03151795086916131,1.031016215399111e-05
libero_spatial/3,1300763,0,learned_energy_regularized,2,-0.02871337223641397,-0.028646372513769832,6.699972264413712e-05
libero_spatial/3,1300763,0,learned_energy_regularized,4,-0.026695686320872065,-0.02682953766788663,0.00013385134701456372
libero_spatial/3,1300763,0,learned_energy_regularized,8,-0.02498680454688537,-0.025003372221082766,1.656767419739441e-05
libero_spatial/3,1300763,0,oracle_real_utility,1,-0.03150764070700732,-0.03151795086916131,1.031016215399111e-05
libero_spatial/3,1300763,0,oracle_real_utility,2,-0.02854721003285311,-0.028475759359673027,7.14506731800818e-05
libero_spatial/3,1300763,0,oracle_real_utility,4,-0.026557871641668354,-0.026705545293757186,0.0001476736520888318
libero_spatial/3,1300763,0,oracle_real_utility,8,-0.02492215884404092,-0.024932637965753453,1.0479121712533152e-05
libero_spatial/3,1310770,1,learned_wam,1,-0.030475332640385717,-0.030363841033756948,0.00011149160662876981
libero_spatial/3,1310770,1,learned_wam,2,-0.02850768820975026,-0.028597074583826845,8.9386374076586e-05
libero_spatial/3,1310770,1,learned_wam,4,-0.027049338899481284,-0.02720128375992471,0.00015194486044342592
libero_spatial/3,1310770,1,learned_wam,8,-0.02573504207663788,-0.02573110188461164,3.940192026239547e-06
libero_spatial/3,1310770,1,learned_physics_score,1,-0.030475332640385717,-0.030363841033756948,0.00011149160662876981
libero_spatial/3,1310770,1,learned_physics_score,2,-0.02850768820975026,-0.028597074583826845,8.9386374076586e-05
libero_spatial/3,1310770,1,learned_physics_score,4,-0.027049338899481284,-0.02720128375992471,0.00015194486044342592
libero_spatial/3,1310770,1,learned_physics_score,8,-0.02573504207663788,-0.02573110188461164,3.940192026239547e-06
libero_spatial/3,1310770,1,learned_energy_regularized,1,-0.03047533264038572,-0.030363841033756948,0.00011149160662877328
libero_spatial/3,1310770,1,learned_energy_regularized,2,-0.02859681532646782,-0.028631806788418816,3.4991461950996394e-05
libero_spatial/3,1310770,1,learned_energy_regularized,4,-0.0275481037428289,-0.027699575610475122,0.00015147186764622247
libero_spatial/3,1310770,1,learned_energy_regularized,8,-0.026435434964111767,-0.02649125543482137,5.58204707096048e-05
libero_spatial/3,1310770,1,oracle_real_utility,1,-0.03047533264038572,-0.030363841033756948,0.00011149160662877328
libero_spatial/3,1310770,1,oracle_real_utility,2,-0.028240936807013207,-0.02830938609099635,6.844928398314423e-05
libero_spatial/3,1310770,1,oracle_real_utility,4,-0.026712797153651806,-0.02682978481527058,0.00011698766161877261
libero_spatial/3,1310770,1,oracle_real_utility,8,-0.025567332892297397,-0.02558219389277111,1.4861000473712777e-05
libero_spatial/4,1400766,0,learned_wam,1,-0.024088106531678484,-0.02394955097031465,0.00013855556136383243
libero_spatial/4,1400766,0,learned_wam,2,-0.023654178997616182,-0.023609028304265405,4.5150693350776844e-05
libero_spatial/4,1400766,0,learned_wam,4,-0.023499268432741,-0.023549789195820355,5.052076307935499e-05
libero_spatial/4,1400766,0,learned_wam,8,-0.023234290646352414,-0.023207967146033036,2.6323500319377913e-05
libero_spatial/4,1400766,0,learned_physics_score,1,-0.024088106531678484,-0.02394955097031465,0.00013855556136383243
libero_spatial/4,1400766,0,learned_physics_score,2,-0.023654178997616182,-0.023609028304265405,4.5150693350776844e-05
libero_spatial/4,1400766,0,learned_physics_score,4,-0.023499268432741,-0.023549789195820355,5.052076307935499e-05
libero_spatial/4,1400766,0,learned_physics_score,8,-0.023234290646352414,-0.023207967146033036,2.6323500319377913e-05
libero_spatial/4,1400766,0,learned_energy_regularized,1,-0.024088106531678484,-0.02394955097031465,0.00013855556136383243
libero_spatial/4,1400766,0,learned_energy_regularized,2,-0.023444352387715764,-0.023404375308431036,3.9977079284728156e-05
libero_spatial/4,1400766,0,learned_energy_regularized,4,-0.02305497369274581,-0.023028623549485497,2.6350143260314707e-05
libero_spatial/4,1400766,0,learned_energy_regularized,8,-0.022813914355927258,-0.022832329558951592,1.8415203024334248e-05
libero_spatial/4,1400766,0,oracle_real_utility,1,-0.024088106531678484,-0.02394955097031465,0.00013855556136383243
libero_spatial/4,1400766,0,oracle_real_utility,2,-0.023184599559322158,-0.0231245082400132,6.0091319308959446e-05
libero_spatial/4,1400766,0,oracle_real_utility,4,-0.022659219176274017,-0.022642993235431216,1.6225940842801156e-05
libero_spatial/4,1400766,0,oracle_real_utility,8,-0.022355732182986577,-0.02236644794141541,1.0715758428831573e-05
libero_spatial/4,1410773,1,learned_wam,1,-0.030282690374855384,-0.030072155200255087,0.0002105351746002973
libero_spatial/4,1410773,1,learned_wam,2,-0.029104160522632438,-0.029498899745733345,0.0003947392231009074
libero_spatial/4,1410773,1,learned_wam,4,-0.026893556852614235,-0.026889613025770073,3.943826844161891e-06
libero_spatial/4,1410773,1,learned_wam,8,-0.024709646323759042,-0.02468687455075817,2.2771773000872936e-05
libero_spatial/4,1410773,1,learned_physics_score,1,-0.030282690374855384,-0.030072155200255087,0.0002105351746002973
libero_spatial/4,1410773,1,learned_physics_score,2,-0.029104160522632438,-0.029498899745733345,0.0003947392231009074
libero_spatial/4,1410773,1,learned_physics_score,4,-0.026893556852614235,-0.026889613025770073,3.943826844161891e-06
libero_spatial/4,1410773,1,learned_physics_score,8,-0.024709646323759042,-0.02468687455075817,2.2771773000872936e-05
libero_spatial/4,1410773,1,learned_energy_regularized,1,-0.03028269037485539,-0.030072155200255087,0.00021053517460030424
libero_spatial/4,1410773,1,learned_energy_regularized,2,-0.028219919130877322,-0.02843880935735434,0.00021889022647701706
libero_spatial/4,1410773,1,learned_energy_regularized,4,-0.026229440225001066,-0.0262157336625331,1.3706562467966782e-05
libero_spatial/4,1410773,1,learned_energy_regularized,8,-0.024603612685663592,-0.024551814054497852,5.1798631165739933e-05
libero_spatial/4,1410773,1,oracle_real_utility,1,-0.030282690374855384,-0.030072155200255087,0.0002105351746002973
libero_spatial/4,1410773,1,oracle_real_utility,2,-0.02773335928422847,-0.02788641532104967,0.00015305603682120097
libero_spatial/4,1410773,1,oracle_real_utility,4,-0.026032375843758636,-0.026044066867239087,1.1691023480451396e-05
libero_spatial/4,1410773,1,oracle_real_utility,8,-0.02456911341581616,-0.024531403286635486,3.771012918067293e-05
libero_spatial/5,1500769,0,learned_wam,1,-0.03084320096653923,-0.03099256844275059,0.00014936747621136295
libero_spatial/5,1500769,0,learned_wam,2,-0.027541447687410618,-0.027548742303889165,7.294616478546734e-06
libero_spatial/5,1500769,0,learned_wam,4,-0.02511293712052759,-0.02503825200621913,7.468511430845995e-05
libero_spatial/5,1500769,0,learned_wam,8,-0.02423796697847153,-0.024186035943839505,5.193103463202453e-05
libero_spatial/5,1500769,0,learned_physics_score,1,-0.03084320096653923,-0.03099256844275059,0.00014936747621136295
libero_spatial/5,1500769,0,learned_physics_score,2,-0.027541447687410618,-0.027548742303889165,7.294616478546734e-06
libero_spatial/5,1500769,0,learned_physics_score,4,-0.02511293712052759,-0.02503825200621913,7.468511430845995e-05
libero_spatial/5,1500769,0,learned_physics_score,8,-0.02423796697847153,-0.024186035943839505,5.193103463202453e-05
libero_spatial/5,1500769,0,learned_energy_regularized,1,-0.03084320096653922,-0.03099256844275059,0.0001493674762113699
libero_spatial/5,1500769,0,learned_energy_regularized,2,-0.027324923657349627,-0.027317783338490786,7.140318858841338e-06
libero_spatial/5,1500769,0,learned_energy_regularized,4,-0.024784767887466405,-0.024807293040820744,2.252515335433858e-05
libero_spatial/5,1500769,0,learned_energy_regularized,8,-0.024128065405794586,-0.02409365235768015,3.4413048114436545e-05
libero_spatial/5,1500769,0,oracle_real_utility,1,-0.030843200966539225,-0.03099256844275059,0.00014936747621136642
libero_spatial/5,1500769,0,oracle_real_utility,2,-0.027094056679133376,-0.02709108657703605,2.9701020973250947e-06
libero_spatial/5,1500769,0,oracle_real_utility,4,-0.024016437538783467,-0.023983057544933274,3.337999385019316e-05
libero_spatial/5,1500769,0,oracle_real_utility,8,-0.022440335874184175,-0.022407920531055007,3.2415343129168356e-05
libero_spatial/5,1510776,1,learned_wam,1,-0.034346446893252634,-0.03385982299203396,0.0004866239012186746
libero_spatial/5,1510776,1,learned_wam,2,-0.030248364826675388,-0.03010185452768408,0.0001465102989913064
libero_spatial/5,1510776,1,learned_wam,4,-0.026295483650327044,-0.026018128370428193,0.0002773552798988506
libero_spatial/5,1510776,1,learned_wam,8,-0.023766231191223654,-0.023760559022642663,5.672168580991149e-06
libero_spatial/5,1510776,1,learned_physics_score,1,-0.034346446893252634,-0.03385982299203396,0.0004866239012186746
libero_spatial/5,1510776,1,learned_physics_score,2,-0.030248364826675388,-0.03010185452768408,0.0001465102989913064
libero_spatial/5,1510776,1,learned_physics_score,4,-0.026295483650327044,-0.026018128370428193,0.0002773552798988506
libero_spatial/5,1510776,1,learned_physics_score,8,-0.023766231191223654,-0.023760559022642663,5.672168580991149e-06
libero_spatial/5,1510776,1,learned_energy_regularized,1,-0.034346446893252634,-0.03385982299203396,0.0004866239012186746
libero_spatial/5,1510776,1,learned_energy_regularized,2,-0.03018829105423614,-0.030048188887975204,0.00014010216626093516
libero_spatial/5,1510776,1,learned_energy_regularized,4,-0.026280465207217232,-0.026003109993235924,0.00027735521398130833
libero_spatial/5,1510776,1,learned_energy_regularized,8,-0.023765870029933047,-0.023760559022642663,5.311007290384473e-06
libero_spatial/5,1510776,1,oracle_real_utility,1,-0.034346446893252634,-0.03385982299203396,0.0004866239012186746
libero_spatial/5,1510776,1,oracle_real_utility,2,-0.030035677992480993,-0.029909533488296253,0.00012614450418474074
libero_spatial/5,1510776,1,oracle_real_utility,4,-0.02620028332169779,-0.025945863353497696,0.00025441996820009527
libero_spatial/5,1510776,1,oracle_real_utility,8,-0.023758743861262956,-0.02375711168852083,1.6321727421240995e-06
libero_spatial/6,1600772,0,learned_wam,1,-0.031128942281371308,-0.031010262881397542,0.00011867939997376592
libero_spatial/6,1600772,0,learned_wam,2,-0.02814649461891735,-0.02766310949591145,0.0004833851230059
libero_spatial/6,1600772,0,learned_wam,4,-0.025043244918272242,-0.025352644736748118,0.00030939981847587575
libero_spatial/6,1600772,0,learned_wam,8,-0.022897417514756886,-0.023044827530406535,0.00014741001564964884
libero_spatial/6,1600772,0,learned_physics_score,1,-0.031128942281371308,-0.031010262881397542,0.00011867939997376592
libero_spatial/6,1600772,0,learned_physics_score,2,-0.02814649461891735,-0.02766310949591145,0.0004833851230059
libero_spatial/6,1600772,0,learned_physics_score,4,-0.025043244918272242,-0.025352644736748118,0.00030939981847587575
libero_spatial/6,1600772,0,learned_physics_score,8,-0.022897417514756886,-0.023044827530406535,0.00014741001564964884
libero_spatial/6,1600772,0,learned_energy_regularized,1,-0.031128942281371308,-0.031010262881397542,0.00011867939997376592
libero_spatial/6,1600772,0,learned_energy_regularized,2,-0.027956955733491738,-0.0275153391686657,0.00044161656482603895
libero_spatial/6,1600772,0,learned_energy_regularized,4,-0.024906332720133977,-0.02519742473994849,0.00029109201981451435
libero_spatial/6,1600772,0,learned_energy_regularized,8,-0.022626907125784454,-0.022799812976709532,0.0001729058509250779
libero_spatial/6,1600772,0,oracle_real_utility,1,-0.031128942281371308,-0.031010262881397542,0.00011867939997376592
libero_spatial/6,1600772,0,oracle_real_utility,2,-0.027901689091689767,-0.027472299483818182,0.00042938960787158517
libero_spatial/6,1600772,0,oracle_real_utility,4,-0.024785840478394813,-0.0250800689368351,0.0002942284584402863
libero_spatial/6,1600772,0,oracle_real_utility,8,-0.022533388852643683,-0.02270757680734822,0.0001741879547045369
libero_spatial/6,1610779,1,learned_wam,1,-0.0283315316291411,-0.028258483609042907,7.304802009819311e-05
libero_spatial/6,1610779,1,learned_wam,2,-0.02455013724616501,-0.023936824084889733,0.0006133131612752786
libero_spatial/6,1610779,1,learned_wam,4,-0.02218963833002674,-0.022388315698348697,0.00019867736832195754
libero_spatial/6,1610779,1,learned_wam,8,-0.02111239122551043,-0.02105630182681391,5.608939869652246e-05
libero_spatial/6,1610779,1,learned_physics_score,1,-0.0283315316291411,-0.028258483609042907,7.304802009819311e-05
libero_spatial/6,1610779,1,learned_physics_score,2,-0.02455013724616501,-0.023936824084889733,0.0006133131612752786
libero_spatial/6,1610779,1,learned_physics_score,4,-0.02218963833002674,-0.022388315698348697,0.00019867736832195754
libero_spatial/6,1610779,1,learned_physics_score,8,-0.02111239122551043,-0.02105630182681391,5.608939869652246e-05
libero_spatial/6,1610779,1,learned_energy_regularized,1,-0.0283315316291411,-0.028258483609042907,7.304802009819311e-05
libero_spatial/6,1610779,1,learned_energy_regularized,2,-0.02453555880348262,-0.023925938847686883,0.0006096199557957364
libero_spatial/6,1610779,1,learned_energy_regularized,4,-0.02216754287783624,-0.022371210325601354,0.0002036674477651143
libero_spatial/6,1610779,1,learned_energy_regularized,8,-0.02110499161366354,-0.02105085920821248,5.413240545106002e-05
libero_spatial/6,1610779,1,oracle_real_utility,1,-0.0283315316291411,-0.028258483609042907,7.304802009819311e-05
libero_spatial/6,1610779,1,oracle_real_utility,2,-0.02453555880348262,-0.023925938847686883,0.0006096199557957364
libero_spatial/6,1610779,1,oracle_real_utility,4,-0.02216754287783624,-0.022371210325601354,0.0002036674477651143
libero_spatial/6,1610779,1,oracle_real_utility,8,-0.02110499161366354,-0.02105085920821248,5.413240545106002e-05
libero_spatial/7,1700775,0,learned_wam,1,-0.042172391793691866,-0.04181774994868103,0.0003546418450108349
libero_spatial/7,1700775,0,learned_wam,2,-0.038540549369984536,-0.03893881097197936,0.00039826160199482596
libero_spatial/7,1700775,0,learned_wam,4,-0.03530997493500207,-0.03523075571855325,7.921921644882257e-05
libero_spatial/7,1700775,0,learned_wam,8,-0.032049298940461296,-0.032147276681190204,9.797774072890786e-05
libero_spatial/7,1700775,0,learned_physics_score,1,-0.042172391793691866,-0.04181774994868103,0.0003546418450108349
libero_spatial/7,1700775,0,learned_physics_score,2,-0.038540549369984536,-0.03893881097197936,0.00039826160199482596
libero_spatial/7,1700775,0,learned_physics_score,4,-0.03530997493500207,-0.03523075571855325,7.921921644882257e-05
libero_spatial/7,1700775,0,learned_physics_score,8,-0.032049298940461296,-0.032147276681190204,9.797774072890786e-05
libero_spatial/7,1700775,0,learned_energy_regularized,1,-0.042172391793691866,-0.04181774994868103,0.0003546418450108349
libero_spatial/7,1700775,0,learned_energy_regularized,2,-0.03852264865191427,-0.038859170139824144,0.0003365214879098716
libero_spatial/7,1700775,0,learned_energy_regularized,4,-0.035275292293740934,-0.035233057067654616,4.223522608631791e-05
libero_spatial/7,1700775,0,learned_energy_regularized,8,-0.03202830077758334,-0.03210230337260545,7.400259502211154e-05
libero_spatial/7,1700775,0,oracle_real_utility,1,-0.042172391793691866,-0.04181774994868103,0.0003546418450108349
libero_spatial/7,1700775,0,oracle_real_utility,2,-0.03841700298658605,-0.03879719134949826,0.00038018836291221075
libero_spatial/7,1700775,0,oracle_real_utility,4,-0.03502603455210715,-0.034968238599898525,5.7795952208623824e-05
libero_spatial/7,1700775,0,oracle_real_utility,8,-0.031834071521714025,-0.03191073256614361,7.666104442958371e-05
libero_spatial/7,1710782,1,learned_wam,1,-0.040676809612184193,-0.04087086932230237,0.00019405971011817597
libero_spatial/7,1710782,1,learned_wam,2,-0.037102018474146056,-0.03696679752510383,0.00013522094904222515
libero_spatial/7,1710782,1,learned_wam,4,-0.03433373841542031,-0.03445543785865494,0.0001216994432346255
libero_spatial/7,1710782,1,learned_wam,8,-0.03141541357095806,-0.031404551750285656,1.086182067240593e-05
libero_spatial/7,1710782,1,learned_physics_score,1,-0.040676809612184193,-0.04087086932230237,0.00019405971011817597
libero_spatial/7,1710782,1,learned_physics_score,2,-0.037102018474146056,-0.03696679752510383,0.00013522094904222515
libero_spatial/7,1710782,1,learned_physics_score,4,-0.03433373841542031,-0.03445543785865494,0.0001216994432346255
libero_spatial/7,1710782,1,learned_physics_score,8,-0.03141541357095806,-0.031404551750285656,1.086182067240593e-05
libero_spatial/7,1710782,1,learned_energy_regularized,1,-0.04067680961218418,-0.04087086932230237,0.00019405971011818984
libero_spatial/7,1710782,1,learned_energy_regularized,2,-0.036921080640724926,-0.036779611063763526,0.0001414695769614005
libero_spatial/7,1710782,1,learned_energy_regularized,4,-0.033989538468884195,-0.03393090709923493,5.863136964926602e-05
libero_spatial/7,1710782,1,learned_energy_regularized,8,-0.03128006775074926,-0.031314260980722104,3.419322997284119e-05
libero_spatial/7,1710782,1,oracle_real_utility,1,-0.04067680961218419,-0.04087086932230237,0.0001940597101181829
libero_spatial/7,1710782,1,oracle_real_utility,2,-0.0363571243037358,-0.03619083420905926,0.00016629009467653694
libero_spatial/7,1710782,1,oracle_real_utility,4,-0.03291971543888801,-0.03289770502997415,2.2010408913863966e-05
libero_spatial/7,1710782,1,oracle_real_utility,8,-0.030244890534654068,-0.030286875546649186,4.198501199511803e-05
libero_spatial/8,1800778,0,learned_wam,1,-0.044318155297623965,-0.044235214426368206,8.294087125575861e-05
libero_spatial/8,1800778,0,learned_wam,2,-0.04097987755351191,-0.040821217689757903,0.00015865986375400432
libero_spatial/8,1800778,0,learned_wam,4,-0.0379945080560518,-0.038082983965514496,8.847590946269718e-05
libero_spatial/8,1800778,0,learned_wam,8,-0.03558674547410855,-0.035473724252329336,0.00011302122177921092
libero_spatial/8,1800778,0,learned_physics_score,1,-0.044318155297623965,-0.044235214426368206,8.294087125575861e-05
libero_spatial/8,1800778,0,learned_physics_score,2,-0.04097987755351191,-0.040821217689757903,0.00015865986375400432
libero_spatial/8,1800778,0,learned_physics_score,4,-0.0379945080560518,-0.038082983965514496,8.847590946269718e-05
libero_spatial/8,1800778,0,learned_physics_score,8,-0.03558674547410855,-0.035473724252329336,0.00011302122177921092
libero_spatial/8,1800778,0,learned_energy_regularized,1,-0.044318155297623965,-0.044235214426368206,8.294087125575861e-05
libero_spatial/8,1800778,0,learned_energy_regularized,2,-0.04087250982234133,-0.04072959722582568,0.00014291259651565136
libero_spatial/8,1800778,0,learned_energy_regularized,4,-0.0379525675360633,-0.038054352570535674,0.00010178503447237641
libero_spatial/8,1800778,0,learned_energy_regularized,8,-0.035585506508552245,-0.035473724252329336,0.00011178225622290872
libero_spatial/8,1800778,0,oracle_real_utility,1,-0.04431815529762398,-0.044235214426368206,8.294087125577249e-05
libero_spatial/8,1800778,0,oracle_real_utility,2,-0.040784349873014575,-0.04061738946181987,0.000166960411194704
libero_spatial/8,1800778,0,oracle_real_utility,4,-0.03781604124527058,-0.03792498566067387,0.00010894441540328786
libero_spatial/8,1800778,0,oracle_real_utility,8,-0.035506243422754755,-0.03540636812362353,9.9875299131226e-05
libero_spatial/8,1810785,1,learned_wam,1,-0.03501151621262881,-0.03518940927313394,0.0001778930605051271
libero_spatial/8,1810785,1,learned_wam,2,-0.03051806015594407,-0.030416060477863632,0.00010199967808043747
libero_spatial/8,1810785,1,learned_wam,4,-0.02735546739627108,-0.02721416859068525,0.00014129880558582872
libero_spatial/8,1810785,1,learned_wam,8,-0.025254388879268633,-0.02524675342037404,7.635458894591357e-06
libero_spatial/8,1810785,1,learned_physics_score,1,-0.03501151621262881,-0.03518940927313394,0.0001778930605051271
libero_spatial/8,1810785,1,learned_physics_score,2,-0.03051806015594407,-0.030416060477863632,0.00010199967808043747
libero_spatial/8,1810785,1,learned_physics_score,4,-0.02735546739627108,-0.02721416859068525,0.00014129880558582872
libero_spatial/8,1810785,1,learned_physics_score,8,-0.025254388879268633,-0.02524675342037404,7.635458894591357e-06
libero_spatial/8,1810785,1,learned_energy_regularized,1,-0.03501151621262881,-0.03518940927313394,0.0001778930605051271
libero_spatial/8,1810785,1,learned_energy_regularized,2,-0.03051806015594407,-0.030416060477863632,0.00010199967808043747
libero_spatial/8,1810785,1,learned_energy_regularized,4,-0.02735546739627108,-0.02721416859068525,0.00014129880558582872
libero_spatial/8,1810785,1,learned_energy_regularized,8,-0.025254388879268633,-0.02524675342037404,7.635458894591357e-06
libero_spatial/8,1810785,1,oracle_real_utility,1,-0.0350115162126288,-0.03518940927313394,0.00017789306050513404
libero_spatial/8,1810785,1,oracle_real_utility,2,-0.030265446843050176,-0.030230722721053174,3.4724121997002644e-05
libero_spatial/8,1810785,1,oracle_real_utility,4,-0.026982697247196583,-0.026890359175388494,9.233807180808809e-05
libero_spatial/8,1810785,1,oracle_real_utility,8,-0.024907172639746452,-0.024898701995020173,8.470644726279314e-06
libero_spatial/9,1900781,0,learned_wam,1,-0.019890871165391184,-0.019605200447724624,0.0002856707176665599
libero_spatial/9,1900781,0,learned_wam,2,-0.017383538730518684,-0.01723725237670544,0.000146286353813245
libero_spatial/9,1900781,0,learned_wam,4,-0.015745608301174142,-0.015577994837260589,0.0001676134639135539
libero_spatial/9,1900781,0,learned_wam,8,-0.014969198091470598,-0.015000935236953452,3.1737145482853626e-05
libero_spatial/9,1900781,0,learned_physics_score,1,-0.019890871165391184,-0.019605200447724624,0.0002856707176665599
libero_spatial/9,1900781,0,learned_physics_score,2,-0.017383538730518684,-0.01723725237670544,0.000146286353813245
libero_spatial/9,1900781,0,learned_physics_score,4,-0.015745608301174142,-0.015577994837260589,0.0001676134639135539
libero_spatial/9,1900781,0,learned_physics_score,8,-0.014969198091470598,-0.015000935236953452,3.1737145482853626e-05
libero_spatial/9,1900781,0,learned_energy_regularized,1,-0.019890871165391188,-0.019605200447724624,0.00028567071766656335
libero_spatial/9,1900781,0,learned_energy_regularized,2,-0.017136571214594696,-0.016998374749894143,0.0001381964647005525
libero_spatial/9,1900781,0,learned_energy_regularized,4,-0.01529850006613541,-0.015044660975468667,0.00025383909066674197
libero_spatial/9,1900781,0,learned_energy_regularized,8,-0.014929743856693392,-0.014942058601239582,1.2314744546189707e-05
libero_spatial/9,1900781,0,oracle_real_utility,1,-0.019890871165391184,-0.019605200447724624,0.0002856707176665599
libero_spatial/9,1900781,0,oracle_real_utility,2,-0.016977123678260028,-0.016825266698076054,0.00015185698018397448
libero_spatial/9,1900781,0,oracle_real_utility,4,-0.014660709920796735,-0.014432880779688613,0.0002278291411081223
libero_spatial/9,1900781,0,oracle_real_utility,8,-0.013451190083254565,-0.013501241043352982,5.0050960098416836e-05
libero_spatial/9,1910788,1,learned_wam,1,-0.018823655950002238,-0.018668614556378683,0.00015504139362355548
libero_spatial/9,1910788,1,learned_wam,2,-0.01563899259105901,-0.015757733257474264,0.00011874066641525197
libero_spatial/9,1910788,1,learned_wam,4,-0.012003035426524407,-0.01197576140229693,2.727402422747667e-05
libero_spatial/9,1910788,1,learned_wam,8,-0.008072386344242267,-0.007924251556784122,0.00014813478745814498
libero_spatial/9,1910788,1,learned_physics_score,1,-0.018823655950002238,-0.018668614556378683,0.00015504139362355548
libero_spatial/9,1910788,1,learned_physics_score,2,-0.01563899259105901,-0.015757733257474264,0.00011874066641525197
libero_spatial/9,1910788,1,learned_physics_score,4,-0.012003035426524407,-0.01197576140229693,2.727402422747667e-05
libero_spatial/9,1910788,1,learned_physics_score,8,-0.008072386344242267,-0.007924251556784122,0.00014813478745814498
libero_spatial/9,1910788,1,learned_energy_regularized,1,-0.018823655950002238,-0.018668614556378683,0.00015504139362355548
libero_spatial/9,1910788,1,learned_energy_regularized,2,-0.015686907121098076,-0.01565998488311818,2.6922237979894875e-05
libero_spatial/9,1910788,1,learned_energy_regularized,4,-0.012235348913302191,-0.012097912239696888,0.00013743667360530294
libero_spatial/9,1910788,1,learned_energy_regularized,8,-0.008348605022287452,-0.008242409502396299,0.0001061955198911526
libero_spatial/9,1910788,1,oracle_real_utility,1,-0.018823655950002238,-0.018668614556378683,0.00015504139362355548
libero_spatial/9,1910788,1,oracle_real_utility,2,-0.014955078759273616,-0.015108210229012051,0.0001531314697384347
libero_spatial/9,1910788,1,oracle_real_utility,4,-0.011223533757739875,-0.011168863656514474,5.4670101225401044e-05
libero_spatial/9,1910788,1,oracle_real_utility,8,-0.007803479169952842,-0.0077083143769211375,9.516479303170455e-05
libero_object/0,2000784,0,learned_wam,1,-0.012091222141107921,-0.011741786141478599,0.0003494359996293224
libero_object/0,2000784,0,learned_wam,2,-0.00885947520802379,-0.008380530950051186,0.0004789442579726036
libero_object/0,2000784,0,learned_wam,4,-0.005020232385860104,-0.005003220926313595,1.701145954650842e-05
libero_object/0,2000784,0,learned_wam,8,-0.0012204575961560853,-0.0010497715749969386,0.00017068602115914667
libero_object/0,2000784,0,learned_physics_score,1,-0.012091222141107921,-0.011741786141478599,0.0003494359996293224
libero_object/0,2000784,0,learned_physics_score,2,-0.00885947520802379,-0.008380530950051186,0.0004789442579726036
libero_object/0,2000784,0,learned_physics_score,4,-0.005020232385860104,-0.005003220926313595,1.701145954650842e-05
libero_object/0,2000784,0,learned_physics_score,8,-0.0012204575961560853,-0.0010497715749969386,0.00017068602115914667
libero_object/0,2000784,0,learned_energy_regularized,1,-0.012091222141107921,-0.011741786141478599,0.0003494359996293224
libero_object/0,2000784,0,learned_energy_regularized,2,-0.009101529318563981,-0.008579485848112849,0.0005220434704511327
libero_object/0,2000784,0,learned_energy_regularized,4,-0.005189160523156898,-0.005106497346810742,8.266317634615574e-05
libero_object/0,2000784,0,learned_energy_regularized,8,-0.0012373596461691923,-0.0010582338825942544,0.0001791257635749379
libero_object/0,2000784,0,oracle_real_utility,1,-0.012091222141107924,-0.011741786141478599,0.00034943599962932587
libero_object/0,2000784,0,oracle_real_utility,2,-0.00835601521037099,-0.007892333054494102,0.00046368215587688777
libero_object/0,2000784,0,oracle_real_utility,4,-0.004278021273025606,-0.004179329141716335,9.869213130927167e-05
libero_object/0,2000784,0,oracle_real_utility,8,-0.0008777424668434671,-0.0007237600982706669,0.0001539823685728002
libero_object/0,2010791,1,learned_wam,1,-0.01060230565634695,-0.010350474847049738,0.00025183080929721234
libero_object/0,2010791,1,learned_wam,2,-0.00676414710697116,-0.006903730743989343,0.00013958363701818254
libero_object/0,2010791,1,learned_wam,4,-0.0042085193795836865,-0.004316181520523779,0.00010766214094009262
libero_object/0,2010791,1,learned_wam,8,-0.0029414617979092172,-0.002956037546195124,1.457574828590694e-05
libero_object/0,2010791,1,learned_physics_score,1,-0.01060230565634695,-0.010350474847049738,0.00025183080929721234
libero_object/0,2010791,1,learned_physics_score,2,-0.00676414710697116,-0.006903730743989343,0.00013958363701818254
libero_object/0,2010791,1,learned_physics_score,4,-0.0042085193795836865,-0.004316181520523779,0.00010766214094009262
libero_object/0,2010791,1,learned_physics_score,8,-0.0029414617979092172,-0.002956037546195124,1.457574828590694e-05
libero_object/0,2010791,1,learned_energy_regularized,1,-0.010602305656346952,-0.010350474847049738,0.0002518308092972141
libero_object/0,2010791,1,learned_energy_regularized,2,-0.006709077805765024,-0.006866678034827416,0.00015760022906239225
libero_object/0,2010791,1,learned_energy_regularized,4,-0.004054248469368997,-0.004155190990903817,0.00010094252153482024
libero_object/0,2010791,1,learned_energy_regularized,8,-0.0028575417797181584,-0.0029388760621619687,8.133428244381027e-05
libero_object/0,2010791,1,oracle_real_utility,1,-0.010602305656346952,-0.010350474847049738,0.0002518308092972141
libero_object/0,2010791,1,oracle_real_utility,2,-0.006614352563995386,-0.006761377879282385,0.00014702531528699818
libero_object/0,2010791,1,oracle_real_utility,4,-0.00390492490153878,-0.003997381305287598,9.245640374881767e-05
libero_object/0,2010791,1,oracle_real_utility,8,-0.002504977772643305,-0.0025682649659665977,6.328719332329268e-05
libero_object/1,2100787,0,learned_wam,1,-0.014236398757451465,-0.014315646534107595,7.924777665612934e-05
libero_object/1,2100787,0,learned_wam,2,-0.01076536927718284,-0.01096566154733995,0.0002002922701571097
libero_object/1,2100787,0,learned_wam,4,-0.008123907255458942,-0.008294360754167396,0.00017045349870845397
libero_object/1,2100787,0,learned_wam,8,-0.0066640712258808485,-0.006566311654326386,9.775957155446283e-05
libero_object/1,2100787,0,learned_physics_score,1,-0.014236398757451465,-0.014315646534107595,7.924777665612934e-05
libero_object/1,2100787,0,learned_physics_score,2,-0.01076536927718284,-0.01096566154733995,0.0002002922701571097
libero_object/1,2100787,0,learned_physics_score,4,-0.008123907255458942,-0.008294360754167396,0.00017045349870845397
libero_object/1,2100787,0,learned_physics_score,8,-0.0066640712258808485,-0.006566311654326386,9.775957155446283e-05
libero_object/1,2100787,0,learned_energy_regularized,1,-0.014236398757451467,-0.014315646534107595,7.92477766561276e-05
libero_object/1,2100787,0,learned_energy_regularized,2,-0.010985656306428358,-0.011259373475203912,0.000273717168775554
libero_object/1,2100787,0,learned_energy_regularized,4,-0.008230579878866487,-0.008411814280724503,0.00018123440185801622
libero_object/1,2100787,0,learned_energy_regularized,8,-0.006675185756746674,-0.006566311654326386,0.00010887410242028852
libero_object/1,2100787,0,oracle_real_utility,1,-0.014236398757451465,-0.014315646534107595,7.924777665612934e-05
libero_object/1,2100787,0,oracle_real_utility,2,-0.01073352761801237,-0.010936791776358723,0.00020326415834635327
libero_object/1,2100787,0,oracle_real_utility,4,-0.008075647240778697,-0.008246810543139492,0.0001711633023607946
libero_object/1,2100787,0,oracle_real_utility,8,-0.006647909285709625,-0.006549329436102134,9.857984960749081e-05
libero_object/1,2110794,1,learned_wam,1,-0.018399474132879543,-0.01839731780218846,2.1563306910818425e-06
libero_object/1,2110794,1,learned_wam,2,-0.01639269613323982,-0.016404192529085624,1.149639584580378e-05
libero_object/1,2110794,1,learned_wam,4,-0.014625099822197722,-0.014657527013934954,3.24271917372318e-05
libero_object/1,2110794,1,learned_wam,8,-0.013265318054919723,-0.013299259856419497,3.3941801499773674e-05
libero_object/1,2110794,1,learned_physics_score,1,-0.018399474132879543,-0.01839731780218846,2.1563306910818425e-06
libero_object/1,2110794,1,learned_physics_score,2,-0.01639269613323982,-0.016404192529085624,1.149639584580378e-05
libero_object/1,2110794,1,learned_physics_score,4,-0.014625099822197722,-0.014657527013934954,3.24271917372318e-05
libero_object/1,2110794,1,learned_physics_score,8,-0.013265318054919723,-0.013299259856419497,3.3941801499773674e-05
libero_object/1,2110794,1,learned_energy_regularized,1,-0.018399474132879543,-0.01839731780218846,2.1563306910818425e-06
libero_object/1,2110794,1,learned_energy_regularized,2,-0.016620096956715874,-0.01660781030437736,1.228665233851331e-05
libero_object/1,2110794,1,learned_energy_regularized,4,-0.015034253728628995,-0.01507367230293814,3.941857430914478e-05
libero_object/1,2110794,1,learned_energy_regularized,8,-0.013921168676189716,-0.013963525500632805,4.235682444308879e-05
libero_object/1,2110794,1,oracle_real_utility,1,-0.018399474132879543,-0.01839731780218846,2.1563306910818425e-06
libero_object/1,2110794,1,oracle_real_utility,2,-0.01638719672122114,-0.016398619791573366,1.1423070352224035e-05
libero_object/1,2110794,1,oracle_real_utility,4,-0.014620373764994171,-0.014651954276422694,3.15805114285226e-05
libero_object/1,2110794,1,oracle_real_utility,8,-0.013264765583699663,-0.013298966554445164,3.42009707455012e-05
libero_object/2,2200790,0,learned_wam,1,-0.01987442758131713,-0.019739766711004723,0.0001346608703124072
libero_object/2,2200790,0,learned_wam,2,-0.015388016911953302,-0.0152414184905544,0.0001465984213989014
libero_object/2,2200790,0,learned_wam,4,-0.012527456745430146,-0.012485528680484605,4.192806494554037e-05
libero_object/2,2200790,0,learned_wam,8,-0.011410529917778767,-0.011493790245275477,8.326032749671024e-05
libero_object/2,2200790,0,learned_physics_score,1,-0.01987442758131713,-0.019739766711004723,0.0001346608703124072
libero_object/2,2200790,0,learned_physics_score,2,-0.015388016911953302,-0.0152414184905544,0.0001465984213989014
libero_object/2,2200790,0,learned_physics_score,4,-0.012527456745430146,-0.012485528680484605,4.192806494554037e-05
libero_object/2,2200790,0,learned_physics_score,8,-0.011410529917778767,-0.011493790245275477,8.326032749671024e-05
libero_object/2,2200790,0,learned_energy_regularized,1,-0.01987442758131713,-0.019739766711004723,0.0001346608703124072
libero_object/2,2200790,0,learned_energy_regularized,2,-0.015388016911953302,-0.0152414184905544,0.0001465984213989014
libero_object/2,2200790,0,learned_energy_regularized,4,-0.012527456745430146,-0.012485528680484605,4.192806494554037e-05
libero_object/2,2200790,0,learned_energy_regularized,8,-0.011410529917778767,-0.011493790245275477,8.326032749671024e-05
libero_object/2,2200790,0,oracle_real_utility,1,-0.01987442758131713,-0.019739766711004723,0.0001346608703124072
libero_object/2,2200790,0,oracle_real_utility,2,-0.015179201603625387,-0.015032123246767544,0.00014707835685784376
libero_object/2,2200790,0,oracle_real_utility,4,-0.012272473065387288,-0.012226108914019998,4.636415136729036e-05
libero_object/2,2200790,0,oracle_real_utility,8,-0.01110896470259639,-0.011174756427162074,6.57917245656843e-05
libero_object/2,2210797,1,learned_wam,1,-0.018140315346415303,-0.018441906086639388,0.0003015907402240843
libero_object/2,2210797,1,learned_wam,2,-0.01527834516149891,-0.015342410034666276,6.406487316736563e-05
libero_object/2,2210797,1,learned_wam,4,-0.012748202054677199,-0.0128465995517595,9.839749708230074e-05
libero_object/2,2210797,1,learned_wam,8,-0.010545572336087026,-0.010643405588258803,9.783325217177681e-05
libero_object/2,2210797,1,learned_physics_score,1,-0.018140315346415303,-0.018441906086639388,0.0003015907402240843
libero_object/2,2210797,1,learned_physics_score,2,-0.01527834516149891,-0.015342410034666276,6.406487316736563e-05
libero_object/2,2210797,1,learned_physics_score,4,-0.012748202054677199,-0.0128465995517595,9.839749708230074e-05
libero_object/2,2210797,1,learned_physics_score,8,-0.010545572336087026,-0.010643405588258803,9.783325217177681e-05
libero_object/2,2210797,1,learned_energy_regularized,1,-0.018140315346415303,-0.018441906086639388,0.0003015907402240843
libero_object/2,2210797,1,learned_energy_regularized,2,-0.01510002607640094,-0.015166737245214102,6.671116881316191e-05
libero_object/2,2210797,1,learned_energy_regularized,4,-0.012603972084185214,-0.01267551673834191,7.15446541566956e-05
libero_object/2,2210797,1,learned_energy_regularized,8,-0.010528859830481574,-0.010634536161019023,0.00010567633053744883
libero_object/2,2210797,1,oracle_real_utility,1,-0.018140315346415303,-0.018441906086639388,0.0003015907402240843
libero_object/2,2210797,1,oracle_real_utility,2,-0.01491673399069859,-0.014956562320275412,3.982832957682113e-05
libero_object/2,2210797,1,oracle_real_utility,4,-0.012248843668136914,-0.01231397429102118,6.513062288426505e-05
libero_object/2,2210797,1,oracle_real_utility,8,-0.010313851859588424,-0.010404040404612569,9.018854502414533e-05
libero_object/3,2300793,0,learned_wam,1,-0.024265734425038446,-0.02417343624063187,9.229818440657442e-05
libero_object/3,2300793,0,learned_wam,2,-0.020582576275428324,-0.02020846313413624,0.0003741131412920845
libero_object/3,2300793,0,learned_wam,4,-0.01737610535561396,-0.017311827547937243,6.427780767671865e-05
libero_object/3,2300793,0,learned_wam,8,-0.015259403965509191,-0.015218335181766032,4.106878374315892e-05
libero_object/3,2300793,0,learned_physics_score,1,-0.024265734425038446,-0.02417343624063187,9.229818440657442e-05
libero_object/3,2300793,0,learned_physics_score,2,-0.020582576275428324,-0.02020846313413624,0.0003741131412920845
libero_object/3,2300793,0,learned_physics_score,4,-0.01737610535561396,-0.017311827547937243,6.427780767671865e-05
libero_object/3,2300793,0,learned_physics_score,8,-0.015259403965509191,-0.015218335181766032,4.106878374315892e-05
libero_object/3,2300793,0,learned_energy_regularized,1,-0.024265734425038446,-0.02417343624063187,9.229818440657442e-05
libero_object/3,2300793,0,learned_energy_regularized,2,-0.02050938874485527,-0.02016612820504604,0.00034326053980923005
libero_object/3,2300793,0,learned_energy_regularized,4,-0.017366003850549892,-0.017319650369601824,4.635348094806854e-05
libero_object/3,2300793,0,learned_energy_regularized,8,-0.015436650195582312,-0.015391333886413158,4.5316309169153926e-05
libero_object/3,2300793,0,oracle_real_utility,1,-0.024265734425038446,-0.02417343624063187,9.229818440657442e-05
libero_object/3,2300793,0,oracle_real_utility,2,-0.020495310337116032,-0.020152612933616372,0.0003426974034996602
libero_object/3,2300793,0,oracle_real_utility,4,-0.017301111189876837,-0.017251323164040717,4.9788025836119965e-05
libero_object/3,2300793,0,oracle_real_utility,8,-0.015250637224765728,-0.015204372631636064,4.626459312966416e-05
libero_object/3,2310800,1,learned_wam,1,-0.018388447575034123,-0.01824219643221708,0.00014625114281704293
libero_object/3,2310800,1,learned_wam,2,-0.015375428088906688,-0.015488420432110586,0.00011299234320389859
libero_object/3,2310800,1,learned_wam,4,-0.014028641227953421,-0.01397316711670404,5.5474111249381036e-05
libero_object/3,2310800,1,learned_wam,8,-0.013383426920315506,-0.013464378440058357,8.095151974285043e-05
libero_object/3,2310800,1,learned_physics_score,1,-0.018388447575034123,-0.01824219643221708,0.00014625114281704293
libero_object/3,2310800,1,learned_physics_score,2,-0.015375428088906688,-0.015488420432110586,0.00011299234320389859
libero_object/3,2310800,1,learned_physics_score,4,-0.014028641227953421,-0.01397316711670404,5.5474111249381036e-05
libero_object/3,2310800,1,learned_physics_score,8,-0.013383426920315506,-0.013464378440058357,8.095151974285043e-05
libero_object/3,2310800,1,learned_energy_regularized,1,-0.018388447575034123,-0.01824219643221708,0.00014625114281704293
libero_object/3,2310800,1,learned_energy_regularized,2,-0.01582661076904498,-0.015888123766502733,6.151299745775496e-05
libero_object/3,2310800,1,learned_energy_regularized,4,-0.014394824877048885,-0.014327845573964168,6.697930308471704e-05
libero_object/3,2310800,1,learned_energy_regularized,8,-0.013434029050433074,-0.013532878759694365,9.884970926129014e-05
libero_object/3,2310800,1,oracle_real_utility,1,-0.018388447575034123,-0.01824219643221708,0.00014625114281704293
libero_object/3,2310800,1,oracle_real_utility,2,-0.015287980058380425,-0.015374520569028993,8.65405106485681e-05
libero_object/3,2310800,1,oracle_real_utility,4,-0.013777761105356936,-0.01377019413761612,7.5669677408168184e-06
libero_object/3,2310800,1,oracle_real_utility,8,-0.012965283927654815,-0.013004837262435525,3.955333478070956e-05
libero_object/4,2400796,0,learned_wam,1,-0.014940846822105253,-0.01490119093131122,3.965589079403184e-05
libero_object/4,2400796,0,learned_wam,2,-0.012748014159039655,-0.012489218070678444,0.0002587960883612111
libero_object/4,2400796,0,learned_wam,4,-0.011480181916510051,-0.011592377054351021,0.00011219513784097024
libero_object/4,2400796,0,learned_wam,8,-0.010549766072719156,-0.01054555193188842,4.214140830734875e-06
libero_object/4,2400796,0,learned_physics_score,1,-0.014940846822105253,-0.01490119093131122,3.965589079403184e-05
libero_object/4,2400796,0,learned_physics_score,2,-0.012748014159039655,-0.012489218070678444,0.0002587960883612111
libero_object/4,2400796,0,learned_physics_score,4,-0.011480181916510051,-0.011592377054351021,0.00011219513784097024
libero_object/4,2400796,0,learned_physics_score,8,-0.010549766072719156,-0.01054555193188842,4.214140830734875e-06
libero_object/4,2400796,0,learned_energy_regularized,1,-0.014940846822105253,-0.01490119093131122,3.965589079403184e-05
libero_object/4,2400796,0,learned_energy_regularized,2,-0.012846851624825361,-0.012588510676965427,0.0002583409478599339
libero_object/4,2400796,0,learned_energy_regularized,4,-0.0120548511126428,-0.012065855219023789,1.100410638098931e-05
libero_object/4,2400796,0,learned_energy_regularized,8,-0.0119778920634359,-0.01188858102266881,8.931104076708926e-05
libero_object/4,2400796,0,oracle_real_utility,1,-0.014940846822105253,-0.01490119093131122,3.965589079403184e-05
libero_object/4,2400796,0,oracle_real_utility,2,-0.012659763650197895,-0.012414720259875412,0.000245043390322483
libero_object/4,2400796,0,oracle_real_utility,4,-0.011375805581327749,-0.01149125766086917,0.00011545207954142059
libero_object/4,2400796,0,oracle_real_utility,8,-0.010483878781809026,-0.01046791098714533,1.596779466369637e-05
libero_object/4,2410803,1,learned_wam,1,-0.010492645468418525,-0.010737774925296338,0.00024512945687781354
libero_object/4,2410803,1,learned_wam,2,-0.008028988662934783,-0.00809804692596922,6.90582630344383e-05
libero_object/4,2410803,1,learned_wam,4,-0.005998539203335303,-0.005862734866391001,0.0001358043369443021
libero_object/4,2410803,1,learned_wam,8,-0.004691149746819778,-0.004611981673304709,7.916807351506915e-05
libero_object/4,2410803,1,learned_physics_score,1,-0.010492645468418525,-0.010737774925296338,0.00024512945687781354
libero_object/4,2410803,1,learned_physics_score,2,-0.008028988662934783,-0.00809804692596922,6.90582630344383e-05
libero_object/4,2410803,1,learned_physics_score,4,-0.005998539203335303,-0.005862734866391001,0.0001358043369443021
libero_object/4,2410803,1,learned_physics_score,8,-0.004691149746819778,-0.004611981673304709,7.916807351506915e-05
libero_object/4,2410803,1,learned_energy_regularized,1,-0.010492645468418525,-0.010737774925296338,0.00024512945687781354
libero_object/4,2410803,1,learned_energy_regularized,2,-0.007951863869588856,-0.00801582874673021,6.396487714135403e-05
libero_object/4,2410803,1,learned_energy_regularized,4,-0.005941245118067598,-0.005828757723696728,0.00011248739437086982
libero_object/4,2410803,1,learned_energy_regularized,8,-0.004685106222415942,-0.004608890648196291,7.621557421965113e-05
libero_object/4,2410803,1,oracle_real_utility,1,-0.010492645468418525,-0.010737774925296338,0.00024512945687781354
libero_object/4,2410803,1,oracle_real_utility,2,-0.007884614980062031,-0.007945614477437975,6.099949737594333e-05
libero_object/4,2410803,1,oracle_real_utility,4,-0.005858944920522859,-0.0057312094366596044,0.0001277354838632545
libero_object/4,2410803,1,oracle_real_utility,8,-0.004632334549522207,-0.004563354262104956,6.898028741725119e-05
libero_object/5,2500799,0,learned_wam,1,-0.024619744654555548,-0.024635490857061113,1.574620250556491e-05
libero_object/5,2500799,0,learned_wam,2,-0.021650192922501466,-0.021829089001222515,0.00017889607872104835
libero_object/5,2500799,0,learned_wam,4,-0.019615713588415008,-0.019384972633354203,0.00023074095506080486
libero_object/5,2500799,0,learned_wam,8,-0.01816819867152928,-0.018219845162389017,5.1646490859737215e-05
libero_object/5,2500799,0,learned_physics_score,1,-0.024619744654555548,-0.024635490857061113,1.574620250556491e-05
libero_object/5,2500799,0,learned_physics_score,2,-0.021650192922501466,-0.021829089001222515,0.00017889607872104835
libero_object/5,2500799,0,learned_physics_score,4,-0.019615713588415008,-0.019384972633354203,0.00023074095506080486
libero_object/5,2500799,0,learned_physics_score,8,-0.01816819867152928,-0.018219845162389017,5.1646490859737215e-05
libero_object/5,2500799,0,learned_energy_regularized,1,-0.024619744654555548,-0.024635490857061113,1.574620250556491e-05
libero_object/5,2500799,0,learned_energy_regularized,2,-0.02149314494337832,-0.02164505858941177,0.00015191364603345248
libero_object/5,2500799,0,learned_energy_regularized,4,-0.019159419474749195,-0.018953331271049333,0.00020608820369986264
libero_object/5,2500799,0,learned_energy_regularized,8,-0.017534731469509457,-0.017578297134444542,4.356566493508504e-05
libero_object/5,2500799,0,oracle_real_utility,1,-0.024619744654555548,-0.024635490857061113,1.574620250556491e-05
libero_object/5,2500799,0,oracle_real_utility,2,-0.021467274869540334,-0.021621603055798667,0.00015432818625833386
libero_object/5,2500799,0,oracle_real_utility,4,-0.019098382269287693,-0.01889814178019496,0.00020024048909273243
libero_object/5,2500799,0,oracle_real_utility,8,-0.017487169412181074,-0.01753828475357512,5.111534139404586e-05
libero_object/5,2510806,1,learned_wam,1,-0.030539408791645142,-0.03047626306637957,6.314572526557385e-05
libero_object/5,2510806,1,learned_wam,2,-0.026828224264968753,-0.027010374271516445,0.00018215000654769192
libero_object/5,2510806,1,learned_wam,4,-0.023179413445374178,-0.023222394663831903,4.2981218457725096e-05
libero_object/5,2510806,1,learned_wam,8,-0.019396946319279254,-0.019939532063244444,0.0005425857439651897
libero_object/5,2510806,1,learned_physics_score,1,-0.030539408791645142,-0.03047626306637957,6.314572526557385e-05
libero_object/5,2510806,1,learned_physics_score,2,-0.026828224264968753,-0.027010374271516445,0.00018215000654769192
libero_object/5,2510806,1,learned_physics_score,4,-0.023179413445374178,-0.023222394663831903,4.2981218457725096e-05
libero_object/5,2510806,1,learned_physics_score,8,-0.019396946319279254,-0.019939532063244444,0.0005425857439651897
libero_object/5,2510806,1,learned_energy_regularized,1,-0.030539408791645135,-0.03047626306637957,6.314572526556692e-05
libero_object/5,2510806,1,learned_energy_regularized,2,-0.02714561126879063,-0.02738402441168546,0.0002384131428948312
libero_object/5,2510806,1,learned_energy_regularized,4,-0.02352834209593363,-0.02355627360437923,2.7931508445599995e-05
libero_object/5,2510806,1,learned_energy_regularized,8,-0.01959233341951447,-0.020161370035378372,0.0005690366158639035
libero_object/5,2510806,1,oracle_real_utility,1,-0.030539408791645135,-0.03047626306637957,6.314572526556692e-05
libero_object/5,2510806,1,oracle_real_utility,2,-0.02676705293632957,-0.0269652735409023,0.0001982206045727311
libero_object/5,2510806,1,oracle_real_utility,4,-0.023101345887044454,-0.023138803130693376,3.745724364892164e-05
libero_object/5,2510806,1,oracle_real_utility,8,-0.019374982793463072,-0.01991642908309299,0.0005414462896299183
libero_object/6,2600802,0,learned_wam,1,-0.017868127161468163,-0.01785817700181797,9.950159650193996e-06
libero_object/6,2600802,0,learned_wam,2,-0.014274037275763728,-0.014441769812678782,0.00016773253691505438
libero_object/6,2600802,0,learned_wam,4,-0.011465558582350842,-0.011652093452027331,0.00018653486967648916
libero_object/6,2600802,0,learned_wam,8,-0.008926972274549753,-0.0091947151218307,0.0002677428472809464
libero_object/6,2600802,0,learned_physics_score,1,-0.017868127161468163,-0.01785817700181797,9.950159650193996e-06
libero_object/6,2600802,0,learned_physics_score,2,-0.014274037275763728,-0.014441769812678782,0.00016773253691505438
libero_object/6,2600802,0,learned_physics_score,4,-0.011465558582350842,-0.011652093452027331,0.00018653486967648916
libero_object/6,2600802,0,learned_physics_score,8,-0.008926972274549753,-0.0091947151218307,0.0002677428472809464
libero_object/6,2600802,0,learned_energy_regularized,1,-0.017868127161468163,-0.01785817700181797,9.950159650193996e-06
libero_object/6,2600802,0,learned_energy_regularized,2,-0.013981734654622702,-0.014216536845428047,0.00023480219080534472
libero_object/6,2600802,0,learned_energy_regularized,4,-0.011254034523037576,-0.0114478015151729,0.00019376699213532328
libero_object/6,2600802,0,learned_energy_regularized,8,-0.008905133493441594,-0.009179125648703178,0.0002739921552615838
libero_object/6,2600802,0,oracle_real_utility,1,-0.017868127161468163,-0.01785817700181797,9.950159650193996e-06
libero_object/6,2600802,0,oracle_real_utility,2,-0.013907299734455479,-0.01413328487883818,0.0002259851443827017
libero_object/6,2600802,0,oracle_real_utility,4,-0.011089185646253495,-0.011258389529935542,0.0001692038836820474
libero_object/6,2600802,0,oracle_real_utility,8,-0.008785275219912642,-0.00902828090674773,0.00024300568683508807
libero_object/6,2610809,1,learned_wam,1,-0.016697298722387486,-0.015749155087503984,0.0009481436348835019
libero_object/6,2610809,1,learned_wam,2,-0.01164232103539933,-0.011873558896266817,0.00023123786086748713
libero_object/6,2610809,1,learned_wam,4,-0.007051966422066911,-0.007087258467083399,3.529204501648807e-05
libero_object/6,2610809,1,learned_wam,8,-0.003884861704225818,-0.0036780571362340394,0.0002068045679917787
libero_object/6,2610809,1,learned_physics_score,1,-0.016697298722387486,-0.015749155087503984,0.0009481436348835019
libero_object/6,2610809,1,learned_physics_score,2,-0.01164232103539933,-0.011873558896266817,0.00023123786086748713
libero_object/6,2610809,1,learned_physics_score,4,-0.007051966422066911,-0.007087258467083399,3.529204501648807e-05
libero_object/6,2610809,1,learned_physics_score,8,-0.003884861704225818,-0.0036780571362340394,0.0002068045679917787
libero_object/6,2610809,1,learned_energy_regularized,1,-0.016697298722387486,-0.015749155087503984,0.0009481436348835019
libero_object/6,2610809,1,learned_energy_regularized,2,-0.011416380046969937,-0.0116566555473746,0.00024027550040466375
libero_object/6,2610809,1,learned_energy_regularized,4,-0.006963708223461679,-0.0069908569786868565,2.714875522517781e-05
libero_object/6,2610809,1,learned_energy_regularized,8,-0.0038822544674017873,-0.0036780571362340394,0.00020419733116774788
libero_object/6,2610809,1,oracle_real_utility,1,-0.016697298722387486,-0.015749155087503984,0.0009481436348835019
libero_object/6,2610809,1,oracle_real_utility,2,-0.011349859236241357,-0.011571508909642017,0.00022164967340066073
libero_object/6,2610809,1,oracle_real_utility,4,-0.006906541901741805,-0.006951831436392757,4.528953465095242e-05
libero_object/6,2610809,1,oracle_real_utility,8,-0.003875571783264301,-0.0036780571362340394,0.0001975146470302616
libero_object/7,2700805,0,learned_wam,1,-0.016121510551177,-0.015273361645487196,0.0008481489056898026
libero_object/7,2700805,0,learned_wam,2,-0.011315994940703237,-0.011434217473311338,0.00011822253260810114
libero_object/7,2700805,0,learned_wam,4,-0.007696146047984159,-0.007712370367467146,1.622431948298652e-05
libero_object/7,2700805,0,learned_wam,8,-0.0053711021610732155,-0.005381150073298408,1.0047912225192093e-05
libero_object/7,2700805,0,learned_physics_score,1,-0.016121510551177,-0.015273361645487196,0.0008481489056898026
libero_object/7,2700805,0,learned_physics_score,2,-0.011315994940703237,-0.011434217473311338,0.00011822253260810114
libero_object/7,2700805,0,learned_physics_score,4,-0.007696146047984159,-0.007712370367467146,1.622431948298652e-05
libero_object/7,2700805,0,learned_physics_score,8,-0.0053711021610732155,-0.005381150073298408,1.0047912225192093e-05
libero_object/7,2700805,0,learned_energy_regularized,1,-0.016121510551177,-0.015273361645487196,0.0008481489056898026
libero_object/7,2700805,0,learned_energy_regularized,2,-0.01119648935718201,-0.0112876239575253,9.113460034329036e-05
libero_object/7,2700805,0,learned_energy_regularized,4,-0.007649464179421181,-0.007642260425134694,7.2037542864873336e-06
libero_object/7,2700805,0,learned_energy_regularized,8,-0.005369723131264593,-0.005381150073298408,1.1426942033814814e-05
libero_object/7,2700805,0,oracle_real_utility,1,-0.016121510551177,-0.015273361645487196,0.0008481489056898026
libero_object/7,2700805,0,oracle_real_utility,2,-0.01119648935718201,-0.0112876239575253,9.113460034329036e-05
libero_object/7,2700805,0,oracle_real_utility,4,-0.007649464179421181,-0.007642260425134694,7.2037542864873336e-06
libero_object/7,2700805,0,oracle_real_utility,8,-0.005369723131264593,-0.005381150073298408,1.1426942033814814e-05
libero_object/7,2710812,1,learned_wam,1,-0.01597675557152244,-0.015816724633477067,0.00016003093804537252
libero_object/7,2710812,1,learned_wam,2,-0.012498907797210261,-0.013064671006781783,0.000565763209571522
libero_object/7,2710812,1,learned_wam,4,-0.008481741577417575,-0.00812879906538267,0.00035294251203490425
libero_object/7,2710812,1,learned_wam,8,-0.0041742719847967895,-0.0040740586827831835,0.000100213302013606
libero_object/7,2710812,1,learned_physics_score,1,-0.01597675557152244,-0.015816724633477067,0.00016003093804537252
libero_object/7,2710812,1,learned_physics_score,2,-0.012498907797210261,-0.013064671006781783,0.000565763209571522
libero_object/7,2710812,1,learned_physics_score,4,-0.008481741577417575,-0.00812879906538267,0.00035294251203490425
libero_object/7,2710812,1,learned_physics_score,8,-0.0041742719847967895,-0.0040740586827831835,0.000100213302013606
libero_object/7,2710812,1,learned_energy_regularized,1,-0.01597675557152244,-0.015816724633477067,0.00016003093804537252
libero_object/7,2710812,1,learned_energy_regularized,2,-0.011625932019293607,-0.01193765711655627,0.00031172509726266374
libero_object/7,2710812,1,learned_energy_regularized,4,-0.00718933687670878,-0.006874032645796972,0.00031530423091180853
libero_object/7,2710812,1,learned_energy_regularized,8,-0.0035739934220308214,-0.0035050800923889635,6.891332964185795e-05
libero_object/7,2710812,1,oracle_real_utility,1,-0.015976755571522443,-0.015816724633477067,0.000160030938045376
libero_object/7,2710812,1,oracle_real_utility,2,-0.011392553432791193,-0.011775847963247932,0.0003832945304567386
libero_object/7,2710812,1,oracle_real_utility,4,-0.006883317665340138,-0.006657064754010857,0.00022625291132928084
libero_object/7,2710812,1,oracle_real_utility,8,-0.0033719188848445433,-0.003307185486923941,6.473339792060226e-05
libero_object/8,2800808,0,learned_wam,1,-0.028847746435852417,-0.028878603591340535,3.085715548811763e-05
libero_object/8,2800808,0,learned_wam,2,-0.025306343382423324,-0.02521112032978679,9.522305263653247e-05
libero_object/8,2800808,0,learned_wam,4,-0.023626889640818282,-0.023493514422723887,0.0001333752180943948
libero_object/8,2800808,0,learned_wam,8,-0.022335078768943587,-0.022285002416495458,5.00763524481293e-05
libero_object/8,2800808,0,learned_physics_score,1,-0.028847746435852417,-0.028878603591340535,3.085715548811763e-05
libero_object/8,2800808,0,learned_physics_score,2,-0.025306343382423324,-0.02521112032978679,9.522305263653247e-05
libero_object/8,2800808,0,learned_physics_score,4,-0.023626889640818282,-0.023493514422723887,0.0001333752180943948
libero_object/8,2800808,0,learned_physics_score,8,-0.022335078768943587,-0.022285002416495458,5.00763524481293e-05
libero_object/8,2800808,0,learned_energy_regularized,1,-0.028847746435852417,-0.028878603591340535,3.085715548811763e-05
libero_object/8,2800808,0,learned_energy_regularized,2,-0.025676051641260224,-0.025601603639640196,7.444800162002829e-05
libero_object/8,2800808,0,learned_energy_regularized,4,-0.02404717137089626,-0.023936639802657533,0.00011053156823872742
libero_object/8,2800808,0,learned_energy_regularized,8,-0.02243513329507831,-0.022398621853585644,3.651144149266483e-05
libero_object/8,2800808,0,oracle_real_utility,1,-0.028847746435852417,-0.028878603591340535,3.085715548811763e-05
libero_object/8,2800808,0,oracle_real_utility,2,-0.025026448585221038,-0.02489733002079848,0.00012911856442255829
libero_object/8,2800808,0,oracle_real_utility,4,-0.023324978719521685,-0.02319559436858544,0.0001293843509362451
libero_object/8,2800808,0,oracle_real_utility,8,-0.02215555836895461,-0.022106222646305584,4.9335722649025e-05
libero_object/8,2810815,1,learned_wam,1,-0.030867149780395238,-0.03103645116548793,0.00016930138509269055
libero_object/8,2810815,1,learned_wam,2,-0.02836242668218695,-0.028064987395679263,0.00029743928650768567
libero_object/8,2810815,1,learned_wam,4,-0.026835662616991246,-0.02678187716872474,5.3785448266504415e-05
libero_object/8,2810815,1,learned_wam,8,-0.026374103035544445,-0.026341938748959647,3.216428658479875e-05
libero_object/8,2810815,1,learned_physics_score,1,-0.030867149780395238,-0.03103645116548793,0.00016930138509269055
libero_object/8,2810815,1,learned_physics_score,2,-0.02836242668218695,-0.028064987395679263,0.00029743928650768567
libero_object/8,2810815,1,learned_physics_score,4,-0.026835662616991246,-0.02678187716872474,5.3785448266504415e-05
libero_object/8,2810815,1,learned_physics_score,8,-0.026374103035544445,-0.026341938748959647,3.216428658479875e-05
libero_object/8,2810815,1,learned_energy_regularized,1,-0.030867149780395238,-0.03103645116548793,0.00016930138509269055
libero_object/8,2810815,1,learned_energy_regularized,2,-0.028559619949886803,-0.0283279117526124,0.00023170819727440228
libero_object/8,2810815,1,learned_energy_regularized,4,-0.027504271040286066,-0.027486514445305556,1.775659498051002e-05
libero_object/8,2810815,1,learned_energy_regularized,8,-0.02742579720360232,-0.02736208525386023,6.371194974209154e-05
libero_object/8,2810815,1,oracle_real_utility,1,-0.030867149780395235,-0.03103645116548793,0.00016930138509269402
libero_object/8,2810815,1,oracle_real_utility,2,-0.027933570527770575,-0.02762255498305921,0.0003110155447113641
libero_object/8,2810815,1,oracle_real_utility,4,-0.025785080696336105,-0.02570716668470339,7.7914011632714e-05
libero_object/8,2810815,1,oracle_real_utility,8,-0.024417169816404287,-0.024465018540830094,4.7848724425807176e-05
libero_object/9,2900811,0,learned_wam,1,-0.01728292645016049,-0.017541187635143115,0.00025826118498262565
libero_object/9,2900811,0,learned_wam,2,-0.015066151105506367,-0.015250370482088315,0.00018421937658194727
libero_object/9,2900811,0,learned_wam,4,-0.012781630584473824,-0.01296463220486561,0.0001830016203917869
libero_object/9,2900811,0,learned_wam,8,-0.011303569463662969,-0.011175606760631895,0.00012796270303107316
libero_object/9,2900811,0,learned_physics_score,1,-0.01728292645016049,-0.017541187635143115,0.00025826118498262565
libero_object/9,2900811,0,learned_physics_score,2,-0.015066151105506367,-0.015250370482088315,0.00018421937658194727
libero_object/9,2900811,0,learned_physics_score,4,-0.012781630584473824,-0.01296463220486561,0.0001830016203917869
libero_object/9,2900811,0,learned_physics_score,8,-0.011303569463662969,-0.011175606760631895,0.00012796270303107316
libero_object/9,2900811,0,learned_energy_regularized,1,-0.01728292645016049,-0.017541187635143115,0.00025826118498262565
libero_object/9,2900811,0,learned_energy_regularized,2,-0.01484478916007552,-0.015058525569477848,0.00021373640940232884
libero_object/9,2900811,0,learned_energy_regularized,4,-0.012846175265668357,-0.012995754073232436,0.00014957880756407901
libero_object/9,2900811,0,learned_energy_regularized,8,-0.011346405353695414,-0.011184921398674183,0.00016148395502123096
libero_object/9,2900811,0,oracle_real_utility,1,-0.01728292645016049,-0.017541187635143115,0.00025826118498262565
libero_object/9,2900811,0,oracle_real_utility,2,-0.014690870266208956,-0.01490721174271421,0.00021634147650525376
libero_object/9,2900811,0,oracle_real_utility,4,-0.012687810374649472,-0.012821623246450123,0.00013381287180065128
libero_object/9,2900811,0,oracle_real_utility,8,-0.011301313289183549,-0.011175606760631895,0.00012570652855165357
libero_object/9,2910818,1,learned_wam,1,-0.01783339859761628,-0.01760343042630507,0.0002299681713112088
libero_object/9,2910818,1,learned_wam,2,-0.013268002072608212,-0.013459523084264067,0.00019152101165585515
libero_object/9,2910818,1,learned_wam,4,-0.010209086446514776,-0.00998806496251224,0.00022102148400253603
libero_object/9,2910818,1,learned_wam,8,-0.008334622539234358,-0.008377964412468124,4.334187323376537e-05
libero_object/9,2910818,1,learned_physics_score,1,-0.01783339859761628,-0.01760343042630507,0.0002299681713112088
libero_object/9,2910818,1,learned_physics_score,2,-0.013268002072608212,-0.013459523084264067,0.00019152101165585515
libero_object/9,2910818,1,learned_physics_score,4,-0.010209086446514776,-0.00998806496251224,0.00022102148400253603
libero_object/9,2910818,1,learned_physics_score,8,-0.008334622539234358,-0.008377964412468124,4.334187323376537e-05
libero_object/9,2910818,1,learned_energy_regularized,1,-0.01783339859761628,-0.01760343042630507,0.0002299681713112088
libero_object/9,2910818,1,learned_energy_regularized,2,-0.013268002072608212,-0.013459523084264067,0.00019152101165585515
libero_object/9,2910818,1,learned_energy_regularized,4,-0.010209086446514776,-0.00998806496251224,0.00022102148400253603
libero_object/9,2910818,1,learned_energy_regularized,8,-0.008334622539234358,-0.008377964412468124,4.334187323376537e-05
libero_object/9,2910818,1,oracle_real_utility,1,-0.01783339859761628,-0.01760343042630507,0.0002299681713112088
libero_object/9,2910818,1,oracle_real_utility,2,-0.013268002072608212,-0.013459523084264067,0.00019152101165585515
libero_object/9,2910818,1,oracle_real_utility,4,-0.010209086446514776,-0.00998806496251224,0.00022102148400253603
libero_object/9,2910818,1,oracle_real_utility,8,-0.008334622539234358,-0.008377964412468124,4.334187323376537e-05
libero_goal/0,3000814,0,learned_wam,1,-0.029820586153964,-0.029947649837069316,0.00012706368310531554
libero_goal/0,3000814,0,learned_wam,2,-0.027128137168016143,-0.027264584620843114,0.0001364474528269717
libero_goal/0,3000814,0,learned_wam,4,-0.026304640449155363,-0.026203676111679786,0.00010096433747557726
libero_goal/0,3000814,0,learned_wam,8,-0.026112041634156796,-0.02618019548042165,6.815384626485468e-05
libero_goal/0,3000814,0,learned_physics_score,1,-0.029820586153964,-0.029947649837069316,0.00012706368310531554
libero_goal/0,3000814,0,learned_physics_score,2,-0.027128137168016143,-0.027264584620843114,0.0001364474528269717
libero_goal/0,3000814,0,learned_physics_score,4,-0.026304640449155363,-0.026203676111679786,0.00010096433747557726
libero_goal/0,3000814,0,learned_physics_score,8,-0.026112041634156796,-0.02618019548042165,6.815384626485468e-05
libero_goal/0,3000814,0,learned_energy_regularized,1,-0.029820586153964,-0.029947649837069316,0.00012706368310531554
libero_goal/0,3000814,0,learned_energy_regularized,2,-0.027765747694364334,-0.027849235056877444,8.348736251310995e-05
libero_goal/0,3000814,0,learned_energy_regularized,4,-0.027178536086086398,-0.027137011971813566,4.15241142728319e-05
libero_goal/0,3000814,0,learned_energy_regularized,8,-0.026515504829080314,-0.026592714621602422,7.720979252210866e-05
libero_goal/0,3000814,0,oracle_real_utility,1,-0.029820586153964004,-0.029947649837069316,0.00012706368310531208
libero_goal/0,3000814,0,oracle_real_utility,2,-0.02604657616658022,-0.026129865207183852,8.328904060363185e-05
libero_goal/0,3000814,0,oracle_real_utility,4,-0.023359051831739253,-0.023569085964448993,0.00021003413270974033
libero_goal/0,3000814,0,oracle_real_utility,8,-0.022070015114187748,-0.021986456363570578,8.355875061717005e-05
libero_goal/0,3010821,1,learned_wam,1,-0.021346935637987695,-0.021293255931986076,5.36797060016192e-05
libero_goal/0,3010821,1,learned_wam,2,-0.019784222900903828,-0.020144002453899013,0.0003597795529951854
libero_goal/0,3010821,1,learned_wam,4,-0.017630541137573716,-0.017505249091615105,0.000125292045958611
libero_goal/0,3010821,1,learned_wam,8,-0.014175827506449681,-0.014006232957244414,0.00016959454920526668
libero_goal/0,3010821,1,learned_physics_score,1,-0.021346935637987695,-0.021293255931986076,5.36797060016192e-05
libero_goal/0,3010821,1,learned_physics_score,2,-0.019784222900903828,-0.020144002453899013,0.0003597795529951854
libero_goal/0,3010821,1,learned_physics_score,4,-0.017630541137573716,-0.017505249091615105,0.000125292045958611
libero_goal/0,3010821,1,learned_physics_score,8,-0.014175827506449681,-0.014006232957244414,0.00016959454920526668
libero_goal/0,3010821,1,learned_energy_regularized,1,-0.021346935637987695,-0.021293255931986076,5.36797060016192e-05
libero_goal/0,3010821,1,learned_energy_regularized,2,-0.020019146492222292,-0.02030508461021754,0.00028593811799524846
libero_goal/0,3010821,1,learned_energy_regularized,4,-0.017905607883760888,-0.01763205065454798,0.00027355722921290626
libero_goal/0,3010821,1,learned_energy_regularized,8,-0.014397963806643646,-0.014249510739847959,0.00014845306679568682
libero_goal/0,3010821,1,oracle_real_utility,1,-0.021346935637987695,-0.021293255931986076,5.36797060016192e-05
libero_goal/0,3010821,1,oracle_real_utility,2,-0.018104915607263447,-0.018493534369559594,0.00038861876229614664
libero_goal/0,3010821,1,oracle_real_utility,4,-0.014654909369155929,-0.014505245231942082,0.00014966413721384693
libero_goal/0,3010821,1,oracle_real_utility,8,-0.011470329498581872,-0.011546804571028215,7.647507244634352e-05
libero_goal/1,3100817,0,learned_wam,1,-0.04066388971722175,-0.04076763418496983,0.00010374446774807922
libero_goal/1,3100817,0,learned_wam,2,-0.03757374168014899,-0.03780895036026169,0.00023520868011269597
libero_goal/1,3100817,0,learned_wam,4,-0.03422020449048635,-0.03416071703704407,5.948745344228068e-05
libero_goal/1,3100817,0,learned_wam,8,-0.031378400777569135,-0.03109579119192289,0.0002826095856462464
libero_goal/1,3100817,0,learned_physics_score,1,-0.04066388971722175,-0.04076763418496983,0.00010374446774807922
libero_goal/1,3100817,0,learned_physics_score,2,-0.03757374168014899,-0.03780895036026169,0.00023520868011269597
libero_goal/1,3100817,0,learned_physics_score,4,-0.03422020449048635,-0.03416071703704407,5.948745344228068e-05
libero_goal/1,3100817,0,learned_physics_score,8,-0.031378400777569135,-0.03109579119192289,0.0002826095856462464
libero_goal/1,3100817,0,learned_energy_regularized,1,-0.04066388971722175,-0.04076763418496983,0.00010374446774807922
libero_goal/1,3100817,0,learned_energy_regularized,2,-0.037476561991345005,-0.03772084077574608,0.0002442787844010724
libero_goal/1,3100817,0,learned_energy_regularized,4,-0.034182243674547294,-0.034145168286835434,3.707538771186014e-05
libero_goal/1,3100817,0,learned_energy_regularized,8,-0.03137727937651234,-0.03109579119192289,0.0002814881845894547
libero_goal/1,3100817,0,oracle_real_utility,1,-0.04066388971722175,-0.04076763418496983,0.00010374446774807922
libero_goal/1,3100817,0,oracle_real_utility,2,-0.037476561991345005,-0.03772084077574608,0.0002442787844010724
libero_goal/1,3100817,0,oracle_real_utility,4,-0.034182243674547294,-0.034145168286835434,3.707538771186014e-05
libero_goal/1,3100817,0,oracle_real_utility,8,-0.03137727937651234,-0.03109579119192289,0.0002814881845894547
libero_goal/1,3110824,1,learned_wam,1,-0.04381127518202968,-0.04358942084003971,0.00022185434198997156
libero_goal/1,3110824,1,learned_wam,2,-0.040097973874251076,-0.04029444040403175,0.00019646652978067697
libero_goal/1,3110824,1,learned_wam,4,-0.03688190188045387,-0.03694995608486166,6.805420440778726e-05
libero_goal/1,3110824,1,learned_wam,8,-0.03457264883769168,-0.03453176173512612,4.088710256555661e-05
libero_goal/1,3110824,1,learned_physics_score,1,-0.04381127518202968,-0.04358942084003971,0.00022185434198997156
libero_goal/1,3110824,1,learned_physics_score,2,-0.040097973874251076,-0.04029444040403175,0.00019646652978067697
libero_goal/1,3110824,1,learned_physics_score,4,-0.03688190188045387,-0.03694995608486166,6.805420440778726e-05
libero_goal/1,3110824,1,learned_physics_score,8,-0.03457264883769168,-0.03453176173512612,4.088710256555661e-05
libero_goal/1,3110824,1,learned_energy_regularized,1,-0.04381127518202968,-0.04358942084003971,0.00022185434198997156
libero_goal/1,3110824,1,learned_energy_regularized,2,-0.040088931683713296,-0.04020428626403852,0.00011535458032522344
libero_goal/1,3110824,1,learned_energy_regularized,4,-0.03694065270462012,-0.03696927102338826,2.8618318768144912e-05
libero_goal/1,3110824,1,learned_energy_regularized,8,-0.034613007797957826,-0.034578970678654,3.4037119303824415e-05
libero_goal/1,3110824,1,oracle_real_utility,1,-0.04381127518202968,-0.04358942084003971,0.00022185434198997156
libero_goal/1,3110824,1,oracle_real_utility,2,-0.03992401734334743,-0.04003305617089796,0.0001090388275505269
libero_goal/1,3110824,1,oracle_real_utility,4,-0.036637085519953275,-0.0366828896643062,4.580414435292196e-05
libero_goal/1,3110824,1,oracle_real_utility,8,-0.03444472383241419,-0.034415808365358874,2.8915467055315447e-05
libero_goal/2,3200820,0,learned_wam,1,-0.0448841474867651,-0.044822617490442064,6.152999632303563e-05
libero_goal/2,3200820,0,learned_wam,2,-0.04238188248561731,-0.04233172884112271,5.0153644494600746e-05
libero_goal/2,3200820,0,learned_wam,4,-0.04193279023261233,-0.04193380326705909,1.0130344467590424e-06
libero_goal/2,3200820,0,learned_wam,8,-0.04209027461020084,-0.042064794418433187,2.5480191767651705e-05
libero_goal/2,3200820,0,learned_physics_score,1,-0.0448841474867651,-0.044822617490442064,6.152999632303563e-05
libero_goal/2,3200820,0,learned_physics_score,2,-0.04238188248561731,-0.04233172884112271,5.0153644494600746e-05
libero_goal/2,3200820,0,learned_physics_score,4,-0.04193279023261233,-0.04193380326705909,1.0130344467590424e-06
libero_goal/2,3200820,0,learned_physics_score,8,-0.04209027461020084,-0.042064794418433187,2.5480191767651705e-05
libero_goal/2,3200820,0,learned_energy_regularized,1,-0.0448841474867651,-0.044822617490442064,6.152999632303563e-05
libero_goal/2,3200820,0,learned_energy_regularized,2,-0.04249345880559907,-0.04238796496705028,0.00010549383854879107
libero_goal/2,3200820,0,learned_energy_regularized,4,-0.041827067046666055,-0.04176611070453844,6.09563421276188e-05
libero_goal/2,3200820,0,learned_energy_regularized,8,-0.041708447552547705,-0.041685784959411026,2.2662593136678344e-05
libero_goal/2,3200820,0,oracle_real_utility,1,-0.04488414748676509,-0.044822617490442064,6.152999632302869e-05
libero_goal/2,3200820,0,oracle_real_utility,2,-0.04184217151275636,-0.04183934608388192,2.8254288744408718e-06
libero_goal/2,3200820,0,oracle_real_utility,4,-0.04039907131424221,-0.04034520318678919,5.3868127453018944e-05
libero_goal/2,3200820,0,oracle_real_utility,8,-0.03977812281811323,-0.03975893815997825,1.918465813498249e-05
libero_goal/2,3210827,1,learned_wam,1,-0.03871632255042672,-0.03886573022523307,0.00014940767480634692
libero_goal/2,3210827,1,learned_wam,2,-0.034687475096408155,-0.03416898278298558,0.000518492313422575
libero_goal/2,3210827,1,learned_wam,4,-0.030485391897650767,-0.030682115845089727,0.00019672394743895996
libero_goal/2,3210827,1,learned_wam,8,-0.02724596019347684,-0.027239250758109256,6.709435367582839e-06
libero_goal/2,3210827,1,learned_physics_score,1,-0.03871632255042672,-0.03886573022523307,0.00014940767480634692
libero_goal/2,3210827,1,learned_physics_score,2,-0.034687475096408155,-0.03416898278298558,0.000518492313422575
libero_goal/2,3210827,1,learned_physics_score,4,-0.030485391897650767,-0.030682115845089727,0.00019672394743895996
libero_goal/2,3210827,1,learned_physics_score,8,-0.02724596019347684,-0.027239250758109256,6.709435367582839e-06
libero_goal/2,3210827,1,learned_energy_regularized,1,-0.03871632255042672,-0.03886573022523307,0.00014940767480634692
libero_goal/2,3210827,1,learned_energy_regularized,2,-0.03462112506405686,-0.03407947569513967,0.0005416493689171867
libero_goal/2,3210827,1,learned_energy_regularized,4,-0.030550746678664427,-0.030740584425988853,0.0001898377473244263
libero_goal/2,3210827,1,learned_energy_regularized,8,-0.027287237571216132,-0.027246987885551802,4.0249685664330015e-05
libero_goal/2,3210827,1,oracle_real_utility,1,-0.03871632255042672,-0.03886573022523307,0.00014940767480634692
libero_goal/2,3210827,1,oracle_real_utility,2,-0.03443085134697415,-0.033945107985789424,0.0004857433611847248
libero_goal/2,3210827,1,oracle_real_utility,4,-0.030319783302164754,-0.030527255197826026,0.00020747189566127158
libero_goal/2,3210827,1,oracle_real_utility,8,-0.027226281214601595,-0.02720313669412141,2.3144520480185976e-05
libero_goal/3,3300823,0,learned_wam,1,-0.03605663203914744,-0.03598505520975819,7.157682938924853e-05
libero_goal/3,3300823,0,learned_wam,2,-0.03356810031752356,-0.033781523360859524,0.00021342304333596407
libero_goal/3,3300823,0,learned_wam,4,-0.03177348321412285,-0.03192070070875422,0.00014721749463136868
libero_goal/3,3300823,0,learned_wam,8,-0.030083475549507667,-0.03031916712708071,0.00023569157757304462
libero_goal/3,3300823,0,learned_physics_score,1,-0.03605663203914744,-0.03598505520975819,7.157682938924853e-05
libero_goal/3,3300823,0,learned_physics_score,2,-0.03356810031752356,-0.033781523360859524,0.00021342304333596407
libero_goal/3,3300823,0,learned_physics_score,4,-0.03177348321412285,-0.03192070070875422,0.00014721749463136868
libero_goal/3,3300823,0,learned_physics_score,8,-0.030083475549507667,-0.03031916712708071,0.00023569157757304462
libero_goal/3,3300823,0,learned_energy_regularized,1,-0.03605663203914745,-0.03598505520975819,7.157682938925547e-05
libero_goal/3,3300823,0,learned_energy_regularized,2,-0.03364155036427868,-0.033864444038662934,0.00022289367438425162
libero_goal/3,3300823,0,learned_energy_regularized,4,-0.03181200044003281,-0.03195146696636642,0.0001394665263336134
libero_goal/3,3300823,0,learned_energy_regularized,8,-0.0300886554957205,-0.030323825284779674,0.00023516978905917252
libero_goal/3,3300823,0,oracle_real_utility,1,-0.03605663203914745,-0.03598505520975819,7.157682938925547e-05
libero_goal/3,3300823,0,oracle_real_utility,2,-0.03352240817214573,-0.03374496964455727,0.00022256147241153657
libero_goal/3,3300823,0,oracle_real_utility,4,-0.03161855828370115,-0.03172574755514215,0.00010718927144100221
libero_goal/3,3300823,0,oracle_real_utility,8,-0.029839784862799958,-0.030073038770645474,0.00023325390784551675
libero_goal/3,3310830,1,learned_wam,1,-0.0446107222448606,-0.044574628398454635,3.609384640596708e-05
libero_goal/3,3310830,1,learned_wam,2,-0.042840591577885875,-0.04272526917745418,0.00011532240043169578
libero_goal/3,3310830,1,learned_wam,4,-0.04143955102121836,-0.041513467092311566,7.391607109320797e-05
libero_goal/3,3310830,1,learned_wam,8,-0.040884141276357595,-0.04087874256291486,5.398713442732184e-06
libero_goal/3,3310830,1,learned_physics_score,1,-0.0446107222448606,-0.044574628398454635,3.609384640596708e-05
libero_goal/3,3310830,1,learned_physics_score,2,-0.042840591577885875,-0.04272526917745418,0.00011532240043169578
libero_goal/3,3310830,1,learned_physics_score,4,-0.04143955102121836,-0.041513467092311566,7.391607109320797e-05
libero_goal/3,3310830,1,learned_physics_score,8,-0.040884141276357595,-0.04087874256291486,5.398713442732184e-06
libero_goal/3,3310830,1,learned_energy_regularized,1,-0.04461072224486061,-0.044574628398454635,3.609384640597402e-05
libero_goal/3,3310830,1,learned_energy_regularized,2,-0.04291661164282906,-0.04286145833995425,5.5153302874810795e-05
libero_goal/3,3310830,1,learned_energy_regularized,4,-0.04140338837854515,-0.041489688202848304,8.629982430315153e-05
libero_goal/3,3310830,1,learned_energy_regularized,8,-0.039895988732892185,-0.03981320322300944,8.278550988274208e-05
libero_goal/3,3310830,1,oracle_real_utility,1,-0.04461072224486061,-0.044574628398454635,3.609384640597402e-05
libero_goal/3,3310830,1,oracle_real_utility,2,-0.04241854774958281,-0.04235621299569277,6.233475389004484e-05
libero_goal/3,3310830,1,oracle_real_utility,4,-0.04055745245971459,-0.040600652989620394,4.320052990580692e-05
libero_goal/3,3310830,1,oracle_real_utility,8,-0.039372997990723524,-0.03937226522333106,7.32767392465361e-07
libero_goal/4,3400826,0,learned_wam,1,-0.038798803297454366,-0.03854724382112967,0.0002515594763246934
libero_goal/4,3400826,0,learned_wam,2,-0.03399231770172591,-0.033609013892824474,0.00038330380890143345
libero_goal/4,3400826,0,learned_wam,4,-0.02998455455632007,-0.03021376120078653,0.00022920664446645853
libero_goal/4,3400826,0,learned_wam,8,-0.027309509905396254,-0.027447159670075896,0.00013764976467964263
libero_goal/4,3400826,0,learned_physics_score,1,-0.038798803297454366,-0.03854724382112967,0.0002515594763246934
libero_goal/4,3400826,0,learned_physics_score,2,-0.03399231770172591,-0.033609013892824474,0.00038330380890143345
libero_goal/4,3400826,0,learned_physics_score,4,-0.02998455455632007,-0.03021376120078653,0.00022920664446645853
libero_goal/4,3400826,0,learned_physics_score,8,-0.027309509905396254,-0.027447159670075896,0.00013764976467964263
libero_goal/4,3400826,0,learned_energy_regularized,1,-0.038798803297454366,-0.03854724382112967,0.0002515594763246934
libero_goal/4,3400826,0,learned_energy_regularized,2,-0.033920828242229195,-0.03354857076282207,0.00037225747940712595
libero_goal/4,3400826,0,learned_energy_regularized,4,-0.029724896861429026,-0.029964626500564293,0.00023972963913526657
libero_goal/4,3400826,0,learned_energy_regularized,8,-0.02690017616733164,-0.027017355236567897,0.0001171790692362576
libero_goal/4,3400826,0,oracle_real_utility,1,-0.038798803297454366,-0.03854724382112967,0.0002515594763246934
libero_goal/4,3400826,0,oracle_real_utility,2,-0.0338543702697627,-0.033501090213324994,0.00035328005643770616
libero_goal/4,3400826,0,oracle_real_utility,4,-0.029631570245317353,-0.029875942129814065,0.00024437188449671216
libero_goal/4,3400826,0,oracle_real_utility,8,-0.026869111906646766,-0.02697166174516976,0.00010254983852299449
libero_goal/4,3410833,1,learned_wam,1,-0.03697849450908792,-0.03687341157835034,0.00010508293073757669
libero_goal/4,3410833,1,learned_wam,2,-0.0349904808146269,-0.03509311417408356,0.00010263335945666363
libero_goal/4,3410833,1,learned_wam,4,-0.03337232931479198,-0.033314732627781056,5.759668701092735e-05
libero_goal/4,3410833,1,learned_wam,8,-0.032036241500452575,-0.0320430568007441,6.815300291528048e-06
libero_goal/4,3410833,1,learned_physics_score,1,-0.03697849450908792,-0.03687341157835034,0.00010508293073757669
libero_goal/4,3410833,1,learned_physics_score,2,-0.0349904808146269,-0.03509311417408356,0.00010263335945666363
libero_goal/4,3410833,1,learned_physics_score,4,-0.03337232931479198,-0.033314732627781056,5.759668701092735e-05
libero_goal/4,3410833,1,learned_physics_score,8,-0.032036241500452575,-0.0320430568007441,6.815300291528048e-06
libero_goal/4,3410833,1,learned_energy_regularized,1,-0.03697849450908792,-0.03687341157835034,0.00010508293073757669
libero_goal/4,3410833,1,learned_energy_regularized,2,-0.035111932261266326,-0.035162430349709554,5.049808844322795e-05
libero_goal/4,3410833,1,learned_energy_regularized,4,-0.03358267690765771,-0.033496851995519245,8.582491213846716e-05
libero_goal/4,3410833,1,learned_energy_regularized,8,-0.03256526737528761,-0.032560920091768114,4.3472835194943715e-06
libero_goal/4,3410833,1,oracle_real_utility,1,-0.03697849450908792,-0.03687341157835034,0.00010508293073757669
libero_goal/4,3410833,1,oracle_real_utility,2,-0.03469220507121133,-0.034740557835640555,4.8352764429222816e-05
libero_goal/4,3410833,1,oracle_real_utility,4,-0.03299978131406646,-0.03296009520949571,3.9686104570751946e-05
libero_goal/4,3410833,1,oracle_real_utility,8,-0.03184746942508163,-0.031844695870662486,2.773554419147062e-06
libero_goal/5,3500829,0,learned_wam,1,-0.0390779948630183,-0.03878666559005087,0.00029132927296743327
libero_goal/5,3500829,0,learned_wam,2,-0.03588327119544883,-0.03604254061302284,0.0001592694175740067
libero_goal/5,3500829,0,learned_wam,4,-0.03352889750369445,-0.03355297814869458,2.4080645000132406e-05
libero_goal/5,3500829,0,learned_wam,8,-0.03157351190409026,-0.031551829354018665,2.1682550071594475e-05
libero_goal/5,3500829,0,learned_physics_score,1,-0.0390779948630183,-0.03878666559005087,0.00029132927296743327
libero_goal/5,3500829,0,learned_physics_score,2,-0.03588327119544883,-0.03604254061302284,0.0001592694175740067
libero_goal/5,3500829,0,learned_physics_score,4,-0.03352889750369445,-0.03355297814869458,2.4080645000132406e-05
libero_goal/5,3500829,0,learned_physics_score,8,-0.03157351190409026,-0.031551829354018665,2.1682550071594475e-05
libero_goal/5,3500829,0,learned_energy_regularized,1,-0.0390779948630183,-0.03878666559005087,0.00029132927296743327
libero_goal/5,3500829,0,learned_energy_regularized,2,-0.03567351076511522,-0.03583062287588393,0.00015711211076870762
libero_goal/5,3500829,0,learned_energy_regularized,4,-0.033391708493985824,-0.03335009244881278,4.1616045173040184e-05
libero_goal/5,3500829,0,learned_energy_regularized,8,-0.03186955610324087,-0.031906169133204466,3.6613029963598887e-05
libero_goal/5,3500829,0,oracle_real_utility,1,-0.0390779948630183,-0.03878666559005087,0.00029132927296743327
libero_goal/5,3500829,0,oracle_real_utility,2,-0.03553796189579567,-0.03569295699244678,0.00015499509665111572
libero_goal/5,3500829,0,oracle_real_utility,4,-0.033037565158451625,-0.03299472472611684,4.284043233478141e-05
libero_goal/5,3500829,0,oracle_real_utility,8,-0.0313872710132279,-0.031409404679240596,2.213366601269695e-05
libero_goal/5,3510836,1,learned_wam,1,-0.037517730982290096,-0.03798805857956341,0.0004703275972733137
libero_goal/5,3510836,1,learned_wam,2,-0.034653164283677526,-0.03454856082793739,0.00010460345574013485
libero_goal/5,3510836,1,learned_wam,4,-0.03330572046819095,-0.03343555280572886,0.00012983233753791068
libero_goal/5,3510836,1,learned_wam,8,-0.03271655812104801,-0.032716188868837516,3.692522104956075e-07
libero_goal/5,3510836,1,learned_physics_score,1,-0.037517730982290096,-0.03798805857956341,0.0004703275972733137
libero_goal/5,3510836,1,learned_physics_score,2,-0.034653164283677526,-0.03454856082793739,0.00010460345574013485
libero_goal/5,3510836,1,learned_physics_score,4,-0.03330572046819095,-0.03343555280572886,0.00012983233753791068
libero_goal/5,3510836,1,learned_physics_score,8,-0.03271655812104801,-0.032716188868837516,3.692522104956075e-07
libero_goal/5,3510836,1,learned_energy_regularized,1,-0.037517730982290096,-0.03798805857956341,0.0004703275972733137
libero_goal/5,3510836,1,learned_energy_regularized,2,-0.034714911570753314,-0.034635935852842976,7.89757179103373e-05
libero_goal/5,3510836,1,learned_energy_regularized,4,-0.033382082102852526,-0.03355031133656665,0.00016822923371412335
libero_goal/5,3510836,1,learned_energy_regularized,8,-0.032595149251586575,-0.032619631139775604,2.4481888189029077e-05
libero_goal/5,3510836,1,oracle_real_utility,1,-0.0375177309822901,-0.03798805857956341,0.00047032759727330675
libero_goal/5,3510836,1,oracle_real_utility,2,-0.034422283977333004,-0.03431534294417522,0.00010694103315778136
libero_goal/5,3510836,1,oracle_real_utility,4,-0.0327951371032389,-0.03288576518699692,9.062808375802367e-05
libero_goal/5,3510836,1,oracle_real_utility,8,-0.03204960576520695,-0.03206451863312419,1.4912867917243888e-05
libero_goal/6,3600832,0,learned_wam,1,-0.034568955913061215,-0.03441444458211545,0.00015451133094576686
libero_goal/6,3600832,0,learned_wam,2,-0.029320880885887277,-0.02909304785625006,0.0002278330296372165
libero_goal/6,3600832,0,learned_wam,4,-0.025227968475864476,-0.025026516073897335,0.0002014524019671414
libero_goal/6,3600832,0,learned_wam,8,-0.022017591803927893,-0.022361785553888604,0.00034419374996071117
libero_goal/6,3600832,0,learned_physics_score,1,-0.034568955913061215,-0.03441444458211545,0.00015451133094576686
libero_goal/6,3600832,0,learned_physics_score,2,-0.029320880885887277,-0.02909304785625006,0.0002278330296372165
libero_goal/6,3600832,0,learned_physics_score,4,-0.025227968475864476,-0.025026516073897335,0.0002014524019671414
libero_goal/6,3600832,0,learned_physics_score,8,-0.022017591803927893,-0.022361785553888604,0.00034419374996071117
libero_goal/6,3600832,0,learned_energy_regularized,1,-0.034568955913061215,-0.03441444458211545,0.00015451133094576686
libero_goal/6,3600832,0,learned_energy_regularized,2,-0.029320880885887277,-0.02909304785625006,0.0002278330296372165
libero_goal/6,3600832,0,learned_energy_regularized,4,-0.025227968475864476,-0.025026516073897335,0.0002014524019671414
libero_goal/6,3600832,0,learned_energy_regularized,8,-0.022017591803927893,-0.022361785553888604,0.00034419374996071117
libero_goal/6,3600832,0,oracle_real_utility,1,-0.034568955913061215,-0.03441444458211545,0.00015451133094576686
libero_goal/6,3600832,0,oracle_real_utility,2,-0.029252160682807397,-0.029016081228800606,0.00023607945400679065
libero_goal/6,3600832,0,oracle_real_utility,4,-0.024994964037296757,-0.024784620959056158,0.00021034307824059975
libero_goal/6,3600832,0,oracle_real_utility,8,-0.021651085190137878,-0.021936636564167746,0.00028555137402986805
libero_goal/6,3610839,1,learned_wam,1,-0.032183046244556694,-0.03221745047675339,3.4404232196694196e-05
libero_goal/6,3610839,1,learned_wam,2,-0.03003281439637766,-0.0301306994291755,9.788503279783978e-05
libero_goal/6,3610839,1,learned_wam,4,-0.02851475363074414,-0.028534437349058688,1.968371831454624e-05
libero_goal/6,3610839,1,learned_wam,8,-0.027735143658801396,-0.02779466198117922,5.951832237782381e-05
libero_goal/6,3610839,1,learned_physics_score,1,-0.032183046244556694,-0.03221745047675339,3.4404232196694196e-05
libero_goal/6,3610839,1,learned_physics_score,2,-0.03003281439637766,-0.0301306994291755,9.788503279783978e-05
libero_goal/6,3610839,1,learned_physics_score,4,-0.02851475363074414,-0.028534437349058688,1.968371831454624e-05
libero_goal/6,3610839,1,learned_physics_score,8,-0.027735143658801396,-0.02779466198117922,5.951832237782381e-05
libero_goal/6,3610839,1,learned_energy_regularized,1,-0.032183046244556694,-0.03221745047675339,3.4404232196694196e-05
libero_goal/6,3610839,1,learned_energy_regularized,2,-0.030017399454858866,-0.0300975519902975,8.01525354386344e-05
libero_goal/6,3610839,1,learned_energy_regularized,4,-0.028716448766795022,-0.028728745134219302,1.2296367424280419e-05
libero_goal/6,3610839,1,learned_energy_regularized,8,-0.02813540485381637,-0.028186869619322957,5.146476550658627e-05
libero_goal/6,3610839,1,oracle_real_utility,1,-0.032183046244556694,-0.03221745047675339,3.4404232196694196e-05
libero_goal/6,3610839,1,oracle_real_utility,2,-0.029882956267485158,-0.02993819808839626,5.5241820911103995e-05
libero_goal/6,3610839,1,oracle_real_utility,4,-0.0283299246030956,-0.028364296199047758,3.437159595215747e-05
libero_goal/6,3610839,1,oracle_real_utility,8,-0.02765330408947393,-0.027690511461071612,3.7207371597684086e-05
libero_goal/7,3700835,0,learned_wam,1,-0.020995843547072204,-0.02104029294236782,4.4449395295617644e-05
libero_goal/7,3700835,0,learned_wam,2,-0.019312545555737498,-0.01926152789408376,5.1017661653739166e-05
libero_goal/7,3700835,0,learned_wam,4,-0.01795205593850733,-0.017822321728541035,0.00012973420996629376
libero_goal/7,3700835,0,learned_wam,8,-0.016989269802902322,-0.016980342369415653,8.927433486669023e-06
libero_goal/7,3700835,0,learned_physics_score,1,-0.020995843547072204,-0.02104029294236782,4.4449395295617644e-05
libero_goal/7,3700835,0,learned_physics_score,2,-0.019312545555737498,-0.01926152789408376,5.1017661653739166e-05
libero_goal/7,3700835,0,learned_physics_score,4,-0.01795205593850733,-0.017822321728541035,0.00012973420996629376
libero_goal/7,3700835,0,learned_physics_score,8,-0.016989269802902322,-0.016980342369415653,8.927433486669023e-06
libero_goal/7,3700835,0,learned_energy_regularized,1,-0.020995843547072207,-0.02104029294236782,4.4449395295614175e-05
libero_goal/7,3700835,0,learned_energy_regularized,2,-0.020313675192640584,-0.02018960720422969,0.00012406798841089334
libero_goal/7,3700835,0,learned_energy_regularized,4,-0.020086480165333202,-0.0200584445504333,2.8035614899901e-05
libero_goal/7,3700835,0,learned_energy_regularized,8,-0.020073549063729733,-0.020229802340177228,0.0001562532764474954
libero_goal/7,3700835,0,oracle_real_utility,1,-0.020995843547072207,-0.02104029294236782,4.4449395295614175e-05
libero_goal/7,3700835,0,oracle_real_utility,2,-0.018918656669022878,-0.018909623349541178,9.03331948170008e-06
libero_goal/7,3700835,0,oracle_real_utility,4,-0.017270371357047048,-0.017205975899634282,6.439545741276573e-05
libero_goal/7,3700835,0,oracle_real_utility,8,-0.0161645669116,-0.016165194433108862,6.275215088634434e-07
libero_goal/7,3710842,1,learned_wam,1,-0.02691979484398907,-0.02712981603425062,0.00021002119026155078
libero_goal/7,3710842,1,learned_wam,2,-0.025120507015462912,-0.024956791047349977,0.00016371596811293535
libero_goal/7,3710842,1,learned_wam,4,-0.02292152444861515,-0.022973357803270224,5.18333546550738e-05
libero_goal/7,3710842,1,learned_wam,8,-0.02116034014739754,-0.02122600554515179,6.566539775425262e-05
libero_goal/7,3710842,1,learned_physics_score,1,-0.02691979484398907,-0.02712981603425062,0.00021002119026155078
libero_goal/7,3710842,1,learned_physics_score,2,-0.025120507015462912,-0.024956791047349977,0.00016371596811293535
libero_goal/7,3710842,1,learned_physics_score,4,-0.02292152444861515,-0.022973357803270224,5.18333546550738e-05
libero_goal/7,3710842,1,learned_physics_score,8,-0.02116034014739754,-0.02122600554515179,6.566539775425262e-05
libero_goal/7,3710842,1,learned_energy_regularized,1,-0.02691979484398907,-0.02712981603425062,0.00021002119026155078
libero_goal/7,3710842,1,learned_energy_regularized,2,-0.025412185025199294,-0.025330138899812546,8.204612538674841e-05
libero_goal/7,3710842,1,learned_energy_regularized,4,-0.023363598932121858,-0.023424486458329164,6.088752620730595e-05
libero_goal/7,3710842,1,learned_energy_regularized,8,-0.021308387788928504,-0.0213971233108638,8.873552193529657e-05
libero_goal/7,3710842,1,oracle_real_utility,1,-0.026919794843989066,-0.02712981603425062,0.00021002119026155425
libero_goal/7,3710842,1,oracle_real_utility,2,-0.024012564887383125,-0.024003572036890304,8.992850492821336e-06
libero_goal/7,3710842,1,oracle_real_utility,4,-0.021864952883353446,-0.021885260279133848,2.0307395780402165e-05
libero_goal/7,3710842,1,oracle_real_utility,8,-0.02067406367545837,-0.02072603602399516,5.197234853679053e-05
libero_goal/8,3800838,0,learned_wam,1,-0.039754310590061334,-0.03974693993688184,7.3706531794962005e-06
libero_goal/8,3800838,0,learned_wam,2,-0.035123548618315736,-0.03511629904712625,7.2495711894854376e-06
libero_goal/8,3800838,0,learned_wam,4,-0.03154296996200137,-0.03176178774531413,0.00021881778331275803
libero_goal/8,3800838,0,learned_wam,8,-0.029317744281417753,-0.029195685031682246,0.00012205924973550733
libero_goal/8,3800838,0,learned_physics_score,1,-0.039754310590061334,-0.03974693993688184,7.3706531794962005e-06
libero_goal/8,3800838,0,learned_physics_score,2,-0.035123548618315736,-0.03511629904712625,7.2495711894854376e-06
libero_goal/8,3800838,0,learned_physics_score,4,-0.03154296996200137,-0.03176178774531413,0.00021881778331275803
libero_goal/8,3800838,0,learned_physics_score,8,-0.029317744281417753,-0.029195685031682246,0.00012205924973550733
libero_goal/8,3800838,0,learned_energy_regularized,1,-0.039754310590061334,-0.03974693993688184,7.3706531794962005e-06
libero_goal/8,3800838,0,learned_energy_regularized,2,-0.035123548618315736,-0.03511629904712625,7.2495711894854376e-06
libero_goal/8,3800838,0,learned_energy_regularized,4,-0.03154296996200137,-0.03176178774531413,0.00021881778331275803
libero_goal/8,3800838,0,learned_energy_regularized,8,-0.029317744281417753,-0.029195685031682246,0.00012205924973550733
libero_goal/8,3800838,0,oracle_real_utility,1,-0.039754310590061334,-0.03974693993688184,7.3706531794962005e-06
libero_goal/8,3800838,0,oracle_real_utility,2,-0.03504398890629307,-0.03501870580037846,2.528310591461136e-05
libero_goal/8,3800838,0,oracle_real_utility,4,-0.03153426811849889,-0.031757544560672916,0.00022327644217402798
libero_goal/8,3800838,0,oracle_real_utility,8,-0.029317705737398333,-0.029195685031682246,0.00012202070571608672
libero_goal/8,3810845,1,learned_wam,1,-0.042996658340464476,-0.0428264905786234,0.00017016776184107518
libero_goal/8,3810845,1,learned_wam,2,-0.039535721322851165,-0.03997733855313914,0.0004416172302879745
libero_goal/8,3810845,1,learned_wam,4,-0.03750140197720567,-0.037532642944543004,3.1240967337337056e-05
libero_goal/8,3810845,1,learned_wam,8,-0.03716150073841065,-0.03717659684176838,1.5096103357731261e-05
libero_goal/8,3810845,1,learned_physics_score,1,-0.042996658340464476,-0.0428264905786234,0.00017016776184107518
libero_goal/8,3810845,1,learned_physics_score,2,-0.039535721322851165,-0.03997733855313914,0.0004416172302879745
libero_goal/8,3810845,1,learned_physics_score,4,-0.03750140197720567,-0.037532642944543004,3.1240967337337056e-05
libero_goal/8,3810845,1,learned_physics_score,8,-0.03716150073841065,-0.03717659684176838,1.5096103357731261e-05
libero_goal/8,3810845,1,learned_energy_regularized,1,-0.042996658340464476,-0.0428264905786234,0.00017016776184107518
libero_goal/8,3810845,1,learned_energy_regularized,2,-0.0396544234657042,-0.04009268209149011,0.00043825862578591307
libero_goal/8,3810845,1,learned_energy_regularized,4,-0.037829237176971245,-0.037895043171024094,6.580599405284909e-05
libero_goal/8,3810845,1,learned_energy_regularized,8,-0.03754163071038147,-0.03753421614894268,7.414561438788547e-06
libero_goal/8,3810845,1,oracle_real_utility,1,-0.042996658340464476,-0.0428264905786234,0.00017016776184107518
libero_goal/8,3810845,1,oracle_real_utility,2,-0.03938038881923448,-0.039850284493366764,0.00046989567413228267
libero_goal/8,3810845,1,oracle_real_utility,4,-0.037068345573969055,-0.03714572462871337,7.737905474431567e-05
libero_goal/8,3810845,1,oracle_real_utility,8,-0.03620420440073476,-0.03620425472572264,5.032498787832518e-08
libero_goal/9,3900841,0,learned_wam,1,-0.0429465906084023,-0.042914005941706385,3.258466669591592e-05
libero_goal/9,3900841,0,learned_wam,2,-0.03779507765791035,-0.03807470054601074,0.00027962288810039204
libero_goal/9,3900841,0,learned_wam,4,-0.03461458283035121,-0.034736246423841474,0.0001216635934902649
libero_goal/9,3900841,0,learned_wam,8,-0.03281891974089611,-0.032810570572329036,8.349168567074738e-06
libero_goal/9,3900841,0,learned_physics_score,1,-0.0429465906084023,-0.042914005941706385,3.258466669591592e-05
libero_goal/9,3900841,0,learned_physics_score,2,-0.03779507765791035,-0.03807470054601074,0.00027962288810039204
libero_goal/9,3900841,0,learned_physics_score,4,-0.03461458283035121,-0.034736246423841474,0.0001216635934902649
libero_goal/9,3900841,0,learned_physics_score,8,-0.03281891974089611,-0.032810570572329036,8.349168567074738e-06
libero_goal/9,3900841,0,learned_energy_regularized,1,-0.0429465906084023,-0.042914005941706385,3.258466669591592e-05
libero_goal/9,3900841,0,learned_energy_regularized,2,-0.03786591048872337,-0.0381459468974396,0.00028003640871623187
libero_goal/9,3900841,0,learned_energy_regularized,4,-0.03464472823757271,-0.034764446362721246,0.00011971812514853519
libero_goal/9,3900841,0,learned_energy_regularized,8,-0.03283725091494645,-0.03282596716905054,1.128374589590836e-05
libero_goal/9,3900841,0,oracle_real_utility,1,-0.0429465906084023,-0.042914005941706385,3.258466669591592e-05
libero_goal/9,3900841,0,oracle_real_utility,2,-0.03779507765791035,-0.03807470054601074,0.00027962288810039204
libero_goal/9,3900841,0,oracle_real_utility,4,-0.03461458283035121,-0.034736246423841474,0.0001216635934902649
libero_goal/9,3900841,0,oracle_real_utility,8,-0.03281891974089611,-0.032810570572329036,8.349168567074738e-06
libero_goal/9,3910848,1,learned_wam,1,-0.045443965042904384,-0.045761867398983046,0.00031790235607866146
libero_goal/9,3910848,1,learned_wam,2,-0.04133570000425996,-0.04113991728280461,0.0001957827214553523
libero_goal/9,3910848,1,learned_wam,4,-0.03835183716960887,-0.038326232630782935,2.5604538825933776e-05
libero_goal/9,3910848,1,learned_wam,8,-0.037003759388634413,-0.037075922505438376,7.216311680396242e-05
libero_goal/9,3910848,1,learned_physics_score,1,-0.045443965042904384,-0.045761867398983046,0.00031790235607866146
libero_goal/9,3910848,1,learned_physics_score,2,-0.04133570000425996,-0.04113991728280461,0.0001957827214553523
libero_goal/9,3910848,1,learned_physics_score,4,-0.03835183716960887,-0.038326232630782935,2.5604538825933776e-05
libero_goal/9,3910848,1,learned_physics_score,8,-0.037003759388634413,-0.037075922505438376,7.216311680396242e-05
libero_goal/9,3910848,1,learned_energy_regularized,1,-0.045443965042904384,-0.045761867398983046,0.00031790235607866146
libero_goal/9,3910848,1,learned_energy_regularized,2,-0.041204393377030545,-0.04100685990054546,0.00019753347648508723
libero_goal/9,3910848,1,learned_energy_regularized,4,-0.03820522142984478,-0.03819435577129471,1.0865658550074375e-05
libero_goal/9,3910848,1,learned_energy_regularized,8,-0.0367039607723892,-0.03676260046441454,5.863969202533903e-05
libero_goal/9,3910848,1,oracle_real_utility,1,-0.045443965042904384,-0.045761867398983046,0.00031790235607866146
libero_goal/9,3910848,1,oracle_real_utility,2,-0.041204393377030545,-0.04100685990054546,0.00019753347648508723
libero_goal/9,3910848,1,oracle_real_utility,4,-0.03820522142984478,-0.03819435577129471,1.0865658550074375e-05
libero_goal/9,3910848,1,oracle_real_utility,8,-0.0367039607723892,-0.03676260046441454,5.863969202533903e-05
libero_10/0,4000844,0,learned_wam,1,-0.007878243414160092,-0.007812306765761099,6.593664839899243e-05
libero_10/0,4000844,0,learned_wam,2,-0.005879663809130246,-0.005594357593358501,0.000285306215771745
libero_10/0,4000844,0,learned_wam,4,-0.005263655567348997,-0.005358089137350073,9.443357000107639e-05
libero_10/0,4000844,0,learned_wam,8,-0.005998343145497388,-0.0059728710986003495,2.5472046897038678e-05
libero_10/0,4000844,0,learned_physics_score,1,-0.007878243414160092,-0.007812306765761099,6.593664839899243e-05
libero_10/0,4000844,0,learned_physics_score,2,-0.005879663809130246,-0.005594357593358501,0.000285306215771745
libero_10/0,4000844,0,learned_physics_score,4,-0.005263655567348997,-0.005358089137350073,9.443357000107639e-05
libero_10/0,4000844,0,learned_physics_score,8,-0.005998343145497388,-0.0059728710986003495,2.5472046897038678e-05
libero_10/0,4000844,0,learned_energy_regularized,1,-0.007878243414160092,-0.007812306765761099,6.593664839899243e-05
libero_10/0,4000844,0,learned_energy_regularized,2,-0.005774782945415141,-0.005423184212693971,0.00035159873272117004
libero_10/0,4000844,0,learned_energy_regularized,4,-0.00476165989866942,-0.004848315615397245,8.665571672782525e-05
libero_10/0,4000844,0,learned_energy_regularized,8,-0.005019884393815854,-0.005074559818983206,5.46754251673524e-05
libero_10/0,4000844,0,oracle_real_utility,1,-0.007878243414160092,-0.007812306765761099,6.593664839899243e-05
libero_10/0,4000844,0,oracle_real_utility,2,-0.005114558930925489,-0.004797922472316429,0.0003166364586090608
libero_10/0,4000844,0,oracle_real_utility,4,-0.002824519011081333,-0.002921235795598812,9.671678451747892e-05
libero_10/0,4000844,0,oracle_real_utility,8,-0.0011443590907264808,-0.0011668237426170017,2.2464651890520982e-05
libero_10/0,4010851,1,learned_wam,1,-0.013793789753390715,-0.01429528868482959,0.0005014989314388752
libero_10/0,4010851,1,learned_wam,2,-0.008223622583531872,-0.008398514190970995,0.00017489160743912324
libero_10/0,4010851,1,learned_wam,4,-0.0043866849933170285,-0.004363342468410416,2.3342524906612948e-05
libero_10/0,4010851,1,learned_wam,8,-0.0025157503982156117,-0.0025270100408170213,1.1259642601409593e-05
libero_10/0,4010851,1,learned_physics_score,1,-0.013793789753390715,-0.01429528868482959,0.0005014989314388752
libero_10/0,4010851,1,learned_physics_score,2,-0.008223622583531872,-0.008398514190970995,0.00017489160743912324
libero_10/0,4010851,1,learned_physics_score,4,-0.0043866849933170285,-0.004363342468410416,2.3342524906612948e-05
libero_10/0,4010851,1,learned_physics_score,8,-0.0025157503982156117,-0.0025270100408170213,1.1259642601409593e-05
libero_10/0,4010851,1,learned_energy_regularized,1,-0.013793789753390715,-0.01429528868482959,0.0005014989314388752
libero_10/0,4010851,1,learned_energy_regularized,2,-0.008049583149668348,-0.008194307921904459,0.00014472477223611072
libero_10/0,4010851,1,learned_energy_regularized,4,-0.003976060704045275,-0.004001340445974285,2.5279741929009995e-05
libero_10/0,4010851,1,learned_energy_regularized,8,-0.0021957793930048896,-0.0022021364309384424,6.357037933552804e-06
libero_10/0,4010851,1,oracle_real_utility,1,-0.013793789753390715,-0.01429528868482959,0.0005014989314388752
libero_10/0,4010851,1,oracle_real_utility,2,-0.008030196645868971,-0.008174662931387756,0.00014446628551878504
libero_10/0,4010851,1,oracle_real_utility,4,-0.0038867010380950247,-0.003912421015214478,2.5719977119453494e-05
libero_10/0,4010851,1,oracle_real_utility,8,-0.0019396324456893797,-0.0019488194479599244,9.187002270544774e-06
libero_10/1,4100847,0,learned_wam,1,-0.023055240216811757,-0.023357488645691708,0.0003022484288799504
libero_10/1,4100847,0,learned_wam,2,-0.01959563768435823,-0.019445983710776316,0.0001496539735819126
libero_10/1,4100847,0,learned_wam,4,-0.015972609652242568,-0.016187319821859572,0.00021471016961700437
libero_10/1,4100847,0,learned_wam,8,-0.012654056419563929,-0.012339447192456308,0.0003146092271076213
libero_10/1,4100847,0,learned_physics_score,1,-0.023055240216811757,-0.023357488645691708,0.0003022484288799504
libero_10/1,4100847,0,learned_physics_score,2,-0.01959563768435823,-0.019445983710776316,0.0001496539735819126
libero_10/1,4100847,0,learned_physics_score,4,-0.015972609652242568,-0.016187319821859572,0.00021471016961700437
libero_10/1,4100847,0,learned_physics_score,8,-0.012654056419563929,-0.012339447192456308,0.0003146092271076213
libero_10/1,4100847,0,learned_energy_regularized,1,-0.023055240216811757,-0.023357488645691708,0.0003022484288799504
libero_10/1,4100847,0,learned_energy_regularized,2,-0.019651781110607038,-0.019474669237010182,0.0001771118735968552
libero_10/1,4100847,0,learned_energy_regularized,4,-0.01592359511538352,-0.016161032034525874,0.0002374369191423531
libero_10/1,4100847,0,learned_energy_regularized,8,-0.012635725984451503,-0.01232875748830869,0.0003069684961428138
libero_10/1,4100847,0,oracle_real_utility,1,-0.023055240216811757,-0.023357488645691708,0.0003022484288799504
libero_10/1,4100847,0,oracle_real_utility,2,-0.019554030071769805,-0.01940160225734867,0.00015242781442113482
libero_10/1,4100847,0,oracle_real_utility,4,-0.015909548114413245,-0.016136281150417774,0.00022673303600452901
libero_10/1,4100847,0,oracle_real_utility,8,-0.012632937553184467,-0.012326132756428012,0.000306804796756455
libero_10/1,4110854,1,learned_wam,1,-0.024768405581827083,-0.02512529869782885,0.0003568931160017677
libero_10/1,4110854,1,learned_wam,2,-0.021710814580968487,-0.022059684731508992,0.0003488701505405048
libero_10/1,4110854,1,learned_wam,4,-0.01988702390548003,-0.019942003593910074,5.497968843004228e-05
libero_10/1,4110854,1,learned_wam,8,-0.019038793758024825,-0.019099716076419703,6.0922318394877883e-05
libero_10/1,4110854,1,learned_physics_score,1,-0.024768405581827083,-0.02512529869782885,0.0003568931160017677
libero_10/1,4110854,1,learned_physics_score,2,-0.021710814580968487,-0.022059684731508992,0.0003488701505405048
libero_10/1,4110854,1,learned_physics_score,4,-0.01988702390548003,-0.019942003593910074,5.497968843004228e-05
libero_10/1,4110854,1,learned_physics_score,8,-0.019038793758024825,-0.019099716076419703,6.0922318394877883e-05
libero_10/1,4110854,1,learned_energy_regularized,1,-0.024768405581827083,-0.02512529869782885,0.0003568931160017677
libero_10/1,4110854,1,learned_energy_regularized,2,-0.021696927904827277,-0.022070259746426756,0.00037333184159947866
libero_10/1,4110854,1,learned_energy_regularized,4,-0.020091881021856328,-0.02011854877056925,2.6667748712922573e-05
libero_10/1,4110854,1,learned_energy_regularized,8,-0.01912106544077241,-0.019300622485773734,0.00017955704500132244
libero_10/1,4110854,1,oracle_real_utility,1,-0.024768405581827083,-0.02512529869782885,0.0003568931160017677
libero_10/1,4110854,1,oracle_real_utility,2,-0.021382785964538707,-0.02174146510138281,0.00035867913684410266
libero_10/1,4110854,1,oracle_real_utility,4,-0.019368567003290538,-0.019419416524647844,5.0849521357306665e-05
libero_10/1,4110854,1,oracle_real_utility,8,-0.018459750389482294,-0.0185420101855323,8.225979605000489e-05
libero_10/2,4200850,0,learned_wam,1,-0.022010656758544227,-0.02195167723068963,5.897952785459751e-05
libero_10/2,4200850,0,learned_wam,2,-0.01842888115945491,-0.01875550555132892,0.00032662439187401
libero_10/2,4200850,0,learned_wam,4,-0.01615320083186192,-0.016109258354844405,4.394247701751397e-05
libero_10/2,4200850,0,learned_wam,8,-0.014215586716779468,-0.014431335135454715,0.00021574841867524723
libero_10/2,4200850,0,learned_physics_score,1,-0.022010656758544227,-0.02195167723068963,5.897952785459751e-05
libero_10/2,4200850,0,learned_physics_score,2,-0.01842888115945491,-0.01875550555132892,0.00032662439187401
libero_10/2,4200850,0,learned_physics_score,4,-0.01615320083186192,-0.016109258354844405,4.394247701751397e-05
libero_10/2,4200850,0,learned_physics_score,8,-0.014215586716779468,-0.014431335135454715,0.00021574841867524723
libero_10/2,4200850,0,learned_energy_regularized,1,-0.02201065675854423,-0.02195167723068963,5.897952785460098e-05
libero_10/2,4200850,0,learned_energy_regularized,2,-0.01847222058920415,-0.018803826926796816,0.0003316063375926673
libero_10/2,4200850,0,learned_energy_regularized,4,-0.016247378524339377,-0.016177973454519778,6.940506981959957e-05
libero_10/2,4200850,0,learned_energy_regularized,8,-0.014287771526067135,-0.014498299948320087,0.0002105284222529511
libero_10/2,4200850,0,oracle_real_utility,1,-0.022010656758544227,-0.02195167723068963,5.897952785459751e-05
libero_10/2,4200850,0,oracle_real_utility,2,-0.01842888115945491,-0.01875550555132892,0.00032662439187401
libero_10/2,4200850,0,oracle_real_utility,4,-0.01615320083186192,-0.016109258354844405,4.394247701751397e-05
libero_10/2,4200850,0,oracle_real_utility,8,-0.014215586716779468,-0.014431335135454715,0.00021574841867524723
libero_10/2,4210857,1,learned_wam,1,-0.0238595639751675,-0.023484128647150156,0.0003754353280173428
libero_10/2,4210857,1,learned_wam,2,-0.020683379376061697,-0.020684343212819856,9.63836758158948e-07
libero_10/2,4210857,1,learned_wam,4,-0.01776600825742004,-0.017949395723605873,0.00018338746618583313
libero_10/2,4210857,1,learned_wam,8,-0.015954582737246835,-0.01582551229383001,0.00012907044341682605
libero_10/2,4210857,1,learned_physics_score,1,-0.0238595639751675,-0.023484128647150156,0.0003754353280173428
libero_10/2,4210857,1,learned_physics_score,2,-0.020683379376061697,-0.020684343212819856,9.63836758158948e-07
libero_10/2,4210857,1,learned_physics_score,4,-0.01776600825742004,-0.017949395723605873,0.00018338746618583313
libero_10/2,4210857,1,learned_physics_score,8,-0.015954582737246835,-0.01582551229383001,0.00012907044341682605
libero_10/2,4210857,1,learned_energy_regularized,1,-0.0238595639751675,-0.023484128647150156,0.0003754353280173428
libero_10/2,4210857,1,learned_energy_regularized,2,-0.02062251060965492,-0.020631215495888342,8.704886233421721e-06
libero_10/2,4210857,1,learned_energy_regularized,4,-0.017743125144960327,-0.017927349309631763,0.0001842241646714364
libero_10/2,4210857,1,learned_energy_regularized,8,-0.015953915474885772,-0.01582551229383001,0.0001284031810557633
libero_10/2,4210857,1,oracle_real_utility,1,-0.0238595639751675,-0.023484128647150156,0.0003754353280173428
libero_10/2,4210857,1,oracle_real_utility,2,-0.02062251060965492,-0.020631215495888342,8.704886233421721e-06
libero_10/2,4210857,1,oracle_real_utility,4,-0.017743125144960327,-0.017927349309631763,0.0001842241646714364
libero_10/2,4210857,1,oracle_real_utility,8,-0.015953915474885772,-0.01582551229383001,0.0001284031810557633
libero_10/3,4300853,0,learned_wam,1,-0.03638575952903385,-0.036439012156958585,5.325262792473667e-05
libero_10/3,4300853,0,learned_wam,2,-0.03421583192453492,-0.034330908771682676,0.0001150768471477534
libero_10/3,4300853,0,learned_wam,4,-0.03210500022850475,-0.032086726671180336,1.827355732441499e-05
libero_10/3,4300853,0,learned_wam,8,-0.030209671803825583,-0.02983586134993362,0.0003738104538919644
libero_10/3,4300853,0,learned_physics_score,1,-0.03638575952903385,-0.036439012156958585,5.325262792473667e-05
libero_10/3,4300853,0,learned_physics_score,2,-0.03421583192453492,-0.034330908771682676,0.0001150768471477534
libero_10/3,4300853,0,learned_physics_score,4,-0.03210500022850475,-0.032086726671180336,1.827355732441499e-05
libero_10/3,4300853,0,learned_physics_score,8,-0.030209671803825583,-0.02983586134993362,0.0003738104538919644
libero_10/3,4300853,0,learned_energy_regularized,1,-0.03638575952903385,-0.036439012156958585,5.325262792473667e-05
libero_10/3,4300853,0,learned_energy_regularized,2,-0.0342449961270327,-0.034366683526746614,0.00012168739971391701
libero_10/3,4300853,0,learned_energy_regularized,4,-0.032149202222915445,-0.0321256122745107,2.358994840474804e-05
libero_10/3,4300853,0,learned_energy_regularized,8,-0.03022447474149246,-0.029845193894732915,0.00037928084675954363
libero_10/3,4300853,0,oracle_real_utility,1,-0.036385759529033855,-0.036439012156958585,5.3252627924729734e-05
libero_10/3,4300853,0,oracle_real_utility,2,-0.03404686847676809,-0.034186247085309075,0.000139378608540984
libero_10/3,4300853,0,oracle_real_utility,4,-0.031710063441422805,-0.03173883267701455,2.8769235591745435e-05
libero_10/3,4300853,0,oracle_real_utility,8,-0.02962421499909747,-0.029344651092421903,0.000279563906675568
libero_10/3,4310860,1,learned_wam,1,-0.036039307319799714,-0.036031937572120365,7.3697476793491146e-06
libero_10/3,4310860,1,learned_wam,2,-0.03314557402859766,-0.0330993954681672,4.617856043045987e-05
libero_10/3,4310860,1,learned_wam,4,-0.031144581471571488,-0.03125263556044849,0.0001080540888769993
libero_10/3,4310860,1,learned_wam,8,-0.030438104804411368,-0.030444010251616145,5.9054472047771756e-06
libero_10/3,4310860,1,learned_physics_score,1,-0.036039307319799714,-0.036031937572120365,7.3697476793491146e-06
libero_10/3,4310860,1,learned_physics_score,2,-0.03314557402859766,-0.0330993954681672,4.617856043045987e-05
libero_10/3,4310860,1,learned_physics_score,4,-0.031144581471571488,-0.03125263556044849,0.0001080540888769993
libero_10/3,4310860,1,learned_physics_score,8,-0.030438104804411368,-0.030444010251616145,5.9054472047771756e-06
libero_10/3,4310860,1,learned_energy_regularized,1,-0.03603930731979971,-0.036031937572120365,7.369747679342176e-06
libero_10/3,4310860,1,learned_energy_regularized,2,-0.03321142303612801,-0.03314542156066656,6.600147546144408e-05
libero_10/3,4310860,1,learned_energy_regularized,4,-0.03113564207373498,-0.03124053827221224,0.00010489619847725909
libero_10/3,4310860,1,learned_energy_regularized,8,-0.03041643341644587,-0.03042681973046598,1.0386314020109644e-05
libero_10/3,4310860,1,oracle_real_utility,1,-0.036039307319799714,-0.036031937572120365,7.3697476793491146e-06
libero_10/3,4310860,1,oracle_real_utility,2,-0.03299082094812594,-0.03292928989135797,6.153105676797582e-05
libero_10/3,4310860,1,oracle_real_utility,4,-0.03072619051813359,-0.030810468423814488,8.427790568089899e-05
libero_10/3,4310860,1,oracle_real_utility,8,-0.029316733273780496,-0.029253381303111125,6.335197066937096e-05
libero_10/4,4400856,0,learned_wam,1,-0.04121672532340665,-0.04111937686716032,9.734845624632948e-05
libero_10/4,4400856,0,learned_wam,2,-0.03651886294800624,-0.03652560235784752,6.739409841277633e-06
libero_10/4,4400856,0,learned_wam,4,-0.03374927381635051,-0.03359930028256186,0.00014997353378864986
libero_10/4,4400856,0,learned_wam,8,-0.03215679426494675,-0.0322766463756068,0.00011985211066005419
libero_10/4,4400856,0,learned_physics_score,1,-0.04121672532340665,-0.04111937686716032,9.734845624632948e-05
libero_10/4,4400856,0,learned_physics_score,2,-0.03651886294800624,-0.03652560235784752,6.739409841277633e-06
libero_10/4,4400856,0,learned_physics_score,4,-0.03374927381635051,-0.03359930028256186,0.00014997353378864986
libero_10/4,4400856,0,learned_physics_score,8,-0.03215679426494675,-0.0322766463756068,0.00011985211066005419
libero_10/4,4400856,0,learned_energy_regularized,1,-0.04121672532340665,-0.04111937686716032,9.734845624632948e-05
libero_10/4,4400856,0,learned_energy_regularized,2,-0.03652377796045509,-0.036530058635801145,6.280675346054254e-06
libero_10/4,4400856,0,learned_energy_regularized,4,-0.0337567231320933,-0.03360585363249366,0.00015086949959963736
libero_10/4,4400856,0,learned_energy_regularized,8,-0.032159288988501,-0.03227900558158224,0.00011971659308124272
libero_10/4,4400856,0,oracle_real_utility,1,-0.04121672532340665,-0.04111937686716032,9.734845624632948e-05
libero_10/4,4400856,0,oracle_real_utility,2,-0.036510195816389326,-0.036517143819447956,6.948003058629415e-06
libero_10/4,4400856,0,oracle_real_utility,4,-0.03373040772796587,-0.03358289753841585,0.00014751018955002498
libero_10/4,4400856,0,oracle_real_utility,8,-0.032143356662646505,-0.0322601096541694,0.00011675299152289625
libero_10/4,4410863,1,learned_wam,1,-0.03745539550614309,-0.037497409890102834,4.201438395974588e-05
libero_10/4,4410863,1,learned_wam,2,-0.03470870086397842,-0.03449478536249766,0.00021391550148076172
libero_10/4,4410863,1,learned_wam,4,-0.03251782938534722,-0.032362969355370134,0.00015486002997708304
libero_10/4,4410863,1,learned_wam,8,-0.030618492732621135,-0.030572748758009805,4.574397461133001e-05
libero_10/4,4410863,1,learned_physics_score,1,-0.03745539550614309,-0.037497409890102834,4.201438395974588e-05
libero_10/4,4410863,1,learned_physics_score,2,-0.03470870086397842,-0.03449478536249766,0.00021391550148076172
libero_10/4,4410863,1,learned_physics_score,4,-0.03251782938534722,-0.032362969355370134,0.00015486002997708304
libero_10/4,4410863,1,learned_physics_score,8,-0.030618492732621135,-0.030572748758009805,4.574397461133001e-05
libero_10/4,4410863,1,learned_energy_regularized,1,-0.03745539550614309,-0.037497409890102834,4.201438395974588e-05
libero_10/4,4410863,1,learned_energy_regularized,2,-0.03491887918680582,-0.034687593281634566,0.00023128590517125514
libero_10/4,4410863,1,learned_energy_regularized,4,-0.032750144701633024,-0.03263299688957975,0.00011714781205327679
libero_10/4,4410863,1,learned_energy_regularized,8,-0.03071569717395644,-0.030679548736179084,3.614843777735577e-05
libero_10/4,4410863,1,oracle_real_utility,1,-0.03745539550614309,-0.037497409890102834,4.201438395974588e-05
libero_10/4,4410863,1,oracle_real_utility,2,-0.03449556634918923,-0.03426697587941566,0.000228590469773568
libero_10/4,4410863,1,oracle_real_utility,4,-0.03226556475011605,-0.03215738119547728,0.00010818355463877022
libero_10/4,4410863,1,oracle_real_utility,8,-0.030533510140504774,-0.03048886278863276,4.464735187201599e-05
libero_10/5,4500859,0,learned_wam,1,-0.041162811422549364,-0.041045493025229085,0.00011731839732027904
libero_10/5,4500859,0,learned_wam,2,-0.0372096856024115,-0.03789599225513359,0.0006863066527220893
libero_10/5,4500859,0,learned_wam,4,-0.033108309767014704,-0.03300305470227225,0.000105255064742453
libero_10/5,4500859,0,learned_wam,8,-0.029504473185221015,-0.02944154268109073,6.293050413028536e-05
libero_10/5,4500859,0,learned_physics_score,1,-0.041162811422549364,-0.041045493025229085,0.00011731839732027904
libero_10/5,4500859,0,learned_physics_score,2,-0.0372096856024115,-0.03789599225513359,0.0006863066527220893
libero_10/5,4500859,0,learned_physics_score,4,-0.033108309767014704,-0.03300305470227225,0.000105255064742453
libero_10/5,4500859,0,learned_physics_score,8,-0.029504473185221015,-0.02944154268109073,6.293050413028536e-05
libero_10/5,4500859,0,learned_energy_regularized,1,-0.04116281142254937,-0.041045493025229085,0.00011731839732028598
libero_10/5,4500859,0,learned_energy_regularized,2,-0.03730570110264939,-0.03790669105762241,0.0006009899549730205
libero_10/5,4500859,0,learned_energy_regularized,4,-0.033835311593088724,-0.03363328260741836,0.0002020289856703647
libero_10/5,4500859,0,learned_energy_regularized,8,-0.03084647091804848,-0.030913232907082224,6.676198903374578e-05
libero_10/5,4500859,0,oracle_real_utility,1,-0.041162811422549364,-0.041045493025229085,0.00011731839732027904
libero_10/5,4500859,0,oracle_real_utility,2,-0.03685617324273899,-0.03753024667371967,0.000674073430980679
libero_10/5,4500859,0,oracle_real_utility,4,-0.032782175886659055,-0.03262675720037692,0.00015541868628213273
libero_10/5,4500859,0,oracle_real_utility,8,-0.029350782565417916,-0.029321236458919025,2.954610649889139e-05
libero_10/5,4510866,1,learned_wam,1,-0.04291340642097528,-0.0427976265412892,0.00011577987968607734
libero_10/5,4510866,1,learned_wam,2,-0.0392799232829532,-0.039042026828898464,0.00023789645405473264
libero_10/5,4510866,1,learned_wam,4,-0.036102037945924564,-0.036421140644429265,0.0003191026985047002
libero_10/5,4510866,1,learned_wam,8,-0.03384384374556983,-0.033862711139782294,1.8867394212467026e-05
libero_10/5,4510866,1,learned_physics_score,1,-0.04291340642097528,-0.0427976265412892,0.00011577987968607734
libero_10/5,4510866,1,learned_physics_score,2,-0.0392799232829532,-0.039042026828898464,0.00023789645405473264
libero_10/5,4510866,1,learned_physics_score,4,-0.036102037945924564,-0.036421140644429265,0.0003191026985047002
libero_10/5,4510866,1,learned_physics_score,8,-0.03384384374556983,-0.033862711139782294,1.8867394212467026e-05
libero_10/5,4510866,1,learned_energy_regularized,1,-0.042913406420975284,-0.0427976265412892,0.00011577987968608427
libero_10/5,4510866,1,learned_energy_regularized,2,-0.03911368807229372,-0.03888383681284323,0.000229851259450492
libero_10/5,4510866,1,learned_energy_regularized,4,-0.035936234419592455,-0.03624664573727869,0.000310411317686235
libero_10/5,4510866,1,learned_energy_regularized,8,-0.033790531513491776,-0.03381792166796889,2.7390154477113793e-05
libero_10/5,4510866,1,oracle_real_utility,1,-0.042913406420975284,-0.0427976265412892,0.00011577987968608427
libero_10/5,4510866,1,oracle_real_utility,2,-0.03908575372020778,-0.03885255033850697,0.00023320338170081112
libero_10/5,4510866,1,oracle_real_utility,4,-0.03584151950705105,-0.03616917446749368,0.0003276549604426318
libero_10/5,4510866,1,oracle_real_utility,8,-0.033641548764131494,-0.03366595879262135,2.4410028489858793e-05
libero_10/6,4600862,0,learned_wam,1,-0.03797249366495552,-0.03799517761512788,2.2683950172359968e-05
libero_10/6,4600862,0,learned_wam,2,-0.0350287168271059,-0.034426163848504124,0.0006025529786017753
libero_10/6,4600862,0,learned_wam,4,-0.03195254719936458,-0.031965658239872914,1.3111040508335947e-05
libero_10/6,4600862,0,learned_wam,8,-0.029216830761692417,-0.02935517256735353,0.00013834180566111437
libero_10/6,4600862,0,learned_physics_score,1,-0.03797249366495552,-0.03799517761512788,2.2683950172359968e-05
libero_10/6,4600862,0,learned_physics_score,2,-0.0350287168271059,-0.034426163848504124,0.0006025529786017753
libero_10/6,4600862,0,learned_physics_score,4,-0.03195254719936458,-0.031965658239872914,1.3111040508335947e-05
libero_10/6,4600862,0,learned_physics_score,8,-0.029216830761692417,-0.02935517256735353,0.00013834180566111437
libero_10/6,4600862,0,learned_energy_regularized,1,-0.03797249366495552,-0.03799517761512788,2.2683950172359968e-05
libero_10/6,4600862,0,learned_energy_regularized,2,-0.03537950223151349,-0.0347860426810173,0.0005934595504961879
libero_10/6,4600862,0,learned_energy_regularized,4,-0.032040243550466474,-0.03205842105912999,1.817750866351525e-05
libero_10/6,4600862,0,learned_energy_regularized,8,-0.029218939670526287,-0.02935517256735353,0.00013623289682724443
libero_10/6,4600862,0,oracle_real_utility,1,-0.03797249366495552,-0.03799517761512788,2.2683950172359968e-05
libero_10/6,4600862,0,oracle_real_utility,2,-0.0348529062576131,-0.034280793134048464,0.0005721131235646368
libero_10/6,4600862,0,oracle_real_utility,4,-0.03174377214809188,-0.03171276283586948,3.100931222239922e-05
libero_10/6,4600862,0,oracle_real_utility,8,-0.02916338151568145,-0.029280177046207403,0.00011679553052595243
libero_10/6,4610869,1,learned_wam,1,-0.03900629214558627,-0.03889500550852106,0.00011128663706520825
libero_10/6,4610869,1,learned_wam,2,-0.03617498071716668,-0.03597160000849202,0.00020338070867466362
libero_10/6,4610869,1,learned_wam,4,-0.03298383637216666,-0.03293391959327484,4.991677889182311e-05
libero_10/6,4610869,1,learned_wam,8,-0.030299945884361475,-0.030226766461387403,7.317942297407204e-05
libero_10/6,4610869,1,learned_physics_score,1,-0.03900629214558627,-0.03889500550852106,0.00011128663706520825
libero_10/6,4610869,1,learned_physics_score,2,-0.03617498071716668,-0.03597160000849202,0.00020338070867466362
libero_10/6,4610869,1,learned_physics_score,4,-0.03298383637216666,-0.03293391959327484,4.991677889182311e-05
libero_10/6,4610869,1,learned_physics_score,8,-0.030299945884361475,-0.030226766461387403,7.317942297407204e-05
libero_10/6,4610869,1,learned_energy_regularized,1,-0.03900629214558627,-0.03889500550852106,0.00011128663706520825
libero_10/6,4610869,1,learned_energy_regularized,2,-0.036536335522424114,-0.03627593017219949,0.00026040535022462535
libero_10/6,4610869,1,learned_energy_regularized,4,-0.0333636471940737,-0.03333563036374768,2.801683032601504e-05
libero_10/6,4610869,1,learned_energy_regularized,8,-0.030394659882810482,-0.030345148651282492,4.9511231527989835e-05
libero_10/6,4610869,1,oracle_real_utility,1,-0.03900629214558627,-0.03889500550852106,0.00011128663706520825
libero_10/6,4610869,1,oracle_real_utility,2,-0.03609940696754436,-0.03589904920885458,0.0002003577586897759
libero_10/6,4610869,1,oracle_real_utility,4,-0.03297197230636143,-0.03292108213331734,5.0890173044090825e-05
libero_10/6,4610869,1,oracle_real_utility,8,-0.030299767838766554,-0.030226766461387403,7.300137737915185e-05
libero_10/7,4700865,0,learned_wam,1,-0.013189663601694004,-0.013315982107148419,0.0001263185054544147
libero_10/7,4700865,0,learned_wam,2,-0.010955289593291458,-0.010811944471323992,0.00014334512196746522
libero_10/7,4700865,0,learned_wam,4,-0.008398401294587712,-0.008262646333171872,0.00013575496141583938
libero_10/7,4700865,0,learned_wam,8,-0.005567561153178609,-0.0056479170621212375,8.035590894262847e-05
libero_10/7,4700865,0,learned_physics_score,1,-0.013189663601694004,-0.013315982107148419,0.0001263185054544147
libero_10/7,4700865,0,learned_physics_score,2,-0.010955289593291458,-0.010811944471323992,0.00014334512196746522
libero_10/7,4700865,0,learned_physics_score,4,-0.008398401294587712,-0.008262646333171872,0.00013575496141583938
libero_10/7,4700865,0,learned_physics_score,8,-0.005567561153178609,-0.0056479170621212375,8.035590894262847e-05
libero_10/7,4700865,0,learned_energy_regularized,1,-0.013189663601694004,-0.013315982107148419,0.0001263185054544147
libero_10/7,4700865,0,learned_energy_regularized,2,-0.011071317391880876,-0.01094368005709564,0.00012763733478523588
libero_10/7,4700865,0,learned_energy_regularized,4,-0.00859387599863749,-0.008509527439521939,8.434855911555045e-05
libero_10/7,4700865,0,learned_energy_regularized,8,-0.005638625168969088,-0.005739714574559587,0.00010108940559049907
libero_10/7,4700865,0,oracle_real_utility,1,-0.013189663601694004,-0.013315982107148419,0.0001263185054544147
libero_10/7,4700865,0,oracle_real_utility,2,-0.010592434548391778,-0.010410859739162993,0.000181574809228785
libero_10/7,4700865,0,oracle_real_utility,4,-0.007790984238802012,-0.0076106665281367334,0.0001803177106652785
libero_10/7,4700865,0,oracle_real_utility,8,-0.005183841659298621,-0.0053507780559766014,0.00016693639667798073
libero_10/7,4710872,1,learned_wam,1,-0.01459939451384181,-0.015169259164384977,0.0005698646505431677
libero_10/7,4710872,1,learned_wam,2,-0.010810869808763852,-0.011069995743318902,0.00025912593455505034
libero_10/7,4710872,1,learned_wam,4,-0.00856765889996497,-0.008513917154574027,5.3741745390942924e-05
libero_10/7,4710872,1,learned_wam,8,-0.0077550571461959174,-0.007721173698996747,3.388344719917023e-05
libero_10/7,4710872,1,learned_physics_score,1,-0.01459939451384181,-0.015169259164384977,0.0005698646505431677
libero_10/7,4710872,1,learned_physics_score,2,-0.010810869808763852,-0.011069995743318902,0.00025912593455505034
libero_10/7,4710872,1,learned_physics_score,4,-0.00856765889996497,-0.008513917154574027,5.3741745390942924e-05
libero_10/7,4710872,1,learned_physics_score,8,-0.0077550571461959174,-0.007721173698996747,3.388344719917023e-05
libero_10/7,4710872,1,learned_energy_regularized,1,-0.01459939451384181,-0.015169259164384977,0.0005698646505431677
libero_10/7,4710872,1,learned_energy_regularized,2,-0.010718143284692245,-0.010976032865593007,0.00025788958090076225
libero_10/7,4710872,1,learned_energy_regularized,4,-0.008427120261918941,-0.008385336374528067,4.178388739087442e-05
libero_10/7,4710872,1,learned_energy_regularized,8,-0.007707991742778728,-0.007681610382059528,2.638136071919997e-05
libero_10/7,4710872,1,oracle_real_utility,1,-0.01459939451384181,-0.015169259164384977,0.0005698646505431677
libero_10/7,4710872,1,oracle_real_utility,2,-0.010645706988626765,-0.010898767483123161,0.00025306049449639635
libero_10/7,4710872,1,oracle_real_utility,4,-0.00809323420974212,-0.00801446253867281,7.877167106931128e-05
libero_10/7,4710872,1,oracle_real_utility,8,-0.00675091684655056,-0.0067389727159274165,1.1944130623143222e-05
libero_10/8,4800868,0,learned_wam,1,-0.02506012110698634,-0.025222105444424926,0.00016198433743858445
libero_10/8,4800868,0,learned_wam,2,-0.021542027698309898,-0.021726516768892,0.00018448907058210215
libero_10/8,4800868,0,learned_wam,4,-0.019731087364910357,-0.01975854226919552,2.7454904285163784e-05
libero_10/8,4800868,0,learned_wam,8,-0.01866107683687021,-0.018701407591921192,4.033075505098169e-05
libero_10/8,4800868,0,learned_physics_score,1,-0.02506012110698634,-0.025222105444424926,0.00016198433743858445
libero_10/8,4800868,0,learned_physics_score,2,-0.021542027698309898,-0.021726516768892,0.00018448907058210215
libero_10/8,4800868,0,learned_physics_score,4,-0.019731087364910357,-0.01975854226919552,2.7454904285163784e-05
libero_10/8,4800868,0,learned_physics_score,8,-0.01866107683687021,-0.018701407591921192,4.033075505098169e-05
libero_10/8,4800868,0,learned_energy_regularized,1,-0.025060121106986345,-0.025222105444424926,0.00016198433743858098
libero_10/8,4800868,0,learned_energy_regularized,2,-0.021364744596076873,-0.021530822545443896,0.00016607794936702308
libero_10/8,4800868,0,learned_energy_regularized,4,-0.019693361547308996,-0.019556772855313702,0.0001365886919952944
libero_10/8,4800868,0,learned_energy_regularized,8,-0.019708027412598084,-0.01978939374133402,8.136632873593716e-05
libero_10/8,4800868,0,oracle_real_utility,1,-0.025060121106986345,-0.025222105444424926,0.00016198433743858098
libero_10/8,4800868,0,oracle_real_utility,2,-0.02117944837505911,-0.021335768808829685,0.00015632043377057647
libero_10/8,4800868,0,oracle_real_utility,4,-0.01894451921317038,-0.018868266053153757,7.62531600166233e-05
libero_10/8,4800868,0,oracle_real_utility,8,-0.01794027322217736,-0.017919500686655307,2.077253552205255e-05
libero_10/8,4810875,1,learned_wam,1,-0.024571892575638587,-0.024401824644868415,0.00017006793077017218
libero_10/8,4810875,1,learned_wam,2,-0.021504419970377626,-0.021794249976466028,0.00028983000608840195
libero_10/8,4810875,1,learned_wam,4,-0.018552686166006336,-0.01858183968816826,2.915352216192532e-05
libero_10/8,4810875,1,learned_wam,8,-0.016572008738105513,-0.016287030922782903,0.00028497781532261027
libero_10/8,4810875,1,learned_physics_score,1,-0.024571892575638587,-0.024401824644868415,0.00017006793077017218
libero_10/8,4810875,1,learned_physics_score,2,-0.021504419970377626,-0.021794249976466028,0.00028983000608840195
libero_10/8,4810875,1,learned_physics_score,4,-0.018552686166006336,-0.01858183968816826,2.915352216192532e-05
libero_10/8,4810875,1,learned_physics_score,8,-0.016572008738105513,-0.016287030922782903,0.00028497781532261027
libero_10/8,4810875,1,learned_energy_regularized,1,-0.024571892575638587,-0.024401824644868415,0.00017006793077017218
libero_10/8,4810875,1,learned_energy_regularized,2,-0.021438326998053807,-0.021688501220747915,0.0002501742226941085
libero_10/8,4810875,1,learned_energy_regularized,4,-0.018328589681720884,-0.018335092591492668,6.502909771784193e-06
libero_10/8,4810875,1,learned_energy_regularized,8,-0.01621951397825209,-0.016033233909059433,0.00018628006919265555
libero_10/8,4810875,1,oracle_real_utility,1,-0.024571892575638587,-0.024401824644868415,0.00017006793077017218
libero_10/8,4810875,1,oracle_real_utility,2,-0.02142681591051077,-0.02167642292864451,0.00024960701813373995
libero_10/8,4810875,1,oracle_real_utility,4,-0.018313870370233434,-0.018320798764513663,6.928394280229788e-06
libero_10/8,4810875,1,oracle_real_utility,8,-0.01621465468011711,-0.016029149958494002,0.00018550472162310802
libero_10/9,4900871,0,learned_wam,1,-0.042072341541872366,-0.04196251176053659,0.00010982978133577265
libero_10/9,4900871,0,learned_wam,2,-0.038970749454181004,-0.038825870648150795,0.00014487880603020892
libero_10/9,4900871,0,learned_wam,4,-0.03755229815969867,-0.037447552452856324,0.00010474570684234491
libero_10/9,4900871,0,learned_wam,8,-0.03682658128928276,-0.03683976664382737,1.3185354544607841e-05
libero_10/9,4900871,0,learned_physics_score,1,-0.042072341541872366,-0.04196251176053659,0.00010982978133577265
libero_10/9,4900871,0,learned_physics_score,2,-0.038970749454181004,-0.038825870648150795,0.00014487880603020892
libero_10/9,4900871,0,learned_physics_score,4,-0.03755229815969867,-0.037447552452856324,0.00010474570684234491
libero_10/9,4900871,0,learned_physics_score,8,-0.03682658128928276,-0.03683976664382737,1.3185354544607841e-05
libero_10/9,4900871,0,learned_energy_regularized,1,-0.042072341541872366,-0.04196251176053659,0.00010982978133577265
libero_10/9,4900871,0,learned_energy_regularized,2,-0.03899906192768563,-0.03885569242889297,0.00014336949879266425
libero_10/9,4900871,0,learned_energy_regularized,4,-0.03767383603974525,-0.03758740397335545,8.643206638980078e-05
libero_10/9,4900871,0,learned_energy_regularized,8,-0.037064136643565004,-0.037113616020578576,4.9479377013571246e-05
libero_10/9,4900871,0,oracle_real_utility,1,-0.042072341541872366,-0.04196251176053659,0.00010982978133577265
libero_10/9,4900871,0,oracle_real_utility,2,-0.03876291584336334,-0.03863940460692997,0.00012351123643337264
libero_10/9,4900871,0,oracle_real_utility,4,-0.03712436477473266,-0.03705421636016194,7.014841457071708e-05
libero_10/9,4900871,0,oracle_real_utility,8,-0.036510478262458686,-0.03653316514636495,2.2686883906261612e-05
libero_10/9,4910878,1,learned_wam,1,-0.03629897064958567,-0.03632783796175888,2.8867312173212756e-05
libero_10/9,4910878,1,learned_wam,2,-0.033875796764508755,-0.03360790528803275,0.00026789147647600375
libero_10/9,4910878,1,learned_wam,4,-0.031994103633237514,-0.03206653818042185,7.243454718433573e-05
libero_10/9,4910878,1,learned_wam,8,-0.030873522144046647,-0.030728612521904827,0.00014490962214181932
libero_10/9,4910878,1,learned_physics_score,1,-0.03629897064958567,-0.03632783796175888,2.8867312173212756e-05
libero_10/9,4910878,1,learned_physics_score,2,-0.033875796764508755,-0.03360790528803275,0.00026789147647600375
libero_10/9,4910878,1,learned_physics_score,4,-0.031994103633237514,-0.03206653818042185,7.243454718433573e-05
libero_10/9,4910878,1,learned_physics_score,8,-0.030873522144046647,-0.030728612521904827,0.00014490962214181932
libero_10/9,4910878,1,learned_energy_regularized,1,-0.03629897064958567,-0.03632783796175888,2.8867312173212756e-05
libero_10/9,4910878,1,learned_energy_regularized,2,-0.03391432498563036,-0.033647869073856584,0.0002664559117737733
libero_10/9,4910878,1,learned_energy_regularized,4,-0.03208029109838395,-0.03216563201980832,8.534092142437055e-05
libero_10/9,4910878,1,learned_energy_regularized,8,-0.030885619230217223,-0.03073531275606746,0.00015030647414976395
libero_10/9,4910878,1,oracle_real_utility,1,-0.03629897064958567,-0.03632783796175888,2.8867312173212756e-05
libero_10/9,4910878,1,oracle_real_utility,2,-0.033626900466312434,-0.033388634375430125,0.0002382660908823095
libero_10/9,4910878,1,oracle_real_utility,4,-0.03155589886801777,-0.031654795885829375,9.889701781160692e-05
libero_10/9,4910878,1,oracle_real_utility,8,-0.030313598094716412,-0.03022630972679126,8.728836792515349e-05
